doi,is_relevant,journal,explanation,topic_words,authors,title,abstract
10.5194/acp-26-13387-2026,True,Atmospheric Chemistry and Physics,该论文研究了大气气溶胶中有机碳和过渡金属离子之间的络合作用对二氧化硫转化为硫酸的光化学转化过程的影响。这直接涉及大气环境中的污染物转化和气溶胶化学，与大气环境遥感技术中的空气质量监测和大气成分分析密切相关。,"['organic carbon', 'transition metal ions', 'SO2', 'sulfates']",Shaojie Yang;Shiwei Lai;Jianwei Zheng;Hao Na;Fu Li;Wangjin Yang;Chong Han,Complexation strength between organic carbon and transition metal ions dominates the photochemical conversion of SO2 to sulfates,"Organic carbon (OC) coexists with transition metal ions (TMIs) in atmospheric aerosols. The complexation behaviors of OC and TMIs can occur according to spectroscopic evidences. The specific complexation property of TMIs toward OC significantly modulated the generation of reactive species, especially for hydroxyl radicals (•OH) serving as the key oxidant for sulfate production. This exerts positive or negative roles of TMIs in the photoconversion of SO2 to sulfates on OC. 
 The photooxidation of SO2 on organic carbon (OC) is a critical pathway for sulfate formation, yet the role of interactions between OC and transition metal ions (TMIs) in this process remains scarcely understood. We systematically investigated potential influences of TMIs (Fe3+, Cu2+ and Mn2+) on the conversion of SO2 to sulfates on OC from coal combustion under irradiation. For OC and its coexistence with TMIs under experimental conditions adopted here, the steady-state uptake coefficients of SO2 and sulfate masses were (0.39–22.24) × 10−6 and (2.36–26.05) × 10−3 mg, respectively. Fe3+ exhibited a significantly antagonistic effect, whereas Cu2+ and Mn2+ enhanced SO2 uptake and sulfate generation on OC. Spectroscopic evidences, including absorbance decreasing and fluorescence quenching, confirmed the complexes formation of TMI with chromophores in OC. Fe3+ owned the strongest binding affinity with chromophores, followed by Cu2+ and Mn2+. This variation in the coordination strength dominated the generation of reactive species, such as free electrons (e−), superoxide radicals (•O2-), H2O2 and hydroxyl radicals (•OH), and •OH acted as a pivotal trigger to drive the sulfate production. Extended investigations confirmed a good linear relationship between •OH intensity (I) and sulfate mass (Msulfates): Msulfates = (1.68 ± 0.11) × 10−2 × I − (0.43 ± 0.08) × 10−2, demonstrating that the regulatory effects of metal ions on the sulfate production were generally governed through their ability to suppress or facilitate the •OH generation."
10.5194/acp-26-13359-2026,True,Atmospheric Chemistry and Physics,该论文研究了2000年至2024年间平流层和总臭氧层的趋势，使用了长期卫星数据集，涉及大气成分分析、臭氧监测和卫星观测，因此与大气环境遥感技术密切相关。,"['ozone', 'satellite datasets', 'atmospheric composition', 'total column ozone', 'stratospheric ozone']",Brian Auffarth;Mark Weber;Alexei Rozanov;Carlo Arosio;John P. Burrows;Melanie Coldewey-Egbers;Sean M. Davis;Doug Degenstein;Kimberlee Dubé;Stacey M. Frith;Lucien Froidevaux;Diego Loyola;Vitali E. Fioletov;Viktoria Sofieva;Ronald van der A;Jeannette D. Wild,Consistency between zonal mean stratospheric and total column ozone trends (2000–2024),"This study examines the trends of stratospheric and total ozone between 2000 and 2024, using long-term satellite datasets. Our results show positive trends in the upper stratosphere and a strong ozone recovery in the Southern Hemisphere, while changes in lower altitudes remain mostly small. The total and stratospheric trends show very similar results, indicating that tropospheric ozone contributes little to total column changes, while the stratospheric column is the dominant driver. 
 This study presents an updated assessment of stratospheric and total column ozone trends over the 2000–2024 period using six merged limb-profile datasets and six merged total ozone datasets. Long-term changes were quantified using a multiple linear regression framework that accounts for dynamical and chemical variability. In addition to standard regressors (solar cycle, QBO, ENSO, stratospheric aerosol optical depth), we include Arctic and Antarctic Oscillation indices and the eddy heat flux in each hemisphere as proxies for dynamic variability. Volcanic (and wildfire) aerosol forcing is represented by separate proxies for three periods dominated by the major volcanic events of El Chichón, Pinatubo, and post-2000 volcanic eruptions, including Hunga-Tonga. These period-specific proxies are employed to better account for varying dynamical ozone responses that largely depend on the season and location of the eruptions. All profile datasets consistently show positive trends in the upper stratosphere, with the strongest ozone recovery in southern mid-latitudes, in agreement with other studies. In the lower stratosphere, trends remain weak, spatially heterogeneous, and predominantly negative. A comparison of stratospheric column trends derived from profile data with total ozone trends shows close agreement across all latitude bands. Within the trend uncertainties, total column trends since 2000 are largely driven by stratospheric ozone changes, while tropospheric contributions to zonal-mean total ozone trends (the difference between total and stratospheric column trends) appear negligible. The extended regression framework improves the representation of recent dynamical variability and provides an updated perspective on stratospheric ozone recovery through 2024."
10.5194/amt-19-5989-2026,True,Atmospheric Measurement Techniques,该研究涉及使用系留气球搭载的低成本传感器测量大气中气溶胶的光学特性垂直变化，这与大气环境遥感技术密切相关，特别是气溶胶光学特性、垂直分布和空气质量监测。,"['balloon-borne', 'aerosol optical properties', 'low-cost sensors', 'vertical variability', 'AeroSonde']",Michalina Broda;Olga Zawadzka-Mańko;Michał T. Chiliński;Katarzyna Nurowska;Szymon Kłapiński;Przemysław Makuch;Krzysztof M. Markowicz,A new balloon-borne system for measuring the vertical variability  of aerosol optical properties using low-cost sensors,"This study shows that balloon-borne instruments with low-cost particle sensors can reliably measure how airborne particles are distributed with height in the atmosphere. The sensors were tested during field measurements in southeastern Poland which identified particle layers transported over long distances including wildfire smoke and desert dust. The results indicate that this approach can improve aerosol observations and support better representation of aerosol processes in atmospheric models. 
 This study presents a newly developed balloon-borne AeroSonde system equipped with calibrated low-cost optical particulate matter sensors (SPS30) for vertically resolved aerosol optical measurements. Calibration of the sensors against reference instruments (Aurora 4000 nephelometer and Laser Aerosol Spectrometer (LAS) 3340) enabled the estimation of scattering coefficients (ASC), scattering Ångström exponent (SAE), and effective particle radius (Reff), with Pearson correlation coefficients exceeding 0.88. The best agreement was obtained for ASC, while SAE and Reff showed substantially larger uncertainties, limiting their use to qualitative discrimination between fine- and coarse-mode particles.The AeroSondes were deployed for the first time during measurement campaigns in June and August 2025 over southeastern Poland. Soundings with vertical resolution below 10 m reached altitudes of 10–27 km a.g.l. during episodes of long-range transport, including North American biomass-burning (BB) plumes and Saharan dust intrusions. The vertical distribution of aerosol layers observed by the AeroSonde is consistent with active remote sensing measurements, showing good agreement in both the optical layering structure and the absolute values of extensive aerosol properties, with correlation coefficients ranging from 0.74 to 0.81. The extended vertical sounding range allows the estimation of column-integrated quantities, such as aerosol optical depth, as well as their contributions from individual layers, for example, within the planetary boundary layer.These results demonstrate that low-cost, balloon-borne AeroSonde sensors can provide reliable vertical profiles of aerosol properties, supporting enhanced spatio-temporal coverage and improved evaluation of atmospheric aerosol models."
10.5194/amt-19-6015-2026,True,Atmospheric Measurement Techniques,该论文研究的是从地面长波辐射测量中联合反演地表温度和发射率的方法，这与大气环境遥感技术中的地表参数反演密切相关，例如通过辐射测量反演地表温度和发射率，这些参数对于空气质量监测、地表能量平衡分析等应用具有重要意义。,"['land surface temperature', 'emissivity retrieval', 'ground-based longwave measurements']",Collins Mito,Conditioning-controlled retrieval of broadband land surface temperature and emissivity from paired ground-based longwave irradiance measurements,"Retrieving land surface temperature from thermal radiation is difficult because temperature and emissivity are strongly coupled. We developed a conditioning-controlled method that separates these quantities using paired ground-based longwave measurements. Tests with SURFRAD (Surface Radiation Budget Network) and BSRN (Baseline Surface Radiation Network) observations and known-truth simulations demonstrate stable retrievals and quantify their uncertainty without requiring satellite information. 
 Accurate retrieval of land surface temperature (Ts) from broadband longwave radiometric measurements is limited by the nonlinear coupling between surface emissivity (ϵ) and temperature, particularly when the available radiative contrast provides insufficient information to distinguish their contributions. A conditioning-controlled framework is presented for jointly retrieving broadband ϵ and Ts directly from high-temporal-resolution paired ground-based upwelling (L) and downwelling (l) longwave irradiance measurements, without requiring externally prescribed emissivity as a retrieval input. The framework constructs a local population of candidate temporal pairs and combines quasi-steady thermal-state screening, numerical and physical admissibility, explicit irradiance-identifiability testing, uncertainty- and information-aware progressive pair selection, physical-state-dependent reciprocal emissivity treatment, fixed eight-update Newton–Raphson refinement, and correlated uncertainty propagation. Field evaluation used 637 datasets from nine SURFRAD and BSRN stations spanning vegetated, mixed, and bare/desert environments. Five datasets lacked the required finite initial irradiances, leaving 632 usable cases, all of which produced final finite retrievals; 628 reached the stable-centre selection criterion and four required the prescribed fallback pathway. Across the 632 field cases, retrieved Ts had a bias of −0.162 K, mean absolute error (MAE) of 0.432 K, root-mean-square error (RMSE) of 0.558 K, and R2=0.9984 relative to the ground-based validation-reference temperature. A complementary physics-based known-truth experiment independently prescribed ϵtrue and Ts,true for 6000 scenes spanning 0.85≤ϵtrue≤0.99. In the noiseless experiment, 5924 scenes (98.73 %) yielded successful retrievals; among successful cases, emissivity bias, MAE, and RMSE were 0.0313, 0.0491, and 0.0658, respectively, while the corresponding Ts values were −0.335, 1.307, and 3.213 K. Retrieval errors increased toward the lowest-emissivity regime, identifying low-emissivity conditions as the most demanding part of the tested retrieval space. The combined field and known-truth results demonstrate that broadband emissivity and surface temperature can be jointly retrieved from paired longwave irradiance observations when radiative observability and physical applicability are explicitly conditioned before nonlinear inversion."
10.5194/essd-18-6995-2026,True,Earth System Science Data,该论文开发了一种基于三维建筑体积的年度人口地图，这对于理解城市发展和环境变化至关重要，而这些因素都与空气质量监测和大气环境遥感技术密切相关。论文强调其数据集在垂直发展城市环境中的人口分布能力，这与大气环境遥感技术中监测空气质量（如污染物分布）的需求高度相关。,"['population mapping', '3D building volume', 'air quality monitoring', 'urban growth', 'remote sensing']",Xiaocong Xu;Shiyu He;Jinpei Ou;Yan Zhou;Xiaoping Liu,AGPC: an Annual 500 m Gridded Population (1990–2020) for China incorporating 3D building volume dynamics,"We developed annual population maps for mainland China from 1990 to 2020 at 500-metre detail. A key advance is the use of changing three-dimensional building volume, allowing the maps to distinguish densely populated areas with extensive high-rise development that conventional maps based mainly on two-dimensional built-up land may overlook. Combined with census and other data, the maps show high accuracy and can support studies of urban growth, environmental change, and disaster risk. 
 Gridded population datasets with long-term temporal coverage and fine spatial resolution are essential for earth system modelling, urban studies, and disaster risk assessment. However, existing population products often fail to adequately represent population distribution in vertically developed urban environments. This paper presents the AGPC dataset, a temporally consistent gridded population dataset for China at 500 m spatial resolution covering the period 1990–2020. AGPC was generated using a machine-learning-based dasymetric mapping framework, integrating multi-source covariates including three-dimensional (3D) building volume, building function, and other socioeconomic variables. County-level census data were used for model calibration, while annual provincial population totals from official statistical yearbooks were applied as constraints to ensure temporal consistency. The SHapley Additive exPlanations (SHAP) analysis confirms the dominant roles of commercial activity intensity and 3D building volume in shaping fine-scale population distribution and highlights the added value of vertical and functional information beyond conventional two-dimensional (2D) indicators. Population estimates were produced annually and aggregated to multiple administrative scales for validation. Comprehensive evaluations demonstrate the reliability and accuracy of the dataset across spatial and temporal scales. At the county level, AGPC shows strong agreement with census data, with correlation coefficients R greater than 0.89 and relative RMSE values below 1 % on the independent validation sets for the baseline years 2010 and 2020. At finer scales, grid-level population estimates aggregated to the township level exhibit high consistency with independent census data with R greater than 0.90, indicating satisfactory capability in capturing finer-scale spatial heterogeneity in population distribution. Multi-temporal validation at the city level for seven time points between 1990 and 2020 yields correlation coefficients ranging from 0.79 to 0.99, indicating stable temporal performance. Comparisons with existing global and regional population datasets show that AGPC better captures population patterns in high-density and vertically developed urban areas, avoiding the density saturation effects commonly observed in 2D products. The AGPC dataset provides a robust and scalable population data resource for long-term socioeconomic and environmental analyses in China, and it is available at https://doi.org/10.6084/m9.figshare.31338352 (Xu et al., 2026)."
10.5194/essd-18-6973-2026,False,Earth System Science Data,该论文主要关注利用卫星影像扩展中国河流径流记录，虽然涉及卫星遥感技术，但核心主题是水文监测和河流径流数据，而非大气环境遥感技术（如空气质量监测、大气成分分析等）。,"['satellite imagery', 'river discharge', 'Landsat', 'Sentinel-2']",Yong Wang;Yulin Gong;Yinghong Jing;Xiaojun She;Yao Li,Extending daily river discharge records across China using satellite-derived river widths,"Rivers are vital sources of freshwater, but long-term records of how much water they carry are unavailable for many regions. This study combined satellite imagery with observations from more than 1000 river gauges to create the most comprehensive daily river discharge dataset for China (1990–2024). The dataset reveals widespread declines in river discharge across much of the country and provides an important resource for water management, environmental research, and future satellite missions. 
 Long-term monitoring of global river discharge has been hindered by the uneven distribution of gauging stations and limited data accessibility, a challenge that is particularly acute in China. Although China contains one of the world's densest river networks, high-frequency in situ discharge observations remain largely unavailable in the international public domain. To address this gap, we compiled daily discharge records from 1196 gauges across China, comprising approximately 2.33 ×106 observations – 39 times as many gauges as are currently available for the region in the Global Runoff Data Centre (GRDC). Leveraging this unprecedented collection of in situ discharge records, along with river width time series derived from Landsat and Sentinel-2 imagery and gauge-specific hydraulic geometry relationships, we reconstructed and extended daily river discharge observations for 310 gauges from 1990 to 2024, resulting in the China Daily River Discharge Records (CDR2) dataset. Compared with existing global satellite-derived discharge products, CDR2 expands the number of available gauges in China by more than fivefold while delivering substantially improved performance, achieving a median Kling–Gupta efficiency of 0.66 during validation. Moreover, uncertainties propagated from the fitted hydraulic geometry parameters remain low, with a median relative uncertainty of only 11.89 % in the reconstructed discharge estimates. Sensitivity analyses further indicate that discharge estimation accuracy increases markedly with greater river width variability and stronger hydraulic sensitivity. Trend analysis reveals that nearly 65 % of gauges exhibit declining discharge over 1990–2024, with a median relative trend of −0.21 % yr−1, most pronounced in the Haihe, Liaohe, Yellow River, and middle Yangtze River basins. As the most extensive satellite-derived, gauge-constrained river discharge dataset currently available for China at daily resolution, CDR2 bridges a critical geographic gap in global river monitoring and provides a valuable benchmark for future discharge estimation, hydrological research, water resources management, and the calibration and evaluation of satellite missions. The CDR2 dataset is publicly available on Zenodo at https://doi.org/10.5281/zenodo.22231453 (Wang and Li, 2026)."
10.5194/essd-2026-563,False,Earth System Science Data Discussions,该论文主要研究土壤湿度与电磁响应的关系，用于水文地质监测，不直接涉及大气环境遥感技术，如空气质量监测、卫星观测等。,"['soil moisture', 'electromagnetic', 'ground-penetrating radar']",Diaa Sheishah;Enas Abdelsamei;Viktoria Blanka-Vegi;Károly Barta;Ahmed M. Ali;Khaldoun Abualhin;Djamil Al-Halbouni;Wouter Dorigo;Gyorgy Sipos,A National Depth-Resolved Soil-Moisture-to-Electromagnetic Proxy Database for Hydrogeophysical Monitoring,"Soil moisture controls drought, crop water supply, and groundwater recharge, but it is difficult to monitor below the surface. We used national monitoring data from 117 stations and six soil depths to build an open database that links soil moisture, soil type, water retention, and expected electromagnetic responses. The results identify a key mid-depth buffering zone and provide a practical reference for future drought monitoring, irrigation planning, and non-invasive soil-water surveys. 
 Soil moisture is a key control on drought, recharge, crop water availability, agricultural water management, and land-atmosphere exchange, but its depth-resolved spatial variability remains difficult to monitor over large areas. Non-invasive methods such as ground-penetrating radar (GPR), electrical resistivity, and electromagnetic surveys can support soil-moisture estimation, yet their interpretation depends strongly on soil texture and hydraulic-retention properties. This study develops a national six-depth soil-moisture-to-electromagnetic proxy database to support future GPR- and resistivity-based root-zone monitoring and decision support. We used multi-year soil-moisture, porosity, saturation, texture, and hydraulic-retention data from 117 monitoring stations across Hungary at 10, 20, 30, 45, 60, and 75 cm depth. Dielectric permittivity, EM-wave velocity, electrical conductivity, attenuation, and apparent resistivity were derived as proxy variables from observed soil moisture using established petrophysical relationships, including the Topp equation and an Archie-type formulation. The proxy database identified a consistent 30-45 cm buffering zone, where soil moisture increased to 22.25%, dielectric permittivity peaked at 12.29, EM-wave velocity reached a minimum of 0.0935 m ns⁻¹, and apparent resistivity decreased to 545 Ω m. Texture strongly shaped the translated EM response: sandy soils were drier and more resistive, whereas clayey soils retained more water and showed higher dielectric response. Hydraulic-retention variables provided calibration-relevant prior information for explaining why similar EM or resistivity signals may represent different true soil-moisture values across soil types. The framework provides a transferable national calibration layer for drought-monitoring agencies, irrigation planners, precision-agriculture users, and future drone-based geophysical surveys in regions with comparable monitoring and soil databases."
10.5194/essd-2026-677,True,Earth System Science Data Discussions,该论文与大气环境遥感技术密切相关，因为它使用地面基于的激光雷达技术（remote sensing）来监测和分析中国中部地区的尘埃和非尘埃气溶胶质量浓度剖面。研究中涉及的数据集可用于空气质量监测、气溶胶传输研究、卫星验证和模型评估，这些都是大气环境遥感技术的重要应用领域。,"['ground-based lidar', 'aerosol mass concentration', 'dust and non-dust aerosol', 'remote sensing', 'atmospheric composition']",Zhuang Wang;Chengxiao Liu;Yanfeng Huo;Xinfeng Lin;Shaowei Yan;Xiaoyun Sun;Jiaqi Chen;Nan Ge;Guanyin Yang;Zhenzhen Hua;Hao Zhang;Chune Shi;Yong Zhu;Yizhi Zhu;Congzi Xia;Kaidi Zhang;Xintong Chen;Yujia Chen;Chengzhi Xing;Cheng Liu,A dataset of high–spatiotemporal–resolution dust and non–dust aerosol mass concentration profiles from ground–based remote sensing in central China (2018–2024),"Airborne particles affect air quality and climate, but their distribution with height is poorly documented over central China. We used seven years of continuous ground-based lidar observations to build a detailed record of dust and other particles profiles from 2018 to 2024. Most particles were found below about two kilometres, with dust more common in spring and other particles in winter. The dataset can help track air pollution and dust transport and improve satellite and model assessments. 
 The atmospheric aerosol composition and vertical structure over eastern China are jointly influenced by mineral dust transport, anthropogenic emissions, and boundary layer processes; however, long–term vertically resolved observations that distinguish dust from non–dust aerosol mass remain limited. Here, we present a quality–controlled dataset of dust, non–dust, and total aerosol mass concentration profiles derived from continuous ground–based polarization lidar observations at the Shouxian National Climate Observatory (32.434° N, 116.793° E) in central China from January 2018 to December 2024. The site lies in a regional transport corridor between the Beijing–Tianjin–Hebei and Yangtze River Delta regions and is therefore well–suited for monitoring aerosol exchange between two major source–receptor systems in eastern China. Raw lidar measurements were screened for clouds, precipitation, and instrumental artifacts, harmonized to 15 min and 7.5 m resolution, and processed with the Fernald inversion and Polarization lidar photometer networking (POLIPHON) framework to retrieve vertically resolved dust and non–dust aerosol mass concentrations from approximately 0.3 to 6 km. Monthly extinction–to–mass conversion factors were constrained using collocated CE–318 sun–photometer observations. The product was evaluated against independent column, profile, and near–surface references, including CE–318 aerosol optical depth, CALIPSO aerosol extinction and depolarization profiles, and surface particulate matter measurements from a colocated Grimm monitor. The comparisons indicate that the dataset reproduces the main temporal variability of column aerosol loading, captures the principal vertical structure of aerosol extinction coefficient, and is statistically consistent with near–surface particulate matter variability. A pointwise retrieval quality index (RQI) ranging from 0 to 100 is provided to facilitate data screening and reuse, with RQI values of 75–100 recommended for quantitative analyses and event studies, 50–75 for routine statistical analyses, and lower values mainly for qualitative interpretation or analyses based on temporal or vertical averaging. This dataset provides a multi–year, high–resolution observational record of aerosol type–resolved mass profiles in central China and is intended to support community reuse in satellite validation, model evaluation, aerosol transport studies, boundary layer research, and data assimilation applications. The dataset is available for free at Mendeley Data (https://doi.org/10.17632/kfvpbb3vcs.1; Wang et al., 2026)."
10.5194/gmd-19-8977-2026,False,Geoscientific Model Development,该论文主要关注CMIP6数据的使用模式和下载统计，旨在为未来的数据生产和使用跟踪提供建议。虽然与地球气候系统有关，但并未明确涉及大气环境遥感技术，如空气质量监测、卫星观测、大气成分分析或气溶胶反演等具体技术。,"['CMIP6', 'Earth System Grid Federation', 'climate system']",Juliette Lavoie;Aude Carreric;Alistair Duffey;Giovanni Chellini;Elisa Ziegler,CMIP6 data usage: lessons learned from  more than 200 million downloads,"The Coupled Model Intercomparison Project (CMIP) is a large collaborative project to better understand the Earth’s climate system. The data produced through this project is downloaded by users around the world. In this paper, we analyze the patterns of downloads and the usage of this massive dataset. From this analysis, we make some recommendations for future data production and usage tracking. 
 Earth system simulations from the Coupled Model Intercomparison Project (CMIP) are considered the gold standard in terms of representation of the Earth's climate system, its past and present states, and possible future evolution. As CMIP moves into its seventh phase, the increasing complexity of Earth system models (ESMs) means that there is a greater need for infrastructure resources to store, distribute and utilize CMIP simulations. Statistics on the usage of data during CMIP6 has the potential of offering guidance to prepare for CMIP7. Here, we analyse the downloads of CMIP6 data and propose recommendations for optimizing the production and accessibility of future CMIP data. Our analysis focuses on CMIP6 data downloads statistics from the Earth System Grid Federation (ESGF), the main database of CMIP and other ESMs simulation data. We perform an analysis of CMIP6 ESGF data downloads statistics, with a focus on variables, experiments, individual thematic Model Intercomparison Projects (MIPs), sources and institutions, and related geographical download trends. We further complement the ESGF analysis with statistics on access from other sources hosting CMIP6 data, including some curated by community portals (Pangeo) through commercial clouds (Google Cloud and Amazon Web Services) and by climate services (Copernicus Climate Change Service). We conclude with recommendations for centres involved in the production and distribution of data to optimise resources based on download statistics, to perform stronger quality checks, and to implement improved approaches to track usage."
10.5194/gmd-19-8995-2026,True,Geoscientific Model Development,该论文研究的是北美的区域气候模拟，使用了WRF模型和CORDEX框架，虽然不直接涉及空气质量和遥感技术，但气候模拟和大气成分分析密切相关，因此与大气环境遥感技术有一定关联。,"['WRF', 'CORDEX', 'atmospheric simulation', 'climate assessment']",Jacob Stuivenvolt-Allen;Trude Eidhammer;Rachel McCrary;Melissa Bukovsky;Stefan Rahimi;Hsin-I Chang;Seth McGinnis,The North American CORDEX-CMIP6 WRF evaluation run: comparing historical simulations from 25 km to convection-permitting scales,"This study presents a new 12 km CORDEX (Coordinated Regional Downscaling Experiment )-CMIP6 (Coupled Model Intercomparison Project) WRF (Weather Research and Forecasting) simulation for North America, compared against an earlier 25 km CMIP5 version and a 4 km convection-permitting simulation. The updated run reduces temperature and precipitation biases, improves precipitation timing, and better captures tropical cyclone intensity. Extreme precipitation at 12 km closely matches convection-permitting results, offering a practical resolution for regional climate assessment. 
 Earth system models (ESMs) provide essential insight into large-scale climate variability and change but often lack the spatial resolution required to represent fine-scale processes critical for regional impacts and adaptation planning. To help address this gap, we present an updated high-resolution regional climate simulation for North America (NA) as part of the Coordinated Regional Downscaling Experiment (CORDEX). We evaluate a new reanalysis forced NA-CORDEX simulation at 12 km resolution against observational datasets, an earlier NA-CORDEX CMIP5 simulation (25 km), and the convection-permitting CONUS-404 simulation (4 km). Through these comparisons, we assess how horizontal resolution and regional model configuration influence historical differences from reanalysis and the representation of extremes, with a particular focus on precipitation processes given that convection is parameterized at 12 km. Relative to previous NA-CORDEX-CMIP5 simulations, the new CMIP6-based evaluation run reduces mean differences in temperature and precipitation compared to reanalysis and other observationally based datasets, improves the magnitude and timing of the diurnal precipitation cycle across North America, and substantially improves the representation of tropical cyclone structure and intensity. Notably, extreme precipitation rates are well captured at 12 km when compared to the convection-permitting simulations. While long-term convection-permitting climate simulations remain a key objective for regional modeling, the current generation of CORDEX simulations provides a practical balance between computational efficiency and physical realism for continental-scale climate assessment."
10.1029/2026GL125079,True,Geophysical Research Letters,该论文研究的是人类排放与极端天气事件（特别是热浪）之间的关系，涉及温室气体排放和地表温度变化，这与大气环境遥感技术中的空气质量监测和气候变化分析密切相关，因此相关性较强。,"['greenhouse-gas emissions', 'surface temperature', 'extreme weather events']",Jared T. Trok;Elizabeth A. Barnes;Emily M. Gordon;Frances V. Davenport;Noah S. Diffenbaugh,Global Emissions Since the Paris Agreement Have Intensified Europe's Recent Heatwaves,"Understanding the consequences of continued greenhouse‐gas emissions requires determining whether recent emissions can be robustly linked to changes in extreme weather events. However, current approaches have a limited ability to quantify changes in extreme weather caused by small subsets of anthropogenic emissions, particularly for individual events. To address these limitations, we train a generative machine‐learning model to predict spatially‐explicit changes in daily surface temperature at different levels of cumulative emissions, conditional on the event's observed meteorological conditions. Using this approach, we find strong evidence (>95% probability) that the combined effects of anthropogenic emissions released since the 2015 UN Paris Agreement have increased the intensity of Europe's summer temperature extremes since 2021. Additionally, our results suggest >99% probability that regional‐mean temperature during Europe's high‐impact June 2025 heatwave would have been lower (median estimate of 0.34°C) if the same large‐scale meteorological conditions had occurred under 2015 levels of cumulative emissions."
10.1029/2026GL123834,True,Geophysical Research Letters,该论文研究的是极光相关的现象，特别是“栅栏状”发射与极光连续谱发射的关联，涉及大气成分和光谱分析，属于大气环境遥感技术的范畴。,"['aurora', 'continuum emission', 'STEVE', 'spectral analysis', 'atmospheric phenomena']",J. Houghton;E. Spanswick;J. Liang;K. Davidson;B. Gallardo‐Lacourt;Y. Nishimura,Association of Picket‐Fence With Auroral Continuum Emissions,"We present observations of aurora‐like “picket‐fence” emissions occurring simultaneously with broad‐band auroral continuum emission structures. The continuum structures exhibit spectral properties similar to the Strong Thermal Emission Velocity Enhancement (STEVE), but appear at higher latitudes, alongside the aurora. Picket‐fence emissions are well known to accompany STEVE; the events presented here extend that association to continuum emissions more broadly. We analyze the spatio‐temporal evolution of the pickets and find apparent optical propagation speeds of ∼350–560 m/s on average, comparable to those associated with STEVE, though they lack the characteristic east‐west orientation, aligning variably along continuum structure edges. Spectral analysis reveals the presence of 557.7 nm green‐line emission, no measured 427.8 nm emission, and an N2 1P to green‐line ratio comparable to that observed alongside STEVE. These results place the picket‐fence phenomenon in a broader context, as a general signature of continuum emission dynamics rather than a feature exclusively associated with STEVE."
10.1029/2026GL123200,False,Geophysical Research Letters,该论文研究地球内核的结构和铁的相稳定性，涉及氢对铁相的影响，与大气环境遥感技术（如空气质量监测、卫星观测、大气成分分析、气溶胶反演）没有直接关系。,"[""Earth's inner core"", 'hydrogen', 'phase stability']",Qianxi Chen;Feiwu Zhang;Joshua M. R. Muir,Hydrogen‐Dominated Iron Phase Stability and the Structure of the Earth's Inner Core,"The crystal structure of Earth's inner core (IC) remains debated, with the free energy difference between hexagonal close‐packed (hcp) and body‐centered cubic (bcc) iron under IC conditions being very small. We use ab initio and machine learning force field molecular dynamics simulations to show that hydrogen can strongly influence the phase stability of inner‐core iron. At 330 GPa and 6,000 K, ∼1.4 at.% hydrogen is sufficient to overcome the small free‐energy difference between pure iron phases and favor bcc phase stability. At geochemically plausible IC H contents of 0–11.3 at.%, hcp, bcc or mixed phases can be stable, with bcc phases dominant above 2.78 at.% hydrogen. Depth‐dependent phase transitions across 330–360 GPa can arise from variations in hydrogen content and temperature, suggesting that these two factors are important controls on Fe–H phase stability and may provide a possible mechanism for interpreting the IC's complex seismic features."
10.1029/2026GL121948,True,Geophysical Research Letters,该论文研究的是土星大气中云层级别的纬向风变化，使用了哈勃太空望远镜进行观测，并涉及大气成分和风剖面分析，这与大气环境遥感技术（如卫星观测和大气成分分析）密切相关。,"['saturn', 'wind profile', 'atmospheric composition', 'Hubble Space Telescope', 'zonal brightness correlation']",Aida Flix‐Bellmunt;Agustín Sánchez‐Lavega;Enrique García‐Melendo;Ricardo Hueso;Amy A. Simon;Mike H. Wong;Arnau Miró;Trevor Barry,Variability of Saturn's Equatorial Zonal Winds at Cloud Level Between 2018 and 2025,"Saturn's zonal wind profile at cloud level has been measured at different epochs since the Voyager 1 and 2 in 1980–81. At most latitudes, zonal winds change little over time. However, the equatorial region, between planetographic latitudes 10°N and 10°S, presents a complex vertical structure and significant variability. Here, we measure zonal winds in Saturn's atmosphere over 8 years (2018–2025) at two different tropospheric levels (about 50 and 500 mbar). We used Hubble Space Telescope images to derive wind profiles through zonal brightness correlation techniques. The results provide measurements during Saturn's northern summer, thereby extending the available record and enabling comparisons across multiple years. We report temporal variability of the wind profiles and find that the narrow equatorial jet observed between 2004 and 2015 in the upper troposphere disappeared between 2018 and 2025."
10.1029/2026GL125871,False,Geophysical Research Letters,该论文主要研究的是地质构造中的韧性剪切带及其流体传输机制，与大气环境遥感技术（如空气质量监测、卫星观测、大气成分分析、气溶胶反演等）无直接关联。论文关注的是地壳流体的渗透性和孔隙度变化，而非大气环境中的污染物或遥感技术。,"['ductile shear zones', 'porosity balance', 'percolation law']",Ioan V. Sanislav;Avish Kumar;Mabrouk Sami,Reaction‐Gated Transient Permeability in Ductile Shear Zones,"Ductile shear zones act as transient pathways for crustal fluids, yet the conditions under which their connected porosity becomes sufficient to conduct are not well constrained. We present a porosity balance in which connected porosity evolves under three competing processes: creation by creep cavitation, creation by metamorphic reaction, and thermally activated closure. The model is constrained by existing experimental data, and permeability is linked to porosity through a percolation law with a sharp threshold. Within this constrained model, creep cavitation alone produces a steady‐state porosity orders of magnitude below the threshold at natural strain rates. A net reaction‐driven porosity source resolves this gap, and the critical net porosity‐production rate required to reach the threshold is geologically reasonable. Ductile shear‐zone permeability is therefore likely transient and reaction‐gated, with deformation alone unable to sustain connectivity at natural rates."
10.1029/2026GL123850,True,Geophysical Research Letters,该论文研究的是欧亚地区同时发生的热浪现象及其未来变化，涉及气候变暖和大气极端事件，与大气环境遥感技术中的气候变化监测和大气成分分析密切相关。,"['heatwaves', 'concurrent heatwaves', 'Eurasia', 'climate change', 'atmospheric extremes']",Peiqiang Xu;Leiye Yuan;Lin Wang;Jakob Zscheischler,Concurrent Eurasian Heatwaves Will Intensify Beyond the Mean Warming,"Concurrent heatwaves over Europe and North China are the most frequent compound heat extremes across the Northern Hemisphere. They are systematically organized by a recurrent teleconnection along the polar front jet over Eurasia. Using observations and large‐ensemble simulations, we show that even after removing the forced warming trend, future concurrent heatwave events (2070–2100) intensify substantially relative to the historical period (1920–2005), with excess warming over both regions exceeding 0.5°C locally and 0.3°C regionally. This intensification is driven by fundamentally different mechanisms in the two regions. Over North China, a strengthened ridge promotes subsidence and clear‐sky conditions that enhance radiative heating, whereas over Europe, progressive soil drying under climate change reduces evaporative cooling, producing a net energy surplus even as the circulation anomaly weakens. These findings demonstrate that the concurrent structure of future heat extremes intensifies beyond the mean climate response, a compound risk not captured by mean‐state projections."
10.1029/2026GL125250,False,Geophysical Research Letters,这篇论文研究的是早始新世青藏高原东北部的压缩变形，通过磁各向异性来记录地壳变形。虽然涉及地球科学和地质学，但与大气环境遥感技术（如空气质量监测、卫星观测、大气成分分析、气溶胶反演）没有直接关系。,"['magnetic fabrics', 'intracontinental deformation', 'tectonic regime']",Zhantao Feng;Niels Meijer;Weilin Zhang;Guillaume Dupont‐Nivet;Wanlong Xu;Tao Zhang;Jinbo Zan;Yibo Yang;Xiaomin Fang,Early Eocene Compressional Deformation in the Northeastern Tibetan Plateau Recorded by Magnetic Fabrics of the Longzhong Basin,"Intracontinental deformation records how early Eocene India–Asia collisional stress propagated into continental interiors. How rapidly compression reached the far field, and whether coeval Paleo‐Pacific slab dynamics contributed, remain debated. The Longzhong Basin, ∼1,900 km north of the collisional zone, provides a key test. Yet its early tectonic regime is contested because direct strain records are scarce. Here, we applied anisotropy of magnetic susceptibility, corrected using vertical‐axis rotation, to Cretaceous–early Eocene strata of the Xining and Linxia sub‐basins. Cretaceous fabrics define broadly E–W K1 orientations with ambiguous kinematic significance, whereas early Eocene fabrics consistently record layer‐parallel shortening. This contrast indicates that collisional compression reached the northeastern Tibetan Plateau within a few million years of collision onset. By the early Eocene, India‐Asia convergence, rather than Paleo‐Pacific rollback, dominated deformation in the Longzhong region, implying efficient stress transfer through mechanically coupled Tibetan terranes."
10.1029/2026GL124264,False,Geophysical Research Letters,该论文主要研究南大洋经向翻转环流（MOC）受到亚微尺度过程的双重路径影响，与大气环境遥感技术（如空气质量监测、卫星观测、大气成分分析、气溶胶反演等）关系不大。,"['Southern Ocean', 'MOC', 'submesoscale processes']",Jinchao Zhang;Zhiwei Zhang;Yinxing Liu;Qingguo Yuan;Zhe Feng;Jiwei Tian;Wei Zhao,Dual‐Pathway Influence of Submesoscale Processes on the Southern Ocean Meridional Overturning Circulation,"The Southern Ocean meridional overturning circulation (MOC) play a crucial role in the global ocean water mass and heat redistribution, greatly modulating the earth climate variation. Although mesoscale eddies are known as an important component of the residual‐mean MOC that typically oppose wind‐driven Eulerian overturning, the contribution of submesoscale processes remains poorly understood. Based on high‐resolution simulations (1/48° and 1/24°), we decompose the residual MOC streamfunction into large‐, meso‐, and submesoscale components and reveal dual‐pathway impact of submesoscale processes. Specifically, the directly resolved submesoscale transport accounts for 18%–22% of the mesoscale anticlockwise overturning, and the amplification of mesoscale transport via submesoscale inverse energy cascade indirectly generates an additional enhancement of 24%–28%. Such a dual‐pathway impact, which is not resolved by climate models, exerts a substantial modification on the residual‐mean MOC, indicating that submesoscale dynamics are critical to the Southern Ocean MOC and call for reasonable parameterization in the future."
10.1029/2026GL124943,True,Geophysical Research Letters,该论文研究了北极海冰对外部强迫的敏感性，涉及气候变化、海冰损失等环境问题，与大气环境遥感技术中的气候监测和大气成分分析密切相关。,"['Arctic Sea Ice', 'SIA', 'CO2 emissions', 'global warming', 'emulator']",Quentin Rauschenbach;Andreas Wernecke;Dirk Notz,What Is the Observed Sensitivity of Arctic Sea Ice?,"The observed sensitivity of the Arctic summer sea‐ice area (SIA) to changes in the external forcing is a key quantity for understanding and projecting sea‐ice loss. Here, we estimate this sensitivity and provide a robust analysis of its uncertainty considering the impacts of internal variability, the memory of the system and observational uncertainty. We do so by developing and using a novel linear autoregressive AR(1) emulator. We find an observed sensitivity of 2.3 ± 0.5 m2 SIA loss per ton of anthropogenic CO2 emissions, and of 3.3 ± 1 million km2 per °C of global warming, offering an independent benchmark for climate models. By extrapolating the emulator's projections into the future, we confirm that the Arctic Ocean will become ice free in summer for the first time within the next few decades, namely for an additional 350 to 1,150 Gt of anthropogenic CO2 emissions after 2025."
10.1029/2026GL123511,False,Geophysical Research Letters,该论文研究的是地壳渗透率演化与地震和 aseismic slip 的关系，主要涉及地质学和地球物理学领域，与大气环境遥感技术（如空气质量监测、卫星观测、大气成分分析、气溶胶反演）没有直接关联。,"['seismic slip', 'aseismic slip', 'permeability', 'fault reactivation']",Junpeng Wang;Muhammad Edo Nurshal;Pengliang Yu;Zhi Geng;Matthew Roseboom;Tushar Mittal;Derek Elsworth,Seismic and Aseismic Slip Compete to Regulate Permeability Evolution During Fault Reactivation,"Crustal permeability can be created through microearthquakes as observed at field and laboratory scales. The respective roles of seismic and aseismic slip in governing permeability evolution remain ill‐constrained. Here, we present observations of controlled pore pressure stepping experiments designed to distinguish the separate influences of seismic and aseismic slip on permeability evolution. We show that permeability first decreases with slip before subsequently increasing then finishing with a net increase in permeability. This behavior tracks with the net increases in seismic moment throughout the reactivation as a fraction of the overall combined (seismic plus aseismic) moment. We observe that the aseismic moment can account for ∼90% of the total moment. We develop a mechanistic model to recreate these non‐monotonic observations, incorporating shear dilation modulated by fracture compactions. Our results demonstrate that aseismic slip exerts an indispensable control on crustal permeability evolution, providing new constraints on fluid–fault interactions in the crust."
10.1029/2026GL124551,True,Geophysical Research Letters,该论文研究由管状闪电产生的哨声波驱动的反弹包，并与SAMPEX卫星观测结果进行比较。研究涉及大气中高能电子的传播和演化，这与大气环境遥感技术（如卫星观测和大气成分分析）密切相关。,"['ducted lightning', 'whistlers', 'SAMPEX', 'relativistic electrons', 'atmospheric composition']",L. Gan;W. Li;Q. Ma;L. Blum;D. Miller III.;X. Li,Simulating Bouncing Packets Driven by Ducted Lightning‐Generated Whistlers: Comparison With SAMPEX Observations,"Bouncing packets are quasi‐periodic microbursts separated by the electron bounce period. Solar Anomalous and Magnetospheric Particle Explorer observations revealed relativistic (>1 MeV) inner‐belt bouncing packets with “crown,” “decaying,” and “flat” envelopes. We test whether ducted lightning‐generated whistlers (LGWs) produce these evolutions through frequency dispersion and extended field‐aligned propagation. We use a quasilinear precipitation model driven by pitch angle diffusion from ducted LGWs (100 Hz–10 kHz), with storm‐time Colorado Inner Radiation Belt Experiment observations at L = 2 specifying the initial relativistic electron distribution. The simulations reproduce the observed shapes and relative burst amplitudes. LGW dispersion naturally produces a dual‐component signature: an impulsive, bounce‐phase‐bunched burst component and a smooth component from interactions with stretched, long‐duration LGWs. The smooth component dominates total flux, so baseline removal may underestimate precipitation."
10.1029/2026GL123530,False,Geophysical Research Letters,该论文主要关注海洋热容量的变化及其与辐射强迫的关系，虽然涉及气候模型和辐射过程，但并未直接涉及大气环境遥感技术，如空气质量监测、卫星观测或大气成分分析等。,"['radiative forcing', 'ocean heat uptake', 'CMIP6']",Quran Wu;Jonathan Gregory,New Constraint on Future Ocean Heat Uptake Revealed by Considering Model Spread of Radiative Forcing,"Radiative forcing (F) $(F)$ is the fundamental driver of ocean heat uptake (N) $(N)$; however, its contribution to intermodel spread in N $N$ has not been quantified. We address this gap by leveraging a new set of CMIP6 experiments that diagnoses time‐varying F $F$ for the first time in 11 models. Among them, we find that intermodel spread in N $N$ is strongly affected by F $F$ in historical simulations, but by model sensitivity ν=N/F $\nu =N/F$ in future projections. As a result, the correlation between historical N $N$ and future N $N$ is highly uncertain (0.1–0.7), whereas the correlation between historical ν $\nu $ and future ν $\nu $ is much more robust (0.8–0.9). For the 11 models, we show that imposing observed ν $\nu $ to constrain future N $N$ can narrow its likely range by at least 10%. Finally, we emphasize that formulating N $N$ as N=νF $N=\nu F$ opens up new avenues for future ocean heat uptake studies."
10.1029/2026JD047841,True,Journal of Geophysical Research: Atmospheres,该研究使用大气环境耦合指标（如CTP、HIlow、LCL Deficit）来量化灌溉对对流环境的影响，这与大气环境遥感技术中的空气质量和天气监测密切相关。,"['Convective Triggering Potential', 'Low-Level Humidity Index', 'Lifting Condensation Level']",Daniel Whitesel;Rezaul Mahmood;Paul Flanagan;Chris Phillips;Joshua K. Roundy;Roger A. Pielke Sr.;Udaysankar Nair;Eric Rappin,Bi‐Hourly Changes in Land‐Atmosphere Coupling Metrics and Convective Environments During GRAINEX,"Land use land cover change and irrigation plays an important role in modulating weather and climate. This research uses data from a field campaign, named, the Great Plains Irrigation Experiment (GRAINEX), conducted over southeastern Nebraska, and quantifies the impacts of irrigation on bi‐hourly evolution of the convective environment. The study used the Convective Triggering Potential (CTP) and Low‐Level Humidity Index (HIlow), and the Lifting Condensation Level (LCL) Deficit for this purpose. The data were analyzed by Intensive Observation Period (IOP; IOP1 vs. IOP2), by cloud cover (clear vs. non‐clear days), and by both IOP and cloud cover. The study found that daytime evolution started with high CTP in the morning, lower CTP at midday, and higher CTP in the late afternoon and evening hours. During IOP2, regardless of time‐of‐day compared to non‐irrigated land use, CTP was higher over irrigated land use and it coincided with widespread irrigation. CTP was much higher during early morning (0700 LST), late afternoon (1700 LST) and early evenings (1900 LST). Irrigation's influence on CTP is even more apparent for all times during the clear days of IOP2. In addition, regardless of cloudy or non‐cloudy conditions, HIlow values over irrigated areas were lower at all hours during IOP2. Average LCL deficit declined for most hours over irrigated land use during IOP2. In combination with higher CTP, lower HIlow and a lower LCL deficit, it is clear that regardless of background conditions irrigation provides a favorable environment for convection development and precipitation."
10.1029/2026JD047124,True,Journal of Geophysical Research: Atmospheres,该论文研究了人为气溶胶减少对华南春季锋面降水的影响，涉及空气质量监测和大气成分分析，与大气环境遥感技术密切相关。,"['anthropogenic aerosol', 'frontal precipitation', 'air pollution policies']",Linxiao Zhu;Lian Xue;Xin Huang;Sijia Lou;Anbao Zhu;Zilin Wang;Aijun Ding,Enhanced Spring Frontal Precipitation in Southern China Induced by Anthropogenic Aerosol Mitigation,"Synoptic fronts are frequent weather systems over East Asia and closely associated with rainfall, especially in spring when frontal activities contribute to most of the precipitation. Aerosols have been considered as an important factor in modulating regional precipitation, and recently the pronounced decreasing trend is observed in China, which could potentially affect frontal precipitation (FP). However, the fast‐response mechanism of how anthropogenic aerosols decline influences FP is not fully explored. Particularly how FP changed after the marked aerosols reduction due to China's stringent air pollution policies has not been well investigated and understood. In this study, we used an objective front identification method to quantify FP across China. During the past two decades, a significant intensification of springtime FP was observed over southern China whereas a weak decrease in northern China, coinciding with the timeline of emission reductions. Model simulations reproduce similar FP variations, accompanied by increased front frequency and precipitation in the south and concurrent decreases in the north. Further analysis suggests decreased aerosols trigger stronger convergence updraft over southern China by changing temperature gradients, thus enhancing atmospheric moisture and favoring FP formation. With further emission reductions under China's carbon neutrality pledge, the contrasting patterns of FP intensity and front frequency driven by stronger temperature gradients are expected to intensify. Therefore, FP over the south will continue to increase while it will decrease over the north in the near future. This work would help understand the influence of air pollution control on regional climate from a synoptic process perspective."
10.1029/2026JD046750,True,Journal of Geophysical Research: Atmospheres,该论文研究了极端降雨事件的动力学过程，涉及大气能量传输和多尺度相互作用，这与大气环境遥感技术中的空气质量监测、大气成分分析等领域密切相关。,"['rainstorm', 'atmospheric energetics', 'multiscale dynamics', 'barotropic instability', 'air quality monitoring']",Jiwang Ma;Yineng Rong;X. San Liang;Renhe Zhang;Xu Tang,"Moist Available Potential Energy, Multiscale Energetics and the Multiscale Dynamics Governing an Extremely Devastating Rainstorm","An unprecedented record‐breaking extreme hourly rainfall event (201.9 mm/hr) occurred on 20 July 2021, at the Zhengzhou Station, China. In previous studies, a meso‐γ $\gamma $‐scale convective storm is found to be the direct process causing the rainfall; also found is the impact of processes on other scales (synoptic‐ and meso‐scales), in enhancing moisture supplement, wind convergence, vertical wind shear, etc. How these processes, which lie on distinct scales, may interact, and/or, how the interaction may play a role, remain elusive. Motivated by the seminal theoretical work of Lilly (1986, https://doi.org/10.1175/1520‐0469(1986)043<0113:tseapo>2.0.co;2), we hence explore this aspect of the storm dynamics, using the functional analysis tool, multiscale window transform (MWT), and the theory of canonical transfer. We first extend the MWT‐based multiscale energetics to an atmosphere with moisture so as to deal with processes like rainstorm, then apply MWT to reconstruct the fields onto three scale windows, namely, the synoptic‐scale, meso‐β‐scale, and meso‐γ‐scale windows. The reconstructed meso‐γ $\gamma $‐scale process is shown to characterize the storm. Contribution to its growth from other scales is hence measured by the canonical energy transfers from the ambient. It is found that, beneath 700 hPa, locally the system is dominated by a primary barotropic instability and a secondary barotropic instability: both the synoptic and meso‐β‐scale processes fuel the storm through canonical kinetic energy (KE) transfers. But above 700 hPa, the transfer direction is reversed, forming a KE sink. By calculation, the anisotropicity of the storm wind accounts for the reversal. In comparison to previous studies, we highlight the importance of the energy extracted from the ambient through barotropic instabilities, which contribute directly to the record‐breaking rainfall in the lower layer."
10.1029/2025EF007336,False,Earth's Future,该论文主要关注气候评估的研究优先级，虽然与大气环境相关，但并未涉及具体的遥感技术、空气质量监测、卫星观测、大气成分分析或气溶胶反演等关键技术领域。,[],Melissa A. Kenney;Robert E. Kopp;Constantine Samaras;Marina Alberti;Sonia Y. Angell;Jennifer Burney;Colin Cunliff;J. T. Duffy‐Anderson;Laura West Fischer;Serita D. Frey;Jeffrey A. Hicke;Peter H. Howard;Alessandra Jerolleman;Christine J. Kirchhoff;Elizabeth A. Koebele;Natalie M. Mahowald;Nicole Misarti;Dharshani L. Pearson;Alexandra A. Phillips;A. R. Siders;Prabhjot K. Singh;Nicholas G. Smith;Lida T. Teneva;Jessica D. Ulrich‐Schad;Jeffrey J. Volenec;Kofi Akamani;Alisa J. Alexander;Claire E. Anderson;J. G. Arbuckle;Maximilian Auffhammer;Christopher W. Avery;Shalanda H. Baker;Deborah Balk;Michele Barbato;Patrick L. Barnard;Alexander B. Basaraba;Dominic J. Bednar;Jesse E. Bell;D. Bennett Gayle;Laprisha Berry Daniels;Darrian Bertrand;John E. T. Bistline;Corey L. Brelsfoard;Tania Briceno;Maxine Burkett;Michael Burnham;John A. Callahan;Clare E. B. Cannon;Courtney Carothers;Rebecca H. Carter;Max Cawley;J. Mijin Cha;Howard H. Chang;Michael H. Chang;Oriana S. Chegwidden;Kai Chen;Brian S. Cheng;Guangqing Chi;Eric K. Chu;Rachel Cleetus;Anna Connor;Amelia A. Cook;Dontá Council;Kevin R. Cromar;Katherine J. Curtis;John J. Daigle;Christopher DeLyser Roney;Simone J. Domingue;John E. Drake;Kristie L. Ebi;Emile H. Elias;Neal L. Fann;Erica Fleishman;Elliott T. Gall;Eliza Ghitis;Elisabeth A. Gilmore;Sathya Gopalakrishnan;Daniel Grafton;S. A. Gray;Roger B. Griffis;Nancy B. Grimm;Antonia Hadjimichael;Xueying Han;Jamie A. Haverkamp;Jeremy J. Hess;Paul F. Hessburg;Kristen Averyt Hinton;David M. Hondula;Bryan Hubbell;Nathan Hultman;Cassandra Jean;Sikina Jinnah;Jeremiah X. Johnson;Steven Mana'oakamai Johnson;Victoria A. Johnson;Kristal Jones;P. Ozge Kaplan;Samuel Kay;Jesse M. Keenan;Ladd Keith;Heather H. Kim;Patrick L. Kinney;Steven F. Koller;Matthew A. Konfirst;Ann Kosmal;Meade B. Krosby;W. O. Lamp;Kevin Lanza;Joshua Lappen;Jan E. Leach;Chia‐Ying Lee;Flavio Lehner;Yishen Li;Lindsay A. Luchinsky;Katharine J. Mach;Julie Maldonado;Sparkle L. Malone;Amelia A. M. Marchand;Elizabeth Marino;Ezra M. Markowitz;Eric R. Masanet;Guillaume S. Mauger;Christine L. May;Kathryn McConnell;Pamela McElwee;Michael Mendez;Ariane Middel;Stephanie K. Mladinich;Renato Molina;Nicholas Nassikas;Roshanak Nateghi;Robert Newman;Megan E. O’Rourke;Renee Obringer;Ariel Ortiz‐Bobea;Emily B. Osborne;Alexander (Sascha) Petersen;Benjamin L. Preston;Jagadeesh Puvvula;Marilyn N. Raphael;Crystal L. Raymond;Kevin A. Reed;Katharine L. Ricke;James Rising;Katherine S. Rocci;Bernice R. Rosenzweig;Stacia Ryder;Brett F. Sanders;Matthew R. Sanderson;Rachel E. Schattman;N. A. Seeteram;Linda Shi;Lauren Sidner;Samantha A. Siedlecki;Deepti Singh;Rolf E. Sonnerup;Caiti Steele;Eric Tate;Jonathan R. Thompson;Philip R. Thompson;Lynée L. Turek‐Hankins;Nicola Ulibarri;Paul A. Ullrich;Chenghao Wang;Melissa Ward;Melissa Ward Jones;Cavin Ward‐Caviness;Jessica C. Whitehead;Michael T. Wilson;Richelle L. Winkler;Adrienne M. Wootten;George Xian;Georgine G. Yorgey;Abigail M. York;Emily J. Zuetell,Research Priorities for Robust Climate Assessments in the United States,"Scientific assessments play a critical role in synthesizing evidence to support evidence‐based decision‐making in many sectors and topics. For climate change, large‐scale assessments like the Intergovernmental Panel on Climate Change (IPCC) and the United States (U.S.) National Climate Assessment (NCA) reports help many different users—from national government to local governments, Indigenous Peoples and communities, the private sector, the social sector, and the scientific community itself—navigate the complex field of climate risks, impacts, and integrated solutions. While co‐creation with users is essential to developing actionable assessments, this paper lays the groundwork for future processes by identifying many advancing and emerging areas of relevant knowledge ready for assessment or additional near‐term research. Drawing on the expertise of many scholars who were formerly tasked with producing the Sixth NCA and authors of other national or sub‐national climate assessment reports, this paper highlights select U.S.‐relevant topics in which research advances since the 2023 Fifth NCA make new syntheses particularly valuable for future national, sub‐national, and sectoral climate assessments. It also identifies critical research topics in those select areas that would be useful for future climate assessment efforts. Overall, this research priorities roadmap aims to catalyze collaborations, research, and a network of climate assessments to synthesize the state of climate impacts, risks, and responses and to provide widely accessible and foundational information for sectoral, regional, and cross‐cutting climate action plans and decisions in the U.S."
10.1029/2025EF007889,False,Earth's Future,该论文研究的是阿拉斯加连续和断续冻土带的侵蚀变化，虽然涉及地表过程和环境变化，但与大气环境遥感技术（如空气质量监测、卫星观测、大气成分分析、气溶胶反演）没有直接关联。研究内容主要集中在冻土融化和侵蚀速率，而非大气环境相关技术。,"['permafrost', 'erosion', 'Alaska']",Emrah Özpolat;Eitan Shelef;Mark Abbott;Sam Mark;Umakant Mishra;Nick Wondolowski;Bruce P. Finney,Enhanced Erosion Across a Transition From Continuous to Discontinuous Permafrost in Alaska,"Permafrost degradation is expected to accelerate over the next century, with potentially important consequences for Arctic hillslope stability, channel erosion, sediment mobilization, water quality, and carbon release from previously frozen soils. However, the extent to which changes in permafrost cover alter the intensity and dominant mechanisms of catchment‐scale erosion remains poorly constrained. This study uses sediments from 12 Alaskan lakes across two regions to compare the intensity of hillslope and channel physical erosion in small catchments between areas with continuous and discontinuous permafrost cover. Sediment‐based erosion rates computed from dated lake sediment cores spanning the middle Holocene to present, combined with a Landscape Evolution Model suggest that (a) a simple model accounts for most of the variance in sediment‐based erosion rates between lakes, (b) diffusive (primarily hillslope) processes are more significant than advective (primarily fluvial) processes, and (c) the average intensity of diffusive processes is ∼2.1 to ∼3.0 times higher in areas of discontinuous compared to continuous permafrost landscapes. Additional processes, including shoreline wave action and thaw slumping, may also contribute to the variability in erosion rates among lakes. Overall, these results suggest that warming‐driven shifts from continuous to discontinuous permafrost could more than double the intensity of erosional processes; however, the limited data and associated uncertainties underscore the need for more data to better constrain the impacts of permafrost thaw on catchment‐scale erosion."
10.1029/2026EF008556,False,Earth's Future,该论文主要关注人类在户外活动中的防晒-阴凉适应行为对全球户外热舒适度评估的影响，虽然使用了ERA5数据和通用热气候指数，但并未涉及大气环境遥感技术，如空气质量监测、卫星观测或大气成分分析等具体技术。因此，它与大气环境遥感技术的关系不强。,"['ERA5', 'Universal Thermal Climate Index', 'thermal comfort']",Yechao Yan;Shuping Yue;Tianyi Wang;Yutong Liu;Meixue Zhang,Human Sun–Shade Adaptation Reshapes Global Outdoor Thermal Comfort Assessments,"Outdoor thermal comfort assessments typically assume static exposure to either sun‐exposed or shaded conditions, neglecting the common behavior of moving between sun and shade to regulate thermal stress during non‐occupational outdoor activities. This simplification may influence estimates of climate‐driven changes in outdoor thermal comfort where such behavioral adjustment is feasible. Here we introduce a sun–shade adaptive exposure framework and assess global patterns and long‐term trends in comfort days and population exposure using the Universal Thermal Climate Index derived from hourly ERA5 data. Accounting for this adaptive behavior substantially alters estimates of both the annual frequency of comfort days and their long‐term trends. Relative to adaptive exposure, static assumptions can produce differences in estimated comfort days by more than 2 months annually in subtropical regions and in estimated long‐term trends by more than 6 days per decade in low latitudes under sun‐exposed conditions and by more than 4 days per decade in many subtropical regions under shaded conditions. These differences also extend to global population exposure, resulting in different dominant exposure categories. By incorporating sun–shade adaptation into thermal comfort assessments, our results show that widely used static assumptions may not fully capture the evolution of outdoor thermal comfort where behavioral adaptation is possible. This framework complements conventional static exposure assumptions by providing an alternative behavioral perspective for evaluating climate impacts on non‐occupational outdoor activities and informing urban design and heat adaptation strategies."
10.1029/2026EF008789,False,Earth's Future,该论文主要关注极端气候事件与农作物歉收之间的关联，研究内容涉及气候科学和农业领域，但并未直接涉及大气环境遥感技术，如空气质量监测、卫星观测、大气成分分析或气溶胶反演等。因此，它与大气环境遥感技术的关系较弱。,"['crop failures', 'climate events', 'vegetative growth period', 'reproductive growth period']",Shuyuan Huang;Yujie Liu;Junjie Liu;Ermei Zhang;Jiahao Chen;Tao Pan,Stage‐Specific Associations Between Extreme Climate Events and Crop Failures Across China,"Crop failures represent severe lower‐tail risks to food security. However, their climate associations remain insufficiently quantified because localized severe losses are difficult to link to large‐scale climate variability. Using station‐based crop yield, phenology and daily meteorological observations across China from 1981 to 2018, we developed an event‐level diagnostic framework to detect and cluster crop failures and evaluate their statistical associations with temperature‐precipitation extremes during the vegetative growth period (VGP) and reproductive growth period (RGP). Crop failures were defined as LOWESS‐detrended yield anomalies below crop‐specific 10th percentiles and clustered in a longitude‐latitude‐time matrix. Detected crop failures affected 70.0%–100.0% of monitored crop sites across crop systems and contributed 48.8%–54.4% of cumulative negative yield anomalies. Although most events were spatially localized, crop‐site failures showed a clear synchronization peak in the early 1990s. After 2000, background occurrence rates of single and compound extremes during VGP each increased by 1.4 percentage points, whereas corresponding rates during RGP decreased by 3.1 and 1.2 percentage points, respectively. Under the nominal p < 0.10 screening criterion, 22.7%–56.0% of VGP failures and 14.8%–56.0% of RGP failures showed candidate associations with at least one temperature–precipitation extreme. Candidate associations with single extremes were generally more prevalent than those with compound extremes. Sensitivity analyses further showed that low temperature and low precipitation produced the most stable high‐loss signals across crops, stages, FDR subsets and alternative processing choices. These findings support event‐level, phenology‐aware diagnostics for resolving crop‐specific climate risks, identifying critical growth‐stage windows, and improving agricultural risk assessment and adaptation strategies."
10.1038/s41586-026-11189-w,False,Nature,该论文研究的是手性超材料通过扭转屈曲产生的可恢复弹性能量，与大气环境遥感技术（如空气质量监测、卫星观测、大气成分分析、气溶胶反演）无关。,[],Xin Fang;Dianlong Yu;Jihong Wen;Yifan Dai;Matthew R. Begley;Huajian Gao;Peter Gumbsch,Author Correction: Large recoverable elastic energy in chiral metamaterials via twist buckling,"Author Correction: Large recoverable elastic energy in chiral metamaterials via twist buckling 
 "
10.1038/s41586-026-11169-0,False,Nature,该论文研究的是手性氧化唑啉酮的生物催化环化反应，与大气环境遥感技术（如空气质量监测、卫星观测、大气成分分析、气溶胶反演）无关。,[],Zi-Qi Li;Deirdre Hanley;Yu Zhang;Pei-Pei Xie;Sophia J. Wu;Zi-Yang Qin;Chi Zhang;Edwin Alfonzo;Francesca-Zhoufan Li;Sabine Brinkman-Chen;Peng Liu;Frances H. Arnold,Chiral oxazolidinones <i>via</i> biocatalytic aziridination of unactivated alkenes,"Chiral oxazolidinones <i>via</i> biocatalytic aziridination of unactivated alkenes 
 Chiral oxazolidinones are privileged heterocycles broadly used in asymmetric synthesis (1) and drug discovery (2–3). Conventional synthetic routes rely on a “chiral pool” strategy, where enantiopure amino alcohols are required as key intermediates. Of particular importance are a class of 5-(S)-aminomethyl oxazolidinones that are key scaffolds in next-generation antibiotics targeting multidrug- and extensively drug-resistant Mycobacterium tuberculosis (4–6). While many strategies exist to construct chirality at the 4-position (α-to-nitrogen), methods to install the desired 5-stereocentre (α-to-oxygen) remain underdeveloped. Here we report a haemprotein-catalysed aziridination/ring-expansion cascade that enables direct, enantioselective synthesis of clinically relevant and discovery-stage oxazolidinones from simple alkenes. This work advances haemprotein-catalysed nitrene transfer by enabling functionalisation of unactivated alkenes, a reactivity previously limited to conjugated systems such as styrenes. Computational analysis further reveals that key mutations introduced through directed evolution are responsible for the enantioselective formation of these products."
10.1038/d41586-026-03021-2,False,Nature,该论文的标题和摘要均未提及与大气环境遥感技术相关的任何内容，如空气质量监测、卫星观测、大气成分分析或气溶胶反演等。标题和摘要主要关注金融滥用和地球内部力的研究，与大气环境遥感技术完全无关。,[],Benjamin Thompson;Nick Petrić Howe,Bank accounts reveal the fingerprints of abusive financial control,"Analysis of anonymized banking data could help inform strategies to support victim-survivors of financial abuse — plus, how opposing forces within the Earth can alter the length of a day. 
 Analysis of anonymized banking data could help inform strategies to support victim-survivors of financial abuse — plus, how opposing forces within the Earth can alter the length of a day. Hear the biggest stories from the world of science | 23 September 2026"
10.1038/d41586-026-02856-z,False,Nature,该论文的标题和摘要内容与大气环境遥感技术无关，主要讨论再生医学领域的竞争格局，没有涉及空气质量监测、卫星观测、大气成分分析或气溶胶反演等关键词。,[],,Competition heats up in the regenerative-medicine ranks,"The United States leads, but China poses strong competition, according to the latest Nature Index data. 
 The United States leads, but China poses strong competition, according to the latest Nature Index data."
10.1038/d41586-026-02986-4,False,Nature,该论文与大气环境遥感技术无关，主要讨论的是铁器时代的贸易和出土的金属条，不涉及空气质量监测、卫星观测、大气成分分析或气溶胶反演等技术或概念。,[],,Huge hoard of metal bars hints at vast Iron Age trade,"One-tonne cache of iron is the largest ever found — and enough to make roughly 500 swords. 
 One-tonne cache of iron is the largest ever found — and enough to make roughly 500 swords."
10.1038/s41586-026-11053-x,False,Nature,该论文研究的是人类骨骼的基因调控进化，涉及的是生物学和遗传学领域，与大气环境遥感技术（如空气质量监测、卫星观测、大气成分分析、气溶胶反演）没有直接关系。,"['human skeleton', 'cis-regulatory elements', 'gene-regulatory evolution']",Yizhi Yan;Nadav Mishol;Katharina Lange;Zicong Zhang;Gal Bodek;Aya Kigel;Noam Priel;Nachshon Egyes;Omer Ronen;Itamar Nini;Liat Rotenstreich;Amit Philosoph;Sira Martinez;Silvia Beltramone;Rika Tsujikawa;Adi Rozenblatt;Lucas Esteban Wange;María Torralvo;Guy Hirsh;Yael Elboim;Sergey Viukov;Idan Korenfeld;Mythili Damal Kandadai;Océane Cluzeau;Malka Nissim-Rafinia;Eran Meshorer;Jacob H. Hanna;Evie Vereecke;Assaf Marom;Martin Kuhlwilm;Guillaume Bourque;Tomas Marques-Bonet;Simon Fishilevich;Fumitaka Inoue;David Gokhman,The gene-regulatory evolution of the human skeleton,"Massively parallel reporter assays and human–ape hybrid skeletal cells are used to study the evolution of human cis-regulatory elements (CREs), revealing how differences in CREs have shaped the composition of human skeletal tissue. 
 Skeletal modifications were central to human evolution, enabling adaptations for bipedalism, large cranial vaults and childbirth1. Despite their importance, the genetic changes that gave rise to the unique human form remain mostly unknown2. Here we systematically map the gene-regulatory changes that shaped human skeletal evolution. Using massively parallel reporter assays (MPRAs) in chondrocytes, we assayed 561,410 human-derived substitutions in promoters and enhancers, identifying 15,077 loci with human-specific regulatory activity. We then generated human–ape hybrid cells and differentiated them into osteochondral progenitors. Integrating the hybrid cells with MPRA measurements produced genome-wide atlases of human-specific changes in cis-regulatory expression, and the sequence variants that drive them. These atlases reveal an extensive rewiring of the extracellular matrix (ECM), including a marked suppression of glycosaminoglycan (GAG) biosynthesis, leading to an approximately three-to-fourfold reduction in joint GAG content in humans compared with non-human apes. We find that this human-specific shift bears signatures of selection, and is likely to be a key contributor to the exceptional susceptibility of humans to degenerative skeletal diseases3–5. Together, our results reveal a coordinated evolutionary remodelling of the human skeletal ECM, and establish a comprehensive framework for dissecting the genetic basis of human skeletal biology. Massively parallel reporter assays and human–ape hybrid skeletal cells are used to study the evolution of human cis-regulatory elements (CREs), revealing how differences in CREs have shaped the composition of human skeletal tissue."
10.1038/s41586-026-11058-6,False,Nature,该论文主要关注新兴传染病的爆发风险及其与环境和社会因素的关系，并未涉及大气环境遥感技术，如空气质量监测、卫星观测、大气成分分析或气溶胶反演等。,[],Rory Gibb;Sadie J. Ryan;David M. Pigott;Maria del Pilar Fernandez;Renata L. Muylaert;Gregory F. Albery;Daniel J. Becker;Jason K. Blackburn;Hernan Caceres-Escobar;Michael Celone;Evan A. Eskew;Hannah K. Frank;Barbara A. Han;Erin N. Hulland;Kate E. Jones;Rebecca Katz;Adam Kucharski;Direk Limmathurotsakul;Catherine A. Lippi;Joshua Longbottom;Juan Fernando Martinez;Jane P. Messina;Elaine O. Nsoesie;David W. Redding;Daniel Romero-Alvarez;Boris V. Schmid;Stephanie N. Seifert;Anabel Sinchi;Christopher H. Trisos;Michelle Wille;Colin J. Carlson,The anthropogenic fingerprint on emerging infectious diseases,"Emerging infectious disease outbreak risks are ubiquitous worldwide, and highest in landscapes where people, livestock and fragmented natural ecosystems coexist, but detection and data on outbreaks are currently limited by inequalities in healthcare access. 
 Emerging infectious diseases are a hallmark of the Anthropocene1,2. Human-driven ecosystem changes and human–wildlife–livestock contact can drive the emergence of zoonotic and vector-borne diseases3–5, but how much these processes shape landscapes of outbreak risk is poorly understood, beyond a few well-studied systems6–8. Here we consolidate 58,319 outbreak event records for 32 diseases and systematically test how 16 hypothesized social and environmental drivers impact outbreak geographies, while accounting for detection and reporting biases. We show that outbreak risks are typically highest in mosaic landscapes where people and livestock live alongside forests and fragmented ecosystems. These combined factors, along with long-term declines in precipitation, share strong impacts across several vector-borne diseases (for example, dengue, Lyme disease and zoonotic arboviruses). By contrast, directly transmitted zoonoses (for example, Ebola and mpox) share few common drivers, and the impacts of most other anthropogenic pressures (for example, deforestation, climate warming and agricultural intensification) vary widely between diseases. Most consistently, the observed geography of outbreaks is shaped by healthcare access: reporting declines by a median of 32% (range across diseases: 1.2–96.7%) for each additional hour’s travel time from a health facility. Our findings underscore that infectious disease spillover and emergence are multi-causal, and that no one-size-fits-all strategy can prevent epidemics and pandemics. Ecosystem-based public health interventions9 should always follow system-specific evidence, and be paired with greater investment in health systems and One Health pathogen surveillance. Emerging infectious disease outbreak risks are ubiquitous worldwide, and highest in landscapes where people, livestock and fragmented natural ecosystems coexist, but detection and data on outbreaks are currently limited by inequalities in healthcare access."
10.1038/s41586-026-10999-2,False,Nature,该论文研究的是地球自转周期的变化及其驱动机制，与大气环境遥感技术（如空气质量监测、卫星观测、大气成分分析、气溶胶反演）无关。,[],Huifeng Zhang;Mathieu Dumberry,Gravitational torque drives multidecadal variations in length of day,"Multidecadal fluctuations in Earth’s length of day are shown to be driven by gravitational torque and resisted by electromagnetic and topographic forces, improving our understanding of the material properties and dynamics of Earth’s deep interior. 
 Fluctuations in the length of day (LOD) on decadal timescales are caused primarily by an exchange of angular momentum between the Earth’s mantle and core1–3. Several mechanisms have been proposed to explain this exchange, including electromagnetic4–7 and topographic8–10 coupling at the core–mantle boundary (CMB) and a gravitational torque by the inner core11,12. However, the precise nature of the core–mantle torque remains unknown. Here we show that the seismically reconstructed differential rotation of the inner core13–15 and core flows derived from magnetic field changes16,17 suggest that the multidecadal LOD changes are driven primarily by the gravitational torque and resisted by electromagnetic and topographic torques, consistent with results from Earth-like dynamo models18. Our reconstructed torque histories, although tied to the accuracy of the inner core rotation and core flow models, support a lowermost mantle that features near-neutrally buoyant thermochemical piles19–21, a post-perovskite (pPv) phase with a low viscosity22 and a highly conducting23,24 iron-enriched layer a few kilometres thick at its base25. Our results also suggest a low-viscosity inner core deforming in only a few years26–28 and yield an upper limit on the stratification at the top of the fluid core. Altogether, our study contributes to bringing into focus an emerging picture of the deepest regions of our planet. Multidecadal fluctuations in Earth’s length of day are shown to be driven by gravitational torque and resisted by electromagnetic and topographic forces, improving our understanding of the material properties and dynamics of Earth’s deep interior."
10.1038/s41586-026-10836-6,False,Nature,该论文研究的是人类大脑疾病的单核转录组关联研究，与大气环境遥感技术（如空气质量监测、卫星观测、大气成分分析、气溶胶反演）无关。,[],Sanan Venkatesh;Roman Kosoy;Zhenyi Wu;Marios Anyfantakis;Christian Dillard;Prashant N. M.;David Burstein;Deepika Mathur;Chris Chatzinakos;Bukola Ajanaku;Fotis Tsetsos;Biao Zeng;Sonali Gupta;Rachel Bercovitch;Aram Hong;Clara Casey;Marcela Alvia;Zhiping Shao;Stathis Argyriou;Karen Therrien;Athan Z. Li;Chenfeng He;Chirag Gupta;Christian Porras;Colleen A. McClung;Collin Spencer;Daifeng Wang;David A. Bennett;Fotios Tsetsos;Gennadi Ryan;Hui Yang;Jaroslav Bendl;Jennifer Monteiro Fortes;Jerome J. Choi;Kalpana H. Arachchilage;Lars J. Jensen;Lisa L. Barnes;Logan C. Dumitrescu;Lyra Sheu;Madeline R. Scott;Marios Anyfantakis;Maxim Signaevsky;Mikaela Koutrouli;Milos Pjanic;Monika Ahirwar;Nicolas Y. Masse;Noah Cohen Kalafut;Pavan K. Auluck;Pavel Katsel;Pengfei Dong;Pramod B. Chandrashekar;Sanan Venkatesh;Saniya Khullar;Sarah R. Murphy;Sayali A. Alatkar;Seon Kinrot;Steven Finkbeiner;Steven P. Kleopoulos;Tereza Clarence;Timothy J. Hohman;Ting Jin;Vahram Haroutunian;Vivek G. Ramaswamy;Xiang Huang;Xinyi Wang;Zhenyi Wu;Tim Bigdeli;Pavan Auluck;David A. Bennett;Stefano Marenco;Vahram Haroutunian;Kiran Girdhar;Jaroslav Bendl;Donghoon Lee;John F. Fullard;Gabriel E. Hoffman;Georgios Voloudakis;Panos Roussos,Single-nucleus transcriptome-wide association study of human brain disorders,"Single-nucleus transcriptomics across diverse populations is used to explore how genetic risk for brain disorders affects specific cell types, revealing previously hidden gene–trait associations and conserved, cell-type-specific mechanisms. 
 Common brain disorders impose a substantial health burden, but localizing their genetic risk in the brain remains challenging1. Although genome-wide association studies have identified numerous loci associated with neuropsychiatric and neurodegenerative disorders, many of these loci lie in non-coding regions that influence gene expression in specific cell types2–5. Traditional bulk brain transcriptomic analyses, which often focus on European ancestry cohorts, average over cellular diversity, obscuring genetic risk-related changes in gene expression. Here we use single-nucleus gene expression profiles from the dorsolateral prefrontal cortex in the multi-ancestry PsychAD cohort to develop transcriptomic imputation models of genetically regulated expression across major brain cell types. Applying these models to neuropsychiatric and neurodegenerative disorders reveals thousands of gene–trait associations that are undetectable in bulk tissue analyses and resolves many signals to discrete neuronal, glial and immune cell populations. Cross-ancestry analyses in the Million Veteran Program confirm these associations, reveal pleiotropic effects of cell-type-specific predicted expression and demonstrate that trait-related dysregulation is conserved across ancestries, enabling mapping of causal genes and pathways. Together, these findings provide a cell-type-resolved and ancestry-aware atlas of genetically regulated expression in the human prefrontal cortex and illustrate how single-nucleus transcriptomics can sharpen gene discovery and therapeutic target prioritization for complex brain disorders. Single-nucleus transcriptomics across diverse populations is used to explore how genetic risk for brain disorders affects specific cell types, revealing previously hidden gene–trait associations and conserved, cell-type-specific mechanisms."
10.1038/s41586-026-11072-8,False,Nature,该论文研究的是基于176Lu+单离子光学钟的频率参考技术，属于精密时间计量的范畴，与大气环境遥感技术（如空气质量监测、卫星观测、大气成分分析、气溶胶反演等）没有直接关联。,[],K. J. Arnold;M. D. K. Lee;Qi Zhao;Qichen Qin;Zhao Zhang;N. Jayjong;M. D. Barrett,Lu<sup>+</sup> optical frequency references with accuracy verified at the 19th digit,"Two independent 176Lu+ single-ion optical clocks achieve fractional frequency uncertainties near 10−19 and agree at 5.7 × 10−19, advancing precision timekeeping. 
 Optical atomic frequency references1 have far surpassed their microwave frequency predecessors, leading to an anticipated redefinition of the SI (International System of Units) second2. However, as the scientific community seeks consensus on a new standard, and several state-of-the-art optical standards now report evaluated fractional uncertainties below 10−18, verification by same-species comparisons to comparable levels remains an outstanding challenge. Here we report two 176Lu+ single-ion optical frequency references, each with evaluated fractional frequency uncertainty near 1 × 10−19, which are directly compared by correlation spectroscopy and demonstrate agreement, with a measured relative frequency difference of [−0.1 ± (5.7)stat ± (1.0)sys] × 10−19, where ‘stat’ and ‘sys’ indicate the statistical and systematic uncertainty, respectively. Our optical references have been comprehensively assessed with evaluated uncertainties below 10−18, supported by a same-species comparison of independent systems to the 5.7 × 10−19 level. This accuracy, achieved in practical room-temperature systems, will contribute to improving international timekeeping and towards chronometric levelling3,4 at the millimetre scale, as well as tests of fundamental physics5 such as Lorentz invariance6, general relativity7, searches for dark matter8,9 and variation of fundamental constants10,11. Two independent 176Lu+ single-ion optical clocks achieve fractional frequency uncertainties near 10−19 and agree at 5.7 × 10−19, advancing precision timekeeping."
10.1038/s41586-026-11016-2,False,Nature,该论文主要研究多通道肽纳米纤维中的序列编码六边形晶格结构，涉及生物材料中的分子信息和超分子组装，与大气环境遥感技术（如空气质量监测、卫星观测、大气成分分析、气溶胶反演）无直接关联。,"['hexagonal lattices', 'peptide nanofibrils', 'supramolecular assembly']",Jasmina Gačanin;Francesca Mazzotta;Luis Andre Baptista;Nikolay Stoyanov;Matthias Schmidt;Nico Alleva;Thunchanok Thummaraj;Fanny Bonnicel;Cong Zhou;Lei Gao;Jan Münch;Mischa Bonn;Marcus Fändrich;Ingo Lieberwirth;Robinson Cortes-Huerto;Katharina Landfester;Tanja Weil,Sequence-encoded hexagonal lattices in multichannel peptide nanofibrils,"Nine-residue peptides can encode discrete interaction motifs that direct the formation of hexagonal pores, which hierarchically tile into laterally expandable multichannel nanofibrils with defined topology. 
 Structural complexity in biological matter arises from molecular information that encodes supramolecular assembly across length scales1–3. Here we show that minimal nine-residue peptides can encode discrete lateral interaction motifs that direct supramolecular organization. These motifs generate hexagonal pores and hierarchically tile into multichannel nanofibrils with defined topology. Sequence-encoded amphiphilicity combines a cross-β-dimer, an inversion point and a trimeric junction to create complementary interfaces that couple lateral growth to axial stacking, yielding honeycomb lattices with continuous approximately 5-nm solvent-accessible nanochannels. Cryo-electron microscopy resolves the supramolecular architecture and shows that lattice symmetry and pore geometry are preserved across variants. Systematic perturbations establish sequence–structure rules linking residue position to supramolecular symmetry, lattice propagation and channel topology. Molecular dynamics simulations and vibrational spectroscopy show that the channels remain water accessible and show sequence-tunable hydration. These findings establish that a minimal, sequence-encoded interaction hierarchy can programme long-range supramolecular order, providing a general framework for how short peptides can encode complex, symmetry-defined architectures4–12. Nine-residue peptides can encode discrete interaction motifs that direct the formation of hexagonal pores, which hierarchically tile into laterally expandable multichannel nanofibrils with defined topology."
10.1038/s41586-026-11049-7,False,Nature,该论文研究的是金融虐待对受害者财务状况的影响，与大气环境遥感技术（如空气质量监测、卫星观测、大气成分分析、气溶胶反演）无关。,[],Anna Trendl;Nicola Sharp-Jeffs;Karen Perrier;Jane Rodrick;John Gathergood;David Leake,Banking records reveal characteristics of financial abuse,"An analysis of UK banking data reveals that people who reported being victim-survivors of financial abuse experience worse financial outcomes compared with a control group. 
 The experience of financial abuse, a form of domestic abuse involving control over money and finances, can be severe and long-lasting1–3, yet difficult to document4. Evidence on the everyday experiences of victim-survivors in the context of financial abuse is drawn primarily from small-scale, qualitative surveys5,6. Using anonymized banking data from a major UK retail bank, we compared the financial outcomes of a group of female victim-survivors of financial abuse (n = 5,428; identified from customer disclosures to the bank) with a control group (n = 15,602; consisting of individuals with no known disclosures). The control group matched the demographic and socioeconomic characteristics of the victim-survivor group 7 years before disclosure. A comprehensive set of 373 transactional and non-transactional financial outcomes were analysed over this period. Results indicate that, compared with controls, victim-survivors exhibited depleting savings and increasing debts, culminating in missed payments and declining credit scores. They also spent less on self-care, incurred higher transport and legal costs, increased cash withdrawals, changed addresses and passwords more frequently and were more likely to claim welfare benefits. Our results demonstrate how victim-survivors lose financial independence, experience economic instability and suffer financial distress. An analysis of UK banking data reveals that people who reported being victim-survivors of financial abuse experience worse financial outcomes compared with a control group."
10.1038/s41586-026-11051-z,False,Nature,该论文研究的是肿瘤细胞与肝细胞的代谢相互作用，与大气环境遥感技术（如空气质量监测、卫星观测、大气成分分析、气溶胶反演等）无关。,[],Koelina Ganguly;Keisuke Yamamoto;Jason Rodencal;Joel Encarnacion-Rosado;Albert S. W. Sohn;Douglas E. Biancur;Elaine Y. Lin;Ruohong Wang;Carolina Alcantara Hirsch;Anthony Sorrentino;Elshaddai Z. White;Paul M. Grandgenett;Michael A. Hollingsworth;Miwako Kakiuchi;Richard Possemato;Dafna Bar-Sagi;Mitsuhiro Fujishiro;Alec C. Kimmelman,Hepatocytes promote liver metastasis of pancreatic cancer by providing serine,"Metastatic pancreatic ductal adenocarcinoma (PDAC) in the liver that lack the enzyme necessary to synthesize serine can reprogram hepatocytes to produce this amino acid, thus promoting tumour growth and survival. 
 The liver is the primary site of metastasis in pancreatic ductal adenocarcinoma (PDAC), and liver metastases are a major cause of mortality1,2. Nutrient availability in the metastatic niche influences colonization efficiency; however, the metabolic heterogeneity of disseminated tumour cells can also reshape the local microenvironment3–5. Loss of phosphoglycerate dehydrogenase (PHGDH), the rate-limiting enzyme in de novo serine biosynthesis, is observed in nearly 40% of PDACs, and renders these cells dependent on exogenous serine (exSer)6. Although a neuron–tumour metabolic cross-talk supports exSer-dependent PDAC cells at the primary site6, it remains unclear how these cells adapt to the metastatic liver niche. Here we show that exSer-dependent PDAC cells reprogram neighbouring hepatocytes through a CXCL5–CXCR2 axis. Activation of CXCR2 in hepatocytes promotes PI3K–AKT signalling, leading to the sequestration of FOXO3A in the cytoplasm and derepression of PHGDH transcription, thereby enhancing serine production in hepatocytes. This hepatocyte-derived serine supports the outgrowth of exSer-dependent PDAC liver metastases. Accordingly, genetic or pharmacological inhibition of individual nodes within the CXCL5–CXCR2–PI3K–AKT–FOXO3A axis, or hepatocyte-specific deletion of Phgdh or Cxcr2, markedly reduces the liver-metastasis burden in mice and prolongs survival, particularly when dietary serine is restricted. Our findings reveal a cancer cell–hepatocyte metabolic cross-talk and identify therapeutic targets for exSer-dependent PDAC liver metastases. Metastatic pancreatic ductal adenocarcinoma (PDAC) in the liver that lack the enzyme necessary to synthesize serine can reprogram hepatocytes to produce this amino acid, thus promoting tumour growth and survival."
10.1038/s41586-026-11056-8,False,Nature,该论文研究的是针对ABL1和EGFR激酶的二位点抑制剂的设计方法，涉及药物化学和靶向治疗领域，与大气环境遥感技术（如空气质量监测、卫星观测、大气成分分析、气溶胶反演）无关。,[],Jack W. Stevenson;Kevin Lou;Joshua A. Reynolds;Ian R. Outhwaite;Kenneth Huang;Ivan Sokirniy;Sky Y. J. Peterson;Amir Z. Munir;Celine D. Wang;Haider Inam;Emma L. Gebauer;Ariel Leyte-Vidal;Anastasiia Grynyova;Sydney M. Figueroa;Matthew G. Rees;Melissa M. Ronan;Fernando Salangsang;Yan Zeng;Veronica Steri;Jennifer A. Roth;Neil P. Shah;Ignacia Echeverria;Andrej Šali;Ziyang Zhang;Javid J. Moslehi;Markus A. Seeliger;Justin R. Pritchard;Kevan M. Shokat,A design approach for bitopic kinase inhibitors,"Detailed analyses of ligand choice, linkage vector and linker length enabled the development of bitopic inhibitors of ABL1 and EGFR kinases, including an ABL1 inhibitor with enhanced activity against resistance mutations and reduced off-target toxicity. 
 Traditional kinase inhibitors face a trade-off between potency and selectivity because their affinity depends on limited molecular interactions in a single highly conserved binding site. Bitopic inhibitors overcome this limitation by engaging multiple sites on the same target1. Here, using ABL1 and EGFR as model kinases, we systematically explore the bitopic-specific design parameters of ligand choice, linkage vector and linker length and show that they affect potency through inter-ligand cooperativity and linker entropy. We apply this approach to address an unmet clinical need: existing inhibitors of ABL1, an important target in BCR::ABL1-driven leukaemias, are constrained by resistance mutations and off-target effects2. The third-generation inhibitor ponatinib overcomes many resistance mutations, but cardiovascular toxicity limits its clinical use3. We design a bitopic ABL1 inhibitor, PonatiLink-2, that maintains or surpasses the potency of ponatinib against resistance mutants. Moreover, it has an enhanced therapeutic window in vitro and in vivo, which enables increased dosing without apparent toxicity. PonatiLink-2 outperforms clinically relevant treatments in mouse models of BCR::ABL1-driven cancer, both in combination with dasatinib against wild-type BCR::ABL1 and as a single agent against ponatinib-resistant disease. These findings indicate that the bitopic design approach is a promising strategy for developing potent, well-tolerated clinical inhibitors of ABL1 and other targets. Detailed analyses of ligand choice, linkage vector and linker length enabled the development of bitopic inhibitors of ABL1 and EGFR kinases, including an ABL1 inhibitor with enhanced activity against resistance mutations and reduced off-target toxicity."
10.1038/s41586-026-11028-y,False,Nature,该论文研究的是甲烷生成古菌的细胞壁结构，特别是其肽聚糖（或类似物）的化学结构，与大气环境遥感技术（如空气质量监测、卫星观测、大气成分分析、气溶胶反演等）没有直接关系。虽然甲烷生成古菌在大气环境中有一定生态意义，但论文的核心内容是微生物学和生物化学领域，而非遥感技术。,"['methanogens', 'archaeal peptidoglycan', 'glycosyl hydrolase']",Robert Smith;Nika Pende;Aline Rifflet;Najwa Taib;Jerzy Witwinowski;Camille Martin-Gallausiaux;Charlène Cornilleau;Pierre Simon Garcia;Romain Villa;Thibaut Douché;Mariette Matondo;Manuel Majrouh;Robert Reichelt;Dina Grohmann;Patrick Tripp;Sonja-Verena Albers;Guillaume Borrel;Simon K.-M. R. Rittmann;Anna Sartori-Rupp;Richard Wheeler;J. Iñaki Guijarro;Ivo Gomperts Boneca;Simonetta Gribaldo,A methanogen hydrolase reveals the structure of archaeal peptidoglycan,"ArmA from Methanobrevibacter smithii, a dominant member of the human gut microbiome, is identified and characterized as a glycosyl hydrolase specific for cleaving the cell wall of methanogens, revealing an unsuspected chemical structure of archaeal peptidoglycan that includes a previously unidentified sugar. 
 Peptidoglycan (PG) is a near-universal and essential feature of bacterial cell walls and a major antimicrobial target1. Although archaea generally lack PG2, a PG-like polymer (pseudomurein or archaeal PG) was described decades ago in a major clade of methanogenic archaea3–8, yet it has remained poorly characterized, owing to the lack of dedicated analytical tools. Here we identify and characterize ArmA from Methanobrevibacter smithii, a dominant member of the human gut microbiome9, as the first glycosyl hydrolase specific for archaeal PG. ArmA-mediated digestion reveals an unexpected architecture that revises the prevailing model of archaeal PG. The glycan backbone comprises N-acetylglucosamine/N-acetylgalactosamine linked to a previously undescribed sugar, which we name N-acetylarmosamine. Glycan strands alternate β(1,4) and β(1,3) linkages, and the stem peptide is attached by means of an amide bond to the N-acetylarmosamine succinyl group. ArmA has dual enzymatic activity, cleaving both glycosidic linkages and peptide crosslinks. Phylogenetic analyses show that ArmA homologues are restricted to PG-bearing archaea, and we confirm activity across diverse methanogens. We further demonstrate that ArmA is required to complete cytokinesis, cleaving archaeal PG at the site of cell division. Together, these findings overturn a 50-year-old paradigm on archaeal PG structure and establish ArmA as a critical tool that parallels the impact of muramidases in bacteria, enabling biochemical and genetic interrogation of methanogen cell-wall biology. Finally, given the ecological and biotechnological importance of methanogens10,11, our results open new avenues for targeted intervention. ArmA from Methanobrevibacter smithii, a dominant member of the human gut microbiome, is identified and characterized as a glycosyl hydrolase specific for cleaving the cell wall of methanogens, revealing an unsuspected chemical structure of archaeal peptidoglycan that includes a previously unidentified sugar."
10.1038/s41586-026-11007-3,False,Nature,该论文主要研究蝙蝠的进化历史和生物地理学，基于基因组学和古生物学数据，与大气环境遥感技术（如空气质量监测、卫星观测、大气成分分析、气溶胶反演）无关。,[],Ariadna E. Morales;Yan Liang;William R. Thomas;Evgeny V. Leushkin;Francisco X. Castellanos;Denis M. Larkin;Tom Brown;Bastian Fromm;Suzanne J. Hand;Zixia Huang;Graham M. Hughes;Matthew F. Jones;Burton K. Lim;Meike Mai;Eugene W. Myers;Martin Pippel;Sebastien J. Puechmaille;Nancy B. Simmons;Linelle Ann L. Abueg;Nadav Ahituv;Zahran A. AlAbdulsalam;Ine Alvarez van Tussenbroek;Dineilys V. Aparicio;Lina M. Arcila Hernández;Alexander Ben Hamadou;Petr Benda;Mark Blaxter;Alex V. Borisenko;Jorge Brocca;Nair Cabezón;Lucia Carbone;Jose I. Carvajal;Wharton O. Y. Chan;Paul Davis;Dina K. N. Dechmann;Annette Denzinger;Judith L. Eger;Seth J. Eiseb;David Enard;Mark D. Engstrom;Nicole M. Foley;Giulio Formenti;Jackson Fuller;Ismael Galván;Akshamal M. Gamage;Neil J. Gemmell;Joanne E. Gillum;Alejandro Gonzales-Irribarren;Mailyn A. Gonzalez;Steven M. Goodman;Jonathan Gray;Carola Greve;Michael W. Guernsey;Edgar G. Gutiérrez;Yelena Guttman;Michael Hackenberg;Elena Hilario;Leon Hilgers;Thomas W. Horsley;Melissa R. de Waal;Deirdre M. Jafferally;Erich D. Jarvis;Sahieda A. Joemratie;Mirjam Knörnschild;Jenna E. Kohles;Dimitrios-Georgios Kontopoulos;Bonhwang Koo;M. Elise Lauterbur;Michael Letko;Harris A. Lewin;Shenglin Liu;Darrell K. Lizamore;Brian D. Lloyd;Livia Loureiro;M. Cristina MacSwiney G;Yury V. Malovichko;Kirsty McCaffrey;Dominik W. Melville;Magdalena Meyer;William O. Mgoola;Matthieu Muffato;Vincent J. Munster;William J. Murphy;Martina Nagy;Nicolas Nesi;Kimberly A. Nevonen;Haris Nicolaou;Evans E. Nkrumah;Zacharias Norman;Brian P. O’Toole;Sarah H. Olson;Alain Ondzie;Bismark A. Opoku;Jorge Ortega;William S. Pearman;Francy J. Perez-Llanos;Kendra L. Phelps;Myrtani Pieri;Sarahjane Power;Maksym Prylutskyi;Paola Pulido-Santacruz;Guoying Qi;Bernal Rodríguez-Herrera;Danny Rojas;Indranee Roopsind;Stephen J. Rossiter;Constance Scharff;Tilman Schell;Stephanie N. Seifert;Fernando Simal;Pipat Soisook;Simone Sommer;Andrew Spalton;Emma L. Stone;Peter H. Sudmant;Sam Talbot;Robert M. Timm;Laura Uelze;Nathan S. Upham;Marek Uvizl;Peter Vallo;Juan M. Vazquez;Lin-Fa Wang;Linet C. Watson;Daniel Whitby;Sylke Winkler;York Winter;Laurel R. Yohe;Monika Zavodna;Ning Zhang;Huabin Zhao;David A. Ray;Sonja C. Vernes;Liliana M. Dávalos;Michael Hiller;Emma C. Teeling,Reference genomes and fossils revise bat family phylogeny and biogeography,"An updated phylogeny of bats is presented, based on new genome assemblies and many ancient fossils and including all known bat families. 
 Bats are extraordinary among mammals, having uniquely evolved powered flight and laryngeal echolocation, along with disease resistance, extended healthspans and the ability to hibernate1. However, the evolutionary history of bats and the understanding of these adaptations remain unresolved. We analysed chromosome-level, long-read genome assemblies from 103 bat species, including 42 new assemblies, representing all 21 bat families. This dataset, expanded in scope and assembly quality, yielded a new bat phylogeny. We placed Myzopodidae as the earliest branch within Vespertilionoidea, and resolved yangochiropteran relationships, identifying Emballonuroidea and Vespertilionoidea as sister groups. Our analysis revealed a mosaic evolutionary history across bats and explained why previous phylogenetic studies were misled. Chromosomal ancestral-state reconstructions supported 26 ancestral bat chromosomes. We integrated a morphological dataset of 699 characters for 65 species, including 44 pre-Quaternary fossils and representatives of most living bat families, with neutrally evolving genomic sites. Fossilized birth–death and dispersal–extinction cladogenesis analyses showed that bats, and thus powered flight, probably originated in Europe in the late Palaeocene, refuting African and North American origins. Placement of the fossil †Vielasia in the oldest ‘Eochiroptera’ clade indicates that laryngeal echolocation predates crown-bat diversification. Total evidence dating, including the fossil taxa, significantly reduced unrepresented basal branch lengths compared with molecular-only divergence estimates. By integrating comprehensive genomic and morphological datasets, analysed using innovative methods, we resolve long-standing controversies in bat biology and provide new insights into the evolutionary history and trait diversification of bats. An updated phylogeny of bats is presented, based on new genome assemblies and many ancient fossils and including all known bat families."
10.1038/s41586-026-11054-w,False,Nature,该论文主要研究的是神经科学领域的Tuberous Sclerosis Complex（结节性硬化症）及其与星形胶质细胞反应性的关系，与大气环境遥感技术（如空气质量监测、卫星观测、大气成分分析、气溶胶反演等）无关。,[],Thomas L. Li;John D. Blair;Taesun Yoo;Gerald A. Grant;Dirk Hockemeyer;Brenda E. Porter;Helen S. Bateup,mTORC1 drives cell-autonomous astrocyte reactivity in tuberous sclerosis,"Reactive astrocytes emerge as a primary consequence of TSC2 loss in tuberous sclerosis complex, implicating glial dysfunction as a primary driver of pathogenesis and highlighting the astrocytes as potential therapeutic targets for tuberous sclerosis complex-related neuropathology. 
 Tuberous sclerosis complex (TSC) is a genetic neurodevelopmental disorder characterized by focal brain malformations called cortical tubers, which are associated with severe, intractable epilepsy1. Tubers are thought to result from somatic second-hit mutations that disrupt the TSC1 or TSC2 genes in neural progenitor cells, driving hyperactive mTORC1 signalling2. Glial abnormalities are commonly observed in tubers3; however, whether glia actively cause disease or merely result from chronic seizure activity has remained unclear. To address this question, we used human brain organoid models to track the developmental fate of mutated progenitor cells in the absence of seizures. Here we show, using single-cell transcriptomics and cyclic immunostaining across human brain organoids and resected tuber tissue from patients, that loss of TSC2 biases neural progenitors to differentiate into enlarged, pro-inflammatory reactive astrocytes in a cell autonomous manner. These mutant astrocytes show downregulated glutamate transporter expression, increased inflammatory cytokine secretion and elevated expression of neurodegenerative disease risk genes such as APOE and CLU. Our findings demonstrate that reactive astrocytes emerge as a primary consequence of TSC2 loss. These results implicate glial dysfunction as a driver of TSC pathogenesis and highlight reactive astrocytes as potential therapeutic targets for TSC-related neuropathology. Reactive astrocytes emerge as a primary consequence of TSC2 loss in tuberous sclerosis complex, implicating glial dysfunction as a primary driver of pathogenesis and highlighting the astrocytes as potential therapeutic targets for tuberous sclerosis complex-related neuropathology."
10.1038/s41586-026-11059-5,False,Nature,该论文研究的是ZMYND8基因对T细胞 exhaustion 的影响，与大气环境遥感技术（如空气质量监测、卫星观测、大气成分分析、气溶胶反演）无关。,[],Yan Wang;Hao Shi;Nicole M. Chapman;Anil KC;Renqiang Sun;Hao Song;Xiaoxi Meng;Xiang Sun;Hongbo Chi,Targeting ZMYND8 unleashes IL-2 signalling to override T cell exhaustion,"ZMYND8 suppresses IL-2R–STAT5 signalling by inhibiting p300-mediated transcriptional activation of Il2ra to enforce CD8+ T cell terminal exhaustion, and its deletion boosts effector-like states and markedly enhances antiviral and antitumour immunity. 
 CD8+ T cell exhaustion impedes control of chronic viral infection and cancer. This hypofunctional state is characterized by downregulation of the high-affinity IL-2 receptor (IL-2R) and STAT5 signalling, and differentiation from progenitor exhausted to terminally exhausted T cells rather than cytotoxic effector-like cells1–3. The epigenetic mechanisms and regulatory networks that mediate IL-2R–STAT5 signal attenuation and loss of effector-like cell differentiation remain unknown. Here, using in vivo single-cell CRISPR screens of epigenetic factors and IL-2 signalling regulators, we reveal that the chromatin reader ZMYND8 antagonizes IL-2R–STAT5 signals to restrain effector-like states while promoting terminal exhaustion. ZMYND8 expression was upregulated by chronic antigen stimulation, and targeting ZMYND8 in CD8+ T cells promoted both intermediate exhausted T cells and killer cell lectin-like receptor-expressing exhausted T cells. Accordingly, ZMYND8-deficient CD8+ T cells had markedly improved antiviral and antitumour effects, especially in combination with IL-2 therapy or immune checkpoint blockade. Mechanistically, ZMYND8 bound to the active enhancer regions of the Il2ra gene locus that were co-occupied by histone acetyltransferase p300 and suppressed p300 activity. Co-deletion of p300 reversed increased IL-2R expression and effector-like cell differentiation in ZMYND8-deficient cells, suggesting that ZMYND8 represses p300-mediated transcriptional activation to curtail IL-2R–STAT5 signalling. These findings establish an epigenetic rheostat imposing ‘signal 1’ (chronic antigen stimulation)-induced suppression of ‘signal 3’ (IL-2 signalling) to enforce T cell exhaustion, with ZMYND8 deletion unleashing effector-like over terminally exhausted states and enhancing immunotherapeutic efficacy. ZMYND8 suppresses IL-2R–STAT5 signalling by inhibiting p300-mediated transcriptional activation of Il2ra to enforce CD8+ T cell terminal exhaustion, and its deletion boosts effector-like states and markedly enhances antiviral and antitumour immunity."
10.1038/s41586-026-11033-1,False,Nature,该研究主要关注的是二维材料中的超导现象，特别是菱形石墨烯在WSe2基板上的电学性质，这与大气环境遥感技术（如空气质量监测、卫星观测、大气成分分析、气溶胶反演）没有直接关系。,"['rhombohedral graphene', 'superconductivity', 'WSe2 substrate']",Anna Okounkova;Abigail Sohm;Tobias Faehndrich;Manish Kumar;Derek Waleffe;Jiaqiang Yan;Kenji Watanabe;Takashi Taniguchi;Joshua Folk;Matthew Yankowitz,Anomalous metal and superconducting phases in rhombohedral graphene,"Observations of rhombohedral graphene on a WSe2 substrate at varying temperature, magnetic field and current indicate the presence of regions of gate space with zero-resistance superconductivity alongside others with finite saturation resistance. 
 Two-dimensional superconductivity is now well established in graphene-based systems, with many such realizations showing evidence for unconventional pairing1–6. Yet, in several of the gate-tuned phases that otherwise exhibit clear signatures of superconductivity, the resistance does not vanish as temperature is lowered, instead saturating at a finite value2,6–15. Here we report a systematic study of this behaviour in rhombohedral graphene on a WSe2 substrate, finding regions of gate space with zero-resistance superconductivity alongside others with finite saturation resistance. At zero magnetic field, these regions appear as isolated pockets in gate space that otherwise exhibit very similar phenomenology, including abrupt transitions to the normal state as temperature, perpendicular magnetic field and current are raised above critical values. A small in-plane field expands and merges these pockets without qualitatively altering their behaviour, producing a sharp boundary at millikelvin base temperature between states of zero or finite resistance. The finite-resistance state reproduces key phenomenology associated with the anomalous metal, a state that has been observed in thin-film superconductors for decades but lacks an accepted theoretical explanation16,17. The tunability and reproducibility of ultra-clean rhombohedral graphene place strong constraints on extrinsic explanations and provide a new platform for understanding this behaviour. Observations of rhombohedral graphene on a WSe2 substrate at varying temperature, magnetic field and current indicate the presence of regions of gate space with zero-resistance superconductivity alongside others with finite saturation resistance."
10.1038/s41586-026-10271-7,False,Nature,该论文研究的是人类前额叶皮层的单细胞转录组图谱，涉及的是生物学和神经科学领域，与大气环境遥感技术（如空气质量监测、卫星观测、大气成分分析、气溶胶反演）没有直接关系。,[],Hui Yang;Tereza Clarence;Madeline R. Scott;Xinyi Wang;Prashant N. M.;Milos Pjanic;Sanan Venkatesh;Aram Hong;Clara Casey;Sarah R. Murphy;Zhiping Shao;Marcela Alvia;Stathis Argyriou;Alexander Kawah Yu;Athan Z. Li;Biao Zeng;Chenfeng He;Chirag Gupta;Christian Dillard;Christian Porras;Collin Spencer;Daifeng Wang;David A. Bennett;David Burstein;Deepika Mathur;Fotios Tsetsos;Gennadi Ryan;Jennifer Monteiro Fortes;Jerome J. Choi;Kalpana H. Arachchilage;Karen Therrien;Lars J. Jensen;Lisa L. Barnes;Logan C. Dumitrescu;Lyra Sheu;Marios Anyfantakis;Maxim Signaevsky;Mikaela Koutrouli;Monika Ahirwar;Nicolas Y. Masse;Noah Cohen Kalafut;Pavel Katsel;Pengfei Dong;Pramod B. Chandrashekar;Rachel Bercovitch;Roman Kosoy;Saniya Khullar;Sayali A. Alatkar;Seon Kinrot;Steven Finkbeiner;Steven P. Kleopoulos;Timothy J. Hohman;Ting Jin;Vivek G. Ramaswamy;Xiang Huang;Zhenyi Wu;Nadejda M. Tsankova;Pavan K. Auluck;Stefano Marenco;Vahram Haroutunian;Georgios Voloudakis;Jaroslav Bendl;Colleen A. McClung;Donghoon Lee;John F. Fullard;Gabriel E. Hoffman;Kiran Girdhar;Panos Roussos,Lifespan single-cell transcriptomic atlas of the human prefrontal cortex,"The dorsolateral prefrontal cortex exhibits non-linear, cell-type-specific transcriptional trajectories characterized by dynamic remodelling during development, relative stability in midlife and selective molecular reactivation in late adulthood. 
 The human brain undergoes profound changes from early development through late adulthood, shaping cognition, behaviour and vulnerability to disease1,2. Understanding how these changes are organized within specific brain regions and cell types is essential for interpreting normal ageing and its relationship to psychiatric and neurodegenerative disorders. The dorsolateral prefrontal cortex has a central role in higher cognitive functions and is particularly sensitive to age-related decline3, yet its cellular and molecular programs across the human lifespan remain poorly defined. Most existing studies4–7 have focused on restricted age ranges or disease-affected brains, limiting the ability to distinguish normative developmental and ageing trajectories from pathological processes. Consequently, a comprehensive, lifespan-resolved reference of cellular states in the human prefrontal cortex has been lacking. Here, using a single-nucleus transcriptomic atlas spanning the human lifespan, we show that the dorsolateral prefrontal cortex exhibits non-linear, cell-type-specific transcriptional trajectories characterized by dynamic remodelling during development, relative stability in midlife and selective molecular reactivation in late adulthood. We identify distinct neuronal and glial programs, including early-life neuronal resilience pathways and late-life glial programs associated with immune activation, stress responses and circadian reorganization. These programs are anatomically organized across cortical layers and grey–white matter domains, revealing coordinated spatial and molecular changes. Together, these findings provide a framework for understanding how cellular programs transition from resilience to vulnerability in the human cortex and establish a foundation for interpreting age-related cognitive decline and disease risk. The dorsolateral prefrontal cortex exhibits non-linear, cell-type-specific transcriptional trajectories characterized by dynamic remodelling during development, relative stability in midlife and selective molecular reactivation in late adulthood."
10.1038/s41586-026-11040-2,False,Nature,该论文主要研究农业石灰化在密西西比河流域的碳汇作用，虽然涉及大气环境中的碳循环，但并非直接与大气环境遥感技术（如空气质量监测、卫星观测、大气成分分析、气溶胶反演）相关。,"['agricultural liming', 'carbon sink', 'Mississippi River Basin']",Tim Jesper Suhrhoff;Christopher T. Reinhard;Yoshiki Kanzaki;Samuel Shou-En Tsao;Beck Woollen;Tom Reershemius;Samuel Shaheen;James Saiers;Shuang Zhang;Peter A. Raymond;Noah J. Planavsky,Agricultural liming is a carbon sink in the Mississippi River Basin,"Century-scale records of agricultural liming and anthropogenic acidity inputs for the Mississippi River Basin show that agricultural liming has acted as a net carbon sink over the past century. 
 Application of carbonate minerals to arable lands, known as agricultural liming, is a long-standing practice for counteracting soil acidification1–3. Although liming boosts crop yields4, it is also considered a source of agricultural carbon dioxide (CO2) emissions5. Here we show, using century-scale records of agricultural liming and anthropogenic acidity inputs for the Mississippi River Basin, that agricultural liming has acted as a net carbon sink over the past century. Records of river alkalinity fluxes suggest that approximately 90% of the ideal CO2 removal potential of agricultural lime added since 1900 (approximately 0.44 GtCO2) has been realized at the catchment scale, with a decadal-scale time lag owing to soil cation exchange and solute transport. These results are consistent with reactive transport modelling of soil cation throughput, which indicates that net CO2 removal emerges after an initial emissions pulse associated with neutralization of soil acidity pools. Current accounting frameworks implicitly apply an incomplete counterfactual, attributing CO2 emissions to lime addition rather than to the anthropogenic acidity inputs that drive CO2 release. Evaluated against the counterfactual of anthropogenic acidity inputs, agricultural liming represents a net carbon sink in the Mississippi River Basin on decade-to-century timescales. These results suggest that optimized soil pH management can reduce agricultural greenhouse gas emissions while simultaneously improving crop yields and soil health. Century-scale records of agricultural liming and anthropogenic acidity inputs for the Mississippi River Basin show that agricultural liming has acted as a net carbon sink over the past century."
10.1038/s41586-026-11069-3,False,Nature,该论文主要研究的是化学气相沉积法制备的MoS2双层材料的电子特性，特别是其直接带隙、激子发射和谷极化等性质，这些性质与光电子和谷电子学应用相关，但与大气环境遥感技术（如空气质量监测、卫星观测、大气成分分析、气溶胶反演等）没有直接关系。,"['MoS2', 'band gap', 'optoelectronic']",Tilo H. Yang;I-Tong Chen;Min-Jia Zhang;Ju-Yi Huang;Tzu-Hao Kuo;Shao-Yu Chen;Hsing-Yeh Li;Ying-Chun Chao;Zachariah B. Hennighausen;Vo Khuong Dien;Heng-Wen Wei;Meng-Che Wu;Hung-Wei Yen;Tzu-Hung Chuang;Der-Hsin Wei;Jing Kong;Ting-Hua Lu;Kuang-I Lin;Yann-Wen Lan,Stacking-induced direct band gap in CVD-grown 1H MoS<sub>2</sub> bilayers,"Atomically aligned 1H bilayer MoS2 exhibits a direct band gap, enhanced excitonic emission and stronger valley polarization, establishing its potential for advanced optoelectronic and valleytronic applications. 
 Bilayer transition metal dichalcogenides offer superior electronic properties over their monolayer counterparts, such as higher carrier mobility and electrically switchable polarity1–4, positioning them as attractive candidates for next-generation transistors1,5 and sliding ferroelectric devices6,7. However, their inherent indirect band gap severely limits light emission, hindering their integration into optoelectronic systems1,2,5,8–10. Here we show bilayer MoS2 with 1H stacking obtained by a two-step chemical vapour deposition process, yielding atomically precise vertical alignment. The 1H bilayers exhibit a direct band gap, as confirmed by angle-resolved photoemission spectroscopy and density functional theory calculations. Photoluminescence measurements show intensified excitonic emission and the absence of indirect bandgap features. Furthermore, these bilayers exhibit stronger valley polarization than monolayers under both resonant and nonresonant excitation, primarily because of the suppressed intervalley scattering in the top layer. Together, these results establish 1H MoS2 as a model system for stacking-engineered quantum materials and underscore its potential for valleytronic and optoelectronic applications. Atomically aligned 1H bilayer MoS2 exhibits a direct band gap, enhanced excitonic emission and stronger valley polarization, establishing its potential for advanced optoelectronic and valleytronic applications."
10.1038/s41586-026-11052-y,False,Nature,该论文研究的是TRAM蛋白在免疫信号转导中的作用，涉及Toll样受体（TLR）信号通路和myddosome组装，与大气环境遥感技术（如空气质量监测、卫星观测、大气成分分析、气溶胶反演）无关。,[],Daniel Fisch;Vaani Ohri;Eleni Anastasakou;Lucia J. Wesemann;Joon H. Choi;Katherine E. Lindblad;Jonathan C. Kagan,TRAM promotes Toll-like-receptor-free myddosome signal transduction,"TRAM is a regulator of myddosome assembly through dissociating MyD88 from the TLR–TIRAP complex to enable myddosome maturation and durable downstream signal transduction. 
 In the Toll-like receptor (TLR) signal transduction pathways, activated receptors are present for mere minutes within the initial, membrane-proximal signalling complexes called proto-myddosomes1. Proto-myddosomes are rapidly released from TLRs to self-assemble (that is, mature) into enzyme-rich, cytosolic supramolecular organizing centres called myddosomes2–4. Myddosomes induce hours-long inflammatory gene expression5–10. The mechanism controlling proto-myddosome release and its effect on signal transduction are undefined. Here we identify factors that regulate the maturation process of proto-myddosomes into receptor-free cytosolic myddosomes11. Through a genetic screen in macrophages, we identify TRAM, which was previously described to control MyD88-independent TLR signalling, as a regulator of myddosome assembly. Using biochemistry, live-cell imaging and activity reconstitution with recombinant proteins, we show that the plasma-membrane-associated adapter TIRAP seeds proto-myddosomes12,13, after which TRAM dissociates MyD88 from the TLR–TIRAP complex to enable myddosome maturation and downstream signal transduction14–19. In the absence of TRAM, MyD88 cannot dissociate from the TLR–TIRAP complex, resulting in abnormal and unstable MyD88 interactions with downstream signalling enzymes. These findings enabled us to identify TRAM-dependent long-lasting myddosome activities as the determinant of two TLR pathway hallmarks: hours-long NF-κB activation20–24 and secondary response gene expression25–27. Chemical dissociation of cytosolic myddosomes disrupted existing inflammatory activities of TLR-stimulated cells in vitro and in vivo. Collectively, this work establishes TRAM as a regulator of myddosome maturation and signalling, providing the molecular basis for receptor-free signal transduction. TRAM is a regulator of myddosome assembly through dissociating MyD88 from the TLR–TIRAP complex to enable myddosome maturation and durable downstream signal transduction."
10.1038/s41586-026-11029-x,False,Nature,该论文主要研究的是Lsp2蛋白在果蝇中对mTORC1复合物的影响以及其对寿命的调控作用，涉及的是生物分子和遗传学领域，与大气环境遥感技术（如空气质量监测、卫星观测、大气成分分析、气溶胶反演等）没有直接关系。,"['Lsp2', 'mTORC1', 'TOP mRNA']",Jun Wang;Zixin Cai;Jiaojiao Gu;Shiqi Xiong;Jianhan Yi;Meng Yang;Kexin Chang;Xinrui Ning;Yilin Wen;Yan Yan;Jiongming Lu;Yirong Wang;Zongzhao Zhai,Lsp2 links mTORC1 to TOP mRNA translation and lifespan in <i>Drosophila</i>,"In Drosophila, the protein Lsp2, which is induced by dietary essential amino acids, is a key physiological effector of mTORC1, and mutant flies that lack the Lsp2 gene exhibit reduced translation of TOP mRNAs and improved longevity. 
 Mechanistic target of rapamycin complex 1 (mTORC1) senses nutrient availability to orchestrate metabolic processes that are crucial for physiological homeostasis and ageing1. mTORC1 preferentially regulates the translation of 5′-terminal oligopyrimidine (TOP) motif-containing mRNAs (which encode mainly ribosomal proteins) through the 4E-BP translational repressor2; however, this function of mTORC1 is resistant to rapamycin inhibition3. TOP mRNAs are exceptionally abundant, and thus impose a major translational burden on cells, but how their translation is physiologically tuned and linked with lifespan remains unclear. Here we show that Lsp2, which was previously known to be a storage protein4, is also an adipose effector and feedback activator of mTORC1 that modulates lifespan in Drosophila. Expression of Lsp2 is induced by essential amino acids through mTORC1 and is gated by additional signals of nutrient sufficiency. Genetic ablation of Lsp2 robustly extends lifespan without impairing key life history traits such as reproduction. Translatomic profiling shows that loss of Lsp2 selectively reduces global TOP mRNA translation in a 4E-BP-dependent manner, thereby extending lifespan through a mechanism distinct from the effects of rapamycin. Evolutionarily, TOP motifs co-emerged with 4E-BP and are present in nearly all Drosophila ribosomal protein mRNAs. Moreover, we show that the role of TOP motifs in translational control extends to Drosophila. Collectively, our findings reveal a nutrient-induced physiological factor that amplifies mTORC1 output in TOP mRNA translation and regulates organismal longevity. In Drosophila, the protein Lsp2, which is induced by dietary essential amino acids, is a key physiological effector of mTORC1, and mutant flies that lack the Lsp2 gene exhibit reduced translation of TOP mRNAs and improved longevity."
10.1038/s41586-026-11031-3,False,Nature,该论文研究的是果蝇的早期生活饮食与成年后的翻译和寿命的关系，涉及的是生物学和遗传学领域，与大气环境遥感技术（如空气质量监测、卫星观测、大气成分分析、气溶胶反演）无关。,[],Hina Kosakamoto;Rina Okada;Clive S. Barker;Ayako Isomura-Matoba;Jun Seita;Naoshi Dohmae;Koshi Imami;Fumiaki Obata,Lsp2 links early-life diet to adult translation and lifespan in <i>Drosophila</i>,"Isotope tracing is used to determine the fate of larval dietary amino acids in adult flies, and identifies Lsp2 as a key regulator of translation and lifespan that forms the molecular basis of the effects of early-life protein restriction. 
 Nearly a century ago, restricting diet during early-life periods was suggested to extend lifespan in rats and in Daphnia1,2. The effect of juvenile diet on adult physiology and lifespan has subsequently been described in other model organisms, including fruit flies3–5 and mice6–8; however, its mechanism remains poorly understood. Here, using Drosophila as a model, we show that restricting protein intake during the larval stage (early-life protein restriction; ePR) promotes adult lifespan by reducing the levels of storage proteins. Using stable-isotope tracing, we show that dietary amino acids obtained in the larval stage are retained into early adulthood, and are incorporated into ribosomal proteins in particular. This is mediated by larval serum protein 2 (Lsp2), a major storage protein, the expression of which is durably downregulated by ePR in the early adult stage. Genetic silencing of Lsp2 phenocopies ePR, attenuating ribosomal-protein abundance and translational activity in early adulthood, and extending lifespan. Restricting specific amino acids that are especially enriched in these storage proteins, such as phenylalanine and tyrosine, is sufficient to decrease the levels of early-life Lsp2 and promote longevity. These findings identify Lsp2 as a molecular carrier of nutritional history across developmental transitions, linking juvenile nutritional status to adult translational capacity and lifespan. Our study uncovers a previously unrecognized mechanism of nutritional memory that links early-life diet to lifelong organismal health. Isotope tracing is used to determine the fate of larval dietary amino acids in adult flies, and identifies Lsp2 as a key regulator of translation and lifespan that forms the molecular basis of the effects of early-life protein restriction."
10.1038/s41586-026-11050-0,False,Nature,该论文主题为小鼠大脑的脂质组学架构，涉及脑部化学成分和细胞类型的研究，与大气环境遥感技术（如空气质量监测、卫星观测、大气成分分析、气溶胶反演）无关。,[],Luca Fusar Bassini;Halima Hannah Schede;Laura Capolupo;Leila Haj Abdullah Alieh;Irmak Kaysudu;Francesca Venturi;Hannah Hochgerner;Alessandro Valente;Colas Droin;Daniel Trejo Banos;Irina Khven;Jean Andrea Maillat;Anne-Laure Mahul-Mellier;Antonino Asaro;Doğukan H. Ülgen;Pavel Barahtjan;Ece Z. Asirim;Anita Nasrallah;Carmen Sandi;Ekaterina Krymova;Giovanni D’Angelo;Gioele La Manno,The lipidomic architecture of the mouse brain,"A spatial lipidomic atlas of the mouse brain reveals more than 500 biochemical territories that mirror cell types and connectivity, capture oligodendrocyte heterogeneity and ventricular zonation, and are remodelled during pregnancy. 
 Lipids are fundamental components of the brain, crucial for synaptic transmission and signal propagation. Altered brain lipid composition is associated with common and rare neuropathologies, yet the spatial organization of the mammalian brain lipidome remains insufficiently characterized compared with other modalities1–6. Here we mapped the membrane-lipid architecture of the adult mouse brain at micrometric scale, across sexes and during pregnancy. This lipid brain atlas reveals that lipids describe a fine-grained biochemical structure that aligns with functional anatomy. Membrane-lipid spatial heterogeneity clusters into territories, which we termed ‘lipizones’. Lipizones partially mirror cell-type territories, but also capture distal axon terminals. Through lipizones, we (1) reveal the organizing principles of the grey matter lipidome, related to connectivity and cytoarchitecture; (2) discover a new axis of oligodendrocyte heterogeneity in the white matter; and (3) find biochemical zonation in the choroid plexus and in the ventricular walls. We show that this lipidomic architecture can adapt to changing physiological needs. In the brain of pregnant female mice, the white matter is metabolically activated and the cortex undergoes a lipizone-specific remodelling that is particularly pronounced in layer 4. These results are a foundational resource (
              https://lbae-v2.epfl.ch/
              
            ) poised to reshape the understanding of lipids in brain development, physiology and pathology. A spatial lipidomic atlas of the mouse brain reveals more than 500 biochemical territories that mirror cell types and connectivity, capture oligodendrocyte heterogeneity and ventricular zonation, and are remodelled during pregnancy."
10.1038/s41586-025-09573-z,False,Nature,该论文的主题是脑部疾病的单细胞转录组学研究，与大气环境遥感技术（如空气质量监测、卫星观测、大气成分分析、气溶胶反演等）无关。,[],Donghoon Lee;Mikaela Koutrouli;Nicolas Y. Masse;Gabriel E. Hoffman;Seon Kinrot;Xinyi Wang;Prashant N. M.;Milos Pjanic;Tereza Clarence;Fotios Tsetsos;Deepika Mathur;David Burstein;Karen Therrien;Aram Hong;Clara Casey;Zhiping Shao;Marcela Alvia;Stathis Argyriou;Jennifer Monteiro Fortes;Sarah R. Murphy;Pavel Katsel;Pavan K. Auluck;Lisa L. Barnes;Stefano Marenco;David A. Bennett;Athan Z. Li;Biao Zeng;Chenfeng He;Chirag Gupta;Christian Dillard;Christian Porras;Colleen A. McClung;Collin Spencer;Daifeng Wang;Gennadi Ryan;Hui Yang;Jerome J. Choi;Kalpana H. Arachchilage;Lars J. Jensen;Logan C. Dumitrescu;Lyra Sheu;Madeline R. Scott;Marios Anyfantakis;Maxim Signaevsky;Monika Ahirwar;Noah Cohen Kalafut;Pengfei Dong;Pramod B. Chandrashekar;Rachel Bercovitch;Roman Kosoy;Sanan Venkatesh;Saniya Khullar;Sayali A. Alatkar;Steven Finkbeiner;Steven P. Kleopoulos;Timothy J. Hohman;Ting Jin;Vivek G. Ramaswamy;Xiang Huang;Zhenyi Wu;Lars Juhl Jensen;Kiran Girdhar;Georgios Voloudakis;Vahram Haroutunian;Jaroslav Bendl;John F. Fullard;Panos Roussos,Single-cell atlas of transcriptomic vulnerability across brain disorders,"A population-scale single-cell transcriptomic atlas of the human dorsolateral prefrontal cortex provides a perspective of the transcriptomic landscape in neurodegenerative and neuropsychiatric disorders, and offers potential targets for therapeutic intervention. 
 Neurodegenerative and neuropsychiatric diseases impose a considerable societal and public health burden. However, our understanding of the molecular mechanisms underlying these highly complex conditions remains limited1,2. Here, to gain deeper insights into the aetiology of different brain diseases, we used specimens from 1,494 unique donors to generate a population-scale single-cell transcriptomic atlas of the human dorsolateral prefrontal cortex, comprising over 6.3 million individual nuclei. The cohort includes neurotypical controls, as well as donors affected by eight common and complex brain disorders: Alzheimer’s disease (AD), diffuse Lewy body disease (DLBD), vascular dementia (Vas), Parkinson’s disease (PD), tauopathy, frontotemporal dementia, schizophrenia, and bipolar disorder. We show that interindividual variation accounts for a substantial portion of gene expression variation. By comparing transcriptomic variation across diseases, we reveal universal signatures enriched in basic cellular functions such as mRNA processing and protein localization. After discounting these cross-disease signatures, we show stronger genetic and transcriptomic concordance among AD, DLBD, Vas and PD. Furthermore, we characterize transcriptomic variation among different AD phenotypes, distinct from those observed in healthy ageing, revealing a reduction in neuronal abundance in individuals with more severe AD, coupled with an increase in immune and vascular cell populations. Exploring the neuropsychiatric symptoms (NPSs) that frequently accompany AD, we find an increased abundance of deep-layer excitatory neurons associated with a broad range of NPSs. By constructing transcriptome trajectories that capture AD progression, we implicate cell-type-specific responses in the early and late stages of AD. Our disease atlas provides a perspective of the transcriptomic landscape in neurodegenerative and neuropsychiatric disorders, shedding light on shared and distinct processes involving the neurological–immune–vascular systems, and identifying potential targets for therapeutic intervention. A population-scale single-cell transcriptomic atlas of the human dorsolateral prefrontal cortex provides a perspective of the transcriptomic landscape in neurodegenerative and neuropsychiatric disorders, and offers potential targets for therapeutic intervention."
10.1038/s41586-026-11048-8,False,Nature,该论文主要研究的是细胞内环状DNA（ecDNA）的稳定性及其与癌症的关系，涉及DNA修复机制和肿瘤治疗，但与大气环境遥感技术（如空气质量监测、卫星观测、大气成分分析、气溶胶反演等）无关，因此不相关。,"['ecDNA', 'TA repeats', 'DNA repair', 'oncogene amplification']",David Billing;Monica Selvaraj;Megan E. Kelley;Gabriel Matos-Rodrigues;Benton Bailey;Finnja Becker;Gang Zhen;Matthew A. Myers;Alessandra Brambati;Oluchi Ezekwenna;Ashley Nichols;Yi-Zhen Jiang;Lucia Wang;Shih-Chun Wang;Marie-Claude Mathieu;Davide Pradella;Hugo Poirier;Elias Rodriguez-Fos;Stephen J. Morris;Michal Zimmermann;Elsa Callen;Michael Zinda;Andrea Ventura;John Maciejowski;Andrew McPherson;Sohrab P. Shah;Anton George Henssen;André Nussenzweig;Agnel Sfeir,MMEJ repair of breaks at TA repeats maintains ecDNA and cancer fitness,"Stability of extrachromosomal DNA (ecDNA) relies on microhomology-mediated end joining at fragile TA-rich sites, with FANCM suppressing break formation, suggesting that Polθ disruption may destabilize ecDNA and sensitize ecDNA-driven tumours to therapeutic intervention. 
 Extrachromosomal DNA (ecDNA) comprises megabase-sized circular DNA elements that frequently carry oncogene amplifications, driving aggressive tumour phenotypes, therapeutic resistance and poor clinical outcomes across many cancers1–4. Although ecDNA is thought to arise from canonical double-strand break repair, the pathways that maintain it remain unclear. Here we show that inhibition of microhomology-mediated end joining, but not non-homologous end joining or homologous recombination, selectively depletes ecDNA, induces ecDNA-specific damage and promotes its sequestration into micronuclei, compromising the fitness of cancer cells that depend on ecDNA-driven oncogene amplification. Mechanistically, TA-rich loci on ecDNA are hotspots for DNA damage and breakage5,6. The DNA translocase FANCM suppresses break formation at these sites, while breaks that escape FANCM surveillance are cleaved by ERCC1–ERCC4 and channelled into microhomology-mediated end joining for repair. Single-cell whole-genome sequencing shows that disrupting FANCM or polymerase θ (Polθ) in COLO320DM cells causes structural instability characterized by deletions and small duplications, with breakpoints enriched at TA-rich regions. This fragility is recapitulated in human tumours, in which ecDNA rearrangements are enriched at TA repeats. Collectively, our findings reveal TA repeat fragility as an intrinsic vulnerability of circular DNA and identify Polθ inhibition as a promising strategy to potentially destabilize ecDNA and sensitize ecDNA-driven tumours to therapeutic intervention. Stability of extrachromosomal DNA (ecDNA) relies on microhomology-mediated end joining at fragile TA-rich sites, with FANCM suppressing break formation, suggesting that Polθ disruption may destabilize ecDNA and sensitize ecDNA-driven tumours to therapeutic intervention."
10.1038/s41586-026-11102-5,False,Nature,该论文主要关注的是四足机器人的能量效率和运动能力，而不是大气环境遥感技术。论文中提到的技术（如机器人控制、能量消耗优化）与大气环境监测、空气质量分析等遥感技术无关。,[],Choongin Lee;Donghoon Youm;Jeongsoo Park;Jeonghyun Lee;Suyoung Choi;Gwanghyeon Ji;Juhyeok Mun;Moonkyu Jung;Hyungho Chris Choi;Hyeongjun Kim;Hyunsik Oh;Kyungmin Nam;Minho Lee;Jungwoo Hur;Donghyuk Choi;Donggeon Kim;Yeonsu An;Jemin Hwangbo,A quadruped robot designed to complete a marathon on a single battery charge,"RAIBO2, an energy-efficient quadruped robot, completed a full marathon in 4 hours, 19 minutes and 52 seconds on a single battery charge, achieving a total cost of transport of 0.25 that surpasses the human benchmark of 0.37. 
 Recent advances in legged robot control have expanded the potential for quadruped robots in real-world applications, such as rescue operations in disaster zones and mountainous regions1. However, practical deployment is hindered by the limited travel range per battery charge: a challenge compounded by the robots’ inherent structural characteristics. Unlike wheeled robots, quadrupeds continuously expend energy at their joints to support body weight and incur kinetic energy losses during intermittent foot–ground contact. Moreover, optimizing energy consumption is complicated by trade-offs among various physical effects2, necessitating a holistic approach encompassing both hardware and software components. Previous research has predominantly addressed isolated aspects of energy loss3–6. Here we show RAIBO2, an energy-efficient quadruped developed through a comprehensive analysis of its overall energy-loss model. Efficiency is enhanced through a force-transparent, lightweight mechanical hardware, a low-resistance motor driving circuit and a low-energy-dissipation locomotion policy. RAIBO2 completed a full marathon in 4 hours, 19 minutes and 52 seconds on a single battery charge7, achieving a total cost of transport of 0.25: surpassing the human benchmark of 0.37. Compared with existing quadrupeds, RAIBO2 offers more than three times the travel range per battery charge. This breakthrough in energy efficiency paves the way for extended outdoor applications in which prolonged battery life is critical. RAIBO2, an energy-efficient quadruped robot, completed a full marathon in 4 hours, 19 minutes and 52 seconds on a single battery charge, achieving a total cost of transport of 0.25 that surpasses the human benchmark of 0.37."
10.1038/s41586-026-11041-1,False,Nature,这篇论文研究的是鱼类在群体逃避行为中如何通过视觉感知其他鱼类的动作来推断危险，这与大气环境遥感技术（如空气质量监测、卫星观测、大气成分分析、气溶胶反演）无关。,"['air quality monitoring', 'satellite observations', 'atmospheric composition analysis', 'aerosol retrieval']",Jo-Hsien Yu;Geoff T. Meyerhof;Jimjohn Milan;Julia L. Napoli;Matthew Lovett-Barron,Neuronal detection of social actions directs collective escape behaviour,"Collective escape in Danionella cerebrum arises from visual detection of rapid, biologically realistic motion of other fish, with midbrain and thalamic neurons encoding social offsets that enable fish to infer danger from others’ behaviour. 
 Animals in groups obtain information from social partners to engage in adaptive behaviour1–3. Social information transmission is observed in fish schools4–6, bird flocks7,8 and human groups9,10, but the neural representation of such socially acquired information is poorly understood3,11,12. Here we show that, in the schooling glassfish Danionella cerebrum13–15, collective escape from danger can be mediated by an individual’s visual perception of other escaping animals. To understand the neural basis of socially transmitted escape behaviour, we imaged neural activity from adult glassfish viewing the actions of virtual conspecifics. Visual neurons in the midbrain optic tectum16,17 and thalamus18 increased their activity when virtual conspecifics escaped. Escape-responsive neurons also responded to the sudden disappearance of virtual fish, yet were unaffected by the disappearance of stimuli moving with non-biological linear motion. Behaviourally, fish retreated from virtual schools that escaped or disappeared, but only those swimming with biological burst-and-glide motion. Neural encoding of this rapid social offset allows fish to infer danger from social information alone, a potentially effective strategy for animals that are capable of rapid movement but have a limited visual range14,19. These results show how the neural computations of individuals enable rapid information sharing in collectives. Collective escape in Danionella cerebrum arises from visual detection of rapid, biologically realistic motion of other fish, with midbrain and thalamic neurons encoding social offsets that enable fish to infer danger from others’ behaviour."
10.1038/s41586-026-11074-6,False,Nature,该论文主要研究有机二维范德华异质结构的制备和特性，涉及材料科学和电子学领域，与大气环境遥感技术（如空气质量监测、卫星观测、大气成分分析、气溶胶反演等）没有直接关联。,[],Anupam Prasoon;Nguyen Ngan Nguyen;Mike Hambsch;Puja Singhvi;Sophia Terres;Zijie Xiao;Naveen Goyal;Haoyuan Qi;David Mücke;Florian Auras;Zhiyong Wang;Sein Chung;Miroslav Položij;Hai I. Wang;Kilwon Cho;Ute Kaiser;Alexey Chernikov;Mischa Bonn;Stefan C. B. Mannsfeld;Thomas Heine;Xinliang Feng,Organic two-dimensional van der Waals heterostructures,"Sequential on-water-surface assembly enables layer-by-layer stacking of two-dimensional polymers to create both lattice-matched and controlled lattice-mismatched van der Waals heterostructures with defined lattice registry, stacking sequence and thickness. 
 Van der Waals heterostructures based on graphene and inorganic two-dimensional (2D) crystals enable exquisite control of interlayer coupling, and emergent electronic and optical phenomena1,2. Extending this concept to organic 2D crystals has been hindered by weak, non-directional interlayer interactions that frustrate lattice registry. Here we introduce a bottom-up strategy for programmable lattice engineering in organic van der Waals heterostructures of 2D polymers. Sequential on-water-surface assembly enables layer-by-layer stacking of chemically distinct 2D polymers with defined lattice registry, stacking sequence and thickness, yielding both lattice-matched and controlled lattice-mismatched heterostructures. Structural characterization reveals commensurate epitaxy in lattice-matched and small-mismatched systems, whereas large-mismatch interfaces exhibit moiré features and strain-relief distortions. Ultrafast spectroscopy demonstrates efficient interfacial charge separation and first-principles calculations reveal built-in electric fields and interfacial potential steps arising from interfacial dipole alignment. Devices exhibit diode-like rectification ratios exceeding 107 that systematically decrease with increasing lattice mismatch, establishing organic 2D polymer van der Waals heterostructures as a lattice-engineered platform for (opto)electronic and quantum phenomena. Sequential on-water-surface assembly enables layer-by-layer stacking of two-dimensional polymers to create both lattice-matched and controlled lattice-mismatched van der Waals heterostructures with defined lattice registry, stacking sequence and thickness."
10.1038/s41586-026-11046-w,False,Nature,该论文研究的是拟南芥着丝粒的突变动态，涉及基因突变和DNA修复机制，与大气环境遥感技术（如空气质量监测、卫星观测、大气成分分析、气溶胶反演等）无关。,"['mutation spectrum', 'homology-directed repair', 'tandem-repeat arrays']",Xiao Dong;Wen-Biao Jiao;Lara Goldkuhle;Fernando Rabanal;Samija Amar;Matthew T. Parker;José A. Campoy;Yueqi Tao;Bruno Huettel;Jurriaan Ton;Lisa M. Smith;Holger Puchta;Detlef Weigel;Korbinian Schneeberger,The mutational dynamics of the <i>Arabidopsis</i> centromeres,"Centromeres in Arabidopsis thaliana evolve through frequent insertions and deletions of repeat units and increased rates of point mutations driven by homology-directed repair, a mutation spectrum that is sufficient to generate and maintain large homogenized tandem-repeat blocks. 
 Centromeres are essential for faithful chromosome segregation during cell division. Yet despite their conserved function, many centromeres contain highly variable but internally remarkably homogenized tandem-repeat arrays1–5 whose evolutionary dynamics remain poorly understood. Here, using replicated genome assemblies of mutation accumulation lines, we define the centromere-specific mutation spectrum in Arabidopsis thaliana. We find that kilobase-sized insertion–deletion mutations (indels) occur frequently and consistently preserve tandem-repeat arrays by adding or removing only complete repeat units. Point mutations accumulate at an almost tenfold higher rate than elsewhere in the genome, probably driven by non-allelic gene conversion between closely linked repeat units. These findings suggest a central role for homology-directed DNA repair in centromere evolution, further supported by the accumulation of more frequent and longer tandem-repeat-preserving indels in Arabidopsis lines that are deficient in the anti-recombinase helicase RTEL1. Forward-in-time simulations parameterized with the observed mutation spectrum show that kilobase-sized indels and point mutations alone are sufficient to generate the megabase-sized homogenized repeat blocks characteristic of natural centromeres. Together, our results show that centromere evolution is driven by a distinct mutational spectrum shaped by homology-directed DNA repair, providing a quantitative framework for understanding how mutational processes generate and maintain the large-scale architecture of centromeric DNA. Centromeres in Arabidopsis thaliana evolve through frequent insertions and deletions of repeat units and increased rates of point mutations driven by homology-directed repair, a mutation spectrum that is sufficient to generate and maintain large homogenized tandem-repeat blocks."
10.1038/d41586-026-02772-2,False,Nature,该论文研究的是小鼠大脑中脂质的区域组织及其在怀孕期间的重组，与大气环境遥感技术（如空气质量监测、卫星观测、大气成分分析、气溶胶反演）无关。,[],Evan Macosko,Brain lipids are organized into zones — and reorganized during pregnancy,"A map of fats across the whole mouse brain reveals a spatial architecture that differs from that seen in gene-expression and protein atlases. 
 A map of fats across the whole mouse brain reveals a spatial architecture that differs from that seen in gene-expression and protein atlases."
10.1038/d41586-026-02937-z,True,Nature,该论文研究的是使用表面处理技术制造高效且稳定的钙钛矿太阳能组件，这与大气环境遥感技术中的空气质量监测、卫星观测和大气成分分析有一定关联，因为太阳能技术是清洁能源的重要组成部分，可用于减少大气污染。,"['perovskite', 'solar modules', 'passivator']",,Efficient yet stable large perovskite solar modules made using surface treatment,"Non-uniformities in the layer of passivator molecules, which are used to fix defects and protect the surface of perovskite material in solar cells, can limit the durability of the resulting modules. Large modules treated instead with chemically stable lead carboxylate passivators were efficient, reliable and had a higher yield than did commercial silicon modules. 
 Non-uniformities in the layer of passivator molecules, which are used to fix defects and protect the surface of perovskite material in solar cells, can limit the durability of the resulting modules. Large modules treated instead with chemically stable lead carboxylate passivators were efficient, reliable and had a higher yield than did commercial silicon modules. Solar modules treated with lead carboxylate passed the standard test of photovoltaic reliability and had a high yield."
10.1038/d41586-026-02857-y,False,Nature,该论文标题和摘要主要关注再生医学领域中的性别代表性问题，与大气环境遥感技术（如空气质量监测、卫星观测、大气成分分析、气溶胶反演等）无关。,[],Doris A. Taylor,Lack of female researchers and participants in regenerative-medicine research holds everyone back,"The field will not reach its potential using data sets in which women and non-binary people are not fully represented. 
 The field will not reach its potential using data sets in which women and non-binary people are not fully represented."
10.1038/d41586-026-03018-x,False,Nature,该论文研究的是地球内部引力对地球自转的影响，与大气环境遥感技术无关。,[],James Dinneen,Gravitational tug-of-war inside Earth is changing the length of our days,"A battle of forces, driven by the motion of Earth’s core, can explain small variations in the planet’s rotation, study finds. 
 A battle of forces, driven by the motion of Earth’s core, can explain small variations in the planet’s rotation, study finds."
10.1038/d41586-026-03001-6,False,Nature,该论文研究的是一种在高压下制备的特殊硼相，其导电性远超预期，虽然涉及材料科学，但与大气环境遥感技术（如空气质量监测、卫星观测、大气成分分析、气溶胶反演等）没有直接关联。,[],Dhruv Shenai,This weird form of boron is a million times more conductive than chemists expected,"A boron phase prepared under pressure can be stretched. 
 "
10.1038/d41586-026-02949-9,False,Nature,该论文主题是关于教育和人工智能在教育中的应用，与大气环境遥感技术（如空气质量监测、卫星观测、大气成分分析、气溶胶反演）无关。,[],,In praise of human teachers: universities must resist outsourcing everything to AI,"An AI revolution is sweeping through education. But teachers who can convey the excitement of thinking and learning are irreplaceable. 
 An AI revolution is sweeping through education. But teachers who can convey the excitement of thinking and learning are irreplaceable."
10.1038/d41586-026-02855-0,False,Nature,该论文的标题和摘要主要讨论的是干细胞治疗自身免疫性疾病，与大气环境遥感技术（如空气质量监测、卫星观测、大气成分分析、气溶胶反演）无关。因此，该论文与所讨论的主题不相关。,[],Rachel Nuwer,‘Remarkably encouraging’: stem-cell treatments for autoimmune diseases enter new phase,"Scientists are working to transform the body’s most versatile cells into viable therapies, but the challenge of immunosuppression looms. 
 Scientists are working to transform the body’s most versatile cells into viable therapies, but the challenge of immunosuppression looms."
10.1038/d41586-026-02789-7,False,Nature,该论文研究的是植物Rhynchospora tenuis的繁殖方式，与大气环境遥感技术无关，因此不相关。,[],,A plant that reproduces sexually but has clone-like offspring,"The plant Rhynchospora tenuis has no exchange of DNA between parental chromosomes during the production of male and female sex cells. Even so, it still transmits chromosomes and retains sexual reproduction. This unusual system restores parental genetic variants, leading to clonal-like inheritance across generations despite sex-cell production and fertilization. 
 The plant Rhynchospora tenuis has no exchange of DNA between parental chromosomes during the production of male and female sex cells. Even so, it still transmits chromosomes and retains sexual reproduction. This unusual system restores parental genetic variants, leading to clonal-like inheritance across generations despite sex-cell production and fertilization. Only seeds that replicate the parental combination of chromosomes remain viable."
10.1038/d41586-026-02947-x,False,Nature,该论文与大气环境遥感技术无关。标题和摘要主要关注人类大脑前额叶皮层的基因活动，与空气质量监测、卫星观测、大气成分分析或气溶胶反演等主题无关。,[],Amanda Heidt,Landmark map of human brain’s gene activity holds clues to Alzheimer’s disease and more,"The atlas of gene expression in the prefrontal cortex was created using samples from almost 1,500 donors of all ages — from infants to centenarians. 
 The atlas of gene expression in the prefrontal cortex was created using samples from almost 1,500 donors of all ages — from infants to centenarians."
10.1038/d41586-026-02930-6,False,Nature,该论文的主题是人工智能对记忆和推理的影响，以及如何保持大脑敏锐，与大气环境遥感技术（如空气质量监测、卫星观测、大气成分分析、气溶胶反演）无关。,[],Helen Pearson,How to stay smart in the age of AI: the science of critical thinking,"There is growing concern that AI can blunt memory and reasoning. But science shows ways to keep the brain sharp. 
 There is growing concern that AI can blunt memory and reasoning. But science shows ways to keep the brain sharp."
10.1038/d41586-026-02770-4,False,Nature,该论文与大气环境遥感技术无关，主要关注脑部细胞基因表达的分子变化，属于生物医学领域，而非空气质量监测、卫星观测或大气成分分析等。,[],Jennifer E. Below,Vast cellular gene-expression atlas could transform how scientists understand brain ageing and disease,"Single-nucleus RNA sequencing captures molecular changes in the prefrontal cortex across the lifespan and in health and disease. 
 "
10.1038/d41586-026-02775-z,False,Nature,该论文与大气环境遥感技术无关，它研究的是人类骨骼的基因调控变化，属于生物医学领域。,[],Audrey M. Arner;Amanda J. Lea,The human skeleton’s unique adaptations relied on gene regulatory changes,"Variants in genes involved in the production of extracellular matrix molecules could have enabled the skeletal adaptations that distinguish humans from other great apes. 
 Variants in genes involved in the production of extracellular matrix molecules could have enabled the skeletal adaptations that distinguish humans from other great apes."
10.1038/d41586-026-02773-1,False,Nature,该论文主要讨论地球内部的重力作用对地球自转周期的影响，与大气环境遥感技术（如空气质量监测、卫星观测、大气成分分析、气溶胶反演等）没有直接关系。,[],Dominique Jault;Paolo Personnettaz,Gravitational forces inside Earth drag some decades out — and make others fly by,"Variations in day length that occur on multidecadal timescales are caused by gravitational coupling between Earth’s inner core and its solid mantle. 
 Variations in day length that occur on multidecadal timescales are caused by gravitational coupling between Earth’s inner core and its solid mantle."
10.1038/d41586-026-02858-x,False,Nature,该论文标题和摘要描述的是Nature Index的相关术语和方法论，以及natureindex.com网站的功能，与大气环境遥感技术（如空气质量监测、卫星观测、大气成分分析、气溶胶反演）无关。,[],,A guide to the Nature Index,"A description of the terminology and methodology used in this supplement, and a guide to the functionality that is available free online at natureindex.com. 
 A description of the terminology and methodology used in this supplement, and a guide to the functionality that is available free online at natureindex.com."
10.1038/d41586-026-02563-9,False,Nature,该文章的标题和摘要主要关于如何重新点燃攻读博士学位的动机，与大气环境遥感技术（如空气质量监测、卫星观测、大气成分分析、气溶胶反演）无关。,[],Christine Ro,How do I rekindle my motivation for earning my PhD?,"An early-career researcher has hit a roadblock. Here’s how they can persevere in their studies. 
 An early-career researcher has hit a roadblock. Here’s how they can persevere in their studies."
10.1038/d41586-026-03019-w,False,Nature,该论文的主题是关于基于 lutetium 原子的超高精度时钟，这与大气环境遥感技术（如空气质量监测、卫星观测、大气成分分析、气溶胶反演）没有直接关系。,[],Elizabeth Gibney,Best clock ever: timekeeper based on lutetium atoms wows researchers,"The device is a step towards redefining the second using a new generation of ultra-accurate timepieces. 
 The device is a step towards redefining the second using a new generation of ultra-accurate timepieces."
10.1038/d41586-026-02646-7,True,Nature,该论文研究的是农业实践（石灰化）对大气二氧化碳的影响，涉及大气中碳的捕获和释放，这与大气环境遥感技术中的大气成分分析直接相关，因此相关性较强。,"['CO2', 'carbon sink', 'soil acidity', 'river basin', 'atmospheric carbon']",G. Philip Robertson;Stephen K. Hamilton,A widespread agricultural practice is an unexpected CO<sub>2</sub> sink,"‘Liming’ to reduce soil acidity has long been considered a carbon dioxide source, but in North America’s largest river basin, it has resulted in net capture of atmospheric carbon. 
 ‘Liming’ to reduce soil acidity has long been considered a carbon dioxide source, but in North America’s largest river basin, it has resulted in net capture of atmospheric carbon."
10.1038/d41586-026-02771-3,False,Nature,该论文主要研究北方树种在南半球的生长状况，与大气环境遥感技术（如空气质量监测、卫星观测、大气成分分析、气溶胶反演）没有直接关联。,[],Steven A. Kannenberg,Conifer trees can prosper half a world away from their usual home,"Northern Hemisphere trees planted in the Southern Hemisphere can thrive, displaying increased stem growth and physiological signals linked to reduced stress. 
 Northern Hemisphere trees planted in the Southern Hemisphere can thrive, displaying increased stem growth and physiological signals linked to reduced stress."
10.1038/d41586-026-02637-8,False,Nature,该论文标题和摘要主要关注蝙蝠基因组学和进化生物学，与大气环境遥感技术（如空气质量监测、卫星观测、大气成分分析、气溶胶反演等）无关。,[],Josefin Stiller,Genome project opens the next chapter for studying bat evolution,"A landmark collection of bat genomes reveals fresh clues about the evolution of one of the world’s most unusual groups of mammals. 
 A landmark collection of bat genomes reveals fresh clues about the evolution of one of the world’s most unusual groups of mammals."
10.1038/d41586-026-02854-1,False,Nature,该论文标题和摘要讨论的是再生医学领域的基础研究需求，与大气环境遥感技术（如空气质量监测、卫星观测、大气成分分析、气溶胶反演）无关。,[],Alexia Austin,What is needed for regenerative medicine to flourish?,"Although the field’s breakthrough research has the potential to save lives, it requires a more in-depth and equitable foundation of research. 
 Although the field’s breakthrough research has the potential to save lives, it requires a more in-depth and equitable foundation of research."
10.1038/d41586-026-02774-0,False,Nature,该论文研究的是果蝇蛋白质与饮食限制对寿命的影响，与大气环境遥感技术（如空气质量监测、卫星观测、大气成分分析、气溶胶反演等）无关。,[],Linda Partridge,Surprising protein links dietary restriction to increased lifespan in flies,"A fruit-fly protein thought only to store amino acids in fact responds to nutritional deficiency in both development and adulthood, resulting in lifespan extension. 
 A fruit-fly protein thought only to store amino acids in fact responds to nutritional deficiency in both development and adulthood, resulting in lifespan extension."
10.1038/d41586-026-02861-2,False,Nature,标题和摘要内容过于模糊，未提及与大气环境遥感技术相关的任何关键词或概念，因此不相关。,[],Joel Glover,The courier,"A special delivery. 
 A special delivery."
10.1038/s41561-026-02098-8,False,Nature Geoscience,该论文主要研究海底火山喷发和其引发的海啸、平流层火山灰羽流等灾害，与大气环境遥感技术（如空气质量监测、卫星观测、大气成分分析、气溶胶反演等）没有直接相关性。,[],,Sudden collapse of submarine volcano drives extreme hazards,"Seafloor mapping before and after the catastrophic 2022 Hunga eruption showed that the centre of the volcano collapsed by over 1 km, displacing 8.9 ± 0.1 km3 of material. Geophysical surveys show that the caldera collapse occurred during the climactic eruption, triggering extreme tsunami hazards, a stratospheric eruption plume and the breakage of underwater cables. 
 Seafloor mapping before and after the catastrophic 2022 Hunga eruption showed that the centre of the volcano collapsed by over 1 km, displacing 8.9 ± 0.1 km3 of material. Geophysical surveys show that the caldera collapse occurred during the climactic eruption, triggering extreme tsunami hazards, a stratospheric eruption plume and the breakage of underwater cables."
10.1038/s41561-026-02091-1,True,Nature Geoscience,该论文研究了全球变暖对亚洲季风对地中海夏季气候影响的减弱作用，涉及大气环流和气候遥相关，与大气环境遥感技术中的大气成分分析和区域气候监测相关。,"['climate model projections', 'atmospheric dynamics', 'teleconnection']",Hanzhao Yu;Tianjun Zhou;Zhun Guo,Reduced Asian monsoon influence on Mediterranean summers in a warmer climate,"A warming climate may weaken the influence of the South Asian monsoon on Mediterranean summers, as shifting heat and wind patterns reduce its impact on regional weather, according to climate model projections under a high-emissions scenario. 
 The Mediterranean is highly vulnerable to summer heatwaves and wildfires, with its climate strongly influenced by large-scale subsidence linked to the South Asian summer monsoon. However, how this Mediterranean–monsoon teleconnection will respond to global warming remains poorly understood. Here we investigate the future evolution of the South Asian summer monsoon’s remote influence on Mediterranean summer climate under global warming using large ensemble simulations under a high-emission scenario. The monsoon influence on Mediterranean summer circulation weakens substantially under global warming, with the ensemble mean of correlation coefficient decreasing from 0.41 (P < 0.001) to near zero. This weakening results from the westward expansion of the monsoon-induced zonal thermal structure associated with elevated monsoon convection and a reduction in meridional wind anomalies through local dynamical feedbacks. The weakened monsoon-induced subsidence response further reduces the monsoon-related Mediterranean summer precipitation variability, with explained variance decreasing from 14.2% to 5.1%. Our results suggest that global warming will weaken the interannual coupling between the South Asian summer monsoon and Mediterranean summer climate, emphasizing the role of changing atmospheric dynamics in reshaping large-scale climate teleconnections. A warming climate may weaken the influence of the South Asian monsoon on Mediterranean summers, as shifting heat and wind patterns reduce its impact on regional weather, according to climate model projections under a high-emissions scenario."
10.1038/s41561-026-02112-z,True,Nature Geoscience,该论文研究降雨对海洋吸收二氧化碳的影响，涉及空气-海面界面和海洋碳汇的遥感监测技术，属于大气环境遥感技术领域，特别是与卫星观测和大气成分分析相关。,"['CO2 flux', 'air-sea interface', 'ocean carbon uptake', 'rain-induced dilution', 'surface ocean']",Carson R. Witte;Christopher J. Zappa;Wade R. McGillis,Global carbon dioxide flux into the surface ocean intensified by rain-induced dilution,"Climate models that do not consider the influence of rainfall on surface ocean CO2 uptake are underestimating the ocean carbon sink by about 10%, according to a reassessment of rainfall-related dilution on air–sea CO2 fluxes. 
 Rain impacts the flux of carbon dioxide (CO2) across the air–sea interface by three mechanisms: wet deposition, enhancement of surface gas exchange through turbulence and changes in the temperature and salinity of the ocean’s top microlayer. Understanding of these effects has progressed to enable improved estimations for the impact of rain on global ocean carbon uptake, but substantial epistemic uncertainty in estimates of rain-induced salinity dilution limits further constraint on the ocean carbon sink. Here we present a global analysis of rain effects on CO2 exchange employing the most realistic available model of rain-induced dilution for high-resolution satellite datasets, yielding a total rain-induced increase in ocean uptake of 13.6% relative to a wind-only effect. Dilution is found to be responsible for about two-thirds of the total additional uptake due to freshening-induced repartitioning of the carbonate system. This doubles the previously reported upper bound on rain-enhanced ocean carbon uptake, highlighting the importance of saltwater dilution by rain and the corresponding need to improve quantitative understanding of the surface ocean during and after rain. We estimate that observational coverage of carbon in the surface ocean implicitly captures 30% of the dilution effect and find that current global carbon budget estimates are probably underestimating the ocean carbon sink by 10 ± 5% due to their exclusion of rain effects. Climate models that do not consider the influence of rainfall on surface ocean CO2 uptake are underestimating the ocean carbon sink by about 10%, according to a reassessment of rainfall-related dilution on air–sea CO2 fluxes."
10.1038/s41561-026-02106-x,False,Nature Geoscience,该论文主要研究的是古气候学中深海温度变化与南极冰盖扩张的关系，虽然涉及地球环境，但与大气环境遥感技术（如空气质量监测、卫星观测、大气成分分析、气溶胶反演）没有直接关联。,"['deep-sea temperatures', 'benthic foraminiferal', 'Antarctic ice sheet']",Victoria E. Taylor;Alison M. Piasecki;Eivind O. Straume;A. Nele Meckler,Divergent deep-sea temperatures in the Pacific and Atlantic during the onset of Antarctic glaciation,"Deep-sea temperatures in the Pacific Ocean and North Atlantic Ocean responded differently to the expansion of the Antarctic ice sheet at the Eocene–Oligocene transition, according to benthic foraminiferal clumped isotope records. 
 Approximately 34 million years ago at the Eocene–Oligocene transition, Earth cooled sufficiently to sustain a large-scale Antarctic ice sheet. Our understanding of this climatic pivot point relies heavily on oxygen isotope records from deep-sea dwelling benthic foraminifera (δ18Ob), which document a globally synchronous increase, interpreted to reflect a combination of deep-sea cooling and ice-sheet growth. Here we present benthic foraminiferal clumped isotope-derived deep-sea temperature records from two ocean basins, spanning the Eocene–Oligocene transition. Our records from the equatorial Pacific and North Atlantic exhibit divergent temperature behaviour, in contrast to similar δ18Ob signals, with earlier Pacific and later Atlantic cooling compared with the δ18Ob increase. These differences are probably masked in the δ18Ob records by contrasting salinity gradients required to maintain similar densities. A reversed interbasin temperature gradient relative to today, with an overall cooler deep North Atlantic, suggests a very different deep-ocean structure, with potentially two different southern-sourced deep-water masses. The divergent properties of these two water masses may reflect different interactions between the temporally and spatially variable early cryosphere and deep-water formation regions, indicating a direct influence of the cryosphere on deep-water properties. Deep-sea temperatures in the Pacific Ocean and North Atlantic Ocean responded differently to the expansion of the Antarctic ice sheet at the Eocene–Oligocene transition, according to benthic foraminiferal clumped isotope records."
10.1038/s41467-026-78059-x,False,Nature Communications,该论文主要关注单细胞蛋白质组学技术，特别是使用多柱纳米液相色谱系统进行高通量分析。虽然质谱技术是环境遥感中的一种分析工具，但该研究的内容主要集中在生物医学领域，与大气环境遥感技术（如空气质量监测、卫星观测、大气成分分析、气溶胶反演等）没有直接关联。,"['single-cell proteomics', 'multicolumn nanoLC', 'mass spectrometry']",Chao Wang;Hsien-Jung L. Lin;Siqi Huang;Garrett D. Haynie;Kenneth S. Triggs;Ella E. Norton;R. J. S. Miercort;Yen-Jou Chang;David V. Hansen;Thy Truong;Xiaofeng Xie;Ryan T. Kelly,High-throughput label-free single-cell proteomics enabled by multicolumn NanoLC,"Single-cell proteomics reveals cellular diversity, but the throughput has been limited. Here, the authors develop a high-throughput multicolumn nanoLC system that analyzes up to 288 cells per day, identifies ~ 4,000 proteins per cell and profiles inflammatory responses in macrophages. 
 Mass spectrometry (MS)-based single-cell proteomics (SCP) enables proteome-wide analysis at single-cell resolution, offering insights into cellular heterogeneity, biological processes, and disease mechanisms. However, conventional nanoLC-MS workflows are constrained by long gradients and low throughput, limiting their application to small cohorts. Here, we present a multicolumn nanoLC–MS platform that achieves 5-minute separation windows with 100% duty cycles at ~100 nL/min, enabling the analysis of up to 288 single cells per day. The system provides stable peptide separation, negligible carryover, and robust retention-time reproducibility across nearly 1200 consecutive injections. We successfully analyze more than 4000 samples at nearly 288 samples per day (SPD) throughput. The platform identifies ~5000 proteins per 250 pg digest injection and an average of ~4000 proteins per single HeLa cell with maxima exceeding 5100, which is comparable to state-of-the-art longer-gradient workflows. Quantitative benchmarking with mixed-species standards confirm the quantitative accuracy is largely maintained during extended acquisition. Applying the workflow to 783 LPS-treated RAW264.7 macrophages reveals substantial cellular heterogeneity under a uniform inflammatory stimulus. Together, these results establish a robust and scalable platform for high-throughput SCP, enabling thousands of single-cell analyses within a single study while maintaining deep proteome coverage and biological interpretability. Single-cell proteomics reveals cellular diversity, but the throughput has been limited. Here, the authors develop a high-throughput multicolumn nanoLC system that analyzes up to 288 cells per day, identifies ~ 4,000 proteins per cell and profiles inflammatory responses in macrophages."
10.1038/s41467-026-77390-7,False,Nature Communications,该研究主要关注生物相容性水凝胶材料在生理信号监测中的应用，虽然涉及自供电技术，但与大气环境遥感技术（如空气质量监测、卫星观测等）关系不大。,"['biocompatible', 'eutectogel', 'physiological monitoring']",Bo Wu;Xuejie Liu;Zhiheng Zeng;Bolong Li;Haoyu Fang;Derek Ho,Biocompatible piezoionic eutectogel sensor for self-powered physiological monitoring,"Piezoionics enables effective mechanical-to-electrical conversion in self-powered bioelectronics. Here, the authors develop a biocompatible eutectogel with tailored hydrogen-bonded networks, achieving excellent piezoionic properties for high-fidelity physiological signal monitoring. 
 Piezoionics holds promise for self-powered bioelectronics, yet existing hydrogel and elastomer systems are often limited by poor biocompatibility, environmental instability, and low output. Here, we report a biocompatible deep eutectic solvent-polyvinyl alcohol (DES-PVA) eutectogel featuring a robust piezoionic response and practical wearable sensing capabilities. By incorporating a choline chloride-glycerol DES into a PVA network, we engineer tailored hydrogen bonds that selectively constrain choline cations while enabling rapid chloride anion transport, thereby amplifying the piezoionic response to achieve a sensitivity of 60 mV kPa–1. In vitro assays verify the excellent biocompatibility of the eutectogel. Furthermore, practical application demonstrations underscore its capability for precise and continuous monitoring of diverse physiological signals, including pulse waveform and electrocardiograms (ECG), with fidelity comparable to commercial sensors. Overall, this work establishes a self-powered, bio-compliant epidermal platform for advanced iontronics and bioelectronics. Piezoionics enables effective mechanical-to-electrical conversion in self-powered bioelectronics. Here, the authors develop a biocompatible eutectogel with tailored hydrogen-bonded networks, achieving excellent piezoionic properties for high-fidelity physiological signal monitoring."
10.1038/s41467-026-77836-y,False,Nature Communications,该论文标题和摘要主要涉及的是有机太阳能电池的制造技术，特别是使用银纳米线网络和自屏蔽保护技术来制造大面积单片式柔性有机太阳能电池。这与大气环境遥感技术（如空气质量监测、卫星观测、大气成分分析、气溶胶反演等）没有直接关系。,[],Yunfei Han;Zhuo Chen;Long Fang;Li Yin;Lianping Zhang;Rong Huang;Chao Gong;Keqilao Meng;Yongzheng Yang;Lingpeng Yan;Jian Lin;Chang-Qi Ma;Qun Luo,Author Correction: Roll-to-roll AgNWs networks/Ag finger by self-masking protection for large-area monolithic flexible organic solar cells,"Author Correction: Roll-to-roll AgNWs networks/Ag finger by self-masking protection for large-area monolithic flexible organic solar cells 
 "
10.1038/s41467-026-78108-5,False,Nature Communications,该研究主要关注聚乙烯醇凝胶的机械性能增强，涉及材料科学和工程领域，与大气环境遥感技术（如空气质量监测、卫星观测、大气成分分析、气溶胶反演）没有直接关联。,[],Miaoqian Zhang;Jipeng Zhang;Kuankuan Shen;Xinyuan Cheng;Ang Lu,Stiffen and toughen poly(vinyl alcohol) gels via synergistic dehydration and salting out,"Polyvinyl alcohol gels are useful in a number of fields, but balancing stiffness and toughness is challenging. Here, the authors report a method combining dehydration and salting out for high stiffness and toughness. 
 Poly(vinyl alcohol) (PVA) gels are widely used in the fields of biomedicine, flexible electronics, soft machines, etc. However, they face significant performance limitations due to their poor mechanical properties and the difficulty in balancing stiffness and toughness. This work proposes a strategy combining dehydration and salting‑out to develop a PVA gel material with both high stiffness and high toughness. The dehydration process induces the formation of a high-density polymer network with high crystallinity, and the subsequent organic solvent-assisted salting-out effect regulates the aggregate structure while effectively preserving the retention of the crystalline structure. The resultant gel achieves tensile stress of 66.2 MPa, stiffness of 334.2 MPa and toughness of 235.7 MJ m−3, demonstrating a synergistic enhancement that reconciles the long-standing stiffness-toughness trade-off in PVA gels. This study achieves a significant enhancement in the mechanical properties of PVA gel materials through a dehydration-salting out strategy, offering an effective approach to designing high-performance polymeric gels. Polyvinyl alcohol gels are useful in a number of fields, but balancing stiffness and toughness is challenging. Here, the authors report a method combining dehydration and salting out for high stiffness and toughness."
10.1038/s41467-026-78047-1,True,Nature Communications,该论文研究的是一种非毒性的银碲胶体量子点中红外光电探测器，这种技术可以用于大气环境监测，例如通过遥感技术分析大气成分或监测空气质量。因此，它与大气环境遥感技术有较强的相关性。,"['silver telluride', 'colloidal quantum dot', 'mid-infrared photodetector']",So Young Eom;Jin Hyeok Lee;Haemin Song;Suheon Son;Kwang Seob Jeong,Author Correction: Non-toxic silver telluride colloidal quantum dot mid-infrared photodetector,"Author Correction: Non-toxic silver telluride colloidal quantum dot mid-infrared photodetector 
 "
10.1038/s41467-026-78120-9,False,Nature Communications,该论文研究的是有机化学中的磷类似物，与大气环境遥感技术（如空气质量监测、卫星观测、大气成分分析、气溶胶检索）无关。,[],Junjie Jiang;Yixin Guo;Yuyang Li;Lina Wang;Ruitao Ma;Qi Yu;Guntram Rauhut;Xiaoqing Zeng,The phosphorus analogues of diazomethane and isomeric diazirine,"Diazo compounds and isomeric diazirines have been used as powerful reagents in synthetic chemistry since the first discovery of the parent molecules diazomethane and isomeric 3H-diazirine, but little is known about their phosphorus analogues. Here, the authors report the preparation and characterization of methyleneaminophosphinidene and 3H-azaphosphirine. 
 Diazo compounds and isomeric diazirines have been used as powerful reagents in synthetic chemistry since the first discovery of the parent molecules, diazomethane (CH2 = N = N) and isomeric 3H-diazirine (cyc-CH2N2) in 1890s and 1960s, respectively. In contrast, little is known about their phosphorus analogues. Here, we report on the preparation of methyleneaminophosphinidene (CH2 = N = P) in the gas phase through thermal decomposition of dichlorophosphino(trimethylsilyl)methylamine via the intermediacy of an iminochlorophosphane (MeNPCl). The photochemistry of CH2NP isolated in an Ar-matrix at 10 K reveals predominant wavelength-dependent interconversion with 3H-azaphosphirine (cyc-CH2NP), along with further isomerization to isocyanophosphine (H2PNC) and fragmentation to HCN and PH. By direct photolysis of MeNPCl in an Ar-matrix, the hydrogen-bonded π complex between CH2NP and HCl forms, and it can also undergo reversible photoisomerization with the HCl-complex of cyc-CH2NP. The preparation of CH2NP and cyc-CH2NP significantly advances our fundamental knowledge of organophosphorus chemistry. Diazo compounds and isomeric diazirines have been used as powerful reagents in synthetic chemistry since the first discovery of the parent molecules diazomethane and isomeric 3H-diazirine, but little is known about their phosphorus analogues. Here, the authors report the preparation and characterization of methyleneaminophosphinidene and 3H-azaphosphirine."
10.1038/s41467-026-77866-6,False,Nature Communications,该论文主要研究的是通过深度共熔溶剂进行高效肿胀改性来生产纤维素纳米纤维，涉及材料科学和化学领域，与大气环境遥感技术（如空气质量监测、卫星观测、大气成分分析、气溶胶反演）没有直接关系。,"['cellulose nanofibrils', 'deep eutectic solvent', 'swelling-modification']",Shaoning Wang;Lili Zhang;Enqing Zhu;Huangjingyi Chen;Zhixing Hu;Si Wang;Juan Yu;Muhammad Wajid Ullah;Yimin Fan;Zhiguo Wang,Expandable and scalable production of cellulose nanofibrils via highly efficient swelling-modification in deep eutectic solvent,"Deep eutectic solvents enable sustainable, scalable production of cellulose nanofibers, but current systems are acidic, degrading the cellulose. Here, the authors use a pH buffering deep eutectic solvent to obtain cellulose nanofibrils with high aspect ratios and degrees of polymerisation. 
 The scalable production of chemically tailored cellulose nanofibrils (CNFs) remains challenging because native cellulose lacks sufficient chemical versatility for simultaneous fibrillation and functional regulation. Here, we develop a highly efficient swelling-modification strategy using a hydrated deep eutectic solvent (Zn(OAc)2/ChCl/H2O) to enable efficient CNF production and programmable chemical modification. Zn(OAc)2 regulates proton activity through buffering effects, suppressing excessive hydrolysis and preserving the crystalline structure of CNFs with an ultrathin diameter (3–4 nm), high aspect ratio (~1800), high degree of polymerization (600–900), and high yield (93%). By incorporating diverse cyclic anhydrides, this DES system is transformed into a multifunctional operating platform, enabling customizable CNFs with diverse chemical functionalities, including carboxyl groups, double bonds, bridged bicyclic structures, and aromatic rings. This highly efficient swelling-modification strategy provides a scalable and expandable route toward customized CNFs, advancing the design of cellulose-based functional nanomaterials. Deep eutectic solvents enable sustainable, scalable production of cellulose nanofibers, but current systems are acidic, degrading the cellulose. Here, the authors use a pH buffering deep eutectic solvent to obtain cellulose nanofibrils with high aspect ratios and degrees of polymerisation."
10.1038/s41467-026-77984-1,False,Nature Communications,该论文研究的是磁场无磁化切换技术，涉及自旋电子学和磁性材料，与大气环境遥感技术（如空气质量监测、卫星观测、大气成分分析、气溶胶检索）没有直接关联。,"['magnetization switching', 'magnon torque', 'spin and orbital currents']",Guoyi Shi;Hua Bai;Chenhui Zhang;Lei Han;Jiankun Dai;Hui Ru Tan;Meining Du;Yuchen Pu;Wenqing He;Zhaohui Li;Anjan Soumyanarayanan;Cheng Song;Mehrdad Elyasi;Hyunsoo Yang,Efficient field-free magnetization switching through orbital-current-enhanced magnon torque,"Orbital currents have been shown to allow for efficient switching of magnetization. Here, Shi et al. build on this point, demonstrating how spin and orbital currents in RuO2 can jointly excite magnons in an adjacent magnetic insulator, NiO, leading to enhanced magnon torque efficiency and field-free magnetization switching. 
 Efficient control of magnetization is essential for the development of spintronics devices. Various mechanisms, including spin currents, orbital currents, and magnon currents, have been explored to achieve magnetization switching. Among them, magnon currents facilitate low-dissipation transport of spin angular momentum, potentially mitigating energy dissipation associated with Ohmic loss. So far, the magnon currents excited by spin currents have been well-established, while the role of orbital currents in magnon excitation remains much less explored. Here, we report efficient magnon torques in a RuO2/NiO/ferromagnet system, where spin and orbital currents generated by RuO2 jointly excite magnon currents in NiO. Notably, the magnon currents exhibit both in-plane and out-of-plane polarizations, manifesting a high in-plane spin Hall conductivity σs,y = 143.8 × 103 ℏ /2e Ω−1 m−1 and out-of-plane spin Hall conductivity σs,z = 8.3 × 103 ℏ /2e Ω−1 m−1, which enables field-free switching of perpendicular magnetization with low-power consumption. Our findings reveal that spin and orbital currents in RuO2 can jointly excite magnon currents in NiO, enabling efficient field-free switching of perpendicular magnetization and paving the way to low-power spintronic devices. Orbital currents have been shown to allow for efficient switching of magnetization. Here, Shi et al. build on this point, demonstrating how spin and orbital currents in RuO2 can jointly excite magnons in an adjacent magnetic insulator, NiO, leading to enhanced magnon torque efficiency and field-free magnetization switching."
10.1038/s41558-026-02762-2,True,Nature Climate Change,该论文研究全球变暖背景下热浪开始时间的变化，这与大气环境遥感技术中的大气成分分析、空气质量监测等领域密切相关。论文通过分析1979年至2023年的全球数据，评估了热浪开始时间、结束时间和季节长度的变化，这些数据可以通过卫星遥感等手段获取，因此与遥感技术有较强的关联性。,"['heatwave onset', 'atmospheric composition', 'global warming', 'remote sensing']",Wenfang Xu;Donghai Wu;Philippe Ciais;Ying-Ping Wang;Mengtian Huang;Wenping Yuan;Juxiu Liu,Earlier and faster heatwave onset on land under a warming climate,"Heatwaves are expected to become more frequent and intense with global warming. Here the authors assess changes in their timing, finding that the heatwave season expands and that many regions see a faster onset of heatwaves. 
 Heatwaves threaten ecosystems and societies. Previous studies have examined their frequency, intensity and duration, whereas long-term changes in heatwave timing—including onset, ending and season length—remain poorly understood, limiting our ability to anticipate heat-related risks. Here we analyse global changes in these metrics and onset-speed type from 1979 to 2023. Globally, heatwave onset advanced by 3.29 ± 0.12 days per decade, ending was delayed by 5.41 ± 0.12 days per decade and the heatwave season lengthened by 8.71 ± 0.17 days per decade. Trends towards earlier onset, later ending and longer heatwave seasons covered 72.0%, 79.6% and 92.1% of global land, respectively, with statistically significant trends across 13.4%, 20.3% and 34.4%. A recent shift towards faster heatwave onset was observed. Drylands experienced more pronounced timing shifts than humid regions. These findings highlight the need to incorporate heatwave timing into early-warning systems, risk assessments and proactive adaptation under climate change. Heatwaves are expected to become more frequent and intense with global warming. Here the authors assess changes in their timing, finding that the heatwave season expands and that many regions see a faster onset of heatwaves."
10.1038/s41893-026-01935-3,False,Nature Sustainability,该论文研究的是右翼政治支持和清洁技术采用之间的关系，与大气环境遥感技术（如空气质量监测、卫星观测、大气成分分析、气溶胶反演）无关。,[],Sebastian Reining;Moritz Wussow;Chad Zanocco;Benedikt Kau;Rita Sousa-Silva;Corinna Köpke;Sahani Pathiraja;Dirk Neumann,Far-right political support and clean technology adoption in Germany,"Political polarization may hinder the spread of clean technologies, but its influence on adoption may change over time. A study now combines surveys, municipal data and election results to show lower electric vehicle and solar photovoltaic uptake among far-right supporters, with persistent yet increasingly dynamic partisan differences in adoption. 
 The diffusion of clean technologies is critical for climate goals, yet political polarization influences adoption. Here we examine how ideology affects residential solar photovoltaic (PV) and electric vehicle (EV) uptake in Germany, drawing on responses from a three-wave individual-level survey, municipality-level observations of PV and EV registrations and election results. Supporters of the far-right Alternative für Deutschland (AfD) show significantly lower willingness to adopt EVs and, to a lesser degree, PV systems compared with supporters of the pro-environmental Bündnis 90/Die Grünen (GRÜNE) party. However, polarization is not static. The relative adoption gap between municipalities with strong AfD support and those with strong GRÜNE support declined from 76% to 31% for solar PV between 2000 and 2023, and from 84% to 60% for EVs between 2015 and 2019. Here, using an instrumental-variable strategy based on wolf attacks as a predictor of AfD vote share, we provide complementary evidence on the relationship between far-right voting and the adoption of clean technology. Counterfactual simulations indicate that, by 2023, solar PV diffusion could have been up to 1.3% higher and EV diffusion up to 2.9% higher in the absence of rising electoral support for the far right. Political polarization may hinder the spread of clean technologies, but its influence on adoption may change over time. A study now combines surveys, municipal data and election results to show lower electric vehicle and solar photovoltaic uptake among far-right supporters, with persistent yet increasingly dynamic partisan differences in adoption."
None,True,Remote Sensing of Environment,该论文标题和摘要明确涉及“量子增强的多光谱遥感”技术，用于“超低信号环境”，这与大气环境遥感技术（如空气质量监测、卫星观测、大气成分分析、气溶胶反演）高度相关。关键词如“量子增强”、“多光谱遥感”和“超低信号环境”均直接指向该领域的技术创新和应用。,"['quantum-enhanced', 'multispectral remote sensing', 'ultra-low signal environments']",Sumanta Das;Malini Roy Choudhury,Next frontier of Earth observation: Quantum-enhanced multispectral remote sensing for ultra-low signal environments,
None,True,Remote Sensing of Environment,该论文研究了使用Sentinel-5P和EnMAP卫星传感器对格陵兰冰盖上融化冰川的总水汽柱进行对比分析，这与大气环境遥感技术（如卫星观测和大气成分分析）密切相关，因此高度相关。,"['Sentinel-5P', 'EnMAP', 'total column water vapor', 'Greenland ice sheet', 'spaceborne measurements']",Alexander Kokhanovsky;Luca Lelli;Karl Segl;Jörg Bendix,The intercomparison of total column water vapor over a melting glacier on the Greenland ice sheet derived using spaceborne Sentinel-5P and high spatial resolution EnMAP measurements,
None,True,Remote Sensing of Environment,该论文研究利用Sentinel-1卫星的微波监测技术，开发了一种高空间分辨率的植被光学厚度反演算法，用于撒哈拉地区的干旱植被监测。这属于大气环境遥感技术中的卫星观测和植被分析领域，因此与大气环境遥感技术密切相关。,"['Sentinel-1', 'vegetation optical depth', 'microwave monitoring']",Zhixuan Lu;Lei Fan;Rasmus Fensholt;Jiangyuan Zeng;Nicolas Baghdadi;Frederic Frappart;Martin Brandt;Philippe Ciais;Gabrielle De Lannoy;Jian Peng;Abdoul Aziz Diouf;Eric Mougin;Xiaojing Bai;Xiangzhuo Liu;Jean-Pierre Wigneron,Toward fine-scale microwave monitoring of dryland vegetation: an alternative high spatial resolution vegetation optical depth retrieval algorithm from Sentinel-1 over the Sahel region,
None,True,Remote Sensing of Environment,该论文研究了融合合成孔径雷达（SAR）和散射波成像（SWIM）观测数据以提高全球Stokes漂移估计的方法。Stokes漂移是大气中气溶胶和云的运动参数，与大气环境遥感技术密切相关，特别是空气质量监测和卫星观测领域。因此，该论文与大气环境遥感技术密切相关。,"['SAR', 'SWIM', 'stokes drift', 'satellite observations', 'atmospheric remote sensing']",Shihao Zou;Danièle Hauser;Charles Peureux;Qing Li,Fusing SAR and SWIM observations to improve the global stokes drift estimates,
None,True,Remote Sensing of Environment,该论文研究山区所有天空向下短波辐射的时空扩展，涉及大气环境监测和辐射传输，与大气环境遥感技术（如空气质量监测和卫星观测）密切相关。,"['downward shortwave radiation', 'mountainous area', 'atmospheric monitoring']",Guangjian Yan;Shuo Cao;Chunqiang Zhao;Donghui Xie;Xihan Mu;Si Gao,Spatiotemporal extension of all-sky downward shortwave radiation over mountainous area,
None,True,Remote Sensing of Environment,该论文标题和摘要明确涉及了从双卫星极化观测中 retrieves aerosols，使用了物理引导的深度学习技术，这与大气环境遥感技术（如空气质量监测、卫星观测、大气成分分析、气溶胶检索）密切相关。,"['aerosol retrieval', 'dual-satellite', 'polarimetric observations', 'physics-guided deep learning']",Zhihui Wang;Cheng Chen;Jing Wei;Xuefeng Lei;Zhenhai Liu;Li Fang;Hui Chen;Pengfei Ma;Yulong Fan;Lin Sun;Changqing Lin;Ke Xiao;Haixiao Yu;Shangpei Xun;Zhengqiang Li;Jin Hong,Optically consistent multi-parameter aerosol retrieval from dual-satellite polarimetric observations enabled by physics-guided deep learning,
None,True,Remote Sensing of Environment,该论文研究辐射传输模型反演中的偏差-方差权衡对叶面积指数估算不确定性的影响，涉及大气辐射传输和反演技术，与大气环境遥感技术（如大气成分分析、遥感监测）密切相关。,"['radiative transfer model', 'leaf area index', 'atmospheric inversion']",Dasheng Fan;Xihan Mu;Tim R. McVicar;Yongkang Lai;Donghui Xie;Guangjian Yan,Bias-variance trade-off in radiative transfer model inversion drives uncertainty in leaf area index estimation,
None,True,Remote Sensing of Environment,该论文研究了总柱状二氧化氮和气溶胶光学厚度之间的昼夜耦合关系，涉及大气成分分析，与大气环境遥感技术（如空气质量监测和大气成分分析）密切相关。,"['nitrogen dioxide', 'aerosol optical depth', 'atmospheric composition']",Seong-Young Kim;Ukkyo Jeong;Hyunkee Hong;Alexander Cede;Lim-Seok Chang;Serin Kim;Donghee Kim;Hanlim Lee;Thomas Hanisco;Nader Abuhassan;Si-Chee Tsay;Daewon Kim;Jhoon Kim;Jae Hwan Kim;Surassawadee Phoompanit;Enkhbaatar Davaanyam;Muhammad Fahim Khokhar;Abdus Salam;Hisahiro Takashima;Shungo Kato,Diurnal coupling of total column nitrogen dioxide and aerosol optical depth: Insights from the Pandora Asia network,
None,False,Remote Sensing of Environment,该论文研究的是棉花叶片在水盐胁迫下的昼夜动态变化角度，与大气环境遥感技术（如空气质量监测、卫星观测、大气成分分析、气溶胶反演）无关。,[],Qing Li;Dalei Hao;Jan Pisek;Zicheng Ji;Yanan Wei;Youngryel Ryu;Jiarui Xu;Yangmin Feng;Shaozhong Kang;Yelu Zeng,Detecting diurnal dynamics of cotton leaf inclination angle under water-salt stress,
None,True,Remote Sensing of Environment,该论文研究亚洲城市地区黑碳气溶胶的直接辐射强迫，这属于大气环境遥感技术中的空气质量和气溶胶分析领域，因此与大气环境遥感技术密切相关。,"['black carbon', 'direct radiative forcing', 'aerosols', 'urban Asia', 'radiative regimes']",Pravash Tiwari;Jason Blake Cohen;Ralph A. Kahn;Hongrui Gao;Luoyao Guan;Zhewen Liu;Lingxiao Lu;Shuo Wang;Shahid Uz Zaman;Cheng Fan;Simone Lolli;Zhengqiang Li;Oleg Dubovik;Kai Qin,Observation-constrained clear-sky direct radiative forcing of black carbon containing aerosols reveals distinct radiative regimes across urban Asia,
None,True,Remote Sensing of Environment,该论文研究的主题与大气环境遥感技术密切相关。标题和摘要中提到了InSAR（干涉合成孔径雷达）技术，这是一种用于监测大气延迟的遥感方法。此外，论文关注的是大气延迟在复杂大气和地形条件下的缓解，这与大气成分分析、卫星观测和空气质量监测等领域直接相关。因此，该论文与大气环境遥感技术高度相关。,"['InSAR', 'tropospheric delay', 'atmospheric conditions']",Yi Shao;Yuxing Chen;Liming Jiang;Bin Yan;Zhiwei Zhou,CEDA-Net: A cascade empirical–deep network for mitigating InSAR tropospheric delay in complex atmospheric and topographic conditions,
None,True,Remote Sensing of Environment,该论文研究了长期重建每日全球OMI NO2产品的技术，涉及卫星观测、大气成分分析等，与大气环境遥感技术密切相关。,"['OMI', 'NO2', 'satellite observations', 'atmospheric composition', 'remote sensing']",Yuan Wang;Duoduo Liu;Qianqian Yang;Qiangqiang Yuan;Yuanjian Yang;Tongwen Li;Lu Zhang;Mengya Wang;Zhige Wang;Jiang He;Denghong Liu;Yi Xiao,Long-term reconstruction of daily global OMI NO<sub>2</sub> product between 2005-2023 with spatiotemporally constrained compressive sensing,
None,True,Remote Sensing of Environment,该论文使用LiDAR数据量化森林的三维结构组织，这属于遥感技术在森林生态和地表参数监测中的应用，与大气环境遥感技术中的地表参数反演和植被监测相关。,"['LiDAR', 'forest', 'three-dimensional structural organization']",Xin Yang;Wen Xiao;Wenxia Dai;Guang Zheng,3DSO: Quantifying forest three-dimensional structural organization beyond the canopy surface using LiDAR data,
None,True,Remote Sensing of Environment,该论文研究使用紧凑型太阳盲光学辐射计直接量化太阳诱导叶绿素荧光，这与大气环境遥感技术中的大气成分分析直接相关。叶绿素荧光是植物光合作用的重要指标，通过遥感技术监测可以反映植被健康和大气环境变化，因此该研究属于大气环境遥感技术领域。,"['solar-induced chlorophyll fluorescence', 'compact solar-blind optical radiometers', 'atmospheric composition analysis']",Jonas Kuhn;Jochen Stutz,Direct quantification of solar-induced chlorophyll fluorescence using compact solar-blind optical radiometers,
None,True,Remote Sensing of Environment,该论文研究了Landsat TIRS数据在反演地表温度时如何考虑大气水汽的影响，涉及遥感技术中的大气校正和数据处理，与大气环境遥感技术密切相关。,"['Landsat TIRS', 'surface temperature', 'atmospheric water vapor']",Amirhossein Hassanzadeh;Robert Mancini;Aaron Gerace;Rehman Eon;Matthew Montanaro;Elphas Khata,An uncertainty workflow for landsat TIRS split window surface temperature products incorporating atmospheric water vapor,
None,True,Remote Sensing of Environment,该论文使用ICESat-2 ATL08高度数据和Landsat时间序列来评估美国南部黄松的年龄-高度关系，涉及卫星观测技术和数据解析，与大气环境遥感技术（如卫星观测、时间序列分析）密切相关。,"['ICESat-2', 'ATL08', 'Landsat', 'time series', 'age-height relationship']",Sonia Sharma Banjade;Randolph H. Wynne;Valerie A. Thomas;Patrick C. Green;Todd A. Schroeder,Using ICESat-2 ATL08 heights and Landsat time series to assess the age-height relationship of southern yellow pines in the US,
None,True,Remote Sensing of Environment,该论文研究了利用空间激光雷达和多源地理空间数据集对北京-天津-河北大都市群进行城市建筑高度测绘的技术。虽然主要关注的是城市建筑高度，但空间激光雷达是一种常见的遥感技术，可用于大气环境监测和大气成分分析，因此与大气环境遥感技术具有相关性。,"['spaceborne LiDAR', 'urban building height mapping', 'multisource geospatial datasets']",Jieying Lao;Sheng Nie;Cheng Wang;Xiaohuan Xi;Xiaoxiao Zhu,Urban building height mapping in Beijing-Tianjin-Hebei megalopolis by synergy of spaceborne LiDAR and multisource geospatial datasets,
None,True,Remote Sensing of Environment,该论文使用卫星数据对澳大利亚的动态潮间带进行三维形状变化映射，涉及卫星观测技术和地理空间分析，与大气环境遥感技术中的卫星观测和地表特征分析相关。,"['satellite data', 'intertidal zone', '3D shape mapping']",Robbi Bishop-Taylor;Claire Phillips;Stephen Sagar;Vanessa Newey,Time and tide: Mapping the changing 3D shape of Australia's dynamic intertidal zone using time series satellite data,
None,False,Remote Sensing of Environment,该论文的主题是全球地表物候产品（LSP）的比较和评估，主要关注地表植被变化的时间序列分析，与大气环境遥感技术（如空气质量监测、卫星观测、大气成分分析、气溶胶反演）没有直接关系。,"['land surface phenology', 'LSP', 'global products']",Getachew Mehabie Mulualem;Jose A. Caparros-Santiago;Victor Rodriguez-Galiano;Jadunandan Dash,Intercomparison and evaluation of global land surface phenology (LSP) products,
None,False,Remote Sensing of Environment,该论文的标题和摘要主要关注小麦收获的跨尺度监测，利用知识引导的机器学习框架和样本增强技术。这与大气环境遥感技术（如空气质量监测、卫星观测、大气成分分析、气溶胶反演等）没有直接关系，因此不相关。,"['machine learning', 'cross-scale', 'wheat harvest']",Mingchao Shao;Chongya Jiang;Jingwei An;Haokai Zhu;Yue Li;Xia Yao;Tao Cheng;Hengbiao Zheng;Weixing Cao;Yan Zhu,A knowledge-guided machine learning framework for cross-scale wheat harvest monitoring via sample augmentation,
None,False,Remote Sensing of Environment,该论文主要研究的是结合 PRI 和土壤湿度开发新的水分胁迫指数，用于评估摩洛哥的油树水分状况，与大气环境遥感技术（如空气质量监测、卫星观测、大气成分分析、气溶胶反演）没有直接关系。,"['water stress index', 'PRI', 'soil moisture', 'olive tree', 'Morocco']",Hamza Barguache;Jamal Ezzahar;Said Khabba;Jamal Elfarkh;Salah Er-Raki;Adnane Chakir;Lionel Jarlan;Zoubir Rafi;Pascal Fanise;Valerie Le Dantec,Development of a new water stress index combining PRI and soil moisture for assessing olive tree water status in Morocco,
None,False,Remote Sensing of Environment,该论文主要研究的是古河岸滑坡的长期蠕变和活动厚度变化，与大气环境遥感技术（如空气质量监测、卫星观测、大气成分分析、气溶胶反演）没有直接关联。,"['InSAR', 'paleo riverbank landslide', 'anomalous water levels']",Huiyuan Luo;Chuanhao Pu;Zhong Lu;Xuanmei Fan;Qiang Xu,Multitemporal InSAR analysis of long-term creep and active thickness changes in a paleo riverbank landslide driven by anomalous water levels,
None,True,Remote Sensing of Environment,该论文使用Landsat时间序列数据，结合深度学习技术进行森林干扰检测，属于遥感技术中的卫星观测和数据分析范畴，与大气环境遥感技术（如卫星观测、大气成分分析）有较强的相关性。,"['Landsat', 'time series', 'deep learning']",Alba Viana-Soto;Jorunn Anna Mense;Katja Kowalski;Jan Pauls;Fabian Gieseke;Cornelius Senf,Deep learning-based forest disturbance detection for Europe using Landsat time series,
None,False,Remote Sensing of Environment,该论文研究的是基于知识迁移的树木冠层分割技术，与大气环境遥感技术（如空气质量监测、卫星观测、大气成分分析、气溶胶反演）没有直接关系。,"['tree crown segmentation', 'knowledge transfer', 'scene-specific labels']",Jiaqi Yang;Kyle Kabasares;Ming Liu;Taejin Park;Min Chen,Unified knowledge transfer boosts individual tree crown segmentation without scene-specific labels,
None,True,Remote Sensing of Environment,该论文与大气环境遥感技术密切相关，因为标题和摘要中提到了Sentinel-2卫星传感器，这是一种用于地球观测的卫星，可以获取大气和地表数据。此外，研究内容涉及云免费时间序列重建和复杂退化的处理，这与大气成分分析、空气质量监测等遥感技术应用领域高度相关。,"['Sentinel-2', 'cloud-free time series', 'atmospheric degradations']",Ziyang LiHe;Qiangqiang Yuan;Jiang He;Liupeng Lin;Xianyu Jin;Huanfeng Shen;Liangpei Zhang,Reconstructing cloud-free Sentinel-2 time series under complex degradations with state-driven spatio-temporal modeling,
None,True,Remote Sensing of Environment,该论文标题和摘要明确涉及从 FengYun-3D 卫星获取植被光学深度数据，这属于大气环境遥感技术的范畴，特别是卫星观测和植被参数反演。因此，它与大气环境遥感技术密切相关。,"['FengYun-3D', 'vegetation optical depth', 'remote sensing']",Lei Fan;Mengjia Wang;Dongbo Chen;Philippe Ciais;Frédéric Frappart;Jiangyuan Zeng;Gabrielle De Lannoy;Jian Peng;Xiuqing Hu;Ronghan Xu;Xin Li;Xiaojun Li;Xiangzhuo Liu;Yao Xiao;Jean-Pierre Wigneron,First vegetation optical depth product retrieved from FengYun-3D X-band observations,
None,True,Remote Sensing of Environment,该论文使用BTSAD和CBPA方法监测全球红树林的时空演化和功能退化，涉及Landsat和HLSv2.0遥感数据，这与大气环境遥感技术（如卫星观测和时空分析）密切相关。,"['BTSAD', 'CBPA', 'Landsat', 'HLSv2.0', 'mangrove']",Bolin Fu;Weiping Yi;Yeqiao Wang;Hang Yao;Mingming Jia;Ertao Gao;Donglin Fan,Monitoring global mangrove spatial evolution and functional degradation using BTSAD and CBPA methods over a 36-year dense Landsat and HLSv2.0 time series,
None,True,Remote Sensing of Environment,该论文使用Sentinel-1卫星数据来检测农作物的播种和收获日期，这属于遥感技术在农业和环境监测中的应用，与大气环境遥感技术中的卫星观测和地表覆盖监测相关。,"['Sentinel-1', 'crop sowing', 'harvesting dates']",Shuai Xu;Xiaolin Zhu,A new adaptive approach for detecting crop sowing and harvesting dates from Sentinel-1 time series,
None,True,Remote Sensing of Environment,该论文研究了利用卫星土壤湿度进行作物生产力异常的亚季节预测，涉及卫星观测技术和环境监测，与大气环境遥感技术中的空气质量监测和大气成分分析相关。,"['satellite soil moisture', 'sub-seasonal forecasting', 'cropland productivity']",Adebowale Daniel Adebayo;Catherine Nakalembe,Sub-seasonal forecasting of cropland productivity anomalies using satellite soil moisture in water-limited environments,
None,True,Remote Sensing of Environment,该论文与大气环境遥感技术相关，因为Planet Dove是一种卫星平台，用于监测海岸线，这涉及到遥感技术和地球观测，与大气成分分析、卫星观测等领域有交叉。,"['Planet Dove', 'coastlines', 'monitoring']",Katherine C. Cavanaugh;Kyle Dorman;Kyle C. Cavanaugh,Capability of Planet Dove for monitoring the world's coastlines,
None,True,Remote Sensing of Environment,该论文研究了地上生物量和土壤湿度干旱对基于VOD（体积含水量）的全球等湿润性估计的影响，涉及遥感技术和大气成分分析，与大气环境遥感技术密切相关。,"['VOD', 'global isohydricity', 'biomass', 'soil moisture drought']",Yuanzhizi Deng;Yao Zhang,Effects of aboveground biomass and soil moisture drought on VOD-based global isohydricity estimates,
None,False,Remote Sensing of Environment,该论文主要关注利用机器学习方法从高分辨率植被指数数据中提取作物物候信息，与大气环境遥感技术（如空气质量监测、卫星观测、大气成分分析、气溶胶反演）关联性较低。,"['vegetation index', 'crop phenology', 'machine learning']",Ruoque Shen;Qiongyan Peng;Xiangqian Li;Jianxi Huang;Jin Chen;Jie Dong;Xiuzhi Chen;Wenping Yuan,SMFS-RF: a knowledge-guided machine-learning method for crop phenology extraction from fine-resolution vegetation index data,
None,True,Remote Sensing of Environment,该论文与大气环境遥感技术密切相关，因为Landsat 10是一个用于卫星观测的传感器，而LandIS是其传感器系统的一部分。这些技术通常用于空气质量和大气成分分析。,"['Landsat 10', 'LandIS', 'sensor design']",Matthew Montanaro;Jeffrey Yee;Edmond Chung;Julie Montoya;Benjamin Turk;Eric Johnson;Andrew Pozo;Evan Haas;Steven Persh;Shawn Serbin;Thomas R. Holmes;Phillip W. Dabney;Bruce D. Cook;Christopher S.R. Neigh,Landsat Instrument Suite (LandIS) sensor design for the Landsat 10 mission,
None,False,Remote Sensing of Environment,该论文标题和摘要主要关注生物多样性科学和保护的BioSat指数，与大气环境遥感技术（如空气质量监测、卫星观测、大气成分分析、气溶胶反演）没有直接关系。,"['BioSat indices', 'biodiversity', 'conservation']",Volker C. Radeloff;Eduarda M.O. Silveira;Akash Anand;Duanyang Liu;Kathleen A. Carroll;Nicholas C. Coops;Gabriel C. Costa;Maxim Dubinin;Laura S. Farwell;Paul R. Elsen;Martina L. Hobi;Elena Razenkova;Naparat Suttidate;Benjamin Zuckerberg;Anna M. Pidgeon,The BioSat indices designed for biodiversity science and conservation,
None,True,Remote Sensing of Environment,该论文的标题和摘要明确涉及了Landsat卫星观测数据和全球蒸散量产品，这与大气环境遥感技术（如卫星观测、大气成分分析）密切相关。Landsat是美国国家航空航天局（NASA）的卫星系列，用于地球观测，包括大气和地表参数的监测，因此该研究属于大气环境遥感技术的范畴。,"['Landsat', 'evapotranspiration', 'global', 'satellite observations']",Gabriel B. Senay;Gabriel E.L. Parrish;Kul Khand;Lei Ji;Ray Dittmeier;MacKenzie Friedrichs;John Volk;Charles Morton;Leonardo Laipelt;Stefanie Kagone;Sheila M.V. Cochrane;Jordan Dornbierer;Saeed Arab;Calli Jenkerson;Anderson Ruhoff;Michael Budde,"On-demand global Landsat evapotranspiration product: development, evaluation, and dissemination",
None,True,Remote Sensing of Environment,该论文涉及使用Landsat卫星数据进行的灌溉制图和实际蒸散量估算，结合水文模型评估区域灌溉动态，这与大气环境遥感技术中的卫星观测和地表过程监测密切相关，因此相关性较强。,"['Landsat', 'irrigation mapping', 'actual evapotranspiration']",Jorge L. Peña-Arancibia;Yingying Yu;Tim R. McVicar;Thomas G. Van Niel;Francis H.S. Chiew;Darin Hodgson;Jamie Vleeshouwer;Aarond Dino;Zachary Brown;Anthony Nadelko,Integrating Landsat-based irrigation mapping and actual evapotranspiration estimates with hydrological modelling to assess regional irrigation dynamics in a large basin experiencing extreme climate variability: Towards a national operational irrigation water accounting system,
None,True,Remote Sensing of Environment,该论文使用Landsat地表温度数据提取生物热变量，应用于生物多样性研究。虽然主要关注生物多样性，但Landsat地表温度数据属于遥感技术范畴，可用于大气环境监测（如热红外遥感大气成分）。因此，与大气环境遥感技术有一定相关性。,"['Landsat', 'surface temperature', 'biodiversity']",Eduarda M.O. Silveira;Anna M. Pidgeon;Volker C. Radeloff,The BioThermal variables derived from Landsat surface temperature data for biodiversity applications,
None,True,Remote Sensing of Environment,该论文标题和摘要中涉及地球观测基础模型的空间不确定性校准，这与大气环境遥感技术密切相关，例如通过遥感技术进行大气成分分析。,"['Earth observation', 'latent stochastic regularization', 'spatial uncertainty', 'atmospheric composition']",Daniel P. Johnson,Calibrated spatial uncertainty for Earth observation foundation models via Matérn-motivated latent stochastic regularization,
None,True,Remote Sensing of Environment,这篇论文的标题和摘要明确涉及了Landsat和MODIS卫星传感器，以及地表温度的测量和一致性分析，这些都属于大气环境遥感技术的范畴，特别是与地表温度监测和遥感数据质量控制相关。,"['Landsat', 'MODIS', 'land surface temperature', 'multi-source LST consistency']",Xue Li;Dandan Wang;Huihui Xu;Mengmeng Wang;Ji Zhou;Frank Göttsche;Xiaoyu He;Gaijing Chang;Yue Han,Corrigendum to ‘Angular anisotropy of Landsat and MODIS land surface temperature toward multi-source LST consistency’ [Remote Sens. Environ. 346 (2026) 115624],
None,True,Remote Sensing of Environment,该论文研究了城市化、植被和背景气候如何在大尺度上影响地表热岛效应，这与大气环境遥感技术（如地表温度监测、卫星观测等）密切相关，因此是相关的。,"['urbanization', 'vegetation', 'surface urban heat island', 'climate', 'remote sensing']",Song Jiang;Yongling Zhao;Lei Zhao;Jan Carmeliet;Jian Peng,"Disentangling diverse findings on how urbanization, vegetation, and background climate shape the surface urban heat island at large scales",
None,False,Remote Sensing of Environment,该论文主要关注的是使用成像光谱技术进行物种分类，研究的是生物多样性实验，与大气环境遥感技术（如空气质量监测、卫星观测、大气成分分析、气溶胶反演）没有直接关联。,"['imaging spectroscopy', 'species classification', 'biodiversity experiment']",Sofia J. van Moorsel;Bernhard Schmid;Michael Niederberger;Jeremiah Huggel;Michael Scherer-Lorenzen;Uwe Rascher;Alexander Damm;Meredith C. Schuman,Using a planted tree biodiversity experiment to evaluate imaging spectroscopy for species classification,
None,True,Remote Sensing of Environment,该论文涉及遥感技术和物种分布模型在预测海岸栖息地空间分布中的应用，这与大气环境遥感技术中的空气质量监测、卫星观测和大气成分分析等密切相关。,"['remote sensing', 'species distribution modelling', 'coastal habitats']",Louise Forsblom;Ari-Pekka Jokinen;Dimitry Van der Zande;Mihailo Azhar;Dimitar Berov;Jacob Carstensen;Vivi Drakopoulou;Vasilis Gerakaris;Hege Gundersen;Jonne Kotta;Valeria Mobilia;Nadia Papadopoulou;Bogdan Prodanov;Sofia Reizopoulou;Christopher J. Smith;Anna Spinosa;Valentina Todorova;Peter Anton Upadhyay Stæhr;Sanjina Upadhyay Stæhr;Elina A. Virtanen,Comparative analysis of contemporary remote sensing techniques and species distribution modelling in predicting spatial distribution of coastal habitats,
None,True,Remote Sensing of Environment,该论文研究了利用地球静止轨道观测生物质燃烧产生的空气污染物，结合了GIIRS和GEMS两个卫星传感器，专注于东南亚地区的空气污染监测，这与大气环境遥感技术（如空气质量监测、卫星观测、大气成分分析、气溶胶反演）密切相关。,"['air pollutants', 'biomass burning', 'GIIRS', 'GEMS', 'Southeast Asia']",Shan Han;Shangyi Liu;Mengya Sheng;Jhoon Kim;Ximin Cui;Minqiang Zhou;Wei Wang;Isamu Morino;Voltaire A. Velazco;Zhao-Cheng Zeng,Geostationary observations of air pollutants from biomass burning: A synergy of GIIRS and GEMS over Southeast Asia,
None,True,Remote Sensing of Environment,该论文使用Sentinel-1和Sentinel-2卫星数据来估算田间规模的灌溉量，并结合土壤水分平衡模型和水云模型进行分析。这些技术涉及利用卫星观测数据监测和量化大气环境中的水分变化，属于大气环境遥感技术的范畴，因此与该领域密切相关。,"['Sentinel-1', 'Sentinel-2', 'soil water balance model', 'Water Cloud Model']",Martina Natali;Sara Modanesi;Domenico De Santis;Gabriëlle De Lannoy;Susan Steele-Dunne;Alessia Flammini;Alessio Domeneghetti;Christian Massari,Field-scale irrigation estimation using Sentinel-1 and Sentinel-2 data within a soil water balance model coupled to the Water Cloud Model,
None,True,Remote Sensing of Environment,该论文研究了浑浊近海和河口水域中颗粒后向散射、尺寸和悬浮颗粒物的反演算法，这与大气环境遥感技术中的空气质量监测、卫星观测和大气成分分析高度相关。,"['particle backscattering', 'size', 'suspended particulate matter', 'turbid coastal waters', 'MOSAIC algorithm']",Juliana Tavora;Amanda de Liz Arcari;Mhd. Suhyb Salama;Cédric G. Fichot;Joshua P. Harringmeyer;Gian Marco Scarpa;Federica Braga;Emmanuel Boss;David Doxaran;Romaric Verney,"An algorithm for the retrieval of particle backscattering, size, and suspended particulate matter in turbid coastal and estuarine waters (MOSAIC)",
None,True,Remote Sensing of Environment,该论文标题和摘要中涉及“碳量化”和“大气成分”，与大气环境遥感技术（如空气质量监测、卫星观测、大气成分分析、气溶胶反演）密切相关。,"['carbon QUantification', 'remote sensing', 'atmospheric composition']",Bokyung Son;Taejun Sung;Sejeong Bae;Minki Choo;Jungho Im;Yeonsu Lee;S.M. Sohel Rana;Dongjin Cho;Cheolhee Yoo;Jeonghyun Hong;Hojin Lee;Hyun Seok Kim,"UNIQUE: UNified, high-resolution Intelligent carbon QUantification and Explanation",
None,True,Remote Sensing of Environment,该论文研究利用无人机系统（UAV）和DART模型进行玉米冠层太阳诱导叶绿素荧光的地面测量，这与大气环境遥感技术中的卫星观测和植被监测密切相关，属于空气质量监测和大气成分分析的范畴。,"['UAV system', 'DART model', 'maize canopy', 'solar-induced chlorophyll fluorescence']",Xiaokang Zhang;Zhaoying Zhang;Linsheng Wu;Yongguang Zhang,Developing the optimal observation scale model for maize canopy solar-induced chlorophyll fluorescence ground measurements based on UAV system and DART model,
None,True,Remote Sensing of Environment,该论文的标题和摘要涉及辐射传输和不同地表的温度监测，这与大气环境遥感技术密切相关，例如通过卫星观测地表和大气温度，以监测空气质量、大气成分和气溶胶等。,"['radiative transfer', 'directional temperatures', 'heterogeneous surfaces']",Shouyi Zhong;Zunjian Bian;Roujean Jean-Louis;Qiang Liu;Juan Cheng;Yongming Du;Hua Li;Jianguang Wen;Qing Xiao,A global system for monitoring radiative transfer and directional temperatures over heterogeneous surfaces,
None,True,Remote Sensing of Environment,该论文研究了SWOT（卫星水表面高度测量任务）数据的水面高程精度，涉及遥感技术在水体监测中的应用，与大气环境遥感技术中的卫星观测和水质监测相关。,"['SWOT', 'water surface elevation', 'accuracy', 'regional drivers', 'remote sensing']",Rucha Sanjay Deshpande;Tajdarul Hassan Syed;Michael Durand;Steve Coss;Tamlin M. Pavelsky,Identifying regional drivers of variability in SWOT-derived water surface elevation accuracy,
None,True,Remote Sensing of Environment,该论文研究使用1.5米森林冠层高度时间序列数据揭示森林细尺度干扰，这与大气环境遥感技术中的森林监测和大气成分分析密切相关。,"['forest canopy height', 'remote sensing', 'time series']",Martin Schwartz;Fajwel Fogel;Nikola Besic;Damien Robert;Louis Geist;Jean-Pierre Renaud;Jean-Matthieu Monnet;Clemens Mosig;Cédric Vega;Alexandre d’Aspremont;Loic Landrieu;Philippe Ciais,FORMSpoT: Revealing fine-scale forest disturbances from nation-wide 1.5 m forest canopy height time series,
None,True,Remote Sensing of Environment,该论文研究了Landsat和MODIS两种卫星传感器的地表温度反演技术，关注多源数据的地表温度一致性，这与大气环境遥感技术中的地表温度监测和卫星观测密切相关。,"['Landsat', 'MODIS', 'land surface temperature', 'LST consistency']",Xue Li;Dandan Wang;Huihui Xu;Mengmeng Wang;Ji Zhou;Frank Göttsche;Xiaoyu He;Gaijing Chang;Yue Han,Angular anisotropy of Landsat and MODIS land surface temperature toward multi-source LST consistency,
None,True,Remote Sensing of Environment,该论文研究了在光学复杂的水域中识别不同浮游植物功能群和尺寸类别的可能性，这与大气环境遥感技术相关，特别是通过遥感手段监测水体中的生物成分和光学特性。,"['phytoplankton', 'optically complex waters', 'remote sensing']",Tiit Kutser;Karolin Teeveer;Tuuli Soomets;Birgot Paavel;Laura Argus;Ele Vahtmäe;Martin Ligi;Kaire Toming,On the possibility of recognising different phytoplankton functional groups and size classes in optically complex waters,
None,False,Remote Sensing of Environment,该论文研究的是使用SWOT（Sea Surface Height Observing Technology）获取的海洋重力数据揭示墨西哥湾的埋藏地质结构，与大气环境遥感技术（如空气质量监测、卫星观测、大气成分分析、气溶胶反演等）无关。,"['marine gravity', 'tectonic structures', 'SWOT']",Daocheng Yu;James Pindell;Cheinway Hwang;Xiaoli Deng;Emmy T. Chang;Jinyun Guo,Revealing buried tectonic structures in the Gulf of Mexico using SWOT-derived marine gravity,
None,True,Remote Sensing of Environment,该论文标题和摘要明确涉及气溶胶光学质心高度（AOCH）数据产品，以及EPIC/DSCOVR卫星在深空中的观测，这与大气环境遥感技术，特别是空气质量监测和卫星观测高度相关。,"['aerosol optical centroid height', 'EPIC/DSCOVR', 'deep space', 'satellite observations']",Zhendong Lu;Jun Wang;Xi Chen;Meng Zhou;Xiaoguang Xu;Yeonsu Park;Hyerim Kim,Version 2 of hourly aerosol optical centroid height (AOCH) data product from EPIC/DSCOVR in deep space,
None,True,Remote Sensing of Environment,该论文的标题和摘要明确涉及从太空监测、量化分类火山活动，这属于大气环境遥感技术的范畴，特别是火山喷发相关的监测和大气成分分析。,"['volcanic activity', 'space', 'thermal framework']",S. Aveni;D. Coppola;M. Laiolo,"A synergistic thermal framework for monitoring, quantifying, and classifying volcanic activity from space",
None,False,Remote Sensing of Environment,该论文研究的是利用0.4-2 GHz宽带辐射计观测冷海水表层的盐度，这与大气环境遥感技术（如空气质量监测、卫星观测、大气成分分析、气溶胶反演等）没有直接关系。研究内容主要集中在海洋遥感领域，而非大气环境。,"['wideband radiometry', 'surface salinity', 'cold seawater']",Jacqueline Boutin;Jean-Luc Vergely;Stéphane Ferron;Laurent Bertino;Giovanni Macelloni;Marco Brogioni;Emmanuel Dinnat;Lars Kaleschke;Rasmus Tonboe;Yiwen Zhou;Marie-Laure Frery;Valerie Dutto;Katia Nagamine Urata;Matthias Drusch,Beyond L-band: 0.4-2 GHz wideband radiometry for observing surface salinity in cold seawater,
None,False,Remote Sensing of Environment,该论文主要关注玉米疾病胁迫的垂直分层异质性特征，虽然涉及大气环境中的生物地球化学过程，但与大气环境遥感技术（如空气质量监测、卫星观测、大气成分分析、气溶胶反演等）的直接相关性较弱。,"['maize disease stress', 'vertically stratified heterogeneity', 'SCOPE adaptation']",Binxiang Qian;Wenjiang Huang;Zhijun Zhen;Kehui Ren;Peiqi Yang;Jianbo Qi;Michael Henke;Xiuliang Jin;Lingjing Ouyang;Anting Guo;Jie Bai;Chao Ruan;Tiecheng Huang;Yin Jin;Zhenong Jin,The cmSCOPE-D model: A transmission-dynamics-enabled SCOPE adaptation to characterize vertically stratified heterogeneity of maize disease stress,
None,False,Remote Sensing of Environment,该论文主要研究热带沼泽地生成最佳数字表面模型（DTM）的方法，使用的是GEDI和ICESat-2的观测数据。虽然涉及卫星观测技术，但重点在于地形建模和沼泽地研究，而非大气环境遥感技术（如空气质量监测、大气成分分析等），因此与大气环境遥感技术的关联性不强。,"['GEDI', 'ICESat-2', 'DTM', 'tropical peatlands']",Yuan Sun;Huan Xie;Xiaohua Tong;Yi Li;Alexander R. Cobb;Rahayu S. Sukri;Muhammad Arif bin Haji Selamat;Hao Tang,A novel method for generating optimal DTM in tropical peatlands using GEDI and ICESat-2 observations,
None,True,Remote Sensing of Environment,该论文与大气环境遥感技术密切相关，因为它涉及地球表面矿物的轨道成像光谱学，这是一种通过卫星传感器（如EMIT）进行大气成分和地表特征分析的技术。,"['orbital imaging spectroscopy', 'EMIT', 'mineral surface']",Marie-Stephane Guillaumont;David R. Thompson;Philip G. Brodrick;Roger Clark;Robert O. Green;Gregory S. Okin,Orbital imaging spectroscopy of Earth’s mineral surface: Results and stability from EMIT’s first two years,
None,False,Remote Sensing of Environment,该论文的主题是关于叶绿素含量的监测，虽然与大气环境有一定关联（例如，叶绿素是植物光合作用的关键指标，可能影响大气成分），但其主要关注点在于植物生物学领域，而非大气环境遥感技术，如空气质量监测、卫星观测或大气成分分析等。因此，它与大气环境遥感技术的关联性较弱。,"['chlorophyll index', 'leaf chlorophyll content', 'monitoring']",Si Gao;Kai Yan;Jinhua Li;Cheng Huang;Xuanlong Ma;Wenjie Fan;Liangyun Liu;Qiao Wang,Structure-resistant chlorophyll index: A novel indicator for leaf chlorophyll content monitoring,
None,False,Remote Sensing of Environment,标题和摘要中未提及与大气环境遥感技术相关的内容，如空气质量监测、卫星观测、大气成分分析或气溶胶反演等。,[],,Editorial Board,
None,False,International Journal of Applied Earth Observation and Geoinformation,该论文研究的主题是利用参考锚定包络模型预测由干旱驱动的树木死亡热点，属于生态学和森林科学领域，与大气环境遥感技术（如空气质量监测、卫星观测、大气成分分析、气溶胶反演等）没有直接关联。,[],Filippos Eliades;Dimitrios Sarris;Felix Bachofer;Silas Michaelides;Chris Danezis;Diofantos Hadjimitsis,Reference-anchored envelope modelling for predicting tree mortality hotspots driven by drought,
None,True,International Journal of Applied Earth Observation and Geoinformation,该论文标题和摘要明确涉及使用遥感技术和现场约束来重建内陆湖泊中叶绿素a的动态变化，这与大气环境遥感技术中的卫星观测和水质监测高度相关，因此它属于强相关领域。,"['chlorophyll-a', 'remote-sensing', 'inland lakes']",Cheng Xu;Zeyu Wei;Xiaocong Qiu;Ruiping Li;Hexiang Zheng;Huanyu Zhang;Junlin Dong;Hongfei Hou,Remote-sensing-assisted and in situ-constrained reconstruction of 4-hourly chlorophyll-a dynamics in inland lakes using vision Mamba and temporal attention,
None,True,International Journal of Applied Earth Observation and Geoinformation,该论文研究使用高斯混合模型融合多传感器浊度产品，浊度是大气环境监测中的重要参数，与空气质量、气溶胶浓度等密切相关，因此与大气环境遥感技术相关。,"['turbidity', 'multi-sensor', 'Gaussian mixture models']",Yulin Gong;Yong Wang;Yinghong Jing;Xiaojun She;Ronghua Ma;Yao Li,Unsupervised soft-min fusion of multi-sensor turbidity products using Gaussian mixture models,
None,True,International Journal of Applied Earth Observation and Geoinformation,该论文研究城市热力各向异性以及向下短波辐射，通过无人机实验和耦合模型进行分析，这与大气环境遥感技术中的空气质量监测、卫星观测、大气成分分析等领域密切相关，因此相关性较强。,"['UAV experiment', 'urban thermal anisotropy', 'downward shortwave radiation']",Xinguang Sang;Xiaobo Luo;Yidong Peng;Panpan Zhu,Analysis of intraday urban thermal anisotropy and downward shortwave radiation through UAV experiment and coupled model,
None,True,International Journal of Applied Earth Observation and Geoinformation,该论文研究了早期季节性落叶的 多角度评估，并评估了植被指数对 NPV 可见度的敏感性，这涉及到遥感技术在植被监测和大气成分分析中的应用，因此与大气环境遥感技术相关。,"['vegetation indices', 'NPV visibility', 'remote sensing']",Anne Clasen;Ben Somers;Birgit Kleinschmit;Michael Förster,Multi-angular assessment of early-season defoliation: Evaluating the sensitivity of vegetation indices to NPV visibility in temperate broadleaved forests,
None,True,International Journal of Applied Earth Observation and Geoinformation,该论文标题和摘要明确涉及高分辨率多光谱卫星图像，这是一种用于大气环境遥感技术的工具。研究内容聚焦于风力涡轮机的检测，这通常与大气环境监测（如空气质量和大气成分分析）相关，因为风力涡轮机可能影响局部大气条件。因此，该论文与大气环境遥感技术（如卫星观测和大气成分分析）密切相关。,"['wind turbine detection', 'AlphaEarth Foundations', 'high-resolution multispectral satellite imagery']",Yu Bai;Hexin Wang;Yuanchen Yin;Siyuan Cheng;Jijun He;Zeqing Su;Kan Wang;Xiaojuan Li,A Targeted–Refined Framework for wind turbine detection integrating AlphaEarth Foundations and high-resolution multispectral satellite imagery,
None,False,International Journal of Applied Earth Observation and Geoinformation,该论文主要关注的是利用大气环流信号来增强长江流域极端洪水事件的早期预警，与大气环境遥感技术（如空气质量监测、卫星观测、大气成分分析、气溶胶反演等）相关性较弱。,"['atmospheric circulation', 'river discharge', 'Yangtze River Basin']",Xiaoke Xu;Yong Wang;Anning Huang;Yinghong Jing;Chunlei Gu;Xiaojun She;Lifu Zhang;Yao Li,Enhanced early warning of extreme river discharge events in the Yangtze River Basin using atmospheric circulation signals,
None,True,International Journal of Applied Earth Observation and Geoinformation,该论文研究了利用ICESat-2重复轨道数据和Sentinel-2多时相影像估算冰川湖底部消融速率的方法。ICESat-2和Sentinel-2都是用于地球观测的卫星传感器，其数据可用于大气环境遥感技术中的大气成分分析和地表监测。因此，该论文与大气环境遥感技术（如空气质量监测、卫星观测、大气成分分析、气溶胶反演）密切相关。,"['ICESat-2', 'Sentinel-2', 'supraglacial lake', 'ablation rates']",Jianing Wei;Kang Yang;Mengtian Man;Haoyu Cao;Chunyu Yuan;Manchun Li,Estimating supraglacial lake bottom ablation rates by integrating ICESat-2 repeat track data and multi-temporal sentinel-2 imagery,
None,True,International Journal of Applied Earth Observation and Geoinformation,该论文标题和摘要中明确提到了“clear-sky assumption”和“cloud-tolerant”，表明研究内容涉及在云层存在的情况下进行大气环境监测或遥感。此外，“spatiotemporal fusion”和“mask-guided feature modulation”等关键词进一步暗示了该技术可能用于处理卫星观测数据或空气质量的时空分析，因此与大气环境遥感技术密切相关。,"['cloud-tolerant', 'spatiotemporal fusion', 'mask-guided feature modulation', 'temporal-memory collaboration']",Sichen Lu;Juanjuan Jing;Junhua Yu;Lei Yang;Boyang Nie;Jinsong Zhou,Relaxing the clear-sky assumption: Cloud-tolerant spatiotemporal fusion via mask-guided feature modulation and temporal-memory collaboration,
None,True,International Journal of Applied Earth Observation and Geoinformation,该论文使用InSAR技术对铁路走廊的变形进行动力学模式解释，InSAR是一种用于监测地表形变的遥感技术，与大气环境遥感技术（如空气质量监测）密切相关。,"['InSAR', 'air quality monitoring', 'remote sensing technology']",Mengshi Yang;Kang Yin;Tianrui Zhao;Zhifang Zhao;Jisheng Xia;Ramon F. Hanssen,Kinematic pattern interpretation of railway-corridor deformation from InSAR time series with transfer learning-based TCN,
None,True,International Journal of Applied Earth Observation and Geoinformation,该论文研究的是在山西长治地区对煤矿甲烷的羽流识别、排放估计和地面验证，涉及大气成分分析和监测技术，与大气环境遥感技术（如空气质量和大气成分分析）密切相关。,"['coal mine methane', 'plume identification', 'emission estimation', 'atmospheric composition']",Xuan Wu;Shenshen Li;Qiang Ge;Xuefei Hu;Kun Cai,"Adaptive background suppression-based plume identification, emission estimation, and ground validation of coal mine methane in Changzhi, Shanxi, China",
None,True,International Journal of Applied Earth Observation and Geoinformation,该论文标题和摘要明确涉及Sentinel-2卫星图像的超分辨率技术，属于遥感技术领域，与大气环境遥感技术（如卫星观测和图像处理）密切相关。,"['Sentinel-2', 'super-resolution', 'remote sensing']",Hexin Wang;Zeqing Su;Yuanchen Yin;Yonghua Sun;Cankun Yang;Na Jiang;Xiaojuan Li,AdaGeo-SR: Geo-semantic-guided super-resolution of sentinel-2 imagery with AlphaEarth foundation priors,
None,True,International Journal of Applied Earth Observation and Geoinformation,该论文研究了中国人工造林对当地地表温度的影响，涉及森林年龄和造林强度等生物物理因素，这与大气环境遥感技术中的地表温度监测和大气成分分析相关，因此具有相关性。,"['land surface temperature', 'afforestation', 'forest age']",Shaoyu Zhang;Bin Song;Chaoyang Wu;Bisong Hu;Jin Chen;Shuhua Qi;Yong Ge,Biophysical effects of afforestation on local land surface temperature in china: A comprehensive analysis incorporating forest age and afforestation intensity,
None,False,International Journal of Applied Earth Observation and Geoinformation,该论文主要关注利用GRACE/GRACE-FO数据重建地下水储量异常，涉及历史相位约束的间隙填充和物理引导的全球-局部降尺度方法。虽然GRACE数据可用于地球观测，但其应用领域主要集中在水文和地球物理，而非大气环境遥感技术，如空气质量监测或卫星观测。因此，该论文与大气环境遥感技术的关联性较弱。,"['GRACE', 'groundwater storage', 'gap filling', 'downscaling']",Leyi Zhang;Guozhuang Zhang;Hongjie He;Yijian Zeng;Xizhi Lyu;Zuyu Liu;Xiuhua Liu;Peizhe Li;Bing Bai;Xia Li,A spatiotemporal reconstruction framework for GRACE/GRACE-FO-derived groundwater storage anomalies based on historical phase-constrained gap filling and physics-guided global–local downscaling,
None,True,International Journal of Applied Earth Observation and Geoinformation,该论文研究了使用两阶段Transformer框架和跨尺度迁移学习重建小时级1公里全天气地表温度的方法。虽然主要关注地表温度，但地表温度的重建与大气环境遥感技术（如卫星观测和大气成分分析）密切相关，因为地表温度是大气环境的重要参数之一。,"['land surface temperature', 'cross-scale transfer learning', 'reconstruction']",Yuanyuan Luo;Sha Zhang;Kun Qiao;Yun Bai,A two-stage transformer framework for reconstructing hourly 1 km all-weather land surface temperature using cross-scale transfer learning,
None,False,International Journal of Applied Earth Observation and Geoinformation,该论文的标题和摘要主要关注基于波兰弗罗茨瓦夫Kleczków地区的供暖需求建模，与大气环境遥感技术（如空气质量监测、卫星观测、大气成分分析、气溶胶反演等）无明显关联。,[],G. Bury;D. Teodorczyk;P. Bogusławski;J. Zielonka;R. Padsala,"Challenges in heating demand modelling based on the Kleczków district in Wrocław, Poland",
None,False,International Journal of Applied Earth Observation and Geoinformation,该论文的主题是自动将非结构化网格模型转换为结构化参数化CAD模型，用于建筑应用。这与大气环境遥感技术（如空气质量监测、卫星观测、大气成分分析、气溶胶检索）没有直接关系，因此不相关。,[],Jianbao Cao;Cheng Wang;Jianfang Ma;Yang Ming;Fei Deng,Automated conversion of unstructured mesh models to structured parametric CAD models for architectural applications,
None,False,International Journal of Applied Earth Observation and Geoinformation,该论文主要研究从无人机图像中进行城市场景重建，涉及图像处理和语义表示技术，与大气环境遥感技术（如空气质量监测、卫星观测等）关系不大。,"['UAV imagery', 'urban scene reconstruction', 'occlusion-aware']",Zhenfei Ling;Ruisheng Wang;Kun Zhou;Tszming Lu;Fugui Liu;Renzhong Guo,Learning instance-level semantic Gaussian representations for occlusion-aware urban scene reconstruction from UAV imagery,
None,True,International Journal of Applied Earth Observation and Geoinformation,该论文研究的是基于数据校准和CNN模型在复杂山区进行植被冠层高度检索的技术，这属于遥感技术在环境监测中的应用，特别是与大气环境遥感技术中的植被参数反演相关。虽然没有直接提到空气质量或大气成分，但植被冠层高度是影响大气环境的重要因素之一，因此与大气环境遥感技术有间接关联。,"['vegetation canopy height', 'data calibration', 'CNN model', 'mountainous regions']",Huajun Liang;Qiang Bie;Hongwei Zhang;Wenyu Yao,Vegetation canopy height retrieval in complex mountainous regions based on data calibration and CNN model,
None,False,International Journal of Applied Earth Observation and Geoinformation,该论文研究的是使用LMUNet-RCAM技术从多模态数据中提取黄土洞，主要涉及hillshade和RGB特征以及局部注意力机制，与大气环境遥感技术（如空气质量监测、卫星观测、大气成分分析、气溶胶反演等）没有直接关系。,"['loess cave', 'hillshade', 'RGB features', 'local attention mechanisms']",Jianjin Huang;Xiaoli Huang;Sijin Li;Hu Ding,Multimodal loess cave extraction using LMUNet-RCAM: Integrating hillshade and RGB features with local attention mechanisms,
None,True,International Journal of Applied Earth Observation and Geoinformation,该论文研究了利用RTE（可能指辐射传输方程）指导的混合专家模型框架，用于AMSR2（先进微波辐射计2）被动微波土壤湿度反演。AMSR2是一种卫星传感器，用于大气环境遥感技术中的土壤湿度监测，因此该论文与大气环境遥感技术（如卫星观测、土壤湿度分析）密切相关。,"['RTE-guided', 'mixture-of-experts', 'AMSR2', 'passive microwave', 'soil moisture retrieval']",Yurong Wu;Kebiao Mao;Jiancheng Shi;Zhonghua Guo;Sayed M. Bateni,An RTE-guided mixture-of-experts framework for AMSR2 passive microwave soil moisture retrieval,
None,False,International Journal of Applied Earth Observation and Geoinformation,该研究主要关注非稳态短轮伐期人工林中的干扰检测，虽然可能涉及遥感技术在森林监测中的应用，但核心内容并非大气环境遥感技术，如空气质量监测、卫星观测或大气成分分析。,"['disturbance detection', 'short-rotation forest plantations', 'quantile baselines']",Guerric le Maire;Florian de Boissieu;Clayton Alcarde Alvares;Henrique Ferraco Scolforo;Evandro Nunes Miranda;Vitória Barbosa Ferreira;Jean-Baptiste Féret;Joannès Guillemot;José Luiz Stape,Context-aware quantile baselines for disturbance detection in non-stationary short-rotation forest plantations,
None,False,International Journal of Applied Earth Observation and Geoinformation,该论文主要关注虚拟地理场景建模和在城市高速公路隧道场景中的应用，与大气环境遥感技术（如空气质量监测、卫星观测、大气成分分析、气溶胶反演）没有直接关联。,"['virtual geographical scene modeling', 'geospatial digital twins', 'urban highway tunnel scenarios']",Jinbin Zhang;Jun Zhu;Bowen Yang;Zhihao Guo;Ranran Tang;Tao Jiang;Jigang You,Virtual geographical scene modeling towards geospatial digital twins: A case study of urban highway tunnel scenarios,
None,False,International Journal of Applied Earth Observation and Geoinformation,该论文主要关注使用社交媒体数据识别大城市的城市洪水优先区域，与大气环境遥感技术（如空气质量监测、卫星观测、大气成分分析、气溶胶反演）无关。,"['social media data', 'urban flood', 'priority areas']",Xi Huang;Guicheng Yang;Yinyin Chen;Luo Liu;Jiufeng Li;Xianzhe Tang,A spatiotemporal framework for identifying urban flood priority areas in megacities using social media data,
None,False,International Journal of Applied Earth Observation and Geoinformation,该论文主要研究使用移动激光扫描和语义3D道路空间模型进行物体表面的辐射指纹识别，与大气环境遥感技术（如空气质量监测、卫星观测、大气成分分析、气溶胶反演）没有直接关联。,"['mobile laser scanning', 'semantic 3D road space models', 'radiometric fingerprinting']",Benedikt Schwab;Thomas H. Kolbe,Radiometric fingerprinting of object surfaces using mobile laser scanning and semantic 3D road space models,
None,True,International Journal of Applied Earth Observation and Geoinformation,该论文标题和摘要涉及遥感数据集的联合分割方法，应用于农田和乡村道路的监测。遥感技术是大气环境遥感监测的重要手段，因此该论文与大气环境遥感技术（如空气质量监测、卫星观测、大气成分分析、气溶胶反演）密切相关。,"['remote sensing', 'segmentation', 'farmland', 'rural roads']",Zhaoxiang Cao;Yuchun Huang;Yibo Zhou;Peng Zhou;Zhiqiang Qin;Shengyuan Zhang,Corrigendum to “A partially supervised joint segmentation method for farmland and rural roads from single-class annotated remote sensing datasets” [Int. J. Appl. Earth Obs. Geoinf. 152 (2026) 105509],
None,False,International Journal of Applied Earth Observation and Geoinformation,该论文标题和摘要主要关注化工园区中的管道映射技术，涉及化学工业和管道结构，与大气环境遥感技术（如空气质量监测、卫星观测、大气成分分析、气溶胶反演）没有直接关联。,[],Tianhao Wang;Shixin Wang;Futao Wang;Suju Li;Litao Wang;Zhenqing Wang;Xingguang Gu;Ziqi Nie;Zhaowei Wang;Chengyue Xiong;Jinfeng Zhu;Wenliang Liu,CDBNet: Detail-preserving and structure-aware pipeline mapping in chemical industrial parks,
None,False,International Journal of Applied Earth Observation and Geoinformation,该论文主要关注的是跨区域梯田地块提取中的领域自适应问题，虽然涉及遥感技术，但重点在于地理信息处理和机器学习算法，而非大气环境监测、空气质量或大气成分分析等具体应用。,"['domain adaptation', 'terrace extraction', 'remote sensing']",Zhiwei Zhang;Xingyuan Zeng;Xinkai Kong;Juepeng Zheng;Haoyuan Liang;Guowei Zhou;Bohan Shi;Lingyuan Zhao;Jianxi Huang;Haohuan Fu,DATerra: Boundary and structure aware domain adaptation for cross-regional terraced parcel extraction,
None,True,International Journal of Applied Earth Observation and Geoinformation,该论文标题和摘要明确涉及使用多地球静止卫星（GK-2B、Himawari-9、FY-4B）融合技术来追踪东亚地区的昼夜气溶胶动力学和烟雾输送。这与大气环境遥感技术密切相关，特别是涉及空气质量和大气成分分析，因此高度相关。,"['aerosol dynamics', 'smoke transport', 'multi-geostationary satellite', 'GK-2B', 'Himawari-9', 'FY-4B']",Tong Sha;Zhenan Yao;Yueming Cheng;Tie Dai;Jing Wei;Guangyu Shi,"Tracking diurnal aerosol dynamics and smoke transport over East Asia using multi-geostationary satellite fusion (GK-2B, Himawari-9, FY-4B)",
None,True,International Journal of Applied Earth Observation and Geoinformation,该论文研究了利用双时相高分辨率卫星图像和重投影nDSM（数字高程模型）来估算城市建筑物高度的新方法。这与大气环境遥感技术中的卫星观测和城市环境分析密切相关，因此是强相关的。,"['bi-temporal high resolution satellite imagery', 'reprojected nDSM', 'urban building heights']",Xiaoxue Feng;Li Tian;Peijun Li;Fang Chen;Changyong Dou,A novel method for estimating urban building heights using bi-temporal high resolution satellite imagery and reprojected nDSM,
None,True,International Journal of Applied Earth Observation and Geoinformation,该论文研究南极冰盖表面融化动力学，涉及辐射和湍流控制，与大气环境遥感技术（如卫星观测、大气成分分析）密切相关。,"['Antarctic Ice Sheet', 'melt dynamics', 'radiative controls', 'turbulent controls']",Ziqian Zhang;Wanchun Leng;Lei Zheng;Xiao Cheng;Tianjie Zhao;Teng Li;Qi Liang;Mengxi Zhai;Lingmei Jiang,Three decades of Antarctic Ice Sheet surface melt dynamics with disentangled radiative and turbulent controls,
None,False,International Journal of Applied Earth Observation and Geoinformation,该论文的主题是洪水平原湖泊的面积-高度框架，与大气环境遥感技术无关。,[],Xin Jiang;Lin Yan;Shunqiang Hu;Yuanyan Zhang;Zhenzhong Zeng,From 2D surface extent to 3D water levels: A SWOT-calibrated area–height framework for multidecadal reconstruction in hydraulically complex floodplain lakes,
None,True,International Journal of Applied Earth Observation and Geoinformation,该论文使用MODIS植被轨迹和GEDI冠层结构数据，研究喜马拉雅地区的植被和冠层结构变化，这属于遥感技术在植被监测和大气环境分析中的应用，与大气环境遥感技术密切相关。,"['MODIS', 'GEDI', 'vegetation', 'canopy structure', 'Hindu Kush Himalaya']",Niti B. Mishra,Beyond greenness: Combining MODIS vegetation trajectories and GEDI canopy structure to reveal contrasting structural states across the Hindu Kush Himalaya,
None,True,International Journal of Applied Earth Observation and Geoinformation,该论文标题和摘要明确涉及大气校正和低空遥感技术，特别是在极端天顶角下的应用，这与大气环境遥感技术高度相关。,"['atmospheric correction', 'remote sensing', 'transfer learning']",Ming Xu;Jun Chen,A physics-guided transfer learning approach for atmospheric correction of low-altitude remote sensing at extreme zenith angles,
None,False,International Journal of Applied Earth Observation and Geoinformation,该论文的主题是 SAR 图像中小尺度船舶的定向检测，与大气环境遥感技术（如空气质量监测、卫星观测、大气成分分析、气溶胶检索）没有直接关系。,"['SAR imagery', 'small-scale ships', 'oriented detection']",Junjie Zhang;Baoxiang Huang;He Gao;Borui Li;Ge Chen,A directional feature excavation transformer for oriented detection of small-scale ships in dense SAR imagery,
None,False,International Journal of Applied Earth Observation and Geoinformation,该论文主要研究的是利用GRACE（重力辅助测地与海洋水文学探测任务）观测数据 assimilating（同化）到水文模型中，探讨三峡水库在长江流域的作用，与大气环境遥感技术（如空气质量监测、卫星观测、大气成分分析、气溶胶反演等）关系不大。,"['GRACE', 'hydrological model', 'Yangtze River Basin']",Jun Huang;Yuhao Xiong;Wei Feng;Fan Yang;Hongbing Bai;Min Zhong,Assimilating GRACE observations into a hydrological model in the Yangtze River Basin: The role of the Three Gorges Reservoir,
None,False,International Journal of Applied Earth Observation and Geoinformation,该论文主要关注土地使用变化检测和2米分辨率产品的生成，与大气环境遥感技术（如空气质量监测、卫星观测、大气成分分析、气溶胶反演）相关性较低。,"['land use change', 'multi-task attention network', '2 M resolution']",Jun Sun;Weiguo Jiang;Haijiang Luo;Ziyan Ling;Shuhui Lai;Xiang Long,"DecAttNet: A decoder-centric multi-task attention network for rapid, large-scale land use change detection and 2 M resolution products generation",
None,True,International Journal of Applied Earth Observation and Geoinformation,该论文使用Sentinel-1卫星图像时间序列和一种新的基于Transformer的模型来绘制选择性砍伐区域，这与大气环境遥感技术相关，特别是卫星观测和土地利用变化监测。,"['Sentinel-1', 'time series', 'transformer-based model']",Xinyao Huang;Raian Vargas Maretto;Leila Maria Garcia Fonseca;Alfred Stein;Claudio Persello,Mapping selective logging with Sentinel-1 image time series and a novel transformer-based model,
None,True,International Journal of Applied Earth Observation and Geoinformation,该论文标题和摘要中明确提到了高光谱成像（HSI）和激光雷达（LiDAR）技术，这两种技术都是大气环境遥感的重要组成部分。论文研究的内容涉及对这两种数据的联合分类，这与大气成分分析、空气质量监测等遥感技术应用密切相关，因此该论文与大气环境遥感技术有很强的关联性。,"['HSI', 'LiDAR', 'classification', 'remote sensing', 'atmospheric monitoring']",Hao Zhu;Yulin Xie;Xiaotong Li;Huanhuan Wu;Zhongle Ren;Zhen Cao;Biao Hou,GICL-Net: A graph-interactive collaborative learning network for joint classification of HSI and LiDAR,
None,False,International Journal of Applied Earth Observation and Geoinformation,该论文主要关注地热活动区域的岩石学和矿物蚀变，使用热红外光谱数据进行制图，与大气环境遥感技术（如空气质量监测、卫星观测、大气成分分析、气溶胶反演）相关性较低。,"['thermal infrared spectroscopy', 'lithology', 'mineral alteration']",Federico Rabuffi;Simon J. Hook;Massimo Musacchio;Malvina Silvestri;Kerry Cawse-Nicholson;Maria Fabrizia Buongiorno;Zoe Amie Pierrat,Utilizing thermal infrared spectroscopy data to map lithology and mineral alteration in geothermally active areas,
None,True,International Journal of Applied Earth Observation and Geoinformation,该论文研究印度植被绿化的结构稳定性，使用了多季节的MODIS EVI数据，这属于地球观测领域，与大气环境遥感技术有关，例如通过卫星观测植被变化来间接评估大气环境质量。,"['MODIS', 'EVI', 'vegetation greening', 'multi-season', 'Earth observation']",Dibyendu Dutta,Structural stability of vegetation greening across India from multi-season MODIS EVI: a time–frequency earth observation framework,
None,False,International Journal of Applied Earth Observation and Geoinformation,该论文标题和摘要主要关注长距离铁路多光谱数据的语义分割框架，涉及全局先验和局部几何集成技术。这与大气环境遥感技术（如空气质量监测、卫星观测、大气成分分析、气溶胶反演）没有直接关系。,[],Yue Zhang;Tao Xu;Wen Xiao;Liang Fei;Jiawei Wang;Yuanwei Yang;Lunche Wang,SegRail: A Framework for semantic segmentation of long-distance railway MLS data via global priors and local geometry integration,
None,True,International Journal of Applied Earth Observation and Geoinformation,该论文使用多源遥感技术和集成学习方法分析树邻域尺度的结构-辐射耦合关系，这与大气环境遥感技术中的卫星观测、空气质量监测和大气成分分析密切相关，因此它属于强相关领域。,"['multi-source remote sensing', 'ensemble learning', 'tree-neighborhood scale structure']",Guanjun Lian;Huaiqing Zhang;Hua Liu;Tingdong Yang;Hanqing Qiu;Yang Liu;Hongyan Yu;Xianying Wang,Tree-neighborhood scale structure–radiation coupling analysis and modeling using multi-source remote sensing and ensemble learning,
None,True,International Journal of Applied Earth Observation and Geoinformation,该论文研究的是使用无人机（UAV）进行白天和黑夜的野火分割，涉及图像处理和亮度自适应网络技术，这与大气环境遥感技术中的火灾监测和空气质量监测有一定关联，但主要关注点在火灾分割，而非大气成分分析或卫星遥感。,"['UAV', 'wildfire segmentation', 'brightness-adaptive']",Peng Cheng;Luli Zhang;Bin Wang;Junyi Liu;Haigang Sui,DNFNet: a brightness-adaptive lightweight RGB–thermal network for day–night UAV wildfire segmentation,
None,False,International Journal of Applied Earth Observation and Geoinformation,该论文的标题和摘要主要关注地质学中的岩体裂缝分割和地质灾害监测，与大气环境遥感技术（如空气质量监测、卫星观测、大气成分分析、气溶胶反演）的主题无关。,"['rock-mass', 'cracks', 'geological hazard']",Qin Bao;Yong Yang;Yongyi Xiang;Heng Zhang,Lightweight segmentation of rock-mass cracks based on anisotropic feature modeling for geological hazard monitoring,
None,False,International Journal of Applied Earth Observation and Geoinformation,该论文研究的是基于GFS-Net算法的光学-SAR土地覆盖分类，主要涉及遥感技术在土地覆盖分类中的应用，而非大气环境遥感技术（如空气质量监测、卫星观测、大气成分分析或气溶胶反演）。,"['GFS-Net', 'optical-SAR', 'land-cover classification']",Hongkang Tao;Qin Huang;Teng Zhong;Zan Yang;Haobo Qiu;Chen Jiang,GFS-Net: Geometry–frequency synergistic fusion for accurate optical–SAR land-cover classification,
None,True,International Journal of Applied Earth Observation and Geoinformation,该论文研究了利用多源时间序列数据监测森林生长动态，特别是冠层高度的变化。虽然主要关注的是森林生长而非直接的环境污染物监测，但冠层高度的变化可以间接反映大气环境的变化（如空气质量、气候变化等），因此与大气环境遥感技术有间接相关性。,"['canopy height', 'forest growth', 'time series', 'remote sensing']",Hugo de Lame;Thibauld Collet;Pauline Depoortere;Alexia Favaro;Philippe Lejeune;Adrien Michez;Antoine Plumacker;Jérôme Perin;Thomas Pollet;Quentin Ponette;Zoé Rousseau;Arthur Vander Linden;Marie-Pierre Tasseroul;Christian Messier;Jean-François Bastin,Monitoring forest growth dynamics from harmonized multi-source time series of canopy height,
None,False,International Journal of Applied Earth Observation and Geoinformation,该论文的研究对象是火星着陆椭圆的识别，使用连续优化框架和适宜性地图。这与大气环境遥感技术（如空气质量监测、卫星观测、大气成分分析、气溶胶反演）没有直接关系。,"['Mars', 'landing ellipses', 'optimization framework', 'suitability map']",Rong Wang;Yongjiu Feng;Yuhao Wang;Yi Zhou;Panli Tang;Jingbo Sun;Yusheng Xu;Chao Wang;Sicong Liu;Zhen Ye;Xiaohua Tong,Identifying high-value landing ellipses on Mars using a continuous optimization framework with suitability map,
None,True,International Journal of Applied Earth Observation and Geoinformation,该研究利用GEDI数据结合空间光谱特征进行建筑物高度测绘，涉及遥感技术和大气环境监测，因此与大气环境遥感技术相关。,"['GEDI', 'building height mapping', 'spatial-spectral characteristics']",Xiao Ma;Yajie Qu;Hexiang Wang;Meiyuan Chen;Chuyi Yang;Guang Zheng;Chi Xu;Yixi Bi,Filtering GEDI footprints based on combined spatial-spectral characteristics for individual building height mapping in 12 major global cities,
None,True,International Journal of Applied Earth Observation and Geoinformation,该论文标题和摘要明确涉及对火星人类活动变化的检测方法，其中提到的方法（对比引导层次无监督方法）与大气环境遥感技术中的监测和数据分析方法相关，因此与大气环境遥感技术（如大气成分分析、遥感监测等）强相关。,"['Martian anthropogenic changes', 'contrast-guided hierarchical unsupervised method', 'atmospheric remote sensing']",Jiang Long;Sicong Liu;Yuxuan Hu;Jiayi Wu;Tao Liu;Yonggang Xiong;Kaiyue Luo;Jie Zhang;Kecheng Du;Huan Xie;Xiaohua Tong,CGHU-CD: A contrast-guided hierarchical unsupervised method for detecting Martian anthropogenic changes,
None,True,International Journal of Applied Earth Observation and Geoinformation,该论文研究的是卫星-地面闪电融合技术，涉及中国边缘海域的时空分析，这与大气环境遥感技术（如卫星观测和雷电监测）密切相关，因此相关性较强。,"['satellite-ground lightning fusion', 'Chinese marginal seas', 'null-model framework']",Nengxing Guo;Li Cai;Wenzhao Lu;Yingpu Xie;Yuheng Niu;Tao Li;Chun Zhao;Shanqiang Gu,A factorial spatial–temporal null-model framework for satellite–ground lightning fusion across Chinese marginal seas,
None,True,International Journal of Applied Earth Observation and Geoinformation,该论文研究了从太空探测甲烷并估计其排放量，涉及PRISMA和EnMAP卫星传感器与GHGSat星座的基准测试，这与大气环境遥感技术（如空气质量监测、卫星观测、大气成分分析、气溶胶反演）密切相关。,"['Methane', 'space', 'PRISMA', 'EnMAP', 'GHGSat']",Daniele Settembre;Davide De Santis;Giovanni Schiavon;Fabio Del Frate,Methane detection and emission estimation from space: Benchmarking PRISMA and EnMAP with the GHGSat constellation,
None,True,International Journal of Applied Earth Observation and Geoinformation,该论文研究利用iTransformer算法结合ERA5再分析和GNSS观测数据，重建三维对流层延迟场，这与大气环境遥感技术中的卫星观测、大气成分分析高度相关。,"['tropospheric delay fields', 'GNSS observations', 'ERA5 reanalysis', 'spatiotemporal reconstruction']",Fangxin Hu;Bo Chen;Mingyuan Zhang;Ran Lu;Pengfei Xia;Tengfeng Wang;Xiaowei Zou;Yuanfan Deng,Tropoformer-S: iTransformer-based spatiotemporal reconstruction of three-dimensional tropospheric delay fields integrating ERA5 reanalysis and GNSS observations,
None,True,International Journal of Applied Earth Observation and Geoinformation,该论文研究了在复合冰川-气候强迫下量化湖泊扩张概率的问题，使用了集成多源地球观测和藤Copula理论的GCL-CPF框架。虽然主要关注湖泊扩张，但地球观测和多源数据的使用与大气环境遥感技术（如大气成分分析、卫星观测）密切相关，因此与该领域相关。,"['Earth observation', 'lake expansion', 'glacier–climate forcing', 'atmospheric composition', 'multi-source data']",Xiaoyang Zhao;Nai’ang Wang;Liqiang Zhao;Dezhong Zhang;Na’na Zhai;Hang Zhao;Liqiong Bai,Quantifying lake expansion probability under compound glacier–climate forcing using a GCL-CPF framework integrating multi-source Earth observation and vine copula theory,
None,True,International Journal of Applied Earth Observation and Geoinformation,该论文标题和摘要明确涉及遥感技术（remote sensing）和作物制图（crop mapping），虽然主要关注点在作物识别，但遥感技术本身与大气环境监测（如大气成分分析、空气质量监测）密切相关，因此可以认为与大气环境遥感技术有较强的关联性。,"['remote sensing', 'crop mapping', 'atmospheric composition analysis']",Lihua Cui;Wenting Han;Xuedong Zhai;Guang Li;Shah Jahan Leghari;Yi Liao;Ziao Zhou;Shenjin Huang,PLGCA-SAM: Progressive local and global context-aware network incorporating SAM for remote sensing crop mapping,
None,True,International Journal of Applied Earth Observation and Geoinformation,该论文研究了利用多频微波遥感技术监测森林对干旱胁迫的响应，涉及大气成分分析和遥感技术，与大气环境遥感技术密切相关。,"['microwave remote sensing', 'atmospheric composition', 'drought stresses']",Xu Zhang;Xiang Zhang;Fei Zhang;Xihui Gu;Hongliang Ma;Aminjon Gulakhmadov;Rabindra Kumar Panda;Mahlatse Kganyago;Veber Costa;Won-Ho Nam;Dash Subhaprada;Uma Charan Mohanty;Jiangyuan Zeng;Wen Xiao;José A. Marengo;Chao Yang;Wenying Du;Zeqiang Chen;Longgang Xiang;Nengcheng Chen,Multi-frequency microwave remote sensing reveals stratified forest responses to diverse drought stresses,
None,False,International Journal of Applied Earth Observation and Geoinformation,该论文标题和摘要主要关注地震诱发的滑坡强度建模，涉及的是地质学和地震学领域，而非大气环境遥感技术（如空气质量监测、卫星观测、大气成分分析或气溶胶反演等）。因此，它与大气环境遥感技术没有直接关联。,[],Binghai Gao;Yi Wang;Xiaolong Zhang;Xin Wang;Jingqi Huang;Pan Cao;Yongheng Li;Jiwei Wang,"Modeling regional coseismic landslide intensity with an interpretable Log-Gaussian GAM: Integrating size, mobility, and their interactions",
None,True,International Journal of Applied Earth Observation and Geoinformation,该论文的标题和摘要都与遥感图像处理相关，特别是图像分割和文本-图像对齐技术，这些技术在环境监测中用于分析大气成分和空气质量。因此，它与大气环境遥感技术密切相关。,"['remote sensing', 'segmentation', 'vision foundation model']",Yijie Zhang;Jian Cheng;Shimiao Fan;Changjian Deng;Ziying Xia;Nyima Tashi,Improving text–image alignment for referring remote sensing image segmentation guided by vision foundation model,
None,True,International Journal of Applied Earth Observation and Geoinformation,该研究探讨了气象干旱与复合水分源-输送异常之间的关系，涉及气象和水分输送，与大气环境遥感技术（如大气成分分析、水汽输送监测）相关。,"['meteorological drought', 'compound moisture sources', 'transport anomalies']",Hanlin Zheng;Tianliang Jiang;Yanping Qu;Qianfeng Wang;Yachao Zhang,Probabilistic associations between meteorological drought and compound moisture sources-transport anomalies in the middle and lower Yangtze River,
None,True,International Journal of Applied Earth Observation and Geoinformation,该论文的标题和摘要都与大气环境遥感技术相关，特别是地表热异常提取。LST（地表温度）和表面热异常是遥感技术中常用的参数，用于监测和分析大气环境。,"['LST', 'surface thermal anomaly', 'remote sensing']",Pengcheng Wu;Qingyan Meng;Linlin Zhang;Mona Allam;Longfei Liu;Hantian Wu,SRAIN: An isolated-neighborhood-based framework for LST-based surface thermal anomaly extraction,
None,True,International Journal of Applied Earth Observation and Geoinformation,该论文与大气环境遥感技术相关，因为其研究内容涉及使用单时相遥感影像进行建筑物损坏检测，这属于遥感技术在环境监测和灾害评估中的应用领域。,"['remote sensing imagery', 'building damage detection', 'single-temporal']",Chunfeng Gao;Zheng Gong;Bing He;Ying Qu;Qiao Wang;Weihua Dong,DPNet: A disaster perception network for building damage detection using single-temporal remote sensing imagery,
None,True,International Journal of Applied Earth Observation and Geoinformation,该论文研究了不同土地覆盖类型在沿海湿地景观中，从0.02米到30米的分辨率下，最优分割尺度的差异。虽然主要关注土地覆盖分类，但其研究方法（如分辨率依赖性分析）与遥感技术中的图像处理和分类方法有关，这些技术常用于大气环境遥感，如空气质量监测和地表参数反演。因此，该论文与大气环境遥感技术有一定相关性。,"['land-cover types', 'segmentation scale', 'coastal wetland']",Xiaonan Zhou;Junkai Shi;Qingyu Li;Zhenguo Niu,"Resolution-dependent divergence of optimal segmentation scale across land-cover types in a coastal wetland landscape: A systematic empirical characterization from 0.02 to 30 m near the Yellow River estuary, Dongying, China",
None,False,International Journal of Applied Earth Observation and Geoinformation,该论文主要研究的是多尺度空间条件下的光谱路由网络，用于高光谱和多光谱图像融合，与大气环境遥感技术（如空气质量监测、卫星观测、大气成分分析、气溶胶反演）没有直接关联。,"['hyperspectral', 'multispectral', 'image fusion']",Bo Zhou;Xianfeng Zhang;Ziyuan Feng;Miao Ren;Xiaobo Zhi,A multi-scale spatial-conditioned spectral routing network for hyperspectral and multispectral image fusion,
None,True,International Journal of Applied Earth Observation and Geoinformation,该论文研究了如何利用地球静止卫星的入顶反射率来改进小时PM2.5的估算，涉及空气质量监测和卫星观测技术，因此与大气环境遥感技术密切相关。,"['PM2.5', 'geostationary satellite', 'TOA reflectance', 'multi-task learning']",Ruijie Li;Zhe Zheng;Chenru Zou;Ke Li;Xidong Sun;Chaoshun Liu;Guangze Zhang;Kaixu Bai,Improving hourly PM<sub>2.5</sub> estimation from geostationary satellite TOA reflectance through physically constrained multi-task learning,
None,True,International Journal of Applied Earth Observation and Geoinformation,该论文的标题和摘要明确涉及遥感图像分割技术，特别是通过空间-频率协作进行语义和结构建模。遥感图像分割是大气环境遥感技术的重要组成部分，用于分析大气成分、空气质量监测等，因此与大气环境遥感技术密切相关。,"['remote sensing', 'scene segmentation', 'spatial–frequency collaboration']",Wenwu Xiong;Wei Chen;Zhou Huang;Hongzhao Tang;Kevin Tansey;Józef Hernik;Binbin Lu;Shichao Cui;Yida Chen,SFMNet: Joint semantic and structural modeling via spatial–frequency collaboration for remote sensing scene segmentation,
None,True,International Journal of Applied Earth Observation and Geoinformation,该论文标题和摘要涉及使用机器学习方法从Landsat地表反射率数据中估算时空无缝的FAPAR（叶面积指数），这与大气环境遥感技术（如卫星观测和植被指数分析）密切相关。,"['FAPAR', 'Landsat', 'machine learning', 'surface reflectance']",Yimin Ni;Gaofei Yin;Guodong Zhang;Gang Sun;Xiaodan Wu;Xiaojun Li;Xinyan Liu;Anxin Ding;Rui Chen;Meilian Wang;Yi Zhang;Jiangchuan Hu;Zongyan Li;Aleixandre Verger,Physics-Guided Machine learning approach for estimating spatiotemporally seamless FAPAR from Landsat surface reflectance,
None,True,International Journal of Applied Earth Observation and Geoinformation,该论文标题和摘要与大气环境遥感技术密切相关，特别是涉及遥感语义分割，这是一种常用于分析卫星图像的技术，有助于监测大气成分、空气质量等。,"['remote sensing', 'semantic segmentation', 'vision foundation models']",Haocheng Li;Juepeng Zheng;Shuangxi Miao;Ruibo Lu;Guosheng Cai;Haohuan Fu;Jianxi Huang,Parameter-efficient multimodal adaptation of vision foundation models for remote sensing semantic segmentation,
None,True,International Journal of Applied Earth Observation and Geoinformation,该论文使用深度学习和超分辨率技术，结合Sentinel-2和Landsat-8卫星图像，对加利福尼亚州野火烧毁区域进行制图。这与大气环境遥感技术中的卫星观测和地表覆盖变化监测高度相关，属于遥感技术在环境监测中的应用领域。,"['Sentinel-2', 'Landsat-8', 'deep learning', 'burned area mapping', 'super-resolution techniques']",Youngmin Seo;Seung Hee Kim;Menas Kafatos;Jinsoo Kim;Yangwon Lee,Deep learning-based burned area mapping of California wildfires using Sentinel-2 and Landsat-8 imagery enhanced with super-resolution techniques,
None,True,International Journal of Applied Earth Observation and Geoinformation,该论文标题和摘要明确涉及了利用深度学习方法从地球静止卫星（Himawari-8）测量数据中获取气溶胶光学/微物理参数，这与大气环境遥感技术（如卫星观测、气溶胶检索）密切相关。,"['Himawari-8', 'aerosol optical/microphysical parameters', 'deep learning', 'satellite measurements']",Lina Xu;Siyu Liu;Minghui Tao;Jun Wang;Xincai Chang;Wenjing Man;Jie Ma;Huang Zhang;Jhoon Kim,Enhanced retrieval of aerosol optical/microphysical parameters for Himawari-8 geostationary satellite measurements with data-driven deep learning method,
None,False,International Journal of Applied Earth Observation and Geoinformation,该论文研究的是利用深度学习技术进行山区树木分割和多维度属性提取，主要关注点在于计算机视觉和地理信息系统领域，与大气环境遥感技术（如空气质量监测、卫星观测、大气成分分析、气溶胶反演）没有直接关系。,"['deep learning', 'tree segmentation', 'attribute extraction']",Guangbin Lei;Ainong Li;Jinhu Bian;Zhengjian Zhang;Xiaohan Lin;Xi Nan;Amin Naboureh;Yulan Chen;Yi Deng,A multi-task collaborative method for individual tree segmentation and multi-dimensional attribute extraction in mountainous areas using deep learning technologies,
None,True,International Journal of Applied Earth Observation and Geoinformation,该论文与大气环境遥感技术相关，因为它涉及使用SMAP卫星进行全球土壤湿度反演，并优化了土壤介电模型。土壤湿度是大气环境研究中的重要参数，反演技术属于遥感应用范畴。,"['soil moisture retrieval', 'SMAP', 'dielectric model', 'global soil moisture']",Yulin Shangguan;Jian Peng;Cheng Tong;Xingyu Xue;Xiaojun Xu;Xiaodong Deng;Xiaoxiao Min;Zhou Shi;Jean-Pierre Wigneron,Optimal soil dielectric model map for global soil moisture retrieval from SMAP,
None,False,International Journal of Applied Earth Observation and Geoinformation,该论文主要关注的是全球海洋颜色数据的收集和生态监测，虽然涉及到卫星观测技术，但主题并非大气环境遥感技术，如空气质量监测或大气成分分析。,"['Ocean-Colour', 'marine ecological monitoring', 'daily dataset']",Yuan Zhang;Hui Yang;Fang Shen;Tingwei Cui;Liu Cui;Renhu Li;Qingzhou Lv;Xuerong Sun,"A Global, Gap-Free daily Ocean-Colour dataset (2000–2024) for robust marine ecological monitoring",
None,False,International Journal of Applied Earth Observation and Geoinformation,该论文主要研究无人机（UAV）利用BRDF（双向反射分布函数）衍生的植被指数进行树木高度反演的几何视角效应。虽然与遥感技术相关，但重点是植被参数反演，而非大气环境监测或成分分析，因此与大气环境遥感技术的关联性不强。,"['UAV', 'BRDF', 'vegetation indices', 'tree height retrieval']",Zhihui Mao;Lei Deng;Qinghua Qiao,Viewing-geometry effects on UAV-based tree height retrieval using BRDF-derived vegetation indices,
None,False,International Journal of Applied Earth Observation and Geoinformation,该论文主要研究中国最大海草床的长期时空动态，与大气环境遥感技术（如空气质量监测、卫星观测、大气成分分析、气溶胶反演）关系不大，属于海洋生态学领域的研究。,"['satellite', 'seagrass meadow', 'spatiotemporal dynamics']",Jun Tang;Yingcheng Lu;Zhiyuan Ouyang;Yarong Zou;Futao Wang;Yuntao Wang;Chao Zhou;Yanlong Chen,Satellite tracking of long-term spatiotemporal dynamics in China’s largest seagrass meadow,
None,True,International Journal of Applied Earth Observation and Geoinformation,该论文标题和摘要中明确提到了“remote sensing”（遥感），这表明其研究与遥感技术直接相关。此外，“segment anything”和“segment everything”可能与大气环境遥感技术中的图像分割和分析方法有关，这些方法在空气质量监测、卫星观测和大气成分分析等领域有重要应用。,"['remote sensing', 'segment anything', 'segment everything']",Osmar Luiz Ferreira de Carvalho;Osmar Abílio de Carvalho Júnior;Anesmar Olino de Albuquerque;Daniel Guerreiro e Silva,Remote SAMsing: From segment anything to segment everything,
None,True,International Journal of Applied Earth Observation and Geoinformation,该论文使用深度学习模型和光学及SAR卫星图像来估算北欧国家的体积和Lorey’s高度。这与大气环境遥感技术密切相关，因为卫星图像是大气成分和空气质量监测的重要数据来源，而深度学习模型可以用于分析这些数据以提取环境信息。,"['deep learning models', 'optical satellite images', 'SAR satellite images']",Zsofia Koma;Oleg Antropov;Oliver Cartus;Jukka Miettinen;Johannes Breidenbach,Deep learning models for estimating volume and Lorey’s height across Nordic countries using optical and SAR satellite images,
None,True,International Journal of Applied Earth Observation and Geoinformation,该论文使用卫星嵌入技术进行作物类型分类，这属于遥感技术的一个应用领域，特别是卫星遥感在农业和环境监测中的应用。虽然主要关注点在农业分类，但遥感技术本身与大气环境监测有交叉，例如通过卫星数据分析土地利用变化对大气成分的影响。因此，该论文与大气环境遥感技术有较强的相关性。,"['satellite embeddings', 'crop type classification', 'remote sensing']",Britt W. Smith;Jessica J. Walker;Christopher E. Soulard,Satellite embeddings for crop type classification: a comparative examination,
None,False,International Journal of Applied Earth Observation and Geoinformation,该论文的主题是利用网络启发式重构技术在超激光扫描点云中进行单株树木分割，这与大气环境遥感技术（如空气质量监测、卫星观测、大气成分分析、气溶胶反演）无关。论文关注的是地理信息系统和遥感技术中的三维数据分割方法，而非大气环境监测。,"['air quality', 'satellite observations', 'atmospheric composition', 'aerosol retrieval']",Lei Bao;Yong Wu;Leiguang Wang;Xiaoli Zhang;Zhibo Yu;Zhi Liu;Chi Lu;Yuansu Xu;Hong Wang;Xiaohan Liu;Weibin Wang;Hongbin Luo;Guanglong Ou,Network-inspired restructuring for individual tree segmentation in ULS point clouds,
None,True,International Journal of Applied Earth Observation and Geoinformation,该论文标题和摘要中明确提到了光学合成孔径雷达（optical-SAR）和变化检测，这与大气环境遥感技术密切相关，例如通过卫星观测和大气成分分析进行空气质量监测。因此，该论文与大气环境遥感技术高度相关。,"['optical-SAR', 'change detection', 'remote sensing']",Yujie Li;Xuanguang Liu;Chenguang Dai;Zhenchao Zhang;Lei Ding;Han Zhu;Ruihua Lu;Hanyun Wang,Joint learning of frequency-spatio-temporal dependencies and structural context for optical-SAR change detection,
None,True,International Journal of Applied Earth Observation and Geoinformation,该论文使用AVIRIS-3卫星传感器模拟植被演替模式，研究退化融区，这与大气环境遥感技术中的卫星观测和地表植被分析相关，因此具有相关性。,"['AVIRIS-3', 'vegetation succession', 'retrogressive thaw slumps']",Bhagyashree Verma;Emma C. Hall;Mark J. Lara,Simulated AVIRIS-3 detects species-specific patterns of vegetation succession in retrogressive thaw slumps,
None,True,International Journal of Applied Earth Observation and Geoinformation,该论文研究的是使用地形引导的三模态Mamba网络来绘制小冰期冰川，涉及地形分析和冰川监测，与小冰期冰川的遥感监测技术相关，因此与大气环境遥感技术有一定关联。,"['glaciers', 'terrain-guided', 'Mamba network']",Jun Zhou;Shiyin Liu;Fuming Xie;Caixia Qin,Mamba-trident: terrain-guided tri-modal Mamba network for mapping little ice age glaciers,
None,True,International Journal of Applied Earth Observation and Geoinformation,该论文研究了叶片生理和冠层结构对太阳诱导叶绿素荧光和总初级生产力的影响，这与大气环境遥感技术中的空气质量监测和植被分析密切相关，因为叶绿素荧光和冠层结构是遥感技术中常用的指标，用于评估植被健康和大气成分。,"['chlorophyll fluorescence', 'gross primary productivity', 'canopy structure']",Fangyi Lv;Kaimin Sun;Shunxia Miao;Yi Xu;Wei Cui;YePei Chen;Wenzhuo Li;Xiuqing Hu,Disentangling leaf physiology and canopy structure effects on solar-induced chlorophyll fluorescence and gross primary productivity: A multi-biome and cross-site assessment,
None,True,International Journal of Applied Earth Observation and Geoinformation,该论文研究的是使用物理约束神经网络（FSIF-PCNN）重建全谱太阳诱导叶绿素荧光的技术。叶绿素荧光是植物光合作用的指标，通过遥感技术可以监测植被健康状况和环境变化，这与大气环境遥感技术（如卫星观测和大气成分分析）密切相关。因此，该论文与大气环境遥感技术密切相关。,"['physics-constrained neural network', 'solar-induced chlorophyll fluorescence', 'reconstruction']",Dianrun Zhao;Shanshan Du;Yulu Du;Xinjie Liu;Liangyun Liu,FSIF-PCNN: A physics-constrained neural network for full-spectrum solar-induced chlorophyll fluorescence reconstruction,
None,True,International Journal of Applied Earth Observation and Geoinformation,该论文使用SDGSAT-1卫星的夜间灯光图像技术来评估城市户外运动场地的照明质量，这与大气环境遥感技术中的卫星观测和图像分析相关，属于城市环境监测的范畴。,"['SDGSAT-1', 'nighttime light imagery', 'urban outdoor sports fields']",Tingrui Guo;Min Zhao;Zhuolin Tao;Jiaqi Fu;Xinyi Song;Yuyu Zhou,Assessment of lighting quality in urban outdoor sports fields using 10-m SDGSAT-1 nighttime light imagery,
None,True,International Journal of Applied Earth Observation and Geoinformation,该论文涉及使用多源地球观测数据进行近实时野火烧毁面积制图，属于大气环境遥感技术范畴，特别是卫星观测和大气成分分析的应用。,"['wildfire burned area mapping', 'multi-source earth observation', 'near-real-time']",Mirza Waleed;Muhammad Bilal,BAM: A physics-informed self-supervised framework for near-real-time wildfire burned area mapping from multi-source earth observation,
None,True,International Journal of Applied Earth Observation and Geoinformation,该论文的标题和摘要涉及合成孔径雷达（SAR）技术，用于在复杂背景下生成高保真度的船舶图像。SAR是一种遥感技术，常用于大气环境监测中，例如监测海洋表面、大气中的气溶胶等。因此，该论文与大气环境遥感技术（如卫星观测、大气成分分析）具有强相关性。,"['SAR', 'ship generation', 'complex backgrounds']",Moran Ju;Changqi Wang;Si-Nian Jin,A physical Scattering-Guided Prior-Enhanced Mamba model for high-fidelity SAR ship generation in complex backgrounds,
None,True,International Journal of Applied Earth Observation and Geoinformation,该论文研究无人机RGB和高光谱图像的深度空间-光谱融合技术，用于马铃薯植物病害检测。这属于遥感技术领域，特别是利用多源遥感数据进行环境监测和作物健康分析，与大气环境遥感技术中的监测和分析方法有较强的相关性。,"['UAV', 'RGB imagery', 'hyperspectral imagery', 'disease detection']",Tianyi Jia;Magdalena Smigaj;Gert Kootstra;Lammert Kooistra,Deep spatial-spectral fusion of UAV RGB and hyperspectral imagery for potato plant disease detection,
None,False,International Journal of Applied Earth Observation and Geoinformation,该论文的标题和摘要主要涉及深度学习在自动划分产权边界方面的应用，与大气环境遥感技术（如空气质量监测、卫星观测、大气成分分析、气溶胶反演等）无关。,[],Jeroen Grift;Claudio Persello;Mila Koeva,From pixels to vectorized cadastral boundaries: Deep learning-based automated delineation of property boundaries in the Netherlands,
None,False,International Journal of Applied Earth Observation and Geoinformation,该论文标题和摘要主要关注图像匹配和姿态先验学习，与大气环境遥感技术（如空气质量监测、卫星观测、大气成分分析、气溶胶反演）无关。,[],Hongyang Zhang;Yusheng Xu;Changyou Xu;Rong Huang;Zhen Ye;Yan Xia;Xiaohua Tong,Learning from noisy pose priors: Geometry-guided routing attention for robust image matching,
None,True,International Journal of Applied Earth Observation and Geoinformation,该论文标题和摘要中提到了“Multi-Angular TECIS数据”，这是一种多角度的总电子含量（TEC）数据，常用于大气环境监测，特别是在大气成分分析和空气质量监测中。此外，“森林生物量估计”与大气环境遥感技术相关，因为森林是大气成分的重要影响者。摘要中提到的“模型驱动敏感性分析”方法也暗示了该研究可能涉及大气环境数据的定量分析。因此，该论文与大气环境遥感技术（如空气质量监测、卫星观测、大气成分分析、气溶胶反演）有较强的关联性。,"['Multi-Angular TECIS', 'forest biomass estimation', 'Model-driven sensitivity analysis']",Xuexia Sun;Xiaoyao Li;Bingxiang Tan;Fayun Wu;Yuxuan Liu;Shimei Xiong,Feature selection from Multi-Angular TECIS data for forest biomass estimation using a Model-driven sensitivity analysis approach,
None,False,International Journal of Applied Earth Observation and Geoinformation,该论文主要关注的是利用VIIRS夜间灯光数据量化地震引起的建筑物损坏，并采用深度学习进行区域验证。这与大气环境遥感技术（如空气质量监测、卫星观测、大气成分分析、气溶胶反演等）关系不大，因为其研究内容和应用领域主要集中在地震灾害评估和建筑损坏分析。,"['VIIRS', 'nighttime lights', 'earthquake-induced building damage', 'deep learning']",Hee-Su Joo;Seon-Gyu Kim;Jin-Hyeong Lee;Hyung-Sup Jung,Quantifying earthquake-induced building damage from VIIRS nighttime lights: A multi-scale framework with deep learning–based area validation,
None,False,International Journal of Applied Earth Observation and Geoinformation,该论文研究的是森林昆虫损害的预测和预警，主要涉及的是时间序列分析和因子驱动模型，与大气环境遥感技术（如空气质量监测、卫星观测、大气成分分析、气溶胶反演等）没有直接关系。,"['forest insect damage', 'spatiotemporal prior knowledge', 'factor-driven modeling']",Haoyan Zhang;Shiming Li;Yaozhong Pan,Integrating spatiotemporal prior knowledge from co-segmented time-series into factor-driven modeling for forest insect damage warning,
None,True,International Journal of Applied Earth Observation and Geoinformation,该论文与大气环境遥感技术相关，因为砖窑是主要的空气污染源之一，其分布和技术类型可以通过遥感技术进行监测和分析，这与空气质量监测和大气成分分析密切相关。,"['brick kilns', 'distribution', 'technology types']",Sugandha Arora;Clément Goldmann;Stefan Oehmcke;Jan Pauls;Chuanlong Zhou;Abhinav Sharma;Kushal Tibrewal;Harish Phuleria;Fabian Gieseke;Philippe Ciais,Brick kilns across India: A temporal analysis of brick kiln distribution and technology types,
None,True,International Journal of Applied Earth Observation and Geoinformation,该论文使用多种地球观测数据（如卫星观测）来评估喀斯特干旱的传播，涉及大气环境监测和遥感技术，因此与大气环境遥感技术相关。,"['Earth Observation', 'karst drought', 'multisource']",Chengchang Tian;Qiuwen Zhou;Ze Yuan;Yuan Li;Igor Leščešen;Slobodan Gnjato;Pedro A.M. Leite,Global assessment of karst drought propagation from multisource Earth Observation: Epikarst-mediated rapid shallow coupling and delayed deep responses,
None,True,International Journal of Applied Earth Observation and Geoinformation,该论文研究了利用FY-3G多角度偏振观测进行全球云相监测，并使用新的MAPLE-CP框架进行独立的多站点激光雷达验证。这与大气环境遥感技术密切相关，特别是云相监测和卫星观测领域。,"['FY-3G', 'polarimetric observations', 'cloud phase monitoring', 'lidar validation']",Yaying Wang;Haofei Wang;Chuanfeng Zhao;Qiao Wang;Kun Jia;Jinlong Fan;Hang Lyu;Sijie Chen;Zhenping Yin;Xing Yan,Global cloud phase monitoring from FY-3G multi-angle polarimetric observations using the new MAPLE-CP framework with independent multi-site lidar validation,
None,True,International Journal of Applied Earth Observation and Geoinformation,该论文标题和摘要中涉及空气温度降尺度处理和体积保持插值预处理，与大气环境遥感技术中的空气质量监测和大气成分分析相关，因此是强相关的。,"['air temperature', 'downscaling', 'Volume-Preserving interpolation']",Zitong Wen;Lu Zhuo;Jiao Wang;Ahmed Abdelhalim;Ming Zhong;Dawei Han,Reducing grid artifacts in air temperature downscaling with a Volume-Preserving interpolation preprocessing step,
None,True,International Journal of Applied Earth Observation and Geoinformation,该论文标题和摘要明确涉及了气溶胶-云探测通道的校准算法，以及特定波长（532 nm）和卫星传感器（DQ-1/ACDL）。这些内容与大气环境遥感技术（如空气质量监测、卫星观测、大气成分分析、气溶胶检索）密切相关，因此该论文与该主题高度相关。,"['Aerosol-Cloud detection', '532 nm', 'DQ-1/ACDL', 'calibration algorithm']",Feiyue Mao;Chengen Li;Lin Zang;Zengxin Pan;Weiwei Xu;Ge Han;Xiuqing Hu;Weibiao Chen;Wei Gong,Linear-Fitting calibration algorithm for Aerosol-Cloud detection channels at 532 nm of the DQ-1/ACDL,
None,False,International Journal of Applied Earth Observation and Geoinformation,该论文主要关注的是利用高光谱数据和机器学习技术检测水稻白叶枯病，这与大气环境遥感技术（如空气质量监测、卫星观测、大气成分分析、气溶胶反演）相关性较低。虽然高光谱数据可以用于遥感应用，但该研究的应用领域是农业病害监测，而非大气环境。,"['hyperspectral data', 'machine learning', 'rice bacterial leaf blight']",Ziyi Wang;Roshanak Darvishzadeh;Nancy Castilla;Alice Laborte;Andrew Nelson,Early detection of rice bacterial leaf blight disease using canopy hyperspectral data and machine learning,
None,False,International Journal of Applied Earth Observation and Geoinformation,该论文的标题和摘要主要关注于基于图Transformer的决策框架，用于选择性更新矢量建筑数据，这与大气环境遥感技术（如空气质量监测、卫星观测、大气成分分析、气溶胶反演）的主题无关。,[],Yue Qiu;Fang Wu;Haizhong Qian;Jichong Yin;Xianyong Gong;Chengyi Liu;Hao Zhang;Rui Cao,V-BUILD: A graph Transformer-based decision framework for selective updating of vector building data,
None,True,International Journal of Applied Earth Observation and Geoinformation,该论文标题和摘要明确涉及地表煤矿的环境质量评估，其中提到“MiecoI”方法，可能是一种遥感技术或算法，用于监测和分析煤矿区的环境质量，这与大气环境遥感技术（如空气质量监测、地表观测等）有一定关联。,"['surface coal Mines', 'Eco-Environmental quality assessment', 'MiecoI']",Feiyue Li;Jun Li;Chengye Zhang;Han Zhang;Chuanying Peng;Lixia Liang;Jingyu Hao;Simit Raval,A new approach for comprehensive and spatiotemporally comparable Eco-Environmental quality assessment of surface coal Mines: MiecoI,
None,True,Atmospheric Environment,该论文研究了在西北非洲的Atlas Mohammed V大气研究站对CO2和CH4进行了七年的连续测量，这属于大气环境监测和成分分析的范畴，与大气环境遥感技术密切相关。,"['CO2', 'CH4', 'atmospheric research station']",Ibrahim Ouchen;Michel Ramonet;Toure Dro Tiemoko;Morgan Lopez;Mohamed Mastere;Abdelaziz Motiaa;Wahid Mellouki,Seven-year continuous measurement of CO<sub>2</sub> and CH<sub>4</sub> at Atlas Mohammed V atmospheric research station in Northwest Africa,
None,True,Atmospheric Environment,该论文研究的是全球尺度臭氧污染在2060年气候和排放情景下的动力学，涉及大气成分分析和空气质量监测，与大气环境遥感技术密切相关。,"['O3', 'climate', 'emission scenarios']",Hiroo Hata;Yukio Suzuki;Jairo Vazquez Santiago;Kazuya Inoue,Kinetic study of global-scale O<sub>3</sub> pollution under 2060s climate and emission scenarios,
None,True,Atmospheric Environment,该论文研究了非常规油气开发在鹰滩页岩中挥发性有机化合物排放和二次有机气溶胶形成的季节性变化，这与大气环境遥感技术中的空气质量监测和气溶胶遥感相关。,"['volatile organic compound', 'secondary organic aerosol', 'unconventional oil and gas development']",Katarina Konon;Lea El Khoury;Evelyn Deveraux;Chun-Ying Chao;Pearl Abue;Leif G. Jahn;Austin Turner;Chou-Hsien Lin;Mrinali Modi;Daniel C. Blomdahl;Kristi N. McPherson;David T. Allen;Pawel K. Misztal;Lea Hildebrandt Ruiz,Seasonal variation in volatile organic compound emissions and secondary organic aerosol formation from unconventional oil and gas development in the Eagle Ford Shale,
None,True,Atmospheric Environment,该论文研究了印度南部半干旱雨影区2008年至2024年的黑碳气溶胶，涉及空气质量监测、大气成分分析和机器学习方法，与大气环境遥感技术密切相关。,"['black carbon aerosols', 'air quality monitoring', 'atmospheric composition analysis', 'machine learning approaches']",Raja Obul Reddy Kalluri;Balakrishnaiah Gugamsetty;Usha Kajjer Virupakshappa;Rama Gopal Kotalo;Siva Sankara Reddy Lingala;Mamatha Chutta,"Long-term (2008-2024) analysis of black carbon aerosols over a semi-arid rain-shadow region in southern peninsular India: trends, wavelet analysis, machine learning approaches and source regions",
None,True,Atmospheric Environment,该论文研究了南极半岛上原始和人口密集地区的地表臭氧浓度变化，涉及大气成分分析，与大气环境遥感技术（如空气质量监测）密切相关。,"['ozone', 'Antarctic Peninsula', 'populated sites']",Francisco Cereceda-Balic;Magín Lapuerta;Gonzalo Barcaza;Hans Moosmüller;John F. Mejia;Ximena Fadic;Valeria Campos,Surface ozone concentration variability across pristine and populated sites of the Antarctic Peninsula,
None,True,Atmospheric Environment,该论文研究莫斯科黑碳的长期定量和来源，涉及空气质量监测、大气成分分析等，与大气环境遥感技术密切相关。,"['black carbon', 'air quality monitoring', 'atmospheric composition analysis']",Olga Popovicheva;Marina Chichaeva;Roman Kovach;Matic Ivančič;Asta Gregorič;Balint Alfoldy;Nikolay Kasimov,"Long-term black carbon quantification and sources in largest European megacity Moscow: impact of gas-fuel heating, population activity, and wildfires",
None,True,Atmospheric Environment,该研究涉及使用低成本传感器监测细颗粒物，并通过Mixture of Affine Experts框架进行校准，这与大气环境遥感技术中的空气质量监测和传感器技术密切相关。,"['low-cost sensors', 'fine particulate matters', 'Mixture of Affine Experts']",Zekai Wang;Chao Mai;Jianing Chen;Yuhao Chen;Zhiyuan Wen;Meng Li;Upma Dutt;Wengui Li;John Zhou;Yuhan Huang,Interpretable intelligent calibration of low-cost sensors of fine particulate matters via a Mixture of Affine Experts (MoAE) framework,
None,True,Atmospheric Environment,该论文研究了次生有机硅氧烷气溶胶（SOSiA）的产率和挥发性变化，这些气溶胶是由环状挥发性甲基硅氧烷（CVMS）经过羟基（OH）氧化形成的。这属于大气环境遥感技术中的空气质量和大气成分分析领域，特别是气溶胶的监测和形成机制研究。,"['secondary organosiloxane aerosol', 'OH oxidation', 'cyclic volatile methyl siloxanes']",Hyoseon Kang;Jihye Moon;Hyun Gu Kang;Hwajin Kim,Structure dependent yield and volatility changes of secondary organosiloxane aerosol (SOSiA) from OH oxidation of various cyclic volatile methyl siloxanes,
None,True,Atmospheric Environment,该论文研究气象基线的非平稳性对大气扩散评估的影响，涉及核设施站点，这与大气环境遥感技术中的空气质量监测和大气成分分析相关，因此是相关的。,"['meteorological baselines', 'atmospheric dispersion', 'nuclear facility']",Juyeol Yun;Mee Jang;Jong-Myoung Lim;Jinhyung Lee;Sangdo Choi;Seung-Min Lee;Minseok Kang,Nonstationarity of meteorological baselines for atmospheric dispersion assessments: A 32-year dual-height case study at a nuclear facility site in South Korea,
None,True,Atmospheric Environment,该论文研究了德黑兰市固体废物填埋场的甲烷排放问题，涉及了大气环境污染监测和全球观测，与大气环境遥感技术中的空气质量监测和卫星观测有强相关关系。,"['municipal solid waste landfills', 'methane emissions', 'NASA-identified global super-emitter']",Mohammad Hassanabadi;Adel Mokammel;Ali Ahmadi Orkomi;Sasan Faridi;Kazem Naddafi;Kamyar Yaghmaeian;Shahrokh Nazmara;Mohammad Khanizadeh;Ahmad Taheri;Mohammad Sadegh Hassanvand;Fatemeh Momeniha,Methane emissions from municipal solid waste landfills in Tehran: Field measurements and modeling of a NASA-identified global super-emitter,
None,True,Atmospheric Environment,该论文评估了FY-4B/AGRI陆地气溶胶光学厚度产品，并与地球静止卫星产品在亚洲进行了比较，这与大气环境遥感技术（如空气质量监测、卫星观测、大气成分分析、气溶胶反演）密切相关。,"['FY-4B', 'AGRI', 'land aerosol optical depth', 'geostationary satellite']",Zhen Ye;Leiku Yang;Yidan Si;Lin Chen;Yueming Cheng;Xiaoran Lv;Xiaolong Niu;Shijiao Guo,Evaluation of the FY-4B/AGRI land aerosol optical depth product and comparison with geostationary satellite products over Asia,
None,True,Atmospheric Environment,该论文研究了城市街道峡谷中反应性污染物的扩散，涉及几何形状、风速、辐射和大气化学的影响，这与大气环境遥感技术（如空气质量监测和大气成分分析）密切相关。,"['reactive pollutant', 'urban street canyons', 'atmospheric chemistry']",Melisa I. Mendoza;Santiago F. Corzo;Damian E. Ramajo,"CFD modeling of reactive pollutant dispersion in urban street canyons: Effects of geometry, wind speed, radiation and atmospheric chemistry",
None,True,Atmospheric Environment,该论文研究的是中期臭氧污染预测技术，使用了混合transformer-TabPFN框架，臭氧是大气环境中的污染物，因此与大气环境遥感技术（如空气质量监测、卫星观测、大气成分分析）密切相关。,"['ozone', 'pollution forecasting', 'transformer-TabPFN framework']",Bohui Jiang;Xiaoling Zhang;Miao Qi;Xin Ai;Xiaoyi Wang;Xinying Qin,Medium-range ozone pollution forecasting techniques via a hybrid transformer-TabPFN framework and application,
None,True,Atmospheric Environment,该论文研究 PM2.5 中重金属的来源及其对健康的影响，涉及空气质量监测和大气成分分析，与大气环境遥感技术密切相关。,"['PM2.5', 'metal', 'coastal megacity']",Yanjie Lei;Ming Hu;Yuankai Xie;Anja H. Tremper;Yue Liu;Lan Hong;Xin Cheng;Cheng Huang;Qingyan Fu;Jialiang Feng;David C. Green;Longhua Wu;Shunyao Wang;Gang I. Chen,Source transition and health implication of PM<sub>2.5</sub>-bound metals: Multi-year high-resolution observation in a coastal megacity,
None,True,Atmospheric Environment,该论文研究的是非道路施工设备的实际排放情况，特别是PM-bound environmentally persistent free radicals（多孔材料结合的环境持久自由基）和反应性自由基的生成，这与大气环境遥感技术中的空气质量和大气成分分析密切相关。这些自由基是大气污染物的重要组成部分，通过遥感技术可以对其进行监测和分析，因此该论文与大气环境遥感技术密切相关。,"['PM-bound environmentally persistent free radicals', 'non-road construction equipment', 'atmospheric composition analysis']",Tzu-Hsien Tseng;Wei-Min Ching;Yen-Hsien Li;Hsi-Hsien Yang;Yu-Chieh Wang,Real-world emissions of PM-bound environmentally persistent free radicals and reactive radical species generation from non-road construction equipment,
None,True,Atmospheric Environment,该论文研究了土壤对大气氢气的吸收作用，并使用了空气动力学梯度技术进行测量，这与大气环境遥感技术（如空气质量和大气成分监测）有一定关联，因为大气氢气是大气成分的一部分，而遥感技术常用于监测大气成分。,"['atmospheric hydrogen', 'soil sink', 'aerodynamic gradient technique']",Nicholas Cowan;Mark Hanlon;Aurelia Bezanger;Chiara F. Di Marco;Carole Helfter;Neil J. Mullinger;Ruby Devlin;Toby Roberts;Sarah R. Leeson;Karen Yeung;Duncan Harvey;Eiko Nemitz;Julia Drewer,Environmental controls of the soil sink of atmospheric hydrogen: a year-long study at a UK grassland using the aerodynamic gradient technique,
None,True,Atmospheric Environment,该论文研究人类活动对室内空气污染物的影响，使用了噪声和CO2作为变量，并结合LSTM-LightGBM模型进行分析。虽然主要关注室内环境，但空气污染物和监测技术（如CO2监测）与大气环境遥感技术（如空气质量监测）有间接关联，因此可以认为其与大气环境遥感技术有一定的相关性。,"['indoor air pollutants', 'CO2', 'LSTM-LightGBM']",He Zhang;Ravi Srinivasan;Chen Chen;Xu Yang;Zhi Huang;Vikram Ganesan;Rui Zhou,Assessing impacts of human activity on indoor air pollutants using noise and CO<sub>2</sub>-based variables with LSTM-LightGBM: a library case study,
None,True,Atmospheric Environment,该论文研究了珠江口沿岸和海洋地区的光化学和臭氧污染，这与大气环境遥感技术密切相关，特别是空气质量和大气成分分析。,"['ozone pollution', 'coastal sites', 'atmospheric photochemistry']",Lirong Hui;Guizhen Fang;Yi Chen;Hao Sun;Xin Feng;Yang Xu;Jia Guo;Yao Chen;Penggang Zheng;Dasa Gu;Yanli Zhang;Yee-Jun Tham;Zhenhao Ling;Zhe Wang,"Contrasting photochemistry and ozone pollution at coastal and marine sites in the Pearl River Estuary, South China",
None,True,Atmospheric Environment,该论文研究氯引发苯乙烯氧化的有机氯化物形成过程，这与大气环境遥感技术中的空气质量和大气成分分析密切相关，因为有机氯化物是大气污染物之一，遥感技术可以用于监测这类物质。,"['organochloride compounds', 'chlorine-initiated', 'styrene oxidation']",Yinghong Sun;Kun Li;Li Xu;Narcisse Tsona Tchinda;Lin Du,Organochloride compounds formation in chlorine-initiated styrene oxidation,
None,True,Atmospheric Environment,该论文研究了中国农村家庭固体燃料燃烧产生的多环芳烃（PAHs）暴露，及其与DNA损伤和全身炎症的关联，这与大气环境遥感技术中的空气质量监测和大气成分分析密切相关。,"['PAHs', 'air quality', 'combustion', 'DNA damage']",Sulin Chen;Yunxuan Gu;Hongmei Xu;Sadaf Gulzar;Miaoqian Li;Yifei Xu;Min Gao;Jian Sun;Zhenxing Shen,Household solid fuel combustion-related PAH exposure in rural northern China: Associations of phenanthrene metabolites with DNA damage and systemic inflammation,
None,True,Atmospheric Environment,该论文研究了长期暴露于多种空气污染及其轨迹风险与心血管-肾脏-代谢多病的关系，与大气环境遥感技术中的空气质量监测和大气成分分析密切相关，因此相关性较强。,"['air pollution', 'cardio-renal-metabolic multimorbidity', 'trajectory risk']",Zixuan Jiang;Yajing Zhou;Runzhi Bai;Yexin Lin;Yunxin Shi;Xueying Zheng;Yongfu Yu;Jieru Cai;Guoyou Qin,Long-term exposure to multiple air pollution and trajectory risk of cardio-renal-metabolic multimorbidity,
None,True,Atmospheric Environment,该论文研究了格陵兰冰芯中次微米水不溶性颗粒的形态，并估算了燃烧颗粒的沉积通量。这与大气环境遥感技术中的空气质量监测和大气成分分析密切相关，因为冰芯样本可以提供过去大气成分的历史记录，而燃烧颗粒是大气污染的重要组成部分。,"['Greenland ice core', 'submicrometer particles', 'combustion particles']",Sayako Ueda;Sho Ohata;Yoshinori Iizuka;Kaoru Kawakami;Mai Matsumoto;Osamu Seki;Sumito Matoba;Hitoshi Matsui,Morphology of submicrometer water-insoluble particles in a Greenland ice core during recent and early twentieth-century periods: estimation of deposition fluxes of combustion particles,
None,False,Atmospheric Environment,该论文主要关注臭氧暴露与代谢功能障碍进展到心血管疾病之间的关系，不涉及大气环境遥感技术，如空气质量监测、卫星观测或大气成分分析。,"['Ambient O₃', 'metabolic dysfunction', 'cardiovascular diseases']",Yiting Wei;Xiangyi Liu;Zitong Zhuang;Liying Luo;Ge Chen;Peng Hu;Hui Liu;Weiquan Lin;Hualiang Lin,Ambient O<sub>3</sub> exposure associated with progression of different metabolic dysfunction states to cardiovascular diseases: the GOLD-health cohort,
None,True,Atmospheric Research,该论文研究了伊犁河谷夏季地形降水在低层风条件下的垂直结构，使用了GPM-DPR卫星数据，这与大气环境遥感技术（如卫星观测和大气成分分析）密切相关。,"['GPM-DPR', 'orographic precipitation', 'Ili River Valley']",Zhimin Wang;Jing Yang;Yan Yin;Changchun Xu;Yuanyuan Li;Yujiang Fan;Baojun Chen;Tianliang Zhao,Vertical structures of summer orographic precipitation under different low-level wind conditions in the Ili River Valley observed by GPM-DPR,
None,True,Atmospheric Research,该论文研究了地中海沿海城市巴里的热湿变化，涉及城市冠层建模和中小尺度强迫，与大气环境遥感技术中的空气质量监测和城市环境研究相关。,"['mesoscale forcing', 'urban canopy modelling', 'thermo-hygrometric variability']",Gianluca Pappaccogli;Andrea Zonato;Alberto Martilli;Riccardo Buccolieri;Antonio Esposito;Piero Lionello,"Integrating mesoscale forcing and urban canopy modelling: Quantifying thermo-hygrometric variability in a Mediterranean coastal city (Bari, Italy)",
None,True,Atmospheric Research,该论文研究不同分辨率的网格和尺度感知的积云参数化对韩国半岛降水预报的影响，这与大气环境遥感技术中的空气质量监测和大气成分分析高度相关，因为它涉及对大气现象（如降水）的遥感观测和预报。,"['precipitation forecasts', 'Korean Peninsula', 'variable-resolution grids']",Ji-Young Han;Jae-Hee Hahm;Ilseok Noh,Impacts of variable-resolution grids and scale-aware cumulus parameterization on precipitation forecasts over the Korean Peninsula,
None,True,Atmospheric Research,该论文研究了在青海西宁高原河谷站点使用多普勒风激光雷达观测的低空急流的事件规模多样性和降水响应。多普勒风激光雷达是一种用于大气环境遥感的技术，可以监测风场和大气成分。因此，该论文与大气环境遥感技术（如空气质量监测、卫星观测、大气成分分析和气溶胶反演）密切相关。,"['Doppler wind lidar', 'low-level jets', 'atmospheric remote sensing']",Junze Xiao;Shijun Zhao;Yudi Liu;Yulong Shan;Fei Zhu,"Event-scale diversity and precipitation responses of low-level jets observed by Doppler wind lidar at a plateau-valley site in Xining, China",
None,True,Atmospheric Research,该论文研究中亚阿姆河盆地的时空转变和敏感性模式，涉及雪到雨的气候变化，这与大气环境遥感技术（如大气成分分析、卫星观测）密切相关，因为气候变化直接影响空气质量监测和大气组成研究。,"['Amu Darya Basin', 'snow', 'rain', 'spatiotemporal transitions', 'atmospheric sensitivity']",Jiaxin Li;Min Xu;Shichang Kang;Safarov Mustafo;Jiangang Zhang,"From snow to rain: Spatiotemporal transitions and sensitivity patterns in the Amu Darya Basin, Central Asia",
None,True,Atmospheric Research,该论文的标题和摘要涉及极地地区的云、辐射效应和降水特征，这与大气环境遥感技术密切相关，例如通过卫星观测分析大气成分和空气质量。,"['cloud occurrence', 'radiative effects', 'precipitation characteristics', 'polar regions']",Zhenyu Cao;Bida Jian;Lijie Zhang;Yang Wang;Yuan Wang;Jiming Li,"Phase-resolved cloud occurrence, radiative effects, and precipitation characteristics over the polar regions",
None,True,Atmospheric Research,该论文研究了CALIOP卫星观测数据，聚焦于上海地区的垂直气溶胶分层，涉及气象调制和高度分辨的传输，这与大气环境遥感技术（如空气质量监测、卫星观测、大气成分分析、气溶胶反演）密切相关。,"['CALIOP', 'aerosol', 'vertical stratification', 'Shanghai', 'satellite observations']",Fangzhi Wei;Tianwen Wei;Qiuwei Xia;Yiqian Liu;Xinming Zhu;Haiyun Xia,Long-term CALIOP observations of vertical aerosol stratification over Shanghai: Meteorological modulation and height-resolved transport,
None,False,Atmospheric Research,该论文研究的是青藏高原东南部的夜间低空急流下的剪切层亚网格尺度闭合效应，主要涉及流体力学和气象学领域，与大气环境遥感技术（如空气质量监测、卫星观测、大气成分分析、气溶胶反演等）的直接相关性较弱。,"['large-eddy simulation', 'nocturnal low-level jets', 'southeastern Tibetan Plateau']",Ziyuan Zhu;Yulong Ma;Xingwen Jiang,Large-eddy simulation of subgrid-scale closure effects on the shear layer beneath nocturnal low-level jets over the southeastern Tibetan Plateau,
None,False,Atmospheric Research,该论文的研究主题是智利和美国西海岸的龙卷风的中尺度环境，与大气环境遥感技术（如空气质量监测、卫星观测、大气成分分析、气溶胶反演）关系不大，因此不相关。,"['tornadoes', 'mesoscale environments', 'Chile']",Julio C. Marín;Bradford S. Barrett;Felipe Gutiérrez Cotapos;Diana Pozo,Mesoscale environments of tornadoes in Chile and along the U.S. west coast,
None,True,Atmospheric Research,该论文研究了区域生物排放对中部中国臭氧污染的影响和机制，涉及大气成分分析和空气质量监测，与大气环境遥感技术密切相关。,"['ozone pollution', 'biogenic emissions', 'Central China']",Nan Wang;Qizhong Wu;Shuangliang Ma;Lingling Wang;Kai Cao;Yushan Bian,Impacts and mechanisms of regional biogenic emissions on ozone pollution over Central China,
None,True,Atmospheric Research,该论文研究了华北平原冬季二次无机气溶胶的生成机制，涉及酸度调节的金属催化作用，这与大气环境遥感技术中的气溶胶 retrieves 和空气质量监测密切相关，因此高度相关。,"['secondary inorganic aerosol', 'North China Plain', 'acidity-regulated metal catalysis']",Shuangshuang Zou;Zheng Wang;Chenpeng Zhao;Weisi Wang;Quanzhou Han;Yunfei Wu;Daiqi Ye;Qingxia Ma;Daizhou Zhang,Important role of acidity-regulated metal catalysis in rural wintertime secondary inorganic aerosol formation in the North China Plain,
None,True,Atmospheric Research,该论文研究了低空急流特征及其对低空湍流的影响，使用了多普勒风激光雷达进行观测，这与大气环境遥感技术（如空气质量和大气成分监测）密切相关，因为多普勒风激光雷达是一种常用的遥感技术，用于大气观测和研究。,"['Doppler wind lidar', 'low-level jet', 'low-level turbulence', 'coastal Ningbo']",Muxian Chen;Xiaolin Liu;Chaoying Yang;Jun Zhao;Ping Zhou;Zhongming Gao;Lei Li,Low-level jet characteristics and their impacts on low-level turbulence: A Doppler wind lidar observational study in coastal Ningbo,
None,False,Atmospheric Research,该论文研究的是地中海山-平原系统中的极端日降雨事件的时空结构和极端依赖性，主要关注气候和气象学方面，而非大气环境遥感技术，如空气质量监测、卫星观测或大气成分分析。,"['extreme daily rainfall', 'Mediterranean mountain–plain system', 'atmospheric environmental remote sensing']",Stefanos P. Stefanidis;Nikolaos D. Proutsos,Event-based spatial structure and extremal dependence of extreme daily rainfall across a Mediterranean mountain–plain system,
None,True,Atmospheric Research,该论文研究了FY-4A卫星的PWV（可降水量）数据在改进NWP（数值天气预报）模型对强降水预报性能方面的作用，这涉及到卫星观测和大气成分分析，与大气环境遥感技术密切相关。,"['FY-4A', 'PWV', 'NWP', 'heavy precipitation forecasting']",Dengxin He;Zhizhao Liu;Jiafei Xu;Guirong Xu;Anwei Lai;Yunchang Cao;Hong Liang;Guan Hong,First validation of FY-4A PWV assimilation in improving NWP model performance for heavy precipitation forecasting,
None,True,Atmospheric Research,该论文研究的是WRF（Weather Research and Forecasting）模型在复杂地形下的风场数据校正方法，这属于大气环境模拟和预测的范畴，与大气环境遥感技术中的空气质量监测、气象观测等有密切关系，因此是相关的。,"['WRF', 'wind fields', 'complex terrain', 'residual correction']",Pinhan Zhou;Lian Shen;Yan Han;Shuwen Deng;Xiangjun Wang;Wenxiang Xu,Continuity-constrained residual correction framework for WRF wind fields over complex terrain,
None,True,Atmospheric Research,该论文研究的是夏季青藏高原的带状切变线和相关降水机制在不同环流模式下的分类，涉及大气环流和降水现象，与大气环境遥感技术中的大气成分分析和气象观测相关，因此具有相关性。,"['Tibetan Plateau', 'zonal shear lines', 'precipitation mechanisms', 'circulation patterns']",Xiaohong Bao;Xiuping Yao;Yubin Yu,Classification of summer Tibetan Plateau zonal shear lines and associated precipitation mechanisms under different circulation patterns,
None,True,Atmospheric Research,该论文研究了青藏高原夏季季风的加热机制及其与南亚高压和东亚夏季季风变率的关联，这与大气环境遥感技术中的大气成分分析和气象现象监测密切相关，因此具有相关性。,"['Tibetan Plateau', 'South Asian High', 'East Asian summer monsoon', 'atmospheric variability']",Lizi Wang;Zeyong Hu;Haipeng Yu;Ya Hou;Jinyu Zhang;Xiangyuan Lou;Guantian Wang,Thermal pumping of the Tibetan Plateau Summer Monsoon and its association with the South Asian High and East Asian summer monsoon variability,
None,True,Atmospheric Research,该论文的标题和摘要明确涉及中国东部地区的复合热浪和臭氧污染事件，这些内容与大气环境遥感技术中的空气质量监测、大气成分分析等密切相关。臭氧污染是大气环境监测的重要指标，而复合热浪的研究也常涉及遥感技术获取的数据。因此，该论文与大气环境遥感技术高度相关。,"['compound heatwave', 'ozone pollution', 'atmospheric composition']",Xiaoyi Wang;Pengguo Zhao;Bohui Jiang;Jinghui Ma,Mechanisms and attribution of frequent compound heatwave and ozone pollution events in eastern China,
None,True,Atmospheric Research,该论文研究渤海-黄海及邻近平原地区的热浪现象，涉及大气成分分析和区域气候特征，与大气环境遥感技术（如卫星观测和空气质量监测）相关。,"['heatwaves', 'Bohai-Yellow Sea', 'atmospheric composition', 'remote sensing']",Qi Zhang;Yiwen Zhu;Yiyu Xu;Yujuan Chen,Regional heatwaves over the Bohai-Yellow Sea and adjacent plains: Compounding characteristics and formation mechanisms,
None,True,Atmospheric Research,该论文涉及使用FY-3微波遥测技术进行全天空观测，用于暖区强降水预测，这与大气环境遥感技术（如空气质量监测、卫星观测、大气成分分析、气溶胶反演）密切相关，因此是高度相关的。,"['microwave', 'FY-3', 'all-sky', 'heavy rainfall', 'atmospheric remote sensing']",Siqi Chen;Sheng Hu;Huiqi Li;Hui Xiao;Jie He;Yu Zhang;Fuzhong Weng,Targeted All-Sky FY-3 microwave assimilation using localized ensemble transform sensitivity for warm-sector heavy rainfall prediction,
None,True,Atmospheric Research,该研究关注首尔城市山区夜间臭氧增强现象，涉及大气成分分析和污染物（臭氧）的时空变化，与大气环境遥感技术（如空气质量监测和大气组成分析）密切相关。,"['ozone', 'urban mountain site', 'Seoul']",Jung-Woo Yoo;Young-Jun Kim;Soon-Hwan Lee,Altitude-dependent transport pathways driving nighttime ozone enhancement over an urban mountain site in Seoul,
None,True,Atmospheric Research,该论文研究了中国南海沿岸地区由暖锋产生的短寿命和长寿命强降水事件的对比，涉及大气环境监测和降水事件分析，与大气环境遥感技术中的空气质量和大气成分监测相关。,"['heavy precipitation', 'ambient environment', 'South China coast']",Haisheng Liu;Xiaogang Huang;Jianfang Fei;Xiaoping Cheng;Xiadong An;Xiangrong Yang;Jing Sun;Chi Zhang,Contrasting ambient environments of locally generated short- and long-lived warm-sector heavy precipitation events over the South China coast,
None,True,Atmospheric Research,该研究涉及阿尔泰山脉的积雪覆盖变化及其对气候和极地涡旋的响应，与大气环境遥感技术中的积雪监测、气候变化分析等相关，因此相关性较强。,"['snow cover', 'climate', 'polar vortex']",Jiarui Li;Wei Zhang;Xuejiao Wu;An'an Chen;Xinyue Zhong;Yongping Shen,Elevation-dependent variations in snow cover and their response to climate and the polar vortex in the Altai mountains,
None,True,Atmospheric Research,该论文研究使用Mie-偏振-荧光激光雷达技术量化尘埃气溶胶的老化过程，并将光学演变与化学转化联系起来。这与大气环境遥感技术密切相关，特别是涉及气溶胶监测和大气成分分析。,"['dust aerosols', 'Mie–polarization–fluorescence lidar', 'optical evolution', 'chemical transformations']",Yuanzong Ji;Zhongwei Huang;Yongkai Wang;Wenjin Zhang;Da Lu;Qingqing Dong;Jianrong Bi;Tian Zhou,Quantifying the aging of dust aerosols using Mie–polarization–fluorescence lidar: Linking optical evolution to chemical transformations,
None,True,Atmospheric Research,该论文研究的是使用区域气候模型（NCMRWF）分析2018年和2019年喀拉拉邦洪水事件中先进云微物理方案的影响。虽然主要关注洪水事件，但云微物理是大气环境研究的一部分，涉及大气成分和过程，与遥感技术在空气质量监测和大气成分分析方面有间接关联。,"['cloud microphysics', 'regional model', 'Kerala flood']",Rose Raphel;A. Jayakumar;T.J. Anurose;Saji Mohandas;Greeshma M. Mohan;M. Sandhya;Anumeha Dube;Donali Gogoi;V.S. Prasad;Claudio Sanchez,Impact of advanced cloud microphysics schemes for the Kerala flood events in 2018 and 2019 using the NCMRWF regional model,
None,True,Atmospheric Research,该论文研究春季和夏季海冰异常如何协同增强印度支那半岛夏季降水，涉及大气环境中的海冰和降水现象，与大气环境遥感技术中的气候监测和气象分析相关。,"['sea ice', 'precipitation', 'Indochina Peninsula']",Yan Zhang;Shu Gui;Jie Cao;Ruowen Yang;Li Zhu;Lei Cai,Spring and summer sea ice anomalies synergetically enhance summer precipitation over the Indochina Peninsula,
None,True,Atmospheric Research,该论文研究天山北坡短期强降水事件的 multidirectional moisture transport 和 dynamic–thermodynamic mechanisms，这与大气环境遥感技术中的 air quality monitoring 和 atmospheric composition analysis 相关，因为降水过程和大气成分密切相关。,"['heavy precipitation', 'Tianshan Mountains', 'moisture transport']",Zhiyi Li;Junqiang Yao;Changchun Xu;Yu Luo;Ting Zhang,Multidirectional moisture transport and dynamic–thermodynamic mechanisms of a short-duration heavy precipitation case on the Northern Slope of the Tianshan Mountains,
None,True,Atmospheric Research,该论文研究1901-1975年长江三角洲夏季降雨的年际至年代际变化，并将其与北太平洋海表温度联系起来。虽然不直接涉及大气环境遥感技术，但研究气候变化和气象现象（如降雨）与海洋温度的关系，与大气环境监测和气候分析相关，因此可以认为是相关的研究领域。,"['rainfall', 'Yangtze River Delta', 'North Pacific Sea surface temperature']",Yanhao Peng;Dong Xiao,Interannual-to-decadal variations of the Yangtze River Delta summer rainfall during 1901–1975 linked with North Pacific Sea surface temperature,
None,True,Atmospheric Research,该论文研究中国夏季湿球温度的非平稳演变，涉及温度和湿度的变化对大气环境的影响，这与大气环境遥感技术中的空气质量监测和大气成分分析密切相关。,"['wet-bulb temperature', 'atmospheric composition', 'air quality monitoring']",Tianci Yao;Shengfa Li;Qing Yu;Jia Sun;Xiangyu Wang;Wanjun Zhang;Lixin Su,Non-stationary evolution of summer wet-bulb temperature in China (1951–2024): Accelerated warming and time-varying roles of temperature and humidity,
None,True,Atmospheric Research,该论文研究空气滞留和热浪事件的增加，涉及空气污染频率和暴露人口的变化，这与大气环境遥感技术密切相关，特别是空气质量监测和大气成分分析。,"['air pollution', 'atmospheric stagnation', 'heatwave', 'India']",Gayathri Balachandran;S. Sumith Satheendran,Compound air stagnation and heatwave events: A ninefold increase in frequency and a tenfold rise in population exposure to air pollution over India,
None,False,Atmospheric Research,该论文的主题是西太平洋副热带高压的西伸现象及其人为强迫因素，虽然涉及大气科学，但与大气环境遥感技术（如空气质量监测、卫星观测、大气成分分析、气溶胶反演等）的直接关联性较弱。,"['western North Pacific subtropical high', 'atmospheric forcing', 'extension']",Xiadong An;Wen Chen;Peng Hu,Anthropogenic forcing dominates relentless westward extension of the western North Pacific subtropical high,
None,True,Atmospheric Research,该论文研究了利用全球导航卫星系统（GNSS）的整周延迟（ZTD）数据同化技术来增强强降雨的预报能力，并涉及了高级观测误差诊断。GNSS ZTD数据可用于大气水汽和湿度的监测，这与大气环境遥感技术密切相关，如空气质量监测和大气成分分析。因此，该论文与大气环境遥感技术（如卫星观测、大气成分分析、气溶胶反演）密切相关。,"['GNSS ZTD', 'heavy rainfall forecasting', 'advanced observation error diagnosis']",Ying Hui;Wei Han;Yabin Zhang;Lu Sun;Panxing Lou;Yongyong Ma;Xin Song;Caiyan Kang;Mingheng Chang,Enhanced heavy rainfall forecasting via GNSS ZTD assimilation with advanced observation error diagnosis,
None,True,Atmospheric Research,该论文研究了极化雷达技术如何用于分析季风槽对流中的风暴结构和闪电活动，这与大气环境遥感技术（如空气质量和大气成分监测）密切相关，因为雷达是重要的遥感工具之一。,"['polarimetric radar', 'storm structure', 'lightning activity', 'monsoon-trough convection', 'Indian Core Monsoon Zone']",Rakesh Ghosh;Pavan R. Vaidya;Manoj A. Domkawale;Hamza Varikoden;Sunil D. Pawar,Linking polarimetric radar-derived storm structure to lightning activity in monsoon-trough convection over the Indian Core Monsoon Zone,
None,False,Atmospheric Research,该论文研究的主题是黄河流域的复合热浪-水文干旱的AMO调制 seesaw 模式，与大气环境遥感技术（如空气质量监测、卫星观测、大气成分分析、气溶胶反演）没有直接关系。,[],Mengxin Bai;Peng Zhang;Zihui Yue;Wupeng Du;Bisheng Zhu;Jiali Jiang;Chunyi Xuan,AMO-modulated seesaw pattern of compound heatwave-hydrological drought over the Yellow River Basin,
None,True,Atmospheric Research,该论文研究了 Fengyun-4A 卫星的大气风矢量观测误差，这对于利用卫星数据进行大气数据同化非常重要，属于大气环境遥感技术领域，特别是卫星观测和台风研究方面。,"['Fengyun-4A', 'atmospheric motion vectors', 'data assimilation', 'Typhoon Doksuri']",Yongbo Zhou;Lijian Zhu;Jinhan Yuan;Chao Liu,Observation errors of Fengyun-4A atmospheric motion vectors for data assimilation during Typhoon Doksuri (2023),
None,True,Atmospheric Research,该论文研究的是海洋热浪的年际变化，涉及气候模型和大气组成分析，与大气环境遥感技术中的气候监测和大气成分分析相关。,"['marine heatwave', 'atmospheric composition', 'climate model', 'overshoot']",Lijuan Hua;Naiming Yuan,Asymmetric changes in annual marine heatwave duration before and after a 2°C overshoot in MRI-ESM2–0,
None,True,Atmospheric Research,该论文研究了中国东部季风区极端降水量的季节分布变化，虽然不直接涉及空气质量监测或卫星遥感技术，但其关注大气环境中的降水现象，与大气环境遥感技术有一定关联，特别是通过分析降水分布来理解大气环境变化。,"['extreme precipitation', 'seasonal distribution', 'Eastern Monsoon China']",Junlong Gao;Kai Liu;Ming Wang;Nandi Wang;Linmei Zhuang;Qingrui Yue,Projected regional variations in seasonal distribution of extreme precipitation over Eastern Monsoon China,
None,False,Atmospheric Research,该论文主要研究中国台风引起的极端小时降水特征，虽然涉及大气现象，但与大气环境遥感技术（如空气质量监测、卫星观测、大气成分分析、气溶胶反演）的直接相关性较弱。论文重点在于气象学中的降水现象，而非遥感技术本身。,"['typhoon', 'precipitation', 'extreme hourly']",Li Jia;Dajun Zhao;Yubin Yu;Fumin Ren,Contrasting characteristics of typhoon-induced extreme hourly precipitation in China,
None,True,Atmospheric Research,该论文研究地形扰动如何影响热带岛屿上的对流预条件化，这与大气环境遥感技术密切相关，特别是大气成分分析和对流现象监测，这些内容与空气质量监测和卫星观测技术相关。,"['orographic disturbances', 'convective preconditioning', 'tropical island', 'atmospheric composition']",Lanqiang Bai;Yipeng Huang;Qian Liu;Guixing Chen;Shizuo Fu;Qiu Yang;Lei Zhu,Orographic disturbances shaping convective preconditioning over a tropical island,
None,False,Atmospheric Research,该论文主要关注埃塞俄比亚干旱低地的时空降雨变化和气候遥相关，以及其对区域气候适应的启示。虽然涉及气候和环境，但未直接涉及大气环境遥感技术，如空气质量监测、卫星观测或大气成分分析等。,"['rainfall variability', 'climate teleconnections', 'Eastern Ethiopia']",Markato Markos;Kidist Sahle;Dawit Kanito;Bethel Geremew Shefine;Gemechu Fanta Garuma;Asaminew Teshome;Tsegaye Tadesse;Husam Musa Baalousha,Spatiotemporal rainfall variability and climate teleconnections in the arid lowlands of Eastern Ethiopia: implications for zone-specific climate adaptation,
None,True,Atmospheric Research,该论文研究青藏高原未来温度升高与海拔的关系，涉及气候和大气环境分析，与大气环境遥感技术中的卫星观测和大气成分分析相关。,"['Tibetan Plateau', 'elevation-dependent warming', 'cold biases']",Yu Deng;Qinglong You;Fangying Wu;Wenyu Zhou;Zhiyuan Cong;Zhiyan Zuo;Haijun Deng;Nick Pepin;Hans W. Chen;Deliang Chen;Renhe Zhang,Historical cold biases exaggerate future elevation-dependent warming over the Tibetan Plateau,
None,True,Atmospheric Research,该论文研究伊朗冬季PM2.5污染的天气模式和环流调节机制，涉及大气环境中的污染物监测和气象规律分析，与大气环境遥感技术（如空气质量监测和大气成分分析）密切相关。,"['PM₂.₅', 'weather patterns', 'circulation regulation']",Zhuoen Liu;Yixuan Lyu;Weihang Xie;Lizhuo Zheng;Yuepeng Pan;Mohammad Darand;Anmin Duan,Identification of dominant weather patterns and circulation regulation mechanisms of winter PM₂.₅ pollution in Iran,
None,True,Atmospheric Research,该论文研究了鄂尔多斯盆地夏季臭氧污染的气象驱动因素，涉及空气质量和大气成分分析，与大气环境遥感技术（如空气质量监测和大气组成分析）密切相关。,"['O3 pollution', 'Ordos Basin', 'meteorological drivers']",Weiming An;Jilong Tong;Shengtong Lei;Lingyun Ma;Pengbo Wang;Yumin Guo;Yongle Liu;Min Chen;Qingjun Gao;Lei zhang,Distinct meteorological drivers of summertime O<sub>3</sub> pollution in arid and semi-arid cities of the Ordos Basin under extreme heat,
None,True,Atmospheric Research,该论文研究主要尘源区的地表尘埃浓度未来预测，与大气环境遥感技术中的空气质量监测和大气成分分析密切相关。尘埃浓度是大气环境监测的重要指标，而研究其时空变化有助于理解大气传输机制和优化遥感监测技术。,"['dust concentrations', 'Mesopotamian plains', 'air quality monitoring']",Abbas Ranjbar Saadat Abadi;Nasim Hossein Hamzeh;Dimitris G. Kaskaoutis;Zahra Ghassabi;Christian Opp,Future projections of surface dust concentrations in major dust source regions of the Mesopotamian plains,
None,True,Atmospheric Research,该论文的标题和摘要明确涉及气象雷达降水临近预报技术，属于大气环境遥感技术领域，特别是通过双域时空预测网络进行降水预测。因此，它与大气环境遥感技术（如空气质量监测、卫星观测、大气成分分析、气溶胶反演）有强关联。,"['weather radar', 'precipitation nowcasting', 'dual-domain spatio-temporal predictive network']",Hui Wang;Liping Wang;Wenjuan Li,DSTP: A Dual-Domain Spatio-Temporal Predictive Network for weather radar precipitation nowcasting,
None,True,Atmospheric Research,该研究探讨了从山区到平原的降水系统在早秋季节受到气溶胶的调制作用，涉及了气溶胶和大气成分分析，与大气环境遥感技术中的空气质量监测和大气组成分析密切相关。,"['aerosol', 'precipitation', 'Northern China']",Yu Zheng;Yucong Miao;Shuhua Liu;Huizheng Che,Aerosol modulation of precipitation systems migrating from mountains to plains in Northern China during early autumn,
None,False,Atmospheric Research,该论文主要关注干旱预测，使用CMIP6投影和混合深度学习模型，研究对象是土耳其的中央安纳托利亚地区，与大气环境遥感技术（如空气质量监测、卫星观测、大气成分分析、气溶胶反演）关系不大。,"['CMIP6', 'deep learning', 'drought forecasting']",Hatice Citakoglu;Necmiye Minarecioglu;Yuksel Gul Aslanbay;Veysi Kartal;Ercan Gemici,"Drought forecasting across multiple temporal scales using CMIP6 projections and hybrid deep learning models for Central Anatolia, Türkiye",
None,True,Atmospheric Research,该论文研究了青藏高原夏季西风急流与降水之间的关系，涉及大气环流和降水模拟，与大气环境遥感技术中的气象观测和大气成分分析相关。,"['Tibetan Plateau', 'westerly jet', 'precipitation', 'CMIP6 models']",Yuhan Feng;Sulan Nan;Ge Liu;Ting Zhang;Yanhong Liu,Relationship between July–August Tibetan Plateau westerly jet and precipitation over the Tibetan Plateau in CMIP6 models,
None,True,Atmospheric Research,该研究模拟了台湾南部在高压回流期间PM2.5的浓度，这与大气环境遥感技术中的空气质量监测和大气成分分析密切相关。,"['PM2.5', 'air quality', 'atmospheric simulation']",Ming-Tung Chuang;Charles C.K. Chou;Chuan-Yao Lin;Wei-Che Lin;Neng-Huei Lin;Wei-Nai Chen;Steven Soon-Kai Kong,Simulating the PM<sub>2.5</sub> in southern Taiwan under high-pressure return flow during the Kao-Ping Experiment (KPEx),
None,True,Atmospheric Research,该论文标题和摘要涉及中国在特定气象条件（不利气象）下对PM2.5污染的治理进展，这与大气环境遥感技术中的空气质量监测和污染治理密切相关。PM2.5是大气污染物，治理涉及遥感技术和气象分析。,"['PM2.5', 'governance', 'meteorology']",Ruihuan Liu;Xiaojuan Xu;Zelin Du;Jun He;Yifan Tao;Rongrong Shen;Yuesi Wang;Dongsheng Ji,Overcoming adverse meteorology: PM<sub>2.5</sub> governance progress during China's 2025 Victory Day,
None,True,Atmospheric Research,该论文研究了城市化对降水系统和雨微物理的影响，涉及大气环境变化和气象观测，与大气环境遥感技术（如空气质量监测、卫星观测、大气成分分析）密切相关。,"['urbanization', 'precipitating systems', 'rain microphysics']",Basivi Radhakrishna;Thota Narayana Rao;Kadiri Saikranthi;Roshan Kadbhane,"Impact of urbanization on precipitating systems and rain microphysics across the Hyderabad Urban Sprawl, India",
None,True,Atmospheric Research,该论文研究了低风速条件下的建成区气流迂回现象，这与大气环境遥感技术中的空气质量监测密切相关，因为风速和建成区是影响空气污染物扩散的关键因素。,"['low wind conditions', 'built-up environment', 'air quality monitoring']",Hanane Bounouas;Eric Dupont;Pierre Roupsard;Yelva Roustan,Meandering analysis under low wind conditions in built-up environment,
None,True,Atmospheric Research,该论文研究的是2025年Senyar风暴和马六甲涡旋对东南亚地区的影响，涉及风暴和涡旋等气象现象，与大气环境遥感技术中的灾害监测和大气现象分析相关，因此具有相关性。,"['Senyar storm', 'Malacca vortex', 'Southeast Asia']",Luojie Dong;Junjun Li;Raju Pathak;Jingyu Wang,2025 Senyar storm: Malacca vortex as an emerging hazard over Southeast Asia,
None,True,Atmospheric Research,该论文研究青藏高原区域水分输送的时空变化及其对降水的影响机制，涉及大气成分和降水变化，与大气环境遥感技术（如卫星观测、大气成分分析）密切相关。,"['moisture transport', 'Tibetan Plateau', 'precipitation']",Guiping Li;Yanping Li;Zhongbo Yu;Qin Ju;Jing Yang;Zhaofeng Liu;YanYan Kang,Temporal and spatial changes in moisture transport over the Tibetan Plateau and their mechanisms influencing precipitation,
None,False,Atmospheric Research,该论文标题和摘要主要关注秋汛的温动力学前兆条件以及西地中海回流细胞的放大作用，这些内容与大气环境遥感技术（如空气质量监测、卫星观测、大气成分分析、气溶胶反演）没有直接关联。研究主题更偏向于气象学和气候学，而非遥感技术本身。,[],Eduardo A. Agosta;María José Estrela;David Corell;Juan J. Miró,Thermodynamic preconditioning of autumn torrential rains: The amplifying role of the western Mediterranean recirculation cell,
None,False,Atmospheric Research,该论文研究南非西开普省的极端降雨现象，探讨阿古拉斯海流和本格拉海流的相互作用，主要关注气候和海洋学，而非大气环境遥感技术，如空气质量监测、卫星观测或大气成分分析。,"['extreme rainfall', 'Agulhas current', 'Benguela current']",Chelsey L. Jansen;Babatunde J. Abiodun;Akintunde I. Makinde;Sabina Abba Omar,"Cut-off low–induced extreme rainfall in the Western Cape, South Africa: The roles of the Agulhas and Benguela current systems",
None,True,Atmospheric Research,该论文研究了持续性浓雾与大气污染的相互作用，并基于旋翼无人机进行现场观测，这与大气环境遥感技术（如空气质量监测、大气成分分析、气溶胶反演）密切相关。,"['persistent dense fog', 'atmospheric pollution', 'rotary-wing unmanned aerial vehicles']",Duanyang Liu;Ruolan Liu;Shujie Yuan;Fan Zu;Hong Wu;Aichen Niu;Ruixiang Liu;Huizheng Che;Shuqi Yan;Hongbin Wang;Zhujun Dai,Interaction between persistent dense fog and atmospheric pollution: Based on in-situ observations of rotary-wing unmanned aerial vehicles,
None,True,Atmospheric Research,该论文研究河北地区层云的微物理时空变化，涉及云、降雪和飞机观测，与大气环境遥感技术（如大气成分分析、云物理特性监测）密切相关。,"['stratus cloud', 'snowfall', 'aircraft observations']",Jiefeng Li;Chuanfeng Zhao;Qinghong Zhang;Ji Nie;Xiaobo Dong;Rong Mai;Yan Yu;Jing Li;Huiwen Xue;Yikun Yang,"Case-specific spatiotemporal microphysical variability of a stratus cloud with snowfall over Hebei, China from aircraft observations",
None,True,Atmospheric Research,该论文研究的是使用GSMaP和IMERG两种数据集对中国降水进行评估，涉及降水监测，属于大气环境遥感技术的范畴，特别是卫星观测和气象数据分析。,"['GSMaP', 'IMERG', 'precipitation', 'daily statistics', 'event-based diagnostics']",Chun Zhou;Haowen Li;Yinan Guo;Lingling Wu;Li Zhou,Evaluating GSMaP and IMERG precipitation over China using daily statistics and event-based diagnostics,
None,True,Atmospheric Research,该研究探讨了祁连山不同海拔高度的雨滴大小分布特征，这与大气环境遥感技术密切相关，特别是通过遥感手段监测大气成分和降水特征，属于空气质量监测和大气组成分析的范畴。,"['raindrop size distribution', 'topographic heights', 'atmospheric environmental remote sensing']",Han Luo;Qiang Zhang;Ping Yue;Rong Wang;Songyu Li;Xia Li,A case study on the characteristics of raindrop size distribution at different topographic heights in the Qilian Mountains,
None,False,Atmospheric Research,该论文研究的是澳大利亚热带气旋大小的变化趋势，使用的是综合观测和高分辨率再分析数据集。虽然与大气环境有关，但主要关注的是气象学领域，而非大气环境遥感技术，如空气质量监测、卫星观测、大气成分分析或气溶胶反演等。,"['tropical cyclone', 'Australia', 'reanalysis datasets']",Sarvesh Kumar;Savin S. Chand;Samuel S. Bell;Hamish A. Ramsay;Valentina Koschatzky;Philip J. Klotzbach;Andrew Dowdy,Assessing trends in tropical cyclone size over Australia using consolidated observations and high-resolution reanalysis datasets,
None,True,Atmospheric Research,该论文研究的是青藏高原夏季极端降水的外部强迫和内部变异归因问题，涉及大气环境变化，与大气环境遥感技术中的大气成分分析和气象观测相关，因此密切相关。,"['extreme precipitation', 'Tibetan Plateau', 'atmospheric variability']",Guanqi Fu;Anmin Duan;Xu Yuan;Xianyi Yang,Multi-scale attribution of external forcing and internal variability to summer extreme precipitation in Tibetan Plateau,
None,True,Atmospheric Research,该论文研究了华南沿海山区和城市地区的硝酸盐气溶胶形成机制，并基于同位素观测进行分析。这直接涉及大气环境中的气溶胶成分分析和空气质量监测，因此与大气环境遥感技术密切相关。,"['nitrate aerosols', 'isotope observations', 'coastal mountain', 'urban sites']",Mei-Yi Fan;Peiwen Guo;Hai Guo;Yu Wang;Changliu Wu;Yihang Hong;Xiaopu Lyu;Yan-Lin Zhang,Formation mechanisms of nitrate aerosols at coastal mountain and urban sites of southern China based on isotope observations,
None,True,Atmospheric Research,该论文研究中国近地表风速在1980-2024年间的趋势反转，这与大气环境遥感技术中的空气质量监测和大气成分分析密切相关，因为风速是影响污染物扩散和传输的关键因素。,"['near-surface wind speed', 'China', 'atmospheric monitoring']",Xi Chen;Jiayi Nie;Wentian Qiu;Qinghong Zhao;Hairong Li;Xiuhua Zhou;Chengyang Zhang;Kaiqiang Deng,Divergent trend reversals in near-surface wind speed over China during 1980–2024,
None,False,Atmospheric Research,该论文主要关注ERA5-Land模型在模拟亚热带浅水湖泊热力学方面的表现，与研究大气环境遥感技术（如空气质量监测、卫星观测、大气成分分析、气溶胶反演）的相关性较低。,"['ERA5-Land', 'subtropical shallow lake', 'thermodynamics']",Wei Wang;Zihan Zhu;Mi Zhang;Heng Lyu;Zhiwen Wen;Bo Wang;Qiuxiang Jin;Zhen Zhang;Taikan Oki;Xuhui Lee,Performance evaluation of ERA5-Land in simulating thermodynamics of a subtropical shallow lake against long-term observations,
None,True,Atmospheric Research,该论文研究了北太平洋夏季的内部季节性波动如何影响北美地区的气温和极端高温，这与大气环境遥感技术中的气温监测和极端天气现象研究密切相关，属于大气环境遥感技术的研究范畴。,"['North Pacific intraseasonal waves', 'North American air temperatures', 'heat extremes']",Lei Du;Riyu Lu;Shanjun Luo;Chuandong Zhu;Yuhan Yan,Summer North Pacific intraseasonal waves drive North American air temperatures and heat extremes,
None,True,Atmospheric Research,该论文研究了超级台风利奇马快速增强过程中的云-辐射强迫，涉及云和大气成分的观测与分析，与大气环境遥感技术（如卫星观测和大气成分分析）密切相关。,"['cloud-radiation forcing', 'hydrometeor species', 'super Typhoon Lekima']",Lyu Leyang;Xinyan Lyu;Melinda Peng;Xuyang Ge,Distinct cloud-radiation forcing of hydrometeor species during the rapid intensification of super Typhoon Lekima (2019),
None,True,Atmospheric Research,该研究探讨了沿海青岛及西北太平洋海洋的雨水中细菌的环境驱动因素，这与大气环境遥感技术中的空气质量监测和大气成分分析密切相关，尤其是在研究水汽传输和大气微生物分布方面。,"['rainwater', 'bacteria', 'coastal Qingdao']",Xiaoyu Wang;Yuanzhe Ni;Yangfei Ai;Zhongyu Diao;Jianhua Qi,Environmental drivers of rainwater bacteria over coastal Qingdao and the Northwest Pacific Ocean,
None,True,Atmospheric Research,该论文研究西风对青藏高原夏季降水年际变化的影响，涉及大气环流和降水分布，与大气环境遥感技术中的空气质量和大气成分监测相关，属于遥感技术应用领域。,"['westerlies', 'precipitation', 'Tibetan Plateau']",Xin Mao;Xingwen Jiang;Huimei Wang;Jiaxin Ye;Yiwei Zhang;Chao Chen,Impacts of westerlies on interannual variability of summer precipitation over the southwestern Tibetan Plateau,
None,True,Atmospheric Research,该论文研究了在复杂地形上使用WRF模型改进湍流地形阻力表示的问题，并考虑了稳定性依赖性。这涉及到大气物理过程和模型模拟，与大气环境遥感技术（如大气成分分析和空气质量监测）密切相关，因为地形阻力是影响大气边界层和污染物扩散的重要因素。,"['WRF model', 'turbulent orographic form drag', 'atmospheric stability']",Yulong Ma;Xingwen Jiang;Lin Mu;Qilin Wan;Zhiwei Heng,Improving the representation of turbulent orographic form drag with stability dependence in the WRF model over complex terrain,
None,True,Atmospheric Research,该论文研究了平流层臭氧侵入对中国东部近地面臭氧的影响，涉及了大气成分分析和空气质量监测，与大气环境遥感技术密切相关。,"['stratospheric ozone', 'near-surface ozone', 'eastern China', 'Typhoon Lekima', 'CESM-MUSICA']",Yichao Zhou;Xuewei Hou;Man Yue;Chenchao Zhan,Impact of stratospheric ozone intrusion on near-surface ozone in eastern China under Typhoon Lekima: A high-resolution CESM-MUSICA simulation analysis,
None,True,Atmospheric Research,该研究探讨了东亚急流如何通过增强区域传输来调制中国中部地区的几十年际气溶胶变化，这与大气环境遥感技术（如空气质量监测、卫星观测、大气成分分析、气溶胶反演）密切相关，因此相关性较强。,"['jet stream', 'aerosol variability', 'Central China', 'enhanced regional transport']",Yujie Jiang;Xiefei Zhi;Yongqing Bai;Ling Zhang;Yi Fan;Shoupeng Zhu;Tianliang Zhao,East Asian jet stream modulates interdecadal aerosol variability over Central China via enhanced regional transport,
None,True,Atmospheric Research,该论文研究了东北冷涡下不同强对流事件中积云的特征，使用了FY-4卫星观测数据，属于大气环境遥感技术范畴，涉及卫星观测和大气成分分析，因此与大气环境遥感技术密切相关。,"['convective clouds', 'FY-4', 'severe convective events', 'atmospheric observations']",Yang Gao;Xiaoyong Zhuge;Xi Wang;Xiaowen Zhang,Characteristics of convective clouds associated with different severe convective events under Northeast China Cold Vortex revealed by FY-4 observations,
None,True,Atmospheric Research,该论文研究印度地表相对湿度，特别是在东北地区的分析，涉及大气环境监测和区域气候变化分析，与大气环境遥感技术（如空气质量监测和卫星观测）密切相关。,"['surface relative humidity', 'India', 'North Eastern Region']",Rohit Gautam,"Analysis of surface relative humidity over India with special emphasis on the North Eastern Region: Data validation, trends and attribution",
None,True,Atmospheric Research,该论文研究大气河流如何调节季风亚洲的水气象气候，涉及大气科学和环境遥感技术，与大气环境遥感技术（如空气质量监测、卫星观测、大气成分分析、气溶胶反演）密切相关。,"['atmospheric rivers', 'hydrometeor climatology', 'Monsoon Asia']",Mingzhu Li;Ju Liang,How atmospheric rivers modulate hydrometeor climatology over Monsoon Asia,
None,True,Atmospheric Research,该论文研究了泰国地表层湍流中的惯性行为临界粒径阈值，这对PM2.5和粗颗粒空气质量的建模有影响。这与大气环境遥感技术中的空气质量监测和大气成分分析密切相关，因此是相关的。,"['PM<sub>2.5</sub>', 'air-quality modelling', 'particle-size threshold']",Chalermpol Wangsomcholk,Critical particle-size threshold for inertial behaviour in Thai surface-layer turbulence: Implications for PM<sub>2.5</sub> and coarse-particle air-quality modelling,
None,True,Atmospheric Research,该论文标题和摘要涉及台风的快速路径和强度变化，这通常与大气环境遥感技术（如卫星观测和大气成分分析）密切相关。虽然摘要没有明确提及遥感技术，但研究台风的路径和强度变化通常需要利用遥感数据进行监测和分析。,"['typhoon', 'track', 'intensity', 'atmospheric', 'remote sensing']",Pin-Hong Chen;Ching-Yuang Huang,Can a cutoff low cause rapid track and intensity changes of typhoon hinnamnor (2022)?,
None,True,Atmospheric Research,该论文研究了热带气旋对长江中下游夏季复合高温干旱事件的影响，涉及大气成分和气象现象，与大气环境遥感技术中的大气成分分析相关。,"['tropical cyclones', 'atmospheric composition', 'compound hot and dry events']",Jianqian Li;Chao Wang;Yuqin Wu;Liguang Wu;Haikun Zhao;Jian Cao,Track-dependent impacts of tropical cyclones on summer compound hot and dry events over the middle and lower reaches of the Yangtze River,
None,True,Atmospheric Research,该论文研究的是六盘山山顶的气溶胶数量大小分布，与大气环境遥感技术中的气溶胶监测直接相关，属于大气成分分析领域。,"['aerosol', 'size distribution', 'Mount Liupan']",Hejue Zhao;Zhuolin Chang;Jianren Sang;Liren Xu;Zezhong Sun;Run Luo;Le Jia;Ning Cao;Haoran Zhu;Yanbo Dai;Longyan Li;Jun Zhang;Wei Deng;Tianxue Wen;Kai Bi;Jiming Sun,Characteristics of aerosol number size distribution and spectrum fitting at the summit of Mount Liupan,
None,True,Atmospheric Research,该论文研究了北极平流层臭氧的变异性如何影响北大西洋海表温度偶极子和欧亚地区的气候遥相关，涉及大气成分分析和气候变化，与大气环境遥感技术（如臭氧监测和气候遥相关分析）密切相关。,"['ozone', 'stratospheric', 'climate teleconnections']",Dingzhu Hu;Cuiting Zhao;Huimin Zhang,Arctic stratospheric ozone variability drives North Atlantic SST dipole and Eurasian climate teleconnections,
None,True,Atmospheric Research,该论文研究的是GPM IMERG卫星数据在西班牙瓦伦西亚地区亚日降水极端值监测的性能极限，涉及卫星观测技术和大气环境分析，与大气环境遥感技术相关。,"['GPM IMERG', 'sub-daily precipitation extremes', 'atmospheric remote sensing']",Marc Semper;Manuel Curado;Jose F. Vicent;Leandro Tortosa,"Performance limits of GPM IMERG for sub-daily precipitation extremes over the Comunitat Valenciana, eastern Spain: Representativeness, attenuation, and pixel-scale displacement",
None,False,Atmospheric Research,该论文研究的是比利牛斯山脉冬季暖 spells 的天气学驱动因素和雪融化的影响，主题与大气环境遥感技术（如空气质量监测、卫星观测、大气成分分析、气溶胶反演）关系不大。,"['air quality', 'satellite observations', 'atmospheric composition', 'aerosol retrieval']",Josep Bonsoms;Roberto Serrano-Notivoli,Winter warm spells in the pyrenees: synoptic drivers and snowmelt impacts (1960–2024),
None,True,Atmospheric Research,该论文研究了利用卫星数据解耦气象动力学和地面NO2排放足迹的方法，涉及卫星观测、空气质量和大气成分分析，因此与大气环境遥感技术密切相关。,"['satellite', 'NO2', 'meteorological dynamics', 'emission footprints']",Mingbin Guo;Jianzhou Gong;Yuangong Chen;Yuqing Jian;Weifeng Xiao;Shikuan Wang,A satellite-constrained two-stage spatiotemporal framework for disentangling meteorological dynamics and emission footprints of ground-level NO<sub>2</sub>,
None,True,Atmospheric Research,该论文标题和摘要明确涉及热带气旋中的不对称降雨估计，以及改进的TCRM（热带气旋降雨监测）技术。虽然主要关注点是降雨估计，但TCRM技术本身可以用于大气环境遥感监测，特别是与气象观测和大气成分分析相关的研究。因此，该论文与大气环境遥感技术有较强的相关性。,"['asymmetric rainfall', 'tropical cyclones', 'TCRM']",Bingyao Guo;Qingqing Li;Qi Gao;Changyu Zhao;Ruyan Chen,Improving asymmetric rainfall estimation in tropical cyclones: A revised TCRM,
None,True,Atmospheric Research,该论文研究使用U-Net技术对网格化夏季降水预报进行空间协同校正，与大气环境遥感技术中的空气质量监测、卫星观测、大气成分分析等领域密切相关，因为它涉及大气现象（降水）的遥感监测和数据处理技术。,"['U-Net', 'spatial correction', 'precipitation forecasts', 'atmospheric monitoring']",Guangxin He;Wei Wu;Zhigang Zhang;Zhanshan Ma;Juanzhen Sun;Haonan Chen;Jingjia Luo,U-Net-based spatial synergistic correction of gridded summer precipitation forecasts for CMA-MESO in Central China,
None,True,Atmospheric Research,该论文研究了东北中国冷涡的结构和能量转换，特别是受干侵入影响的不同强降水分布类型。虽然主要关注气象学，但涉及大气成分（如降水中的水汽和污染物）和动力学过程，与大气环境遥感技术（如卫星观测和空气质量监测）有一定关联，因为遥感技术常用于分析大气成分和气象现象。,"['cold vortices', 'heavy rainfall', 'dry intrusion']",Yining Shen;Lijuan Wang;Zhaoyong Guan;Weijie Zeng;Xiaowen Zhao,Structure and energy conversion of Northeast China cold vortices with different distribution types of heavy rainfall influenced by dry intrusion,
None,True,Atmospheric Research,该论文研究地表放射性对大气电性的影响，特别是在稳定边界层条件下的影响。这与大气环境遥感技术相关，因为大气电性是大气成分和边界层动态的重要指标，通常通过遥感手段监测。,"['surface radioactivity', 'atmospheric electricity', 'stable boundary layer']",K.A. Nicoll;O. O'Neill;C. Miller;J. Paatero;T. Ulich,Surface radioactivity influences on atmospheric electricity during stable boundary layer conditions,
None,False,Atmospheric Research,该论文主要研究使用ICON百米级集合预报对流风暴的预报技巧，涉及的是对流风暴的数值预报和集合预报技术，虽然与大气科学相关，但并未直接涉及大气环境遥感技术，如空气质量监测、卫星观测、大气成分分析或气溶胶反演等。,"['convective storm', 'ICON', 'hectometric-scale ensembles']",Matteo Siena;Thomas Gastaldo;Chiara Marsigli;Paolo Ruggieri;Silvana Di Sabatino,Improving forecast skill of a convective storm using ICON hectometric-scale ensembles,
None,True,Atmospheric Research,该论文标题和摘要明确提到使用卫星技术评估伊朗东部产生的沙尘暴及其跨界影响，这与大气环境遥感技术（如空气质量监测、卫星观测、大气成分分析、气溶胶反演）密切相关。,"['satellite-based', 'dust storms', 'Eastern Iran', 'transboundary impacts']",Ali Darvishi Boloorani;Masoud Soleimani;Nastaran Nasiri;Fatemeh Amiri;Najmeh Neysani Samany;Ali Al-Hemoud;Iraj Gholami;Kan Huang,Satellite-based assessment of dust storms originating from Eastern Iran with measurable transboundary impacts,
None,False,Atmospheric Research,该论文研究土壤湿度对华北地区夏季亚季节性降水预报的影响，使用CWRF模型进行分析。虽然涉及大气科学和气象学，但主要关注点在于降水预报和土壤湿度关系，而非大气环境遥感技术，如空气质量监测、卫星观测或大气成分分析。因此，与大气环境遥感技术的相关性较弱。,"['soil moisture', 'subseasonal precipitation', 'CWRF model']",Chenyi Zhang;Minghao Wang;Yong Luo;Qingquan Li;Lili Dong;Kailu Yu,Effects of soil moisture on subseasonal precipitation forecasts in North China during summer: A study using CWRF model,
None,True,Atmospheric Research,该论文研究了中国不同行业对大气氮沉降的影响，涉及大气成分分析，与大气环境遥感技术中的空气质量和大气成分监测相关。,"['atmospheric nitrogen deposition', 'sector-specific deposition efficiency', 'China']",Shangyi Wang;Yiheng Wang;Guochao Chen;Yuhao Wang;Zimeng Wang;Chenliang Tao;Hongliang Zhang,Sector-specific deposition efficiency shapes long-term changes in atmospheric nitrogen deposition in China,
None,True,Atmospheric Research,该研究涉及闪电发生区域的垂直反射率核心特征，与大气环境遥感技术中的电离层和雷电监测相关，属于大气成分分析范畴。,"['vertical reflectivity cores', 'lightning initiation regions', 'Guangzhou']",Fei Wang;Wen Yao;Yang Zhang;Dong Zheng,"Characteristics of vertical reflectivity cores at lightning initiation regions over Guangzhou, China",
None,False,Atmospheric Research,该论文的标题和摘要主要关注降水科学的测量、估算和建模，虽然与大气环境相关，但并不直接涉及空气质量监测、卫星观测、大气成分分析或气溶胶反演等遥感技术具体内容。,"['precipitation', 'measurement', 'estimation', 'modeling']",Francisco J. Tapiador;Gabriela Juárez;Kyo-Sun Lim;Sohaib Fakar;Kyuhee Shin;Andrés Navarro;Sun-Young Park;Andrés Merino;Anahí Villalba-Pradas;Livia J. Leganés;Raúl Martín;José Luis Sánchez;Eduardo Garcia-Ortega;GyuWon Lee,"Precipitation science: State-of-the-Art in measurement, estimation, and modeling",
None,True,Atmospheric Research,该论文的标题和摘要直接涉及云催化和气溶胶-云相互作用，这些内容与大气环境遥感技术密切相关，如空气质量监测、大气成分分析等。,"['cloud seeding', 'aerosol–cloud interactions', 'atmospheric impacts']",Sanhita Shende;Swapnaja Gajbhiye;Nandu B. Chaure,Cloud seeding and aerosol–cloud interactions: Environmental impacts and future perspectives,
None,False,Atmospheric Research,标题和摘要中未提及与大气环境遥感技术相关的内容。,[],,Editorial Board,
10.1126/sciadv.adz6907,False,Science Advances,该论文研究的是RNF43 p.G659fs突变的免疫学效应及其在结直肠癌中的作用，与大气环境遥感技术（如空气质量监测、卫星观测、大气成分分析、气溶胶反演等）无关。,[],Pushpamali De Silva;Samantha Fitzgerald;Jules Cazaubiel;Kristin Qian;Matan Hofree;Jia-Ren Lin;Roxanne Pelletier;Mariana Lopez Leon;Phuong Vu Mai Ho;Yasutoshi Takashima;Juha P Väyrynen;Kosuke Matsuda;Tomotaka Ugai;Dane Ford-Roshon;Pratyusha Bala;Nir Hacohen;Kimmie Ng;Jonathan A. Nowak;Shuji Ogino;Peter K. Sorger;Marios Giannakis,RNF43 p.G659fs leads to natural killer cell dysfunction in MSI-high colorectal cancer through PI3K/AKT/mTOR signaling and HLA-E up-regulation,"The RNF43 p.G659fs (RNF43659mut) mutation occurs in 8% of colorectal cancers (CRCs) and is enriched in microsatellite instability–high (MSI-H) tumors. AlthoughRNF43659mutpromotes tumor growth through phosphatidylinositol 3-kinase/protein kinase B/mechanistic target of rapamycin (PI3K/AKT/mTOR) activation independent of WNT signaling, its immunologic effects are poorly defined. We show thatRNF43659mutshapes an immunosuppressive natural killer (NK) cell landscape in MSI-H CRC. Single-cell RNA sequencing and multiplex immunohistochemistry revealed increased NK cell infiltration inRNF43659muttumors, yet these cells displayed inhibitory phenotypes. Bulk RNA sequencing and flow cytometry of NK cells cocultured withRNF43659mutisogenic lines and MSI-H patient-derived organoids demonstrated reduced functional NK subsets, decreased activation markers, increased inhibitory receptors, and impaired cytotoxicity. Mechanistically,RNF43659mut-mediated PI3K/AKT activation induced HLA-E expression, suppressing NK cell function. Pharmacological or small interfering RNA–mediated PI3K/AKT inhibition restored NK cell activity and enhanced tumor cell killing. Spatial analysis of MSI-H patient tumors revealed close proximity between NKG2A+NK cells and HLA-E+tumor cells, which were themselves adjacent to PI3K/AKT-activated tumor cells, highlighting a localized immunosuppressive niche. These findings uncover an immune evasion mechanism in MSI-H CRC, implicating the PI3K/AKT-HLA-E/NKG2A axis as a promising therapeutic target to overcome immunotherapy resistance."
10.1126/sciadv.aeb8064,False,Science Advances,该论文研究的是移动危机响应计划（MCRPs）对警察响应的影响，主要关注的是心理健康和行为健康领域的紧急呼叫分流和预防，与大气环境遥感技术（如空气质量监测、卫星观测、大气成分分析、气溶胶反演等）无关。,"['mobile crisis response', 'police call volume', 'diversion rate', 'mental health']",Nathan Burton;Claire Herbert;Rori Rohlfs,Quantifying CAHOOTS: Measuring a mobile crisis response program’s impact on police response through call diversion and prevention,"Mobile Crisis Response Programs (MCRPs) have emerged as alternatives to police for emergency mental and behavioral health calls, yet their effectiveness in diverting calls from police remains contested. CAHOOTS (Crisis Assistance Helping Out On The Streets), the United States’ longest-running MCRP, has been subject to widely varying ad hoc diversion rate estimates, from 3 to 20%. We use a systematic difference-in-differences design to estimate the causal effects of CAHOOTS on police call volume by introducing three estimators. The Substitution Diversion Rate (SDR) quantifies MCRP responses that directly replace police responses and estimates the rate at 18% for CAHOOTS. Our results indicate that in addition to substituting for police response, CAHOOTS was associated with reductions in police-handled call volume consistent with a prevention effect. The Prevention-adjusted Diversion Rate (PDR) accounts for both call substitution and prevention, and we estimate it at 23% for CAHOOTS. Last, the Overlapping-mandate Diversion Rate (ODR) quantifies the proportion of mutually answerable calls handled by an MCRP. We estimate CAHOOTS’ ODR at 50%. Our findings provide evidence that MCRPs significantly reduce police response call volume through direct substitution and likely incident prevention."
10.1126/sciadv.aec0341,True,Science Advances,该论文研究的是月球古代磁场的起源及其对月球内部动力学演化的影响，涉及重力、磁力观测等，虽然不直接涉及大气环境遥感技术，但与地球大气环境遥感技术在数据分析方法上有一定的相似性，例如联合反演重力与磁力数据。,"['magnetic anomaly', 'lunar dynamo', 'gravity and magnetic observations']",Xi Yang;Anna Mittelholz;Adrien Broquet;Max Moorkamp,Magmatic origin of the Dewar magnetic anomaly: Implications for an early lunar dynamo,"The Moon’s ancient magnetic field provides critical insights into lunar thermal and magnetic evolution, yet the lifetime of the interior dynamo remains debated. Returned samples yield complex and contradictory paleomagnetic records, while orbital data reveal crustal magnetic anomalies of uncertain origin from either a core dynamo or transient impact-generated fields. Here, we jointly invert gravity and magnetic observations in the region around the Dewar swirl, a high-albedo feature associated with the Dewar magnetic anomaly. We identify a shallow, magnetized, high-density body consistent with buried mare basalt. Our estimates require a paleointensity exceeding 11 microtesla, suggesting an active lunar dynamo about 4.2 billion years ago, as constrained by the superposed basin ejecta. The results also show that swirl formation requires horizontal magnetization and iron oxide enrichment. These findings link a magnetic anomaly to its geologic origin and magnetizing field, providing constraints on the lunar magnetic and volcanic history."
10.1126/sciadv.aec3198,False,Science Advances,该论文主要研究地壳中的岩浆库和断层活动，涉及弹性应力传递和断层滑动，与大气环境遥感技术（如空气质量监测、卫星观测、大气成分分析、气溶胶反演）无关。,"['magma reservoirs', 'elastic stress transfer', 'dike intrusion']",John D. Wilding;Taiyi A. Wang;Yuan-Kai Liu;Zachary E. Ross,Cascading magmatic unrest and aseismic faulting in the Aegean Sea enabled by elastic stress relay,"Magma reservoirs commonly exist in clusters and situate within complex fault networks, yet sequential triggering of unrest at multiple reservoirs and faults is rarely observed. We show that the 2025 earthquake swarm in the Christiana-Santorini-Kolumbo complex of the Aegean Sea was driven by elastic stress transfer between two magma reservoirs, a 9-kilometer-long dike, and a 17-kilometer-long, southeast-dipping fault. Pressurization of the magma reservoir under Santorini triggered a dike intrusion originating from a separate magma reservoir under the Kolumbo volcano. The dike, in turn, triggered a moment magnitude (Mw) 6.2 aseismic slip transient on a SW-NE trending branch of the Amorgos fault. Episodic bursts of upward-propagating seismicity within the geodetically constrained dike potentially indicate buoyancy-driven, segmented dike opening. We suggest that unrest in rift zones can propagate over spatial scales much larger than individual magma reservoirs and faults via sequential relay of elastic stress."
10.1126/sciadv.aed9129,False,Science Advances,该论文主要研究的是利用非线性光学和等离子体超材料进行手性检测的技术，虽然涉及光学传感技术，但并未直接与大气环境遥感技术（如空气质量监测、卫星观测、大气成分分析、气溶胶检索）相关联。,"['chiral detection', 'nonlinear optics', 'plasmonic metastructures']",Yong Tan;Yufeng Cheng;Xiaolin Lu;Huatian Hu;Xiaoze Liu;Alexander Govorov;Tao Ding,Ultrasensitive chiral detection by nonlinear chiroptics in spiral plasmonic metastructures surpasses linear limits,"Chiral sensing is vital in pharmaceuticals and biomedicine but is hindered by the inherently weak chiroptic signals of molecules. Conventional methods rely on tedious chromatographic techniques with expensive chiral columns. This work introduces a breakthrough in ultrasensitive chiral detection by combining nonlinear optics and tailored chiral plasmonics. We fabricate spiral gold metastructures that provide strong enhancements of both electric and superchiral near fields, which simultaneously optimize both the nonlinear conversion efficiency and dissymmetry factor, thereby generating a prominent nonlinear chiroptic response to chiral molecules. The resulting change of circularly polarized second-harmonic generation (ΔCPSHG) demonstrates remarkable sensitivity to chiral adsorbates, achieving a record-low detection limit of ∼11 picomolars and an outstanding figure of merit of 3260 per micromolar. A key advantage is the ability to selectively detect specific enantiomers directly within racemic mixtures, thereby dispensing with the need for preliminary chromatographic separation. This platform opens promising avenues for chiral analysis, pushing the boundaries of sensitivity, selectivity, and miniaturization for next-generation biochemical assays."
10.1126/sciadv.aee0306,False,Science Advances,该论文研究的是转座元件在蚂蚁宏观多样性进化中的作用，与大气环境遥感技术（如空气质量监测、卫星观测、大气成分分析、气溶胶反演）无关。,[],Lukas Schrader;Janina L. Rinke;Mohammed Errbii;Scott J. Teresi;Esther van den Bos;Zijun Xiong;Joel Vizueta;Jacobus J. Boomsma;Jürgen Gadau;Guojie Zhang,Transposable elements as evolutionary catalysts of ant macrodiversity,"Transposable elements (TEs) are key contributors to genome evolution, yet their macroevolutionary roles in adaptive radiations remain poorly understood, as high-quality genomic resources at sufficient phylogenetic breadth and appropriate comparative methods have been lacking. Here, we analyze 163 genomes spanning 12 of 16 extant ant subfamilies to characterize TE impacts over the past 100 million years. We identify convergent TE acquisition bursts in ancestors of the most speciose ant clades, preceding rapid diversification following the Cretaceous-Paleogene extinction event approximately 66 million years ago. We demonstrate that TEs associate with expansions of odorant receptors and other key gene families and reveal notable compartmentalization of ant genomes into faster-evolving TE-rich and more conserved TE-poor regions. Our findings demonstrate the broad-scale impact of TE-dependent genome evolution during ant adaptive radiation and suggest that similar comparative analyses across other major lineages will be worthwhile to reconstruct the wider macroevolutionary impact of TEs."
10.1126/sciadv.aee0444,True,Science Advances,该论文研究的是极端厄尔尼诺事件的早期预测，涉及海洋与大气耦合模式，虽然不直接涉及遥感技术，但与大气环境监测（如气候现象分析）密切相关。,"['El Niño', 'ocean-atmosphere precursor', 'equatorial mode']",Yu Liang;Shang-Ping Xie;Alexey Fedorov;Qihua Peng;Ayumu Miyamoto,An eastward-propagating coupled mode amplifying the early growth of extreme El Niño events,"Extreme El Niño events are among the most consequential climate phenomena, yet their early prediction remains challenging. Here, by analyzing the 1982/1983, 1997/1998, and 2015/2016 events together with a large ensemble of climate model simulations, we identify an unusually early and reproducible ocean-atmosphere precursor to extreme El Niño: a slow, eastward-propagating coupled mode that develops in the western-central equatorial Pacific during boreal winter and spring. This mode features warm sea surface temperature anomalies coupled with sustained westerly wind anomalies. These westerly wind anomalies drive the equatorward transport of warm water, rapidly increasing equatorial ocean heat content and priming extreme El Niño growth in the following summer and fall. Ensemble hindcasts further reveal that East Asian cold surges and the North Pacific Oscillation can stochastically excite this equatorial mode, enabling skillful forecasts of extreme events as early as February and helping to overcome the spring predictability barrier."
10.1126/sciadv.aee1476,False,Science Advances,该论文研究的是 pontomesencephalic-mesolimbic circuit 对活动性厌食症的影响，属于神经科学和心理学领域，与大气环境遥感技术（如空气质量监测、卫星观测、大气成分分析、气溶胶检索等）没有直接关系。,[],Beibei Peng;Xu Gao;Yan Chen;Yushi Xin;Yuxiao Zhang;Kexin Yu;Mingli Lu;Wenyan Li;Deqi Yang;Chaofei Bao;Shuai Liu,A pontomesencephalic-mesolimbic circuit modulates activity-based anorexia,"Anorexia nervosa (AN) is a psychiatric disorder with a high mortality rate. The compulsive nature of the disorder leads to an emerging dopamine (DA)–centered hypothesis. However, the circuit mechanism of AN remains elusive. By examining a pontomesencephalic-mesolimbic circuit, which is implicated in anorexia-like and reinforcement behaviors in naïve mice, we found that this pathway modulates activity-based anorexia (ABA), a well-established animal model of AN. Specifically, glutamatergic lateral parabrachial nucleus (LPBN) neurons indirectly inhibited medial ventral tegmental area (VTA) DA neurons through local GABAergic interneurons. Chronic activation of the LPBN-VTA circuit exacerbated ABA symptoms, whereas circuit suppression alleviated them, demonstrating its sufficiency and necessity. Moreover, VTA DA neurons exhibited impaired high-conductance calcium- and voltage-dependent potassium (BK) channel currents. Pharmacological enhancement of this channel improved the retention rate in ABA mice. Our results elucidate the critical role of the LPBN-VTA circuit and potential channel pathology, which may serve as a key to the development of drug treatments and intervention strategies for AN."
10.1126/sciadv.aee2152,False,Science Advances,该论文研究的是青少年NMDAR功能低下导致的短期记忆缺陷，涉及神经科学和认知神经科学领域，与大气环境遥感技术无关。,[],Jinseon Yu;In Sun Choi;Gyu Hyun Kim;Sangkyu Bahn;Jinmo Kim;Sungwon Bae;Taekwan Lee;Joon Ho Choi;Jun Soo Kwon;Minah Kim;Ji-Woong Choi;Kea Joo Lee;Jong-Cheol Rah,Thalamofrontal synaptic weakening underlies short-term memory deficits from adolescent NMDAR hypofunction,"Thalamofrontal (TF) dysconnectivity is one of the most consistent circuit-level abnormalities reported in patients with schizophrenia and is linked to deficits in short-term memory (STM). However, the biological mechanisms underlying TF weakening remain unclear. Here, we show that repeated adolescentN-methyl-d-aspartate receptor (NMDAR) antagonism produces STM deficits by impairing TF synaptic transmission. In mice repeatedly exposed to ketamine, STM impairment coincided with reduced release probability and attenuated short-term depression at mediodorsal thalamus (MD) → dorsomedial prefrontal cortex (dmPFC) synapses, without detectable changes in corticocortical synaptic release probability, intrinsic excitability, or gross synaptic ultrastructure. These presynaptic deficits were accompanied by diminished direction-selective population coding in the dmPFC and impaired delayed alternation performance. Chemogenetically strengthening MD → dmPFC projections restored both neural selectivity and behavior. These findings identify a projection-specific presynaptic mechanism through which adolescent NMDAR hypofunction weakens TF communication and produces cognitive impairment, offering a biological explanation for clinically observed TF dysconnectivity and establishing TF synapses as a therapeutic target."
10.1126/sciadv.aee4232,False,Science Advances,该论文主要研究的是人类大脑在记忆中想象视觉场景的神经机制，涉及的是神经科学和认知心理学领域，与大气环境遥感技术（如空气质量监测、卫星观测、大气成分分析、气溶胶反演等）没有直接关系。,"['functional magnetic resonance imaging', 'neural codes', 'default mode network']",Andrew J. Anderson;Adam Turnbull;Feng V. Lin,Medial temporal default mode network selectively encodes autobiographical visual imagery,"The human brain’s capacity to imagine visual scenes from memory is thought to rely on the medial temporal subsystem of the default mode network (MT-DMN), yet the neural codes supporting this ability remain poorly understood. We combined functional magnetic resonance imaging (fMRI) with vision and language artificial intelligence models to characterize neural codes during autobiographical imagination. Fifty participants imagined reexperiencing 20 natural scenarios while undergoing fMRI when cued by generic text prompts (e.g., wedding, exercising, and driving). Individual scenes were modeled using Stable Diffusion to generate personalized synthetic images from verbal descriptions of the scenarios imagined, collected beforehand. These depictions were then transformed into image recognition network hidden state representations. Representational similarity analysis revealed that the MT-DMN encoded the participant-specific representational structure of image representations, even when controlling for semantic features derived from a large language model. This effect was absent in other brain networks and during reading without active imagination, identifying the MT-DMN as a core substrate for the visual reconstruction of autobiographical experiences."
10.1126/sciadv.aee6272,False,Science Advances,该论文主要关注基因分型和治疗性寡核苷酸的液体相离子阱质谱分析技术，与大气环境遥感技术（如空气质量监测、卫星观测、大气成分分析、气溶胶检索）没有直接关联。,"['liquid-phase ion trap', 'mass spectrometry', 'nucleic acid analysis']",Xinyan Fu;Jie Hong;Song Lu;Wei Xu,High-fidelity genotyping and therapeutic oligonucleotides analysis by liquid-phase ion trap coupled with mass spectrometry,"Rapid and accurate nucleic acid analysis is essential for disease diagnostics and drug development, yet persistent metal cation interference severely limits mass spectrometry’s effectiveness. We developed a liquid-phase ion trap (LPIT) system that utilizes strong electric fields to simultaneously dissociate metal contaminants and enrich purified nucleic acid ions directly in solution. This dual-action mechanism simplifies complex mass spectra, achieving up to a 48-fold improvement in mass accuracy and a 100-fold enhancement in signal intensity for intact DNA molecules. The platform’s versatility was demonstrated through high-resolution genetic variation analysis, rapid influenza virus subtyping from raw PCR products, and precise impurity detection in therapeutic drugs. By eliminating laborious pretreatment, the LPIT-ESI-MS system establishes a robust platform for high-fidelity genotyping and the rigorous analysis of therapeutic oligonucleotides, accelerating both clinical diagnostics and biopharmaceutical quality control."
10.1126/sciadv.aee8322,True,Science Advances,该论文研究了过去千年中太平洋沃克环流在小冰期时的强度，涉及大气环流和气候异常，与小冰期的海表温度和热赤道差异等，这些都与大气环境遥感技术中的气候分析和大气组成分析相关，因此相关性较强。,"['Pacific Walker Circulation', 'atmospheric circulation', 'climate anomaly', 'thermocline', 'sea-surface temperature']",Anya V. Hess;Shawn Wang;Caroline C. Ummenhofer;Yair Rosenthal;Delia W. Oppo,A strong Pacific Walker Circulation during the Little Ice Age,"Reconstructions of climate over the past millennium provide context for disentangling anthropogenic forcing from natural multidecadal variability. However, the strength of the east-west tropical Pacific atmospheric circulation (the Pacific Walker Circulation) during the Little Ice Age (LIA; approximately 1450 to 1850 CE), our most recent cool period, remains a subject of debate. Hydroclimate reconstructions suggest strengthening during the LIA, whereas a decrease in tropical Pacific zonal sea-surface temperature gradient suggests weakening. We present a third line of evidence, the surface-to-thermocline temperature difference in the Indonesian Seas, which was smaller during the LIA than during the Medieval Climate Anomaly (approximately 950 to 1250 CE), suggesting a deeper thermocline, in agreement with hydroclimate evidence for a stronger LIA Walker Circulation. Our finding that the Walker Circulation strengthened in association with LIA cooling is consistent with model projections of a weaker Walker Circulation in a warming world and with the expectation that the recent strengthening trend will ultimately reverse."
10.1126/sciadv.aee8463,False,Science Advances,该论文研究的是利用工程化细菌的细胞外收缩系统（eCIS）将抗菌肽递送到巨噬细胞中，以清除细胞内分枝杆菌感染，属于生物医学和抗菌研究领域，与大气环境遥感技术和空气质量监测等主题无关。,[],Qiqi Wu;Ruiwen Zhang;Mei-Yi Yan;Yu Wang;Xiao Feng;Wen Yang;Xin-Yuan Ding;Yi-Cheng Sun;Lingjun Zhan;Qi Jin;Feng Jiang,Transmembrane delivery of antimicrobial peptides by engineered eCIS into macrophages for intracellular mycobacteria elimination,"Mycobacterium tuberculosis(M.tuberculosis, Mtb) is an intracellular bacterium persisting in macrophages, which can cause chronic infection and drug resistance. To address transmembrane limitation and improve treatment accuracy, we employed thePhotorhabdusvirulence cassette (PVC), a typical bacterial extracellular Contractile Injection System (eCIS), to deliver antimicrobial peptides (AMPs) into macrophages for intracellular mycobacteria clearance. We demonstrated that the survival of various intracellular mycobacteria, includingMycobacterium smegmatis(M. smegmatis),Mycobacterium bovis(M. bovis),M. tuberculosisand its isoniazid-resistant strain, can be significantly inhibited by PVC-mediated AMP transmembrane delivery. The engineered PVC, loaded with mycobacteriophage-derived AMPs and targeting alveolar macrophages (AMs) through binding to surface receptor CD11b, eliminated AM-dwelling mycobacteria and alleviated inflammation in murine infection models. Notably, the pulmonary mycobacterial load inM. tuberculosisH37Rv-infected mice was reduced by more than tenfold. In summary, this work represents a pioneering application of engineered PVC-based intracellular delivery of biomacromolecules into macrophages, providing a novel therapeutic strategy against mycobacterial infection."
10.1126/sciadv.aef2426,False,Science Advances,该论文主要研究植物免疫受体，特别是串联激酶蛋白（TKPs）如何识别病原体效应子，与大气环境遥感技术（如空气质量监测、卫星观测、大气成分分析、气溶胶反演）无关。,[],Daniel S. Yu;Rafał Zdrzałek;Emi Katayama;Hitomi Akiyama;Lucy Daykin;Nathan J. Williams;Iwan Goodridge;Soichiro Asuke;Mark J. Banfield,Engineering plant tandem kinase immune receptors expands effector recognition profiles,"Plant intracellular immune receptors are widely deployed in breeding to protect crops from disease. In addition to nucleotide-binding leucine-rich repeat receptors (NLRs), tandem kinase proteins (TKPs) have recently emerged as an important family of immune receptors within staple cereal food crops, but how TKPs recognize effectors and whether they are amenable to engineering is essentially unknown. Here, we show that the barley and wheat TKPs Rmo2 and Rwt7 recognize different blast fungus effectors via their integrated HMA domains using different protein interfaces with nanomolar binding affinity. Structural analysis pinpointed interface residues that dictate effector recognition and enabled engineering of dual-specificity TKPs. These results establish integrated HMA domains as programmable modules within TKPs for designing new specificities in plant immunity for diseases relevant to global agriculture."
10.1126/sciadv.aef3787,False,Science Advances,该论文主要关注阿尔茨海默病的病理学和生物标志物分析，使用神经影像学技术来研究大脑网络拓扑和分子过渡。虽然涉及生物医学成像技术，但与大气环境遥感技术（如空气质量监测、卫星观测、大气成分分析、气溶胶反演）无关。,"['neuroimaging', 'brain network topology', ""Alzheimer's disease"", 'biological continuum', 'ATN framework']",Dong Wang;Shaozhen Yan;Rongshen Zhou;Yating Li;Lei Liu;Yongbin Wei;Dawei Wang;Hongxiang Yao;Bo Zhou;Jie Lu;Pan Wang;Zhengluan Liao;Yan Chen;Xi Zhang;Ying Han;Chunshui Yu;Kun Zhao;Yong Liu;Alzheimer’s Disease Neuroimaging Initiative,Beyond statistical thresholds: Mapping sequential ATN cascade transitions via brain structural topography in Alzheimer’s disease,"Alzheimer’s disease is widely conceptualized as a biological continuum initiated by amyloid-β (Aβ) accumulation, followed by tau aggregation and neurodegeneration. Although the ATN framework is commonly used to define disease stages, its static biomarker categories may not fully capture the dynamic pathological transitions that determine the optimal window for anti-Aβ therapies. Here, we introduce a Biological Continuum framework that distinguishes dynamic pathological cascades from static biomarker categories. Using neuroimaging-derived brain network topology, we identify four reproducible subgroups that exhibit distinct biological processes, biomarker signatures, and longitudinal cognitive trajectories. Integrated proteomic analyses suggest that these subgroups reflect sequential molecular transitions corresponding to early vulnerability, initiation, amplification, and terminal stages. Post hoc analysis indicates that slower cognitive decline after amyloid-targeting treatment was observed mainly in the initiation stage group. These findings provide a biologically grounded stratification system that captures disease dynamics overlooked by threshold-based models and offers mechanistic insight into the timing of anti-Aβ therapies."
10.1126/sciadv.aeg3743,False,Science Advances,该论文研究的是细菌和真菌之间的相互作用，特别是细菌中的一种名为type IV secretion system (T4SS)的机制，以及它如何作为一种抗真菌武器。这与大气环境遥感技术（如空气质量监测、卫星观测、大气成分分析、气溶胶反演等）没有直接关系。,"['type IV secretion system', 'antifungal', 'bacterial-killing']",Long Lin;Zhiyuan Zhang;Hongda Fang;Yicheng Yang;Xiuyuan Li;Han Chen;Min Tao;Yuhan Dong;Bingxin Wang;Danyu Shen;Xiaolong Shao;Limin Wang;Jinshui Zheng;Mengcen Wang;Fengquan Liu;Guoliang Qian,A bacterial-killing type IV secretion system as a hidden antifungal device,"Interkingdom competition between bacteria and fungi in nutrient-limited environments drives microbial community dynamics, yet the molecular mechanisms enabling bacterial dominance during bacterial-fungal interaction remain poorly characterized. This study reveals a paradigm-shifting role for bacterial type IV secretion system (T4SS) by demonstrating that a specialized bacterial-killing T4SS (T4SSBK) inLysobacter enzymogenesserves as a universal cross-kingdom antifungal weapon. Combining genetic, biochemical, and bioinformatical approaches, we show that T4SSBKmediates direct contact-dependent suppression of phylogenetically diverse fungi—including unicellular yeasts and filamentous species—through delivery of a conserved deoxyribonuclease effector, LtdD. Structural characterization reveals that LtdD homologs are evolutionarily conserved across T4SSBK-harboring bacterial lineages, suggesting widespread ecological deployment of this antifungal strategy. These findings overturn the classical dogma of T4SSBKas an antibacterial apparatus and establish it as a multifunctional microbial combat system capable of trans-kingdom interference. By elucidating a DNA-targeting mechanism of fungal growth inhibition, our work not only redefines the ecological role of T4SSBKin microbial warfare but also provides a molecular blueprint for engineering DNA-based antifungal therapies."
10.1126/sciadv.aeg3815,True,Science Advances,该论文研究宏观藻类产生的难降解溶解有机碳（RDOC）在全球海洋中的分布和贡献，涉及海洋碳循环和物质迁移，与大气环境遥感技术中的空气质量监测和大气成分分析有一定关联，但主要关注点在海洋环境而非大气。,"['macroalgae', 'DOC', 'ocean carbon sequestration', 'molecular fingerprinting', 'ultrahigh-resolution mass spectrometry']",Xiuting Feng;Shailesh Nair;Kasper Hancke;Christian Lønborg;Hongmei Li;Zenghu Zhang;Qiang Zheng;Chen He;Quan Shi;Xiuzhen Li;Richard Bellerby;Nianzhi Jiao;Yongyu Zhang,Global dispersal of macroalgae-derived recalcitrant DOC may substantially contribute to deep-ocean carbon storage,"Macroalgae, the dominant primary producers of Earth’s most productive coastal vegetated ecosystems and a vital component driving ocean carbon sequestration, produce ∼5 to 80% of their net primary productivity as dissolved organic carbon (DOC). However, the global extent, fate, and contribution of this macroalgae-derived DOC to the pelagic carbon pool remain poorly understood. We establish a molecular fingerprint of the dominant coastal macroalgaSaccharina japonica–derived DOC (kelp-derived DOC) using ultrahigh-resolution mass spectrometry and conservative filtering. We differentiate the kelp-derived DOC into labile (LDOC) and recalcitrant fractions (RDOC) based on prolonged resistance to microbial degradation, identify discriminating molecular traits through machine learning, and integrate them into a stability metric, molecular recalcitrance score (MRS). Both candidate kelp-associated RDOC signals and the more persistent, semilabile subset of candidate kelp-associated LDOC signals are detected throughout the global ocean, as far as ∼10,000 kilometers from kelp ecosystems and at depths of ∼5500 meters. Detected candidate kelp-associated DOC signals exhibit elevated MRS, with values positively correlated with distance from source regions, indicating selective long-distance transport of intrinsically more stable compounds. We preliminarily estimate that coastal macroalgal ecosystems globally may contribute 320.7 to 481.1 teragrams of carbon per year of RDOC. The detection of candidate kelp-associated RDOC signals throughout the global ocean provides molecular-level evidence of the long-distance export of macroalgae-derived RDOC to the pelagic and deep ocean, highlighting a major, previously unrecognized pathway of long-term storage of macroalgae-derived DOC in global oceans, although the precise fraction exported to the deep ocean remains to be quantified."
10.1126/sciadv.aeg8117,False,Science Advances,该论文研究的是人类大脑中水通道蛋白AQP4的表达及其与脑脊液清除系统的关系，与大气环境遥感技术（如空气质量监测、卫星观测、大气成分分析、气溶胶检索）无关。,"['AQP4', 'glymphatic system', 'brain physiology']",Tahmineh Taheri;Asa Farahani;Zhen-Qi Liu;Eric G. Ceballos;Adil Harroud;Alain Dagher;Bratislav Misic,Spatial organization of AQP4 water channel expression in the human brain,"Aquaporin-4 (AQP4) water channels support the glymphatic system, a brain-wide pathway that clears cerebral waste products. Here, we useAQP4gene expression to reconstruct a whole-brain glymphatic-related topography and link it to vascular physiology, glioma, and vulnerability to neurodegenerative diseases. We find thatAQP4expression is highly organized across the brain, peaking in subcortical, ventral, and periventricular territories, consistent with a clearance axis near cerebrospinal fluid reservoirs and perivascular interfaces. LinkingAQP4expression to vascular organization,AQP4-enriched regions show lower normative blood perfusion, but lie close to areas commonly affected by cerebral small vessel disease. Turning to neurodegeneration, we find that atrophy patterns colocalize withAQP4expression, most strongly for tau and TDP-43 proteinopathies, and high-atrophy regions lie close toAQP4hotspots in anatomical and structural connectome space. Normative positron emission tomography markers of neuroinflammation strengthen the spatial alignment betweenAQP4expression and disease atrophy. Last, we show that glioma is most frequent inAQP4-enriched regions. Collectively, this work highlights howAQP4expression relates to brain physiology and vulnerability."
10.1126/sciadv.aeh3920,False,Science Advances,该论文主要研究浅海无脊椎动物化石记录的时空覆盖范围及其局限性，与大气环境遥感技术（如空气质量监测、卫星观测、大气成分分析、气溶胶反演）无关。,"['fossil record', 'metazoan', 'geological data']",Thomas A. Neubauer and Mathias Harzhauser,Staking out the frontiers: The limits of the metazoan shallow marine fossil record,"The fossil record is inherently incomplete, yet its physical limits remain largely uncharted. Here, we quantify the spatiotemporal coverage of the global shallow-marine metazoan fossil record across the Phanerozoic, using a large dataset of georeferenced collections intersected with global geological data. Modeling historical sampling trajectories, we show that for most time intervals, future data accumulation is expected to be negligible, and geographic coverage is approaching saturation. For intervals with remaining potential, we reconstruct the present-day extent of unexplored but geologically accessible strata, providing spatially explicit guidance on where undetected fossil information is most likely to await discovery. Our results constitute a quantitative roadmap for prioritizing fieldwork, completing occurrence databases, and mobilizing unpublished museum collections."
10.1126/sciadv.aeh5849,False,Science Advances,该论文研究的是GPR84受体的一种变构调节机制，与大气环境遥感技术（如空气质量监测、卫星观测、大气成分分析、气溶胶反演等）无关。,[],Xuan Zhang;Abdul-Akim Guseinov;Laura Jenkins;Jingkai Zhou;Fabian Gossen;Pinqi Wang;Zobaer Al Mahmud;Yueming Li;Andhika B. Mahardhika;Christa E. Müller;Mingye Feng;Angela J. Russell;Irina G. Tikhonova;Graeme Milligan;Cheng Zhang,Mechanism of GPR84 allosteric modulation at a helix 8–proximate site,"Allosteric modulators offer opportunities for pathway-selective G protein–coupled receptor (GPCR) signaling, but the mechanisms enabling biased allosteric modulation remain poorly understood. We identify a helix 8–proximate allosteric site in the immune-metabolic receptor GPR84 and define how it achieves Gi-biased signaling. Cryo–electron microscopy structures of the GPR84-Gicomplexes bound to the orthosteric agonist OX04539 alone or with the positive allosteric modulator PSB-16671 reveal a helix 8–proximate allosteric site for PSB-16671 formed between transmembrane helices 1 (TM1) and TM7. Molecular dynamics simulations and mutagenesis uncover a polar interaction network linking orthosteric and allosteric sites through conserved residues including Asp662.50, Asn1043.36, and Asn3627.45, and disrupting this network enhances allosteric cooperativity. PSB-16671 stabilizes a receptor conformation with pronounced TM6 displacement that favors Gicoupling while disfavoring β-arrestin recruitment, sustaining macrophage phagocytosis of cancer cells without the desensitization induced by balanced agonists. Sequence analysis suggests that receptor-specific helix 8–proximate allosteric sites may be broadly targetable across class A GPCRs. These findings establish mechanistic principles for biased allosteric modulation applicable beyond GPR84."
10.1126/sciadv.aeh5900,False,Science Advances,该论文主要研究的是利用声液流冷冻电镜技术（acoustofluidic cryo-EM）进行原位颗粒操控，以提高冷冻电镜样品的质量。虽然冷冻电镜技术可以用于分析大气中的颗粒物，但该论文的重点在于样品制备方法的改进，而不是大气环境遥感技术本身，如空气质量监测、卫星观测等。因此，它与大气环境遥感技术的关系较弱。,"['cryo-EM', 'acoustofluidic', 'specimen preparation']",Kaichun Yang;Wyatt Peele;Pengzhan Liu;Jianping Xia;Venkata Dandey;Ruoyu Zhong;Ke Jin;Kedar Sharma;Abigail J. Watson;Shujie Yang;Ying Chen;Aryan Agahtehrani;Shu Nakajima Lan;Peiran Zhang;Zhenhua Tian;Mingyuan Liu;Elizabeth Viverette;Xianchen Xu;Qian Wu;Mario J. Borgnia;Luke P. Lee;Tony Jun Huang,"Acoustofluidic cryo-EM enables in situ particle manipulation for uniform, high-quality cryo-EM specimens","Cryo–electron microscopy (cryo-EM) has revolutionized structural biology by enabling imaging of macromolecular complexes at near-atomic resolution, but its success depends critically on specimen quality. Standard plunge freezing often produces nonuniform particle distributions, resulting in poor particle statistics and reduced imaging quality, particularly for vesicular structures and low-concentration, labile macromolecular complexes. Here, we introduce acoustofluidic cryo-EM (ACE), a noncontact specimen-preparation method that integrates acoustofluidic manipulation into a conventional plunge-freezing workflow. ACE enables localized nanoscale particle manipulation by mechanically coupling acoustic excitation into the cryo-EM grid, where forced vibration generates localized acoustic streaming through viscous boundary-layer effects. Guided by this physical mechanism, validation using liposomes and apoferritin demonstrates that ACE increases particle density by up to fourfold while preserving structural integrity and improving imaging quality. This strategy provides a broadly applicable approach for enhancing cryo-EM specimen quality, improving imaging efficiency, and facilitating high-resolution structural analysis."
10.1126/sciadv.aeh9099,False,Science Advances,该论文主要研究的是肺癌中EGFR靶向治疗的耐药机制，涉及的是药物耐受和突变积累的生物学过程，与大气环境遥感技术（如空气质量监测、卫星观测、大气成分分析、气溶胶反演等）没有直接关系。,[],Mathéa Geraud;Remi Gence;Anne Casanova;Estelle Taranchon-Clermont;Simona Salimbeni;Nesibe Özsu;Maina Vienne;Célia Delahaye;Elodie Borrull;Amélie Lusque;Mathilde Morisseau;Thomas Filleron;Delphine Pagan;Camille Taha;Agnese Cristini;Julien Mazières;Olivier Calvayrac;Gilles Favre;Anne Pradines;Olivier Sordet,Persistent TOP1 cleavage complexes in drug-tolerant cells drive adaptive resistance to EGFR-targeted therapies in lung cancer,"Resistance to targeted cancer therapies often arises from drug-tolerant cells, which survive treatment by entering a nonproliferative state. Over time, these cells can acquire mutations that contribute to cell reproliferation, but how nonproliferating drug-tolerant cells accumulate these mutations remains unclear. Here, we show that EGFR inhibition inEGFR-mutated lung cancer transiently down-regulates tyrosyl-DNA phosphodiesterase 1 (TDP1), a repair enzyme that resolves abortive topoisomerase I cleavage complexes (TOP1ccs). In drug-tolerant cells, elevated reactive oxygen species promote TOP1cc trapping, while TDP1 down-regulation impairs their repair, driving TOP1cc accumulation, resistance mutation acquisition, and cell reproliferation. We further find that TDP1 expression is absent in ∼25% ofEGFR-mutated lung cancers. In TDP1-deficient cells, combining EGFR inhibition with a sublethal concentration of topotecan, which further increases TOP1ccs, abolishes cell reproliferation. Together, these findings establish persistent TOP1cc accumulation as a driver of therapy-induced mutagenesis linking drug tolerance to adaptive resistance and reveal TDP1 loss as a targetable vulnerability in EGFR-mutated lung cancers."
10.1126/sciadv.aei4282,False,Science Advances,该论文主要研究软体机器人的驱动技术，虽然涉及形状记忆合金等材料，但与大气环境遥感技术（如空气质量监测、卫星观测等）没有直接关系。,"['soft robots', 'shape memory alloy', 'actuator']",Wenci Xin;Zhiqiang Tang;Peiyi Wang;Lei He;Linxin Hou;Lin Zhao;Zhexin Xie;Cecilia Laschi,Octopus-inspired muscle activation unlocks high-DOF motion from a single actuator,"While soft robots leverage compliant materials to offer infinite degrees of freedom (DOFs), achieving dexterous motions usually requires numerous actuators, making the robot bulky, complex to assemble, and discontinuously segmented. Here, inspired by the octopus neuromuscular junctions (NMJs), we present similar wire bonding junctions (WBJs) that enable partitioned activation on a single shape memory alloy (SMA) actuator. By utilizing WBJs, soft robots achieve continuous deformation with approximately twice the workspace and manipulability of traditional stacked designs. We demonstrated that modulating voltage across these junctions allows the SMA to actuate variable lengths, maintaining high dexterity while reducing energy consumption up to 40%. With WBJs, one single SMA actuator could master both soft arm manipulator and its end effector. This compact, lightweight architecture enables the soft robot arm to be rolled for low-encumbrance drone deployment and confined-space sampling. Our results demonstrate a new actuation paradigm for achieving high DOF, offering a compact, efficient blueprint for soft robot design."
10.1126/sciadv.aed5872,True,Science Advances,该论文研究使用电子 Ptychography 技术在金属氢化物中进行原子级氢的定量分析，涉及材料科学中的原子级表征，与大气环境遥感技术中的成分分析和监测有一定关联，但并非直接相关。,"['electron ptychography', 'metal hydrides', 'atomic-scale imaging']",Pengcheng Li;Chenglin Pua;Zehao Dong;Zhengxiong Su;Tao Liu;Chao Cai;Huahai Shen;Lin Gu;Zhen Chen,Atomic-scale quantification of hydrogen in metal hydrides by electron ptychography,"Direct visualization of hydrogen—the smallest and lightest element—in complex materials remains a fundamental challenge. Owing to its extremely weak electron scattering, high mobility, and the resolution limits of conventional transmission electron microscopy, the atomic-scale occupation sites and spatial distribution of hydrogen have remained largely inaccessible. Here, we demonstrate atomic-resolution imaging and quantitative analysis of hydrogen in metal hydrides using energy-filtered multislice electron ptychography (MEP). By applying MEP to a complex high-entropy alloy (HEA) hydride, we resolve previously inaccessible structural details, including picometer-scale hydrogen displacements and pronounced three-dimensional inhomogeneity. Statistical analysis further reveals that hydrogen incorporation unexpectedly suppresses the intrinsic lattice distortion present in the pristine HEA. These results establish MEP as a powerful platform for quantitative hydrogen imaging at the atomic scale and provide direct insight into the structural role of hydrogen in phenomena ranging from hydrogen embrittlement and hydrogen storage to emergent electronic phase transitions."
10.1126/sciadv.aed9979,True,Science Advances,该论文研究了土壤中CO2的吸附/解吸过程及其对土壤呼吸的影响，涉及大气中CO2的交换和土壤碳循环，与大气环境遥感技术中的大气成分分析和空气质量监测相关。,"['CO2 adsorption', 'soil respiration', 'atmospheric CO2 exchange']",Anna Abramova;Jennifer Mills;Gregory E. Maurer;Benjamin Gilbert;Melese Getenet;Laura Lammers;Shauna Zahabi;Maedeh Chitsaz;Marco Pfeiffer;Ronald Amundson,Thermally driven CO2 adsorption/desorption and its effect on soil respiration,"Soil respiration counterbalances global photosynthesis, yet several aspects of this process remain unexplained despite decades of research: (i) nighttime negative soil carbon flux in drylands and (ii) diurnal temperature-dependent hysteresis patterns. We propose that abiotic CO2adsorption-desorption in the soil is the cause or contributor to these phenomena. Laboratory isotherms were conducted on desert soil at various diurnal temperatures and CO2partial pressure levels. These results, combined with field data from the Mojave Desert, demonstrate that adsorption causes negative nocturnal CO2fluxes, while desorption during the day leads to positive fluxes. In addition, by accounting for thermally driven physical CO2exchange, the apparent temperature hysteresis commonly observed is reversed. The annual CO2adsorption in the thermally active soil layer ranges from 16.7 to 19.3 grams of CO2-C per square meter per year, indicating a possible abiotic exchange of up to 2.2 to 2.5 billion tonnes of CO2-C with the atmosphere globally. Our findings suggest that gaseous adsorption should be included in the global carbon cycle to more accurately represent land-atmosphere CO2exchange."
10.1126/sciadv.aeg3967,False,Science Advances,该论文研究的是SAMD9蛋白的结构机制及其在血细胞稳态和抗病毒防御中的作用，与大气环境遥感技术（如空气质量监测、卫星观测、大气成分分析、气溶胶反演等）无关。,[],Zongjun Mou;Fushun Zhang;Marisol Morales;Bibekananda Sahoo;Xinghong Dai;Yan Xiang,Structural mechanisms of SAMD9 autoinhibition and pathogenic dysregulation,"SAMD9 and SAMD9L (SAMD9/9L) are large cytosolic proteins essential for hematopoietic homeostasis and antiviral defense (1–3). Germline gain-of-function (GoF) mutations in SAMD9/9L cause severe multisystem disorders and predispose to leukemia, but the mechanisms that regulate SAMD9/9L activity and how pathogenic mutations disrupt these processes remain poorly understood. Here, we report cryo–electron microscopy structures of human SAMD9 in multiple conformational and oligomeric states. SAMD9 predominantly adopts a closed, autoinhibited conformation stabilized by a central ATP-bound nucleotide-binding oligomerization domain (NOD) and an extensive network of intramolecular interactions. Recurrent patient-derived GoF mutations localize to and destabilize these intramolecular interfaces, whereas structure-guided compensatory mutations that restabilize these interfaces restore autoinhibition. We further identify low-abundance asymmetric SAMD9 dimers in which one protomer undergoes large conformational changes and establishes intermolecular interactions that are essential for SAMD9 activation. Together, these findings define the structural basis of SAMD9 autoinhibition and reveal how human GoF mutations disrupt this regulatory mechanism to drive disease."
10.1126/sciadv.aeh2640,False,Science Advances,该论文研究的是ASXL3基因与甲状腺激素轴在帕金森样行为中的作用，与大气环境遥感技术（如空气质量监测、卫星观测、大气成分分析、气溶胶反演）无关。,[],Chaodong Ding;Yiting Yuan;Yixin Hu;Yuefang Zhang;Shihao Wu;Ailian Du;Zilong Qiu,An ASXL3–thyroid hormone axis in parvalbumin interneurons controls autism-like behaviors,"Pathogenic variants inASXL3underlie autism spectrum disorder (ASD), but how they perturb neural circuits and whether defects are reversible remain unclear. Here we show thatAsxl3haploinsufficiency in mice reduces cortical thickness and upper-layer projection neurons while increasing parvalbumin (PV) interneuron number and producing ASD-like behavioral abnormalities. Mechanistically,Asxl3loss derepresses the thyroid hormone (TH)–inactivating enzyme DIO3 via altered histone H2A monoubiquitination, depleting brain TH. Conditional deletion of the TH receptorThrain inhibitory neuron progenitors phenocopies the PV interneuron expansion, linking impaired TH signaling to PV circuit remodeling. Neonatal, but not adolescent, TH supplementation restores PV interneuron numbers and rescues behavior inAsxl3+/−mice, defining a critical early window for intervention. An intein-based AAV system that reconstitutes full-length ASXL3 normalizes cortical architecture and behavior inAsxl3+/−mice and drives efficient ASXL3 expression in non-human primate brain, establishing an ASXL3–TH–PV interneuron axis as a targetable pathway in ASD."
10.1126/sciadv.aeb9189,False,Science Advances,该论文主要研究T细胞受体（TCR）的计算机设计及其在癌症免疫治疗中的应用，与大气环境遥感技术（如空气质量监测、卫星观测、大气成分分析、气溶胶反演等）无关。,[],Maria Radman;Astar Shamul-Raybi;Jake Parker;Sarel J. Fleishman;Cyrille J. Cohen,Computational design of optimized and preferentially paired human TCR constant regions for improved T cell function,"T cell receptor (TCR) gene transfer is a promising approach for cancer immunotherapy, but its efficacy is limited by mispairing of TCR chains, which reduces surface expression and may generate off-target specificities. We applied the PROSS and FuncLib algorithms to engineer human TCR constant regions for improved stability and preferential pairing. After several screening rounds, we identified a variant, termed structurally enhanced TCR (SET), that exhibited markedly enhanced surface expression, functional avidity, and reduced mispairing. SET-expressing T cells secreted higher cytokine levels, displayed increased activation, and mediated superior cytotoxicity. Notably, SET demonstrated function in CD4+T cells and mediated potent tumor control in xenograft models, significantly delaying tumor growth and improving survival. SET’s benefits were reproducible across six different TCRs, supporting its broad applicability. These findings highlight the potential of rational design to improve the potency of TCR-based therapies."
10.1126/sciadv.aec7923,False,Science Advances,该论文主要研究山地区域火灾后泥石流的发生机制，涉及土壤颗粒大小、沉积物储存等因素，与大气环境遥感技术（如空气质量监测、卫星观测、大气成分分析、气溶胶反演）关系不大。,"['debris flows', 'Shields stress', 'sediment storage']",Paul W. Richardson;David B. Cavagnaro;Donald N. Lindsay,Grain size and sediment storage explain why postfire debris flows are absent in some mountainous landscapes,"Postfire debris flow occurrence varies widely in mountainous landscapes, even under similar rainfall conditions. To understand why, we investigated two burned landscapes that experienced intense postfire rainfall: one in southern California with over 100 postfire debris flows and one in northern California with no postfire debris flows. Debris flows can initiate from bed failures that are predicted to occur when Shields stressττ∗exceeds a threshold. We characterizedττ∗at the two sites, investigated bed failure, and conducted numerical experiments to identify controlling factors. Postfire increases in clear-water runoff raisedττ∗by up to threefold, whereas postfire reductions in channel grain size raisedττ∗by two orders of magnitude. No increase in runoff was required to initiate debris flows at the southern California site, yet debris flows were unlikely to initiate at the northern California site even for considerable increases in runoff. These results provide a mechanistic explanation for discrepancies in debris flow occurrence in mountainous landscapes."
10.1126/sciadv.aef1101,False,Science Advances,该论文主要研究的是基于可拉伸多通道超声设备的细粒度多级手势识别技术，涉及人机交互和信号处理领域，与大气环境遥感技术（如空气质量监测、卫星观测、大气成分分析、气溶胶反演等）没有直接关系。,"['ultrasonic device', 'gesture recognition', 'convolutional neural network']",Xinyi Lin;Hang Liu;Kai Lin;Jie Chen;Yuhui Huang;Jizhou Song,Fine-grained multi-level gesture recognition based on a stretchable multichannel ultrasonic device,"Discrete gesture recognition provides a direct output form for command-based human-machine interaction, while fine-grained multi-level recognition can expand command capacity by mapping subtle graded finger movements to distinct commands or different levels of the same command, thereby reducing the need for large or repetitive hand gestures. However, reliably distinguishing fine-grained multi-level gestures remains challenging. Here, we present a stretchable multichannel ultrasonic device comprising four functional sites and sixteen piezoelectric modules. Its fan-shaped substrate stretches up to 30%, enabling conformal forearm attachment and alignment with target muscle regions. Experimental characterization demonstrated sub-millimeter spatial resolution and excellent signal quality. Integrated with a one-dimensional convolutional neural network, the system achieved up to 98.75% accuracy in recognizing metacarpophalangeal joint-angle changes below 5°. The multichannel configuration yields high classification accuracy, improved class-wise recognition balance, more effective learning from multi-subject data and enhanced calibration-assisted adaptation to shifted device positions and new users, providing a reliable strategy for low-burden, fine-grained multi-level gesture command control."
10.1126/sciadv.aef4314,True,Science Advances,该论文研究了缺氧和酸化对海岸带水域硝化作用的影响，涉及氮循环和一氧化二氮（N2O）排放，这与大气环境遥感技术中的空气质量监测和大气成分分析密切相关。,"['hypoxia', 'acidification', 'nitrification', 'N2O', 'coastal waters']",Jie Zhou;Yanling Zheng;Lin Qi;Cheng Yao;Yixuan Wang;Bolin Liu;Bin Wang;Feiyang Chen;Ping Han;Yumeng Li;Congrui Yi;Yuanzhi Yao;Liwei Zhang;Min Liu;Lijun Hou,Hypoxia and acidification antagonistically suppress nitrification but enhance its N2O production in coastal waters,"The concurrent intensification of hypoxia and acidification poses a growing threat to estuarine-coastal ecosystems globally, yet their interactive impacts on nitrification, a key process in the nitrogen (N) cycle and a substantial source of nitrous oxide (N2O), remain poorly understood. This knowledge gap hinders reliable projections of future N cycling and climate feedbacks in these critical ecosystems. Here, we demonstrate that along the estuarine-coastal continuum, the co-occurrence of hypoxia and acidification suppresses nitrification rates but stimulates nitrification-derived N2O emissions—although their combined effect is lesser than the sum of their individual effects. Metatranscriptomic analysis provided molecular evidence for these isotopically traced responses and uncovered critical microbial coping strategies through transcriptional adjustments in metabolic pathways for energy conservation and stress tolerance. This previously overlooked interaction disrupts microbial N cycling with potential impacts on N2O emissions and climate feedbacks, highlighting the necessity to revise predictive models by incorporating such multistressor dynamics."
10.1126/sciadv.aeg5563,False,Science Advances,该论文研究的是灵长类动物新皮层发育的神经生物学机制，与大气环境遥感技术（如空气质量监测、卫星观测、大气成分分析、气溶胶反演）无关。,[],Lidiia Tynianskaia;Cesar Mateo Bastidas-Betancourt;Esther Marie Grewe;Julia Marie Kniep;Neringa Liutikaite;Nesil Esiyok;İrfan Burak Göloğlu;Sabrina Heide;Nancy Rüger;Dimitri Lindenwald;Charis Drummer;Stoyan Petkov;Nataliya Di Donato;Michael Heide,Coordinated neural progenitor adaptations contribute to primate neocortical downscaling,"Most primates have a large, highly folded (gyrencephalic) neocortex, a feature present in the primate common ancestor. In contrast, several New World monkey species display a comparatively small and largely smooth, unfolded (lissencephalic) neocortex. One prominent example is the common marmoset, an increasingly popular model in neuroscience. This phenotype likely reflects an evolutionary reduction from the ancestral primate condition, implying modifications in neurodevelopmental programs. One essential basis for neocortical development is the activity and behavior of neural progenitor cells (NPCs). Here, we identify coordinated adaptations in NPC biology that bias neurodevelopmental trajectories toward neocortical downscaling. By combining marmoset and human cerebral organoids with analyses of fetal marmoset neocortical tissue and previously published histological data, we uncover multiple adaptations in apical and basal progenitors that converge on reduced progenitor capacity, alter early progenitor dynamics, and likely constrain neuronal output, thereby limiting the size and folding of the marmoset neocortex."
10.1126/sciadv.aej8134,False,Science Advances,该论文主要研究气候变化对野生动物（尤其是日本熊）与人类冲突的影响，涉及森林食物供应周期和食物短缺的阈值效应，但与大气环境遥感技术（如空气质量监测、卫星观测、大气成分分析、气溶胶反演）没有直接关系。,[],Hengjun Xiao;Zhengwang Zhang;Yoshiaki Miyamoto;Tomohiro Ichinose,Compound food failure on a deteriorated mast system drives Japan’s bear conflict crisis,"Climate change is recognized as a key amplifier of human-wildlife conflict, yet the underlying mechanism remains poorly understood. Japan’s 2025 bear crisis, which produced 232 casualties, has been widely attributed to rapid population growth, but demographic processes are far too gradual to explain the surge. Using an 18-year dataset across five Tohoku prefectures, we find that it reflects bears responding to a rhythm breakdown of the forest’s food supply. Conflict rises sharply once mast production falls below a threshold. Around 2006, the mast system passed a break point, after which lean years grew more severe and crossed that threshold more often. Conflict is further amplified when the alternative food source, indexed by primary productivity, fails alongside mast, and the 2023/2025 outbreaks provide a natural experiment separating compound from single-source failure. Beyond the Japanese bear-mast system, our analysis yields a generalized diagnostic framework that considers failing food rhythms, compound shortages, and the thresholds at which animals enter human space."
10.1126/sciadv.aed3930,False,Science Advances,该论文主要研究利用超声增强外泌体分泌和表面增强拉曼散射（SERS）技术进行阿尔茨海默病的诊断，虽然涉及SERS技术，但主题与大气环境遥感技术（如空气质量监测、卫星观测、大气成分分析、气溶胶反演）无关，因此不相关。,"['exosome', 'SERS', 'Alzheimer’s disease']",Jinhee Yoo;Youngjun Kim;Won Jong Yu;Seongmin Kim;Yongjae Jo;Hanjun Cho;Hyunsu Park;Luke P. Lee;Jong-Chan Park;Inki Kim;Byullee Park,Ultrasound-enhanced exosome secretion and antibody-free SERS profiling for Alzheimer’s disease via iPSC-derived cortical organoids,"Exosomes offer a promising vehicle for noninvasive diagnosis of neurodegenerative diseases by carrying multiple biomarkers across the blood-brain barrier. However, traditional exosome analysis often misses subtle genotype-specific variations because of weak signals from a few exosomes, reliance on markers, and limited understanding of disease signatures. Here, we present a sound way to understand Alzheimer’s disease through label-free surface-enhanced Raman scattering (SERS) profiling of cortical organoid-derived exosomes. Initially, we enhanced exosomal SERS signal levels by optimizing ultrasound parameters to increase exosome secretion from cortical organoids. Using this strategy, we distinguished apolipoprotein E genotype–dependent differences in intact exosomal fingerprints. Transcriptome analysis confirmed that ultrasound stimulation increased exosome secretion and up-regulated exosome-related genes functionally linked to Alzheimer’s pathology. Ultrasound-based stimulation and label-free exosome profiling reveal genotype-specific pathologies, providing a precision-diagnostic framework for Alzheimer’s disease."
10.1126/sciadv.aeg1614,False,Science Advances,该论文主要研究柔性机器人的制造和应用，涉及的是机器人技术和材料科学领域，与大气环境遥感技术（如空气质量监测、卫星观测、大气成分分析、气溶胶反演等）没有直接关系。,[],Mingyuan Li;Russell Dickerson;Runze Zuo;Daniel Bruder,FaBrick: An actuated fabric building platform for constructing scalable and versatile soft robots,"Soft robots have shown promise across applications such as wearable assistance, gripping, manipulation, and locomotion, where adaptability, safety, and compliance are essential. These functions are largely enabled by a small set of fundamental actuation modes: contraction, bending, twisting, rotation, and stiffening; but existing soft actuators that realize these motions are constructed using distinct materials and fabrication methods. This lack of standardization fragments the design process, limits scalability, and restricts accessibility for nonspecialized users. To address these challenges, this paper introduces FaBrick, a modular actuated fabric material made through a scalable manufacturing process that uses heated, patterned rolling to produce it at arbitrary lengths. Through folding, cutting, sealing, and stapling, FaBrick material can be configured to replicate the contractile, twisting, rotational, and bending motions of other soft pneumatic actuators. Each actuator type is fabricated, modeled, and experimentally validated, and the actuators are integrated into (i) wearable robotic limbs, (ii) a one-piece adaptive gripper, (iii) an elephant trunk–inspired manipulator, and (iv) a quadruped-like locomotion robot. Together, these results establish FaBrick as a scalable, versatile, and user-friendly foundation for building integrated soft robotic systems from a single material platform."
10.1126/sciadv.aeh3116,False,Science Advances,该论文研究的是微重力和对流对人类基因组组织和动力学的影响，与大气环境遥感技术（如空气质量监测、卫星观测、大气成分分析、气溶胶反演）无关。,[],Nikitas Kanellakopoulos;Manav Patel;Brandon Sato;Melaina Lawrence;Leif Ristroph;Alexandra Zidovska,The effect of microgravity and flows on the organization and dynamics of the human genome,"The human genome is highly organized and dynamic across different length scales. Genome organization and dynamics change upon exposure to mechanical stresses, leading to changes in transcription, replication, and DNA repair. Gravity presents a constant mechanical stress applied to the genome—in its absence, i.e., microgravity, gene expression markedly changes—yet the role of gravity in the genome’s organization and function is unknown. Here, we investigate changes in the genome’s organization and dynamics upon simulated microgravity and flows. We find that the nucleus changes its shape and size, with liquid phases inside the nucleus, such as nucleolus, visibly affected by the lack of buoyancy and convection in the nucleoplasm. Notably, the genome organization and dynamics remain largely preserved. While flows cause DNA damage, simulated microgravity does not. Our study provides fundamental biophysical insights into the nuclear and genome organization, highlighting its robustness against mechanical stresses and revealing key aspects of the role of gravity in the cell."
10.1126/sciadv.aei3045,False,Science Advances,该论文主要研究的是在动态液体介质中实现稳定单频激光的技术，涉及光流体学锁定机制和纳米板片等。虽然激光技术可能与某些环境遥感技术有一定关联，但论文的核心内容并未直接涉及大气环境遥感技术，如空气质量监测、卫星观测或大气成分分析等。因此，该论文与大气环境遥感技术的关系不强。,"['optofluidic', 'lasing', 'nanoplatelets']",Rui Duan;Yuan Wang;Bojian Shi;Yaqi Tang;Lin Wang;Yan Wang;Bei Xu;Junzi Li;Yichen He;Kailei Lu;Yanli Shi;Xiaoyan Zhou;Lin Zhang;Hongchang Deng;Tingchao He;Xuyong Yang;Rui Chen;Jianqi Qi;Huiyun Liu;Handong Sun,Self-organized optofluidic locking enables stable single-frequency lasing in dynamic liquid media,"Liquid-state lasers are promising wavelength-agile, reconfigurable coherent light sources, but fluid gain media introduce Brownian motion, thermal transport, and refractive-index fluctuations that destabilize single-frequency emission. Here, we demonstrate that nonequilibrium fluid fluctuations can instead be harnessed to stabilize lasing through optofluidic locking. In anisotropic colloidal nanoplatelets (CNPs), a weak auxiliary continuous-wave optical field induces collective particle migration, reorientation, and accumulation via coupled optical forces and convective flow. The resulting self-organized gain landscape suppresses cavity fluctuations, improves output stability by nearly three orders of magnitude, and reduces the lasing threshold by over 75%. Integrated with high-gain CdSe/CdSeS/CdZnS core/graded-crown/graded-shell nanoplatelets and a Littman-like external cavity, this mechanism enables stable single-frequency lasing with a side-mode suppression ratio above 31 dB, a 0.051 nm linewidth, and 170-nm single-mode tunability across engineered CNP gain media. We further demonstrate applications in WS2photoluminescence pumping and wavelength-tunable topological vertical-cavity lasing."
10.1126/sciadv.aee5160,False,Science Advances,该论文研究的是一种用于高性能木材粘合的木质素水性粘合剂，主要涉及可持续木材利用和粘合剂性能优化，与大气环境遥感技术（如空气质量监测、卫星观测、大气成分分析、气溶胶反演）无关。,[],Xin Zhou;Yu Wang;Songnan Hu;Rongxian Ou;Haisong Qi;Fachuang Lu;John Ralph;Fengxia Yue,Aqueous lignin adhesive for high-performance wood bonding,"Developing formaldehyde-free and high-performance wood adhesives is imperative for sustainable wood utilization. To overcome performance trade-offs in lignin adhesives, we developed a formaldehyde-free aqueous adhesive formulation via reactive cysteine-functionalized lignin, achieving high performance with an unprecedentedly low lignin loading (20 wt %), which is sprayable and injectable and exhibits excellent fluidity (1.96 mPa·s, 103s−1). It undergoes self-curing via forming amide bond, achieving robust bonding performance under simple hot-pressing conditions. The solvent-free lignin adhesive for plywood outperforms commercial resins, demonstrating exceptional dry strength (4.0 MPa), high wet-strength retention (83.7%), and superior durability against extreme temperatures (−196° to 190°C), humid heat aging, and solvents. Cysteine substitution enhances fracture toughness eightfold (reaching 11.06 kJ/m2) by forming dual covalent/noncovalent networks that facilitate the polarity-enabled adhesion and crosslinking-induced toughening. This work establishes an environmentally friendly and scalable strategy for constructing full bio-based adhesives with exceptional processability and durability, providing a paradigm for lignin valorization within lignin-first biorefinery frameworks."
10.1126/sciadv.aei6340,False,Science Advances,该论文研究的是一种用于治疗急性痛风性关节炎的生物医学应用，涉及光固化凝胶atin微针技术，与大气环境遥感技术（如空气质量监测、卫星观测、大气成分分析、气溶胶反演等）无关。,[],Jianhua Zhang;Hengjie Zhang;Tianyou Wang;Wenjing Liu;Bao Xia;Liping Huang;Haoxing Wu;Yiwen Li;Zhipeng Gu,Photoinitiator-free gelatin hydrogel microneedles for acute gouty arthritis treatment,"Photo-crosslinked microneedles (MNs) are widely used in biomedical applications, but their dependence on exogenous photoinitiators continues to pose a fundamental challenge to their further advancement. Herein, we have developed a hydrogel MN system loaded with self-assembled nanoparticles (NPs). The NPs are composed of natural polyphenols and indomethacin. The MN system is rapidly dissolving and is fabricated through an initiator-free photo-crosslinking process. Systematic investigation of the gel composition, swelling behavior, and mechanical properties of lipoic acid-modified gelatin (GelLA)-based MNs demonstrated both swelling and mechanical strength could be readily tuned. Notably, the tunable mechanical feature of GelLA enabled effective penetration of the stratum corneum, facilitating efficient transdermal drug delivery. Compared with gelatin methacryloyl, GelLA-based hydrogel MNs prepared at the same concentration exhibited superior biocompatibility, while eliminating the potential cytotoxicity associated with exogenous photoinitiators. Further in vivo evaluation in an acute gouty arthritis model demonstrated that the MN system could significantly alleviate joint inflammation through rapid drug release, highlighting its potent anti-inflammatory efficacy. Overall, this initiator-free, photo-crosslinkable GelLA-based MNs system offered a safe, efficient, and user-friendly strategy for local drug delivery in the management of acute gouty arthritis."
10.1126/sciadv.aei4311,False,Science Advances,该论文研究的是一种新型长期能量储存材料，基于糖醇混合物的潜热储存玻璃，与大气环境遥感技术（如空气质量监测、卫星观测、大气成分分析、气溶胶反演）没有直接关联。,[],Kaixin Dong;Akihito Sagara;Qingda Li;Kepeng Huang;Yuto Shimizu;Tomokazu Nakamura;Joshua Chidiebere Mba;Keita Tanahashi;Melbert Jeem;Zhonghao Rao;Takahiro Nomura,Third-generation ultralong-term latent heat storage glass based on a sugar alcohol mixture,"Long-term thermal storage can decarbonize heat utilization by resolving mismatches between heat supply and demand. However, common heat storage materials cannot store energy for long periods. Here, we report an ultralong-term latent heat storage “glass” based on a ternary eutectic sugar alcohol mixture. The as-prepared material exhibits a solid–liquid phase change and glass transition at 423 and 289 K, respectively, with heat release via cold crystallization at 346 K. Remarkably, the glass transition temperature increases to 313 K after aging at ambient temperature for 12 hours due to structural relaxation. This phase change material (PCM) conserves the latent heat of fusion at 423 K for at least 180 days in the glass state at ambient temperature. These results establish a third-generation latent heat storage mode, retaining the charged state as a kinetically arrested amorphous solid and thereby fundamentally shifting the stability criterion from supercooled-liquid nucleation suppression to glass-transition and structural-relaxation kinetics."
10.1126/sciadv.aee5294,False,Science Advances,该论文主要研究的是1952年和2025年堪察加两次大地震的断层破裂位置，使用的是潮汐仪海啸记录，与大气环境遥感技术（如空气质量监测、卫星观测、大气成分分析、气溶胶反演等）无关。,"['tsunami', 'earthquake', 'tide gauge']",Matías Carvajal;Kelin Wang;Alejandra Gubler;Tianhaozhe Sun;César Araya,Pacific tsunami records suggest similar rupture locations of two great Kamchatka earthquakes only 73 years apart,"Whether seismic slip can far exceed the slip budget of a subduction megathrust over a short time has important implications to earthquake physics and hazards. The first modern test comes from two great Kamchatka earthquakes of moment magnitude 8.8 to 9.0 in 1952 and 2025. Here, we use tide gauge tsunami records across the Pacific to determine whether the two events ruptured the same or complementary fault areas. We extract records of the 1952 tsunami from analog marigrams at 52 tide gauge stations and minimize their time uncertainties by matching hindcast tides. The 1952 tsunami waveforms and travel times are remarkably similar to those of the 2025 event. Tsunami modeling shows that a range of relative rupture locations can produce the waveform similarity, but only nearly colocated ruptures can explain the travel time similarity. On the basis of conventional rationale, the 2025 earthquake consumed more than twice the megathrust slip deficit accrued since 1952. We explain the conundrum by fast energy accumulation in a viscoelastic Earth."
10.1126/sciadv.aeg4937,False,Science Advances,该论文研究的是社会心理学和生理学领域，探讨社会邻近性对人类生理稳态调节的影响，与大气环境遥感技术（如空气质量监测、卫星观测、大气成分分析、气溶胶反演等）没有直接关系。,[],Monia Masalha;Matan Cohen;Maayan Aloni;Einav Toledo;Ella Stahl;Diane Shachar;Or Eliav;Shai Fuchs;Shir Atzil,Social Physiology: Human homeostasis is more efficient in social proximity,"Physiological homeostasis is traditionally viewed as an individual process optimized through evolution to minimize the energetic costs of regulation. However, it remains unknown whether social proximity enhances the efficiency of homeostatic regulation, including in systems not traditionally viewed as socially sensitive. Glucose metabolism is one such system. In a set of preregistered experiments, we found that glucose homeostasis following a carbohydrate challenge is more efficient in a Social condition than an Alone condition, exhibiting lower perturbation amplitude and faster recovery (n= 108). The social benefit in homeostasis replicated in thermoregulation during a cold challenge (n= 116) and in sympathetic regulation during stress in adults (n= 115) and infants (n= 56). These findings demonstrate Social Physiology, a cross-domain principle whereby physiological homeostasis is more efficient in social proximity. Evolutionarily, Social Physiology reveals a psychobiological benefit of sociality, beyond its behavioral and ecological advantages, that may contribute to the emergence and maintenance of social bonds."
10.1126/sciadv.aei9107,False,Science Advances,该论文主要研究的是小行星的起源和组成，涉及核合成和同位素分析，但与大气环境遥感技术（如空气质量监测、卫星观测、大气成分分析或气溶胶检索）没有直接关联。,"['asteroids', 'nucleosynthetic', 'isotopic compositions']",Maria Schönbächler;Mattias Ek;Manuela A. Fehr;Katarzyna M. Liszewska;Lara A. E. Meyer;Miriam Rüfenacht;James M. J. Ball;Paul Frossard;Jan Render;Quinn R. Shollenberger;Greg A. Brennecka;Thomas S. Kruijer;Josh Wimpenny;Martin Bizzarro;Jessica J. Barnes;Ann N. Nguyen,Nucleosynthetic constraints on the origin of Bennu and CI-like asteroids,"Analyses of returned samples from asteroids Bennu and Ryugu reveal notable similarities in chemical and isotopic compositions to Ivuna-type (CI) carbonaceous chondrites, prompting reassessment of their origin. We present nucleosynthetic iron (Fe), titanium (Ti), and chromium (Cr) isotope data for Bennu. Minor Cr isotope variations among aliquots likely reflect parent body aqueous alteration, whereas Fe and Ti isotope data are homogeneous and indistinguishable from those of Ryugu and CI chondrites at bulk (>20 milligrams) scale. These results demonstrate that CI-like bodies accreted from a common dust reservoir with affinities to both inner (noncarbonaceous) and outer (carbonaceous) Solar System materials. Combined isotopic, petrographic, and chemical evidence suggests formation near the water ice line inside proto-Jupiter’s orbit, where Jupiter’s growth restricted the inward drift of larger particles, whereas efficient mixing of fine-grained dust produced bodies with near-solar compositions."
10.1126/sciadv.aem0857,False,Science Advances,该论文的主题是评估美国城市中替代警务措施的效果，与大气环境遥感技术（如空气质量监测、卫星观测、大气成分分析、气溶胶反演）无关。,[],C. Brandon Ogbunugafor and Michael Ralph,Measuring the effects of alternatives to policing in an American city,"CAHOOTS data provide an opportunity to examine how three new diversion metrics clarify the measurable benefits, limits, and policy significance of an alternative-to-policing program."
10.1126/sciadv.ael2131,False,Science Advances,该论文的主题是科学研究中积极偏差的影响，与大气环境遥感技术（如空气质量监测、卫星观测、大气成分分析、气溶胶反演）无关。,[],Joana R. N. Lemos;Eleanor M. Ling;Khemraj Hirani;Jay S. Skyler;Matthias von Herrath,The hidden cost of positivity: Ensuring integrity in scientific research,Positivity bias skews the scientific record by favoring positive results. Understanding the drivers and impact of such bias provides a foundation for creating solutions.
