doi,is_relevant,journal,explanation,topic_words,authors,title,abstract
10.1088/1748-9326/aea6f2,False,Environmental Research Letters,该论文主要关注海上风电能源的监管延迟成本，与大气环境遥感技术（如空气质量监测、卫星观测、大气成分分析、气溶胶反演）没有直接关系。,[],Rudolph Santarromana;Ahmed Abdulla;M Granger Morgan;Joana Mendonça,The cost of regulatory delay: quantifying how permitting timelines affect offshore wind energy costs,"Rapid deployment of offshore renewable energy and transmission infrastructure can be a major contributor to energy system decarbonization. However, regulatory obligations frequently impose deployment delays that are typically not quantified in cost terms. The costs of such delays should be incorporated in project and technology assessments. Here, a framework is developed that treats the development lag between project inception and operation as a temporal proxy for regulatory and related obligations, and propagates it through a levelized-cost-of-energy calculation to quantify the cost of delay. This framework is used to compare, on a common basis, conventional high-voltage cable transmission with offshore power-to-hydrogen (PtH) alternatives. The framework is applied to three strategies to move energy to shore from offshore wind facilities. The results show that for an example, one gigawatt plant, deploying one year sooner can save €110 million—a relevant metric to gauge the cost of policy designed to expedite deployment. In scenarios where the PtH can be deployed faster than high-voltage cables, the results suggest a limited decision space in which PtH transmission is cheaper, indicating that it will need to realize other benefits to compete with high-voltage cable transmission on cost. Profitability between electricity-based and hydrogen-based transmission is then compared, considering differences in deployment time. There are existing conditions of hydrogen and electricity prices that indicate PtH pathways may be more profitable when a difference in deployment lag is applied. In the example considered here, a lag difference can result in a greater number of exploratory price scenarios where PtH is more profitable. This framework is useful to quantify the implications of regulatory obligations and tune policies to accelerate low-carbon energy deployment."
10.1088/1748-9326/aead01,True,Environmental Research Letters,该论文研究了美国玉米、大豆和小麦等作物区的复合天气压力时空变化，涉及从1980年到2023年的长期监测和分析。虽然论文不直接涉及空气污染或卫星遥感技术，但其研究方法（如多压力指标框架、时空类比跟踪）与大气环境遥感技术（如空气质量和气候监测）中的数据分析方法有相似之处，因此可以认为该论文与大气环境遥感技术有较强的关联性。,"['weather stress', 'agricultural regions', 'spatiotemporal analysis']",Srishti Vishwakarma;Moetasim Ashfaq;Rebecca A Efroymson;Peter E Thornton,Spatiotemporal shifts in composite weather stress across US croplands,"Weather stressors influence crop production, farm management, and long-term agricultural suitability across the United States. These stressors vary across agricultural regions. While numerous weather indices exist, a generalized metric tailored to a region’s specific agricultural context remains lacking. Here, we introduce a multi-stressor framework that integrates 32 weather-based stress indicators representing compound drought, flood, extreme heat, cold, and thermal accumulation events across the Contiguous United States (CONUS) from 1980 to 2023. The framework applies an Agro-Ecological Zones-specific weighted averaging scheme that minimizes index redundancy while assigning region-specific importance to individual stressors. We then use a spatiotemporal analog tracking approach to characterize shifts in weather stress relative to a historical baseline period. This approach produces two composite metrics—weather stress divergence and weather stress similarity—quantifying deviations of current weather stress from, and spatial correspondence with, the historical baseline, respectively. To evaluate relevance, we examine their association with county-scale detrended yield anomalies for corn, soybeans, and wheat. Yield anomalies are negatively associated with weather stress divergence, with higher values indicating greater departures from historical conditions, and positively associated with weather stress similarity in a subset of counties. More than 50% of the CONUS cropland area experienced increasing weather stress divergence, primarily driven by drought and extreme heat, while weather stress similarity declined across many croplands. The most pronounced spatial analog shifts are concentrated in eastern agricultural regions, highlighting a growing loss of correspondence between current weather regimes and historical baselines. Although technological advances and adaptive management have contributed to long-term yield improvements, compound weather stress metrics explain measurable components of interannual yield variability. The proposed framework provides a systematic, region-specific approach to benchmark compound weather stress exposure and support agricultural risk assessment and planning from farm to national scales."
10.1088/1748-9326/aeae54,False,Environmental Research Letters,该论文主要关注气候变化对全球粮食安全的影响，特别是主要粮食产区同时歉收的社会经济后果，未涉及大气环境遥感技术，因此与大气环境遥感技术相关性不强。,"['climate change', 'crop failures', 'food prices', 'regional consumption']",Kilian Kuhla;Maria Goldrina;Michael J Puma;Yann Kinkel;Christian Otto,"Multi-breadbasket failures, climate change, and risks for crop prices and regional consumption","Climate change is expected to increase the frequency of simultaneous crop failures across major producing regions, raising concerns about global food security. Whereas previous studies have mainly focused on production impacts, the resulting socio-economic consequences remain less explored. Here, we assess how climate-driven multi-breadbasket failures translate into systemic risks for global food prices and regional consumption. Driving the agent-based agricultural trade model Agrimate with probabilistic production failure scenarios for historical (2006–2015) and +2  C climate conditions, we show that climate change-driven increases in simultaneous production failures across global breadbasket regions lead to substantial increases in the likelihood of world market price spikes. The probability of exceeding a historical 90th percentile peak in bi-weekly prices nearly doubles for wheat and increases by factors of 2.70 and 2.45 for maize and soybean, respectively. These dynamics translates into increases in conditional consumption at risk of 0.24, 0.71, and 1.20 million calories per capita per year ( ) for wheat, maize, and soybean, respectively. Historical regional consumption risks are highly heterogeneous, ranging from negligible impacts to over 20 across all crops and exceeding 100 in high-impact regions. These patterns reflect structural characteristics of the food system: production concentration, import dependencies, and small supplier base amplify risks, whereas higher stock-to-use ratios provide a buffer. In export-oriented regions, risks to domestic consumption can increase when, in the absence of protective policies, surging world market demand redirects supplies abroad. Climate change further compounds these structural vulnerabilities, leading to regional increases in consumption risk of up to 6 in the most exposed areas. Together, these findings point toward the need for a coordinated policy agenda: diversifying production and trade, strengthening storage management, and implementing early-warning systems."
10.1088/1748-9326/aeae55,False,Environmental Research Letters,该论文主要关注水经济学领域，探讨水系统面临的挑战以及传统经济分析方法在应对复杂性、相互依赖性和变化方面的局限性。文章涉及的主题包括气候变化、生物多样性丧失、水资源需求增长、污染、水资源获取和分配的不平等，以及水治理中的经济分析。这些内容与大气环境遥感技术（如空气质量监测、卫星观测、大气成分分析、气溶胶反演）无关。,[],Safa Fanaian;Soumya Balasubramanya;Edoardo Borgomeo;Dustin E Garrick;Fabiola Alvarado-Revilla;Archisman Mitra;Djiby Racine Thiam,"Focus on the ‘next generation of water economics’: navigating complexity, interdependence and change","Water systems worldwide face mounting pressures from climate change, biodiversity loss, growing water demand, pollution, and persistent inequalities in access, allocation, and decision-making. Traditional approaches to water economics have made important contributions; however, the complexity and interconnected nature of water challenges require broadening the scope of economic analysis and practice. This editorial summarises contributions received for the Focus Collection on the ‘next generation of water economics’ that engage with the economics of water and sustainability, equity, justice, resilience, governance, and diverse water values. Drawing on these contributions, the editorial highlights four major themes emerging in water economics. The articles in this Collection demonstrate the growing diversity of approaches shaping the field and identify opportunities to advance more inclusive, adaptive, and context-sensitive forms of economic considerations in water governance."
10.5194/acp-26-14085-2026,True,Atmospheric Chemistry and Physics,该论文研究了层云的闭合到开放细胞转变，使用了地球关怀（EarthCARE）卫星和GOES卫星的协同观测数据，涉及大气成分分析和云微物理变化，与大气环境遥感技术密切相关。,"['EarthCARE', 'stratocumulus', 'ATLID', 'CPR', 'MSI']",Johanna Mayer;Daniele Gasbarra;Robin J. Hogan;Edward Malina;Shannon L. Mason;Blanka Piskala Gvozdikova,EarthCARE reveals details on the role of rain in closed-to-open cell transitions,"We investigate transitions from closed to open stratocumulus cells using synergistic observations from the EarthCARE and GOES satellites. Microphysical changes and increasing rain up to 25 hours before transitions support a precipitation-driven pathway. These findings provide new observational constraints on the processes driving stratocumulus breakup and its radiative impact. 
 The mesoscale organisation of marine stratocumulus clouds into closed and open cells strongly affects cloud albedo and thus their cooling effect on climate, yet the processes governing transitions between these regimes remain incompletely understood. The EarthCARE satellite provides collocated observations of cloud mesoscale structure from the Multi-Spectral Imager (MSI) together with vertically resolved cloud and precipitation measurements from the Atmospheric Lidar (ATLID) and Cloud Profiling Radar (CPR), enabling detailed characterization of stratocumulus cloud microphysics. We apply a convolutional neural network to MSI scenes to identify closed and open cells and relate these classifications to EarthCARE microphysical retrievals from the synergy of ATLID, CPR, and MSI. Open cells exhibit substantially lower droplet number concentrations (Nd), greater variability in liquid water path (LWP) and droplet sizes (re), and more frequent and heavier precipitation, although light drizzle is also common in closed cells. To investigate closed-to-open cell transitions, we combine EarthCARE overpasses with GOES/ABI geostationary imagery and ERA5-driven trajectories to track cloud scenes and determine transition timing. This combined approach allows us to reconstruct the temporal evolution of cloud properties around transitions. We find that LWP and rain amounts increase in closed cells up to 25 h before transitions, followed by decreasing Nd and increasing re, while cloud vertical structure remains largely unchanged. These findings support a precipitation-linked transition pathway, potentially triggered by enhanced boundary-layer moisture and amplified by aerosol scavenging–rain feedback. This new observational evidence advances our understanding of stratocumulus breakup with implications for the cooling effect of these clouds."
10.5194/acp-26-14073-2026,True,Atmospheric Chemistry and Physics,该论文研究了来自人为源和沙漠尘土的气溶胶铁的同位素组成，探讨了同位素比率在气溶胶铁源解析中的应用，这与大气环境遥感技术中的空气质量监测和成分分析密切相关。,"['aerosol Fe', 'isotopic composition', 'source apportionment']",Yifan Zhang;Guanhong Zhu;Rui Li;Mingyuan Liu;Yi Yang;Tianyu Zhang;Yizhu Chen;Jinlong Ma;Xinming Wang;Mingjin Tang,Isotopic composition of aerosol iron from  anthropogenic sources: implications for  source apportionment of aerosol iron,"This work measured isotopic compositions for aerosol Fe from desert dust and several anthropogenic sources. We revealed large variability in the Fe isotopic endmember values both among and within different anthropogenic aerosols, and found that not all the anthropogenic aerosol Fe is isotopically lighter than natural dust Fe. 
 Aerosol iron (Fe) significantly impacts human health, atmospheric chemistry and marine biogeochemistry. The stable isotope ratio of Fe, typically reported as δ56Fe, has emerged as a promising method for source apportionment of total and soluble aerosol Fe. However, the δ56Fe endmember values remain poorly constrained for aerosol Fe from various non-dust sources, impeding the application of Fe isotopes in atmospheric research. This work measured isotopic compositions for aerosol Fe from desert dust and several anthropogenic sources. The average δ56Fe was determined to be +0.14 ‰ ± 0.10 ‰ for the seven dust samples we examined, in good agreement with previous work. We found that different anthropogenic aerosols exhibit a wide range of Fe isotopic composition. Compared to desert dust, the average δ56Fe was found to be higher for power plant coal fly ash (+0.26 ‰ ± 0.18 ‰, n=28), slightly lower for steelwork fly ash (−0.07 ‰ ± 0.41 ‰, n=18), and considerably lower for biofuel burning aerosol (−0.28 ‰ ± 0.39 ‰, n=11). In addition, the average δ56Fe was determined to be +0.20 ‰ ± 0.12 ‰ for municipal incineration fly ash (n=2), +0.38 ‰ ± 0.13 ‰ for heavy oil bottom ash (n=1), and +0.08 ‰ ± 0.13 ‰ for certificated urban particulate matter sample (n=1). We suggest that not all the anthropogenic aerosol Fe is isotopically lighter than natural dust Fe, in contrast to what is conventionally assumed. Our findings also imply that Fe isotope-based source apportionment must account for the δ56Fe endmember variability both among and within different anthropogenic aerosols. Overall, our work substantially improves our ability to constrain δ56Fe endmember values for various anthropogenic sources."
10.5194/essd-18-7391-2026,True,Earth System Science Data,该研究利用卫星高度计技术获取海浪参数，与大气环境遥感技术中的卫星观测和数据分析密切相关，特别是涉及海洋环境监测和能源开发。,"['satellite altimetry', 'Synthetic Aperture Radar (SAR)', 'wave power density', 'Sentinel-3A/B', 'CryoSat-2']",Sonia Ponce de León;Maria Panfilova;Andrés F. Orejarena-Rondón;Marco Restano;Roberto Sabia;Jérôme Benveniste,"WAPOSAL: a multi-regional wave dataset from satellite altimetry for significant wave height, period estimation, and wave power density","This study presents a high-resolution wave energy resource database across 11 maritime regions for the period 2011–2023. Using satellite altimetry, sea wave parameters were obtained and validated against wave buoy and ERA5 data. The results provide a geospatial database for the development of marine renewable energy technologies and sustainable coastal planning, supporting the transition toward specialized offshore engineering solutions. 
 Accurate assessment of wave power density (WPD) is essential for marine renewable energy development and for validating numerical wave models, particularly in coastal and nearshore regions where in situ observations are sparse. This study presents a high-resolution, multi-region wave dataset generated within the WAPOSAL (Wave Power & Satellite Altimetry) project, derived from Synthetic Aperture Radar (SAR) altimetry data acquired by the Sentinel-3A/B and CryoSat-2 missions. Significant wave height and normalized radar cross-section were obtained using the SAMOSA+ retracker, and zero-crossing wave period was estimated based on an empirical regression method calibrated with in situ buoy and ERA5 data. Wave power density was then computed along altimeter tracks across eleven regions: Norway & Baltic Sea, UK & North Sea, French façade, Spain Atlantic, Portugal, Mediterranean sea, Madeira, Canary Islands, Azores Archipelago, French Guiana and French Polynesia. The temporal coverage spans 2011–2023, depending on the region and the satellite mission considered. The present paper describes the database and illustrates its use through simple application examples. The dataset in its current format and version can be discovered, shared and cited via the following link: https://doi.org/10.57780/ESA-1AB8CF3 (Ponce de León et al., 2026)."
10.5194/essd-2026-743,True,Earth System Science Data Discussions,该论文与大气环境遥感技术密切相关。它涉及地面观测仪器（如MAX-DOAS）对多种大气成分（如O3、NO2、HCHO等）和气溶胶光学厚度（AOD）的垂直柱密度（VCD）观测，并与卫星观测进行对比。这些数据可用于验证卫星产品、诊断 Retrieval 偏差以及多源数据融合，这些都是大气环境遥感技术的重要应用领域。,"['O3', 'NO2', 'HCHO', 'AOD', 'MAX-DOAS']",Yikai Li;Chengzhi Xing;Peiyuan Jiao;Cheng Liu,"A dataset of ground-based VCDs (O3, NO2, HCHO, HONO, SO2) and AOD observations from the hyperspectral vertical remote sensing network in China (2020–2025)","We created a six-year record of air pollution over China using ground-based instruments at 53 locations. The dataset includes ozone, nitrogen dioxide, formaldehyde, nitrous acid, sulfur dioxide, and airborne particles. All observations were processed in the same way and compared with satellite and other ground measurements. The dataset provides a consistent reference for checking satellite products and studying how air pollution changes across regions and over time. 
 With the rapid development of satellite observations of atmospheric composition and aerosols, long-term, independent, and standardized ground-based column measurements have become increasingly important for satellite product validation, retrieval error diagnosis, and multi-source data fusion. However, long-term ground-based column datasets covering multiple atmospheric constituents and processed using a unified framework remain limited in China. This study presents a ground-based dataset of multi-component vertical column densities (VCDs) and aerosol optical depth (AOD) from the Chinese Hyperspectral Vertical Remote Sensing Network for 2020–2025. The dataset includes VCDs of O3, NO2, HCHO, HONO, and SO2, together with AOD. It is based on observations from 53 MAX-DOAS sites across China, covering approximately 22.5–44.1° N and 80.1–122.7° E. The sites represent urban agglomerations, suburban transition zones, industrial areas, coastal and island environments, inland basins, arid and semi-arid regions, and the Tibetan Plateau. All observations were processed using a unified retrieval and quality-control framework to ensure consistency among sites and species. AOD has the broadest coverage, with 53 valid sites and 1073 valid site-months. NO2 and HCHO each cover 52 sites and more than 1000 valid site-months. SO2 and HONO cover 45 and 44 sites, respectively. O3 covers 29 sites and 588 valid site-months. For valid months, the median monthly completeness is 83.9 % for O3, NO2, HCHO, and SO2, and 86.7 % for HONO and AOD. Comparisons with independent observations show correlation coefficients of 0.899, 0.734, and 0.551 for MAX-DOAS NO2, HCHO, and O3 VCDs against satellite products, respectively. The correlation between AOD and AERONET is 0.879. Correlations of NO2, SO2, and O3 VCDs with CNEMC surface observations are 0.720, 0.624, and 0.678, respectively. This dataset provides a long-term, independent, and standardized ground-based reference for validating satellite VCD and AOD products, diagnosing retrieval biases, supporting satellite–AI integration and bias correction, and evaluating chemical transport models. The dataset is freely available at Zenodo (https://doi.org/10.5281/zenodo.22691855, Xing et al., 2026)."
10.5194/essd-2026-784,True,Earth System Science Data Discussions,该论文与大气环境遥感技术密切相关，因为它涉及使用多种遥感仪器（如多普勒激光雷达、水汽激光雷达和微波辐射计）进行大气垂直探测，并与卫星观测数据进行比较。这些技术广泛应用于空气质量监测、卫星观测和大气成分分析等领域。,"['atmospheric boundary layer', 'Doppler lidar', 'water vapor lidar', 'microwave radiometer', 'satellite sounders']",Ulrich Löhnert;Maike Ahlgrimm;Felix Ament;Jens Bange;Kjell zum Berge;Birger Bohn;Yann Büchau;Leonie Esters;Lars van Gelder;Yohanes R. S. Ginting;Luise Helmstreit;Tobias Marke;Marcus G. Müller;Patrizia Ney;Anika Obermann-Hellhund;Andreas Platis;Bernhard Pospichal;Alexander Pschera;Anja Rapmund;Mirjana Sakradzija;Martin Schön;Jan H. Schween;Maria Toporov;Andreas Wieser,"Vertical profiling of the troposphere: Innovation, optimization and application, Part I (VITAL I)","Accurate weather forecasts require detailed measurements of temperature, humidity and wind. During a two-week campaign in Germany, we tested innovative instruments against established measurement techniques and satellite observations. Most ground-based instruments met international performance requirements and successfully captured daily atmospheric changes. The publicly available dataset supports improved weather forecasting and the development of future weather observation networks. 
 Within VITAL I, a two-week data-set of novel types of Atmospheric Boundary Layer (ABL) profilers, that are being considered for the next-generation German Meteorological Service DWD observational network is made available. The data set is thoroughly tested and evaluated in the context of the WMO Rolling Requirements Review for short-term / high-resolution weather forecasting. VITAL I took place in August 2024 at the Jülich Observatory for Cloud Evolution JOYCE, which is a National Facility of the ACTRIS European Research Infrastructure Consortium. VITAL I is a core activity of the Hans Ertel Centre for Weather Research, a joint research initiative between German atmospheric research institutions and the German Meteorological Service DWD. Vertical profiling data sets of temperature, humidity and wind using multi-copter uncrewed aerial systems and the ground-based remote sensing profilers Doppler lidar, water vapor lidar and microwave radiometer were created and evaluated against radiosondes and data from a 120 m meteorological tower. Comparisons were also carried out against satellite sounders. Most tested ground-based systems are shown to fulfill the WMO RRR breakthrough requirements and are suited for capturing the diurnal cycle of the ABL. VITAL I also encompassed an international summer school that was simultaneously held at JOYCE to educate students from the Bachelor to PhD level in Modern Methods in Atmospheric Profiling. Data measured during VITAL I is available via https://doi.org/10.5281/zenodo.22960530, (Löhnert et al., 2026)."
10.5194/gmd-19-9519-2026,False,Geoscientific Model Development,该研究主要关注颗粒材料的流变学分析，涉及离散粒子模拟和连续介质转换，与大气环境遥感技术（如空气质量监测、卫星观测、大气成分分析、气溶胶反演）没有直接关联。,"['discrete particle simulations', 'continuum fields', 'DEM-CFD']",Claudia Elijas-Parra;Eric C. P. Breard;John P. Morrissey;P. J. Zrelak;Mark Naylor,Pysammos 1.0.0: a discrete-to-continuum transformation Python tool to analyse the rheology of granular materials,"Granular flows are widespread in nature and industry, yet poorly understood. Discrete particle simulations offer detailed insight into their behaviour, but only provide properties of the individual particles, such as velocity and force. To obtain bulk flow quantities relevant to science and engineering, such as pressure or strain rate, we present Pysammos: an open source, user-friendly too to process discrete particle simulation data into continuum fields. 
 Granular flow processes involving different interstitial fluids and coupling regimes are widespread in both natural systems (e.g., landslides, rock avalanches, river sediment transport) and industrial applications (e.g., aggregates in concrete manufacturing, powder technology, animal feed). Despite this, the behaviour of complex granular flows is not fully understood. Modelling of granular media through software packages that couple the Discrete Element Method with Computational Fluid Dynamics (DEM-CFD) enables a comprehensive description of granular small-scale mechanics through simulations of particle-particle and particle-fluid interactions at high temporal and spatial resolution. These approaches are pivotal in the development of constitutive models that represent the bulk rheology of granular media. While DEM-CFD simulations provide particle-scale information (e.g., particle velocities and forces), extracting continuum fields requires a discrete-to-continuum (D2C) transformation that applies a mathematical approach termed coarse-graining. Although some DEM software packages include built-in D2C capabilities, others, such as MFiX-DEM, do not. Consequently, users are often required to develop custom D2C workflows or adapt simulation outputs to the requirements of other D2C tools. Hence, we introduce Pysammos, a Python package that performs discrete-to-continuum transformations and is designed to be user-friendly, open-source, and computationally efficient. Pysammos is able to process polydisperse granular mixtures of any particle shape, while also offering the option to analyse different particle phases separately. It post-processes output files from MFiX-DEM software and produces vtkhdf outputs ready for visualisation in ParaView, as well as a more generic h5 format for further data analysis. Pysammos is able to operate on standard desktop computers as well as on HPC systems. Finally, we showcase a variety of exemplar applications such as sediment erosion, crystals and magma in a conduit, bedload transport and impact cratering."
10.1029/2026GL124831,True,Geophysical Research Letters,该论文研究北极冷空气爆发中的边界层云系，使用卫星云分类和探空数据，涉及大气对流和云模式分析，与大气环境遥感技术（如卫星观测和大气成分分析）密切相关。,"['satellite-based cloud classification', 'dropsonde profiles', 'boundary-layer cloud regimes', 'atmospheric convection']",M. Klingebiel;A. E. Luebke;A. Ehrlich;M. Mech;H. Sundermann;H. Deneke;M. Gryschka;M. D. Shupe;P. Zuidema;M. Wendisch,Observational Validation of Boundary‐Layer Cloud Regimes in Arctic Cold Air Outbreaks,"Arctic cold air outbreaks (CAOs) produce low‐level cloud patterns influencing the surface radiative balance. The stability parameter −H/L ${-}H/L$ (boundary‐layer height over Monin‐Obukhov length) is theorized to distinguish shear‐driven roll convection from buoyancy‐driven cellular convection, but observational evidence remains limited. Using satellite‐based cloud classification and over 400 dropsonde profiles from four aircraft campaigns, we provide the first large‐sample assessment of −H/L ${-}H/L$ and the marine CAO (M) $(M)$‐index as joint discriminators of convection regimes. Cloud street and open cell regimes separate completely along an empirical boundary in the (M $M$, −H/L ${-}H/L$) space. Classical free‐roll convection occurs for −H/L≲15 ${-}H/L\lesssim 15$ and M $M$‐indices of 5–8 K, whereas cloud streets span a much wider range of instability, with 96% occurring at wind speeds above 10 ms−1 $\mathrm{m}\,{\mathrm{s}}^{-1}$. The boundary's increase with M $M$‐index shows organized rolls persist to −H/L∼80 ${-}H/L\sim 80$ under strong thermodynamic forcing, interpreted as forced roll convection potentially triggered by marginal‐ice‐zone surface heterogeneities."
10.1029/2026GL125708,False,Geophysical Research Letters,该论文主要研究如何利用SWOT任务数据调和绝对水面高程与大规模水动力模型之间的差异，通过迭代校正河床地形。虽然SWOT任务本身与大气环境遥感技术有关，但该论文的核心内容集中在水动力学模型的改进和河床地形的数据处理，并未涉及空气质量监测、卫星观测、大气成分分析或气溶胶反演等大气环境遥感技术的具体应用。因此，该论文与大气环境遥感技术相关性不强。,"['SWOT', 'river bathymetry', 'hydrodynamic model']",Augusto Getirana;Elyssa Collins;Sujay Kumar;Yeosang Yoon;Wanshu Nie,SWOT‐Fitted River Bathymetry for Global Hydrodynamic Models,"We present a robust, global method to reconcile absolute water surface elevations (WSE) from the Surface Water and Ocean Topography (SWOT) mission with a large‐scale hydrodynamic model by iteratively correcting river bathymetry. After removing sensor and representativeness bias, we update riverbed elevations under DEM and min‐depth feasibility constraints and interpolate corrections along reaches. Applied worldwide at 0.05° resolution over 2023–2025, the approach reduces the global median absolute WSE bias (3.10 m → 0.18 m), preserving the same global median correlation (0.38). A modest ∼4% increase in the standard deviation ratio (1.07 → 1.11) indicates slight variance inflation. Independent evaluation over 2015–2025 at 16,746 Hydroweb sites and 2123 GRDC gauges, restricted to reaches with updated beds, confirms substantially reduced bias, negligible change in both correlation and variance, and no significant change in global median discharge skill. When combined with models, this bias‐aware bathymetry will enable a refined numerical representation of floods globally."
10.1029/2026GL123482,False,Geophysical Research Letters,该论文研究的是地球磁鞘中的平行电场演化，属于空间物理和等离子体物理的范畴，与大气环境遥感技术（如空气质量监测、卫星观测、大气成分分析、气溶胶反演等）没有直接关系。,"['magnetosheath', 'electric field', 'ion gyro-radius']",Y. Qi;R. E. Ergun;T. Vo;A. Chasapis;S. J. Schwartz;V. Wilder,The Evolution of Parallel Electric Field Across the Earth's Magnetosheath,"In Earth's collisionless magnetosheath, turbulence evolution and energy transformation across the system, especially at kinetic scales, remain poorly quantified without full‐coverage of high‐resolution observations. Using multi‐traversal observations from the 2023 and 2024 Magnetospheric Multiscale (MMS) Unbiased Magnetosheath Campaign, we construct cross‐sheath profiles of the electric fields (E $\boldsymbol{E}$) and find that the parallel electric field (E∥ ${\boldsymbol{E}}_{\mathit{{\Vert} }}$) peaks on the bow‐shock side and decreases rapidly toward the magnetopause. Enhanced E∥ ${\boldsymbol{E}}_{\mathit{{\Vert} }}$ defines an extended “turbulence evolution region” occupying ∼20% of the sheath, corresponding to several tens to order of 100 ion gyro‐radii (ρi ${\rho }_{i}$). This region is significantly larger than the reflected‐ion shock transition region (∼several to order of 10 ρi ${\rho }_{i}$). The E∥ ${\boldsymbol{E}}_{\mathit{{\Vert} }}$ signals are primarily ion‐acoustic‐like wave packets, with occasional double layers and phase‐space holes. These observations suggest a region where enhanced E∥ ${\boldsymbol{E}}_{\mathit{{\Vert} }}$ corresponds to intensified sub‐kinetic activity and the early stage of magnetosheath turbulence evolution."
10.1029/2026GL123931,True,Geophysical Research Letters,该论文研究的是在月球和其他无大气行星上，尘埃在太阳风和紫外线照射下的带电和扬升现象，这与大气环境遥感技术中的尘埃和空气质量监测密切相关。实验中使用电子束模拟太阳风和紫外线的影响，研究尘埃扬升的机制，属于大气环境遥感技术的研究范畴。,"['dust plumes', 'electron beam', 'plasma sheath', 'secondary electron emission', 'atmospheric charging']",A. Cabra;X. Wang;M. Horányi,Dust Plumes Induced by a Time‐Varying Electron Beam,"We present laboratory results to address dust charging and lofting on the Moon and other airless planetary bodies in response to time‐varying solar wind and ultraviolet (UV) exposure. In these experiments, dust is exposed to an electron beam that varies in beam energy between 40 and 260 eV as a function of time. Dust plumes occur during when the beam energy is rising or falling, which causes plasma sheath transitions from a monotonic to non‐monotonic/inverse profile or vice versa. These sheath transitions change the secondary electron emission, intermittently resulting in maximum microcavity charging and, subsequently, the generation of dust plumes. The sheath profile changes are dependent on the surface charging history, showing a hysteresis effect with increasing/decreasing electron beam energy."
10.1029/2026GL122652,False,Geophysical Research Letters,该论文主要关注气候变化下水资源约束问题，涉及水文极端事件和水资源可用性，但并未明确涉及大气环境遥感技术，如空气质量监测、卫星观测或大气成分分析等。,"['hydrological extremes', 'water availability', 'climate change']",Siao Sun;Hui Liu;Mário Franca;Ali Pourzangbar;Qiuhong Tang,Hydrological Extremes Increase Water‐Resource Constraints Under Climate Change,"Hydrological extremes are projected to intensify under climate change, yet their implications for water scarcity remain poorly understood. We use a multi‐model ensemble to assess how changes in hydrological low and high extremes will constrain renewable water for human use across 520 major river basins worldwide. We evaluate trends in two metrics of water availability: (a) annual lowest monthly runoff, and (b) annual accessible runoff, a conceptual indicator defined as total runoff excluding extreme high flows typically released rapidly for flood control. More than 40% of river basins are projected to experience declines in both metrics during 2015–2100. Mediterranean and several scattered basins are identified as hotspots where runoff reductions compound existing water scarcity. Scenario comparison shows that low emission mitigates, though do not fully eliminate, these declines, highlighting hydrological co‐benefits of climate mitigation. The novelty lies in explicitly incorporating hydrological extremes into water availability assessment."
10.1029/2026GL123722,True,Geophysical Research Letters,该论文研究了SWOT卫星观测数据在河流分叉处的表现，涉及河流流量监测和卫星遥感技术，与大气环境遥感技术中的空气质量和大气成分分析密切相关。,"['SWOT', 'river discharge', 'bifurcations', 'satellite observations', 'atmospheric remote sensing']",Bo Wang;Laurence C. Smith,Global Assessment of SWOT River Discharge Representation at Channel Bifurcations,"SWOT river discharge products rely on the SWOT River Database (SWORD), designed mainly for single‐thread channels. We assess how well SWORD represents ∼65,000 river bifurcations from the Global River Topology (GRIT) network. SWORD geographically intersects both downstream branches at 88.2% of bifurcations, but only 2.0% of these have distinct reach IDs per branch. At structurally usable bifurcations, summed branch discharge exceeds the upstream value by a median factor of 2.1 in every algorithm tested, and the closure error is independent of branch width asymmetry. A width‐based redistribution (Q ∝ W1.52) enforces closure by construction; at the Athabasca–Embarras bifurcation, when anchored to the upstream gauge discharge and using Landsat‐derived branch widths, the redistribution matches the gauged Embarras flow fraction (QEM/Qupstream) within 0.004 whereas SoS V3 underestimates it by 0.089. Improved multi‐channel topology in SWORD‐like frameworks remains the longer‐term path to branch‐resolved discharge."
10.1029/2026JD047206,True,Journal of Geophysical Research: Atmospheres,该论文研究浅层亚热带海洋云的降雨率与海洋大气边界层环流的关系，使用了合成孔径雷达（SAR）、高级微波扫描辐射仪（AMSR/2）和中分辨率成像光谱仪（MODIS）等遥感技术，涉及大气成分分析和卫星观测，因此与大气环境遥感技术密切相关。,"['Sentinel-1', 'AMSR/2', 'MODIS', 'SAR', 'Marine Atmospheric Boundary Layer']",Ryan Eastman;Justin E. Stopa;Ralph Foster;Doug Vandemark;Hauke Schulz,The Association Between Rain Rates in Shallow Subtropical Marine Clouds and Marine Atmospheric Boundary Layer Circulations Observed by Synthetic Aperture Radar,"Extensive, coherent circulations in the marine atmospheric boundary layer (MABL) are detected and classified using an automated image processing routine applied to synthetic aperture radar (SAR) images from Sentinel‐1 over subtropical oceans at sunrise and sunset. Circulations are inferred from patterns of capillary waves detected by the SAR. Classifications include wind streaks (WS, the surface imprint of roll structures), microscale convective patches (MC), combined WS/MC, cold pools, and rain columns. Using 12‐hr Lagrangian trajectories, classified MABL states are linked to warm rain rates estimated from the Advanced Microwave Scanning Radiometer (AMSR/2) sensor and to cloud variables observed by the Moderate Resolution Imaging Spectroradiometer (MODIS) in NASA's A‐Train, to assess whether MABL states correspond to variations in rain rates, and other cloud variables, including cloud drop concentration, water content, and cloud top height. Results indicate that rain rates and cloud water path observed along trajectories that contain cold pools and rain columns, as seen by SAR, are greater than in other states. Wind streaks are associated with higher rain rates than MC and WS/MC, even after controlling for a selection of confounding variables, while cloud top heights are higher in MC environments. A sensitivity test shows that rain rates are significantly more sensitive to a selection of predictors when WS are present compared to MC."
10.1029/2026JD048118,True,Journal of Geophysical Research: Atmospheres,该论文研究了厄尔尼诺-南方涛动（ENSO）对北大西洋热带海表温度（SST）的影响，并探讨了热带太平洋降水对这种影响的年代际调制机制。虽然论文主要关注气候模式和大气环流，但其涉及大气遥相关、风-蒸发-海表温度（WES）反馈等与大气环境遥感技术（如大气成分分析、海表温度监测）密切相关的概念，因此与该领域有较强关联。,"['ENSO', 'SST', 'tropical Pacific precipitation', 'atmospheric teleconnection', 'wind-evaporation-SST feedback']",Yixin Wang;Ping Huang,Decadal Modulation of ENSO's Impact on North Tropical Atlantic SSTs by Tropical Pacific Precipitation,"El Niño–Southern Oscillation (ENSO) often induces sea surface temperature (SST) anomalies in the North Tropical Atlantic (NTA) during the following spring. However, the decadal stability of ENSO's impact and its underlying modulation mechanisms remain unclear. Based on the piControl runs from 40 Coupled Model Intercomparison Project Phase 6 climate models, this study reveals that ENSO's impact on NTA SSTs exhibits significant decadal variability. We find that this variability is modulated by the background intensity of wintertime precipitation over the central‐eastern tropical Pacific. When the precipitation background state strengthens, the atmospheric Pacific–North American Teleconnection wave train responses to ENSO become more pronounced. These enhanced responses intensify westerly wind anomalies over the NTA, which in turn promotes local warming via the wind–evaporation–SST (WES) feedback. Additionally, increased precipitation in key regions enhances tropospheric heating, increasing atmospheric stability over the tropical Atlantic and further amplifying the NTA warming response. This study identifies tropical Pacific precipitation as a contributing mechanism behind the decadal variability of ENSO's impact on NTA SSTs, offering a new perspective on the factors that modulate ENSO's remote climate impacts."
10.1029/2026JD046937,True,Journal of Geophysical Research: Atmospheres,该论文研究了OCO-2卫星观测到的冰岛火山喷发事件，分析了火山喷发产生的CO2排放特征，这与大气环境遥感技术中的卫星观测和大气成分分析密切相关。,"['OCO-2', 'CO2', 'volcanic eruptions', 'satellite observations', 'atmospheric composition']",C. Delbet;P. Ringrose;J. Eidsvik;M. Calovi,Expanding OCO‐2's Volcanic Observation Record to the Low‐Intensity 2021 Fagradalsfjall and the Ninth Sundhnúkur Crater Row Eruptions,"Since 2021, Iceland experienced 12 volcanic eruptions, all located on the Reykjanes peninsula. From these events, the 2021 Fagradalsfjall and the ninth Sundhnúkur crater row (16 July–5 August 2025) eruptions were detected by the Orbiting Carbon Observatory‐2 (OCO‐2). This study uses the OCO‐2 column‐averaged dry‐air mole fractions of CO2 ${\text{CO}}_{2}$ (XCO2 ${\text{XCO}}_{2}$) to compare the CO2 ${\text{CO}}_{2}$ plume characteristics of both events. The Fagradalsfjall eruption produced a remarkably small XCO2 ${\text{XCO}}_{2}$ enhancement of ∼ 0.5 ppm, demonstrating that sub‐ppm volcanic CO2 ${\text{CO}}_{2}$ signals can be observed with OCO‐2. Thereafter, the estimated CO2 ${\text{CO}}_{2}$ flux from Fagradalsfjall was 53.4 ±36.6 $\pm \,36.6$ kt.d−1 $\mathrm{k}\mathrm{t}\,.{\mathrm{d}}^{-1}$ which is larger than ground‐based estimates (5–20 kt.d−1 $\mathrm{k}\mathrm{t}\,.{\mathrm{d}}^{-1}$), due to parameter uncertainties, unaccounted additional sources, and observational constraints. In contrast, due to cloud cover, the flux from Sundhnúkur could not be reliably quantified. However, this second case is informative regarding the limits of OCO‐2 for localized point sources in the high north. These events represent the third and fourth analyses of volcanic XCO2 ${\text{XCO}}_{2}$ emissions observed by OCO‐2 since its launch in 2014, and add important insights for quantification of such natural sources."
10.1029/2026JD046609,True,Journal of Geophysical Research: Atmospheres,该论文研究了北半球夏季气旋活动趋势及其与降水和温度趋势的关系，涉及大气环流和气候模式，与大气环境遥感技术中的空气质量监测、卫星观测和大气成分分析有直接关联。,"['extratropical cyclone', 'surface temperature', 'precipitation', 'reanalysis data', 'climate modeling']",Ian Baxter;Tiffany Shaw;Isla R. Simpson;Pu Lin;Zhihong Tan,Regional Trends in Northern Hemisphere Summer Extratropical Cyclone Activity and Their Link to Precipitation and Temperature Trends,"In recent years a robust weakening of the storm tracks has been identified in reanalysis data. This trend has been linked to coinciding changes in surface temperature extremes and precipitation over land. Here we use a surface‐based metric to quantify regional trends in the boreal summertime low‐level extratropical cyclone activity (ECA) and link this to surface impacts. We compare trends over the satellite‐era across a single model large ensemble (SPEAR‐MED Large Ensemble) and the Coupled Model Intercomparison Project Phase 6 (CMIP6) simulations, including full and single forcing simulations and prescribed sea‐surface temperature simulations. The models successfully capture the hemispheric‐wide ECA decrease and regional trends over the Pacific, North America, and Europe seen in reanalysis. However, this masks a model‐observation discrepancy over the North Atlantic, which is anti‐correlated with mean circulation trends. We then re‐examine previous links between extratropical cyclones and increasing daily maximum surface temperatures and shifts in precipitation in historical trends. ECA trends cannot account for the magnitudes of daily maximum surface temperature trends over North America or Europe but can explain a large fraction of land precipitation trends over the North Atlantic. This suggests other drivers, such as greenhouse gas radiative forcing, are more important in strengthening daily maximum surface temperature trends. In contrast, models struggle to capture the North Atlantic ECA‐related trends, primarily because they underestimate ECA trends. This can explain model‐observation discrepancies in total precipitation change over land in the West Atlantic, but not the East Atlantic."
10.1029/2026EF008071,True,Earth's Future,该论文与大气环境遥感技术密切相关，因为它使用卫星气候产品和地球系统模型来评估气候异常，并研究热带森林的气候变化。,"['satellite climate products', 'Earth System Models', 'reanalyses']",Johanna Van Passel;Steven J. De Hertog;Hans Verbeeck;Philippe Ciais;Peter Groenendijk;Andrés Martínez de Velasco;Peter van der Sleen;Pieter A. Zuidema;Félicien Meunier,The 2023–2024 El Niño as a Preview of Future Tropical Forest Climate,"Tropical forests are an important component of the global carbon cycle. Increasingly frequent droughts and heatwaves are undermining their resilience, with far‐reaching impacts on local livelihoods and on regional and global hydrological cycles. El Niño events, recurring climate patterns that lead to dry and hot conditions across multiple tropical regions, have always influenced these dynamics, but the 2023–2024 El Niño produced extreme droughts and heatwaves that exceeded the typical El Niño footprint. Here, we place the 2023–2024 El Niño in both past (2000–2024) and future (2025–2100) climatic contexts across pantropical forests. We assess its climatic magnitude using ensembles of reanalyses, satellite climate products, and Earth System Models. Climate anomalies over 2000–2024 show that three quarters of pantropical forests experienced, on average, 6 months of compound droughts and heatwaves during 2023–2024. Based on future climate projections, most tropical forest regions will reach high probabilities of experiencing 2023–2024‐like temperatures on an annual basis, while the probability of similar droughts is expected to increase mostly in Amazonian forests. These results indicate that the 2023–2024 El Niño may have presented a preview of future tropical forest conditions, which can only be prevented by rapid and drastic reductions in global greenhouse gas emissions."
10.1038/s41586-026-11266-0,False,Nature,该论文的标题和摘要内容涉及的是生物化学领域，具体是关于组蛋白读取器MLLT1和MLLT3如何集中AID（激活诱导的脱氧核糖核苷酸转移酶）以赋予位点特异性。这与大气环境遥感技术（如空气质量监测、卫星观测、大气成分分析、气溶胶反演等）无关。,[],Noé Seija;Sophia Gannon;Kíra A. Häfner;Tim M. Gemeinhardt;Jana Ridani;Diego Alvarez;Mélanie Provencher;Poorani Ganesh Subramani;Christian Poitras;Eva-Maria Piskor;Tarik Möröy;Nicholas Vonniessen;Bruce Mazer;Marcelo A. Navarrete;Nicole J. Francis;François Robert;Javier M. Di Noia,Author Correction: Histone readers MLLT1 and MLLT3 concentrate AID to confer locus specificity,"Author Correction: Histone readers MLLT1 and MLLT3 concentrate AID to confer locus specificity 
 "
10.1038/s41586-026-11070-w,False,Nature,该论文的标题和摘要主要关注母体肠道细菌对小鼠后代神经发育异常的影响，与大气环境遥感技术（如空气质量监测、卫星观测、大气成分分析、气溶胶反演）无关。,[],Sangdoo Kim;Hyunju Kim;Yeong Shin Yim;Soyoung Ha;Koji Atarashi;Tze Guan Tan;Randy S. Longman;Kenya Honda;Dan R. Littman;Gloria B. Choi;Jun R. Huh,Editorial Expression of Concern: Maternal gut bacteria promote neurodevelopmental abnormalities in mouse offspring,"Editorial Expression of Concern: Maternal gut bacteria promote neurodevelopmental abnormalities in mouse offspring 
 "
10.1038/d41586-026-03218-5,False,Nature,该论文与大气环境遥感技术无关，主要讨论的是阿拉伯世界关于更年期的医疗保健问题，缺乏与空气质量监测、卫星观测、大气成分分析或气溶胶反演等相关的关键词。,[],Hala Zahreddine Fahs,Women are talking about menopause — health systems must listen,"In the Arab world, lack of training, research and discussion about menopause is hampering care. Three changes can help. 
 In the Arab world, lack of training, research and discussion about menopause is hampering care. Three changes can help."
10.1038/d41586-026-02921-7,False,Nature,该论文主题与大气环境遥感技术无关，而是关于美国对国际研究生收取高额费用的政策问题。,[],Dan Garisto,"US proposes $100,000 charge for international students to do post-graduate work","Proposed rule would choke off a crucial STEM talent pipeline, policy specialists say 
 Proposed rule would choke off a crucial STEM talent pipeline, policy specialists say"
10.1038/d41586-026-03193-x,False,Nature,该论文与大气环境遥感技术无关，主要研究小鼠胚胎的细胞发育过程，涉及基因编辑技术和生物学领域，不涉及空气质量监测、卫星观测、大气成分分析或气溶胶反演等主题。,[],Ewen Callaway,How to build a mouse: embryo development captured in stunning detail,"Gene-editing technologies enabled researchers to trace the cell-by-cell development of a single fertilised mouse egg to a late-stage embryo. 
 Gene-editing technologies enabled researchers to trace the cell-by-cell development of a single fertilised mouse egg to a late-stage embryo."
10.1038/d41586-026-03045-8,True,Nature,该论文与大气环境遥感技术密切相关，因为它涉及了北极永久冻土的温室气体排放问题，这可以通过卫星观测和大气成分分析等技术进行监测和研究。,"['permafrost', 'greenhouse-gas emissions', 'Arctic']",James Dinneen,Woody ‘blankets’ are being deployed on Arctic permafrost to reduce carbon emissions,"A start-up company is testing whether stabilizing areas of rapidly eroding permafrost can prevent greenhouse-gas emissions. 
 A start-up company is testing whether stabilizing areas of rapidly eroding permafrost can prevent greenhouse-gas emissions."
10.1038/d41586-026-03128-6,False,Nature,该论文的标题和摘要主要讨论了人工智能对科学研究的影响，特别是大型语言模型可能超越科学家进行发现。这与大气环境遥感技术（如空气质量监测、卫星观测、大气成分分析、气溶胶反演）没有直接关系。,[],Kaia Glickman,Will AI scoop your science? Some researchers see a gloomy future,"Scientists worry that increasingly capable large language models will beat them to discoveries. 
 Scientists worry that increasingly capable large language models will beat them to discoveries."
10.1038/d41586-026-03215-8,False,Nature,该论文标题和摘要内容主要涉及生物安全、实验室事故和谣言传播，与大气环境遥感技术（如空气质量监测、卫星观测、大气成分分析、气溶胶反演）无关。,[],Max Kozlov,Plague scare: what scientists know — and what Russia won’t say,"Unverified rumours swirl around the death of a Siberian laboratory technician. Nature talks to a biosecurity specialist to unpack the fallout 
 Unverified rumours swirl around the death of a Siberian laboratory technician. Nature talks to a biosecurity specialist to unpack the fallout"
10.1038/d41586-026-03199-5,False,Nature,该论文研究的是狗的衰老速度与基因的关系，与大气环境遥感技术无关。,[],Heidi Ledford,Big dogs age faster than little ones — rogue ‘jumping genes’ might be to blame,"Study of almost 900 dogs from roughly 120 breeds finds that rapid ageing of large canines is linked to changes in the epigenome. 
 Study of almost 900 dogs from roughly 120 breeds finds that rapid ageing of large canines is linked to changes in the epigenome."
10.1038/d41586-026-03154-4,False,Nature,该论文主要讨论的是阿联酋完成的首次单独太空探测器发射任务，以及其目标轨道小行星，与大气环境遥感技术（如空气质量监测、卫星观测、大气成分分析、气溶胶反演）无关。,[],Elizabeth Gibney,UAE completes Arab world's first solo space probe <b>– </b>and sets course for an asteroid,"The device will be launched on a joint UAE-US-built craft. Some researchers say it could be the last mission constructed with outside help. 
 The device will be launched on a joint UAE-US-built craft. Some researchers say it could be the last mission constructed with outside help."
10.1038/d41586-026-02999-z,False,Nature,该论文标题和摘要均未提及与大气环境遥感技术相关的关键词，如空气质量监测、卫星观测、大气成分分析或气溶胶反演等。,[],,A guide to Nature Index tables,"Information on the methodology used in the ranking for the 2026 Nature Spotlight: Infectious diseases. 
 Information on the methodology used in the ranking for the 2026 Nature Spotlight: Infectious diseases."
10.1038/d41586-026-03208-7,False,Nature,该论文标题和摘要与大气环境遥感技术无关，主要涉及诺贝尔奖和科学新闻，包括脑光开关、幽灵粒子、镜像分子和人类肠道微生物群等，没有提及空气质量监测、卫星观测、大气成分分析或气溶胶反演等关键词。,[],Benjamin Thompson;Nick Petrić Howe,"Nobel prizes 2026: ‘ghost’ particles, mirror molecules and light switches in the brain","Nature rounds up the Nobel prizes for science — plus, hints of the ancestral human gut microbiome. 
 Nature rounds up the Nobel prizes for science — plus, hints of the ancestral human gut microbiome. Hear the biggest stories from the world of science | 07 October 2026"
10.1038/d41586-026-03197-7,False,Nature,该论文与大气环境遥感技术无关，主要涉及的是从阿耳忒弥斯二号任务中收集的月球数据，包括图片注释等，这些数据用于指导未来的月球表面任务。,"['Moon', 'Artemis II', 'lunar surface']",Alexandra Witze,NASA releases trove of Moon data from historic Artemis II flight,"Annotated images and more collected by the four astronauts could inform missions to the lunar surface. 
 Annotated images and more collected by the four astronauts could inform missions to the lunar surface."
10.1038/d41586-026-02836-3,False,Nature,该论文主题是关于实验室会议的文化变革，与大气环境遥感技术无关，因此不相关。,[],Manuel Spitschan,How we ditched presentations and embraced silence in our lab meetings,"Swapping to a system in which lab members read memos quietly before team discussions helped to create an open culture. 
 Swapping to a system in which lab members read memos quietly before team discussions helped to create an open culture."
10.1038/d41586-026-02864-z,False,Nature,标题和摘要中没有提及与大气环境遥感技术相关的关键词，如空气质量监测、卫星观测、大气成分分析或气溶胶反演等。,[],E. J. Kavounas,Blend,"Identity crisis. 
 Identity crisis."
10.1038/d41586-026-02968-6,False,Nature,该论文主要讨论的是一种材料的半导体特性及其在电子和光学领域的潜在应用，与大气环境遥感技术（如空气质量监测、卫星观测、大气成分分析、气溶胶反演）没有直接关联。,[],Hironori Okumura,Semiconductors pushed into insulator territory,"A material that was previously assumed to be an electrical insulator has been shown to be a semiconductor, with potential uses in electronics and optics. 
 A material that was previously assumed to be an electrical insulator has been shown to be a semiconductor, with potential uses in electronics and optics."
10.1038/d41586-026-03072-5,False,Nature,该论文主要关注基因组可及性与疾病风险的关系，涉及基因表达和基因组可及性分析，但与大气环境遥感技术（如空气质量监测、卫星观测、大气成分分析、气溶胶反演）无关。,[],,Genome accessibility reveals disease risk that gene expression misses,"Most disease-associated genetic alterations do not affect the genes themselves, but instead change how strongly they are expressed, often by modifying genome accessibility. Gene expression and accessibility have now been analysed simultaneously in 10 million immune cells from 1,108 people, linking disease-associated changes in accessibility to gene expression. 
 Most disease-associated genetic alterations do not affect the genes themselves, but instead change how strongly they are expressed, often by modifying genome accessibility. Gene expression and accessibility have now been analysed simultaneously in 10 million immune cells from 1,108 people, linking disease-associated changes in accessibility to gene expression. The effects of disease-associated genetic variants on gene expression and genome accessibility have been analysed together."
10.1038/d41586-026-03060-9,False,Nature,该论文标题和摘要主要讨论的是使用原子核跃迁的超精确时钟技术，这属于基础物理学和精密测时的范畴，与大气环境遥感技术（如空气质量监测、卫星观测、大气成分分析、气溶胶反演等）没有直接关联。,[],Akio Kawasaki,Nuclear clocks tick for the first time,"Ultraprecise clocks that use transitions in atomic nuclei to keep time show promise as a next-generation time standard and for probing fundamental physics. 
 Ultraprecise clocks that use transitions in atomic nuclei to keep time show promise as a next-generation time standard and for probing fundamental physics."
10.1038/d41586-026-03059-2,False,Nature,该论文的主题是关于大型语言模型（LLM）的文本处理技术，与大气环境遥感技术（如空气质量监测、卫星观测、大气成分分析、气溶胶检索）无关。,[],Zhao Zhang;Yingfei Xiong,Retrofitted LLM can count the letter ‘i’s in ‘artificial intelligence’,"Most LLMs cannot reliably evaluate text on the level of individual letters. A technique called byteification retrofits existing models to enable it. 
 Most LLMs cannot reliably evaluate text on the level of individual letters. A technique called byteification retrofits existing models to enable it."
10.1038/d41586-026-02985-5,False,Nature,该论文的标题和摘要主要关注公共卫生和流行病预防，涉及生物工程和数据分析，与大气环境遥感技术（如空气质量监测、卫星观测、大气成分分析、气溶胶反演等）无关。,[],Melissa Hobson,"Why sound, strong science alone isn’t enough in pandemic preparedness","Comparable data are key to protecting the world from the next epidemic, says bioengineer Polina Brangel. 
 Comparable data are key to protecting the world from the next epidemic, says bioengineer Polina Brangel."
10.1038/d41586-026-03127-7,False,Nature,该论文与大气环境遥感技术无关，主题是关于HIV/AIDS的预防和治疗，与空气质量监测、卫星观测、大气成分分析或气溶胶检索等技术无直接关联。,[],Bianca Nogrady,"‘When prevention disappears, infections rise’: can the world still end AIDS?","The United Nations’ deadline for eliminating HIV/AIDS as a public-health threat is unlikely to be met. But medical, political and social advances have raised hopes that longer-term success is still possible. 
 The United Nations’ deadline for eliminating HIV/AIDS as a public-health threat is unlikely to be met. But medical, political and social advances have raised hopes that longer-term success is still possible."
10.1038/d41586-026-03198-6,False,Nature,该论文的标题和摘要讨论的是人工智能（AI）和超级智能（Super Intelligence），与大气环境遥感技术（如空气质量监测、卫星观测、大气成分分析、气溶胶反演）无关。,[],Jenna Ahart,The science of superintelligence and why AI is still a useful word,"President Donald Trump wants to replace ‘artificial intelligence’ with ‘Super Intelligence’ — but there are questions about whether we’re there yet. 
 President Donald Trump wants to replace ‘artificial intelligence’ with ‘Super Intelligence’ — but there are questions about whether we’re there yet."
10.1038/d41586-026-02969-5,False,Nature,该论文研究的是古人类迁徙和肠道微生物的关系，与大气环境遥感技术无关。,[],Carina M. Schlebusch;Maja Vukovikj,Gut microbes that trace ancient human journeys,"The Indigenous African Hadza and South American Tsimane share gut microorganisms that shed light on human dispersals and microbial losses in industrialized societies. 
 The Indigenous African Hadza and South American Tsimane share gut microorganisms that shed light on human dispersals and microbial losses in industrialized societies."
10.1038/d41586-026-03069-0,False,Nature,该论文与大气环境遥感技术无关。它主要关注的是古生物学和早期哺乳动物的进化特征，特别是喉部结构。文章讨论的是化石发现和生物进化，没有涉及空气质量监测、卫星观测、大气成分分析或气溶胶反演等相关技术或概念。,[],,"An early predecessor to mammals could swim, suckle and swallow","A fossil of an early ancestor of mammals from the Jurassic period reveals a mammal-like throat passage (pharynx) and throat bones (hyoids). It fills a gap in our knowledge about throat features in the animals from which modern mammals evolved their ability to swallow as adults and suckle milk as babies. 
 A fossil of an early ancestor of mammals from the Jurassic period reveals a mammal-like throat passage (pharynx) and throat bones (hyoids). It fills a gap in our knowledge about throat features in the animals from which modern mammals evolved their ability to swallow as adults and suckle milk as babies. A fossil discovery suggests that suckling emerged in a common ancestor of modern mammals that lived in the Jurassic period."
10.1038/d41586-026-03212-x,False,Nature,该论文标题和摘要与大气环境遥感技术（如空气质量监测、卫星观测、大气成分分析、气溶胶反演）无关。摘要内容主要涉及化学诺贝尔奖的获奖者以及癌症生存和神经科学的讨论，没有提及任何与大气环境遥感技术相关的关键词。,[],Flora Graham,Daily briefing: Chemistry Nobel goes to mirror-molecule researchers,"Henri Kagan and Kenso Soai have won the Nobel Prize in Chemistry. Plus, the biggest success stories in cancer survival and one of the biggest debates in neuroscience. 
 Henri Kagan and Kenso Soai have won the Nobel Prize in Chemistry. Plus, the biggest success stories in cancer survival and one of the biggest debates in neuroscience."
10.1038/d41586-026-03132-w,False,Nature,该论文与大气环境遥感技术无关，主要讨论的是人类大脑是否能生长新神经元的问题，属于神经科学领域。,[],Mariana Lenharo,Can your brain grow new neurons? How researchers are solving a century-old puzzle,"Scientists have debated for decades whether the human brain sprouts new neurons throughout life. What would it mean if it could — and how much evidence is enough? 
 Scientists have debated for decades whether the human brain sprouts new neurons throughout life. What would it mean if it could — and how much evidence is enough?"
10.1038/d41586-026-03184-y,True,Nature,该论文与大气环境遥感技术有相关性，因为它讨论了澳大利亚的森林火灾问题，这与空气质量和大气成分分析有关。虽然论文主要关注的是人类活动（殖民化）对森林火灾的影响，但森林火灾是大气环境研究中的一个重要因素，涉及火灾产生的烟雾、气体和颗粒物等，这些都可以通过遥感技术进行监测和分析。,"['Indigenous burning', 'flammable forests', 'Bush fires', 'Australia', 'colonization']",James Dinneen,Australia’s bush fires got worse after British colonization — this is why,"The suppression of Indigenous burning practices probably spurred the growth of flammable forests. 
 The suppression of Indigenous burning practices probably spurred the growth of flammable forests."
10.1038/d41586-026-02983-7,False,Nature,该论文标题和摘要主要关于埃博拉疫情的应对措施，与大气环境遥感技术（如空气质量监测、卫星观测、大气成分分析、气溶胶反演）无关。,[],Melissa Hobson,Why we must advocate for proper care on the frontlines of the Ebola outbreak,"As the Bundibugyo virus public-health crisis continues to evolve, physician Richard Kojan is finding ways to care for people with the infection and helping relatives to visit loved ones safely. 
 As the Bundibugyo virus public-health crisis continues to evolve, physician Richard Kojan is finding ways to care for people with the infection and helping relatives to visit loved ones safely."
10.1038/d41586-026-03189-7,False,Nature,该论文标题和摘要主要讨论肠道微生物与心脏病的关系，与大气环境遥感技术（如空气质量监测、卫星观测、大气成分分析、气溶胶反演）无关。,[],Max Kozlov,Revealed: how this common gut microbe protects against heart disease,"Intestinal bacterium secretes a molecule that reduces cholesterol production, according to a mouse study. 
 Intestinal bacterium secretes a molecule that reduces cholesterol production, according to a mouse study."
10.1038/d41586-026-03196-8,False,Nature,该论文与大气环境遥感技术无关，而是关于OpenAI发布数学预印本引发的争议，内容涉及数学模型和数学家们的反应，没有提及空气质量监测、卫星观测、大气成分分析或气溶胶反演等关键词。,[],Davide Castelvecchi,OpenAI posts 700 maths preprints online: mathematicians are up in arms,"The firm used unreleased models to tackle hundreds of high-profile problems. 
 The firm used unreleased models to tackle hundreds of high-profile problems."
10.1038/d41586-026-02934-2,False,Nature,该论文主要研究半导体晶体的生长控制技术，虽然涉及半导体材料，但与大气环境遥感技术（如空气质量监测、卫星观测、大气成分分析、气溶胶反演等）没有直接关联。,"['semiconductor crystals', 'etching flux', 'nuclei', 'spatially programmable growth']",,How to control where semiconductor crystals start growing,"Semiconductor crystals grow from tiny nuclei, but the position of these nuclei is difficult to control precisely and can affect the crystal’s properties. An approach using ‘etching flux’ has now been developed that constrains the position at which a nucleus forms, enabling spatially programmable growth of large single crystals of semiconducting material. 
 Semiconductor crystals grow from tiny nuclei, but the position of these nuclei is difficult to control precisely and can affect the crystal’s properties. An approach using ‘etching flux’ has now been developed that constrains the position at which a nucleus forms, enabling spatially programmable growth of large single crystals of semiconducting material. Single crystals of a semiconductor can be formed in a spatially programmable way."
10.1038/d41586-026-03093-0,False,Nature,该论文与大气环境遥感技术无关，主要研究的是化学领域中的手性有机分子问题，涉及的是生命科学中的基本化学原理，而非大气监测或遥感技术。,[],Elizabeth Gibney;Miryam Naddaf;Anne Pichon;Davide Castelvecchi;Ewen Callaway,Chemistry Nobel awarded for solving mystery of how ‘handed’ organic molecules can emerge,"Prize goes to two chemists who probed why life favours one mirror-image molecule over another. 
 Prize goes to two chemists who probed why life favours one mirror-image molecule over another."
10.1038/s41586-026-11105-2,False,Nature,该论文研究的是超重元素 seaborgium 的化学性质，特别是其与羰基配合物 Sg(CO)6 的键能和相对论效应。这与大气环境遥感技术（如空气质量监测、卫星观测、大气成分分析、气溶胶反演等）没有直接关系，因此不相关。,"['superheavy element', 'relativistic bond weakening', 'hexacarbonyl complex']",Alexander Yakushev;Jadambaa Khuyagbaatar;Christoph E. Düllmann;Valeria Pershina;Matthias Schädel;Jochen Ballof;Pavel Bartl;Michael Block;Raul-Andrei Cantemir;Dominik Dietzel;Francesca Giacoppo;Katharina Hermainski;Rolf-Dietmar Herzberg;Jan John;Jörg Krier;Nikolaus Kurz;Sven Löchner;Moumita Maiti;Pavol Mošať;Sebastian Raeder;Tetsuya K. Sato;Brigitta Schausten;Juha Uusitalo;Peter Wieczorek,Observation of relativistic bond weakening in seaborgium hexacarbonyl,"Gas chromatography analysis of compounds formed by the superheavy element seaborgium shows that the hexacarbonyl complex Sg(CO)6 exhibits lower first bond dissociation energy than the lighter chemical homologue W(CO)6, owing to relativistic bond weakening effects. 
 The seventh row of the periodic table of the elements has been completed with the discovery of the five heaviest elements from flerovium (Fl, Z = 114) through oganesson (Og, Z = 118)1. Chemical properties of the superheavy elements (SHE, Z ≥ 104) are unique owing to the strong influence of relativistic effects on their valence electron shells2. The stability of the metal–ligand bonding in carbonyl complexes is a property that is predicted to be affected by such effects3,4. Here we present an experimental gas chromatography study on the stability of the Sg(CO)6 complex. The measured formation yields of Sg(CO)6 and W(CO)6 enabled determining the first bond dissociation energy (FBDE) of Sg(CO)6, which is 4(2) kJ mol−1 lower than that of W(CO)6 and corresponds to a value of 188(9) kJ mol−1. Thus, the trend of increasing FBDE values of hexacarbonyls within group 6 of the periodic table is reversed from W to Sg. Our result agrees with state-of-the-art theoretical calculations, which predict a decrease in the FBDE from W(CO)6 to Sg(CO)6 owing to the relativistic destabilization of the 6d atomic orbitals (AOs) in Sg (ref. 4). Also, the adsorption enthalpy value of Sg(CO)6 on gold of 
                $${45}_{-6}^{+4}\,{\rm{kJ}}\,{{\rm{mol}}}^{-1}$$
                
               is reported. Gas chromatography analysis of compounds formed by the superheavy element seaborgium shows that the hexacarbonyl complex Sg(CO)6 exhibits lower first bond dissociation energy than the lighter chemical homologue W(CO)6, owing to relativistic bond weakening effects."
10.1038/s41586-026-11140-z,False,Nature,该论文研究的是RNA的催化机制及其与Mg2+离子的动态相互作用，与大气环境遥感技术（如空气质量监测、卫星观测、大气成分分析、气溶胶反演等）没有直接关联。论文的核心内容是生物化学领域的RNA结构和功能研究，而非环境科学或遥感技术。,"['RNA', 'Mg2+', 'tertiary interaction', 'RNA structure', 'catalysis']",Maximilia F. S. Degenhardt;Hermann F. Degenhardt;Bapurao A. Bhoge;Yun-Tzai Lee;Ping Yu;Jinwei Zhang;Justin C. Deme;Jason R. Stagno;Yun-Xing Wang,RNA catalysis emerges from dynamic structural ensembles,"RNase P RNA forms shifting active and inactive conformers whose catalytic activity depends on Mg2+-driven tertiary-interaction dynamics, which are modulated by binding of accessory proteins. 
 The dynamic interplay between RNA structure and its associated Mg2+ ions is central to RNA function yet remains poorly understood at a near-atomic level1–4. Here, using a heterogeneity-focused protocol for cryo-electron microscopy data analysis of conformationally flexible RNA particles, we determined the structures of RNase P RNA ensembles composed of 76 coexisting active and inactive conformers that differ in a transient tertiary interaction that is critical for activity. The binding of the accessory protein does not change the local structure but induces thermodynamic allostery that enhances catalysis by altering the dynamics of the tertiary interaction. Four distinct classes of Mg2+ ions have critical roles in the structure, dynamics and catalysis of the conformational ensembles. Together, these findings establish a new paradigm in which catalysis is regulated through multimodal communications coupled with the dynamics of RNA–Mg2+ conformational ensembles, rather than a single static catalytic structure in a single action mode. RNase P RNA forms shifting active and inactive conformers whose catalytic activity depends on Mg2+-driven tertiary-interaction dynamics, which are modulated by binding of accessory proteins."
10.1038/s41586-026-11084-4,False,Nature,该论文研究的是一种基于核物理的光学钟，涉及核时钟技术和吸收光谱学，与大气环境遥感技术（如空气质量监测、卫星观测、大气成分分析、气溶胶 Retrieval）没有直接关系。,"['nuclear clock', 'absorption spectroscopy', 'thorium-229']",L. Toscani De Col;T. Riebner;I. Morawetz;F. Schneider;N. Sempelmann;J. Schlachet-Lépinay;F. Schaden;M. Bartokos;G. A. Kazakov;K. Beeks;B. Gerstenecker;M. Pimon;S. Lahs;A. Hellerschmied;T. Lercher;H. Denker;J. Premper;A. Niessner;M. Matus;M. Čížek;O. Číp;V. Lal;G. Zitzer;V. Petrov;J. Tiedau;M. V. Okhapkin;E. Peik;T. Schumm,A thorium-229 optical nuclear clock with feedback loop,"A thorium-229 nuclear clock is realized by stabilizing a continuous-wave laser to the 148-nm nuclear excitation with a rapid feedback loop based on absorption spectroscopy. 
 The laser-accessible nuclear transition in the thorium-229 isotope has been identified as a candidate for realizing an optical nuclear clock1 that might outperform current optical clocks based on electron-shell transitions in atoms or ions2. It is expected to be more robust against external perturbations3,4 and to provide enhanced sensitivity in clock-based tests of the fundamental principles of physics5,6. Here we realize a thorium-229 nuclear clock by stabilizing a continuous-wave laser to the 148-nm nuclear transition with rapid feedback based on absorption spectroscopy7. The thorium-229 nuclei are embedded in a millimetre-sized, room-temperature calcium fluoride crystal. A subharmonic of the 148-nm radiation is continuously compared with a Yb+ single-ion clock. The nuclear clock shows a shot-noise-limited fractional frequency instability of 
              $$3\times 1{0}^{-12}/\sqrt{\tau /{\rm{s}}}$$
              
             where τ is the averaging time, approaching 10−15 instabilities over 1 day of operation. Improvements to the instability by several orders of magnitude are projected for future devices. We use the nuclear clock to constrain models of ultralight dark matter by searching for periodic fluctuations and slow drifts in the nuclear transition energy, on timescales between 20 s and 1 day. Benefitting from the enhanced sensitivity of the thorium-229 transition, these constraints compete with the best atomic clocks concerning dark matter coupling to photons and go beyond previous measurements regarding coupling to the strong force. A thorium-229 nuclear clock is realized by stabilizing a continuous-wave laser to the 148-nm nuclear excitation with a rapid feedback loop based on absorption spectroscopy."
10.1038/s41586-026-11129-8,False,Nature,该论文研究的是革兰氏阴性细菌中脂多糖（LPS）的跨膜转运机制，与大气环境遥感技术（如空气质量监测、卫星观测、大气成分分析、气溶胶反演）没有直接关联。,"['lipopolysaccharide', 'Gram-negative bacteria', 'LPS transport']",Rebecca J. Taylor;Karanbir S. Pahil;Alessio Caruso;Bailey Plaman;Stephen A. Early;Sebastian J. Rowe;Vadim Baidin;Andrew Wilson;Natividad Ruiz;Richard M. Walsh Jr;Stephen C. Harrison;Daniel Kahne,Structural basis for regulating lipopolysaccharide transmembrane transport,"Structures of the protein machinery in Gram-negative bacteria that transports lipopolysaccharide (LPS) from the cytoplasmic membrane to the outer leaflet of the outer membrane reveal how conformational changes in response to the presence of LPS promote its transport. 
 Gram-negative bacteria are surrounded by a multilayered cell envelope with a mostly impermeable outer membrane that provides intrinsic resistance to many antibiotics1–5. The outer membrane is an asymmetrical bilayer with phospholipids in the inner leaflet and lipopolysaccharide (LPS) in the outer leaflet6,7. An LPS transport (Lpt) machine called LptB2FGCADE moves LPS across a protein bridge from the inner membrane to the outer membrane8,9. LPS biosynthesis is regulated to prevent toxic accumulation of LPS molecules in the inner membrane during growth10–12. Whether LPS transport across the Lpt bridge is also regulated has been unclear. Here we present three structures of the trans-envelope Lpt complex in LPS-free, LPS-bound and ATP-bound states, along with a structure of a partial bridge. These structures, combined with biochemical experiments, show that Lpt bridge assembly triggers movement of the transmembrane helix of LptC (TM-LptC) in an LPS-dependent manner, resulting in increased ATP binding and hydrolysis. We also show that LPS transport in vivo requires bridge formation and movement of the TM-LptC. Our data support a model in which assembled Lpt bridges respond to the presence of LPS in the inner membrane to turn on transport by moving the TM-LptC, thus coordinating LPS transport activity with bridge assembly and the presence of LPS at the inner membrane. Structures of the protein machinery in Gram-negative bacteria that transports lipopolysaccharide (LPS) from the cytoplasmic membrane to the outer leaflet of the outer membrane reveal how conformational changes in response to the presence of LPS promote its transport."
10.1038/s41586-026-11122-1,False,Nature,该论文主要研究的是基于<sup>229</sup>Th的核钟技术，涉及核物理和基本物理学的精密测量，不直接与大气环境遥感技术（如空气质量监测、卫星观测、大气成分分析或气溶胶反演）相关。,"['nuclear clock', '229Th', 'VUV laser']",Beichen Huang;Gaowei Yan;Qi Xiao;Wenhao Bu;Chengchun Zhao;Zhen Zhang;Chao Yan;Zhi-Ang Chen;Peixiong Zhang;Gleb Penyazkov;Zhenhai Zhan;Lingfeng Yan;Yuefei Wang;Lin Li;Shanming Li;Dapeng Jiang;Xiaobo Qian;Xuegang Liu;Qiange He;Taoxiang Sun;Haochen Tian;Bingkun Lu;Ningyuan Ma;Juxian Li;Yanzhang Wu;Qiaorui Gong;Yuxiang Li;Haoyu Shi;Xiangliang Li;Longsheng Ma;Shining Zhu;Yuxiang Mo;Jun Lin;Li You;Yige Lin;Xibo Zhang;Yin Hang;Liangbi Su;Shiqian Ding,A nuclear clock synchronized to <sup>229</sup>Th,"A nuclear clock synchronized to 229Th establishes laser-addressed nuclei as operational clock references and 229Th:CaF2 as a stable, reproducible solid-state platform for compact nuclear clocks and nuclear quantum sensors. 
 Atomic clocks have made time and frequency the most precisely measured quantities in physics, progressing from microwave standards that realize the SI second1 to optical clocks with unprecedented precision2. A nuclear clock transfers the frequency reference from an electronic to a nuclear transition and the uniquely low-lying, laser-accessible, isomeric transition in 229Th currently offers the most practical route to compact, robust timekeeping and sensitive tests of fundamental physics3–8. Realizing such a clock requires turning spectroscopy of the 229Th nuclear resonance9–17 into a stable discriminator for steering a traceable oscillator. Here we demonstrate a 229Th nuclear clock by stabilizing a continuous-wave, narrow-linewidth 148.4 nm vacuum-ultraviolet (VUV) laser18 to a resolved, weakly temperature-sensitive nuclear transition17,19 in 229Th:CaF2 crystals20–22. A 10-μW VUV source generated by four-wave mixing in cadmium vapour18,23,24 and phototube-based frequency modulation absorption readout provide a fast, high-signal-to-noise nuclear discriminator. The clock reaches a fractional frequency instability of 
              $$5\times 1{0}^{-13}/\sqrt{\tau /{\rm{s}}}$$
              
             for averaging time τ. Clock-transition frequencies measured in two independently fabricated crystals agree at the 10−13 level and are consistent with previous VUV-comb measurements on other 229Th:CaF2 crystals17. These results establish laser-addressed nuclei as operational clock references and provide a reproducible solid-state platform for compact nuclear clocks, nuclear quantum sensors and precision tests of fundamental physics. A nuclear clock synchronized to 229Th establishes laser-addressed nuclei as operational clock references and 229Th:CaF2 as a stable, reproducible solid-state platform for compact nuclear clocks and nuclear quantum sensors."
10.1038/s41586-026-10858-0,True,Nature,该论文研究了水在极端受限条件下的氢键结构，使用了碳纳米管作为受限环境，并利用原位振动电子能量损失谱（vEELS）进行纳米级观测。虽然不直接涉及大气环境监测或卫星遥感等技术，但其研究内容与大气中水汽的分子结构和氢键特性密切相关，因此与大气环境遥感技术有一定相关性。,"['water', 'carbon nanotubes', 'hydrogen bonding', 'vibrational spectroscopy']",Xintong Xu;Matthias Kuehne;Harrison A. Walker;De-Liang Bao;Xin Jin;Yu-Ming Tu;Cody L. Ritt;Joel Martis;Juan Carlos Idrobo;Sokrates T. Pantelides;Michael S. Strano;Jordan A. Hachtel;Arun Majumdar,Hydrogen bonding in water under extreme confinement,"A new technique allows direct nanoscale observations of the vibrational response of water confined inside carbon nanotubes, revealing that high degrees of confinement disrupt the hydrogen bond network through a fluctuating and highly-dispersed molecular state. 
 Fluids under extreme confinement or near interfaces exhibit molecular structures and intermolecular bonding distinct from their bulk analogues. Optical vibrational studies have shown that interfacial and confined water can exhibit altered intramolecular O–H stretching frequencies, a sensitive spectral signature of changes in intermolecular hydrogen bonding1–4. Investigating confined water experimentally at the length scale of intermolecular and surface forces has, however, remained a challenge. Here we report direct molecular-level observations of hydrogen bonding in water confined inside individual carbon nanotubes (CNTs), enabled by in situ vibrational electron energy loss spectroscopy (vEELS) with nanoscale resolution. Water in larger CNTs exhibits the bonded O–H vibrations of bulk water, but at smaller diameters, and the frequency blueshifts to near the free O–H stretch found in water vapour and water located near hydrophobic surfaces, indicating a highly dispersed, non-H-bonded environment. Theoretical analysis based on quantum vibrational oscillators links the observed spectral features to local hydrogen-bonding configurations, consistent with the experimental observation. Furthermore, cryogenic experiments provide insights into complex structural phase transitions of confined water. This research reveals the quantum and dynamic nature of hydrogen bonds under confinement and the potential impact of unveiling molecular-level structure and bonding in confined fluids. A new technique allows direct nanoscale observations of the vibrational response of water confined inside carbon nanotubes, revealing that high degrees of confinement disrupt the hydrogen bond network through a fluctuating and highly-dispersed molecular state."
10.1038/s41586-026-11127-w,False,Nature,这篇论文研究的是肺部细胞再生机制，与大气环境遥感技术（如空气质量监测、卫星观测、大气成分分析、气溶胶反演）没有直接关系。,"['air quality monitoring', 'satellite observations', 'atmospheric composition analysis', 'aerosol retrieval']",Kuo Liu;Zixin Liu;Xinfeng Meng;Muxue Tang;Fanglin Di;Zhongxiao Wang;Chenfei Li;Shan Yang;Yanli Zhang;Xueying Yang;Zan Lv;Xufeng Li;Hengwei Jin;Wenjuan Pu;Huan Zhao;Feng Li;Pengfei Sui;Bin Zhou,Alveolar stem cells transdifferentiate to drive bronchiolar regeneration,"Identification of a cross-compartmental cellular mechanism for bronchiolar epithelial repair informs therapeutic strategies for airway injury. 
 The lung consists of two anatomically distinct compartments: the airways and the alveoli. Although airway epithelial stem cells are known to mobilize for alveolar regeneration, whether alveolar cells can reciprocally traverse these anatomical boundaries and contribute to bronchial repair remains unclear1–4. Here we developed dual-recombinase-mediated lineage-tracing techniques in mice to demonstrate that alveolar type 2 (AT2) cells migrate into injured bronchioles and transdifferentiate into club cells and ciliated cells, thereby actively contributing to airway regeneration. Mechanistically, after bronchial injury, infiltrating immune cells secrete SPP1, establishing a chemotactic gradient directing cell migration. Peribronchiolar AT2 cells sense this SPP1 signal through the integrin ITGB1 and migrate towards the injured bronchioles. On arrival, these migrated AT2 cells receive Notch ligands from resident ciliated cells, leading to Notch pathway activation, which in turn drives their transdifferentiation into club cells. This transdifferentiation process is accompanied by an intermediate stage marked by Cldn4 expression. Functional blockade of either SPP1 or ITGB1 impairs AT2 cell migration, whereas inhibition of Notch signalling prevents their transdifferentiation into club cells. Collectively, our findings reveal a cross-compartmental cellular mechanism for bronchiolar epithelial repair, expanding the current understanding of lung regenerative plasticity and potentially informing therapeutic strategies for airway injury. Identification of a cross-compartmental cellular mechanism for bronchiolar epithelial repair informs therapeutic strategies for airway injury."
10.1038/s41586-026-11099-x,False,Nature,该论文研究的是拓扑和相变等物理学概念，与大气环境遥感技术（如空气质量监测、卫星观测、大气成分分析、气溶胶反演等）没有直接关系。,"['topological', 'entanglement', 'phase transitions']",Zhi-Kang Lin;Li-Wei Wang;Ze-Lin Kong;Yao Zhou;Hai-Qing Lin;Xuejia Yu;Shuang Zhang;Jian-Hua Jiang,Experimental observation of critical topology,"Experimental evidence indicating that critical gapless topological states can be characterized by the entanglement spectrum and wavefunctions is presented, demonstrating persistence of topology at phase boundaries and extension to higher-dimensional systems. 
 Understanding phases of matter and their transitions stands as a central pursuit in physical sciences, representing a continuously evolving frontier that drives fundamental discovery. Conventional phase transitions are marked by continuous order-parameter evolution and universal critical behaviour, whereas topological phase transitions are defined by abrupt changes of quantized topological invariants—two frameworks long viewed as distinct and even incompatible1,2. Recent theories have predicted quantum criticality endowed with nontrivial topology mostly in one-dimensional (1D) systems3–5, pointing to a potential unification of the two patterns. Yet experimental observation of such critical topology, that is, topology at phase boundaries and its extension to higher dimensions, remain outstanding. Here we report experimental evidence indicating that critical gapless topological states can be characterized by the entanglement spectrum (ES) and entanglement wavefunctions in both one and two dimensions, complemented by direct imaging of the topological boundary modes in gapless bulk continuum using engineered phononic crystals. Although implemented in a classical platform, our experimental approach gives results equivalent to those in the quantum limit and is in fact readily extensible to quantum systems. Through entanglement-based analysis, we illustrate that transitions among phase boundaries with distinct critical topology lead to multi-critical points in the phase diagram, evidencing topology-driven multi-criticality and a hierarchical structure of topological phases. Our work demonstrates a fundamental connection between topology and criticality, paving the way for an experimental route towards exploring topological physics at phase transitions. Experimental evidence indicating that critical gapless topological states can be characterized by the entanglement spectrum and wavefunctions is presented, demonstrating persistence of topology at phase boundaries and extension to higher-dimensional systems."
10.1038/s41586-026-11106-1,False,Nature,该论文研究的是史前人类与肠道微生物的迁移关系，涉及微生物学和人类进化，与大气环境遥感技术（如空气质量监测、卫星观测、大气成分分析、气溶胶反演等）无关。,[],Matthew M. Carter;Zhiru Liu;Matthew R. Olm;Melanie Martin;Daniel D. Sprockett;Parsa Ghadermazi;Benjamin C. Trumble;Hillard Kaplan;Jonathan Stieglitz;Daniel Eid Rodriguez;David A. Relman;Erica D. Sonnenburg;Michael Gurven;Benjamin H. Good;Justin L. Sonnenburg,Prehistoric global migration of vanishing gut microbes with humans,"Microbial species disappearing from industrialized populations have evolved with humans over millennia and migrated worldwide with them—this may have consequences for human health. 
 The gut microbiome is crucial for health and is affected strongly by lifestyle1. Many microorganisms commonly found in non-industrialized populations are disappearing or have become extinct in industrialized populations2–6. Studying which microorganisms have been long-term residents of the human gut and may have co-evolved with humans2,7,8 could provide insights into how microbial biodiversity loss affects human health. However, the genetic complexities of microbial evolution and the plasticity of gut microbiome composition have made it challenging to resolve the evolutionary history of these long-term associations. Here we performed deep metagenomic sequencing of the Tsimane horticulturalists of Bolivia and compared their gut microbiomes with those of the Hadza hunter-gatherers of Tanzania3. These two populations, whose ancestors have been separated for tens of thousands of years, share 1,231 microbial species, most of which are rare in or absent from industrialized populations. Population genetic analyses of 636 of the shared species revealed patterns of microbial divergence and gene flow consistent with prehistoric human co-migration, with estimated split times that approximately align with human migration out of Africa and into the Americas. Our findings indicate that a diverse gut microbiome co-migrated with humans worldwide and has persisted over millennia. However, many of these species are now vanishing from industrialized populations and the consequences for human health remain uncertain. Microbial species disappearing from industrialized populations have evolved with humans over millennia and migrated worldwide with them—this may have consequences for human health."
10.1038/s41586-026-11066-6,False,Nature,该论文主要研究的是肺癌的免疫调节机制，涉及T细胞网络和免疫拦截，与大气环境遥感技术（如空气质量监测、卫星观测、大气成分分析、气溶胶反演）没有直接关系。,"['lung cancer', 'T cell', 'immune regulation']",Samuel Gamble;Zoe E. Whiteman;Claudia Peinador-Marín;Marta Lebrusant-Fernandez;Abigail Y. L. Shurr;Andrei Enica;Teerapon Sahwangarrom;Seng Kuong Anakin Ung;Amber Rogers;Petros Fessas;Chuen Ryan Khaw;Lukas Kalinke;Constantin Ahlmann-Eltze;Ahmed S. N. Alhendi;Kate Otter;Xiuchuan Hu;Krupa Thakkar;Betty Gration;Izzy Newsham;Imran Uddin;Ellen Nuttall Musson;Kyren A. Lazarus;Moritz J. Przybilla;Adam Pennycuick;Helen Hall;Zoe Hagel;Charlotte Percival;Ruth Prendecki;Sophie Tisi;Georgia Constantinou;Pascal F. Durrenberger;Kate H. C. Gowers;Yien Ning Sophia Wong;Mark Linch;Kevin Litchfield;Elspeth M. Payne;Se-Hoon Lee;Sergio A. Quezada;Peter J. Campbell;Jennifer E. Beane;Sarah A. Mazzilli;David A. Moore;Vitor H. Teixeira;Sandra Gómez-López;Bart Vanhaesebroeck;Sam M. Janes;James L. Reading,A preinvasive regulatory T cell axis for lung cancer interception,"An effector regulatory T cell circuit is identified that can be monitored in blood samples to track the development of lung cancer, and blockade of this immune network in the preinvasive setting can intercept tumorigenesis to reduce tumour incidence and size. 
 Late-stage non-small cell lung cancer (NSCLC) is rarely curable1, underscoring a need to intervene earlier in the disease process. Growing evidence suggests that antitumour T cell responses are mounted but become progressively dysregulated during early tumorigenesis2,3. Tracking and targeting preinvasive T cell regulation may inform new approaches to detect and intercept lung cancer development. Here we explore how the T cell network is remodelled during NSCLC development via multi-omic, cross-tissue immune profiling in patients with preinvasive lung lesions surveilled by autofluorescence bronchoscopy and computed tomography (CT) imaging. Effector regulatory CD4+ T cells (eTreg cells) expressing basic leucine zipper ATF-like transcription factor (BATF) accumulated in high-grade premalignant airway lesions and were clonally related to circulating eTreg cells. Circulating eTreg cells were increasingly elevated during preinvasive progression, enabling lung tumorigenesis to be tracked through analysis of peripheral blood. Emergence of this clonally coordinated eTreg cell circuit defined rapid progression in patients with early-stage NSCLC detected during CT screening. In mice, carcinogen-driven lung tumorigenesis triggered an analogous preinvasive eTreg cell axis across the blood, airways and draining lymph nodes (dLNs). This culminated in an expansion of lung BATF+ Treg cells and Treg cell-rich peribronchial immature tertiary lymphoid structures (iTLSs). Immune interception via phosphoinositide 3-kinase-δ (PI3Kδ) inhibition abrogated formation of Treg cell-rich iTLSs, reduced circulating and pulmonary Treg cells, increased local conventional type 1 dendritic cells (cDC1s) and reduced lung tumour incidence and size. These data reveal a conserved eTreg cell network that emerges across tissues during early pulmonary tumorigenesis and provide a theranostic framework to track and target preinvasive immune regulation for lung cancer interception. An effector regulatory T cell circuit is identified that can be monitored in blood samples to track the development of lung cancer, and blockade of this immune network in the preinvasive setting can intercept tumorigenesis to reduce tumour incidence and size."
10.1038/s41586-026-11101-6,False,Nature,该论文研究的主题是剪接体终止机制，涉及RNA螺旋酶和相关因子如何分解正常和有缺陷的剪接体复合物，以实现内含体的降解和确保准确的基因表达。这与大气环境遥感技术（如空气质量监测、卫星观测、大气成分分析、气溶胶检索）没有直接关系。,[],Vytaute Boreikaite;Rupert Faraway;Matthias K. Vorländer;Alexander W. Phillips;Leonie Opitz;Moritz Wanke;George Yakoub;Gerald Raffl;Laura Fin;Román González-Prieto;Martijn S. Luijsterburg;Stefan L. Ameres;Clemens Plaschka,Mechanism of spliceosome termination,"A coordinated sequence of RNA helicases and associated factors dismantles normal and defective spliceosome complexes to enable intron degradation and ensure accurate gene expression. 
 After excising an intron from pre-mRNA, the spliceosome remains trapped in a non-productive complex bound to the intron1–5. Termination of this complex is critical for spliceosome recycling and intron decay6, but the mechanism remains unknown. Here we present cryo-electron microscopy structures of human spliceosomes at two sequential stages of termination. First, the RNA helicases DHX15 and Aquarius unwind the RNA active site of the spliceosome, releasing bound components including U2 snRNA and extracting the buried intron–lariat branch point. The branch point is then debranched by the spliceosome-tethered enzyme DBR1, generating the previously unknown debranched intron spliceosome. This state recruits the RNA helicase DHX35 with its co-factors GPATCH1–WDR83, assisted by YJU2B. DHX35 ejects the debranched intron from the U6 snRNA–5′ splice site duplex, driving spliceosome disassembly and intron turnover. In defective spliceosomes stalled on aberrant introns, YJU2B partners with LENG1 to guide DHX35–GPATCH1–WDR83 for termination through spliceosome quality control. Together, we reveal the mechanism of regular spliceosome termination and its parallels with spliceosome quality control, ensuring accurate and efficient pre-mRNA splicing. A coordinated sequence of RNA helicases and associated factors dismantles normal and defective spliceosome complexes to enable intron degradation and ensure accurate gene expression."
10.1038/s41586-026-11085-3,False,Nature,该论文主要研究的是一种新型半导体材料的制备及其在电子器件中的应用，虽然涉及半导体和能带结构，但并未直接涉及大气环境遥感技术，如空气质量监测、卫星观测或大气成分分析等。,"['semiconductor', 'bandgap', 'AlxGa1−x']",Jacob Steele;Debaditya Bhattacharya;Kazuki Nomoto;Naomi A. Pieczulewski;Preston Sorensen;Viet-Anh Ha;Nick Pant;Ihit Shukla;Shaon Das;Ufuk Kilic;Madhav Ramesh;Feliciano Giustino;Baishakhi Mazumder;M. K. Indika Senevirathna;Michael D. Williams;Mathias Schubert;David A. Muller;Huili G. Xing;Debdeep Jena;Darrell. G. Schlom,A 7-eV bandgap semiconductor based on silicon-doped α-(Al<sub><i>x</i></sub>Ga<sub>1−<i>x</i></sub>)<sub>2</sub>O<sub>3</sub>,"Suboxide molecular-beam epitaxy is used to grow silicon-doped α-(AlxGa1−x)2O3 films with bandgaps exceeding 7.0 eV, enabling the fabrication of a Schottky diode and a field-effect transistor with colossal-bandgap channels. 
 In rectifying power electronics, wider-bandgap (Eg) semiconductors allow higher efficiency and power density with the Baliga figure of merit proportional to Eg5.5 (refs. 1,2). Unfortunately, the unique ability of semiconductors to have their conductivities controllably modulated over orders of magnitude by equilibrium doping methods becomes increasingly elusive as the bandgap increases. Increasing demand for wider-bandgap semiconductors has led to many materials previously considered insulators—including GaN, SiC, AlN, Ga2O3 and GeO2—to emerge as useful semiconductors after decreasing defect densities and finding appropriate dopants. Here we report silicon-doped α-(AlxGa1−x)2O3 films with bandgaps exceeding 7.0 eV grown by suboxide molecular-beam epitaxy, surpassing that of cubic boron nitride, the next-widest-bandgap semiconductor known3–5. In the colossal-bandgap regime, >6 eV, our silicon-doped α-(AlxGa1−x)2O3 films have room-temperature conductivities over 100 million times higher than all previous reports6. We fabricate a Schottky diode and a field-effect transistor (the AlphaFET) with colossal-bandgap channels. These α-(AlxGa1−x)2O3 films and devices use sapphire, an abundant, inexpensive substrate with excellent quality that is produced at massive scale, facilitating the development and adoption of colossal-bandgap electronics. Our achievement breaks the trend of increasing synthesis difficulty, cost and small size of ever-wider-bandgap semiconductors, for example, diamond and cubic boron nitride. Suboxide molecular-beam epitaxy is used to grow silicon-doped α-(AlxGa1−x)2O3 films with bandgaps exceeding 7.0 eV, enabling the fabrication of a Schottky diode and a field-effect transistor with colossal-bandgap channels."
10.1038/s41586-026-11038-w,False,Nature,该论文主要关注多细胞生物的进化过程，与大气环境遥感技术（如空气质量监测、卫星观测、大气成分分析、气溶胶反演）无关。,[],G. Ozan Bozdag;Kai Tong;Peter J. Yunker;Matthew D. Herron;William C. Ratcliff,Overcoming key challenges in the evolutionary transition to multicellularity,"This Review synthesizes an evolutionary framework for understanding the key stages, challenges and microevolutionary processes through which single cells evolve into functionally integrated multicellular organisms. 
 Dozens of independent origins of multicellularity have profoundly shaped Earth’s evolutionary and ecological history. These transitions have given rise to massive radiations encompassing thousands to millions of species and the evolution of increasingly complex bodies. Multicellular taxa now constitute the majority of Earth’s biomass and have fundamentally transformed global ecosystems, underpinning diverse biomes from forests and grasslands to coral reefs. While these macroevolutionary patterns have long been recognized, the microevolutionary processes driving the transition to multicellularity have remained unclear. Questions remain on how solitary cells form cohesive groups, how these groups become evolutionary units capable of adaptation at the multicellular level, and how novel cell types and developmental patterns emerge. Recent discoveries of previously unknown multicellular species and the development of experimental models have provided important insights into these questions. This work reveals that seemingly insurmountable evolutionary hurdles are often readily overcome either through the repurposing of ancestral unicellular traits or through emergent properties of multicellular collectives that arise spontaneously. Here we review key breakthroughs in our understanding of the microevolutionary processes that underpin the evolution of increasingly complex multicellularity, focusing on mechanisms through which single cells can evolve into functionally integrated multicellular organisms. This Review synthesizes an evolutionary framework for understanding the key stages, challenges and microevolutionary processes through which single cells evolve into functionally integrated multicellular organisms."
10.1038/s41586-026-11153-8,False,Nature,该论文研究的是tRNA在前列腺癌中的调控作用，与大气环境遥感技术（如空气质量监测、卫星观测、大气成分分析、气溶胶反演）无关。,[],Yeon Soo Kim;Sonali Arora;Dave Young;Ava Tsou;Amy Shiuan;Cynthia L. Wladyka;Dmytro Rudoy;Jin Yeong Kim;Jennifer A. Waters;Samantha L. Schuster;Ilsa M. Coleman;Mridu Kapur;Marek Sobczyk;Christopher D. Katanski;Amin M. Bayat Tork;Wen Zhang;Peter S. Nelson;Gavin Ha;Michael C. Haffner;Eva Corey;Colm Morrissey;Yuzhuo Wang;Arvind R. Subramaniam;John K. Lee;Susan L. Ackerman;Tao Pan;Andrew C. Hsieh,tRNA dosage regulates lineage dependency and resistance in prostate cancer,"A tRNA-specific regulatory pathway is associated with codon biology, lineage transitions and therapy resistance in prostate cancer. 
 Lineage plasticity underlies therapeutic resistance in cancer1,2, yet the translational mechanisms that enable this phenotypic flexibility remain largely unknown. Here using prostate cancer as a model of lineage dependence, we performed unbiased small RNA sequencing and identified tRNA1Arg(UCU) as a regulator of lineage transitions and therapy resistance. tRNA1Arg(UCU) is capable of reprogramming lineage dependence, which can be tuned to restore sensitivity to therapies that target the androgen receptor. We identify TARDBP and ZSCAN29 as DNA-binding proteins that directly engage the genomic locus of tRNA1Arg(UCU) to regulate its expression, a result that highlights the importance of non-canonical tRNA-specific gene regulation. Mechanistically, tRNA1Arg(UCU) controls a translational program centred on SWI/SNF chromatin remodellers, which is necessary to maintain lineage fidelity. In patients, tRNA1Arg(UCU) is downregulated in neuroendocrine prostate cancer and its loss is associated with accelerated metastasis and poor survival. These findings uncover a previously unrecognized tRNA-specific regulatory axis that links codon biology to lineage dependence and therapy resistance in prostate cancer. A tRNA-specific regulatory pathway is associated with codon biology, lineage transitions and therapy resistance in prostate cancer."
10.1038/s41586-026-11073-7,False,Nature,这篇论文主要研究的是一种手性超晶格在 collinear antiferromagnetic UOTe 材料中产生的 Berry 曲率和自旋极化电流，以及由此引起的异常霍尔效应。虽然这些现象与材料科学和量子物理有关，但它们与大气环境遥感技术（如空气质量监测、卫星观测、大气成分分析、气溶胶反演等）没有直接关系。因此，这篇论文与大气环境遥感技术不相关。,"['collinear antiferromagnet', 'Berry curvature', 'anomalous Hall effects']",Thao Dinh;Mengke Liu;Jian-Xiang Qiu;Sougata Mardanya;Suk Hyun Sung;Xuan Hoang Le;Christopher Broyles;Chengfeng Zhu;Qiaozhi Xu;Haotian Chen;Zack Rehfuss;Yu-Fei Liu;Xiaoyu Zeng;Houchen Li;Peng Guo;Jinchen Liu;Tianye Huang;Jingtian Shi;Michael Smith;Joanna M. Blawat;John Singleton;Ross McDonald;Iván E. Arvizo;Dongtao Cui;Shao-Liang Zheng;Kenji Watanabe;Takashi Taniguchi;Vineet Kumar Sharma;Sudip Ghorai;Barun Ghosh;Hsin Lin;Ting Yong Lim;Tay-Rong Chang;Arun Bansil;Ivar Martin;Ashvin Vishwanath;Weiwei Xie;Claudia Felser;Jairo Sinova;Anyuan Gao;Mikhail D. Lukin;Jennifer E. Hoffman;Sugata Chowdhury;Qiong Ma;Kai Sun;Ismail El Baggari;Sheng Ran;Talieh S. Ghiasi;Hongkun Park;Philip Kim;Su-Yang Xu,A chiral superlattice route to spin-split topological antiferromagnetism,"A chiral superlattice in collinear antiferromagnetic UOTe generates large Berry curvature and spin-polarized currents, enabling anomalous Hall effects and advancing chiral quantum materials for spintronics. 
 Chirality has emerged as a new mechanism for inducing spin and Berry-curvature phenomena in quantum materials and molecular chemistry1–7. Collinear antiferromagnets (AFMs) are promising for spintronics and topological magnetism, yet realizing large Berry curvature and spin-split bands remains challenging8,9. Here we report a chiral-superlattice route to spin-split topological phenomena from collinear antiferromagnetism. We study the collinear AFM UOTe, in which we show a spontaneous chiral superlattice arising from frozen chiral phonons at a finite wave vector. Without the superlattice, the pristine collinear AFM in UOTe has neither Berry curvature nor spin-split bands. When electrons move through the chiral superlattice, their orbital Bloch wavefunction and quantum geometry are modulated by the strong chiral superlattice potential, generating large Berry curvature, which we detect by the nonlinear Hall effect. At 150 K, the chiral-superlattice-induced Berry curvature couples to the collinear AFM order, leading to an anomalous Hall angle of about 0.14 abruptly near the Néel temperature TN which is among the largest in bulk magnets. Moreover, our spin Hanle precession measurement shows that the chiral superlattice also generates spin-polarized current from the collinear AFM, a long-standing goal in spintronics. We shed light on the supermodulation formation mechanism based on chemical ion size and physical interlayer–intralayer energy competitions, which we use to propose a design principle to discover similar bond-mismatch superlattices, providing a chiral superlattice pathway through real-space engineering of quantum geometry10,11. A chiral superlattice in collinear antiferromagnetic UOTe generates large Berry curvature and spin-polarized currents, enabling anomalous Hall effects and advancing chiral quantum materials for spintronics."
10.1038/s41586-026-11125-y,False,Nature,该论文研究的是人类心脏发育的动力学及其在唐氏综合征中的破坏，与大气环境遥感技术（如空气质量监测、卫星观测、大气成分分析、气溶胶反演）无关。,"['air quality monitoring', 'satellite observations', 'atmospheric composition analysis', 'aerosol retrieval']",James Cranley;Kazumasa Kanemaru;Semih Bayraktar;Vincent Knight-Schrijver;Rebecca Hulbert;Eva Lana-Elola;Rifdat Aoidi;Jan Patrick Pett;Anna Wilbrey-Clark;Krzysztof Polanski;Monika Dabrowska;Ilaria Mulas;Harriet Johnson;Noemie Combemorel;Yizhou Yu;Jack A. Palmer;Woochan Lee;Jore Van Wauwe;John-Poul Ng-Blichfeldt;Laura Richardson;Claudia I. Semprich;Rakeshlal Kapuge;Shani Perera;Xiaoling He;Siew Yen Ho;Nadav Yayon;Liz Tuck;Kenny Roberts;Hongorzul Davaapil;Laure Gambardella;Anna Philpott;Minal Patel;Richard C. V. Tyser;Andreia Sofia Bernardo;Victor L. J. Tybulewicz;Sanjay Sinha;Sarah A. Teichmann,Dynamics of human cardiogenesis and its disruption in trisomy 21,"Single-cell and spatial multiomics are combined to define niches in the developing human heart, revealing pacemaker-cell organization, cardiomyocyte maturation and compaction, and developmental perturbations associated with trisomy 21. 
 Developmental dynamics involve the specification of diverse cell types and their spatial organization into multicellular niches1. Here we combine single-cell and spatial multiomics to define 21 distinct tissue niches in the developing heart, which we use to develop a context-aware, resolution-agnostic niche classification tool (TissueTypist). Applying high-resolution spatial profiling to the developing sinoatrial node, we resolve three pacemaker cell subtypes arrayed along a linear axis. First trimester subpopulations, such as pacemaker cells in the sinus horn and sinoatrial node head region, display neuroattractant programs and interact with parasympathetic neurons via interactions that include Eph–ephrin and semaphorin–plexin signalling. Temporal trajectories map the maturation of atrial and ventricular cardiomyocytes and uncover a lipid–metabolic switch and potential key regulators of cell-type identity. In the ventricle, we identify cellular and transcriptional gradients along both pseudotime and transmural axes, which provide molecular insights into myocardial compaction and maturation. Comparative profiling revealed that hearts with trisomy 21 are depleted in compact cardiomyocytes and exhibit increased apoptosis relative to euploid hearts. This finding was validated in isogenic-matched trisomy 21 and euploid cardiomyocytes derived from induced pluripotent stem cells. These early developmental perturbations may contribute to the increased risk of congenital heart disease associated with Down’s syndrome. In summary, we present a spatially resolved framework of human cardiac development to enable systematic explorations of developmental niches in health and disease. Single-cell and spatial multiomics are combined to define niches in the developing human heart, revealing pacemaker-cell organization, cardiomyocyte maturation and compaction, and developmental perturbations associated with trisomy 21."
10.1038/s41586-026-11097-z,True,Nature,该论文研究澳大利亚的野火危机，探讨了殖民时期的土地利用变化如何改变了植被结构和燃料动态，从而增加了野火的易发性。虽然不直接涉及遥感技术，但其研究内容与大气环境中的野火监测和研究密切相关，属于大气环境远程传感技术的应用范畴。,"['wildfire', 'vegetation', 'fire use', 'lake-sediment', 'colonial land-use']",Michael-Shawn Fletcher;Anthony Romano;Caitlin O’Shea;S. Yoshi Maezumi;Harriet Magee;Simon Connor;Russell Mullett;Patricia Menéndez;Patricia S. Gadd;Michela Mariani;Manuel Chevalier;Russell Mullett,Australia’s current wildfire crisis linked to colonial land-use change,"A 1,000-year lake-sediment record from southeastern Australia shows that colonial disruption of Indigenous cultural burning transformed open woodland into dense, flammable forest, priming the landscape for today’s climate-driven wildfires. 
 The global wildfire crisis1 is often attributed to climate change, a framing that overlooks crucial historical drivers. Biomes at the forefront of this crisis, such as the temperate eucalypt forests of Australia, have seen alarming increases in large, intense wildfires in recent decades. Yet evidence of how colonial land-use change and the disruption of Indigenous fire use altered vegetation structure and fuel dynamics remains scarce. Here we reconstruct 1,000 years of vegetation and fire change in a temperate eucalypt forest in southeastern Australia. Before the British invasion (from 1788 ce), fire use by the Indigenous Gunaikurnai people maintained stable, open woodlands through frequent, fine-grained, low-temperature cultural burning. Colonial disruption drove cascading changes: increased fire temperature, a fourfold rise in eucalypt cover, a shift from open woodland to forest and increased soil erosion. These transformations preceded anthropogenic warming, indicating that the vulnerability of these forests to wildfire is shaped by colonial land-use legacies. By creating more flammable landscapes, colonial land use amplified the influence of climate change, suggesting a reinforcing feedback (the ‘catastrophic wildfire loop’) in which high-intensity wildfires raise fuel loads and further increase the likelihood of climate-driven fire. Integrating Indigenous knowledge into fire management is therefore essential to restoring resilience and mitigating future wildfire risk. A 1,000-year lake-sediment record from southeastern Australia shows that colonial disruption of Indigenous cultural burning transformed open woodland into dense, flammable forest, priming the landscape for today’s climate-driven wildfires."
10.1038/s41586-026-11111-4,False,Nature,该论文主要讨论语言模型在字节级别上的应用，与大气环境遥感技术（如空气质量监测、卫星观测、大气成分分析、气溶胶反演）没有直接关系。,"['language models', 'byte-level', 'subword tokenization']",Benjamin Minixhofer;Tyler Murray;Tomasz Limisiewicz;Anna Korhonen;Luke Zettlemoyer;Noah A. Smith;Edoardo M. Ponti;Luca Soldaini;Valentin Hofmann,Retrofitting language models to operate over bytes,"Byteification is a general method for retrofitting large language models to operate over bytes such that they approach the capabilities of subword-based systems and may be better for scientific data. 
 Recent advances in artificial intelligence (AI) have largely been driven by large language models, deep neural networks that operate over discrete units called tokens. To represent text, most large language models use words or word fragments as the tokens, known as subword tokenization1. Subword tokenization obscures fine-grained information, which is problematic, especially for scientific data—such as computer code or biological sequences—where meaning depends on the individual characters or bytes2. Models that instead operate directly on the byte encoding of text avoid these limitations, but until now they have lagged behind subword-based models in performance. Here we introduce a general method for creating byte-level large language models through byteification that approach the capabilities of subword-based systems. We use a two-stage conversion procedure to retrofit existing subword-based models into byte-level models with minimal extra training. The resulting models outperform earlier byte-level approaches and excel on character-level reasoning tasks, achieving practical inference speeds by efficiently processing byte-level information and adaptability by reusing the existing ecosystem around the source large language model. Our results remove a long-standing performance barrier to end-to-end byte-level language modelling, demonstrating that models operating on raw text encodings can scale competitively while offering advantages in domains requiring fine-grained textual understanding. Byteification is a general method for retrofitting large language models to operate over bytes such that they approach the capabilities of subword-based systems and may be better for scientific data."
10.1038/s41586-026-11095-1,False,Nature,该论文主要关注二维半导体的生长和结晶过程，涉及蚀刻通量介导的单中心成核技术，与大气环境遥感技术（如空气质量监测、卫星观测、大气成分分析、气溶胶反演）没有直接关系。,"['semiconductor', 'etching flux', 'nucleation']",Jeongwon Park;Jiyun Kim;Sumin Kang;Jieun Oh;Youngmin Sunwoo;Saeyoung Oh;Seunghye Shin;Sera Yang;Seonghwan Jo;Jaehyun Lee;Donghyeop Lee;Minsu Kim;Changhun Eom;Seohyun Jeong;Chan Lim;Gunho Moon;Mingu Kang;Min-gyu Kim;Junhyeok Kim;Chaejeong Yun;Gichang Noh;Donggeon Park;Dongyoung Kim;Seongdae Kwon;Chengyun Hong;Hyeongjin Lim;Minseok Choi;Yongjoon Lee;Joonghoon Choi;Junhyuk Tak;Guanning Shao;Seung Jae Kwak;Tae Soo Kim;Jeehwan Kim;YongJoo Kim;Young Joon Hong;Sung-Yool Choi;Heejun Yang;Jonghwan Kim;Byungjo Kim;Woo-Hee Kim;Chang-Soo Lee;Kibum Kang,Spatially deterministic nucleation of 2D semiconductors by etching flux,"Etching-flux-mediated single-centred nucleation of two-dimensional semiconductors is used to deterministically localize a single nucleation event, expanding semiconductor deposition from controlling where materials grow to controlling where and how crystals can begin to form. 
 Nucleation control is fundamental to semiconductor deposition, governing when, where and how crystalline materials form. Conventional strategies can regulate nucleation density and, through area-selective growth, confine deposition to designated regions1–13. However, they generally do not determine where an individual nucleus forms within the growth regions, leaving even single-nucleation events spatially stochastic and limiting deterministic construction of crystalline materials. Here we report etching-flux-mediated single-centred nucleation of two-dimensional (2D) semiconductors to deterministically localize a single nucleation event. The etching flux released from the barrier suppresses nuclei near the pattern boundary, leaving a single surviving nucleus at the pattern centre, and systematic experiments elucidate the mechanism and establish nucleation design rules for zero, single and multiple nucleation regimes. Etching-flux-mediated single-centred nucleation enables single-crystal molybdenum disulfide growth at the 10-μm scale, field-effect mobilities of up to 117 cm2 V−1 s−1 and large-area uniformity with process compatibility. This in-plane chemical-flux strategy realizes spatially programmed growth, demonstrating nucleation–growth decoupling for line-shaped single crystals, multiple transistors integrated within a large common crystal, and aligned 2D lateral heterostructures for self-aligned contacts. These capabilities open a path towards advanced 2D electronic integration and expand semiconductor deposition from controlling where materials grow to controlling where and how crystals can begin to form. Etching-flux-mediated single-centred nucleation of two-dimensional semiconductors is used to deterministically localize a single nucleation event, expanding semiconductor deposition from controlling where materials grow to controlling where and how crystals can begin to form."
10.1038/s41586-026-11144-9,False,Nature,该论文研究的是飞行动物导航中心中的神经回路，涉及神经科学和生物物理学，与大气环境遥感技术（如空气质量监测、卫星观测、大气成分分析、气溶胶反演）没有直接关系。,"['atmospheric environmental remote sensing', 'air quality monitoring', 'satellite observations', 'atmospheric composition analysis', 'aerosol retrieval']",Aaron J. Lanz;Nicholas D. Kathman;Emily Hao;Bard Ermentrout;Katherine I. Nagel,A split attractor design for rapidly writing a navigational goal,"The recurrent h∆K–PFG neural circuit generates persistent heading memories through slow excitation, fast inhibition and a disinhibitory gate, where disinhibition controls the functional coupling of the network to rapidly transition between measurement and memory. 
 Recurrent attractor networks are widely thought to form the basis of working memory1–3, but how they can be rapidly switched on and off is unclear4–7. Here we investigate stability and switching in a recurrent circuit of the fly navigation centre8. h∆K and PFG neurons are recurrently connected in a ring structure and exhibit shared persistent bump activity that turns on with odour and terminates at the end of a goal-directed run. Using whole-cell recordings, we show that persistence in h∆K depends on recurrence, and that h∆K receives slow recurrent excitation and fast inhibition from its synaptic partners. Computational modelling reveals that these synaptic dynamics yield persistent attractor dynamics over a range of synaptic strengths. Next we examine the mechanisms of rapid switching. We find that whereas both populations show similar activity during runs, they become decoupled during turns and rest. We can reproduce these differential dynamics in our model by using inhibition to dynamically uncouple activity in h∆K from PFG. When h∆K is inhibited, PFG neurons follow their inputs from the compass system; when h∆K is disinhibited, recurrent interactions lock this input into place, forming a heading memory. Consistent with this model, we find that inhibitory inputs onto h∆K increase during turns and are suppressed during odour and goal-directed runs. Our work reveals how disinhibition can serve as a gate to rapidly write an ongoing measurement to a recurrent circuit. The recurrent h∆K–PFG neural circuit generates persistent heading memories through slow excitation, fast inhibition and a disinhibitory gate, where disinhibition controls the functional coupling of the network to rapidly transition between measurement and memory."
10.1038/s41586-026-11116-z,False,Nature,该论文研究的是一种微生物体内的氮ase结构及其调控机制，与大气环境遥感技术（如空气质量监测、卫星观测、大气成分分析、气溶胶反演）没有直接关系。,"['methanogen', 'nitrogenase', ' Cryo-EM']",Rajnandani Kashyap;Thomas M. Deere;Ahmed Dhamad;Melissa Chanderban;Monika Tokmina-Lukaszewska;Brian Bothner;Daniel J. Lessner;Edwin Antony,Cryo-EM structure of a methanogen nitrogenase–PII protein supercomplex,"Cryo-electron microscopy of a nitrogenase supercomplex from a methane-producing archaeon reveals a mechanism in which PII proteins drive assembly of such structures to regulate nitrogenase activity in response to nitrogen availability. 
 Nitrogenases are metalloenzymes that catalyse the reduction of atmospheric dinitrogen to ammonia, sustaining the global nitrogen cycle1,2. Although bacterial nitrogenase has been extensively characterized, the architecture and regulation of archaeal nitrogenases have remained unknown despite longstanding evidence of nitrogen fixation in methanogens. Here we report a cryo-electron microscopy structure of a native nitrogenase–PII protein supercomplex from Methanosarcina acetivorans. The structure reveals an assembly of three NifDK heterotetramers bridged by six NifI1,2 heterotrimeric PII complexes, which sterically block NifH association and lock the enzyme in an inactive state. The PII complexes show asymmetric binding of ADP and 2-oxoglutarate, coupling nitrogenase inhibition directly to cellular energy and nitrogen status. Addition of 2-oxoglutarate and ATP releases the NifI complexes, stimulating a threefold increase in NifDK activity in vitro. This higher-order architecture identifies a regulatory strategy in methanogens in which PII proteins drive nitrogenase oligomerization to control activity. The finding that nitrogenase activity may be modulated through direct assembly into higher-order structures indicates future directions for the exploration of nitrogenase evolution, regulation and biotechnological applications. Cryo-electron microscopy of a nitrogenase supercomplex from a methane-producing archaeon reveals a mechanism in which PII proteins drive assembly of such structures to regulate nitrogenase activity in response to nitrogen availability."
10.1038/s41586-026-11107-0,False,Nature,该论文的研究对象是史前哺乳动物化石，涉及生物演化和古生态学，与大气环境遥感技术（如空气质量监测、卫星观测、大气成分分析、气溶胶反演等）无关。,"['fossil', 'mammaliaform', 'Jurassic']",Y. Li;P. Li;A. I. Neander;H. Zhang;C.-F. Zhou;T. Martin;Z.-X. Luo,A Jurassic mammaliaform swimmer and transformation of the mammalian pharynx,"A swimming and water-foraging mammaliaform, Megacauda sungei gen. et sp. nov., had a lifestyle analogous to the extant platypus, and was capable of mammal-like swallowing and suckling. 
 The discovery of a well-preserved mammaliaform fossil from the Middle Jurassic period of China reveals evidence on the evolutionary transformation of the feeding apparatus and the ecological diversity of Mesozoic era mammals. Mammaliaforms are evolutionary predecessors to modern Mammalia1–3, and their morphologies provide primary insights into the evolutionary origin of mammals. The rare preservation of a therian-like pharyngeal vault (throat passage) and hyoid skeletal anatomy (throat bones) in this mammaliaform suggests that critical soft-tissue anatomy for therian-like swallowing, drinking and suckling behaviours had evolved in the common ancestors of Docodonta and Mammalia, long before the rise of modern mammals. This fossil exhibits a wealth of features specialized for swimming, filling in a major gap of anatomical knowledge of pelvis and hindlimb for early mammals. It is characterized by highly distinctive canines and pseudo-carnassial sectorial teeth for a faunivorous diet. We interpret that this mammaliaform was semiaquatic, swimming and foraging in water, with a lifestyle analogous to the extant platypus. This species is the largest of Jurassic mammaliaforms. It expands the body size range of docodontans, and adds to a growing body of evidence that multiple docodontans exploited diverse niches with semiaquatic and other ecomorphotypes. Docodontans are an early example of replicated evolution of the semiaquatic and other ecomorphotypes in the Mesozoic ecosystem dominated by dinosaurs, long before the diversification of extant mammals. A swimming and water-foraging mammaliaform, Megacauda sungei gen. et sp. nov., had a lifestyle analogous to the extant platypus, and was capable of mammal-like swallowing and suckling."
10.1038/s41586-026-11114-1,False,Nature,该论文主要研究的是人体肺部类器官模型中的组织驻留抗病毒T细胞反应，与大气环境遥感技术（如空气质量监测、卫星观测、大气成分分析、气溶胶反演等）无关。,"['lung organoid', 'T cell responses', 'SARS-CoV-2']",Joseph K. Rathkey;Shannon S. Choi;Vincent van Unen;Huimin Zhang;Min Liu;Jie Ding;Samira A. Alwahabi;António J. M. Santos;Vamsee Mallajosyula;Joshua E. Chan;Azam Mohsin;Maher M. Elsheikh;Arjun Rustagi;Brandon Lam;Steven M. Chirieleison;Bailey Wallen;Daniel Solis;Jordan Mah;Hudson T. Horn;Katharina Röltgen;Ramesh Nair;Winston Trope;Alexander Guh-Siesel;Zhongqi Lin;Hannah S. Powell;Ahmad Salehi;Aimee Beck;Caitlin Edwards;Brock A. Martin;James C. Y. Dunn;Joseph Shrager;Ralph S. Baric;Benjamin Pinsky;Scott D. Boyd;Catherine A. Blish;Alessandro Sette;Alba Grifoni;Mark M. Davis;Calvin J. Kuo,Human lung organoid modelling of tissue-resident antiviral T cell responses,"Lung organoids containing endogenous resident immune cells show that SARS-CoV-2 infection elicits protective, tissue-resident memory T cell responses, demonstrating local recall immunity and providing a platform for the study of human tissue-resident antiviral defence. 
 Tissue-resident immunity constitutes a first line of defence against pathogens and enables rapid innate and adaptive memory responses1–3. However, experimental studies have been hindered by a lack of holistic human in vitro models that enable epithelial infection in the context of tissue-resident immune subsets. In lung, differing notions of transient versus sustained residency of tissue-resident memory T cells (TRM cells) have challenged the extent to which anamnestic recall immunity to respiratory pathogens occurs locally or in concert with secondary lymphoid organs4–6. Here we generated long-term adult human distal lung organoids from intact tissue fragments in 3D air–liquid interface culture, which co-preserved epithelial and stromal components with endogenous lung-resident immune cells (T cells, B cells, natural killer cells and myeloid cells). The organoid T cells expressed residency and memory markers and preserved T cell receptor repertoires of cognate fresh tissue. SARS-CoV-2 infected the organoid lung epithelium, stimulated inflammatory cytokine production and, crucially, induced SARS-CoV-2-specific, tissue-resident T cell responses. Furthermore, boosting T cells within intact organoids with SARS-CoV-2 peptide pools blunted subsequent SARS-CoV-2 infection, consistent with a component of virus-specific protective TRM cell function in the absence of secondary lymphoid tissues. Overall, this immunocompetent lung organoid system demonstrates functional control of viral infection by lung-intrinsic memory T cell responses, provides a rationale for local vaccination strategies and validates a general platform for investigation of human tissue-resident immunity in health and disease. Lung organoids containing endogenous resident immune cells show that SARS-CoV-2 infection elicits protective, tissue-resident memory T cell responses, demonstrating local recall immunity and providing a platform for the study of human tissue-resident antiviral defence."
10.1038/s41586-026-11142-x,False,Nature,该论文研究的是肠道微生物与动脉粥样硬化的关系，与大气环境遥感技术（如空气质量监测、卫星观测、大气成分分析、气溶胶反演）无关。,"['air quality', 'satellite observations', 'atmospheric composition', 'aerosol retrieval']",Chao Yin;Youzhe Chen;Gan Lin;Mingwei Cai;Cuiping Pang;Xianzun Xiao;Kaining Han;Chaoxiong Mei;Miaomiao Qin;Peizhi Fan;Yibo Zhao;Lihong Du;Yanqin Xie;Jiang Wang;Yudan Mao;Xiangting Zhou;Xue Gao;Li Jin;Peijie Li;Zepeng Qu;Zhipeng Tan;Ruolan Sun;Xiahong Lin;Yang Zhang;Lei Dai;Zhaofan Luo;Xiangyu Mou;Xiaoyu Tang;Wenjing Zhao,A gut microbial odd-chain fatty acid alleviates atherosclerosis in mice,"The administration of Bacteroides uniformis in mice can mitigate atherosclerosis via pentadecanoic acid, which directly inhibits HMG-CoA reductase to promote hepatic cholesterol clearance. 
 The gut microbiota plays a pivotal part in human health, yet the molecular mechanisms that underlie its effects are largely unexplored. Bacteroides, a dominant genus in the human gut microbiota, is depleted in patients with atherosclerosis1, but its causal relationship with disease remains unclear. Here, using a mouse model, we show that administration of Bacteroides uniformis alleviates atherosclerosis through the upregulation of hepatic low-density lipoprotein receptor expression. Bioactivity-guided screening revealed pentadecanoic acid (PA, C15:0), a saturated odd-chain fatty acid, as a principal bioactive metabolite. PA supplementation reduced atherosclerotic plaque burden by around 50% and significantly improved plasma lipid profiles, a result that underscores its therapeutic potential. Mechanistically, PA enhances cholesterol clearance by directly inhibiting HMG-CoA reductase, suppressing hepatic cholesterol biosynthesis and promoting plasma low-density lipoprotein cholesterol removal. Analyses of 100 gut bacterial strains revealed that PA production occurs across multiple Bacteroidota genera. Notably, PA is markedly depleted in patients with dyslipidaemia. In summary, a Bacteroidota-derived odd-chain fatty acid regulates gut–liver crosstalk, and modulation of the microbial–metabolic axis has atheroprotective potential. The administration of Bacteroides uniformis in mice can mitigate atherosclerosis via pentadecanoic acid, which directly inhibits HMG-CoA reductase to promote hepatic cholesterol clearance."
10.1038/s41586-026-11067-5,False,Nature,该论文研究的是声子超材料中的拓扑相变，属于物理学和材料科学领域，与大气环境遥感技术（如空气质量监测、卫星观测、大气成分分析、气溶胶反演等）没有直接关联。,"['acoustic metamaterial', 'topological phase transition', 'Landau–Ginzburg paradigm']",Zheyu Cheng;Xiuhai Zhang;Xue-Jia Yu;Longwen Zhou;Jiangbin Gong;Baile Zhang,Observation of critical topological phase transition,"Using an acoustic metamaterial platform, a critical topological phase transition is experimentally demonstrated establishing a hierarchical phase transition organization, in which topology shapes criticality beyond the conventional Landau–Ginzburg paradigm and standard topological phase transitions. 
 Phase transitions are traditionally understood within two seemingly incompatible theoretical paradigms. Landau–Ginzburg phase transitions1,2 are continuous, occurring at critical points where microscopic details become irrelevant and universal behaviour emerges, driven by gapless fluctuations with scale-invariant correlations3. By contrast, topological phase transitions connect gapped phases characterized by quantized topological invariants4,5 and, in doing so, necessarily pass through gapless phase boundaries where such invariants become ill-defined6–9. Here using an acoustic metamaterial platform, we experimentally demonstrate a unifying scenario—a critical topological phase transition—in which topology becomes well-defined at criticality10–13, overcoming this conventional incompatibility, and reorganizes critical behaviour by driving a phase transition along critical phase boundaries14. This transition gives rise to a topology-enforced multicritical point at an isolated intersection of critical boundaries with distinct topology. Along these boundaries, we observe topological edge states and diagnose criticality by means of logarithmic entanglement-entropy scaling15–17. At the multicritical point, the entanglement entropy shows additive logarithmic scaling given by the sum of contributions from adjacent boundaries, directly evidencing topology-enforced multicriticality. These findings establish a hierarchical organization of phase transitions, in which topology shapes criticality beyond the conventional Landau–Ginzburg paradigm and standard topological phase transitions. Using an acoustic metamaterial platform, a critical topological phase transition is experimentally demonstrated establishing a hierarchical phase transition organization, in which topology shapes criticality beyond the conventional Landau–Ginzburg paradigm and standard topological phase transitions."
10.1038/s41586-026-11121-2,False,Nature,该论文研究的是生物体内氧化应激与免疫和组织复原的关系，主要涉及DHRS7和OXER1信号通路，与大气环境遥感技术（如空气质量监测、卫星观测、大气成分分析、气溶胶反演等）无关。,[],Yanan Ma;Miklós Lengyel;King Lam Hui;Yohannes A. Ambaw;Zaza Gelashvili;Leehyeon Kim;Ritchie Ly;Siyang Peng;Meysoon Quraishi;Tobias C. Walther;Robert V. Farese Jr;Philipp Niethammer,5-oxoETE links redox control of epithelial damage detection and resilience,"The DHRS7–OXER1 pathway links oxidative stress to immunity and tissue resilience by modulating 5-oxoETE via NADP+–NADPH, activating OXER1 to recruit antimicrobial cells and induce NUDIX enzymes that protect epithelial redox integrity. 
 Organisms harness oxidative stress to rapidly attract white blood cells to wound sites and to kill pathogens1–3. To this end, host tissues increase their own oxidative stress resilience and repair capacity via adaptive redox signalling4–6. Here, using live zebrafish and human cells, we identify a metabolic redox signalling mechanism that integrates oxidative immune defence with tissue adaptation. We demonstrate that DHRS7, an orphan short-chain fatty acid dehydrogenase–reductase, generates or consumes the pro-inflammatory lipid 5-oxoETE as a function of cytoplasmic NADP+/NADPH ratio. At wounds, where oxidative stress and NADP+ are high, 5-oxo-eicosatetraenoic acid (5-oxoETE) production by DHRS7 rapidly alerts antimicrobial white blood cells through the G-protein-coupled receptor OXER1. In undamaged tissue, where NADP+ is low, DHRS7 quenches unnecessary inflammation. Notably, we find that 5-oxoETE also supports epithelial redox resilience; OXER1-deficient zebrafish exhibit intestinal apoptosis, barrier disruption and microbial inflammation. Mechanistically, 5-oxoETE induces the expression of NUDIX hydrolases, which protect the cytoplasmic nucleotide pool from oxidation and prevent apoptosis in zebrafish and human intestinal cells. Thus, our data reveal a conserved mode of redox sensing and signalling—beyond classic thiol oxidation—that leverages NADPH metabolism to orchestrate the antimicrobial and pro-resilience functions of oxidative stress. The DHRS7–OXER1 pathway links oxidative stress to immunity and tissue resilience by modulating 5-oxoETE via NADP+–NADPH, activating OXER1 to recruit antimicrobial cells and induce NUDIX enzymes that protect epithelial redox integrity."
10.1038/d41586-026-03190-0,False,Nature,该论文标题和摘要与大气环境遥感技术（如空气质量监测、卫星观测、大气成分分析、气溶胶反演）无关。内容涉及的是物理学诺贝尔奖以及智能眼镜隐私问题，与大气环境遥感技术主题不符。,[],Flora Graham,Daily briefing: Physics Nobel for founder of neutrino-hunting observatory,"Francis Halzen has won the Nobel Prize in Physics for his work in founding the IceCube Neutrino Observatory. Plus, a call to prevent a privacy crisis driven by smart glasses and has flu season come early? 
 Francis Halzen has won the Nobel Prize in Physics for his work in founding the IceCube Neutrino Observatory. Plus, a call to prevent a privacy crisis driven by smart glasses and has flu season come early?"
10.1038/s41612-026-01561-y,True,npj Climate and Atmospheric Science,该论文与大气环境遥感技术密切相关，因为它通过分析观测温度记录和气候模型来评估全球变暖速率和1.5°C阈值的时间线，这与大气成分分析、卫星观测等遥感技术应用领域直接相关。,"['global warming', 'temperature records', 'climate models', '1.5°C threshold']",Qinjian Jin;Bing Pu,A recent doubling of global warming rate signals a 1.5 °C breach by 2028,"A recent doubling of global warming rate signals a 1.5 °C breach by 2028 
 Timely and accurate projections of when global warming will exceed the Paris Agreement’s 1.5 °C threshold are essential for effective climate policy. Existing estimates place this exceedance in the early 2030 s but carry substantial uncertainty. Here we analyze the latest observational temperature records through 2025 and identify a statistically significant doubling of the global warming rate during 2011–2025 (0.40 °C per decade) compared to 1971–2025 (0.20 °C per decade). Extrapolating this accelerated rate projects a crossing of the 1.5 °C threshold by 2028, nearly a decade earlier than previous estimates. Regional analyses attribute this acceleration primarily to intensified warming over East Asia–the North Pacific, mid-latitude Eurasia, and the South Atlantic–Antarctic regions. The ensemble mean of 26 climate models fails to capture the observed doubling of the warming rate, simulating a rate of only 0.29 °C per decade. These findings suggest a narrower window remains to limit warming to 1.5 °C, underscoring the urgency for rapid  and substantial reductions in greenhouse gas emissions."
10.1038/s41612-026-01557-8,True,npj Climate and Atmospheric Science,该研究探讨了罗斯比波导对梅雨-黄梅极端事件的次季节可预测性，涉及大气环流和降水模式的分析，与大气环境遥感技术中的大气成分分析和降水监测密切相关。,"['Rossby wave', 'Meiyu-Baiu', 'NAM', 'subseasonal predictability', 'extreme rainfall']",Yana Li;Yi Deng;Hui Su;Wen Zhou;Cen Wang;Xiaoming Hu;Song Yang;Enze Zhang;Huisi Mo,Rossby wave diversion as a source of subseasonal predictability for extreme Meiyu-Baiu events,"Rossby wave diversion as a source of subseasonal predictability for extreme Meiyu-Baiu events 
 Meiyu-Baiu, the distinct rainy season in subtropical East Asia, is characterized by a quasi-stationary Meiyu-Baiu Front (MBF) along which excessive rainfall and mega floods often occur. This study shows that the spatial stationarity of MBF, and thus its potential to generate catastrophic flooding is inherently modulated by synoptic-scale disturbances over northeastern East Asia. The activity of these disturbances is coupled with the Northern Annular Mode (NAM) and the subtropical westerly jet across the subseasosnal timescales. A prominent negative phase of the NAM shifts the jet and its associated Rossby waveguide equatorward, channeling wave energy toward subtropical East Asia instead of northeastern East Asia. This “diversion” of Rossby wave leads to suppressed development of synoptic-scale disturbances and a more stable mid-latitude airmass, ultimately stabilizing the MBF and thus persistent and extreme Meiyu-Baiu rainfall. This mechanism clearly operated in the extreme Meiyu-Baiu season in 2020. Subseasonal hindcasts of the event further confirm that their skills are directly proportional to their capability in predicting the NAM transition to a negative phase. This finding underscores the need to improve the representation of the extratropical atmospheric variability in forecast models to better predict and prepare for extreme rainfall and hydrological hazards typical of Meiyu-Baiu seasons."
10.1038/s43247-026-04118-2,True,Communications Earth & Environment,该论文研究了表层海洋热浪对浮游植物的影响，使用了原位观测技术（如自主海洋滑翔机），这与大气环境遥感技术中的空气质量监测、卫星观测、大气成分分析、气溶胶反演等方向相关，因为它们都涉及对环境参数（如浮游植物浓度、温度）的观测和分析。,"['chlorophyll', 'marine heatwave', 'in situ observations', 'biogeochemistry', 'shelf sea']",Charlotte A. J. Williams;Beth E. Scott;Tom P. Rippeth;Zoe L. Jacobs;Juliane U. Wihsgott;Matthew R. Palmer;Rory O’Hara Murray;Joanne E. Hopkins,Chlorophyll extremes during a surface marine heatwave in a seasonally stratified shelf sea,"A strong 2023 marine heatwave enhanced surface chlorophyll, with particularly persistent increases below the surface in the Firth of Forth, Scotland, according to high-resolution in situ observations. 
 Marine heatwaves are increasing in frequency and intensity globally against a background of long-term climate warming, yet their impacts on subsurface biogeochemistry in temperate shelf seas remain poorly constrained. Here, we present high-resolution in situ observations of chlorophyll during a Category IV marine heatwave in June 2023, collected using an autonomous ocean glider in a seasonally stratified shelf sea. Surface chlorophyll exhibited a rapid but short-lived enhancement, increasing from <1 mg m⁻³ to >5 mg m⁻³ and briefly exceeding the climatological ±2σ range by up to 40%. In contrast, subsurface chlorophyll showed a sustained enhancement, with concentrations within the subsurface chlorophyll maximum increasing from typical post-bloom values of 1–2 mg m⁻³ to >3 mg m⁻³ and episodic peaks exceeding 9 mg m⁻³. This intensification was accompanied by an increase in depth-integrated chlorophyll, reaching 140 mg m⁻². Accelerated bottom mixed-layer warming and strengthened horizontal temperature gradients are consistent with a possible influence of horizontal transport processes, while elevated surface irradiance may also have contributed. These findings highlight the importance of sustained, vertically resolved observations for detecting ecosystem responses to climate extremes. A strong 2023 marine heatwave enhanced surface chlorophyll, with particularly persistent increases below the surface in the Firth of Forth, Scotland, according to high-resolution in situ observations."
10.1038/s43247-026-04115-5,True,Communications Earth & Environment,该论文使用卫星测高技术来研究全球洪水峰值时间的变化，这涉及到大气环境遥感技术，特别是通过卫星观测来分析大气成分和水资源变化。,"['satellite altimetry', 'flood peak timing', 'atmospheric composition analysis']",Xudong Zhou;Puyuan Chen;Gonghuan Fang;Liguang Jiang;Gang Zhao;Peirong Lin;Jiabo Yin;Guoqiang Tang;David Z. Zhu,Satellite altimetry reveals heterogeneity in global flood peak timing and its shifts,"Flood peak timing shifted earlier at 52.2% of river virtual stations and 27 of the 50 largest basin outlets, especially at high latitudes and elevations, according to a study using satellite altimetry and clustering analysis to investigate global flood peak timing and its trends from 2008 to 2025. 
 Flood peak timing (FloPT) is a key indicator of hydrological responses to climate change. Yet global FloPT assessments is limited by sparse and uneven in-situ discharge observations. Here, we demonstrated the capability of satellite altimetry to estimate FloPT worldwide and presented the global map of observed FloPT, with a dramatic improvement in spatial coverage, especially in Global South countries. Altimetry-based FloPT shows distinct behaviors in snowmelt-dominated and precipitation-driven regions. Moreover, FloPT trends during 2008-2025 vary globally and within individual basins. 52.2% of the virtual stations and 27 of the 50 largest river basin outlets exhibit earlier FloPT. Earlier flood peaks are pronounced at high latitudes and elevations, consistent with accelerated snowmelt. Delayed peaks occur in the upper Mississippi, southern Amazon, and central Congo, consistent with shifts in precipitation maxima. Human water management also shapes abrupt FloPT changes, with stronger regulation constraining shifts. These results demonstrate the value of dense satellite altimetry resolving FloPT variability, particularly in remote and data-scarce regions. Flood peak timing shifted earlier at 52.2% of river virtual stations and 27 of the 50 largest basin outlets, especially at high latitudes and elevations, according to a study using satellite altimetry and clustering analysis to investigate global flood peak timing and its trends from 2008 to 2025."
10.1038/s43247-026-04047-0,True,Communications Earth & Environment,该论文研究了火源臭氧对亚马逊森林碳损失的影响，涉及大气污染物臭氧和火灾活动，与大气环境遥感技术中的空气质量和大气成分分析相关。,"['ozone', 'fire activity', 'Amazon forests']",Flossie Brown;Stephen Sitch;Gerd A. Folberth;Lina M. Mercado;Alexander W. Cheesman;Scott Barningham;James Weber;Ben Johnson;Michael O’Sullivan;Paulo Artaxo,Fire-derived ozone intensifies carbon loss in Amazon forests under extreme droughts,"Fire-derived ozone increases carbon losses from the Amazon by about one quarter of direct fire emissions, with damage persisting during extreme drought despite stomatal limitation, based on land-surface modelling of fire activity, ozone exposure, and climate variability. 
 The Amazon rainforest is a vital contributor to the removal of anthropogenic carbon dioxide from the atmosphere. Ozone (O3) is an atmospheric pollutant that reduces carbon dioxide uptake by vegetation. Yet the degree to which variability in ozone, elevated by anthropogenic-derived fire activity, and climate contribute to changes in Amazon forest productivity remains poorly understood. Here, we employ a land surface model to quantify the interannual variability of fire-derived ozone damage across the Amazon and explore its coupling with extreme drought and stomatal responses. We estimate that fire-derived ozone damage increases carbon losses by approximately one quarter of direct fire emissions, revealing a potentially important indirect pathway by which may fires amplify carbon loss. Notably, our simulations suggest high fire activity during extreme droughts, such as in 2024, likely result in ozone damage despite extensive stomatal limitation, highlighting the urgency to reduce deforestation and forest fire as the climate changes. Fire-derived ozone increases carbon losses from the Amazon by about one quarter of direct fire emissions, with damage persisting during extreme drought despite stomatal limitation, based on land-surface modelling of fire activity, ozone exposure, and climate variability."
None,True,Remote Sensing of Environment,该论文研究的是利用非局部DS-InSAR技术和物理反演方法来探测地下煤火形成的燃烧空腔。虽然主要关注的是地下现象，但地下煤火会产生大量有害气体和烟尘，这些是大气环境的重要组成部分，因此与大气环境遥感技术（如空气质量和大气成分分析）有一定关联。,"['nonlocal DS-InSAR', 'physics-based inversion', 'underground coal fires']",Shiyong Yan;Wenyan Qiu;Yufen Niu;Haolei Zhang;Jinqi Zhao;Zhong Lu,Mapping subsurface combustion cavities in underground coal fires using nonlocal DS-InSAR and physics-based inversion,
None,True,Remote Sensing of Environment,该论文研究了多源卫星数据进行森林清查（FAPAR）的交叉验证，涉及卫星观测、产品组合、统计模型、空间和时间尺度，这些都直接与大气环境遥感技术相关，例如大气成分分析和空气质量监测。,"['satellite SIF', 'cross-evaluation', 'atmospheric composition']",Xiaodan Wu;Qicheng Zeng;Yuxin Wang;Rongqi Tang;Jing Pei;Gaofei Yin;Xiaojun Li;Jianguang Wen;Qing Xiao,"The conditional nature of error estimates in multi-source satellite SIF cross-evaluation: How product combinations, statistical models, spatial scales, and temporal treatments shape the conclusions",
None,False,Remote Sensing of Environment,该论文研究的是利用单几何合成孔径雷达（SAR）观测数据，通过物理约束的贝叶斯框架整合反演海面风场和流场。虽然涉及遥感技术，但其主要应用于海洋环境监测，而非大气环境遥感技术，如空气质量监测、卫星观测、大气成分分析或气溶胶反演。,"['SAR', 'ocean surface wind', 'current fields']",Yuting Zhu;Marcos Portabella;Shengren Fan;Giuseppe Grieco;Xiaoqing Wang;Xiaofeng Li;Haohuan Fu,Integrated retrieval of ocean surface wind and current fields from single-geometry SAR observations through a physically constrained Bayesian framework,
None,False,Remote Sensing of Environment,该论文主要研究的是多种来源的土壤湿度产品，使用不同的三重校准方法，并结合空间相似性评估框架进行综合评估。这与大气环境遥感技术（如空气质量监测、卫星观测、大气成分分析、气溶胶反演）没有直接关系，因此相关性不强。,"['soil moisture', 'triple collocation', 'spatial similarity']",Meng Cao;Min Chen;Jeffrey P. Walker,Effectiveness of multi-source merged soil moisture products using different triple collocation methods: A comprehensive assessment incorporating spatial similarity evaluation framework,
None,True,Remote Sensing of Environment,该论文标题和摘要明确涉及“量子增强的多光谱遥感技术”，这在环境监测领域特别相关。多光谱遥感技术常用于大气成分分析和空气质量监测，而“超低信号环境”暗示了其在探测较弱信号（如污染物）方面的应用。因此，该论文与大气环境遥感技术密切相关。,"['quantum-enhanced', 'multispectral remote sensing', 'ultra-low signal environments']",Sumanta Das;Malini Roy Choudhury,Next frontier of Earth observation: Quantum-enhanced multispectral remote sensing for ultra-low signal environments,
None,True,Remote Sensing of Environment,该论文标题和摘要明确涉及使用Sentinel-5P和EnMAP卫星传感器对格陵兰冰盖上融化的冰川区域的总水汽柱进行对比测量，这属于大气环境遥感技术中的大气成分分析和卫星观测领域。,"['Sentinel-5P', 'EnMAP', 'total column water vapor', 'Greenland ice sheet']",Alexander Kokhanovsky;Luca Lelli;Karl Segl;Jörg Bendix,The intercomparison of total column water vapor over a melting glacier on the Greenland ice sheet derived using spaceborne Sentinel-5P and high spatial resolution EnMAP measurements,
None,True,Remote Sensing of Environment,该论文研究的是利用遥感技术监测活火山环境中的热液蚀变，这属于大气环境遥感技术中的地球科学应用，特别是火山活动和大气成分分析的相关领域。因此，它与大气环境遥感技术有较强的关联性。,"['hydrothermal alteration', 'volcanic environments', 'remote sensing']",Guosheng Gao;Thomas R. Walter;Samuel T. Thiele,Remote sensing of hydrothermal alteration in active volcanic environments: A critical review and integrated analysis of Lastarria volcano,
None,True,Remote Sensing of Environment,该论文标题和摘要明确涉及从空间成像光谱数据中检索甲烷并绘制点源排放，这与大气环境遥感技术（如卫星观测和大气成分分析）密切相关。,"['methane retrieval', 'spaceborne imaging spectrometry', 'atmospheric remote sensing']",Fei Li;Chenxi Feng;Javier Roger Juan;Luis Guanter;Huilin Chen;Shiwei Sun;Donglai Xie;Jun Lin;Lanlan Fan;Jianwei Cai;Yongguang Zhang,An optimized methane retrieval approach based on morphological fusion for mapping methane point emissions from spaceborne imaging spectrometry,
None,True,Remote Sensing of Environment,该论文与大气环境遥感技术密切相关，因为它涉及使用Landsat卫星数据获取南极海面温度，并采用云原生处理和新型海豹标签验证方法。这些技术广泛应用于卫星观测和大气成分分析领域。,"['Landsat', 'sea surface temperatures', 'cloud-native processing']",Tasha Snow;Andrew Harris;Francis Glassup;Shane Grigsby;Ellianna Abrahams;Elena Savidge;Ted Scambos;Seonju Lee;Guilherme Bortolotto;Fernando Pérez;Christopher Shuman;Waleed Abdalati;Matthew Siegfried,High-resolution Antarctic sea surface temperatures from Landsat enabled by cloud-native processing and novel seal-tag validation,
None,True,Remote Sensing of Environment,该论文研究使用亚厘米级分辨率的无人机RGB图像从几何特征角度估算稻叶角度分布，涉及遥感技术在植被监测中的应用，与大气环境遥感技术（如空气质量监测和植被分析）有较强的关联性。,"['UAV RGB imagery', 'rice leaf angle', 'geometric features', 'remote sensing', '45° viewing angle']",Yangmingrui Gao;Linyuan Li;Ming Shi;Wenjie Wang;Peiqi Yang;Feng Xiao;Hao Lu;Fred Baret;Yanfeng Ding;Shouyang Liu,Estimation of rice leaf angle distribution from geometric features in millimetric-resolution UAV RGB imagery acquired at 45° viewing angle,
None,False,Remote Sensing of Environment,该论文标题和摘要中并未提及与大气环境遥感技术相关的关键词，如空气质量监测、卫星观测、大气成分分析或气溶胶反演等。,[],Elyssa L. Collins;Augusto Getirana;Sujay Kumar;Yeosang Yoon;Chi-Hsiang Huang;Huilin Gao;Fuad Yassin,Towards continental-scale SWOT-based modeling of reservoir operations,
None,False,Remote Sensing of Environment,该论文主要关注利用地面激光雷达系统（terrestrial LiDAR）对小麦冠层进行植物面积指数和三维分布的评估，属于植物表型分析领域，与大气环境遥感技术（如空气质量监测、卫星观测、大气成分分析、气溶胶反演）相关性较弱。,"['terrestrial LiDAR', 'plant area index', '3D plant area distribution']",Raul Lopez-Lozano;Tian Ma;Maxime Soma;Marie Weiss;Aurelien Ausset;Philippe Burger;Bruno Berthon;Romain Chapuis;Marie-Pia D'Argaignon;Antonin Grau;Florian Larue;Romane Le-Roy;Remy Marandel;Vincent Mercier;Mathieu Roy;Gilles Tison;Frederic Venault;Pierre Martre;Frederic Baret,Assessing plant area index and 3D plant area distribution in wheat canopies from a terrestrial LiDAR system for high-throughput plant phenotyping,
None,True,Remote Sensing of Environment,该论文研究如何从遥感测量中获取晴空地表长波向下辐射，这与大气环境遥感技术密切相关，特别是与空气质量监测和卫星观测相关，因为长波辐射是大气成分和能量平衡的重要参数。,"['clear-sky', 'surface longwave downward radiation', 'remotely sensed measurements']",Yihan Du;Tianxing Wang;Yi Zheng;Dahui Li;Yuyang Xian;Feiyao Gao;Stefan A. Buehler,A scene-mapped framework for deriving clear-sky surface longwave downward radiation from remotely sensed measurements,
None,True,Remote Sensing of Environment,该论文使用Sentinel-1和Sentinel-2卫星图像时间序列数据进行农业田界划分，涉及卫星观测技术，与大气环境遥感技术（如卫星遥感、图像分析）密切相关，因此是相关的。,"['Sentinel-1', 'Sentinel-2', 'satellite image time series', 'agricultural field boundary delineation']",Foivos I. Diakogiannis;Zheng-Shu Zhou;Jeff Wang;Gonzalo Mata;Dave Henry;Roger Lawes;Amy Parker;Peter Caccetta;Suzanne Furby;Rodrigo Ibata;Ondrej Hlinka;Jonathan Richetti;Kathryn Batchelor;Chris Herrmann;Andrew Toovey;John Taylor,Tackling fluffy clouds: robust agricultural field boundary delineation from Sentinel-1 and Sentinel-2 satellite image time series,
None,True,Remote Sensing of Environment,该论文研究的是京津冀都市圈的人为热通量高空间分辨率映射，使用了CUNTLI基础清单方法。虽然主要关注人为热通量，但这种方法通常涉及大气环境监测和遥感技术，特别是与城市热岛效应和空气质量相关的研究，因此与大气环境遥感技术有较强关联。,"['anthropogenic heat flux', 'Beijing-Tianjin-Hebei', 'CUNTLI-based inventory method']",Biyun Guo;Yingchun Fu;Deyong Hu;Yaolong Zhao;Qiming Zheng;Yuyu Zhou,High-spatial-resolution mapping of annual anthropogenic heat flux in the Beijing-Tianjin-Hebei urban agglomeration using the CUNTLI-based inventory method,
None,True,Remote Sensing of Environment,该论文标题和摘要明确涉及使用无人机（UAV）和卫星遥感技术来整合多尺度异质性信息，以提高区域小麦产量估算。这与大气环境遥感技术（如空气质量监测、卫星观测、大气成分分析、气溶胶反演）相关，因为遥感技术在农业产量估算和大气环境监测中都有广泛应用。,"['UAV', 'satellite remote sensing', 'winter wheat yield estimation']",Zhikai Cheng;Xiaobo Gu;Yang Xu;Xiaohai Fang;Zhengtao Zhang;Penglin Li;Yupeng Li;Shikun Sun;Yadan Du;Huanjie Cai,Improving regional winter wheat yield estimation by assimilating cross-scale heterogeneity information from UAV and satellite remote sensing,
None,True,Remote Sensing of Environment,该论文研究了Sentinel-2卫星数据与LiDAR技术获取的叶面积指数（LAI）在温带落叶林中的差异，探讨了表观光学深度、辐射传输先验和水平异质性等因素的影响。这些内容与大气环境遥感技术（如空气质量监测、卫星观测和大气成分分析）密切相关，因此该论文与大气环境遥感技术密切相关。,"['Sentinel-2', 'LiDAR', 'LAI', 'apparent optical depth', 'atmospheric composition']",Nathan Corroyez;Jean-Baptiste Féret;Jérôme Ogée;Jonathan Lenoir;Sylvie Durrieu,"Discrepancies between Sentinel-2 and LiDAR-derived LAI in temperate deciduous forests: Influence of apparent optical depth, radiative transfer priors, and horizontal heterogeneity",
None,True,Remote Sensing of Environment,该论文研究的是农业条带间作结构的辐射传输模型，与大气环境遥感技术中的大气成分分析和结构分析相关，因此高度相关。,"['radiative transfer model', 'agricultural strip-intercropping', 'atmospheric structure']",Run Zhong;Dalei Hao;Zhihong Li;Carlos Camino;Si Gao;Qing Li;Yanan Wei;Higor de Queiroz Ribeiro;Hong Sun;Feng Yang;Matheus Pinheiro Ferreirad;Haoran Liu;Renan Caldas Umburanas;Durval Dourado-Neto;Yelu Zeng,RTAS: A radiative transfer model for agricultural strip-intercropping structures,
None,True,Remote Sensing of Environment,该研究涉及夜间灯光数据，使用了SDGSAT-1的GLI传感器和NPP-VIIRS卫星数据，属于大气环境遥感技术中的夜间灯光数据分析，与空气质量监测和卫星观测相关。,"['SDGSAT-1', 'GLI', 'VIIRS', 'nighttime light', 'spatiotemporal fusion']",Linxin Dong;Zhan Pan;Wei Xu;Yongze Song;Zuoqi Chen;Congxiao Wang;Yan Huang;Bailang Yu,NightFEST: A Feature-Enhanced SpatioTemporal fusion method for Nighttime light data from SDGSAT-1 GLI and NPP-VIIRS,
None,True,Remote Sensing of Environment,该论文的标题和摘要明确涉及 GNSS-R（全球导航卫星系统后向反射测量）和海洋散射计校准方法，这属于大气环境遥感技术领域，特别是卫星观测和大气成分分析。,"['GNSS-R', 'ocean scatterometry', 'gradient boosting decision tree']",Hao Du;Weiqiang Li;Estel Cardellach;Serni Ribó;Antonio Rius,An improved GNSS-R ocean scatterometry recalibration approach using gradient boosting decision tree,
None,True,Remote Sensing of Environment,该研究涉及使用虚拟辐射站网络来估算中国地表的全球和漫射太阳能辐射，这与大气环境遥感技术中的监测和数据分析密切相关，属于能源和大气科学交叉领域，与空气质量监测和卫星观测有间接关联。,"['solar radiation', 'China', 'virtual radiation station networks']",Yuhong Tu;Xin Yang;Hong Tang;Haoze Shi,Estimating hourly surface global and diffuse solar radiation across China using virtual radiation station networks,
None,True,Remote Sensing of Environment,该论文研究了利用GOCI卫星观测数据结合人为水文动力学模型来反演高度工程化海岸带的水质。虽然主题是水质反演，但使用了卫星观测技术，这与大气环境遥感技术中的卫星观测和遥感反演方法相关，因此属于相关领域。,"['GOCI', 'satellite observations', 'water quality retrieval']",Yejin Lee;Dongjin Kim;Suhwan Kim;Dohee Han;Hyun-su Kim;Jonghan Ko;Su-mi Kim;Kyeong-sang Lee;Jong-Min Yeom,Integrating anthropogenic hydrodynamics and GOCI satellite observations for water quality retrieval in highly engineered coastal systems: A case study of Saemangeum,
None,True,Remote Sensing of Environment,该论文标题和摘要中明确提到了“地静止卫星”和“近实时主动火灾探测”，这与大气环境遥感技术中的卫星观测和火灾监测密切相关，属于大气环境遥感技术领域。,"['geostationary satellite', 'active fire detection', 'atmospheric environmental remote sensing']",Junjie Chen;Jungho Im;Yinghui Zhao;Zhen Zhen;Guang Yang,GUARD-net: A geostationary satellite-based network for near-real-time active fire detection under class imbalance,
None,False,Remote Sensing of Environment,该论文的主题是使用深度学习进行大規模滑坡易感性制图，研究區域為巴基斯坦。这与大氣環境遙感技術（如空氣質量監測、衛星觀測、大氣組成分析、氣溶膠反演）無直接關聯，因此不屬於該領域。,"['landslide', 'deep learning', 'Pakistan']",Bo Liu;Deren Li;Xiongwu Xiao;Zhenfeng Shao;Yingbing Li;Jiayu Hu,Large-scale landslide susceptibility mapping via deep learning: A case study of Pakistan,
None,True,Remote Sensing of Environment,该论文与大气环境遥感技术密切相关，因为它涉及使用Sentinel-1卫星数据进行地表位移监测，这是一种通过DInSAR（差分干涉合成孔径雷达）技术实现的遥感方法。论文还提到了10年的观测和数据处理，表明这是一个长期的、系统性的研究，与大气环境监测和遥感技术应用高度相关。,"['Sentinel-1', 'DInSAR', 'surface displacements']",F. Casu;I. Antoncecchi;M. Bonano;V. Bosi;C. De Luca;D. Di Bucci;A. Fagiani;D. Mangione;M. Manunta;F. Monterroso;G. Onorato;R. Sofia;I. Zinno;R. Lanari,Sentinel-1 operational DInSAR services for surface displacements monitoring of the Italian territory through the P-SBAS processing chain: a review after 10 years of observations and data processing,
None,True,Remote Sensing of Environment,该论文标题和摘要明确涉及TROPOMI卫星的SIF（太阳诱导荧光）产品验证，这直接关联到卫星观测技术和大气成分分析，属于大气环境遥感技术的范畴。,"['TROPOMI', 'SIF', 'satellite observations']",Qian Zhang;Yan Liu;Josep Peñuelas;Adrià Descals;Yang Yang;Jianli Shi;Xingfa Gu,Validation of TROPOMI SIF products based on spatial representativeness grading and atmospheric-geometric effect assessment,
None,True,Remote Sensing of Environment,该论文标题和摘要明确涉及大气环境遥感技术，特别是云检测领域，使用了机器学习和物理信息相结合的方法，这与大气成分分析、卫星观测等方向密切相关。,"['cloud detection', 'machine learning', 'physics-informed']",Shi Qiu;Zhe Zhu;Xiucheng Yang;Junchang Ju;Qiang Zhou;Christopher S.R. Neigh,Physics-informed machine learning for cloud detection,
None,True,Remote Sensing of Environment,该论文使用成像光谱数据评估了光谱解混技术，用于检索绿色非光合植被和土壤 fractional cover，这与大气环境遥感技术密切相关，特别是与大气成分分析和土壤/植被覆盖监测相关。,"['imaging spectroscopy', 'spectral unmixing', 'green vegetation', 'soil fractional cover']",Francisco Ochoa;Philip G. Brodrick;Jorge A. Ochoa Gonzalez;Sandra L. LeGrand;Madeleine N. Gillespie;Red Willow Coleman;Yoseline Angel;K. Dana Chadwick;Regina Eckert;Kathleen Grant;Thoralf Meyer;David R. Thompson;Robert O. Green;Gregory S. Okin,"Evaluating spectral unmixing techniques using imaging spectroscopy data for retrieval of green, non-photosynthetic vegetation, and soil fractional cover",
None,False,Remote Sensing of Environment,该论文主要关注使用PlanetScope影像和深度学习引导的图割技术来映射啮齿动物引起的生物土壤结皮扰动，与大气环境遥感技术（如空气质量监测、卫星观测、大气成分分析、气溶胶反演）关系不大。,"['PlanetScope imagery', 'deep-learning', 'graph cut']",Ruilin Chen;Benfeng Yin;Wei Yang;Zeteng Li;Jianlong Li;Kai Tang;Yao Tang;Anqi Li;Yuanming Zhang;Bettina Weber;Jin Chen,Mapping rodent-induced disturbance of biological soil crusts using PlanetScope imagery and deep-learning-informed graph cut,
None,True,Remote Sensing of Environment,该论文研究AlphaEarth基础在作物制图中的应用，涉及热梯度，这与大气环境遥感技术中的卫星观测和作物监测相关，因此具有相关性。,"['crop mapping', 'thermal gradients', 'remote sensing']",Cao Cheng;Nanshan You;Pengzhan Zhao;Jinwei Dong,Limited local classification performance but promising spatial transferability of AlphaEarth Foundations for crop mapping across thermal gradients,
None,True,Remote Sensing of Environment,这篇论文研究了Sentinel-1卫星的co-cross polarization coherence建模，并将其应用于风场贝叶斯反演。Sentinel-1是一种用于地球观测的卫星，其数据可以用于大气环境监测，特别是风场分析，这与大气环境遥感技术密切相关。因此，该论文与大气环境遥感技术（如卫星观测和大气成分分析）是强相关的。,"['Sentinel-1', 'co-cross polarization coherence', 'wind field Bayesian inversion']",Aurélien Colin;Romain Husson;Alexis Mouche;Antoine Grouazel;Frédéric Nouguier,Piecewise log-normal modeling of Sentinel-1 co-cross polarization coherence and application to wind field Bayesian inversion,
None,True,Remote Sensing of Environment,该研究使用VIIRS观测数据，通过物理信息机器学习方法检索夜间海洋液态云的光学和微物理参数，这属于大气环境遥感技术的范畴，特别是卫星观测和大气成分分析领域。,"['VIIRS', 'oceanic liquid cloud', 'physics-informed machine learning']",Ying-Chieh Chen;Meng Zhou;Jun Wang;Xi Chen;Jing Zeng;Yongxiang Hu,Retrieval of nighttime oceanic liquid cloud optical and microphysical parameters from VIIRS observations: a physics-informed machine learning approach,
None,False,Remote Sensing of Environment,该论文主要关注人口网格化映射的范式重新定义，与大气环境遥感技术（如空气质量监测、卫星观测、大气成分分析、气溶胶反演）没有直接关联。,"['gridded population mapping', 'global cities', 'large-scale mapping']",Shuyang Hou;Haoyue Jiao;Yaxian Qing;Qingyang Xu;Ziqi Liu;Lutong Xie;Zhangyan Xu;Zengjie Wang;Shaoqing Tang;Xuefeng Guan;Huayi Wu,Can AlphaEarth foundations redefine the paradigm of gridded population mapping? A systematic evaluation across 18 global cities and large-scale mapping applications,
None,True,Remote Sensing of Environment,该论文与大气环境遥感技术密切相关，因为它涉及使用Sentinel-1卫星进行微波监测，并开发了高空间分辨率的植被光学深度反演算法，以监测萨赫勒地区的植被。这属于卫星观测和大气成分分析的范畴。,"['Sentinel-1', 'vegetation optical depth', 'microwave monitoring']",Zhixuan Lu;Lei Fan;Rasmus Fensholt;Jiangyuan Zeng;Nicolas Baghdadi;Frederic Frappart;Martin Brandt;Philippe Ciais;Gabrielle De Lannoy;Jian Peng;Abdoul Aziz Diouf;Eric Mougin;Xiaojing Bai;Xiangzhuo Liu;Jean-Pierre Wigneron,Toward fine-scale microwave monitoring of dryland vegetation: an alternative high spatial resolution vegetation optical depth retrieval algorithm from Sentinel-1 over the Sahel region,
None,True,Remote Sensing of Environment,该论文研究了融合SAR（合成孔径雷达）和SWIM（卫星水汽成像仪）观测数据以提高全球Stokes漂移估计的方法。Stokes漂移是大气环境中的一个重要参数，与风场、水汽分布等密切相关，而SAR和SWIM都是用于大气环境遥感的重要技术手段。因此，该论文与大气环境遥感技术密切相关。,"['SAR', 'SWIM', 'stokes drift', 'satellite observations', 'atmospheric remote sensing']",Shihao Zou;Danièle Hauser;Charles Peureux;Qing Li,Fusing SAR and SWIM observations to improve the global stokes drift estimates,
None,True,Remote Sensing of Environment,该论文研究山区全天空向下短波辐射的时空扩展，涉及大气辐射和山区环境，与大气环境遥感技术（如辐射监测和大气成分分析）密切相关。,"['shortwave radiation', 'mountainous area', 'atmospheric monitoring']",Guangjian Yan;Shuo Cao;Chunqiang Zhao;Donghui Xie;Xihan Mu;Si Gao,Spatiotemporal extension of all-sky downward shortwave radiation over mountainous area,
None,True,Remote Sensing of Environment,该论文标题和摘要明确涉及从双卫星极化观测中获取多参数气溶胶信息，使用了物理引导深度学习技术，这直接与大气环境遥感技术（如空气质量监测、卫星观测、大气成分分析、气溶胶反演）密切相关。,"['aerosol retrieval', 'dual-satellite', 'polarimetric observations', 'physics-guided deep learning']",Zhihui Wang;Cheng Chen;Jing Wei;Xuefeng Lei;Zhenhai Liu;Li Fang;Hui Chen;Pengfei Ma;Yulong Fan;Lin Sun;Changqing Lin;Ke Xiao;Haixiao Yu;Shangpei Xun;Zhengqiang Li;Jin Hong,Optically consistent multi-parameter aerosol retrieval from dual-satellite polarimetric observations enabled by physics-guided deep learning,
None,True,Remote Sensing of Environment,该论文研究辐射传输模型反演的偏差-方差权衡对叶面积指数估算不确定性的影响，涉及大气遥感技术中的模型反演和大气参数估算，因此与大气环境遥感技术相关。,"['radiative transfer model', 'leaf area index', 'atmospheric inversion']",Dasheng Fan;Xihan Mu;Tim R. McVicar;Yongkang Lai;Donghui Xie;Guangjian Yan,Bias-variance trade-off in radiative transfer model inversion drives uncertainty in leaf area index estimation,
None,True,Remote Sensing of Environment,该研究探讨了总柱状氮氧化物和气溶胶光学厚度之间的日变化耦合关系，使用了Pandora亚洲网络的数据，这与大气环境遥感技术（如空气质量监测、卫星观测和大气成分分析）密切相关。,"['nitrogen dioxide', 'aerosol optical depth', 'Pandora Asia network']",Seong-Young Kim;Ukkyo Jeong;Hyunkee Hong;Alexander Cede;Lim-Seok Chang;Serin Kim;Donghee Kim;Hanlim Lee;Thomas Hanisco;Nader Abuhassan;Si-Chee Tsay;Daewon Kim;Jhoon Kim;Jae Hwan Kim;Surassawadee Phoompanit;Enkhbaatar Davaanyam;Muhammad Fahim Khokhar;Abdus Salam;Hisahiro Takashima;Shungo Kato,Diurnal coupling of total column nitrogen dioxide and aerosol optical depth: Insights from the Pandora Asia network,
None,False,Remote Sensing of Environment,该论文研究的是棉花叶片在水盐胁迫下的日动态变化，主题与大气环境遥感技术（如空气质量监测、卫星观测、大气成分分析、气溶胶反演）无关。,[],Qing Li;Dalei Hao;Jan Pisek;Zicheng Ji;Yanan Wei;Youngryel Ryu;Jiarui Xu;Yangmin Feng;Shaozhong Kang;Yelu Zeng,Detecting diurnal dynamics of cotton leaf inclination angle under water-salt stress,
None,True,Remote Sensing of Environment,该论文研究城市亚洲地区黑碳气溶胶的直接辐射强迫，这与大气环境遥感技术密切相关，特别是空气质量和大气成分分析。,"['black carbon', 'aerosols', 'radiative forcing', 'urban Asia']",Pravash Tiwari;Jason Blake Cohen;Ralph A. Kahn;Hongrui Gao;Luoyao Guan;Zhewen Liu;Lingxiao Lu;Shuo Wang;Shahid Uz Zaman;Cheng Fan;Simone Lolli;Zhengqiang Li;Oleg Dubovik;Kai Qin,Observation-constrained clear-sky direct radiative forcing of black carbon containing aerosols reveals distinct radiative regimes across urban Asia,
None,True,Remote Sensing of Environment,该论文研究的主题与大气环境遥感技术密切相关。文中提到的InSAR（干涉合成孔径雷达）技术是大气环境遥感中常用的手段，用于监测大气延迟现象，如水汽和干空气引起的延迟。此外，论文关注 tropospheric delay（对流层延迟）这一大气现象，并在复杂大气和地形条件下进行建模和补偿。这些都属于大气环境遥感技术的研究范畴。,"['InSAR', 'tropospheric delay', 'atmospheric conditions']",Yi Shao;Yuxing Chen;Liming Jiang;Bin Yan;Zhiwei Zhou,CEDA-Net: A cascade empirical–deep network for mitigating InSAR tropospheric delay in complex atmospheric and topographic conditions,
None,True,Remote Sensing of Environment,该论文标题和摘要明确涉及OMI（Aura卫星上的臭氧监测仪器）的NO2产品重建，这属于大气环境遥感技术中的卫星观测和大气成分分析领域，因此与题目要求的领域密切相关。,"['OMI', 'NO2', 'satellite observations', 'atmospheric composition analysis']",Yuan Wang;Duoduo Liu;Qianqian Yang;Qiangqiang Yuan;Yuanjian Yang;Tongwen Li;Lu Zhang;Mengya Wang;Zhige Wang;Jiang He;Denghong Liu;Yi Xiao,Long-term reconstruction of daily global OMI NO<sub>2</sub> product between 2005-2023 with spatiotemporally constrained compressive sensing,
None,True,Remote Sensing of Environment,该论文使用LiDAR数据来量化森林的三维结构组织，这属于遥感技术在森林结构分析中的应用，与大气环境遥感技术中的大气成分分析、气溶胶反演等有间接关联，但主要关注点在于森林结构而非大气环境。,"['LiDAR', 'forest', 'three-dimensional structural organization']",Xin Yang;Wen Xiao;Wenxia Dai;Guang Zheng,3DSO: Quantifying forest three-dimensional structural organization beyond the canopy surface using LiDAR data,
None,True,Remote Sensing of Environment,该论文研究了使用紧凑型太阳盲光学辐射计直接量化太阳诱导叶绿素荧光的技术。叶绿素荧光是植物光合作用过程的指标，与大气环境中的生物地球化学循环密切相关。通过分析叶绿素荧光，可以间接监测大气成分和空气质量，因此与大气环境遥感技术（如大气成分分析）密切相关。,"['solar-induced chlorophyll fluorescence', 'compact solar-blind optical radiometers', 'atmospheric composition analysis']",Jonas Kuhn;Jochen Stutz,Direct quantification of solar-induced chlorophyll fluorescence using compact solar-blind optical radiometers,
None,True,Remote Sensing of Environment,该论文研究了如何利用Landsat TIRS传感器的数据，结合大气水汽信息，生成地表温度产品，并建立了不确定性处理流程。这与大气环境遥感技术密切相关，特别是与地表温度遥感反演和大气校正相关，属于大气成分分析和卫星观测的范畴。,"['Landsat TIRS', 'surface temperature', 'atmospheric water vapor']",Amirhossein Hassanzadeh;Robert Mancini;Aaron Gerace;Rehman Eon;Matthew Montanaro;Elphas Khata,An uncertainty workflow for landsat TIRS split window surface temperature products incorporating atmospheric water vapor,
None,True,Remote Sensing of Environment,该论文使用ICESat-2 ATL08高度数据和Landsat时间序列来评估美国南部黄松的年龄-高度关系。ICESat-2和Landsat都是用于大气环境遥感技术的卫星传感器，因此该研究涉及大气环境遥感技术，特别是卫星观测和大气成分分析。,"['ICESat-2', 'ATL08', 'Landsat', 'heights', 'atmospheric remote sensing']",Sonia Sharma Banjade;Randolph H. Wynne;Valerie A. Thomas;Patrick C. Green;Todd A. Schroeder,Using ICESat-2 ATL08 heights and Landsat time series to assess the age-height relationship of southern yellow pines in the US,
None,True,Remote Sensing of Environment,该论文研究了利用空间激光雷达和多源地理空间数据集协同探测北京-天津-河北都市圈的城市建筑高度，这属于大气环境遥感技术中的城市环境监测和三维建模领域，与大气环境遥感技术（如空气质量监测、卫星观测、大气成分分析、气溶胶反演）密切相关。,"['spaceborne LiDAR', 'urban building height', 'remote sensing']",Jieying Lao;Sheng Nie;Cheng Wang;Xiaohuan Xi;Xiaoxiao Zhu,Urban building height mapping in Beijing-Tianjin-Hebei megalopolis by synergy of spaceborne LiDAR and multisource geospatial datasets,
None,True,Remote Sensing of Environment,该论文使用时间序列卫星数据来绘制澳大利亚动态潮间带的3D形状变化，涉及卫星观测技术和大气环境分析，因此与大气环境遥感技术密切相关。,"['satellite data', 'intertidal zone', 'time series']",Robbi Bishop-Taylor;Claire Phillips;Stephen Sagar;Vanessa Newey,Time and tide: Mapping the changing 3D shape of Australia's dynamic intertidal zone using time series satellite data,
None,False,Remote Sensing of Environment,该论文的主题是全球陆地地表物候（LSP）产品的比较和评估，主要关注植被生长周期和变化，与大气环境遥感技术（如空气质量监测、卫星观测、大气成分分析、气溶胶检索）没有直接关联。,"['land surface phenology', 'LSP', 'global products']",Getachew Mehabie Mulualem;Jose A. Caparros-Santiago;Victor Rodriguez-Galiano;Jadunandan Dash,Intercomparison and evaluation of global land surface phenology (LSP) products,
None,False,Remote Sensing of Environment,该论文研究的是利用机器学习技术进行跨尺度小麦收割监测，主要关注农业领域，与大气环境遥感技术（如空气质量监测、卫星观测、大气成分分析、气溶胶反演等）没有直接关联。,"['machine learning', 'cross-scale', 'wheat harvest']",Mingchao Shao;Chongya Jiang;Jingwei An;Haokai Zhu;Yue Li;Xia Yao;Tao Cheng;Hengbiao Zheng;Weixing Cao;Yan Zhu,A knowledge-guided machine learning framework for cross-scale wheat harvest monitoring via sample augmentation,
None,False,Remote Sensing of Environment,该论文主要研究的是水资源压力指数和土壤湿度对摩洛哥油橄榄树水分状态的影响，不涉及大气环境遥感技术，如空气质量监测、卫星观测、大气成分分析或气溶胶反演。,"['water stress index', 'PRI', 'soil moisture', 'olive tree', 'Morocco']",Hamza Barguache;Jamal Ezzahar;Said Khabba;Jamal Elfarkh;Salah Er-Raki;Adnane Chakir;Lionel Jarlan;Zoubir Rafi;Pascal Fanise;Valerie Le Dantec,Development of a new water stress index combining PRI and soil moisture for assessing olive tree water status in Morocco,
None,False,Remote Sensing of Environment,该论文研究的是古河谷滑坡的长期蠕变和活动厚度变化，由异常水位驱动，与大气环境遥感技术（如空气质量监测、卫星观测、大气成分分析、气溶胶反演）无关。,[],Huiyuan Luo;Chuanhao Pu;Zhong Lu;Xuanmei Fan;Qiang Xu,Multitemporal InSAR analysis of long-term creep and active thickness changes in a paleo riverbank landslide driven by anomalous water levels,
None,True,Remote Sensing of Environment,该论文使用Landsat时间序列数据，结合深度学习方法进行欧洲森林干扰检测，涉及卫星观测技术和地表环境分析，与大气环境遥感技术中的卫星观测和地表参数反演相关。,"['Landsat', 'deep learning', 'forest disturbance detection']",Alba Viana-Soto;Jorunn Anna Mense;Katja Kowalski;Jan Pauls;Fabian Gieseke;Cornelius Senf,Deep learning-based forest disturbance detection for Europe using Landsat time series,
None,False,Remote Sensing of Environment,该论文主要关注的是基于知识的迁移学习和树木冠层分割技术，与大气环境遥感技术（如空气质量监测、卫星观测、大气成分分析、气溶胶反演等）没有直接关系。,"['unified knowledge transfer', 'individual tree crown segmentation', 'scene-specific labels']",Jiaqi Yang;Kyle Kabasares;Ming Liu;Taejin Park;Min Chen,Unified knowledge transfer boosts individual tree crown segmentation without scene-specific labels,
None,True,Remote Sensing of Environment,该论文与大气环境遥感技术密切相关，因为它涉及使用Sentinel-2卫星数据重建云无时间序列，并处理复杂的降解问题，这与卫星观测和大气成分分析直接相关。,"['Sentinel-2', 'cloud-free time series', 'atmospheric degradations']",Ziyang LiHe;Qiangqiang Yuan;Jiang He;Liupeng Lin;Xianyu Jin;Huanfeng Shen;Liangpei Zhang,Reconstructing cloud-free Sentinel-2 time series under complex degradations with state-driven spatio-temporal modeling,
None,True,Remote Sensing of Environment,该论文与大气环境遥感技术密切相关，因为它涉及从 FengYun-3D 卫星的 X 波段观测数据中反演植被光学深度产品。植被光学深度是大气成分分析的重要参数，常用于监测空气质量、气溶胶分布等环境问题。因此，该研究直接应用于大气环境遥感领域。,"['vegetation optical depth', 'FengYun-3D', 'X-band observations']",Lei Fan;Mengjia Wang;Dongbo Chen;Philippe Ciais;Frédéric Frappart;Jiangyuan Zeng;Gabrielle De Lannoy;Jian Peng;Xiuqing Hu;Ronghan Xu;Xin Li;Xiaojun Li;Xiangzhuo Liu;Yao Xiao;Jean-Pierre Wigneron,First vegetation optical depth product retrieved from FengYun-3D X-band observations,
None,True,Remote Sensing of Environment,该论文使用BTSAD和CBPA方法监测全球红树林的时空变化和功能退化，涉及Landsat和HLSv2.0遥感数据，属于大气环境遥感技术领域，与空气质量监测、卫星观测、大气成分分析、气溶胶反演等相关。,"['BTSAD', 'CBPA', 'Landsat', 'HLSv2.0', 'mangrove']",Bolin Fu;Weiping Yi;Yeqiao Wang;Hang Yao;Mingming Jia;Ertao Gao;Donglin Fan,Monitoring global mangrove spatial evolution and functional degradation using BTSAD and CBPA methods over a 36-year dense Landsat and HLSv2.0 time series,
None,True,Remote Sensing of Environment,该论文使用Sentinel-1卫星数据的时间序列分析方法来检测农作物的播种和收获日期，这与大气环境遥感技术中的卫星观测和地表参数反演密切相关，因此相关性较强。,"['Sentinel-1', 'time series', 'crop sowing', 'harvesting dates']",Shuai Xu;Xiaolin Zhu,A new adaptive approach for detecting crop sowing and harvesting dates from Sentinel-1 time series,
None,True,Remote Sensing of Environment,该论文使用卫星土壤湿度数据预测作物生产力异常，涉及卫星观测技术和环境监测，与大气环境遥感技术（如卫星观测、环境监测）密切相关。,"['satellite soil moisture', 'sub-seasonal forecasting', 'cropland productivity']",Adebowale Daniel Adebayo;Catherine Nakalembe,Sub-seasonal forecasting of cropland productivity anomalies using satellite soil moisture in water-limited environments,
None,True,Remote Sensing of Environment,该论文与大气环境遥感技术有关，特别是涉及使用Planet Dove卫星监测海岸线，这与卫星观测和地球表面环境监测相关，属于大气环境遥感技术的一部分。,"['Planet Dove', 'coastlines', 'monitoring']",Katherine C. Cavanaugh;Kyle Dorman;Kyle C. Cavanaugh,Capability of Planet Dove for monitoring the world's coastlines,
None,True,Remote Sensing of Environment,该论文研究地上生物量、土壤湿度干旱对基于VOD（植被光学深度）的全球等湿润度估计的影响。VOD是一种用于监测大气水汽含量的遥感技术，而等湿润度估计与大气成分分析密切相关，因此该论文与大气环境遥感技术（如空气质量监测、卫星观测、大气成分分析、气溶胶反演）密切相关。,"['VOD', 'biomass', 'soil moisture', 'isohydricity', 'global']",Yuanzhizi Deng;Yao Zhang,Effects of aboveground biomass and soil moisture drought on VOD-based global isohydricity estimates,
None,False,Remote Sensing of Environment,该论文主要关注作物物候提取，使用的植被指数数据虽然与环境遥感相关，但其核心应用领域是农业而非大气环境监测。因此，与大气环境遥感技术（如空气质量监测、卫星观测等）的相关性较弱。,"['vegetation index', 'machine learning', 'crop phenology']",Ruoque Shen;Qiongyan Peng;Xiangqian Li;Jianxi Huang;Jin Chen;Jie Dong;Xiuzhi Chen;Wenping Yuan,SMFS-RF: a knowledge-guided machine-learning method for crop phenology extraction from fine-resolution vegetation index data,
None,False,International Journal of Applied Earth Observation and Geoinformation,该论文主题是关于水下地形数字高程模型（DEM）的超分辨率重建技术，主要涉及梯度引导和频率感知的多尺度框架。这与大气环境遥感技术（如空气质量监测、卫星观测、大气成分分析、气溶胶反演等）没有直接关联。,"['bathymetric DEM', 'super-resolution', 'gradient-guided']",Xinye Cui;Houpu Li;Yanting Yu;Xin Xiong;Shaofeng Bian;Guojun Zhai,GGFA-SwinIR: A gradient-guided and frequency-aware joint multi-scale framework for bathymetric DEM super-resolution,
None,True,International Journal of Applied Earth Observation and Geoinformation,该论文研究的是使用WMoE-Net网络进行多模态SAR（合成孔径雷达）和光学图像的船舶检测，涉及遥感技术在海洋目标检测中的应用，与大气环境遥感技术中的卫星观测和图像处理相关。,"['SAR', 'optical', 'ship detection', 'wavelet', 'mixture-of-experts']",Fanlong Meng;Zonglin Yang;Fengli Xue;Xiangyang Qi;Ruyun Guo,WMoE-Net: wavelet-directed cross-attention alignment with mixture-of-experts network for multimodal SAR-optical ship detection,
None,False,International Journal of Applied Earth Observation and Geoinformation,该论文标题和摘要主要关注的是多模态视觉语言模型在构建车道级高精度地图中的应用，与大气环境遥感技术（如空气质量监测、卫星观测、大气成分分析、气溶胶反演等）无关。,[],Haofeng Xie;Huiwei Jiang;Yibing Xiong;Pengwei Dong;Yandi Yang;Xiangyun Hu,VLM-Mapper: Multimodal vision-language models for prior guided lane-level HD map construction,
None,False,International Journal of Applied Earth Observation and Geoinformation,该论文研究的是水下地形测绘技术，虽然涉及LiDAR和声纳技术，但主题与大气环境遥感技术（如空气质量监测、卫星观测、大气成分分析、气溶胶反演等）无关，因此相关性较低。,"['Airborne LiDAR', 'bathymetry', 'Echo sounding']",Dianpeng Su;Yongrui Shi;Haojie Lai;Xinlong Shi;Fanlin Yang;Chao Qi;Sai Mei;Anxiu Yang,Underwater topographic mapping using a fusion of Airborne LiDAR bathymetry and multibeam Echo sounding,
None,True,International Journal of Applied Earth Observation and Geoinformation,该论文研究的是一种基于物理信息的多尺度融合模型，用于检测三维中尺度涡旋。虽然主题不是直接针对大气环境遥感技术（如空气质量监测或卫星观测），但其涉及大气物理过程的建模和数据处理方法，与大气环境遥感技术的某些方面（如大气成分分析和气溶胶反演）有间接关联。,"['3D mesoscale eddy detection', 'multi-source multi-scale fusion', 'physics-informed model']",Yong Li;Jie Zhang;Jungang Yang;Wei Zeng;Danya Xu;Guoqing Zhu;Fangming Guo;Ziqi Xin;Wei Cui,Surface-to-volume physics-informed model for 3D mesoscale eddy detection: Multi-source multi-scale fusion,
None,True,International Journal of Applied Earth Observation and Geoinformation,该论文研究了利用高光谱遥感技术（hyperspectral retrieval）和GA-ELM算法来获取红树林的功能性状。虽然红树林本身不是大气环境监测的直接对象，但高光谱遥感技术是大气环境遥感技术的一种重要手段，用于监测大气成分、气溶胶等。因此，该论文与大气环境遥感技术有相关联系。,"['hyperspectral retrieval', 'mangrove functional traits', 'GA-ELM']",Zhijun Feng;Shan Lu;Rong Zhang;Haihang Zeng;Chuanpeng Zhao;Mingming Jia;Zongming Wang,Robust hyperspectral retrieval of mangrove functional traits across species and spatial scales using GA-ELM,
None,True,International Journal of Applied Earth Observation and Geoinformation,该论文标题和摘要明确涉及使用卫星技术进行沿海区域的监测，其中提到“variance image composites”（方差图像复合体），这是一种大气环境遥感技术，可用于监测沿海地区的环境变化，如空气质量、海洋污染等，因此与大气环境遥感技术密切相关。,"['satellite-based', 'coastal monitoring', 'variance image composites']",Pilar Martín-Gallego;Juan Montes;Irene Delgado-Fernandez;Laura del Río;Theocharis A. Plomaritis;Christopher Marston,Satellite-based coastal monitoring through variance image composites (<em>SatVar</em>),
None,True,International Journal of Applied Earth Observation and Geoinformation,该论文研究单场景薄云校正技术，涉及辐射传输模型，这与大气环境遥感技术（如空气质量监测、卫星观测、大气成分分析）密切相关，特别是与水相关的大气参数校正相关。,"['thin-cloud correction', 'radiative transfer', 'water-referenced']",Furong Zhang;Shaohui Chen;Hongbo Su;Kai Liu;Chengyi Wang;Weimin Wang,Single-scene thin-cloud correction for dynamic macroalgal blooms via water-referenced radiative transfer,
None,False,International Journal of Applied Earth Observation and Geoinformation,该论文主要关注城市化和乡村化梯度的分类，通过整合多维城市化特征和自监督学习方法。虽然与环境和城市研究相关，但并未直接涉及大气环境遥感技术，如空气质量监测、卫星观测或大气成分分析等。,"['self-supervised learning', 'urbanization features', 'urban–rural gradient classification']",Xiangzhong Guo;Yutong Ru;Jing Lin;Yicheng Zheng;Tao Lin;Christopher Pettit;Hoon Han;Matthew Ng;Junmao Zhang;Yuan Chen;Meixia Lin;Zixu Jia;Qiming Zheng,A novel framework for urban–rural gradient classification by integrating multidimensional urbanization features via self-supervised learning,
None,False,International Journal of Applied Earth Observation and Geoinformation,该论文研究的是使用无人机图像进行岩石滑坡中颗粒尺寸分布的估算，与大气环境遥感技术（如空气质量监测、卫星观测、大气成分分析、气溶胶反演）相关性较低。,"['UAV imagery', 'particle size distribution', 'rock avalanches']",Ruoshen Lin;Michel Jaboyedoff;Tianxin Lu;Fengchang Bu,Image-projected apparent particle size distribution estimation in rock avalanches using direct deep regression from UAV imagery,
None,False,International Journal of Applied Earth Observation and Geoinformation,该论文主要关注的是地質工程學中的泥石流災害，包括變形監測和失敗機制研究，與大氣環境遙感技術（如空氣品質監測、衛星觀測、大氣組成分析、氣溶膠反演）的關聯性不強。,"['remote sensing', 'geotechnical investigations', 'landslide']",Yukuan Liu;Zhaoyue Yu;Jiewei Zhan;Chen Yu;Zhanxi Wei;Jianbing Peng,"Integrated remote sensing and geotechnical investigations of the 2022 Jiujiawan mudstone landslide in Xining city, China: from deformation monitoring to failure mechanisms",
None,False,International Journal of Applied Earth Observation and Geoinformation,该论文主题涉及海洋声学层析成像，与大气环境遥感技术（如空气质量监测、卫星观测、大气成分分析、气溶胶反演等）无直接相关性。,"['ocean acoustic tomography', 'deep-sea', 'acoustic']",Weishuai Xu;Yan Chen;Yifei Jiang;Zhanglong Li;Xiaohui Wang;Bo Li;Ningning Li;Weimin Zhang,A framework for inversion and assimilation of deep-sea mirror ocean acoustic tomography observations,
None,True,International Journal of Applied Earth Observation and Geoinformation,该论文探讨了黄海绿潮的密度主导聚集和时空分化，通过长期观测揭示相关现象，这与大气环境遥感技术中的卫星观测和大气成分分析相关，因为绿潮现象涉及海洋环境中的生物化学过程，而这些过程可通过遥感技术进行监测和分析。,"['yellow sea green tides', 'long term observations', 'spatiotemporal differentiation']",Haimei Duan;Yingcheng Lu;Junnan Jiao;Jun Tang;Wandi Yu;Lintan Yue;Yifan Yang;Futao Wang;Yuntao Wang;Wenfeng Zhan,Density-dominated aggregation and spatiotemporal differentiation of yellow sea green tides revealed by long term observations,
None,True,International Journal of Applied Earth Observation and Geoinformation,该论文利用Sentinel-2和Sentinel-1卫星数据监测高山草地的灌木侵入，涉及遥感技术和地表动态监测，与大气环境遥感技术中的卫星观测和地表成分分析密切相关。,"['Sentinel-2', 'Sentinel-1', 'phenological features', 'structural information', 'alpine grasslands']",Jianjun Chen;Ruoqi Wang;Yuemin Yue;Wenbo Qi;Wenkuan Wang;Huaying Yu;Xue Cheng;Qingmin Cheng;Haotian You;Xiaowen Han;Guoqing Zhou,Fine-scale annual mapping and dynamic monitoring of shrub encroachment in alpine grasslands by integrating Sentinel-2 phenological features with Sentinel-1 structural information,
None,True,International Journal of Applied Earth Observation and Geoinformation,该论文研究了使用L波段合成孔径雷达（SAR）探测沥青层下土壤湿度变化的方法，这与大气环境遥感技术中的地表参数遥感监测密切相关，属于遥感技术在土壤湿度监测中的应用范畴。,"['L-band SAR', 'soil moisture', 'asphalt layer']",Wei Peng;Hui Xiao;Haiqiang Fu;Guanxin Liu;Yang Tian;Jun Zhu,Detection of soil moisture variations beneath an asphalt layer using L-band SAR,
None,True,International Journal of Applied Earth Observation and Geoinformation,该论文标题和摘要明确提到了“remote sensing”（遥感）和“open-pit coal mining activity”（露天煤矿活动），这与大气环境遥感技术（如空气质量监测、卫星观测、大气成分分析、气溶胶反演）密切相关。因此，该论文与大气环境遥感技术具有强相关性。,"['remote sensing', 'open-pit coal mining', 'atmospheric activity']",Jianghe Xing;Jun Li;Chengye Zhang;Jue Zhang;Shouhang Du;Yanheng Wang;Fei Yang;Yang Cheng;Yongsheng Gao,InterMine: A foundation model-based multi-task interaction network for remote sensing interpretation of open-pit coal mining activity,
None,False,International Journal of Applied Earth Observation and Geoinformation,该论文主要关注海洋温度的三维反演，使用卫星和现场观测数据融合，与大气环境遥感技术（如空气质量监测、卫星观测、大气成分分析、气溶胶反演）关系不大。,"['ocean temperature', 'satellite', 'in situ observations']",Furong Li;Xiang Zhang;Zhao Jing,A multi-scale retrieval of three-dimensional ocean temperature by merging satellite and in situ observations,
None,False,International Journal of Applied Earth Observation and Geoinformation,该论文的标题和摘要主要关注的是建筑物变化检测，涉及频率-几何先验引导的Mamba模型，与大气环境遥感技术（如空气质量监测、卫星观测、大气成分分析、气溶胶反演等）没有直接关系。,"['building change detection', 'frequency-geometry prior', 'Mamba']",Jindou Zhang;Yongle Zhang;Zihan Wang;Yiyu Chen;Zhizheng Zhang;Yunong Chen;Yueming Duan;Haiyan Huang;Zhenfeng Shao;Xiongwu Xiao;Deren Li,FGPMamba: Frequency-geometry prior-guided Mamba for building change detection,
None,False,International Journal of Applied Earth Observation and Geoinformation,该论文主要关注的是利用多源物候融合技术进行大尺度作物制图，特别是对山东花生的研究。虽然涉及遥感技术，但核心内容是农业应用，而非大气环境遥感技术，如空气质量监测、卫星观测或大气成分分析。,"['crop mapping', 'phenological fusion', 'peanuts']",Hongwei Zhao;Hualin Cao;Jia Liu;Ruilin Yu;Xin Zhang;Sibo Duan;Jianqiang Ren;Jie Yang,"A spatially-adaptive automated sample generation framework via multi-source phenological fusion for large-scale crop mapping: demonstrated on peanuts in Shandong, China",
None,False,International Journal of Applied Earth Observation and Geoinformation,该论文主要研究的是利用高分辨率数字高程模型点云数据进行火星地貌的实例级分割，属于地质学和行星科学领域，与大气环境遥感技术（如空气质量监测、卫星观测、大气成分分析、气溶胶反演）关系不大。,"['Martian landforms', 'Digital Elevation Model', 'point clouds', 'instance-level segmentation']",Rong Huang;Peiqi Ye;Yusheng Xu;Ludwig Hoegner;Qunming Wang;Sicong Liu;Chao Wang;Xiaohua Tong,Geometry-aware dynamic convolutional network for instance-level segmentation of Martian landforms from high-resolution Digital Elevation Model-derived point clouds,
None,False,International Journal of Applied Earth Observation and Geoinformation,该论文主要关注河流向量化技术和水文学中的图优化算法，与大气环境遥感技术（如空气质量监测、卫星观测、大气成分分析、气溶胶反演）无明显关联。,"['river vectorization', 'HydroSAM', 'differentiable graph optimization']",Huazhen Zhou;Ming Wang;Kai Liu,Topology-preserving river vectorization via HydroSAM and differentiable graph optimization under coarse labels,
None,True,International Journal of Applied Earth Observation and Geoinformation,该论文标题和摘要明确涉及使用主动CO2激光雷达技术扩展卫星监测城市化石燃料CO2排放的能力，特别是在高气溶胶城市中。这与大气环境遥感技术密切相关，特别是空气质量监测和大气成分分析。,"['CO2 lidar', 'urban fossil-fuel CO2 emissions', 'satellite monitoring', 'high-aerosol cities']",Yiyang Huang;Ge Han;Jinchun Yi;Hongyuan Zhang;Yichi Zhang;Yike Wang;Zhipeng Pei;Haotian Luo;Tianchang Zhou;Siwei Li;Wei Gong,Active CO<sub>2</sub> lidar extends satellite monitoring of urban fossil-fuel CO<sub>2</sub> emissions to high-aerosol cities,
None,False,International Journal of Applied Earth Observation and Geoinformation,该论文研究的是青藏高原上雪覆盖和放牧对高寒植被生产力的影响，虽然涉及气候变化和植被监测，但主要关注点在于生态学和气候影响，而非大气环境遥感技术，如空气质量监测、卫星观测或大气成分分析。,"['snow cover', 'grazing', 'alpine vegetation']",Rongyu Lai;Jingping Wang;Xiaojuan Huang;Xufeng Wang;Liying Geng;Junlei Tan;Haibo Wang,Elevation-dependent regulation of alpine vegetation productivity by snow cover and grazing on the Tibetan Plateau under a warming–wetting climate,
None,True,International Journal of Applied Earth Observation and Geoinformation,该研究利用摄影测量技术对埃特纳火山的顶部火山口进行长期观测，虽然主要关注地质和火山活动，但通过遥感技术（如无人机或卫星影像）获取数据，与大气环境遥感技术中的卫星观测和数据分析有间接关联。,"['photogrammetry', 'Etna summit', 'craters']",C. Proietti;F.L. Bonali;M. Cantarero;M. Palano;M. Paratore;E. De Beni,160 Years of Etna summit craters through a photogrammetry-based time machine,
None,True,International Journal of Applied Earth Observation and Geoinformation,该论文与大气环境遥感技术密切相关，因为它涉及从大气中恢复条件以进行亚像素级火灾制图，并提出了一个抗烟协议。这与空气质量监测、卫星观测和大气成分分析直接相关。,"['sub-pixel fire mapping', 'smoke-robust protocol', 'atmospheric restoration']",Xiaofeng Ma;Mengyuan Xu;Yongze Song;Jie Liu;Liangliang Jiang,Atmospheric restoration is a prerequisite for sub-pixel fire mapping: A smoke-robust protocol across five fire regions,
None,True,International Journal of Applied Earth Observation and Geoinformation,该论文研究了如何利用地球静止轨道卫星观测数据填补MODIS叶面积指数产品中的云致缺失数据，这与大气环境遥感技术（如空气质量监测和卫星观测）密切相关。,"['MODIS', 'leaf area index', 'geostationary satellite', 'air quality monitoring']",Jiakai You;Yinghui Zhang;Zhongwen Hu;Jingzhe Wang;Guofeng Wu,Bridging cloud-induced gaps in MODIS leaf area index products using high-frequency geostationary satellite observations,
None,False,International Journal of Applied Earth Observation and Geoinformation,该论文主要关注干旱对树木死亡热点的影响，使用参考锚定包络模型进行预测。虽然涉及环境科学，但与大气环境遥感技术（如空气质量监测、卫星观测、大气成分分析、气溶胶反演）关系不大，因此相关性不强。,"['drought', 'tree mortality', 'envelope modelling']",Filippos Eliades;Dimitrios Sarris;Felix Bachofer;Silas Michaelides;Chris Danezis;Diofantos Hadjimitsis,Reference-anchored envelope modelling for predicting tree mortality hotspots driven by drought,
None,True,International Journal of Applied Earth Observation and Geoinformation,该论文标题和摘要明确涉及使用遥感技术和现场测量来重建内陆湖泊中叶绿素-a的动态变化，这与大气环境遥感技术（如空气质量监测、卫星观测、大气成分分析、气溶胶反演）密切相关，特别是涉及水质监测和遥感应用。,"['chlorophyll-a', 'remote-sensing', 'inland lakes']",Cheng Xu;Zeyu Wei;Xiaocong Qiu;Ruiping Li;Hexiang Zheng;Huanyu Zhang;Junlin Dong;Hongfei Hou,Remote-sensing-assisted and in situ-constrained reconstruction of 4-hourly chlorophyll-a dynamics in inland lakes using vision Mamba and temporal attention,
None,True,International Journal of Applied Earth Observation and Geoinformation,该论文研究使用高斯混合模型对多传感器浊度产品进行无监督软最小值融合，浊度是大气环境质量的重要指标，多传感器融合技术常用于大气环境监测，因此与大气环境遥感技术密切相关。,"['turbidity', 'multi-sensor', 'Gaussian mixture models']",Yulin Gong;Yong Wang;Yinghong Jing;Xiaojun She;Ronghua Ma;Yao Li,Unsupervised soft-min fusion of multi-sensor turbidity products using Gaussian mixture models,
None,True,International Journal of Applied Earth Observation and Geoinformation,该论文研究城市热异性以及向下短波辐射，通过无人机实验和耦合模型进行分析，这与大气环境遥感技术中的空气质量监测和辐射分析密切相关。,"['UAV experiment', 'urban thermal anisotropy', 'downward shortwave radiation']",Xinguang Sang;Xiaobo Luo;Yidong Peng;Panpan Zhu,Analysis of intraday urban thermal anisotropy and downward shortwave radiation through UAV experiment and coupled model,
None,True,International Journal of Applied Earth Observation and Geoinformation,该论文研究早期季节性植被脱叶现象，并评估植被指数对NPV（非光化学烟雾）可见性的敏感性，这涉及到大气环境监测和植被遥感技术，因此与大气环境遥感技术（如空气质量监测、卫星观测、大气成分分析、气溶胶反演）密切相关。,"['vegetation indices', 'NPV visibility', 'defoliation']",Anne Clasen;Ben Somers;Birgit Kleinschmit;Michael Förster,Multi-angular assessment of early-season defoliation: Evaluating the sensitivity of vegetation indices to NPV visibility in temperate broadleaved forests,
None,True,International Journal of Applied Earth Observation and Geoinformation,该论文研究了利用高分辨率多光谱卫星图像和AlphaEarth基础框架进行风力涡轮机检测的方法，这与大气环境遥感技术中的卫星观测和目标检测密切相关。风力涡轮机是大气环境中的一种重要人为结构，其检测与分析有助于理解城市热岛效应、空气动力学影响等环境问题。,"['wind turbine detection', 'AlphaEarth Foundations', 'high-resolution multispectral satellite imagery']",Yu Bai;Hexin Wang;Yuanchen Yin;Siyuan Cheng;Jijun He;Zeqing Su;Kan Wang;Xiaojuan Li,A Targeted–Refined Framework for wind turbine detection integrating AlphaEarth Foundations and high-resolution multispectral satellite imagery,
None,True,International Journal of Applied Earth Observation and Geoinformation,该论文研究了利用大气环流信号来增强长江流域极端洪水事件的预警，涉及大气环境与水文事件的相互作用，与大气环境遥感技术中的大气成分分析和灾害监测相关，因此具有相关性。,"['atmospheric circulation', 'river discharge', 'early warning']",Xiaoke Xu;Yong Wang;Anning Huang;Yinghong Jing;Chunlei Gu;Xiaojun She;Lifu Zhang;Yao Li,Enhanced early warning of extreme river discharge events in the Yangtze River Basin using atmospheric circulation signals,
None,True,International Journal of Applied Earth Observation and Geoinformation,该论文研究了如何利用ICESat-2重复轨道数据和Sentinel-2多时相图像估算冰川湖底的消融速率，涉及卫星观测技术和冰川学，与大气环境遥感技术（如卫星观测和地表参数反演）有较强的关联性。,"['ICESat-2', 'Sentinel-2', 'supraglacial lake', 'ablation rates']",Jianing Wei;Kang Yang;Mengtian Man;Haoyu Cao;Chunyu Yuan;Manchun Li,Estimating supraglacial lake bottom ablation rates by integrating ICESat-2 repeat track data and multi-temporal sentinel-2 imagery,
None,True,International Journal of Applied Earth Observation and Geoinformation,该论文标题和摘要明确涉及处理云层对遥感信号的影响，以及通过空间时间融合技术提高观测效果，这与大气环境遥感技术（如空气质量监测、卫星观测、大气成分分析、气溶胶反演）高度相关。,"['cloud-tolerant', 'spatiotemporal fusion', 'mask-guided feature modulation', 'temporal-memory collaboration']",Sichen Lu;Juanjuan Jing;Junhua Yu;Lei Yang;Boyang Nie;Jinsong Zhou,Relaxing the clear-sky assumption: Cloud-tolerant spatiotemporal fusion via mask-guided feature modulation and temporal-memory collaboration,
None,True,International Journal of Applied Earth Observation and Geoinformation,该论文使用InSAR时间序列和基于迁移学习的TCN技术来解释铁路走廊的变形，这与大气环境遥感技术中的卫星观测和地表变化监测相关，但更偏向于地质和工程领域。,"['InSAR', 'TCN', 'railway-corridor deformation']",Mengshi Yang;Kang Yin;Tianrui Zhao;Zhifang Zhao;Jisheng Xia;Ramon F. Hanssen,Kinematic pattern interpretation of railway-corridor deformation from InSAR time series with transfer learning-based TCN,
None,True,International Journal of Applied Earth Observation and Geoinformation,该论文研究的是中国山西省长治市的煤矿甲烷，涉及了羽流识别、排放估算和地面验证，这些内容与大气环境遥感技术中的空气质量和大气成分分析密切相关，因此相关性较强。,"['coal mine methane', 'plume identification', 'emission estimation']",Xuan Wu;Shenshen Li;Qiang Ge;Xuefei Hu;Kun Cai,"Adaptive background suppression-based plume identification, emission estimation, and ground validation of coal mine methane in Changzhi, Shanxi, China",
None,True,International Journal of Applied Earth Observation and Geoinformation,该论文研究了使用AdaGeo-SR技术对Sentinel-2卫星图像进行超分辨率处理，涉及遥感图像处理技术，与大气环境遥感技术（如卫星观测）密切相关。,"['Sentinel-2', 'super-resolution', 'remote sensing']",Hexin Wang;Zeqing Su;Yuanchen Yin;Yonghua Sun;Cankun Yang;Na Jiang;Xiaojuan Li,AdaGeo-SR: Geo-semantic-guided super-resolution of sentinel-2 imagery with AlphaEarth foundation priors,
None,True,International Journal of Applied Earth Observation and Geoinformation,该论文研究了森林覆盖对当地地表温度的影响，涉及了植被变化对大气环境的影响，与大气环境遥感技术中的地表温度监测和大气成分分析相关。,"['land surface temperature', 'afforestation', 'forest age']",Shaoyu Zhang;Bin Song;Chaoyang Wu;Bisong Hu;Jin Chen;Shuhua Qi;Yong Ge,Biophysical effects of afforestation on local land surface temperature in china: A comprehensive analysis incorporating forest age and afforestation intensity,
None,False,International Journal of Applied Earth Observation and Geoinformation,该论文主要关注地下水位异常的时空重建框架，涉及GRACE卫星数据和物理引导的全球-局部降尺度技术，但与大气环境遥感技术（如空气质量监测、卫星观测、大气成分分析、气溶胶反演）关系不大。,"['GRACE', 'groundwater storage', 'phase-constrained gap filling']",Leyi Zhang;Guozhuang Zhang;Hongjie He;Yijian Zeng;Xizhi Lyu;Zuyu Liu;Xiuhua Liu;Peizhe Li;Bing Bai;Xia Li,A spatiotemporal reconstruction framework for GRACE/GRACE-FO-derived groundwater storage anomalies based on historical phase-constrained gap filling and physics-guided global–local downscaling,
None,True,International Journal of Applied Earth Observation and Geoinformation,该论文研究的是使用两阶段Transformer框架和交叉尺度迁移学习来重建小时级1公里分辨率的全天气地表温度。虽然不直接涉及空气质量监测或卫星观测，但地表温度是大气环境研究的重要参数，与大气热力学、能量平衡和空气质量密切相关。因此，该研究与大气环境遥感技术有较强的相关性。,"['land surface temperature', 'cross-scale transfer learning', 'reconstruction']",Yuanyuan Luo;Sha Zhang;Kun Qiao;Yun Bai,A two-stage transformer framework for reconstructing hourly 1 km all-weather land surface temperature using cross-scale transfer learning,
None,False,International Journal of Applied Earth Observation and Geoinformation,该论文标题和摘要主要关注的是基于Kleczków区在波兰的供暖需求建模，这与大气环境遥感技术（如空气质量监测、卫星观测、大气成分分析、气溶胶反演等）没有直接关系。,[],G. Bury;D. Teodorczyk;P. Bogusławski;J. Zielonka;R. Padsala,"Challenges in heating demand modelling based on the Kleczków district in Wrocław, Poland",
None,False,International Journal of Applied Earth Observation and Geoinformation,该论文的标题和摘要主要关注于将非结构化网格模型转换为结构化参数化CAD模型，应用于建筑领域，这与大气环境遥感技术（如空气质量监测、卫星观测、大气成分分析、气溶胶反演等）没有直接关系。,[],Jianbao Cao;Cheng Wang;Jianfang Ma;Yang Ming;Fei Deng,Automated conversion of unstructured mesh models to structured parametric CAD models for architectural applications,
None,False,International Journal of Applied Earth Observation and Geoinformation,该论文主要关注无人机图像的城市场景重建，涉及语义高斯表示和遮挡感知技术，与大气环境遥感技术（如空气质量监测、卫星观测、大气成分分析、气溶胶反演）的直接相关性较弱。,"['UAV imagery', 'urban scene reconstruction', 'semantic Gaussian representations']",Zhenfei Ling;Ruisheng Wang;Kun Zhou;Tszming Lu;Fugui Liu;Renzhong Guo,Learning instance-level semantic Gaussian representations for occlusion-aware urban scene reconstruction from UAV imagery,
None,True,International Journal of Applied Earth Observation and Geoinformation,该论文的标题和摘要明确涉及植被冠层高度反演技术，特别是在复杂山区应用数据校准和CNN模型的方法。虽然主要关注植被，但植被冠层高度反演是大气环境遥感技术的一部分，可用于监测地表参数对空气质量、大气成分和气溶胶分布的影响。因此，该论文与大气环境遥感技术有较强的相关性。,"['vegetation canopy height retrieval', 'complex mountainous regions', 'data calibration', 'CNN model']",Huajun Liang;Qiang Bie;Hongwei Zhang;Wenyu Yao,Vegetation canopy height retrieval in complex mountainous regions based on data calibration and CNN model,
None,False,International Journal of Applied Earth Observation and Geoinformation,该论文主要研究的是利用LMUNet-RCAM模型进行多模态黄土洞穴提取，涉及的是地形特征提取和图像处理技术，与大气环境遥感技术（如空气质量监测、卫星观测、大气成分分析、气溶胶反演等）没有直接关联。,"['loess cave', 'hillshade', 'RGB features', 'local attention mechanisms']",Jianjin Huang;Xiaoli Huang;Sijin Li;Hu Ding,Multimodal loess cave extraction using LMUNet-RCAM: Integrating hillshade and RGB features with local attention mechanisms,
None,True,International Journal of Applied Earth Observation and Geoinformation,该论文与大气环境遥感技术密切相关，因为它涉及使用被动微波遥感技术（AMSR2）进行土壤湿度反演，并采用了RTE引导的混合专家框架算法。这些技术广泛应用于大气成分分析和环境监测。,"['RTE-guided', 'mixture-of-experts', 'AMSR2', 'passive microwave', 'soil moisture retrieval']",Yurong Wu;Kebiao Mao;Jiancheng Shi;Zhonghua Guo;Sayed M. Bateni,An RTE-guided mixture-of-experts framework for AMSR2 passive microwave soil moisture retrieval,
None,False,International Journal of Applied Earth Observation and Geoinformation,该论文研究的重点是森林干扰检测，与大气环境遥感技术（如空气质量监测、卫星观测、大气成分分析、气溶胶反演）没有直接关系。,[],Guerric le Maire;Florian de Boissieu;Clayton Alcarde Alvares;Henrique Ferraco Scolforo;Evandro Nunes Miranda;Vitória Barbosa Ferreira;Jean-Baptiste Féret;Joannès Guillemot;José Luiz Stape,Context-aware quantile baselines for disturbance detection in non-stationary short-rotation forest plantations,
None,False,International Journal of Applied Earth Observation and Geoinformation,该论文的主题是虚拟地理场景建模和城市高速公路隧道场景的案例研究，主要关注地理信息系统的应用和数字孪生技术，与大气环境遥感技术（如空气质量监测、卫星观测、大气成分分析、气溶胶反演）没有直接关联。,[],Jinbin Zhang;Jun Zhu;Bowen Yang;Zhihao Guo;Ranran Tang;Tao Jiang;Jigang You,Virtual geographical scene modeling towards geospatial digital twins: A case study of urban highway tunnel scenarios,
None,False,International Journal of Applied Earth Observation and Geoinformation,该论文主要关注使用社交媒体数据识别大城市中的城市内涝优先区域，与大气环境遥感技术（如空气质量监测、卫星观测、大气成分分析、气溶胶反演等）无关。,[],Xi Huang;Guicheng Yang;Yinyin Chen;Luo Liu;Jiufeng Li;Xianzhe Tang,A spatiotemporal framework for identifying urban flood priority areas in megacities using social media data,
None,False,International Journal of Applied Earth Observation and Geoinformation,该论文主要关注使用移动激光扫描技术和语义3D道路空间模型对物体表面进行辐射指纹识别，与大气环境遥感技术（如空气质量监测、卫星观测、大气成分分析、气溶胶反演）的关联性较弱。,"['mobile laser scanning', 'semantic 3D road space models', 'radiometric fingerprinting']",Benedikt Schwab;Thomas H. Kolbe,Radiometric fingerprinting of object surfaces using mobile laser scanning and semantic 3D road space models,
None,True,International Journal of Applied Earth Observation and Geoinformation,该论文的标题和摘要都涉及遥感技术，特别是用于农田和农村道路的分割方法，这与大气环境遥感技术中的卫星观测和地理信息分析相关。,"['remote sensing', 'segmentation', 'farmland']",Zhaoxiang Cao;Yuchun Huang;Yibo Zhou;Peng Zhou;Zhiqiang Qin;Shengyuan Zhang,Corrigendum to “A partially supervised joint segmentation method for farmland and rural roads from single-class annotated remote sensing datasets” [Int. J. Appl. Earth Obs. Geoinf. 152 (2026) 105509],
None,False,International Journal of Applied Earth Observation and Geoinformation,该论文主要关注化工园区中的管道映射和结构感知技术，与大气环境遥感技术（如空气质量监测、卫星观测、大气成分分析、气溶胶反演）没有直接关联。,"['chemical industrial parks', 'pipeline mapping', 'structure-aware']",Tianhao Wang;Shixin Wang;Futao Wang;Suju Li;Litao Wang;Zhenqing Wang;Xingguang Gu;Ziqi Nie;Zhaowei Wang;Chengyue Xiong;Jinfeng Zhu;Wenliang Liu,CDBNet: Detail-preserving and structure-aware pipeline mapping in chemical industrial parks,
None,False,International Journal of Applied Earth Observation and Geoinformation,该论文标题和摘要主要关注跨区域梯田地块提取的边界和结构感知域适应技术，与大气环境遥感技术（如空气质量监测、卫星观测、大气成分分析、气溶胶反演等）没有直接关系。,[],Zhiwei Zhang;Xingyuan Zeng;Xinkai Kong;Juepeng Zheng;Haoyuan Liang;Guowei Zhou;Bohan Shi;Lingyuan Zhao;Jianxi Huang;Haohuan Fu,DATerra: Boundary and structure aware domain adaptation for cross-regional terraced parcel extraction,
None,True,International Journal of Applied Earth Observation and Geoinformation,该论文标题和摘要明确涉及使用多地球静止卫星融合技术（GK-2B、Himawari-9、FY-4B）来追踪东亚地区的日变化气溶胶动力学和烟雾输送。这直接关系到大气环境遥感技术，特别是空气质量监测和卫星观测领域。,"['aerosol dynamics', 'smoke transport', 'multi-geostationary satellite fusion', 'GK-2B', 'Himawari-9', 'FY-4B']",Tong Sha;Zhenan Yao;Yueming Cheng;Tie Dai;Jing Wei;Guangyu Shi,"Tracking diurnal aerosol dynamics and smoke transport over East Asia using multi-geostationary satellite fusion (GK-2B, Himawari-9, FY-4B)",
None,True,International Journal of Applied Earth Observation and Geoinformation,该论文研究利用双时相高分辨率卫星图像和重投影的nDSM（数字高程模型）来估计城市建筑高度，这与大气环境遥感技术中的卫星观测和城市环境分析密切相关，属于遥感技术在城市地理信息提取中的应用。,"['high resolution satellite imagery', 'nDSM', 'urban building heights']",Xiaoxue Feng;Li Tian;Peijun Li;Fang Chen;Changyong Dou,A novel method for estimating urban building heights using bi-temporal high resolution satellite imagery and reprojected nDSM,
None,True,International Journal of Applied Earth Observation and Geoinformation,该论文研究了南极冰盖表面融化动力学，涉及辐射和湍流控制，这与大气环境遥感技术（如卫星观测和大气成分分析）密切相关。,"['Antarctic Ice Sheet', 'radiative', 'turbulent']",Ziqian Zhang;Wanchun Leng;Lei Zheng;Xiao Cheng;Tianjie Zhao;Teng Li;Qi Liang;Mengxi Zhai;Lingmei Jiang,Three decades of Antarctic Ice Sheet surface melt dynamics with disentangled radiative and turbulent controls,
None,False,International Journal of Applied Earth Observation and Geoinformation,该论文主要研究的是洪水泛滥区的二维表面范围到三维水位的多年代重建，使用SWOT（陆地卫星海洋和海岸带成像仪）校准的区域-高度框架。虽然SWOT是一种遥感技术，但其应用领域主要集中在水文学和地理学，而非大气环境遥感技术，如空气质量监测或大气成分分析。因此，该论文与大气环境遥感技术的关联性较弱。,"['floodplain lakes', 'area–height framework', 'SWOT']",Xin Jiang;Lin Yan;Shunqiang Hu;Yuanyan Zhang;Zhenzhong Zeng,From 2D surface extent to 3D water levels: A SWOT-calibrated area–height framework for multidecadal reconstruction in hydraulically complex floodplain lakes,
None,True,International Journal of Applied Earth Observation and Geoinformation,该论文使用了MODIS植被轨迹和GEDI冠层结构数据，研究喜马拉雅地区的植被和冠层结构状态，这与大气环境遥感技术中的植被和冠层结构分析密切相关，因此是相关的。,"['MODIS', 'GEDI', 'vegetation', 'canopy structure', 'Hindu Kush Himalaya']",Niti B. Mishra,Beyond greenness: Combining MODIS vegetation trajectories and GEDI canopy structure to reveal contrasting structural states across the Hindu Kush Himalaya,
None,True,International Journal of Applied Earth Observation and Geoinformation,该论文标题和摘要明确涉及大气校正和低空遥感技术，特别是在极端天顶角下的应用，这与大气环境遥感技术密切相关。,"['atmospheric correction', 'remote sensing', 'zenith angles']",Ming Xu;Jun Chen,A physics-guided transfer learning approach for atmospheric correction of low-altitude remote sensing at extreme zenith angles,
None,False,International Journal of Applied Earth Observation and Geoinformation,这篇论文研究的是从密集SAR图像中检测小规模船舶的方向性特征提取变换器，与大气环境遥感技术（如空气质量监测、卫星观测、大气成分分析、气溶胶反演）没有直接关系。,"['SAR imagery', 'small-scale ships', 'oriented detection']",Junjie Zhang;Baoxiang Huang;He Gao;Borui Li;Ge Chen,A directional feature excavation transformer for oriented detection of small-scale ships in dense SAR imagery,
None,False,International Journal of Applied Earth Observation and Geoinformation,该论文主要研究的是将GRACE卫星观测数据同化到水文模型中，探讨三峡水库在长江流域的作用。虽然涉及卫星数据，但重点是水文模型和水资源管理，而非大气环境遥感技术，如空气质量监测或大气成分分析。,"['GRACE', 'hydrological model', 'Yangtze River Basin']",Jun Huang;Yuhao Xiong;Wei Feng;Fan Yang;Hongbing Bai;Min Zhong,Assimilating GRACE observations into a hydrological model in the Yangtze River Basin: The role of the Three Gorges Reservoir,
None,False,International Journal of Applied Earth Observation and Geoinformation,该论文主要关注土地利用变化检测和2米分辨率产品生成，与大气环境遥感技术（如空气质量监测、卫星观测、大气成分分析、气溶胶反演）关联性较弱。,"['land use change', 'multi-task attention network', '2 M resolution']",Jun Sun;Weiguo Jiang;Haijiang Luo;Ziyan Ling;Shuhui Lai;Xiang Long,"DecAttNet: A decoder-centric multi-task attention network for rapid, large-scale land use change detection and 2 M resolution products generation",
None,True,International Journal of Applied Earth Observation and Geoinformation,该论文使用Sentinel-1卫星图像时间序列和一种新的基于transformer的模型来绘制选择性砍伐的区域，这与大气环境遥感技术中的卫星观测和图像分析密切相关，因此相关性强。,"['Sentinel-1', 'time series', 'transformer-based model']",Xinyao Huang;Raian Vargas Maretto;Leila Maria Garcia Fonseca;Alfred Stein;Claudio Persello,Mapping selective logging with Sentinel-1 image time series and a novel transformer-based model,
None,True,International Journal of Applied Earth Observation and Geoinformation,该论文研究的GICL-Net是一种图交互协同学习网络，用于联合分类高光谱图像（HSI）和激光雷达（LiDAR）数据。高光谱图像和激光雷达是大气环境遥感技术中的常用数据源，用于空气质量和大气成分监测，因此该论文与大气环境遥感技术密切相关。,"['HSI', 'LiDAR', 'classification', 'remote sensing', 'atmospheric monitoring']",Hao Zhu;Yulin Xie;Xiaotong Li;Huanhuan Wu;Zhongle Ren;Zhen Cao;Biao Hou,GICL-Net: A graph-interactive collaborative learning network for joint classification of HSI and LiDAR,
None,False,International Journal of Applied Earth Observation and Geoinformation,该论文主要关注地热活动区域的岩石学和矿物蚀变，使用热红外光谱数据来绘制，与大气环境遥感技术（如空气质量监测、卫星观测、大气成分分析、气溶胶反演）没有直接关联。,"['thermal infrared spectroscopy', 'lithology', 'mineral alteration']",Federico Rabuffi;Simon J. Hook;Massimo Musacchio;Malvina Silvestri;Kerry Cawse-Nicholson;Maria Fabrizia Buongiorno;Zoe Amie Pierrat,Utilizing thermal infrared spectroscopy data to map lithology and mineral alteration in geothermally active areas,
None,True,International Journal of Applied Earth Observation and Geoinformation,该论文研究了印度植被绿化的结构稳定性，使用了多季节的MODIS EVI（增强型植被指数）数据，属于地球观测领域，与大气环境遥感技术中的卫星观测和植被监测相关，因此与大气环境遥感技术有较强的关联。,"['MODIS', 'EVI', 'vegetation greening', 'multi-season', 'Earth observation']",Dibyendu Dutta,Structural stability of vegetation greening across India from multi-season MODIS EVI: a time–frequency earth observation framework,
None,False,International Journal of Applied Earth Observation and Geoinformation,该论文主要关注长距离铁路多传感器数据（MLS数据）的语义分割框架，涉及全局先验和局部几何集成技术。虽然遥感技术可能被用于数据采集，但论文的核心内容并非大气环境遥感技术（如空气质量监测、卫星观测、大气成分分析或气溶胶反演），因此与大气环境遥感技术的关联性较弱。,"['semantic segmentation', 'long-distance railway', 'MLS data']",Yue Zhang;Tao Xu;Wen Xiao;Liang Fei;Jiawei Wang;Yuanwei Yang;Lunche Wang,SegRail: A Framework for semantic segmentation of long-distance railway MLS data via global priors and local geometry integration,
None,True,International Journal of Applied Earth Observation and Geoinformation,该论文标题和摘要中明确提到了多源遥感技术和集成学习，这与大气环境遥感技术密切相关。具体而言，遥感技术在空气质量监测、大气成分分析等方面有广泛应用，而集成学习是一种常用的数据分析方法，可用于处理遥感数据。因此，该论文与大气环境遥感技术密切相关。,"['remote sensing', 'ensemble learning', 'atmospheric composition']",Guanjun Lian;Huaiqing Zhang;Hua Liu;Tingdong Yang;Hanqing Qiu;Yang Liu;Hongyan Yu;Xianying Wang,Tree-neighborhood scale structure–radiation coupling analysis and modeling using multi-source remote sensing and ensemble learning,
None,True,International Journal of Applied Earth Observation and Geoinformation,该论文研究了DNFNet算法，用于无人机（UAV）在白天和黑夜条件下进行野火分割，涉及RGB和热成像技术的结合。虽然不直接涉及大气环境遥感技术，但无人机（UAV）和热成像技术在监测大气成分（如烟雾、火灾相关的污染物）方面有潜在应用，因此与大气环境遥感技术有一定相关性。,"['wildfire segmentation', 'UAV', 'RGB-thermal network']",Peng Cheng;Luli Zhang;Bin Wang;Junyi Liu;Haigang Sui,DNFNet: a brightness-adaptive lightweight RGB–thermal network for day–night UAV wildfire segmentation,
None,False,International Journal of Applied Earth Observation and Geoinformation,该论文的主题是地质灾害监测中岩石裂隙的轻量级分割，涉及地质学和岩石力学，与大气环境遥感技术（如空气质量监测、卫星观测、大气成分分析、气溶胶反演）没有直接关系。,"['rock-mass', 'cracks', 'anisotropic feature modeling']",Qin Bao;Yong Yang;Yongyi Xiang;Heng Zhang,Lightweight segmentation of rock-mass cracks based on anisotropic feature modeling for geological hazard monitoring,
None,True,International Journal of Applied Earth Observation and Geoinformation,该论文标题和摘要表明其研究内容涉及光学-SAR技术在土地覆盖分类中的应用，这属于遥感技术领域。虽然未直接提及大气环境监测或成分分析，但遥感技术在土地覆盖分类中的应用与大气环境监测密切相关，因此可以认为该论文与大气环境遥感技术有一定的相关性。,"['GFS-Net', 'optical-SAR', 'land-cover classification']",Hongkang Tao;Qin Huang;Teng Zhong;Zan Yang;Haobo Qiu;Chen Jiang,GFS-Net: Geometry–frequency synergistic fusion for accurate optical–SAR land-cover classification,
None,True,International Journal of Applied Earth Observation and Geoinformation,该论文关注从多源时间序列数据监测森林生长动态，特别是冠层高度的变化。虽然不直接涉及空气质量和污染物监测，但其研究方法（如多源数据融合、时间序列分析）与大气环境遥感技术中的数据获取和处理方法有相似之处，因此可以认为与大气环境遥感技术有一定的相关性。,"['canopy height', 'forest growth dynamics', 'multi-source time series']",Hugo de Lame;Thibauld Collet;Pauline Depoortere;Alexia Favaro;Philippe Lejeune;Adrien Michez;Antoine Plumacker;Jérôme Perin;Thomas Pollet;Quentin Ponette;Zoé Rousseau;Arthur Vander Linden;Marie-Pierre Tasseroul;Christian Messier;Jean-François Bastin,Monitoring forest growth dynamics from harmonized multi-source time series of canopy height,
None,False,International Journal of Applied Earth Observation and Geoinformation,该论文的主题是关于在火星上识别高价值着陆椭圆，使用连续优化框架和适宜性地图。这与大气环境遥感技术（如空气质量监测、卫星观测、大气成分分析、气溶胶反演）没有直接关系，因此不相关。,"['Mars', 'landing ellipses', 'optimization framework', 'suitability map']",Rong Wang;Yongjiu Feng;Yuhao Wang;Yi Zhou;Panli Tang;Jingbo Sun;Yusheng Xu;Chao Wang;Sicong Liu;Zhen Ye;Xiaohua Tong,Identifying high-value landing ellipses on Mars using a continuous optimization framework with suitability map,
None,True,International Journal of Applied Earth Observation and Geoinformation,该论文研究利用GEDI数据结合空间-光谱特征进行建筑物高度测绘，涉及卫星观测技术，与大气环境遥感技术中的大气成分分析、高分辨率观测相关，因此相关性较强。,"['GEDI', 'building height mapping', 'spatial-spectral characteristics']",Xiao Ma;Yajie Qu;Hexiang Wang;Meiyuan Chen;Chuyi Yang;Guang Zheng;Chi Xu;Yixi Bi,Filtering GEDI footprints based on combined spatial-spectral characteristics for individual building height mapping in 12 major global cities,
None,True,International Journal of Applied Earth Observation and Geoinformation,该论文标题和摘要明确涉及对火星上人类活动造成的变化的检测方法，虽然研究对象是火星而非地球，但所使用的对比引导层次无监督方法可以应用于大气环境遥感技术中的变化检测，例如在卫星观测或空气质量监测中使用类似技术。因此，它与大气环境遥感技术有较强的相关性。,"['Martian anthropogenic changes', 'contrast-guided hierarchical unsupervised method', 'detected']",Jiang Long;Sicong Liu;Yuxuan Hu;Jiayi Wu;Tao Liu;Yonggang Xiong;Kaiyue Luo;Jie Zhang;Kecheng Du;Huan Xie;Xiaohua Tong,CGHU-CD: A contrast-guided hierarchical unsupervised method for detecting Martian anthropogenic changes,
None,True,International Journal of Applied Earth Observation and Geoinformation,该论文研究的是卫星与地面闪电融合的空间-时间零模型框架，涉及卫星观测技术，特别是针对中国边缘海域的闪电数据分析，与大气环境遥感技术（如卫星观测、大气现象分析）密切相关。,"['satellite', 'lightning', 'Chinese marginal seas']",Nengxing Guo;Li Cai;Wenzhao Lu;Yingpu Xie;Yuheng Niu;Tao Li;Chun Zhao;Shanqiang Gu,A factorial spatial–temporal null-model framework for satellite–ground lightning fusion across Chinese marginal seas,
None,True,International Journal of Applied Earth Observation and Geoinformation,该论文的标题和摘要明确涉及从太空探测甲烷并估计其排放量，同时对比了PRISMA、EnMAP和GHGSat星座的性能。这与大气环境遥感技术密切相关，特别是空气质量和大气成分分析领域。,"['Methane', 'space', 'PRISMA', 'EnMAP', 'GHGSat']",Daniele Settembre;Davide De Santis;Giovanni Schiavon;Fabio Del Frate,Methane detection and emission estimation from space: Benchmarking PRISMA and EnMAP with the GHGSat constellation,
None,True,International Journal of Applied Earth Observation and Geoinformation,该论文研究了利用iTransformer技术结合ERA5再分析和GNSS观测数据进行三维对流层延迟场的时空重建，这与大气环境遥感技术密切相关，特别是卫星观测和大气成分分析领域。,"['tropospheric delay fields', 'GNSS observations', 'atmospheric delay']",Fangxin Hu;Bo Chen;Mingyuan Zhang;Ran Lu;Pengfei Xia;Tengfeng Wang;Xiaowei Zou;Yuanfan Deng,Tropoformer-S: iTransformer-based spatiotemporal reconstruction of three-dimensional tropospheric delay fields integrating ERA5 reanalysis and GNSS observations,
None,True,International Journal of Applied Earth Observation and Geoinformation,该论文使用了多源地球观测数据来量化湖泊扩张的概率，涉及冰川-气候复合强迫因素，这与大气环境遥感技术中的卫星观测和大气成分分析有一定关联，但重点在于湖泊扩张而非直接的大气污染物监测。,"['Earth observation', 'lake expansion', 'glacier–climate forcing']",Xiaoyang Zhao;Nai’ang Wang;Liqiang Zhao;Dezhong Zhang;Na’na Zhai;Hang Zhao;Liqiong Bai,Quantifying lake expansion probability under compound glacier–climate forcing using a GCL-CPF framework integrating multi-source Earth observation and vine copula theory,
None,True,International Journal of Applied Earth Observation and Geoinformation,该论文标题和摘要中明确提到了“遥感”和“作物制图”，这表明该研究涉及利用遥感技术对作物进行制图。虽然主要关注点在作物制图，但遥感技术本身与大气环境遥感技术密切相关，例如通过卫星观测大气成分或监测空气质量。因此，该论文与大气环境遥感技术具有强相关性。,"['remote sensing', 'crop mapping', 'atmospheric composition']",Lihua Cui;Wenting Han;Xuedong Zhai;Guang Li;Shah Jahan Leghari;Yi Liao;Ziao Zhou;Shenjin Huang,PLGCA-SAM: Progressive local and global context-aware network incorporating SAM for remote sensing crop mapping,
None,True,International Journal of Applied Earth Observation and Geoinformation,该论文研究使用多频微波遥感技术来揭示森林在干旱胁迫下的分层响应，涉及遥感技术和大气环境监测，因此与大气环境遥感技术相关。,"['microwave remote sensing', 'stratified forest', 'drought stresses']",Xu Zhang;Xiang Zhang;Fei Zhang;Xihui Gu;Hongliang Ma;Aminjon Gulakhmadov;Rabindra Kumar Panda;Mahlatse Kganyago;Veber Costa;Won-Ho Nam;Dash Subhaprada;Uma Charan Mohanty;Jiangyuan Zeng;Wen Xiao;José A. Marengo;Chao Yang;Wenying Du;Zeqiang Chen;Longgang Xiang;Nengcheng Chen,Multi-frequency microwave remote sensing reveals stratified forest responses to diverse drought stresses,
None,False,International Journal of Applied Earth Observation and Geoinformation,该论文研究的是地震诱发的滑坡强度建模，主要涉及地质学和地球物理学领域，与大气环境遥感技术（如空气质量监测、卫星观测、大气成分分析、气溶胶反演等）无关。,"['coseismic landslide', 'Log-Gaussian GAM', 'size', 'mobility']",Binghai Gao;Yi Wang;Xiaolong Zhang;Xin Wang;Jingqi Huang;Pan Cao;Yongheng Li;Jiwei Wang,"Modeling regional coseismic landslide intensity with an interpretable Log-Gaussian GAM: Integrating size, mobility, and their interactions",
None,True,International Journal of Applied Earth Observation and Geoinformation,该论文标题和摘要涉及遥感图像分割和视觉基础模型的文本-图像对齐，这与大气环境遥感技术（如卫星观测、大气成分分析）密切相关。虽然摘要未明确提及空气质量和污染物，但遥感图像分割是大气环境监测的重要技术手段，因此可以认为该论文与大气环境遥感技术有较强的相关性。,"['remote sensing', 'image segmentation', 'vision foundation model']",Yijie Zhang;Jian Cheng;Shimiao Fan;Changjian Deng;Ziying Xia;Nyima Tashi,Improving text–image alignment for referring remote sensing image segmentation guided by vision foundation model,
None,True,International Journal of Applied Earth Observation and Geoinformation,该论文研究了气象干旱与长江中下游地区复合水汽源输送异常之间的关系，涉及气象和环境现象，与大气环境遥感技术（如大气成分分析、水汽监测）相关。,"['meteorological drought', 'moisture sources', 'compound moisture sources-transport anomalies']",Hanlin Zheng;Tianliang Jiang;Yanping Qu;Qianfeng Wang;Yachao Zhang,Probabilistic associations between meteorological drought and compound moisture sources-transport anomalies in the middle and lower Yangtze River,
None,False,International Journal of Applied Earth Observation and Geoinformation,该论文主要研究基于地表温度异常提取的框架，虽然与遥感技术有一定联系（如地表温度测量），但主要关注点在于算法和框架构建，而非大气环境监测、卫星观测、大气成分分析或气溶胶反演等具体技术。,"['LST', 'surface thermal anomaly', 'framework']",Pengcheng Wu;Qingyan Meng;Linlin Zhang;Mona Allam;Longfei Liu;Hantian Wu,SRAIN: An isolated-neighborhood-based framework for LST-based surface thermal anomaly extraction,
None,True,International Journal of Applied Earth Observation and Geoinformation,该论文研究的是使用单时相遥感图像进行建筑物损坏检测的灾害感知网络技术，虽然不直接涉及空气质量监测或大气成分分析，但遥感图像在大气环境监测中是重要工具，因此与大气环境遥感技术有一定相关性。,"['remote sensing imagery', 'building damage detection', 'single-temporal']",Chunfeng Gao;Zheng Gong;Bing He;Ying Qu;Qiao Wang;Weihua Dong,DPNet: A disaster perception network for building damage detection using single-temporal remote sensing imagery,
None,True,International Journal of Applied Earth Observation and Geoinformation,该研究涉及沿海湿地景观中不同土地利用类型的最佳分割尺度，通过0.02到30米的系统经验表征，这与大气环境遥感技术中的地表参数反演和大气成分分析密切相关，因此是相关的。,"['land-cover types', 'segmentation scale', 'atmospheric composition analysis']",Xiaonan Zhou;Junkai Shi;Qingyu Li;Zhenguo Niu,"Resolution-dependent divergence of optimal segmentation scale across land-cover types in a coastal wetland landscape: A systematic empirical characterization from 0.02 to 30 m near the Yellow River estuary, Dongying, China",
None,False,International Journal of Applied Earth Observation and Geoinformation,该论文标题和摘要主要关注的是高光谱和多光谱图像融合技术，虽然这些技术在环境遥感中可能有应用，但并未直接涉及大气环境遥感技术，如空气质量监测、卫星观测或大气成分分析。因此，该论文与大气环境遥感技术的关系不强。,"['hyperspectral', 'multispectral', 'image fusion']",Bo Zhou;Xianfeng Zhang;Ziyuan Feng;Miao Ren;Xiaobo Zhi,A multi-scale spatial-conditioned spectral routing network for hyperspectral and multispectral image fusion,
None,True,International Journal of Applied Earth Observation and Geoinformation,该论文研究了如何通过物理约束的多任务学习方法提高从地球静止卫星获取的总反射率数据来估算每小时PM2.5浓度。这与大气环境遥感技术密切相关，特别是空气质量监测和卫星观测领域。,"['PM2.5', 'geostationary satellite', 'TOA reflectance', 'multi-task learning']",Ruijie Li;Zhe Zheng;Chenru Zou;Ke Li;Xidong Sun;Chaoshun Liu;Guangze Zhang;Kaixu Bai,Improving hourly PM<sub>2.5</sub> estimation from geostationary satellite TOA reflectance through physically constrained multi-task learning,
None,True,International Journal of Applied Earth Observation and Geoinformation,该论文的标题和摘要都与遥感技术相关，特别是场景分割，这属于大气环境遥感应用的一部分。,"['remote sensing', 'scene segmentation', 'spatial–frequency collaboration']",Wenwu Xiong;Wei Chen;Zhou Huang;Hongzhao Tang;Kevin Tansey;Józef Hernik;Binbin Lu;Shichao Cui;Yida Chen,SFMNet: Joint semantic and structural modeling via spatial–frequency collaboration for remote sensing scene segmentation,
None,True,International Journal of Applied Earth Observation and Geoinformation,该论文研究了使用基于物理的机器学习方法从Landsat地表反射率数据中估算时空无缝的FAPAR（叶面积指数）。FAPAR是植被指数的一种，与大气环境遥感技术中的植被监测和空气质量评估密切相关。因此，该论文与大气环境遥感技术（如卫星观测、植被分析）密切相关。,"['Landsat', 'FAPAR', 'surface reflectance']",Yimin Ni;Gaofei Yin;Guodong Zhang;Gang Sun;Xiaodan Wu;Xiaojun Li;Xinyan Liu;Anxin Ding;Rui Chen;Meilian Wang;Yi Zhang;Jiangchuan Hu;Zongyan Li;Aleixandre Verger,Physics-Guided Machine learning approach for estimating spatiotemporally seamless FAPAR from Landsat surface reflectance,
None,True,International Journal of Applied Earth Observation and Geoinformation,该论文的标题和摘要表明，它专注于利用视觉基础模型进行遥感语义分割，涉及遥感技术，特别是语义分割在遥感图像分析中的应用。虽然未明确提到空气污染、卫星传感器或特定算法，但遥感语义分割是大气环境遥感技术的一部分，用于分析和理解大气成分、气溶胶等。因此，该论文与大气环境遥感技术有一定相关性。,"['remote sensing', 'semantic segmentation', 'vision foundation models']",Haocheng Li;Juepeng Zheng;Shuangxi Miao;Ruibo Lu;Guosheng Cai;Haohuan Fu;Jianxi Huang,Parameter-efficient multimodal adaptation of vision foundation models for remote sensing semantic segmentation,
None,True,International Journal of Applied Earth Observation and Geoinformation,该论文利用深度学习和超分辨率技术处理Sentinel-2和Landsat-8卫星图像，以绘制加州野火烧毁区域，这与大气环境遥感技术中的卫星观测和野火监测密切相关。,"['Sentinel-2', 'Landsat-8', 'deep learning', 'burned area mapping', 'wildfires']",Youngmin Seo;Seung Hee Kim;Menas Kafatos;Jinsoo Kim;Yangwon Lee,Deep learning-based burned area mapping of California wildfires using Sentinel-2 and Landsat-8 imagery enhanced with super-resolution techniques,
None,True,International Journal of Applied Earth Observation and Geoinformation,该论文研究了如何通过数据驱动的深度学习方法增强对地球静止卫星Himawari-8测量的气溶胶光学/微物理参数的检索，这与大气环境遥感技术中的空气质量监测和卫星观测密切相关。,"['Himawari-8', 'aerosol optical/microphysical parameters', 'geostationary satellite', 'data-driven deep learning method']",Lina Xu;Siyu Liu;Minghui Tao;Jun Wang;Xincai Chang;Wenjing Man;Jie Ma;Huang Zhang;Jhoon Kim,Enhanced retrieval of aerosol optical/microphysical parameters for Himawari-8 geostationary satellite measurements with data-driven deep learning method,
None,False,International Journal of Applied Earth Observation and Geoinformation,该论文主要关注的是在山区使用深度学习技术进行树木分割和多维度属性提取，与大气环境遥感技术（如空气质量监测、卫星观测、大气成分分析、气溶胶反演等）没有直接关联。,"['deep learning', 'individual tree segmentation', 'multi-dimensional attribute extraction']",Guangbin Lei;Ainong Li;Jinhu Bian;Zhengjian Zhang;Xiaohan Lin;Xi Nan;Amin Naboureh;Yulan Chen;Yi Deng,A multi-task collaborative method for individual tree segmentation and multi-dimensional attribute extraction in mountainous areas using deep learning technologies,
None,True,International Journal of Applied Earth Observation and Geoinformation,该论文与大气环境遥感技术密切相关，因为它涉及使用SMAP卫星从土壤介电模型中获取全球土壤湿度。土壤湿度是大气环境研究的重要参数，而SMAP是一种用于地球观测的卫星传感器，因此该研究直接关联到遥感技术和大气成分分析。,"['soil moisture retrieval', 'SMAP', 'dielectric model']",Yulin Shangguan;Jian Peng;Cheng Tong;Xingyu Xue;Xiaojun Xu;Xiaodong Deng;Xiaoxiao Min;Zhou Shi;Jean-Pierre Wigneron,Optimal soil dielectric model map for global soil moisture retrieval from SMAP,
None,False,International Journal of Applied Earth Observation and Geoinformation,该论文主要关注的是海洋颜色数据集及其在海洋生态监测中的应用，虽然涉及遥感技术，但并非针对大气环境遥感技术，如空气质量监测、卫星观测或大气成分分析等领域。,"['Ocean-Colour', 'marine ecological monitoring', 'daily dataset']",Yuan Zhang;Hui Yang;Fang Shen;Tingwei Cui;Liu Cui;Renhu Li;Qingzhou Lv;Xuerong Sun,"A Global, Gap-Free daily Ocean-Colour dataset (2000–2024) for robust marine ecological monitoring",
None,True,International Journal of Applied Earth Observation and Geoinformation,该论文研究了无人机（UAV）利用反照率模型拟合的植被指数进行树木高度反演，涉及遥感技术中的几何视角效应和植被参数反演，与大气环境遥感技术（如空气质量监测、植被参数反演）密切相关。,"['UAV', 'BRDF', 'vegetation indices', 'tree height retrieval', 'remote sensing']",Zhihui Mao;Lei Deng;Qinghua Qiao,Viewing-geometry effects on UAV-based tree height retrieval using BRDF-derived vegetation indices,
None,False,International Journal of Applied Earth Observation and Geoinformation,该论文的主题是关于中国最大的海草床的长期时空动态监测，主要关注海草床的生态变化，与大气环境遥感技术（如空气质量监测、卫星观测、大气成分分析、气溶胶反演）没有直接关联。,"['satellite tracking', 'seagrass meadow', 'spatiotemporal dynamics']",Jun Tang;Yingcheng Lu;Zhiyuan Ouyang;Yarong Zou;Futao Wang;Yuntao Wang;Chao Zhou;Yanlong Chen,Satellite tracking of long-term spatiotemporal dynamics in China’s largest seagrass meadow,
None,True,Atmospheric Environment,这篇论文研究了HO2自由基在海洋盐颗粒上的吸收过程，这涉及到大气成分分析和空气质量的监测，因此与大气环境遥感技术密切相关。,"['HO2 radical', 'sea-salt particles', 'urban coastal seawater', 'atmospheric composition']",Nanase Kohno;Jiaru Li;Sho Shirai;Yuzuru Nakaguchi;Kota Mizuno;Yosuke Sakamoto;Yoshizumi Kajii,HO<sub>2</sub> radical uptake onto sea-salt particles generated from urban coastal seawater in Osaka Bay,
None,True,Atmospheric Environment,该论文研究了2018-2023年秋冬季节上海臭氧及其前体的年际变化驱动因素，这与大气环境遥感技术（如空气质量监测、大气成分分析）密切相关。,"['ozone', 'precursors', 'Shanghai']",Xueqi Chen;Qian Wang;Ming Wang;Yaqin Gao;Yunjiang Zhang;Rusha Yan;Shengao Jing;Qingyan Fu;Hongli Wang,Drivers of interannual variability in autumn ozone and its precursors in Shanghai during 2018–2023,
None,True,Atmospheric Environment,该论文研究了中央喜马拉雅地区的PM2.5污染，使用了卫星、再分析和新的现场CUPI传感器网络，这与大气环境遥感技术（如空气质量监测、卫星观测、大气成分分析、气溶胶反演）密切相关。,"['PM2.5', 'satellite', 'reanalysis', 'CUPI sensor']",Vikas Rawat;Narendra Singh;Surendra K. Dhaka;Ramesh P. Singh;Mayank Kumar Chauhan;Jaydeep Singh;Yutaka Matsumi;Tomoki Nakayama;Sachiko Hayashida;Chandra Prakash;Chhavi Pant Pandey;Alok Sagar Gautam;Kuldeep Singh;Anant Dimri;Dinesh Kumar Sharma;Chandra Mohan Singh Negi;Kiran Sharma;Nandan Singh Bisht;Ravi Shankar Kuniyal;Pushpa Bhakuni Negi,"Integrated assessment of PM<sub>2.5</sub> in the Central Himalaya using satellite, reanalysis, and a new in-situ CUPI sensor network",
None,True,Atmospheric Environment,该论文标题和摘要明确涉及了大气环境中的气溶胶（aerosol）及其与南亚季风（monsoon）和厄尔尼诺-南方涛动（ENSO）的关系，这与大气环境遥感技术（如空气质量监测、卫星观测、大气成分分析、气溶胶反演）密切相关。,"['aerosol', 'monsoon', 'South Asia', 'ENSO']",Anushri Pal;Sushant Das;Saurabh Kumar;Vijayakumar S. Nair,Deciphering aerosol-monsoon variability over South Asia under different phases of ENSO,
None,True,Atmospheric Environment,该论文研究了森林、偏远和城市环境中的水溶性有机物在气溶胶中的荧光特性，这与大气环境遥感技术（如气溶胶和有机物监测）密切相关。研究内容涉及气溶胶成分分析，属于大气环境遥感技术领域。,"['fluorescence', 'water-soluble organic matter', 'aerosols']",Chenran Wei;Sonia Afsana;Yange Deng;Hikari Yai;Hiroaki Fujinari;Yuzo Miyazaki;Eri Tachibana;Michihiro Mochida,"Characteristics of the fluorescence of water-soluble organic matter in forest, remote, and urban aerosols in Japan",
None,True,Atmospheric Environment,该论文研究了德国超细颗粒物的虚拟限值和阈值超标频率，使用了德国超细气溶胶网络的数据，这与大气环境遥感技术中的空气质量监测和气溶胶分析密切相关。,"['ultrafine particles', 'air quality monitoring', 'aerosol network']",Max Bußkamp;Tim Kramer;Kay Weinhold;Alfred Wiedensohler;Stephan Weber,A virtual limit value for ultrafine particles: Frequency of threshold exceedances across Germany based on data from the German Ultrafine Aerosol Network,
None,True,Atmospheric Environment,该论文研究了加热影响下的城市大气中多环芳烃（PAHs）、多环脂环化合物（PAEs）和多氧乙烯（OPEs）的季节性行为和吸入风险，这与大气环境遥感技术在空气质量监测和大气成分分析方面的应用密切相关。,"['PAHs', 'PAEs', 'OPEs', 'urban atmosphere', 'inhalation risks']",Bowen He;Yifei Wang;Bo Yao;Zhu Ran;Qingxin Deng;Yan Ren;Huifan Deng;Jiansheng Cui;Sasho Gligorovski;Xinming Wang,"Contrasting seasonal behavior and inhalation risks of atmospheric PAHs, PAEs, and OPEs in a heating-influenced urban atmosphere",
None,True,Atmospheric Environment,该论文标题和摘要明确涉及使用卫星技术估算首尔都市区的PM2.5化学成分，这与大气环境遥感技术（如空气质量监测、卫星观测和大气成分分析）密切相关，因此判断其相关性为强。,"['PM2.5', 'satellite-based', 'chemical composition', 'Seoul metropolitan area']",Seonggyun Na;Juhee Lee;Min Ju Yeo;Jhoon Kim;Xiao Lu;Ke Li;Jinsoo Park;Dae-Yong Park;Soojeong Lee;Shawn Honomichl;Laura L. Pan;Ja-Ho Koo,Satellite-based estimation of PM<sub>2.5</sub> chemical composition under sparse observations in Seoul metropolitan area,
None,True,Atmospheric Environment,该论文研究了城市树木对大气微塑料的滞留作用，涉及大气成分分析和城市环境监测，与大气环境遥感技术中的空气质量和大气成分分析相关。,"['atmospheric microplastic', 'urban trees', 'leaf trait responses']",Gehong Li;Rui Wang;Liang Xu;Ye Wang;Ming Dong;Yaobin Song;Hua Yu,Atmospheric microplastic retention by urban trees: Source-based variation and leaf trait responses,
None,True,Atmospheric Environment,该论文研究西北喜马拉雅地区的住宅燃料燃烧产生的尺寸分辨率的气溶胶，探讨了其对光吸收、吸湿性和云凝结核（CCN）活化的潜在影响，这与大气环境遥感技术（如空气质量监测、大气成分分析）密切相关，因此相关性较强。,"['aerosols', 'residential fuel combustion', 'light absorption', 'CCN activation']",Prashant Rawat;Jingying Mao;Shiguo Jia;Sébastien Bau;Sayantan Sarkar,"Size-resolved aerosols from residential fuel combustion in the northwestern Himalayas: potential effects on light absorption, hygroscopicity and CCN activation",
None,True,Atmospheric Environment,该论文与大气环境遥感技术密切相关，因为它涉及空气质量传感器的性能评估，这通常需要使用测试室来模拟大气环境条件，以验证传感器在极端条件下的表现。这与空气质量监测和大气成分分析等遥感技术应用直接相关。,"['air quality sensors', 'performance evaluation', 'test chamber']",David A. Herman;Wilton Mui;Xiaobi M. Kuang;Namrata Shanmukh Panji;Noel A. Ruiz;Vasileios Papapostolou;Brandon Feenstra;Andrea Polidori,"An advanced, multifunctional, and extreme-condition test chamber for performance evaluation of air quality sensors",
None,True,Atmospheric Environment,该论文研究了 Tibetan Plateau 上亚硝酸（HONO）的形成及其对氧化能力的影响，使用了观测约束的箱式模型进行分析。这涉及到大气环境中的污染物（HONO）监测和大气化学成分分析，属于大气环境遥感技术的范畴。,"['nitrous acid (HONO)', 'Tibetan Plateau', 'oxidation capacity', 'observation-constrained box model']",Xue Zhang;Jianshu Wang;Chunxiang Ye;Xicheng Li;Xingyi Wu;Wenting Yuan;Xiangyu Luan;Yali Li;Peng Zhang;Jiaming Zhang;Yuchen Huang;Longchang Zhang;Jianghai Li;Song Liu;Chen Wang;Lei Zhu,Quantifying nitrous acid (HONO) formation and its impact on oxidation capacity over the Tibetan Plateau: Insights from an observation-constrained box model,
None,False,Atmospheric Environment,该论文主要关注农村居民暴露于多环芳烃（PAHs）的风险评估和肾脏关联性，与大气环境遥感技术（如空气质量监测、卫星观测、大气成分分析、气溶胶反演）关系不大。,"['PAHs', 'household fuel type', 'renal associations']",Sadaf Gulzar;Hongmei Xu;Bei Han;Sulin Chen;Yunxuan Gu;Yujie He;Abdullah Akhtar;Jian Sun;Zhenxing Shen;Muhammad Nawaz,"PAHs exposure, health risk evaluation, and renal associations by household fuel type in rural residents of Northwestern China",
None,True,Atmospheric Environment,该论文研究了韩国空气质量监测中的重新定位相关的间断性，并使用贝叶斯结构时间序列分析了对PM10和PM2.5的研究。这直接与空气质量监测相关，属于大气环境遥感技术的一个子领域。,"['PM10', 'PM2.5', 'air-quality monitoring', 'Bayesian structural time-series analysis']",Insang Song,Relocation-associated discontinuities in Korean air-quality monitoring: a Bayesian structural time-series analysis of PM<sub>10</sub> and PM<sub>2.5</sub>,
None,True,Atmospheric Environment,该论文研究了柴油尾气黑碳颗粒在湿润和蒸发过程中的形态变化，这与大气环境遥感技术（如空气质量监测、大气成分分析、气溶胶反演）密切相关，因为黑碳是大气中的主要污染物之一，其形态变化会影响遥感观测和空气质量评估。,"['black carbon', 'humidification', 'evaporation', 'atmospheric composition', 'aerosol']",Kexin Liu;Zhuofei Du;Zongxuan Li;Fuyang Zhang;Xin Gong;Jinsheng Zhang;Hongjun Mao;Jianfei Peng,Morphology change of diesel exhaust black carbon particles during humidification and evaporation,
None,True,Atmospheric Environment,该论文研究了不同干旱环境下尘埃相关的PM2.5模型的可迁移性，涉及空气质量监测和大气成分分析，与大气环境遥感技术密切相关。,"['PM2.5', 'dust', 'atmospheric models']",Volha Hurynovich;Mikalai Filonchyk;Liang Zhou,Transferability of dust-related PM<sub>2.5</sub> models under contrasting arid environmental regimes,
None,True,Atmospheric Environment,该论文的标题和摘要明确涉及使用地面、卫星和再分析数据来评估全球陆地和海洋上的气溶胶负担，这与大气环境遥感技术密切相关，特别是在空气质量监测、卫星观测和大气成分分析方面。,"['aerosol burden', 'ground-based', 'satellite', 'reanalysis data']",Shantikumar S. Ningombam;Arya S.;Swagata Mukhopadhyay;Erik Larson,"Assessment of global aerosol burden over land and oceans using ground-based, satellite, and reanalysis data",
None,True,Atmospheric Environment,该论文研究了空气污染对流感样疾病的影响，并考虑了温度和湿度的影响因素。虽然不直接提及遥感技术，但其研究内容与大气环境监测（如空气质量监测）密切相关，属于大气环境研究范畴。,"['air pollution', 'influenza-like illness', 'temperature', 'humidity']",Mojie Song;Yan Liu;Yake Lei;Sujin Zhang;Hongtao Zhou;Xiaobo Feng;Yanqing Xu;Guang Li,Air pollution effects on influenza-like illness modified by temperature and humidity in central China,
None,True,Atmospheric Environment,该论文研究的是长江中下游地区甲烷浓度的时空异质性和多因素非线性响应，这与大气环境遥感技术中的大气成分分析直接相关，因为甲烷是一种重要的温室气体，其浓度的监测和分析是大气环境遥感技术的重要应用领域之一。,"['methane concentrations', 'atmospheric composition', 'spatiotemporal heterogeneity']",Yuqi He;Lan Feng;Shikuan Jin;Xin Su;Lunche Wang,Spatiotemporal heterogeneity and multi-factorial nonlinear response of methane concentrations in the middle and lower reaches of the Yangtze River,
None,True,Atmospheric Environment,该论文研究液态晶体单体在大气-生物界面上的传输，涉及大气与生物圈之间的相互作用，属于大气环境遥感技术的研究范畴，例如通过监测大气成分来分析环境变化。,"['liquid crystal', 'atmosphere-biosphere interface', 'transport']",Jing-Jing Feng;Jia Chen;Jian-Xiong Liao;Qian-Wen Jiang;Ling Mo;Rui-Xia Ma,From rain to moss: Tracing liquid crystal monomer transport across atmosphere-biosphere interface,
None,True,Atmospheric Environment,该论文研究了中央日本地区气溶胶中硒的浓度和氧化态的季节性变化，这与大气环境遥感技术密切相关，特别是大气成分分析和空气质量监测。,"['aerosol selenium concentrations', 'oxidation states', 'atmospheric composition analysis']",Masako Kagawa;Ippei Nagao;Saya Kagami;Fukuka Kida;Nagayoshi Katsuta,Seasonal variations of aerosol selenium concentrations and oxidation states in central Japan,
None,True,Atmospheric Environment,该论文研究了1999-2023年河内的细颗粒物硫酸盐，探讨了区域SO<sub>2</sub>排放和季风环流的影响，这与大气环境遥感技术（如空气质量监测和大气成分分析）密切相关。,"['fine particulate sulfate', 'SO<sub>2</sub>', 'monsoon circulations']",Pham Duy Hien;Quang Tran Vuong;Vuong Thu Bac;Ha Lan Anh,Long-term observations of fine particulate sulfate in Hanoi during 1999-2023: Impact of SO<sub>2</sub> regional emissions and monsoon circulations,
None,True,Atmospheric Environment,该论文研究的是渤海海峡中颗粒物家长、烷基和硝基多环芳烃的特性及干沉降通量，这与大气环境遥感技术中的大气成分分析和空气质量监测密切相关，因此是相关的。,"['particulate parent', 'alkyl', 'nitro-polycyclic aromatic hydrocarbons', 'dry deposition fluxes', 'Bohai Sea Strait']",Xinyuan Kang;Mian Li;Wenjun Yao;Hao Sun;Zilan Wu;Limin Yu;Xindong Ma,"Characteristics and dry deposition fluxes of particulate parent, alkyl, and nitro-polycyclic aromatic hydrocarbons in the Bohai Sea Strait, China",
None,True,Atmospheric Environment,该论文研究了台中市的臭氧变化和前体物质敏感性，使用了基于观测的机器学习和化学机制建模方法，这与大气环境遥感技术中的空气质量监测和大气成分分析密切相关。,"['ozone', 'urban Taichung', 'machine learning']",Jonalyn C. Madriaga;Ting-Yu Chiang;Charles C.-K. Chou,Ozone variability and precursor sensitivity in urban Taichung: Insights from observation-based machine learning and chemical mechanism modeling,
None,True,Atmospheric Environment,该论文研究了摩洛哥西北部的Atlas Mohammed V大气研究站的CO2和CH4连续七年测量数据，涉及大气成分分析，与大气环境遥感技术（如大气成分监测）密切相关。,"['CO2', 'CH4', 'atmospheric research station']",Ibrahim Ouchen;Michel Ramonet;Toure Dro Tiemoko;Morgan Lopez;Mohamed Mastere;Abdelaziz Motiaa;Wahid Mellouki,Seven-year continuous measurement of CO<sub>2</sub> and CH<sub>4</sub> at Atlas Mohammed V atmospheric research station in Northwest Africa,
None,True,Atmospheric Environment,该论文研究的是印度南部半干旱雨影区2008-2024年的黑碳气溶胶长期变化、小波分析、机器学习方法以及源区，直接涉及大气环境中的气溶胶监测与分析，属于大气环境遥感技术领域。,"['black carbon', 'aerosols', 'machine learning', 'source regions']",Raja Obul Reddy Kalluri;Balakrishnaiah Gugamsetty;Usha Kajjer Virupakshappa;Rama Gopal Kotalo;Siva Sankara Reddy Lingala;Mamatha Chutta,"Long-term (2008-2024) analysis of black carbon aerosols over a semi-arid rain-shadow region in southern peninsular India: trends, wavelet analysis, machine learning approaches and source regions",
None,True,Atmospheric Environment,该论文研究了中国珠江三角洲沿海和海洋地区的光化学和臭氧污染，涉及大气成分分析和污染监测，与大气环境遥感技术密切相关。,"['ozone pollution', 'coastal sites', 'photochemistry', 'atmospheric composition', 'Pearl River Estuary']",Lirong Hui;Guizhen Fang;Yi Chen;Hao Sun;Xin Feng;Yang Xu;Jia Guo;Yao Chen;Penggang Zheng;Dasa Gu;Yanli Zhang;Yee-Jun Tham;Zhenhao Ling;Zhe Wang,"Contrasting photochemistry and ozone pollution at coastal and marine sites in the Pearl River Estuary, South China",
None,True,Atmospheric Environment,该论文研究的是氯引发苯乙烯氧化的有机氯化合物的形成过程，涉及大气中的污染物（有机氯化合物）及其形成机制，这与大气环境遥感技术中的空气质量监测和大气成分分析密切相关。,"['organochloride compounds', 'chlorine-initiated', 'styrene oxidation']",Yinghong Sun;Kun Li;Li Xu;Narcisse Tsona Tchinda;Lin Du,Organochloride compounds formation in chlorine-initiated styrene oxidation,
None,True,Atmospheric Environment,该论文研究了在2060年气候和排放情景下的全球尺度O3污染，涉及大气成分分析和空气质量监测，与大气环境遥感技术密切相关。,"['O3', 'pollution', 'climate', 'emission scenarios']",Hiroo Hata;Yukio Suzuki;Jairo Vazquez Santiago;Kazuya Inoue,Kinetic study of global-scale O<sub>3</sub> pollution under 2060s climate and emission scenarios,
None,True,Atmospheric Environment,该研究关注非常规油气开发对挥发性有机化合物排放和二次有机气溶胶形成的影响，这与大气环境遥感技术中的空气质量监测和大气成分分析密切相关。,"['volatile organic compound', 'secondary organic aerosol', 'unconventional oil and gas development']",Katarina Konon;Lea El Khoury;Evelyn Deveraux;Chun-Ying Chao;Pearl Abue;Leif G. Jahn;Austin Turner;Chou-Hsien Lin;Mrinali Modi;Daniel C. Blomdahl;Kristi N. McPherson;David T. Allen;Pawel K. Misztal;Lea Hildebrandt Ruiz,Seasonal variation in volatile organic compound emissions and secondary organic aerosol formation from unconventional oil and gas development in the Eagle Ford Shale,
None,True,Atmospheric Environment,该论文研究了南极半岛上原始和人口密集地区地表臭氧浓度的变化，这与大气环境遥感技术中的空气质量监测和大气成分分析密切相关。臭氧是一种重要的空气污染物，南极半岛是研究气候变化和大气环境的重要区域。因此，该论文与大气环境遥感技术密切相关。,"['ozone', 'Antarctic Peninsula', 'populated sites']",Francisco Cereceda-Balic;Magín Lapuerta;Gonzalo Barcaza;Hans Moosmüller;John F. Mejia;Ximena Fadic;Valeria Campos,Surface ozone concentration variability across pristine and populated sites of the Antarctic Peninsula,
None,True,Atmospheric Environment,该论文研究欧洲最大城市莫斯科的长期黑碳量化及其来源，涉及燃气供暖、人口活动和野火对空气质量的影响，与大气环境遥感技术（如空气质量监测、大气成分分析）密切相关。,"['black carbon', 'atmospheric composition', 'wildfires', 'air quality monitoring']",Olga Popovicheva;Marina Chichaeva;Roman Kovach;Matic Ivančič;Asta Gregorič;Balint Alfoldy;Nikolay Kasimov,"Long-term black carbon quantification and sources in largest European megacity Moscow: impact of gas-fuel heating, population activity, and wildfires",
None,True,Atmospheric Environment,该论文研究了使用低成本传感器监测细颗粒物（一种大气污染物）的可解释智能校准方法，涉及大气成分分析，与大气环境遥感技术（如空气质量监测）密切相关。,"['fine particulate matters', 'low-cost sensors', 'atmospheric composition']",Zekai Wang;Chao Mai;Jianing Chen;Yuhao Chen;Zhiyuan Wen;Meng Li;Upma Dutt;Wengui Li;John Zhou;Yuhan Huang,Interpretable intelligent calibration of low-cost sensors of fine particulate matters via a Mixture of Affine Experts (MoAE) framework,
None,True,Atmospheric Environment,该论文研究了次生有机硅氧烷气溶胶（SOSiA）的结构依赖性产率和挥发性变化，涉及从OH氧化各种环状挥发性甲基硅氧烷生成的过程，这与大气环境远程传感技术中的气溶胶检索、大气成分分析等密切相关，因此具有相关性。,"['secondary organosiloxane aerosol', 'OH oxidation', 'cyclic volatile methyl siloxanes']",Hyoseon Kang;Jihye Moon;Hyun Gu Kang;Hwajin Kim,Structure dependent yield and volatility changes of secondary organosiloxane aerosol (SOSiA) from OH oxidation of various cyclic volatile methyl siloxanes,
None,True,Atmospheric Environment,该论文研究气象基线的非平稳性对大气扩散评估的影响，涉及核设施站点，与大气环境遥感技术中的空气质量监测和大气成分分析相关。,"['atmospheric dispersion', 'meteorological baselines', 'nuclear facility']",Juyeol Yun;Mee Jang;Jong-Myoung Lim;Jinhyung Lee;Sangdo Choi;Seung-Min Lee;Minseok Kang,Nonstationarity of meteorological baselines for atmospheric dispersion assessments: A 32-year dual-height case study at a nuclear facility site in South Korea,
None,True,Atmospheric Environment,该论文研究了德黑兰市固体废物填埋场的甲烷排放，涉及大气环境中的污染物监测和排放源分析，与大气环境遥感技术中的空气质量监测和排放源追踪密切相关。,"['municipal solid waste landfills', 'methane emissions', 'NASA-identified global super-emitter']",Mohammad Hassanabadi;Adel Mokammel;Ali Ahmadi Orkomi;Sasan Faridi;Kazem Naddafi;Kamyar Yaghmaeian;Shahrokh Nazmara;Mohammad Khanizadeh;Ahmad Taheri;Mohammad Sadegh Hassanvand;Fatemeh Momeniha,Methane emissions from municipal solid waste landfills in Tehran: Field measurements and modeling of a NASA-identified global super-emitter,
None,True,Atmospheric Environment,该论文评估了FY-4B/AGRI陆地气溶胶光学厚度产品，并与地球静止卫星产品在亚洲进行了比较，这与大气环境遥感技术（如空气质量监测、卫星观测、大气成分分析、气溶胶反演）密切相关。,"['FY-4B', 'AGRI', 'land aerosol optical depth', 'geostationary satellite', 'Asia']",Zhen Ye;Leiku Yang;Yidan Si;Lin Chen;Yueming Cheng;Xiaoran Lv;Xiaolong Niu;Shijiao Guo,Evaluation of the FY-4B/AGRI land aerosol optical depth product and comparison with geostationary satellite products over Asia,
None,True,Atmospheric Environment,该论文研究了城市 street canyons 中活性污染物的扩散，涉及几何形状、风速、辐射和大气化学的影响。这与大气环境遥感技术中的空气质量监测和大气成分分析密切相关。,"['CFD modeling', 'reactive pollutant', 'urban street canyons', 'air quality monitoring', 'atmospheric chemistry']",Melisa I. Mendoza;Santiago F. Corzo;Damian E. Ramajo,"CFD modeling of reactive pollutant dispersion in urban street canyons: Effects of geometry, wind speed, radiation and atmospheric chemistry",
None,True,Atmospheric Environment,该论文研究了中程臭氧污染预测技术，使用了混合Transformer-TabPFN框架，这涉及到大气环境中的污染物监测和预测，与大气环境遥感技术（如空气质量监测和污染物预测）密切相关。,"['ozone pollution', 'forecasting', 'transformer-TabPFN framework']",Bohui Jiang;Xiaoling Zhang;Miao Qi;Xin Ai;Xiaoyi Wang;Xinying Qin,Medium-range ozone pollution forecasting techniques via a hybrid transformer-TabPFN framework and application,
None,True,Atmospheric Environment,该论文的研究主题涉及PM2.5及其所含金属成分的来源转变和健康影响，这直接与大气环境遥感技术中的空气质量监测和大气成分分析相关。研究中提到的高分辨率观测方法也与遥感技术密切相关。,"['PM<sub>2.5</sub>', 'PM-bound metals', 'coastal megacity', 'high-resolution observation']",Yanjie Lei;Ming Hu;Yuankai Xie;Anja H. Tremper;Yue Liu;Lan Hong;Xin Cheng;Cheng Huang;Qingyan Fu;Jialiang Feng;David C. Green;Longhua Wu;Shunyao Wang;Gang I. Chen,Source transition and health implication of PM<sub>2.5</sub>-bound metals: Multi-year high-resolution observation in a coastal megacity,
None,True,Atmospheric Environment,该论文研究的是非道路建筑设备的实时排放，特别是PM（颗粒物）中的环境持久性自由基和活性自由基的产生，这与大气环境遥感技术中的空气质量监测和大气成分分析密切相关。,"['PM', 'environmentally persistent free radicals', 'non-road construction equipment']",Tzu-Hsien Tseng;Wei-Min Ching;Yen-Hsien Li;Hsi-Hsien Yang;Yu-Chieh Wang,Real-world emissions of PM-bound environmentally persistent free radicals and reactive radical species generation from non-road construction equipment,
None,True,Atmospheric Environment,该论文研究土壤对大气氢气的吸收作用，虽然不直接涉及传统的遥感技术（如卫星观测），但其研究大气与土壤之间的相互作用，与大气环境监测和成分分析相关，因此可以认为与大气环境遥感技术有较强的关联性。,"['atmospheric hydrogen', 'soil sink', 'aerodynamic gradient technique']",Nicholas Cowan;Mark Hanlon;Aurelia Bezanger;Chiara F. Di Marco;Carole Helfter;Neil J. Mullinger;Ruby Devlin;Toby Roberts;Sarah R. Leeson;Karen Yeung;Duncan Harvey;Eiko Nemitz;Julia Drewer,Environmental controls of the soil sink of atmospheric hydrogen: a year-long study at a UK grassland using the aerodynamic gradient technique,
None,True,Atmospheric Environment,该论文研究了人类活动对室内空气污染物的影响，使用噪声和CO2变量结合LSTM-LightGBM模型进行评估，涉及空气质量监测和污染物分析，与大气环境遥感技术中的空气质量和污染物分析相关。,"['indoor air pollutants', 'CO2', 'LSTM-LightGBM']",He Zhang;Ravi Srinivasan;Chen Chen;Xu Yang;Zhi Huang;Vikram Ganesan;Rui Zhou,Assessing impacts of human activity on indoor air pollutants using noise and CO<sub>2</sub>-based variables with LSTM-LightGBM: a library case study,
None,True,Atmospheric Environment,该论文研究了中国农村家庭固体燃料燃烧相关的多环芳烃（PAH）暴露，以及多环芳烃代谢物与DNA损伤和全身炎症的关联。虽然不直接涉及遥感技术，但与大气环境监测和成分分析密切相关，因为PAH是大气污染物的重要组成部分，而家庭固体燃料燃烧是大气污染的重要来源之一。,"['PAH', 'air quality monitoring', 'atmospheric composition analysis']",Sulin Chen;Yunxuan Gu;Hongmei Xu;Sadaf Gulzar;Miaoqian Li;Yifei Xu;Min Gao;Jian Sun;Zhenxing Shen,Household solid fuel combustion-related PAH exposure in rural northern China: Associations of phenanthrene metabolites with DNA damage and systemic inflammation,
None,True,Atmospheric Environment,该论文研究长期暴露于多种空气污染与心血管-肾脏-代谢多病风险的关系，涉及空气质量监测和健康影响，与大气环境遥感技术中的空气污染监测密切相关。,"['air pollution', 'cardio-renal-metabolic multimorbidity', 'trajectory risk']",Zixuan Jiang;Yajing Zhou;Runzhi Bai;Yexin Lin;Yunxin Shi;Xueying Zheng;Yongfu Yu;Jieru Cai;Guoyou Qin,Long-term exposure to multiple air pollution and trajectory risk of cardio-renal-metabolic multimorbidity,
None,True,Atmospheric Environment,该论文研究了格陵兰冰芯中次微米水不溶颗粒物的形态，并估计了燃烧颗粒物的沉积通量。这与大气环境遥感技术相关，因为冰芯分析可以提供过去大气成分的记录，而燃烧颗粒物是大气污染的重要组成部分，对空气质量监测和大气组成分析具有重要意义。,"['Greenland ice core', 'combustion particles', 'atmospheric composition']",Sayako Ueda;Sho Ohata;Yoshinori Iizuka;Kaoru Kawakami;Mai Matsumoto;Osamu Seki;Sumito Matoba;Hitoshi Matsui,Morphology of submicrometer water-insoluble particles in a Greenland ice core during recent and early twentieth-century periods: estimation of deposition fluxes of combustion particles,
None,False,Atmospheric Environment,该论文主要研究的是臭氧暴露与代谢功能障碍进展到心血管疾病之间的关系，属于环境健康领域，但并未涉及大气环境遥感技术，如空气质量监测、卫星观测、大气成分分析或气溶胶反演等。,"['O3', 'metabolic dysfunction', 'cardiovascular diseases']",Yiting Wei;Xiangyi Liu;Zitong Zhuang;Liying Luo;Ge Chen;Peng Hu;Hui Liu;Weiquan Lin;Hualiang Lin,Ambient O<sub>3</sub> exposure associated with progression of different metabolic dysfunction states to cardiovascular diseases: the GOLD-health cohort,
None,False,Atmospheric Environment,标题和摘要未提供任何与大气环境遥感技术相关的具体内容，因此不相关。,[],,Editorial Board,
None,True,Atmospheric Research,该论文研究了大型河流对北极地区冰核颗粒的贡献，这与大气环境遥感技术中的大气成分分析（如冰核颗粒的监测）密切相关。,"['ice nucleating particles', 'Arctic', 'river']",Annika Einbock;Madeleine Santos;Julie Lattaud;Bennet Juhls;Claudia Frey;Franz Conen,Gauging the contribution of large rivers to ice nucleating particles in the Arctic,
None,True,Atmospheric Research,该论文研究2020年梅雨季节在长江中下游地区的异常气候变化及其与北美东海岸环流异常的远程关联，涉及大气环流和气候振荡，与大气环境遥感技术（如气候变化监测、气象卫星观测）密切相关。,"['7–14-Day Oscillation', 'Meiyu', 'Yangtze River', 'circulation anomalies', 'North America']",Chuandong Zhu;Hua Li;Majun Li;Lei Du;Jinxiao Li;Po Hu;Jie Liao;Yi Fang,The 7–14-Day Oscillation of the 2020 record-breaking Meiyu over the Middle and lower reaches of the Yangtze River: Characteristics and its remote relation to circulation anomalies over the East Coast of North America,
None,True,Atmospheric Research,该论文使用无线电探空数据和机器学习技术对ERA5数据集中的水汽进行校正，涉及大气水汽的监测和分析，属于大气环境遥感技术的范畴。,"['Radiosonde', 'machine learning', 'ERA5', 'water vapor', 'GNSS']",Lingke Wang;Hansjörg Kutterer,Radiosonde-informed machine learning correction of ERA5 integrated water vapor: spatiotemporal generalization and external GNSS evaluation,
None,True,Atmospheric Research,该论文研究典型半干旱城市靠近尘源区白天快速硝酸盐生成的形成机制，涉及大气污染物（硝酸盐）和尘源区，与大气环境遥感技术中的空气质量监测和大气成分分析密切相关。,"['nitrate', 'semi-arid', 'dust source regions']",Dantong Chen;Jiayun Li;Zirui Liu;Pengfei Tian;Lei Zhang;Jinsen Shi;Yi Chang;Zhongwei Huang,Formation mechanism of rapid daytime nitrate production in a typical semi-arid city near dust source regions,
None,True,Atmospheric Research,该论文研究的是无线电探空仪的热力学探测网络，无线电探空仪是一种用于大气测量的技术，与大气环境遥感技术密切相关，例如通过地面观测数据优化大气剖面分析，这与空气质量和大气成分分析等领域相关。,"['radiosonde', 'thermodynamic profiling', 'atmospheric measurements']",Frederick Mokibelo Mashao;Danitza Klopper;Yehenew Kifle;Hector Chikoore;Kingsley K. Ayisi;Belay Demoz,Inter-station measurements redundancy and bias structure for optimising closely spaced radiosonde thermodynamic profiling networks,
None,True,Atmospheric Research,该论文研究了利用低成本GNSS接收器数据（一种大气环境遥感技术）来同化天顶总延迟数据，以改进广东地区的对流性强降水预报。这与大气环境遥感技术中的空气质量监测和大气成分分析相关，因为GNSS数据可以用于监测大气中的水汽和其他成分，进而影响空气质量预报。,"['GNSS', 'convective heavy precipitation', 'air quality monitoring']",Jinhua Zhong;Zhizhao Liu;Chunqing Shang;Danni Huang;Anhua Chen;Shuihua Qu;Hong Liang;Yunchang Cao;Guan Hong;Peng Zhang;Debin Su,"Evaluating the potential of assimilating zenith total delay data derived from low-cost GNSS receivers of a dense 5G network: a case study of convective heavy precipitation forecasts over Guangdong Province, China",
None,True,Atmospheric Research,该论文研究了中国陆地地区温暖云层中气溶胶-云层相互作用的十年演变，特别是在气溶胶负荷下降的情况下的变化。这与大气环境遥感技术密切相关，特别是涉及空气质量监测、卫星观测和大气成分分析等领域。,"['aerosol-cloud interactions', 'warm clouds', 'land in China', 'declining aerosol loading']",Junjie Fang;Yong Wang;Haowei Zhang;Xinyan Liu,Decadal evolution of aerosol-cloud interactions in warm clouds over land in China during declining aerosol loading,
None,True,Atmospheric Research,该研究涉及气溶胶中含有半挥发性有机化合物（如琥珀酸）的蒸发动力学，这与大气环境遥感技术中的空气质量和气溶胶分析密切相关。,"['aerosol', 'semi-volatile organic compound', 'succinic acid']",Chao Zhang;Xu Li;Miaoran Lu;Nan Ma;Ruiyan Xuan;Yang Yang;Liang Ran;Honglin Lyu;Yueshe Wang;Chunsheng Zhao;Alfred Wiedensohler,Evaporation kinetics of aerosol containing semi-volatile organic compound: Succinic acid/ammonium sulfate aqueous solution droplet,
None,True,Atmospheric Research,该论文使用GPM (Geostationary Operational Environmental Satellite-R) 的DPR (Dual-wavelength Precipitation Radar) 观测数据，研究苏门答腊和雅加达地区的降水微结构，涉及卫星观测技术和大气成分分析，因此与大气环境遥感技术密切相关。,"['GPM', 'DPR', 'precipitation microstructure', 'satellite observations']",Ravidho Ramadhan;Hiroyuki Hashiguchi;Marzuki Marzuki;Helmi Yusnaini,Regional and diurnal variability of precipitation microstructure over Southern Sumatra and Western Java from a decade of GPM DPR observations,
None,True,Atmospheric Research,该论文研究如何利用雷达和每日观测数据来改进网格化降水估计，这与大气环境遥感技术中的降水监测和数据处理密切相关，因此密切相关。,"['radar', 'gridded precipitation estimates', 'daily observations']",Yuhang Zhang;Quan J. Wang;Andrew J. Frost;Jayaram Pudashine;Blair Trewin;Carlos Velasco-Forero;Chun-Hsu Su;Mohammad Mahadi Hasan;Vincent Villani,When radar and hourly gauges are scarce: Sharpening gridded precipitation estimates using daily observations,
None,True,Atmospheric Research,该论文研究了利用中国DQ-1/ACDL测量数据获取全球近行星边界层高度的方法，这与大气环境遥感技术密切相关，特别是大气成分分析和卫星观测领域。,"['planetary boundary layer height', 'DQ-1/ACDL', 'atmospheric measurements']",Mingrui Chen;Boming Liu;Feiyue Mao;Jingwen Li;Qingyang Wang;Yingying Ma;Wei Gong,Retrieving near-global planetary boundary layer height from the China's DQ-1/ACDL measurements,
None,True,Atmospheric Research,该论文研究全球陆地昼夜温差的变化，涉及大气成分、辐射和能量关系，与大气环境遥感技术（如大气成分分析、辐射监测）密切相关。,"['land diurnal temperature range', 'atmospheric composition', 'radiation', 'energy linkages']",Zhe Li;Tinglong Zhang;Yi Yang;Yajun Xiong;Yunfeng Liu;Ying Wen;Haotian Wang,"Global land diurnal temperature range during 1976–2025: Decadal evolution, monthly contributions, and moisture–cloud–radiation–energy linkages",
None,True,Atmospheric Research,该论文研究了氧ated VOCs在臭氧形成中的作用，并利用了MCM化学模型进行敏感性分析和源解析，这与大气环境遥感技术中的空气质量监测和大气成分分析密切相关。,"['oxygenated VOCs', 'ozone formation', 'MCM chemistry']",Junlei Zhan;Kecheng Guan;Furui Zheng;Wanyue Deng;Yuan Ji;Wen Hong;Xinting Zhao;Haibao Huang,"Reevaluating the role of oxygenated VOCs in ozone formation: insights from updated MCM chemistry, sensitivity diagnosis, and source apportionment",
None,True,Atmospheric Research,该论文研究的是黄河中游夏季持续性极端降水事件的分类和形成机制，涉及大气环境条件，与大气环境遥感技术（如降水监测、大气成分分析）密切相关，因此相关性较强。,"['extreme precipitation', 'Yellow River', 'atmospheric conditions']",Zihua Ge;Xiaogang Huang;Jianfang Fei;Xiaoping Cheng;Zhongshan Jiang;Haisheng Liu,Objective classification and formation mechanisms of summer regional persistent extreme precipitation events in the middle reaches of the Yellow River,
None,True,Atmospheric Research,该论文研究了如何通过优化氮肥管理来减少农业氨排放和PM2.5污染。虽然主要关注的是农业管理和污染控制，但PM2.5污染是大气环境遥感技术的重要监测对象，因此与大气环境遥感技术（如空气质量和大气成分分析）有较强的相关性。,"['ammonia emissions', 'PM2.5 pollution', 'nitrogen fertilizer management']",Pengfei Liu;Xiaoyu Shen;Lu Zhuo;Wangxu Qian;Benxin Guo;Lijie He;Hongquan Song;Feichi Hu;Feng Wang,Integrating nitrogen fertilizer management for mitigating agricultural ammonia emissions and PM<sub>2.5</sub> pollution,
None,True,Atmospheric Research,该论文研究了GFS增强实时GNSS-PWV反演技术在不同预测提前期的评估及其在极端天气中的应用。GNSS-PWV（全球导航卫星系统大气水汽含量）与大气环境遥感技术密切相关，特别是水汽含量监测和天气预报，因此与大气环境遥感技术高度相关。,"['GFS', 'GNSS-PWV', 'real-time retrieval', 'extreme weather']",Tianyu Yang;XiaoTing Lei;Huizhong Zhu;Chunhua Jiang;Xinyang Zhang;Xiang Gao,Evaluation of GFS-enhanced real-time GNSS-PWV retrieval at different forecast lead times and its application to extreme weather,
None,True,Atmospheric Research,该论文研究了伊斯坦布尔机场大型地形变化对边界层流的影响，使用了WRF-CFD模型进行反事实研究，这与大气环境遥感技术中的空气质量监测密切相关。,"['WRF-CFD', 'boundary-layer', 'air quality monitoring']",Ali Osman Mut;A. Duran Şahin,Boundary-layer flow response to large-scale terrain change at Istanbul Airport: A physically consistent WRF-CFD counterfactual study,
None,True,Atmospheric Research,该论文研究了上黄河流域水源涵养区的降水再循环率及其对气候变化的响应，涉及大气环境变化和水资源监测，与大气环境遥感技术中的降水监测和气候变化分析相关。,"['precipitation recycling ratio', 'climate change', 'Yellow River']",Jinhu Yang;Qiang Zhang;Zhuoqi Liang;Bocheng Yang;Xiaoyun Liu;Pengcheng Yan;Suping Wang,Variability and response to climate change of precipitation recycling ratio in the water source conservation area of the upper Yellow River,
None,True,Atmospheric Research,该论文研究西中国9月和10月降雨的反常变化及其与北极海冰增强关联性，涉及大气环境变化和气候关联，与大气环境遥感技术（如气候监测、卫星观测）相关。,"['rainfall', 'Arctic Sea ice', 'West China']",Junyu Wang;Botao Zhou;Hua Li;Shengping He,Reversed variation of September and October rainfall over West China and its enhanced linkage to Arctic Sea ice in the Pacific sector since the early 1990s,
None,True,Atmospheric Research,该论文研究了空气团来源和氨排放对雅典新粒子形成的影响，涉及大气环境监测和污染物分析，与大气环境遥感技术（如空气质量监测和大气成分分析）密切相关。,"['new particle formation', 'ammonia emissions', 'Mediterranean urban site']",Panayiotis Kalkavouras;Konstantinos Dimitriou;Stiliani Musollari;Maria-Elissavet Koukouli;Dimitris Balis;Nikolaos Mihalopoulos,"The influence of air mass origin and ammonia emissions on new particle formation at a Mediterranean urban site (Athens, Greece)",
None,False,Atmospheric Research,该论文主要研究的是干旱-热浪复合胁迫对棉花产量的影响，虽然涉及气候和环境问题，但并未明确提及与大气环境遥感技术相关的具体内容，如空气质量监测、卫星观测、大气成分分析或气溶胶反演等。,[],Lei Gong;Yi Li;Ben Niu;Maokai Song;Shie-Yui Liong;Darrell Tang,Multi-stage compound drought–heatwave stress elevates cotton yield-loss risk across contrasting climate regimes of the China-Pakistan economic corridor,
None,True,Atmospheric Research,该论文标题和摘要都与大气环境遥感技术密切相关。具体来说，研究地点Lecce（意大利）的物理基础上气溶胶来源解析直接涉及空气质量的监测和大气成分分析，这些都属于大气环境遥感技术的研究范畴。,"['aerosol', 'source apportionment', 'air quality']",Caterina Mapelli;Henri Diémoz;Daniele Contini;Adelaide Dinoi;Daniela Cesari;Francesca Barnaba,Physics-based aerosol source apportionment at the site of Lecce (Italy),
None,True,Atmospheric Research,该论文研究小尺度对流细胞的形成和发展机制，涉及大气环境观测，与大气环境遥感技术（如大气成分分析）密切相关。,"['convective cells', 'KPOP-MS', 'atmospheric composition']",Jeong-Eun Lee;GyuWon Lee,Mechanism for initiation and development of small-scale convective cells during KPOP-MS field campaign: A case study on 30 July 2023,
None,True,Atmospheric Research,该论文研究了地中海地区的云地闪电、降水和大气尘埃之间的关系，并探讨了两种季节性闪电效率机制。这些研究内容与大气环境遥感技术密切相关，特别是涉及大气成分分析和降水监测等方面。,"['Cloud-to-ground lightning', 'precipitation', 'atmospheric dust', 'Mediterranean Sea', 'lightning-efficiency regimes']",M. Asfur;J. Silverman,"Cloud-to-ground lightning, precipitation and atmospheric dust over the Mediterranean Sea:Evidence for two seasonal lightning-efficiency regimes",
None,False,Atmospheric Research,该论文的标题和摘要主要关注中国东部夏季复合高温高湿极端天气与GDP暴露的关系，未涉及大气环境遥感技术，如空气质量监测、卫星观测、大气成分分析或气溶胶反演等。,[],Xianyi Yang;Anmin Duan;Bin Tang;Yuzhuo Peng,High-resolution projections of summer compound humid-heat extremes and GDP exposure in Eastern China,
None,True,Atmospheric Research,该论文研究西北喜马拉雅地区极端降雨事件的数值模拟，并分析了边界层方案（PBL schemes）的敏感性。虽然不直接涉及遥感能技术，但数值模拟和边界层研究是大气环境科学的重要组成部分，与大气成分分析、空气质量监测等领域密切相关，因此具有一定相关性。,"['numerical simulations', 'extreme rainfall', 'PBL schemes']",Charu Singh;V.S. Anjana;Sreyasi Biswas,Numerical simulations of a series of extreme rainfall events over the North-West Himalayan region: A sensitivity analysis of PBL schemes,
None,True,Atmospheric Research,该论文研究了使用FY-3G卫星的双频PMR反演技术进行强降水预报，涉及Ka波段和Ku波段观测，与大气环境遥感技术中的卫星观测和降水监测密切相关。,"['FY-3G', 'PMR reflectivity', 'Ka-band', 'Ku-band', 'heavy rainfall forecasting']",Aiqing Shu;Peng Zhang;Feifei Shen;Yubao Chen;Jinzhong Min,Direct EnKF assimilation of FY-3G dual-frequency PMR reflectivity for heavy rainfall forecasting: frequency-dependent impacts of Ka- and Ku-band observations,
None,True,Atmospheric Research,该论文研究了ERA5-land数据集中北方半球永久冻土区域的气温普遍偏低偏差及其对永久冻土估算的影响。虽然主要关注点在于永久冻土，但ERA5-land数据集的获取和分析涉及大气环境监测和卫星观测技术，因此与大气环境遥感技术密切相关。,"['ERA5-land', 'air temperature', 'permafrost regions', 'atmospheric composition analysis']",Xin Ma;Tonghua Wu;Ren Li;Xiaodong Wu;Dong Wang;Peiqing Lou;Jie Chen;Jinbiao Zhao;Xingchen Lin;Yune La,Widespread cold bias of ERA5-land air temperature over Northern Hemisphere permafrost regions and its implications for permafrost estimates,
None,True,Atmospheric Research,该论文研究了不同层次相对湿度对热带气旋强度和大小变化的影响，涉及大气环境中的气象现象，与大气环境遥感技术（如卫星观测和大气成分分析）有强相关性，因为遥感技术常用于监测和解析这类气象数据。,"['relative humidity', 'tropical cyclone', 'intensity', 'size changes']",Cong Wang;Fugui Wang,How relative humidity in different layers affects tropical cyclone intensity and size changes,
None,True,Atmospheric Research,该论文研究了CORDEX模型在东北非洲和阿拉伯半岛地区的降水不确定性，涉及大气模型的评估，这与大气环境遥感技术中的大气成分分析和空气质量监测密切相关。,"['CORDEX models', 'precipitation uncertainty', 'atmospheric models']",Omar Assowe Dabar;Benjamin Pohl;Pierre Camberlin;Moussa Mohamed Waberi;Moussa Mahdi Ahmed;Mohamed Osman Awaleh,"Evaluation of precipitation uncertainty in CORDEX models over North-Eastern Africa and the Arabian Peninsula: contributions of domain, driving GCM, and RCM configuration",
None,False,Atmospheric Research,该论文的标题和摘要主要关注的是太平洋Walker环流的变化及其与海表温度模态的关系，这与大气环境遥感技术（如空气质量监测、卫星观测、大气成分分析、气溶胶反演等）没有直接关联。,[],Xiao-Feng Li;Jianping Li;Yun Li;Song Yang;Cheng Sun;Jingjing Yu;Hayley J. Fowler;Stephen Blenkinsop;Ruiqiang Ding;Sen Zhao;Lei Wang;Fei Zheng;Yanjie Li;Juan Feng;Taoyuan Shi,Contrasting SST modes explain decadal intensification of Pacific Walker Circulation,
None,True,Atmospheric Research,该论文研究的是利用GPM-DPR卫星观测到的伊犁河谷夏季地形降水在低层风条件下的垂直结构，涉及卫星观测技术和大气成分分析，与大气环境遥感技术密切相关。,"['GPM-DPR', 'orographic precipitation', 'Ili River Valley']",Zhimin Wang;Jing Yang;Yan Yin;Changchun Xu;Yuanyuan Li;Yujiang Fan;Baojun Chen;Tianliang Zhao,Vertical structures of summer orographic precipitation under different low-level wind conditions in the Ili River Valley observed by GPM-DPR,
None,True,Atmospheric Research,该论文研究了地中海沿岸城市巴里（意大利）的热湿变化，涉及城市冠层建模和中小尺度强迫，这与大气环境遥感技术中的空气质量监测和城市环境分析密切相关，因此是强相关的。,"['mesoscale forcing', 'urban canopy modelling', 'thermo-hygrometric variability']",Gianluca Pappaccogli;Andrea Zonato;Alberto Martilli;Riccardo Buccolieri;Antonio Esposito;Piero Lionello,"Integrating mesoscale forcing and urban canopy modelling: Quantifying thermo-hygrometric variability in a Mediterranean coastal city (Bari, Italy)",
None,True,Atmospheric Research,该论文研究不同分辨率网格和尺度感知的积云参数化对朝鲜半岛降水预报的影响。虽然主要关注降水预报，但涉及大气参数化和区域观测，与大气环境遥感技术（如卫星观测和大气成分分析）有一定相关性，因为遥感技术常用于获取和解析大气数据以支持预报和监测。,"['precipitation forecasts', 'Korean Peninsula', 'cumulus parameterization']",Ji-Young Han;Jae-Hee Hahm;Ilseok Noh,Impacts of variable-resolution grids and scale-aware cumulus parameterization on precipitation forecasts over the Korean Peninsula,
None,True,Atmospheric Research,该论文使用多普勒风激光雷达观测了中国西宁高原谷地低空急流的事件规模多样性和降水响应，这与大气环境遥感技术密切相关，特别是大气成分分析和观测技术。,"['Doppler wind lidar', 'low-level jets', 'atmospheric observations']",Junze Xiao;Shijun Zhao;Yudi Liu;Yulong Shan;Fei Zhu,"Event-scale diversity and precipitation responses of low-level jets observed by Doppler wind lidar at a plateau-valley site in Xining, China",
None,False,Atmospheric Research,该论文标题和摘要主要关注中亚阿姆河盆地的时空转换和敏感性模式，涉及地理学和环境科学，但未明确提及与大气环境遥感技术直接相关的主题，如空气质量监测、卫星观测、大气成分分析或气溶胶反演。,[],Jiaxin Li;Min Xu;Shichang Kang;Safarov Mustafo;Jiangang Zhang,"From snow to rain: Spatiotemporal transitions and sensitivity patterns in the Amu Darya Basin, Central Asia",
None,True,Atmospheric Research,该论文的标题和摘要涉及极地地区的云出现、辐射效应和降水特征，这些都与大气环境遥感技术密切相关，例如通过卫星观测分析大气成分和空气质量。,"['cloud occurrence', 'radiative effects', 'polar regions', 'satellite observations', 'atmospheric composition analysis']",Zhenyu Cao;Bida Jian;Lijie Zhang;Yang Wang;Yuan Wang;Jiming Li,"Phase-resolved cloud occurrence, radiative effects, and precipitation characteristics over the polar regions",
None,True,Atmospheric Research,该论文使用CALIOP卫星观测数据，研究上海地区的垂直气溶胶分层，涉及气象调制和高度分辨的运输，这与大气环境遥感技术（如空气质量监测、卫星观测和大气成分分析）密切相关。,"['CALIOP', 'aerosol', 'Shanghai', 'vertical stratification', 'satellite observations']",Fangzhi Wei;Tianwen Wei;Qiuwei Xia;Yiqian Liu;Xinming Zhu;Haiyun Xia,Long-term CALIOP observations of vertical aerosol stratification over Shanghai: Meteorological modulation and height-resolved transport,
None,True,Atmospheric Research,该论文研究的是青藏高原东南部的夜行低空急流下方剪切层中的亚网格尺度闭合效应，这属于大气环境中的流体力学和动力学研究，与大气环境遥感技术中的空气质量和大气成分分析有间接关系，但并非直接涉及遥感技术本身。,"['large-eddy simulation', 'nocturnal low-level jets', 'atmospheric shear layer', 'southeastern Tibetan Plateau']",Ziyuan Zhu;Yulong Ma;Xingwen Jiang,Large-eddy simulation of subgrid-scale closure effects on the shear layer beneath nocturnal low-level jets over the southeastern Tibetan Plateau,
None,False,Atmospheric Research,该论文研究智利和美国西海岸龙卷风的中尺度环境，与大气环境遥感技术（如空气质量监测、卫星观测、大气成分分析、气溶胶反演）没有直接关联。,"['tornadoes', 'mesoscale environments', 'atmospheric conditions']",Julio C. Marín;Bradford S. Barrett;Felipe Gutiérrez Cotapos;Diana Pozo,Mesoscale environments of tornadoes in Chile and along the U.S. west coast,
None,True,Atmospheric Research,该论文研究区域生物排放对臭氧污染的影响和机制，涉及大气成分分析和空气质量监测，与大气环境遥感技术密切相关。,"['ozone pollution', 'biogenic emissions', 'Central China']",Nan Wang;Qizhong Wu;Shuangliang Ma;Lingling Wang;Kai Cao;Yushan Bian,Impacts and mechanisms of regional biogenic emissions on ozone pollution over Central China,
None,True,Atmospheric Research,该论文研究了农村冬季次生无机气溶胶的形成机制，涉及大气环境中的污染物形成过程，与大气环境遥感技术中的空气质量监测和气溶胶分析密切相关。,"['secondary inorganic aerosol', 'North China Plain', 'metal catalysis']",Shuangshuang Zou;Zheng Wang;Chenpeng Zhao;Weisi Wang;Quanzhou Han;Yunfei Wu;Daiqi Ye;Qingxia Ma;Daizhou Zhang,Important role of acidity-regulated metal catalysis in rural wintertime secondary inorganic aerosol formation in the North China Plain,
None,True,Atmospheric Research,该论文研究的是低空急流特征及其对低空湍流的影响，使用了多普勒风激光雷达进行观测，这与大气环境遥感技术中的空气质量和大气成分分析密切相关。,"['Doppler wind lidar', 'low-level turbulence', 'coastal Ningbo']",Muxian Chen;Xiaolin Liu;Chaoying Yang;Jun Zhao;Ping Zhou;Zhongming Gao;Lei Li,Low-level jet characteristics and their impacts on low-level turbulence: A Doppler wind lidar observational study in coastal Ningbo,
None,True,Atmospheric Research,该论文研究地中海山地-平原系统中的极端日降雨的事件性空间结构和极端依赖性，涉及大气成分分析，与大气环境遥感技术（如空气质量监测、卫星观测）有强关联。,"['extreme daily rainfall', 'Mediterranean mountain–plain system', 'atmospheric composition']",Stefanos P. Stefanidis;Nikolaos D. Proutsos,Event-based spatial structure and extremal dependence of extreme daily rainfall across a Mediterranean mountain–plain system,
None,True,Atmospheric Research,该论文研究了FY-4A卫星的PWV（水汽含量）数据在改进NWP（数值天气预报）模型对强降水预报性能中的应用，涉及卫星观测技术和大气成分分析，因此与大气环境遥感技术密切相关。,"['FY-4A', 'PWV', 'NWP', 'heavy precipitation forecasting', 'satellite observations']",Dengxin He;Zhizhao Liu;Jiafei Xu;Guirong Xu;Anwei Lai;Yunchang Cao;Hong Liang;Guan Hong,First validation of FY-4A PWV assimilation in improving NWP model performance for heavy precipitation forecasting,
None,False,Atmospheric Research,该论文研究的是WRF模型在复杂地形上的风速场残差修正框架，主要关注数值天气预报模型的改进，与大气环境遥感技术（如空气质量监测、卫星观测、大气成分分析、气溶胶反演等）的直接相关性较弱。,"['WRF', 'wind fields', 'complex terrain', 'residual correction']",Pinhan Zhou;Lian Shen;Yan Han;Shuwen Deng;Xiangjun Wang;Wenxiang Xu,Continuity-constrained residual correction framework for WRF wind fields over complex terrain,
None,True,Atmospheric Research,该研究关注青藏高原夏季的剪切线和降水机制，涉及大气环流模式，与大气环境遥感技术（如卫星观测、大气成分分析）密切相关，因此相关性较强。,"['Tibetan Plateau', 'zonal shear lines', 'precipitation mechanisms', 'circulation patterns']",Xiaohong Bao;Xiuping Yao;Yubin Yu,Classification of summer Tibetan Plateau zonal shear lines and associated precipitation mechanisms under different circulation patterns,
None,False,Atmospheric Research,该论文研究的是青藏高原夏季季风的加热泵机制及其与南亚高压和东亚夏季季风变率的关联，主要涉及气象学中的季风动力学和大气环流现象，与大气环境遥感技术（如空气质量监测、卫星观测、大气成分分析、气溶胶反演等）没有直接关系。,"['Tibetan Plateau', 'South Asian High', 'East Asian summer monsoon']",Lizi Wang;Zeyong Hu;Haipeng Yu;Ya Hou;Jinyu Zhang;Xiangyuan Lou;Guantian Wang,Thermal pumping of the Tibetan Plateau Summer Monsoon and its association with the South Asian High and East Asian summer monsoon variability,
None,True,Atmospheric Research,该论文研究了中国东部频繁出现的复合高温和臭氧污染事件的机制和归因，涉及大气成分分析和空气污染监测，与大气环境遥感技术密切相关。,"['heatwave', 'ozone pollution', 'atmospheric composition']",Xiaoyi Wang;Pengguo Zhao;Bohui Jiang;Jinghui Ma,Mechanisms and attribution of frequent compound heatwave and ozone pollution events in eastern China,
None,True,Atmospheric Research,该论文研究了渤海-黄海及其邻近平原地区的热浪现象，涉及大气成分和复合特征，与大气环境遥感技术（如大气成分分析）密切相关。,"['heatwaves', 'Bohai-Yellow Sea', 'atmospheric composition']",Qi Zhang;Yiwen Zhu;Yiyu Xu;Yujuan Chen,Regional heatwaves over the Bohai-Yellow Sea and adjacent plains: Compounding characteristics and formation mechanisms,
None,True,Atmospheric Research,该论文标题和摘要中涉及了FY-3卫星的微波数据同化技术，用于预测暖区强降雨，这与大气环境遥感技术（如卫星观测、大气成分分析）密切相关，因此判定为强相关。,"['FY-3', 'microwave', 'atmospheric assimilation', 'heavy rainfall prediction']",Siqi Chen;Sheng Hu;Huiqi Li;Hui Xiao;Jie He;Yu Zhang;Fuzhong Weng,Targeted All-Sky FY-3 microwave assimilation using localized ensemble transform sensitivity for warm-sector heavy rainfall prediction,
None,True,Atmospheric Research,该论文研究了首尔城市山区夜间臭氧增强现象的垂直传输路径，涉及大气环境监测和污染物分析，与大气环境遥感技术密切相关。,"['ozone', 'urban mountain site', 'nighttime enhancement']",Jung-Woo Yoo;Young-Jun Kim;Soon-Hwan Lee,Altitude-dependent transport pathways driving nighttime ozone enhancement over an urban mountain site in Seoul,
None,True,Atmospheric Research,该标题和摘要涉及环境科学中的重降水事件研究，虽然未明确提及大气环境遥感技术，但重降水事件的监测和分析与大气环境遥感技术（如气象卫星观测、空气质量监测）密切相关，因此具有相关性。,"['ambient environments', 'heavy precipitation', 'South China coast']",Haisheng Liu;Xiaogang Huang;Jianfang Fei;Xiaoping Cheng;Xiadong An;Xiangrong Yang;Jing Sun;Chi Zhang,Contrasting ambient environments of locally generated short- and long-lived warm-sector heavy precipitation events over the South China coast,
None,True,Atmospheric Research,该论文研究阿尔泰山脉中雪盖的垂直变化及其对气候和极地涡旋的响应，涉及大气环境的观测和气候变化分析，与大气环境遥感技术（如卫星观测和大气成分分析）密切相关。,"['snow cover', 'climate', 'polar vortex']",Jiarui Li;Wei Zhang;Xuejiao Wu;An'an Chen;Xinyue Zhong;Yongping Shen,Elevation-dependent variations in snow cover and their response to climate and the polar vortex in the Altai mountains,
None,True,Atmospheric Research,该论文研究使用Mie-polarization-fluorescence lidar技术量化尘埃气溶胶的老化过程，将光学演变与化学转变联系起来，这与大气环境遥感技术（如气溶胶检索和大气成分分析）密切相关。,"['dust aerosols', 'Mie–polarization–fluorescence lidar', 'optical evolution', 'chemical transformations']",Yuanzong Ji;Zhongwei Huang;Yongkai Wang;Wenjin Zhang;Da Lu;Qingqing Dong;Jianrong Bi;Tian Zhou,Quantifying the aging of dust aerosols using Mie–polarization–fluorescence lidar: Linking optical evolution to chemical transformations,
None,True,Atmospheric Research,该论文研究了先进的云微物理方案对2018年和2019年喀拉拉洪水事件的影响，使用了NCMRWF区域模型。虽然论文主要关注洪水事件，但云微物理方案与大气环境遥感技术（如大气成分分析和卫星观测）密切相关，因为云微物理是大气环境模型的重要组成部分，而大气环境模型常用于空气质量监测和卫星数据反演。因此，该论文与大气环境遥感技术有较强的关联性。,"['cloud microphysics schemes', 'Kerala flood events', 'NCMRWF regional model']",Rose Raphel;A. Jayakumar;T.J. Anurose;Saji Mohandas;Greeshma M. Mohan;M. Sandhya;Anumeha Dube;Donali Gogoi;V.S. Prasad;Claudio Sanchez,Impact of advanced cloud microphysics schemes for the Kerala flood events in 2018 and 2019 using the NCMRWF regional model,
None,True,Atmospheric Research,该论文研究春季和夏季海冰异常如何协同增强印度支那半岛的夏季降水，涉及大气异常和降水变化，与大气环境遥感技术（如卫星观测和大气成分分析）相关。,"['sea ice', 'precipitation', 'atmospheric anomalies']",Yan Zhang;Shu Gui;Jie Cao;Ruowen Yang;Li Zhu;Lei Cai,Spring and summer sea ice anomalies synergetically enhance summer precipitation over the Indochina Peninsula,
None,True,Atmospheric Research,该论文研究了天山北坡短时强降水事件的多向水分输送和动力热力学机制，涉及大气成分和降水过程，与大气环境遥感技术（如降水监测、大气成分分析）密切相关。,"['heavy precipitation', 'Tianshan Mountains', 'moisture transport', 'atmospheric dynamics']",Zhiyi Li;Junqiang Yao;Changchun Xu;Yu Luo;Ting Zhang,Multidirectional moisture transport and dynamic–thermodynamic mechanisms of a short-duration heavy precipitation case on the Northern Slope of the Tianshan Mountains,
None,False,Atmospheric Research,该论文研究的是长江三角洲夏季降雨的年际到年代际变化及其与北太平洋海面温度的关系，涉及气候和海洋学领域，但未直接涉及大气环境遥感技术，如空气质量监测、卫星观测、大气成分分析或气溶胶反演等。,"['Yangtze River Delta', 'summer rainfall', 'North Pacific Sea surface temperature']",Yanhao Peng;Dong Xiao,Interannual-to-decadal variations of the Yangtze River Delta summer rainfall during 1901–1975 linked with North Pacific Sea surface temperature,
None,True,Atmospheric Research,该研究关注中国夏季湿球温度的非平稳演变，涉及温度和湿度的加速变暖及其作用，这与大气环境遥感技术中的大气成分分析和气候变化监测密切相关。,"['wet-bulb temperature', 'atmospheric warming', 'humidity']",Tianci Yao;Shengfa Li;Qing Yu;Jia Sun;Xiangyu Wang;Wanjun Zhang;Lixin Su,Non-stationary evolution of summer wet-bulb temperature in China (1951–2024): Accelerated warming and time-varying roles of temperature and humidity,
None,False,Atmospheric Research,标题和摘要中未提供任何与大气环境遥感技术相关的具体内容。,[],,Editorial Board,
10.1126/science.ael8752,False,Science,该论文标题和摘要均未提及与大气环境遥感技术相关的关键词，如空气质量监测、卫星观测、大气成分分析或气溶胶反演。,[],Javier A. Birchenall,Demographic “doomsday” misses the mark,
10.1126/science.adx9628,False,Science,该论文研究的是细胞器（特别是线粒体）的动态变化及其与内质网、溶酶体和高尔基体衍生囊泡的相互作用，与大气环境遥感技术（如空气质量监测、卫星观测、大气成分分析、气溶胶反演等）无关。,[],Sho Aki;Mayuko Segawa;Vincent Anton;Suvagata R. Chowdhury;Shun Nagashima;Isshin Shiiba;Dane M. Wolf;Ikuko Koyama-Honda;Ayumu Sugiura;Joe Ganellin;Mark Johnson;Sakie Katsumura;Maki Sugaya;Yasunori Fujita;Koki Nakamura;Kazuaki Yoshioka;Hisamichi Naito;Yoh Takuwa;Ikuroh Ohsawa;Yusuke Hirabayashi;Shigeru Yanagi;Masahiro Morita;Tsuyoshi Osawa;Julien Prudent,"Golgi-derived vesicles containing PI(3,4)P2 drive mitochondrial fusion","Mitochondria are dynamic organelles that remodel their shape to regulate cell fate. Mitochondrial division involves interactions with the endoplasmic reticulum (ER), lysosomes, and trans-Golgi network–derived vesicles to facilitate membrane scission. How interorganelle contacts regulate mitochondrial membrane fusion remains largely unknown. Here, we identified a role for Golgi-derived vesicles enriched in phosphatidylinositol 3,4-bisphosphate [PI(3,4)P2] in regulating mitochondrial fusion. We found that these vesicles were recruited to ER- and mitofusin-marked fusion sites. Accordingly, loss of class II PI3-kinase isoforms α and β (PI3K-C2α and PI3K-C2β), which generate PI(3,4)P2, led to mitochondrial fragmentation resulting from impaired fusion. Furthermore, cardiomyocyte-specific PI3K-C2α and PI3K-C2β double-deletion mice exhibited mitochondrial fragmentation and heart failure. Thus, subpopulations of Golgi-derived vesicles carrying different phosphoinositides control mitochondrial membrane remodeling and homeostasis."
10.1126/science.aea7733,False,Science,该论文研究的是人体肠道菌群与疫苗接种后发热的关系，与大气环境遥感技术（如空气质量监测、卫星观测、大气成分分析、气溶胶反演）无关。,[],Kelsey E. Huus;µHEAT Study Group‡;Hirohito Abo;Yi Han Tan;Ezgi Atay;Héloïse Rytter;Ronald Keller;Silke Dauser;Dai Long Vu;Meghan B. Azad;Rob Knight;Alfred Ke;Larisa Lotoski;Marc-André Langlois;Rong Liu;Alexander V. Tyakht;Nicholas Youngblut;Sang-Moo Kang;Julie Parsonnet;Lisa Maier;Benoit Chassaing;Peter G. Kremsner;Andrew T. Gewirtz;Meral Esen;Ruth E. LeyJulian J. Gabor;Johanna M. Gaile;Wim A. Fleischmann;Alex S. Siebner;Geerten Smeenk;Judith Flügge;Roberta Allgayer De Moraes;Dennis Jakob;Alina Prokipchuk;Carolin Wilhelm,The human gut microbiome primes fever after vaccination,"Fever is a common adverse reaction to vaccination, contributing to vaccine hesitancy and reduced uptake. To understand variation in fever risk, we longitudinally profiled fecal microbiota, oral temperature, and serological markers in 171 healthy adults receiving Severe acute respiratory syndrome coronavirus 2 mRNA vaccines. Fever risk correlated with low-grade intestinal inflammation, increased abundance of flagellatedLachnospiraceaebacteria, and increased flagellin expression prevaccine. Microbiomes from fever-high donors triggered stronger inflammation in human intestinal organoids and drove flagellin-dependent vaccine reactions in gnotobiotic mice. Moreover, microbiome flagellin phenotypes and murine vaccine reactions were modifiable by diet. Consistent with this, human fever risk was associated with self-reported diet and metabolic markers. These findings identify the gut microbiome as a driver of vaccine-induced fever, suggesting that microbiome-targeting strategies could modulate immune tone and improve vaccine side effects."
10.1126/science.aeb2986,False,Science,该论文主要研究狗的表观遗传衰老和转座子调控与寿命的关系，与大气环境遥感技术（如空气质量监测、卫星观测、大气成分分析、气溶胶反演）无关。,[],Blaise L. Mariner;Brianah M. McCoy;Ashlee Greenier;Layla Brassington;Elizabeth Slikas;Christine Adjangba;Claire Cheng;Abbey Marye;Benjamin R. Harrison;Tal Bamberger;Yadid Algavi;Efrat Muller;Adam Harris;Emily Rout;Cindy Reichel;Vista Sohrab;The Dog Aging Project Consortium‡;Elinor Karlsson;Joshua M. Akey;Anne C. Avery;Elhanan Borenstein;Daniel E. L. Promislow;Noah Snyder-MacklerJoshua M. Akey;Rozalyn M. Anderson;Elhanan Borenstein;Marta G. Castelhano;Amanda E. Coleman;Kate E. Creevy;Matthew D. Dunbar;Virginia R. Fajt;Jessica M. Hoffman;Erica C. Jonlin;Matt Kaeberlein;Elinor K. Karlsson;Kathleen F. Kerr;Jing Ma;Evan L. MacLean;Stephanie McGrath;Natasha J. Olby;Daniel E.L. Promislow;May J. Reed;Audrey Ruple;Stephen M. Schwartz;Sandi Shrager;Noah Snyder-Mackler;M. Katherine Tolbert,Epigenetic aging and transposon dysregulation reflect size-related lifespan compression in dogs,"The extraordinary lifespan variation in domestic dogs provides a natural experiment for testing how intrinsic rates of biological aging shape lifespan. Using 1640 methylomes from 894 dogs, we developed an epigenetic clock that predicted mortality and demonstrated that epigenetic aging is fastest early in life. At orthologs of human age-associated genes, dogs exhibited concordant age effects on promoter methylation, highlighting conserved remodeling of immune pathways. We found that larger and male dogs, which are shorter lived, exhibit accelerated molecular aging. Distinct epigenetic architectures mediated these effects: Sex-dependent methylation changes were concentrated on the X chromosome, whereas size-associated methylation was especially pronounced at transposable elements (TEs). These findings show that epigenetics reflects lifespan differences in dogs and identifies TEs as potential mediators of size-associated lifespan."
10.1126/science.aeb4554,False,Science,虽然该研究涉及半导体材料（钙钛矿）的性能优化，但其主要关注点在于材料的结晶过程和光电性能提升，而非大气环境遥感技术，如空气质量监测、卫星观测或大气成分分析。,"['halide perovskite', 'photoluminescence', 'charge carrier decay']",Jason J. Yoo;Connor J. Dolan;Seongsik Nam;Jinho Lee;Kyu Min Kang;Bong Joo Kang;Rushik Desai;Niranjana Mohan Kumar;Arkita Chakrabarti;Daesoo Kim;Jang Hee Cho;Donghyuk Chung;Jack R. Palmer;Kelly X. Vences;Zhewen J. D. Deng;Yanqi Luo;Barry Lai;Tao Zhou;Zhonghou Cai;Martin V. Holt;Andrew M. Kiss;In Sun Cho;Dong Hyun Kim;Jun Hong Noh;Mariana I. Bertoni;Arun Mannodi-Kanakkithodi;Dane W. deQuilettes;David P. Fenning;Seong Sik Shin,Volatile eutectics to tailor crystallization for perovskite optoelectronics,"Improvements to the radiative efficiency of halide perovskite thin films are necessary to approach fundamental solar cell performance limits. We tailored perovskite crystallization by leveraging the eutectic interaction between zinc bromide and methylammonium chloride additives. The resulting films had high photoluminescence quantum yield and charge carrier decay times and low surface recombination velocity. Nanoprobe x-ray microscopy revealed local melting of the eutectic at grain boundaries during annealing that reduced intragranular structural defect density. Annealing also homogenized the halide distribution and caused zinc segregation to grain boundaries. Solar cells fabricated with the volatile eutectic reached 26.5% power conversion efficiency (PCE, certified 25.9%), and perovskite minimodules (areas more than 15 square centimeters) had 23.9% PCE. Small-area cells with a poly[bis(4-phenyl)(2,4,6-trimethylphenyl)amine] hole transporter retained 85.8% of their initial 24.1% PCE after 1400 hours of continuous operation at 85°C. Furthermore, this approach enables 26.1% external quantum efficiency as light-emitting diodes."
10.1126/science.aec7662,False,Science,该论文主要研究遗传学和人口遗传学中的创始人效应，涉及法国波利尼西亚、复活节岛和夏威夷的基因多样性分析，与大气环境遥感技术（如空气质量监测、卫星观测、大气成分分析、气溶胶检索）无直接关联。,[],Cole Shanks;Edward C. Huang;Christophe Thomassin;Anne-Katrin Emde;Vahinetua Rodière;Mauricio Moraga;Karla Sandoval;Tony Merriman;Tristan Pascart;Andrés Moreno-Estrada;Stephane E. Castel;Keolu Fox;Alexander G. Ioannidis,Message in a bottleneck: Nested founder effects from French Polynesia to Rapa Nui and Hawaiʻi,"Founder effects can lead to strong, population-specific allele frequency differentiation, including autosomal recessive conditions. Their characterization in European-descent groups, such as the Finnish and Amish, has resulted in actionable genetic tests for each. We show that Polynesians experienced order-of-magnitude stronger cumulative founder effects during their settlement of Eastern Polynesia. Using whole-genome sequences spanning Polynesia, we show that two of the most bottlenecked populations are Hawaiʻi and Easter Island (Rapa Nui) and that these two most closely genetically related yet geographically distant islands were likely settled by the same ultravoyagers with earlier ancestral roots in Mangareva. We identify clinical genetic variation generated by this sequence of successive oceanic founder events, including a loss-of-functionFAN1mutation common in Eastern Polynesia (>1%) but entirely absent from gnomAD."
10.1126/science.aef2931,False,Science,该论文主要研究的是基拉韦厄火山的间歇性熔岩喷发，涉及地质化学、地球物理和地质学监测技术，与大气环境遥感技术（如空气质量监测、卫星观测、大气成分分析、气溶胶反演）没有直接关联。,"['lava fountaining', 'geochemical monitoring', 'geophysical monitoring']",A. F. Flinders;N. I. Deligne;K. Hon;D. T. Downs;K. J. Lynn;P. A. Nadeau;K. Mulliken;J. C. Chang;P. J. Dotray;M. Bagnardi;I. A. Johanson;M. H. Zoeller;K. R. Anderson;M. R. Patrick;C. Kern;C. R. Sealing;M. P. Poland;D. Phillips;M. Cappos;L. DeSmither;A. P. Ellis;S. Fuke;P. Fukunaga;M. Hawk;T.-J. Hoomanawanui;J. Jamora;A. Kamakeʻeaina;K. Kamibayashi;S. Lowman;W. Tollett;K. Rubio;S. Swaney;S. M. Warren;H. Winslow;N. L. Bennington;A. Jolly;R. G. Adams;M. Decker;L. Forster;E. Gallant;C. Gansecki;R. Hazlett;B. F. Houghton;N. Kohagura;S. Lundblad;N. G. Pasqualon;K. Poepoe;H. Neuman;C. Cauley;K. Wilde,Insights from more than a year of ongoing episodic lava fountaining at Kīlauea,"Episodic lava fountaining is rare globally, with only three occurrences from Kīlauea (Hawaii) since 1823. Beginning in December 2024, an eruption within the summit crater, Halemaʻumaʻu, has produced 54 fountaining episodes to date, each lasting typically for hours and separated by days to weeks. Although multiple mechanisms have been proposed, fundamental questions remain about how magma reservoir pressure, conduit permeability, and volatile exsolution control fountaining onset. We present a multiparameter record of episodic fountaining at Kīlauea using modern geochemical, geophysical, and geologic monitoring. These observations revealed systematic correlations between fountaining and summit inflation, enabling unprecedented quantitative forecasts. This eruption will provide new constraints on the timing, evolution, and processes driving episodic fountaining globally, and highlights Kīlauea’s role as a natural laboratory for studying volcanic processes."
10.1126/science.aef3001,False,Science,该论文研究的是酶促碳-磷键形成和氧活化，与大气环境遥感技术（如空气质量监测、卫星观测、大气成分分析、气溶胶反演）无关。,[],Yi Zhou;Yifei Ge;Wesley Harrison;Huimin Zhao,Asymmetric enzymatic hydrophosphorylation through O2 activation,"Enzymatic carbon-phosphorus bond formation is extremely rare in nature, limiting biocatalytic access to phosphorus-containing compounds that are widely used in pharmaceuticals and agrochemicals. Here, we report an asymmetric enzymatic hydrophosphorylation through oxygen activation using a repurposed flavin-dependent enzyme. Mechanistic studies revealed that reactive oxygen species are converted into productive phosphorus-centered radicals, followed by radical addition and enzymatic hydrogen atom transfer, achieving high enantioselectivity. The enzyme accommodates diverse phosphorus-hydrogen donors that pose challenges to chemical catalysis, enabling the biosynthesis of valuable phosphorus-containing scaffolds. This work expands the scope of biocatalysis to programmable carbon-phosphorus bond formation and establishes a paradigm for channeling oxygen reactivity in enzymes."
10.1126/science.aeh3915,False,Science,该论文主要研究低对称性石墨烯超晶格在量子整流器中的应用，涉及材料科学和量子物理领域，与大气环境遥感技术（如空气质量监测、卫星观测、大气成分分析、气溶胶反演等）没有直接关联。,"['graphene', 'low-symmetry', 'quantum rectifiers']",Wenhao Tan;Jiuming Liu;Zhenhao Gong;Yunyu Hong;Hao Sheng;Haiyang Zhang;Zirui Wang;Shipeng Lu;Hao Wu;Shujie Tang;Pai Li;Haitao Jiang;Zhongying Xue;Miao Zhang;Paul K. Chu;Lin He;Pan He;Yongfeng Mei;Haizhou Lu;Xufeng Kou;Ziao Tian;Zengfeng Di,Wafer-scale low-symmetry graphene moiré superlattice for integrated quantum rectifiers,"Low-symmetry materials unlock rich Berry curvature physics and anomalous transport phenomena that are forbidden in high-symmetry quantum systems through rigorous crystalline symmetry constraints. Current approaches rely on external fields or complex heterogeneous stacking to break crystalline symmetries, which hinders scalable device integration. In this work, we demonstrate surface premelting engineering to create wafer-scale low-symmetry graphene on germanium-110 [Ge(110)]. Controlled premelting forms striped germanium surface patterns that reduce graphene symmetry fromD6htoC1v, producing a room-temperature nonlinear Hall conductivity of ~11 micrometers per volt per ohm. First-principles calculations attribute this to originating from overtilted massive Dirac cones of hybridized germanium bands and the graphene Dirac cone. Integrated nonlinear Hall rectifiers generate >20 millivolts of output from radio frequency input and drive commercial voltage boosters and light-emitting diodes, establishing a complementary metal-oxide semiconductor–compatible route toward wafer-scale nonlinear quantum devices."
10.1126/science.aei1312,False,Science,该论文主要研究量子信息系统中纠缠生成和操控的低误差技术，涉及量子计算和量子物理领域，与大气环境遥感技术（如空气质量监测、卫星观测、大气成分分析、气溶胶检索）无直接关联。,"['quantum computation', 'entangling gates', 'neutral atoms']",Simon J. Evered;Muqing Xu;Sophie H. Li;Alexandra A. Geim;J. Pablo Bonilla Ataides;Marcin Kalinowski;Dolev Bluvstein;Nishad Maskara;Christian Kokail;Markus Greiner;Vladan Vuletić;Mikhail D. Lukin,High-fidelity entangling gates and nonlocal circuits with neutral atoms,"The generation and manipulation of entanglement with low error are essential in quantum information systems. In practice, two-qubit entangling gates constitute a dominant error source, limiting circuit depths and performance in fault-tolerant architectures. Using a neutral-atom quantum processor, we realized entangling controlled-Zgates with a high-Rabi-frequency smooth-amplitude pulse, employing state-selective readout and qubit reuse for fast calibration, and achieved a fidelity of 99.854(4)%, which improved to 99.941(3)% upon loss postselection, with stable performance for 10 hours. We then used these low-error gates in quantum circuits with coherent atom rearrangement. Performance was benchmarked by creating and disentangling cluster states, and subsequently, we studied nonlocally entangled states with scrambling circuits featuring longer-range connectivity. Our approach provides a route toward deep-circuit, efficient fault-tolerant quantum computation."
10.1126/science.aej2213,False,Science,该论文主要探讨使用人工智能驱动的形式证明搜索来推进数学研究，涉及领域为人工智能和数学，与大气环境遥感技术（如空气质量监测、卫星观测、大气成分分析、气溶胶反演等）无关。,[],"George Tsoukalas;Anton Kovsharov;Sergey Shirobokov;Anja Surina;Moritz Firsching;Gergely Bérczi;Francisco J. R. Ruiz;Arun Suggala;Adam Zsolt Wagner;Eric Wieser;Lei Yu;Aja Huang;Miklós Z. Horváth;Andrew Ferraiuolo;Henryk Michalewski;Codrut Grosu;Edward Lockhart;Thomas Hubert;Matej Balog;Pushmeet Kohli;Swarat Chaudhuri,",Advancing mathematics research with AI-driven formal proof search,"Large language models (LLMs) increasingly excel at mathematics tasks, but their unreliability limits their utility in mathematics research. A mitigation is to use LLMs to generate formal proofs in languages such as Lean, in which the compiler verifies every proof step. We present the first demonstration of this method’s value in solving open problems at scale. We built an artificial intelligence agent for formal proof search that autonomously resolved nine of 353 open Erdős problems, proved 44/492 On-Line Encyclopedia of Integer Sequences conjectures, and is being deployed in combinatorics, optimization, graph theory, algebraic geometry, and quantum optics research. Even a basic agent alternating LLM-based generation with Lean-based verification replicated the Erdős successes. These findings demonstrate the power of formal proof search as an enabler of autonomous mathematical discovery."
10.1126/science.aei5520,False,Science,该论文研究的是苜蓿属植物中毒性喹啉idine生物碱的遗传基础，与大气环境遥感技术（如空气质量监测、卫星观测、大气成分分析、气溶胶检索）无关。,[],Davide Mancinotti;Hajar Golshadi Ghalehshahi;Isabella Kruse-Andersen;Louise Kjaerulff;Ting Yang;Dan Stærk;Fernando Geu-Flores,The genetic basis for the production of toxic quinolizidine alkaloids in lupins,"Lupins (Lupinusspp.) are promising protein crops that accumulate bitter and toxic quinolizidine alkaloids (QAs). The effective removal of QAs through new breeding technologies is hampered by a poor understanding of their biosynthesis. In this study, we used pathway reconstruction and mutant analysis to elucidate the full QA pathway inL. angustifolius[narrow-leafed lupin (NLL)] comprising 15 enzymatic steps. Major latex protein–like proteins play a prominent role in the pathway by accelerating spontaneous chemical equilibria, and an oxidoreductase-like protein ensures stereoselectivity. We also engineered a new low-alkaloid NLL line and identified the causal mutation in an existing low-alkaloid line ofL. albus.Our work reveals the genetic and biochemical basis of toxic QA production and streamlines the de novo domestication of wild lupins and other QA-containing legumes."
10.1126/science.aec3917,False,Science,该论文主要研究量子光学自旋玻璃中的高容量联想记忆，涉及量子光学和神经网络的交叉领域，与大气环境遥感技术（如空气质量监测、卫星观测、大气成分分析、气溶胶反演）没有直接关联。,"['quantum-optical', 'spin glass', 'associative memory']",Brendan P. Marsh;David Atri Schuller;Yunpeng Ji;Henry S. Hunt;Surya Ganguli;Sarang Gopalakrishnan;Jonathan Keeling;Benjamin L. Lev,High-capacity associative memory in a quantum-optical spin glass,"The Hopfield neural network stores memories using all-to-all-coupled spins and recalls those memories through equilibrium dynamics. Storing too many hampers recall because frustration causes an exponential number of spurious patterns to arise as the network becomes a spin glass. Despite this, we show that memory recall can be restored, and even enhanced, under quantum-optical nonequilibrium dynamics that convert spurious patterns into reliable memories. We experimentally observe associative memory with high storage capacity in a driven-dissipative spin glass made of atoms and photons. The capacity surpasses that of the Hopfield model under Hebbian learning by up to sevenfold in a 16-spin network. Atomic motion boosts capacity by dynamically modifying connectivity akin to short-term synaptic plasticity in neural networks, realizing a precursor to learning in a quantum-optical system."
10.1126/science.aei0940,True,Science,该论文研究了自然15N15N同位素在氮循环中的应用，特别是用于追踪生物氮气(N2)的产生，并将其与大气中的氮气区分开来。这涉及到大气成分分析和环境监测，与大气环境遥感技术（如大气成分分析、空气质量监测）密切相关。,"['15N15N', 'atmospheric N2', 'nitrogen loss', 'remote sensing', 'atmospheric composition']",Jiarui Liu;David L. Valentine;Annie Bourbonnais;Dale T. Andersen;Daniele Bianchi;Grace Brown;M. Bayani Cardenas;Daniel Fillion;Claudia Frey;Kelsey M. Gosselin;Aoshuang Ji;Franklin S. Kinnaman;Denis Lacelle;Moritz F. Lehmann;Katelyn McPaul;James Mullahoo;Victoria J. Orphan;André Pellerin;Elen Reji;Elizabeth D. Swanner;Tina Treude;Alan M. Seltzer;Edward D. Young,Natural 15N15N abundances constrain fixed nitrogen loss,"Nitrogen regulates primary productivity across much of the biosphere, yet fixed nitrogen loss remains poorly constrained because existing methods rely on indirect proxies or ex situ experiments. In this study, we show that natural abundances of the rare15N15N isotopologue of dinitrogen (N2) provide a direct tracer of biological N2production across diverse aquatic environments. N2produced by denitrification and anammox has a near-stochastic15N15N distribution [0 per mil (‰)], whereas atmospheric N2carries a distinct15N15N excess (19‰), allowing the two sources to be quantitatively distinguished. Across aquifers, stratified lakes, coastal basins, oxygen minimum zones, and marine sediments,15N15N measurements reveal widespread nitrogen loss previously obscured by physical gas accumulation and nitrogen fixation. Natural15N15N abundances therefore provide a general framework for directly constraining fixed nitrogen loss across the aquatic nitrogen cycle."
10.1126/science.adx4170,True,Science,该论文研究海洋雪的粘度如何影响微生物降解和海洋碳汇，虽然不直接涉及大气环境遥感技术，但与大气环境中的气溶胶和碳循环过程相关，属于环境科学领域，因此与大气环境遥感技术的某些研究方向有一定关联。,"['marine snow', 'aggregates', 'viscosity', 'carbon sequestration', 'ocean carbon pump']",Bryce G. Inman;Stuart Humphries;Farooq Azam,Marine snow viscosity regulates microbial degradation and the ocean carbon sink,"Bacterial degradation of marine snow aggregates is a major component of global carbon cycling. Whether aggregate carbon is released in the upper ocean or is sequestered at depth depends on its sinking speed and degradation rate. However, little is known about the physical constraints of bacterial colonization and degradation of individual aggregates. Using molecular rotors to measure the nanoscale viscosity field of natural aggregates, we show that aggregates are highly structured microhabitats with less-viscous regions that are accessible for colonization and more-viscous regions that correlate to a barrier to bacterial infiltration. By quantifying the viscosity degradation rate, we demonstrate that more viscous aggregates take longer to degrade, sink farther, and contribute more to carbon sequestration, revealing a microscale physical constraint of the global ocean carbon pump."
10.1126/science.ady2660,False,Science,该论文主要研究的是东太平洋ENSO在千年尺度上的变化，虽然涉及气候和海洋，但与大气环境遥感技术（如空气质量监测、卫星观测、大气成分分析、气溶胶反演）没有直接关系。,"['ENSO', 'paleorecords', 'sea surface temperature']",J. E. Cole;D. M. Thompson;K. A. Dyez;C. J. Tripp;A. W. Tudhope;M. Lofverstrom;S. Stevenson;J. M. Okun;A. E. Lawman;J. L. Conroy;J. T. Overpeck;G. Jimenez;R. L. Edwards,Recent strengthening of eastern Pacific ENSO in the last millennium paleorecord,"The Pacific El Niño–Southern Oscillation (ENSO) generates climate extremes that endanger ecosystems, infrastructure, and human well-being worldwide. The response of this system to climate warming is poorly constrained, owing to both data scarcity and uncertainties in climate models. The geochemistry of Galápagos coral skeletons across the past millennium reveals a large recent increase in interannual variability of sea surface temperature in the eastern equatorial Pacific compared with that in existing paleorecords that exceeds simulated natural variability. This increase parallels rising global temperature and results from stronger El Niño events. Central Pacific coral data also show increased variability, although less distinctly than in the Galápagos. Our results provide long-term context for understanding ENSO variability trends, with troubling implications for climate extremes."
10.1126/science.aem9878,False,Science,标题和摘要中没有提及与大气环境遥感技术相关的关键词，如空气质量监测、卫星观测、大气成分分析或气溶胶反演。,[],Hamid Khazaei,Returning home,
10.1126/science.aem9877,False,Science,标题和摘要没有提供具体信息，无法判断与大气环境遥感技术相关。,[],Corinne Simonti;Jesse Smith;Priscilla N. Kelly;Cheri Sirois;Joana Osório;Marc S. Lavine;Bianca Lopez;Ian S. Osborne;Jack Huang,In Other Journals,
10.1126/science.aeh7034,True,Science,该标题和摘要涉及大气汞循环的全球变化，与大气环境遥感技术中的污染物（汞）监测和大气成分分析密切相关。,"['mercury', 'climate change', 'global cycle']",Aryeh Feinberg and Alfonso Saiz-Lopez,Climate change reshapes the global mercury cycle,
10.1126/science.ael7318,False,Science,标题和摘要内容与大气环境遥感技术无关，主题是免疫学领域的研究。,[],Bali Pulendran,Before the immunological Big Bang,
10.1126/science.ael7880,False,Science,该论文标题和摘要内容涉及植物生物碱的平衡变化，与大气环境遥感技术（如空气质量监测、卫星观测、大气成分分析、气溶胶反演）无关。,[],Zhouqian Jiang and Benjamin R. Lichman,Shifting the equilibrium on lupin alkaloids,
10.1126/science.ael6628,False,Science,该论文标题和摘要与大气环境遥感技术无关。标题中提到的是“AI for research mathematics”，摘要未提供，但根据标题可判断该论文聚焦于数学研究中的人工智能应用，而非大气环境遥感技术，如空气质量监测、卫星观测、大气成分分析或气溶胶反演等。,[],Jeremy Avigad and Matthew Ballard,AI for research mathematics has arrived,
10.1126/science.ael3115,False,Science,该论文标题和摘要主要讨论的是垃圾填埋场采矿在中国的治理问题，与大气环境遥感技术（如空气质量监测、卫星观测、大气成分分析、气溶胶反演等）没有直接关系。,[],Jiangwei Zhu;Min Wang;Li Fu;Meixia Guo;Kun Xie,Careful governance is needed to balance the benefits and risks of landfill mining in China,
10.1126/science.aem1978,False,Science,该论文标题和摘要主要关注气候政策对遗留垃圾填埋场风险的影响，与大气环境遥感技术（如空气质量监测、卫星观测、大气成分分析、气溶胶反演等）没有直接关联。,[],Zhiping Zhang;William T. Sloan;Siming You,Climate policies neglect risks posed by legacy landfills,
10.1126/science.ael4936,False,Science,该论文的主题是极端高温导致人们更多地待在室内，从而可能增加呼吸道感染的风险。这与大气环境遥感技术（如空气质量监测、卫星观测、大气成分分析、气溶胶反演等）没有直接关系。,[],Jingxuan Zhou and Ziyi Zheng,Respiratory infections could increase as extreme heat forces more people indoors,
10.1126/science.aen0164,False,Science,该论文标题和摘要内容与社会科学领域的资助机构改革相关，与大气环境遥感技术（如空气质量监测、卫星观测、大气成分分析、气溶胶反演等）无关。,[],Daniel Garisto,‘Complete devastation’: How NSF gutted its social sciences directorate,
10.1126/science.aen0165,False,Science,该论文的标题和摘要内容涉及的是第二次世界大战期间纳粹德国的核武器研究，与大气环境遥感技术（如空气质量监测、卫星观测、大气成分分析、气溶胶反演）无关。,[],Richard Stone,"Nazi Germany had no hope of making an atomic bomb, uranium cubes reveal",
10.1126/science.aen0166,False,Science,该论文标题和摘要内容涉及的是更广泛的生物医学和神经科学领域，与大气环境遥感技术（如空气质量监测、卫星观测、大气成分分析、气溶胶反演）没有直接相关性。,[],Jennie Erin Smith,New studies probe how menopause puts brain at risk,
10.1126/science.aen0167,False,Science,该论文标题和摘要与大气环境遥感技术无关。它讨论的是罗莎琳德·富兰克林在发现DNA螺旋结构时的历史事件，涉及生物学和化学领域，而不是遥感技术、空气质量监测、卫星观测或大气成分分析。,[],Tim Appenzeller,How did Rosalind Franklin miss the helix in her iconic DNA image? She didn’t,
10.1126/science.aen0168,False,Science,该论文的标题和摘要与大气环境遥感技术无关，主要关注的是史前人类的生活和工具，属于考古学领域。,[],Andrew Curry,Wooden tool trove reveals Neanderthal domestic life,
10.1126/science.aen0169,False,Science,该论文标题和摘要不涉及大气环境遥感技术相关内容，如空气质量监测、卫星观测、大气成分分析或气溶胶反演等。,[],Celina Zhao,An AI agent emailed hundreds of researchers for help. It told us why,
10.1126/science.aen0163,False,Science,标题和摘要内容与大气环境遥感技术无关。,[],Robin George Andrews,The Phobos heist,
10.1126/science.ael8339,False,Science,该论文标题和摘要主要讨论人工智能在数学问题上的进展，未涉及大气环境遥感技术、空气质量监测、卫星观测、大气成分分析或气溶胶反演等具体内容，因此与大气环境遥感技术无关。,[],Emily Riehl,"AI has solved many math problems, but it has not solved math",
10.1126/science.ael8349,False,Science,该论文标题和摘要没有明确提及与大气环境遥感技术相关的关键词，如空气质量监测、卫星观测、大气成分分析或气溶胶反演等。因此，它不属于该领域。,[],Julia Lane and Natasha Noy,"Data everywhere, but are they fit for purpose?",
10.1126/science.aef7249,False,Science,该论文的标题和摘要主要讨论的是手机对学习的影响，与大气环境遥感技术（如空气质量监测、卫星观测、大气成分分析、气溶胶反演等）无关。因此，该论文与大气环境遥感技术不相关。,[],Alp Sungu;Pradeep Kumar Choudhury;Andreas Bjerre-Nielsen,Phones impede learning: Evidence from a massive phone-free classroom experiment,
10.1126/science.aem9876,False,Science,标题和摘要中未提及与大气环境遥感技术相关的关键词，如空气质量监测、卫星观测、大气成分分析或气溶胶反演等。,[],Michael Funk;Jesse Smith;Phil Szuromi;Corinne Simonti;Edward Holmes;Jelena Stajic;Seth Thomas Scanlon;Ian S. Osborne;Stella M. Hurtley;Angela Hessler;Michael A. Funk;Unnati Sonawala;Cheri Sirois;Yury Suleymanov;John Foley,In Science Journals,
