doi,is_relevant,journal,explanation,topic_words,authors,title,abstract
10.1088/1748-9326/ae83d2,False,Environmental Research Letters,该论文主要研究印度600多个区域能源使用的变化趋势，特别是清洁烹饪燃料的使用情况，与大气环境遥感技术（如空气质量监测、大气成分分析、气溶胶反演）没有直接关系。,"['air quality monitoring', 'atmospheric composition analysis', 'aerosol retrieval']",Anu Ramaswami;Ajay Singh Nagpure;Neha Agarwal,Decadal trends in clean cooking fuel expansion across 600+ districts of India: 2011–22,"Sustained, exclusive use of cleaner cooking fuels like liquefied petroleum gas (LPG) remains a critical challenge for India and several other nations, despite greater LPG availability (in peace-times). Progress is typically tracked through self-reported primary fuel use, which masks mixed use of biomass, charcoal, and kerosene alongside LPG. This study presents a first pan-India decadal (2011–22) analysis of LPG cooking fuel transition across 600+ districts of India. We classified households into three mutually exclusive categories of exclusive-LPG, mixed-LPG and non-LPG users based on surveys, yielding the following. (a) Two District-Level Metrics To Track LPG Transitions. (i) District-average per capita LPG consumption with All-India means increasing 2011–2022 from 0.73 to 1.72 kg-LPG/cap-month, including 2.19–2.56, and 0.71–1.36 kg-LPG/cap-month in urban and rural substrata, respectively, demonstrating progress, and, (ii) Non-LPG % homes, which decreased across all districts, and mixed-LPG % homes that increased in 6% urban and 72% rural district sub-strata, identifying areas requiring attention (b) Alignment With Industry Data. Scaling by population, district-total household LPG consumption aligned closely with industry-provided local supply-side data (slope = 0.99; R2 = 0.90), providing the basis for future district-level multi-cooking fuel emission inventories; (c) Inequality Analysis. Gini Coefficients and P80/P20 ratios of district-average per capita LPG consumption narrowed across districts over ten years; however, intra-district disparities persisted in 2022, especially in rural sub-strata. (d) Multivariable Regressions reveal substantial correlation of demography (primarily, proportion of elderly household members) with increasing mixed fuel use, moderated by path dependency (prior decade exclusive LPG use), education levels, and government policy. These data, analyses and metrics offer a foundation for tracking LPG cooking transitions in India and designing socially-sensitive interventions adapted to district-specific contexts."
10.1088/1748-9326/ae9563,False,Environmental Research Letters,该论文主要关注饮食转变对温室气体排放的影响，评估不同饮食模式与气候目标的一致性，但未涉及大气环境遥感技术，如空气质量监测、卫星观测或大气成分分析等。,"['food-related GHG emissions', 'Paris Agreement', 'dietary transitions']",Yaling Li;Fujin Yi;Xiaoxi Wang,Equity-centered dietary transitions: food-related GHG emissions and climate target alignment,"Global dietary transitions confront the dual challenge of reconciling nutrition equity with environmental sustainability. This study evaluates three equity-centered dietary transitions scenarios grounded in country-specific dietary recommendations across 181 countries: CP (current patterns), LP (low-emission substitutions, e.g. poultry replacing ruminants), and HP (high-emission alternatives), to quantify emission dynamics and assess alignment with Paris Agreement temperature targets. Business-as-usual trends (BAU) result in cumulative food-related emissions of 1768 Gt CO2e between 2020 and 2100. While CP reduces this to 1411 Gt CO2e, achieving only marginal alignment with the 2 °C limit, LP achieves a 37% reduction to 1113 Gt CO2e, ensuring robust compatibility with the 2 °C target. In contrast, HP emissions surpass even BAU levels. Central to the LP pathway, we propose an equity-centered allocation framework that differentiates mitigation obligations and emission allowances based on deviations from national dietary guidelines. Countries with excessive intakes, particularly of animal-source foods, are thus assigned stringent obligations (e.g. USA: 58.85 Gt CO2e; China: 131.10 Gt CO2e). Conversely, those with inadequate nutritional intake are allocated safeguarded allowances (e.g. Nigeria: 25.63 Gt CO2e; Ethiopia: 24.94 Gt CO2e), scaled to population size to uphold nutritional rights. However, even under this optimized pathway, the residual emission budget for non-food sectors is constrained to a narrow range of 407–818 Gt CO2e. This severe constraint renders the 1.5 °C target unattainable through dietary shifts alone, underscoring the imperative for coordinated cross-sectoral decarbonization integrated with equity-centered policies."
10.1088/1748-9326/ae9780,True,Environmental Research Letters,该论文研究了2022-2023年夏季在罗斯海东部发生的一次极端海洋热浪和浮游植物爆发，使用了卫星获取的海面温度、海洋颜色、海冰和大气海洋再分析数据，涉及了大气对海洋环境的影响，与大气环境遥感技术（如空气质量监测、卫星观测、大气成分分析、气溶胶反演）密切相关。,"['marine heatwave', 'satellite-retrieved sea surface temperature', 'ocean colour', 'atmospheric-oceanic reanalysis', 'chlorophyll-a']",Zehao Wang;Shaoyin Wang;Zhu Zhu;Zixin Wei;Fukai Peng,Atmosphere-driven compound extremes: record marine heatwave and phytoplankton bloom in the Ross Sea during summer 2022–2023,"We document an extreme marine heatwave (MHW) in the eastern Ross Sea during the 2022–2023 austral summer (DJF), the most intense thermal event in the satellite record. Using satellite-retrieved sea surface temperature (SST), ocean colour, sea ice, and atmospheric-oceanic reanalysis data, we show that the eastern Ross Sea experienced a Category IV (extreme) MHW during this season, with the regional-mean cumulative intensity reaching 127.22 °C·days in January 2023 and summer-mean SST anomalies locally peaking at approximately +2.5 °C above the climatological mean. Summer-mean chlorophyll-a (Chl-a) concentration reached 3.67 mg m−3, the highest value observed in the eastern Ross Sea since satellite ocean-colour records began in 1997. The ecological response followed a threshold-dependent sequence: early sea-ice retreat initially removed light limitation, followed later by a strong Chl-a increase as sustained warming and upper-ocean restratification favoured bloom development. In contrast, persistent ice cover in Terra Nova Bay prevented a comparable thermal or biological response. A meridional wind dipole drove divergent ice transport and the early expansion of the eastern Ross Sea polynya, while low-cloud cover decreased by up to 15.43%, increasing downward surface shortwave radiation by 64.09 W m−2. Subsurface warming remained confined to the upper continental-shelf waters south of approximately 73° S, suggesting that local atmosphere-ice-radiation interactions contributed more strongly to the event than heat transport associated with ocean circulation. These results identify a distinctly polar pathway through which atmospheric forcing can generate compound thermal and biological extremes, highlighting the importance of local sea-ice coupling in shaping future Antarctic coastal productivity."
10.1088/1748-9326/ae99f5,True,Environmental Research Letters,该论文使用了遥感和再分析数据来研究青藏高原上木质和草本生态系统的碳吸收和水分损失，涉及大气成分分析和生态系统的遥感监测，因此与大气环境遥感技术密切相关。,"['remote-sensing', 'reanalysis data', 'atmospheric composition analysis']",Jingyi Tan;Yexuan Li;Yun Zhang;Bo Wang,Hydroclimatic extremes shift GPP–ET response structures despite rising water-use efficiency in woody and herbaceous ecosystems on the Qinghai–Tibet Plateau,"Hydroclimatic extremes alter ecosystem carbon uptake and water loss, but their effects on water-use efficiency (WUE) are difficult to interpret because similar WUE changes can arise from different combinations of gross primary productivity (GPP) and evapotranspiration (ET). Using remote-sensing and reanalysis data, together with flux-tower evaluation at three herbaceous sites, we examined growing-season WUE trends during 2001–2024 and event-scale responses to extreme heat, cold, drought, and wet conditions across woody and herbaceous ecosystems on the Qinghai–Tibet Plateau. We decomposed long-term WUE trends, quantified joint GPP–ET responses, partitioned ET components, and evaluated hydrological modulation, response timing, post-event persistence, and background-climate breakpoints. Growing-season WUE showed positive trends across much of the vegetated plateau, predominantly because GPP increased faster than ET. However, positive WUE trends co-occurred with high event-scale sensitivity over 4.4% of woody and 22.7% of herbaceous pixels. Woody ecosystems more frequently exhibited same-sign GPP–ET responses, whereas herbaceous ecosystems showed more opposing-sign or weakly associated responses. Canopy transpiration was the largest individual ET component in woody ecosystems (48.7%), whereas soil evaporation dominated herbaceous ET (67.2%) and varied more strongly under drought and wet conditions. Ground thermal regime and shallow soil moisture further modified vegetation-type differences, although the effects varied among fluxes and extreme categories. Response timing and post-event persistence were distinct. Heat events were followed by sustained negative WUE anomalies, drought responses generally returned toward the pre-event reference within several months, and cold and wet events showed more temporally distributed trajectories. Continuous piecewise regressions identified a lower heat-related statistical breakpoint in herbaceous than woody ecosystems, whereas drought-related breakpoint differences remained uncertain because their confidence intervals overlapped. These results show that hydroclimatic extremes shift statistical GPP–ET response structures and that rising WUE does not necessarily indicate stronger carbon–water coupling, improved ecosystem functioning, or reduced sensitivity to hydroclimatic extremes."
10.1088/1748-9326/aea0ef,False,Environmental Research Letters,该论文主要关注气候变化和电气化对电网规划的影响，涉及温度与电力需求的关系，但未涉及大气环境远程传感技术，如空气质量监测、卫星观测等。,"['climate change', 'electricity demand', 'peak load']",Baxter Kamana-Williams;Emily Grubert,Climate change and electrification could fundamentally alter grid planning paradigms,"Responding to climate change will qualitatively change electricity demand patterns, with increased peak sensitivity to temperature. Rising temperatures increase space cooling demand, and electrifying heat increases temperature-dependent, non-deferrable load while solar and battery resource availabilities are limited. Here, we present a first-order scoping analysis to characterize relationships between temperature and electricity load across the contiguous US to argue winter peaks pose a hard, underexplored design constraint. Specifically, residential heating electrification with efficient equipment could drive an estimated increase of 120%–200% (1000–1600 gigawatts, GW) in the sum of total peak loads (not necessarily coincident across balancing authorities), requiring at least 4.0–6.6 trillion USD of investment for generation and transmission infrastructure. By contrast, even 4 °C of warming would drive only a ∼41 GW (5%) increase. Deep building efficiency could improve energy and health equity, reduce challenging peaks, facilitate deep decarbonization, and save trillions of dollars."
10.5194/acp-26-12689-2026,True,Atmospheric Chemistry and Physics,该论文研究阿拉斯加北坡冬季云液态水路径与当地气象条件的关系，涉及大气成分分析、云物理特性等，与大气环境遥感技术（如空气质量监测、卫星观测）高度相关。,"['cloud liquid water path', 'Arctic clouds', 'atmospheric moisture', 'wind direction', 'large-scale circulation']",Kara Hartig;John J. Cassano;Matthew D. Shupe;Amy Solomon,Cloud liquid water path at the North Slope of Alaska has minimal sensitivity to local meteorology in Arctic winter,"Liquid-containing Arctic clouds have a strong influence on surface temperature and sea ice extent in winter, but how weather conditions impact cloud cover remains a mystery. This study uses observations from northern Alaska to investigate this relationship. We find that, contrary to expectations, the amount of cloud liquid is remarkably insensitive to temperature, moisture, wind direction, and the large-scale atmospheric flow. 
 Mixed-phase clouds in the Arctic are tightly coupled to the surface energy budget in the cold months, helping to set surface temperatures and sea ice extent. However, the meteorological conditions that give rise to these clouds and their remarkable persistence across the Arctic are not well constrained, leading to model biases. Using over a decade of observations from the North Slope of Alaska, this research investigates the relationships between cloud base temperature and moisture, bulk atmospheric moisture, wind direction, large-scale circulation, and cloud liquid and ice water path. Liquid-containing clouds are ubiquitous at this site, occurring 60 %–70 % of the time between November and March, although about one-third of those cases have a liquid water path under 10 g m−2. We find that liquid water path is weakly sensitive to temperature and moisture and remarkably insensitive to wind direction and large-scale circulation. Furthermore, meteorological regimes with significant differences in temperature, moisture, and cloud fraction do not produce appreciable differences in cloud liquid water path. Ice water path, on the other hand, is clearly correlated with bulk atmospheric moisture, with particularly strong increases when precipitable water vapor exceeds the 90th percentile, and may be responsible for the muted response of liquid water path to high atmospheric moisture. To explain the observed sensitivity of ice water path and relative insensitivity of liquid water path to meteorology and large-scale circulation, we propose a series of hypotheses centered around a lack of dissipative mechanisms and the role of ice in enabling or limiting liquid mass accumulation."
10.5194/acp-26-12715-2026,True,Atmospheric Chemistry and Physics,该论文研究了沿海地区在陆海风循环下，氯化物如何增强夜间NO2的异质化摄取，从而影响空气质量和大气化学。这与大气环境遥感技术中的空气质量监测和大气成分分析密切相关，因此是强相关的。,"['NO2', 'chlorine', 'sea-land breeze', 'atmospheric chemistry', 'air quality']",Ziyi Lin;Xiuwen Yong;Lingjun Li;Yuping Chen;Lingling Xu;Xiaoting Ji;Chen Yang;Keran Zhang;Feng Zhang;Ziying Chen;Gaojie Chen;Xiaolong Fan;Mengren Li;Jinsheng Chen,Chlorine enhances nocturnal heterogeneous uptake of NO2 in coastal atmosphere under sea-land breeze circulation,"Nitrogen dioxide can react on wet surfaces, producing pollutants that affect air quality. To understand why this process is stronger in coastal regions, we conducted field measurements in a Chinese coastal city during sea–land breeze periods. We found that chloride from sea salt greatly enhances nitrogen dioxide uptake, increasing the formation of nitrous acid and nitrate. This highlights a key role of chlorine in coastal air pollution and improves predictions of nighttime atmospheric chemistry. 
 Heterogeneous uptake of NO2 serves as a significant source for reactive nitrogen species, playing an important role in atmospheric chemistry. Laboratory studies have demonstrated that chlorine can promote the heterogeneous NO2 uptake, yet this effect under real ambient conditions remains poorly elucidated. Based on comprehensive field observations, a machine learning technique, and a multiphase chemical box model in the coastal city of Xiamen, China, this study reveals the enhancement effect of chlorine (Cl) on NO2 uptake and quantifies the impact of this enhanced uptake on reactive nitrogen species during nocturnal sea-land breeze (SLB) periods. Compared with non-SLB days, nocturnal concentrations of nitrous acid (HONO) and particulate nitrate (NO3-) increased significantly during SLB days, with high mean value of NO2 uptake rate constant (kNO2) reaching 9.70 × 10−6 s−1. Machine learning revealed that chlorine was the most important influencing factor for the enhanced kNO2. Incorporating this kNO2 into the chemical box model substantially resolved the underestimation of HONO concentration and NO3- production under SLB conditions. Notably, nocturnal NO2 uptake dominated HONO formation (83.9 %), while making a substantial contribution (46.4 %) to nitrate formation. This study highlights the critical role of chlorine-enhanced NO2 uptake in atmospheric reactive nitrogen cycling and provides valuable insights for nocturnal chemistry in complex coastal environments."
10.5194/amt-19-5697-2026,True,Atmospheric Measurement Techniques,该研究涉及使用卫星、无线电探空和再分析数据来生成欧洲边界层高度地图，这与大气环境遥感技术（如空气质量监测、卫星观测、大气成分分析、气溶胶反演）密切相关。边界层高度是大气环境研究的重要参数，对局部和区域气候现象有直接影响，因此该研究高度相关。,"['Boundary Layer Height', 'satellite', 'reanalysis', 'air quality monitoring', 'atmospheric composition analysis']",Carina I. Argañaraz;Andreu Salcedo-Bosch;Simone Lolli;Gabriele Curci,"Modelling monthly Boundary Layer Height maps combining radiosonde, satellite, and reanalysis over Europe","In this study, maps of the planetary boundary layer over Europe were generated by integrating multiple data sources. The results show higher accuracy compared with the widely used ERA5 reanalysis. The proposed regression kriging method performed well in estimating the height of the boundary layer at 12:00 UTC, and to a lesser extent at 00:00 UTC. 
 The height of the planetary boundary layer directly influences local and regional climatic phenomena, making its study and estimation of vital importance for environmental sciences. The main objective of this work was to create a gridded map of planetary boundary layer height across the European continent, with a spatial resolution of 25 km and monthly mean values at two synoptic hours (12:00 and 00:00 UTC). We implemented the regression kriging method by combining various data sources, including observations, climatic and topographic variables, and reanalysis data (ERA5), and different regression methods (linear, random forest, and gradient boosting) for the 2010–2020 period. In both  UTC hours, combining reanalysis, land surface temperature and topographic covariates with random forest regression provided the best performance. However, the models' performance at night declined considerably compared with midday. Then, we compared our seasonal predictions with reanalysis data and found a consistently higher spatio-temporal accuracy than that of the ERA5 reanalysis. For example, at 12:00 UTC, spatial variability in winter showed RMSE values ≤170 m, compared with ≥250 m for ERA5, while temporal variability in summer reached RMSE values ≤260 m, versus 340 m for ERA5. At 00:00 UTC, spatial variability in summer achieved RMSE values = 14 m, whereas ERA5 exhibited RMSE = 60 m, while temporal variability in winter reached RMSE values ≤176 m, versus 200 m for ERA5. The proposed regression kriging method thus performed well in estimating the height of the boundary layer at 12:00 UTC, and to a lesser extent at 00:00 UTC."
10.5194/amt-19-5659-2026,True,Atmospheric Measurement Techniques,该论文使用机器学习方法，基于TROPOMI卫星观测数据和气象数据，估计全球甲烷超级排放源的排放率。这与大气环境遥感技术密切相关，特别是卫星观测和大气成分分析。,"['TROPOMI', 'methane', 'machine learning', 'emission rate estimates']",Clayton Roberts;Joannes D. Maasakkers;Tobias A. de Jong;Berend J. Schuit;Shubham Sharma;Theo Huegens;Anne-Wil van den Berg;Sander Houweling;Ilse Aben,Machine learning-based emission rate estimates of global  methane super-emissions,"Methane is a powerful greenhouse gas, and cutting its emissions can slow climate change in the near term. We have created ML-SPERE, a new machine-learning based method that uses TROPOMI observations and weather data to better estimate emission rates for large methane plumes. It has proved more accurate than the Integrated Mass Enhancement (IME) method when tested on simulated satellite observations. When applied to real TROPOMI plumes, ML-SPERE produces estimates that agree with other methods. 
 Methane, the second most important anthropogenic greenhouse gas, has a global warming potential more than 80 times that of carbon dioxide over a 20-year period. Given its decadal atmospheric lifetime, reducing anthropogenic methane emissions is critical for limiting near-term warming. The TROPOspheric Monitoring Instrument (TROPOMI) provides daily global methane satellite observations, enabling rapid detection of super-emitters. Here, we develop ML-SPERE, a machine-learning framework based on a convolutional neural network trained on simulated TROPOMI methane observations and meteorological data to estimate emission rates for super-emitters. ML-SPERE outperforms the Integrated Mass Enhancement (IME) method on simulated plumes that incorporate real TROPOMI backgrounds and missing spatial data, reducing the median absolute percentage error from 42.4 % to 24.3 % for well-observed methane plumes. At low wind speeds, IME estimates exhibit a negative bias and ML-SPERE estimates do not. Applied to TROPOMI observations of a 200-d well blowout in Kazakhstan, ML-SPERE typically shows agreement with TROPOMI inverse modeling results and TROPOMI IME estimates. Compared to TROPOMI IME estimates, ML-SPERE estimates show improved agreement with IME estimates derived from high-resolution point-source imagers. Global spatial patterns of methane emissions inferred from ML-SPERE and the IME method for all super-emitters found by TROPOMI in 2021 are broadly consistent, with notable regional differences in northern Russia (where transient pipeline emissions may not be well characterized by either method), the Congo Basin (where area source emissions may not be well characterized by either method), and southeastern Australia (where IME estimates are potentially negatively biased owing to predominantly low wind speeds). Mean estimated emission rates for this dataset aggregated by estimated source sector remain similar between both methods. Overall, improved performance on simulated plumes and consistency with independent estimates for real-world observations demonstrate the utility of ML-SPERE for quantifying TROPOMI methane super-emitters."
10.5194/amt-19-5717-2026,True,Atmospheric Measurement Techniques,该论文研究了一种先进的激光测量技术，用于监测城市中的二氧化碳排放。该技术利用双光束光谱法（dual-comb spectroscopy）在3.1公里的路径上直接平均空间变化，并通过商业部件实现。这与大气环境遥感技术密切相关，特别是与大气成分分析、空气质量监测和温室气体排放测量相关。,"['CO2', 'dual-comb spectroscopy', 'open-path', 'atmospheric measurement']",Tobias D. Schmitt;Romain Dubroeucq;Moritz Sindram;André Butz;Thomas Pfeifer;Markus K. Oberthaler,Long-term open-path dual-comb spectroscopy for urban CO2 monitoring,"Urban areas account for a substantial share of global greenhouse gas emissions, yet measuring these emissions precisely is challenging due to spatial variability. This study implemented an advanced laser measurement technique, to directly average this spatial variability by measuring over a 3.1 km path, using only commercial parts. The high measurement precision and reliable operation, demonstrates that this technique is now accessible to the broader atmospheric measurement community. 
 Accurate quantification of urban greenhouse gas (GHG) emissions can benefit from path-averaged, high-precision, high-temporal-resolution measurements that complement point sensors and passive remote sensing. Among open-path techniques, dual-comb spectroscopy (DCS) stands out as a particularly capable candidate, offering simultaneous broadband coverage, an absolute SI-traceable frequency axis, and sufficient spectral radiance for multi-kilometer paths. Here we present an open-path dual-comb spectrometer using two commercial, self-referenced, turn-key frequency combs operated continuously in Heidelberg, Germany, over an urban landscape. The instrument allows to infer column-averaged dry-air mole fractions of CO2 along a 3.1 km absorption path. Within the evaluation period from September 2025 to February 2026 the system achieved a data coverage of 76 %, with losses primarily attributable to visibility-limiting weather conditions such as fog and heavy rain. The instrument precision, characterized by the overlapping Allan deviation under stable atmospheric conditions, reaches 6.13 ppm s for CO2, equivalent to 0.35 ppm at 5 min averaging time. These values are on par with or better than previous open-path DCS experiments and represent roughly one order of magnitude improvement over a co-deployed open-path Fourier transform spectrometer operating on the same path. The two instruments differ by a small bias of 0.50 ppm for CO2. These results demonstrate that commercial frequency-comb technology has matured enough to turn open-path DCS into an accessible tool for the broader atmospheric science community, without sacrificing performance: built exclusively from commercially available components, our instrument remains fully competitive with custom-built dual-comb spectrometers. This establishes a foundation for distributed path-averaged observations, from urban emission monitoring and network-scale deployments to the validation of spectroscopic databases."
10.5194/essd-18-6545-2026,True,Earth System Science Data,该论文使用卫星数据（Sentinel-1和Sentinel-2卫星任务）从卫星图像中构建了一个离岸石油和天然气平台的数据集，这属于大气环境遥感技术的范畴，特别是用于监测离岸基础设施及其环境影响。论文中提到的合成孔径雷达（SAR）数据和高分辨率卫星图像分析技术，都是大气环境遥感技术的重要组成部分。,"['Sentinel-1', 'Sentinel-2', 'synthetic aperture radar', 'offshore oil and gas platforms', 'environmental monitoring']",Lulu Si;Shanyu Zhou;Itziar Irakulis-Loitxate;Javier Roger;Luis Guanter,Building a dataset of offshore oil and gas extraction platforms from satellite data (2017–2023),"We constructed a dataset of offshore oil and gas platforms to improve knowledge of human activities at sea and their environmental impacts. Using satellite images from the Sentinel-1 and Sentinel-2 missions, we identified over 5000 platforms in six major offshore basins between 2017 and 2023 and recorded their locations and status. This open dataset extends existing records and supports environmental monitoring, offshore infrastructure management, and planning of mitigation strategies. 
 Accurate information on the location and operational status of offshore oil and gas platforms (OOGPs) is important to inform decision-making by various stakeholders and to evaluate the environmental impacts of OOGPs. However, existing OOGP databases are often incomplete or contain outdated data. In this work, we used satellite data and the Google Earth Engine (GEE) platform to construct a new database of OOGPs for six major offshore oil and gas basins in the world between 2017 and 2023. We used synthetic aperture radar (SAR) data from the Sentinel-1 satellite mission to detect OOGP candidates due to its high sensitivity to OOGPs, dense spatio-temporal sampling, and global coverage. Our main processing steps comprise the detection of OOGP candidates using monthly averages of SAR recordings and the removal of noise and false positive objects from annual image composites. With the resulting dataset of OOGPs, we mapped the spatiotemporal distribution of OOGPs in the study regions and analyzed the platform status after the post-processing of the platform targets. Using these methods, we identified a total of 5358 OOGPs distributed in six offshore basins: the Gulf of Mexico (GoM) (1593), Persian Gulf (PG) (1437), North Sea (NS) (440), Caspian Sea (CS) (794), Gulf of Guinea (GoG) (460), and Gulf of Thailand (GoT) (634). An independent validation dataset was used to evaluate the performance of the detection algorithm, which achieved precision of 0.95, recall of 0.89, and F1 score of 0.92. This OOGPs dataset substantially enhances and complements the existing offshore platform database in terms of spatial and temporal coverage. From our analysis of this OOGP dataset, we observed that offshore platform activity has declined in regions like the GoM, consistent with documented trends of aging infrastructure and shifting energy investment, while it has expanded in the PG and CS, consistent with ongoing offshore development. These different regional trends highlight the need for targeted environmental oversight and region-specific mitigation strategies. The dataset of this paper can be accessed through https://doi.org/10.5281/zenodo.18350974 (Si et al., 2026)."
10.5194/essd-18-6527-2026,True,Earth System Science Data,该论文研究了瑞士湖泊的温度、氧气和水质变化趋势，涉及地表温度、水体分层和透明度等参数，这些参数与大气环境遥感技术密切相关，如空气质量监测和卫星观测。虽然论文主要关注湖泊环境，但其研究方法和发现对大气环境遥感技术具有重要的参考价值。,"['lake monitoring', 'water clarity', 'temperature trends', 'atmospheric composition', 'remote sensing']",Fabian Bärenbold;Camilla Capelli;Lukas De Ventura;Stefanie Eyring;Elise Folly;Nicole Gallina;Barbara Känel;Peter Keller;Oliver Köster;Fabio Lepori;Robert Lovas;Michela Rogora;David J. Janssen;Damien Bouffard;Martin Schmid,"Long-term temperature, oxygen and water  clarity trends in Swiss lakes","We present a publicly available dataset of physical lake monitoring data of 21 Swiss lakes, including calculated variables like thermocline depth. The data was measured over many decades by cantonal authorities and research institutes. We used the data to compare the evolution of Swiss lakes, and we found that temperature, heat content and stratification strength have strongly increased. In contrast, deepwater oxygen and thermocline depth do not show clear trends during the last few decades. 
 Water temperature, electrical conductivity, dissolved oxygen concentration, and water clarity are key variables routinely measured in Swiss lakes by lake monitoring programs run by cantonal environmental offices and international lake commissions. In most lakes, data is collected at bi-weekly to monthly intervals; however, the data processing pipelines remain largely manual, non-automated, and decentralized, making data access and use difficult. The Swiss Federal Office for the Environment (FOEN) consolidates and stores this information at the national level, but this process is not always done on a regular basis, and the data are not directly accessible to the public. This limited accessibility restricts their use in scientific research, particularly for comparative studies across different lakes. Here, we present a harmonised dataset of temperature, electrical conductivity, dissolved oxygen and Secchi depth (a widely used proxy of water clarity) collected by cantonal offices, and research institutes in 21 large Swiss lakes and lake basins from the beginning of consistent records (between 1938 and 2001 depending on the lake) to the end of 2023. In addition, we provide consistently calculated variables including lake heat content, Schmidt stability, thermocline depth and hypolimnetic oxygen. We used the measured and calculated variables to identify long term trends in large Swiss lakes. Specifically, we investigated whether the effects of climate change and re-oligotrophication led to a coherent pattern across Switzerland or whether the responses varied from lake to lake. We found a clear warming trend in all lakes with consistently increasing mean annual surface (since ∼ 1980) and bottom temperature (since ∼ 2010), heat content, and stronger autumn stratification, which is consistent with expected effects of climate change. Similarly, there is a general trend towards greater water clarity, consistent with re-oligotrophication. Thermocline depth and lake oxygen concentrations showed less clear patterns. For the former, observations indicate modest shifts toward shallower thermoclines in deeper lakes and towards deeper thermoclines in shallower lakes. In contrast, deepwater oxygen concentrations show no consistent trends over recent decades, potentially reflecting opposing influences of climate change and re-oligotrophication. By publishing this data, we aim to advocate for open data policies at national and international levels, facilitating its reuse in further scientific research, and contributing to evidence-based lake management and decision-making. The data presented in this work are available at https://doi.org/10.25678/000GJC (Bärenbold et al., 2026)."
10.5194/essd-2026-626,True,Earth System Science Data Discussions,该论文研究使用被动微波辐射计数据（如SMMR、SSM/I、SSMIS）反演北极海冰的长期积雪深度，这与大气环境遥感技术密切相关，特别是卫星观测和大气成分分析。,"['passive microwave radiometer', 'Arctic sea ice', 'snow depth retrieval', 'SMMR', 'SSM/I', 'SSMIS']",Lian He;Xinning Peng;Yi Zhou;Fengming Hui;Zhuoqi Chen;Liangbing Chen;Xianwei Wang;Xiao Cheng,A long-term wintertime snow depth dataset on Arctic sea ice (1978–2025) derived from multisource passive microwave radiometer data,"This study presents the SYSU SnowDepth dataset (1978–2025), the longest pan-Arctic snow depth on sea ice record covering both first-year ice and multi-year ice. Derived from passive microwave sensors using a new algorithm incorporating GRV(37/19), snow density, and time factor, it was validated against independent observations. Accuracy was high with root-mean-error-square (RMSE) values ranging from ~3 to 17 cm, offering vital support for climate and sea ice modeling. 
 Snow on sea ice is a key component of the Arctic climate system, strongly regulating the surface energy and mass balances of ice-covered regions. This study presents a long-term wintertime snow depth (SD) dataset on Arctic sea ice spanning the period 1978–2025 derived from multi-channel brightness temperature (TB) observations acquired by the Scanning Multichannel Microwave Radiometer (SMMR), Special Sensor Microwave/Imager (SSM/I), and Special Sensor Microwave Imager/Sounder (SSMIS). We first analysed the relationship between the spectral gradient ratio (GR) of vertically polarized TBs at 19 and 37 GHz (GRV(37/19)) and altimetric snow depth derived from the Ice, Cloud and land Elevation Satellite-2 (ICESat-2) and CryoSat-2 missions. Based on this analysis, we proposed a new SD estimation algorithm using three predictors, including GRV(37/19), bulk snow density from the NASA Eulerian Snow On Sea Ice Model (NESOSIM) and a cumulative time variable to account for the effects of snow metamorphism on passive microwave retrievals. The resulting SYSU SnowDepth dataset was validated against various independent observations, categorized into point-scale and transect-based measurements. While the dataset demonstrates an overall good accuracy, the validation performance was strongly influenced by the spatial representativeness of the reference data. Specifically, root-mean-square error (RMSE) values ranged from ~3 to 7 cm against transect-based measurements from airborne and buoy array observations, but increased to 10 to 17 cm against point-scale measurements from individual buoys, aircraft landing sites and ship-based observations. Furthermore, retrieval accuracy was higher over first-year ice (FYI) than multi-year ice (MYI) and exhibited a seasonal variation with RMSE increasing from October to April as the snowpack thickens. To our knowledge, the SYSU SnowDepth dataset is the longest satellite-based SD record providing pan-Arctic coverage of both FYI and MYI throughout the full winter season (October–April). It is expected to significantly benefit altimetry-based sea ice thickness estimation, the assimilation of snow information into sea ice models, the assessment of light availability for under-ice biota, weather forecasting, and climate monitoring. The newly developed SYSU SnowDepth dataset is available at https://doi.org/10.5281/zenodo.21472646 (He et al., 2026)."
10.5194/gmd-19-8269-2026,False,Geoscientific Model Development,该论文主要研究半拉格朗日输运格式在冰流损伤传输中的应用，虽然涉及输运过程和数值方法，但并未直接关联大气环境遥感技术，如空气质量监测、卫星观测、大气成分分析或气溶胶反演等。,"['Semi-Lagrangian', 'Discontinuous Galerkin', 'ice-damage transport']",Cyrille Mosbeux;Peter Råback;Adrien Gilbert;Julien Brondex;Fabien Gillet-Chaulet;Nicolas C. Jourdain;Mondher Chekki;Olivier Gagliardini;Gaël Durand,A semi-Lagrangian advection scheme in Elmer (v26.1): benchmarking against discontinuous Galerkin and application to ice-damage transport,"Transport processes like rocks carried by ice flow and damage evolution – a proxy for crevasses – are key in ice sheet modeling and should occur without diffusion. Yet, standard numerical methods often blur these features. We explore a particle-based Semi-Lagrangian approach, comparing it to a Discontinuous Galerkin method, and show it can accurately simulate such transport when run at high enough resolution. 
 Transport processes are of great importance in geophysical applications, including atmospheric, oceanic, and ice flow dynamics. An Eulerian view is commonly adopted in models representing fluid dynamics. In such a framework, transport processes are accounted for by prescribing advection terms within the partial differential equations (PDEs) of the model. Yet, advection terms are prone to cause instabilities in the numerical solution of these equations, notably when using the finite element method with a standard Galerkin approach. Various methods have been developed to overcome these instabilities, but often at the price of spurious artificial diffusion. To avoid such unwanted numerical smoothing, a commonly used technique is the discontinuous Galerkin method, which allows for discontinuous solutions; hence, a better tracking of fine features with steep gradients without relying on artificial diffusion. In this study, we explore an alternative approach that lies in semi-Lagrangian schemes, combining elements of both Eulerian and Lagrangian frameworks by updating particle positions based on the Eulerian velocity field from the previous time step. The method does not rely on explicit artificial diffusion and can accurately capture advection while limiting numerical diffusion. Here, we present a computationally efficient semi-Lagrangian algorithm to track the motion of particles in complex 3D geometries that is suitable for highly parallel computing. We illustrate the accuracy and power of the semi-Lagrangian (SL) algorithm by comparing it to a discontinuous Galerkin (DG) method developed within the open-source multi-physics code Elmer. We show that both the DG and SL methods can provide accurate transport solutions with different sensitivity to resolution. We conclude that, for practical use, the choice between the SL and the DG methods will depend on specific simulation requirements and the trade-off between acceptable diffusion and computational efficiency."
10.5194/gmd-19-8289-2026,False,Geoscientific Model Development,该研究主要关注草地叶凋落过程的生理学驱动模型，涉及陆地表面模型（LSM）和碳循环模拟，但并未直接涉及大气环境遥感技术，如空气质量监测、卫星观测或大气成分分析等。,"['land surface model', 'grassland', 'carbon dynamics', 'phenology']",Josua Seitz;Midori Yajima;Yu Zhu;Lumnesh Swaroop Kumar Joseph;Jinyan Yang;Fabrice Lacroix;Yunpeng Luo;Andreas Schaumberger;Michael Bahn;Sönke Zaehle;Silvia Caldararu,A general physiologically driven representation of leaf turnover in grasslands in the QUINCY land surface model (revision: 974a6b7f),"This study presents a new global leaf turnover model for grasslands in the QUINCY (QUantifying Interactions between terrestrial Nutrient CYcles and the climate system) land surface model. Land surface models often struggle to simulate grassland carbon dynamics and phenology accurately. By allowing environmental conditions to directly control leaf senescence we improve its timing as well as the accuracy of whole-season carbon dynamics across a wide range of climates and grassland ecosystems. 
 Terrestrial vegetation plays an important role in shaping the Earth's climate due to its control on the global carbon cycle. Understanding and predicting vegetation phenology and biomass turnover into soil organic matter is therefore of great importance for our understanding and quantification of carbon exchange with the atmosphere, which varies seasonally. In the past, models of tree phenology have been developed extensively, but equivalent models for herbaceous ecosystems, which cover a significant area of the terrestrial land surface and provide many ecosystem services to humans, have been much more poorly developed for both the start and the end of season. These limitations may be due to spatially and temporally sparse observational data in grasslands, but more importantly, their distribution across a large range of climatic and environmental conditions, as well as a lack of understanding of underlying processes. It follows that a refined autumn phenology model for grasslands is a necessary component of land surface models (LSMs). Here we present a novel approach to grassland autumn phenology by introducing a general leaf turnover model controlled by environmental conditions into the QUINCY (QUantifying Interactions between terrestrial Nutrient CYcles and the climate system) LSM and show that decoupling leaf senescence from growing season triggers improves site-level carbon dynamics in herbaceous systems globally. We tested the model at 59 sites with differing climates and show that our model was able to reduce errors in gross primary productivity (GPP) predictions as well as in the timing of the onset of leaf senescence, especially in seasonally dry and very cold sites. Our model is able to reduce the root mean square error (RMSE) of daily GPP at a seasonally dry site from 1.25 to 0.76 g C m−2 d−1. At a seasonally cold and light-limited site, RMSE decreased from 0.6 to 0.46 g C m−2 d−1 and at a temperate, oceanic site, from 1.56 to 1.20 g C m−2 d−1. Our study provides a way forward towards general, non PFT or site-specific autumn phenology modules in LSMs, as well as improving predictions of carbon fluxes in grassland ecosystems globally."
10.1029/2026GL122888,True,Geophysical Research Letters,该论文研究气候变化对CO2强迫的非线性响应，涉及云反馈和气候敏感性等大气环境相关概念，因此与大气环境遥感技术（如大气成分分析、反馈机制研究）有较强关联。,"['climate sensitivity', 'cloud feedback', 'CO2 forcing', 'atmospheric response']",Sisam Shrestha;David Paynter;Ryan Kramer;Haozhe He,Role of Shortwave Feedback in Non‐Linear Response to CO2 Forcing in GFDL CM4.0,"Effective climate sensitivity (EffCS) is a key metric for quantifying climate change, yet its uncertainty remains large, primarily due to intermodel differences in cloud feedback. Here, we assess EffCS and climate feedback to an abrupt doubling (2xCO2) and quadrupling (4xCO2) of CO2 over 450 years in GFDL CM4.0. Both runs have comparable EffCS estimates during the first 50 years (2xCO2: 2.99 K; 4xCO2: 3.25 K) with the 4xCO2 EffCS estimate still slightly stronger for Years 51–150. Extending the analysis to 450 years increases the EffCS estimate, but more so in 2xCO2 (5.8 K) than in 4xCO2 (4.79 K). In both runs, the EffCS increases due to a weakening of the net feedback with warming, largely through shortwave cloud feedback increase. A weaker EffCS during the slow response for 4xCO2 relative to 2xCO2 is associated with a weaker surface albedo feedback due to an earlier sea‐ice loss in both hemispheres."
10.1029/2026GL125170,True,Geophysical Research Letters,该论文研究了辐射核技术在计算辐射反馈估计中的作用，涉及气候模型（如CMIP5和CMIP6）和大气反馈分析，这与大气环境遥感技术（如大气成分分析和卫星观测）密切相关。,"['radiative kernel', 'climate models', 'atmospheric feedbacks', 'CMIP5', 'CMIP6']",Kaitlyn Wen;Ivan Mitevski;Tyler P. Janoski;Gabriel A. Vecchi,Evaluating the Role of Kernel Choice on Radiative Feedback Estimates,"Radiative feedbacks are important for understanding climate sensitivity, yet estimates vary widely across climate models. Feedbacks are often computed using the radiative kernel technique, which uses pre‐calculated radiative sensitivities (kernels) derived from different models and base states. While much attention has been given to intermodel differences, the impact of kernel choice has received less scrutiny. Here, we quantify the influence of 10 radiative kernels on feedback estimates from 48 CMIP5 and CMIP6 models. We find that kernel‐related spread is comparable to the intermodel spread in global water vapor and albedo feedbacks, and in polar regions, the kernel‐induced spread for cloud feedbacks is also comparable to the model spread. We show that differences in the base climate state used to derive kernels are an important source of this spread. Our results suggest that we should account for uncertainties due to kernel choice, particularly in polar amplification studies."
10.1029/2026GL123233,False,Geophysical Research Letters,该论文主要研究南半球冬季副热带急流的结构维持机制，涉及大气动力学和环流分析，但并未直接涉及大气环境遥感技术，如空气质量监测、卫星观测或大气成分分析等。,"['subtropical jet', 'angular momentum', 'tropical convection']",Orli Lachmy;Ian White,The Maintenance of the Longitudinal Subtropical Jet Structure During Austral Winter,"The austral winter subtropical jet maintenance is analyzed by comparing the observed upper tropospheric zonal momentum budget with an idealized aquaplanet model simulation with localized tropical heating in the summer hemisphere. The model and observations show great similarity, demonstrating the dominant role of localized tropical convection in shaping the longitudinal jet structure. In both observations and the model, localized tropical convection drives a meridional flow toward the winter pole, which advects angular momentum to the upstream side of the subtropical jet, while the downstream side is maintained by zonal advection. Angular momentum is approximately conserved up to 20° ${}^{\circ}$S in the poleward flow region, which is the Indian Ocean sector in the observations. The subtropical jet is in geostrophic balance with a stationary Rossby wave driven by tropical convection, with an anticyclone northwest of the subtropical jet, and a cyclone southeast of it."
10.1029/2026GL124354,True,Geophysical Research Letters,该论文研究了气候变化下加拿大阿尔伯塔省的输电线路扩张与野火风险的评估，涉及火灾天气条件（如高温、干旱、大风）的环境变量监测和未来预测，这与大气环境遥感技术中的空气质量监测、气象条件分析密切相关。,"['fire weather', 'EPFs', 'CMIP6']",Xuezheng Zong;Xianli Wang;Dante Castellanos‐Acuna;Tom Swystun;Mike D. Flannigan,"Assessing Wildfire Hazard for Powerline Expansion Under the Changing Climates in Alberta, Canada","Escaped powerline‐caused fires (EPFs) are increasing in fire‐prone regions, including Alberta, Canada, underscoring growing tensions between expanding powerlines and managing wildfire risk. As fire‐conducive weather becomes more frequent, it remains unclear how future infrastructure can be planned to minimize wildfire risk. Here, we developed predictive models using routinely monitored environmental variables and projected future conditions conducive to EPFs for 2041–2100 using CMIP6‐derived fire weather projections for Alberta. We then identified low‐fire hazard areas for powerline expansion based on the patterns of EPF probability. We found that EPF days become more frequent and persist longer under compound hot, dry, and windy conditions, increasing by 8–15 days per year by late century relative to 1991–2020. More than 30% of the landscape remains consistently unsuitable for powerline expansion because of high EPF probability, whereas very low‐fire hazard areas are limited and account for less than 16% of the study area."
10.1029/2026JD047121,True,Journal of Geophysical Research: Atmospheres,该论文研究了印度尼西亚地表站点的昼夜循环，涉及温度、湿度、气压、风和降水等大气参数，这些参数与空气质量监测、大气成分分析等遥感技术密切相关。虽然论文没有直接提到卫星观测或空气污染物，但其研究内容（如昼夜循环、大气潮汐、降水模式）与大气环境遥感技术高度相关。,"['surface stations', 'diurnal cycle', 'atmospheric tides', 'rainfall', 'wind speed']",Khafid Rizki Pratama;Furqon Alfahmi;Muhammad Husein Nurrahmat;Nelly Florida Riama;Chidong Zhang,Probabilistic Baseline Diurnal Cycle at Indonesian Surface Stations,"Previous studies highlight strong influences of large‐scale synoptic, intraseasonal, and seasonal perturbations on the diurnal cycle of the Indo‐Pacific Maritime Continent (MC). Isolating local diurnal forcing of insolation from other effects can be difficult. To address this difficulty, we introduce two new concepts: the probabilistic diurnal cycle and the coastal baseline diurnal cycle. The probabilistic approach is applicable to non‐Gaussian variables, such as rainfall and wind speed. Using seven years of observations from 31 surface stations across Indonesia, we establish the baseline diurnal cycle by identifying patterns of high probabilities across daily hours. In this baseline diurnal cycle, surface temperature rises from an early‐morning minimum to a midday peak. Weak land breezes transition to strong sea breezes in the morning, with wind speeds peaking shortly after noon before land breezes return in the late afternoon. Specific humidity plateaus near midday after its early‐morning minimum. Surface pressure exhibits a clear semidiurnal cycle driven by atmospheric tides. Rainfall typically peaks in the afternoon and reaches a minimum in the morning. This baseline diurnal cycle, primarily driven by local diurnal forcing (insolation), exists at 24 of the 31 surface stations. A significant deviation from the baseline occurs at a few stations where rainfall peaks in the early morning. This deviation appears randomly distributed in space, and its controlling mechanisms likely reside outside the atmospheric boundary layer. Processes that determine the location of the persistent early‐morning peak in rainfall warrant further investigation."
10.1029/2025JD046249,True,Journal of Geophysical Research: Atmospheres,该研究涉及复杂地形对强降水事件中尺度对流初生的影响，使用了雷达观测、NCEP GFS 分析和 WRF 模拟等手段，探讨了地形相关的热力和动力学触发机制，属于大气环境遥感技术中的大气成分分析和动力学研究范畴。,"['convective initiation', 'heavy rainfall', 'terrain effects', 'WRF model', 'atmospheric dynamics']",Yuehan Zhang;Xin Xu;Xiuping Yao;Peng Wei,"Synergetic Dynamical and Thermal Effects of Complex Terrain in Convection Initiation of a Heavy Rainfall Event in Ya'an, Southwest China","Ya'an is located in the transition zone between the eastern Tibetan Plateau and the Sichuan Basin (SB), featuring a distinct trumpet‐shaped terrain. This complex topography provides unique thermodynamic and dynamic conditions for convective initiation (CI), with highly intricate mechanisms. Based on radar observations, National Centers for Environmental Prediction (NCEP) Global Forecast System (GFS) analysis and forecast data, and high‐resolution simulations using the Weather Research and Forecasting (WRF) model, this study investigates the terrain‐related triggering mechanisms of a heavy rainfall event that occurred on the southwestern slope of Ya'an on 19 July 2024. Results indicate that convection was initiated over the southwestern slope between 19:00 and 20:00 BJT, with the initiation process jointly modulated by local thermal and dynamic effects. In the daytime, the northwestern slope exhibited a pronounced “heat‐pump” effect due to solar short‐wave radiative heating, enhancing the upslope flow. In the evening, downslope winds developed at the foot of the northwestern slope and extended toward the central SB. This thermally‐forced downslope flow acted to strengthen the dynamical blocking effect of the northwestern slope for the low‐level southeasterly flow from the southeastern SB, which was thus forced to turn leftward, forming barrier‐jet‐like northeasterly winds. In consequence, the upslope lifting on the southwestern slope was enhanced, thereby triggering the convection of the heavy rainfall event. This study elucidates the key mechanisms governing nocturnal CI in this complex terrain region, highlighting the importance of coupling between orographic thermal and dynamical processes."
10.1029/2025JD045785,True,Journal of Geophysical Research: Atmospheres,该论文研究了野火如何改变局部大气条件，特别是火引起的逆流 turbulence 的空间范围和频率依赖特性。这直接与大气环境遥感技术相关，因为理解火引起的 turbulence 对于监测空气质量（如烟雾和颗粒物分布）至关重要。论文使用了高频率水平风速数据来分析火与大气耦合的现象，这与遥感技术中监测大气成分和湍流的方法密切相关。,"['wildfires', 'atmospheric turbulence', 'turbulence', 'fire-atmosphere coupling', 'air quality monitoring']",Gitesh Wasson;Marwan Katurji;Peyman Zawar‐Reza;Andres Valencia;Jiawei Zhang;Tara Strand;H. Grant Pearce;Jessica Kerr,Fire‐Atmosphere Coupling Starts Upwind: Selective Redistribution of Turbulence at the Fire‐Induced Rear Inflow,"Wildfires alter local atmospheric conditions, yet the spatial extent and frequency‐dependent characteristics of fire‐induced inflow perturbations remain largely unquantified. This study applies Multivariate Empirical Mode Decomposition (MEMD) to analyze high‐frequency horizontal wind speed data from a tower positioned at varying distances (∼80–410 m) upwind of three wind‐driven experimental burns in gorse shrub fuels in Rakaia Valley, New Zealand. Measurements at 3‐m, 15‐m, and 30‐m above ground level (AGL) captured rear‐inflow variability across three distinct fire‐atmosphere regimes characterized by ambient wind speeds and flame heights. Wind speed was decomposed into intrinsic mode functions (IMFs) to characterize the multiscale energy distribution of turbulence pre‐, during, and post‐fire, across temporal scales from seconds to hours. This work introduces the novel finding that fire‐atmosphere coupling manifests upwind as selective spectral redistribution rather than uniform turbulence amplification, revealing how fires reorganize atmospheric energy across specific temporal scales. Fire‐induced perturbations decayed with distance but remained detectable hundreds of meters upwind, with the strongest amplification in high‐frequency bands (3–10 s time periods) at 3‐m AGL. During fire, MEMD revealed enhanced spectral energy in shorter bands (∼15 s–2 min), while longer inflow‐scale patterns (∼2.5–30 min) emerged from extended pre‐ and post‐fire analysis. Vertical velocity statistics independently confirm that buoyancy‐driven turbulence is a first‐order control on this spectral redistribution. These findings demonstrate that fire‐atmosphere feedbacks are fundamentally scale‐selective, with important implications for improving parameterizations of fire‐driven turbulence in coupled models."
10.1029/2025JD044690,True,Journal of Geophysical Research: Atmospheres,该论文研究了丹佛-朱尔斯堡盆地从2015年到2021年乙烷和甲烷排放的显著减少，涉及石油和天然气作业，并使用了傅里叶变换红外光谱技术进行排放监测。这与大气环境遥感技术中的空气质量监测和大气成分分析密切相关，特别是涉及甲烷和乙烷等污染物的排放分析。,"['ethane emissions', 'methane emissions', 'oil and natural gas operations', 'Fourier Transform Infrared Spectroscopy']",Mercy C. Ngulat;Arthur Santos;Anna L. Hodshire;Timothy L. Vaughn;Hannah M. Daley;Russell R. Dickerson;Petter Weibring;Dirk Richter;James Walega;Alan Fried;Daniel Zimmerle,Significant Reduction in Ethane Emissions in the Denver‐Julesburg Basin From 2015 to 2021 From Oil and Natural Gas Operations,"Top‐down studies of methane (CH4) emissions often use the average ethane‐to‐methane (C2/C1) ratio of wellhead gas in a basin to attribute emissions to thermogenic or biogenic sources. Biogenic CH4 sources (ruminants, wetlands, landfills, and other methanogenic sources) do not co‐produce ethane (C2H6); the presence of C2H6 indicates a thermogenic CH4 source. However, the C2/C1 ratio often varies within and across basins, among emitting sources, and facility configurations. This study uses Fourier Transform Infrared Spectroscopy data from exhaust stack tests of both four‐stroke rich‐burn and four‐stroke lean‐burn engines, comparing the relative “destruction efficiency” between the engines and across species. Results show that engines combust heavier hydrocarbons more efficiently than CH4, as evidenced by consistently higher destruction efficiencies for C2H6 across all engine types. The data indicate a preferential destruction of C2H6 relative to CH4; the exhaust gas C2/C1 ratio is consistently lower than the fuel gas C2/C1 ratio. Recent design modifications at O&G production facilities reduced both C2H6 and CH4 emissions, with a more pronounced reduction in C2H6 emissions. In the Denver‐Julesburg basin in Colorado, natural gas production increased by 73.9% from 2015 to 2021. Despite these increases, the companion paper by Daley et al. (2025, https://doi.org/10.22541/essoar.175069495.52092664) shows that top‐down CH4 and C2H6 emissions from oil and natural gas facilities decreased by 25.3% and 63.6%, respectively. The combination of increased production and declining production‐sector emissions suggests that the relative contribution of midstream operations to basin‐wide emissions may have increased during this period."
10.1029/2025JD045770,True,Journal of Geophysical Research: Atmospheres,该论文研究了PM2.5污染物的来源及其对空气质量的影响，使用了PMF和随机森林方法进行源解析，这与大气环境遥感技术中的空气质量监测和污染源分析密切相关。,"['PM2.5', 'air pollution', 'PMF', 'random forest']",Jingying Ma;Yulin Qi;Han Xu;Yufu Han;Jinfeng Ge;Ling Wen;Rui Jin;Chao Ma;Xiaoli Fu;Wei Hu;Junjun Deng;Libin Wu;Jialei Zhu;Pingqing Fu,PMF Coupled With Random Forest Method Reveals Detailed PM2.5 Sources and Their Synergistic Effects on Air Pollution Control,"Understanding the sources of emerging PM2.5 pollution is crucial for developing effective air quality management strategies. This study combines positive matrix factorization (PMF) with random forest (RF) classification to reveal a detailed PM2.5 source identification for both day and night samples collected in Tianjin in 2022, during winter (including the Beijing Olympics period) and summer. When resolving the overlap of organic compounds between combustion and collinear sources, this model achieved accuracy, precision, recall, and F1 scores in a range from 85% to 91% on the independent test data set. Additionally, scenario simulations are applied to investigate the impacts from air pollution control strategies and large‐scale events on different emission sources. This methodology demonstrates the potential of combining receptor models, machine learning, and chemical analysis to identify overlapping air pollution sources, when samples are limited and conventional tracers are not available for PMF. In general, our results enhance the discrimination of the primary contributors to emerging air pollution from both traditional energy and sources, which can further support more flexible and season‐specific pollution control policies."
10.1029/2026EF008723,True,Earth's Future,该论文研究红树林生态系统的碳储存及其边缘效应，虽然不直接涉及大气环境遥感技术，但与大气环境监测相关，因为碳储存是理解气候变化和环境质量的重要指标。,"['blue carbon', 'mangrove forests', 'carbon storage', 'edge effects', 'fragmentation']",Ziqi Zhao;Mingming Jia;Luhe Wan;Rong Zhang;Chuanpeng Zhao;Chunying Ren;Yanbiao Xi;Tingyu Lu;Zongming Wang,Significant Decline in Carbon Storage at the Edges of Mangrove Forest,"Quantitative analysis of blue carbon stored in mangrove ecosystems is essential for understanding their role in climate change mitigation. However, the impacts of edge effects in fragmented mangrove forests are often overlooked in large‐scale blue carbon assessments. In this study, we present the first global‐scale quantitative assessment of how edge effects influence carbon storage in Ramsar‐protected mangrove forests, emphasizing both the necessity of incorporating these effects into carbon assessments and their variability across different fragmentation gradients. Specifically, we identified three distinct patterns of edge effects along fragmentation gradients, each further divided into six scenarios based on biomass decay rate dynamics. Our results indicate that the estimated edge‐effect penetration distances were less than 100 m in approximately 63.37% of the studied Ramsar‐protected mangrove forests. In these edge zones, biomass declines by an average of 5.15% compared with interior zones. Neglecting such edge effects has likely led to an overestimation of Ramsar‐protected mangrove carbon stocks by about 2.08 Tg C. These findings underscore the importance of accurately accounting for edge effects in mangrove carbon assessments, as their omission can substantially bias carbon storage estimates and, in turn, hinder effective management of blue carbon ecosystems."
10.1038/s41586-026-11081-7,False,Nature,该论文的标题和摘要都与大气环境遥感技术无关，而是关于表观遗传学中组蛋白去甲基酶在急性淋巴细胞白血病中的作用，属于生物医学领域。,[],Panagiotis Ntziachristos;Aristotelis Tsirigos;G. Grant Welstead;Thomas Trimarchi;Sofia Bakogianni;Luyao Xu;Evangelia Loizou;Linda Holmfeldt;Alexandros Strikoudis;Bryan King;Jasper Mullenders;Jared Becksfort;Jelena Nedjic;Elisabeth Paietta;Martin S. Tallman;Jacob M. Rowe;Giovanni Tonon;Takashi Satoh;Laurens Kruidenier;Rab Prinjha;Shizuo Akira;Pieter Van Vlierberghe;Adolfo A. Ferrando;Rudolf Jaenisch;Charles G. Mullighan;Iannis Aifantis,Author Correction: Contrasting roles of histone 3 lysine 27 demethylases in acute lymphoblastic leukaemia,"Author Correction: Contrasting roles of histone 3 lysine 27 demethylases in acute lymphoblastic leukaemia 
 "
10.1038/d41586-026-02796-8,False,Nature,该论文标题和摘要均聚焦于医疗人工智能治理中的患者中心化问题，与大气环境遥感技术（如空气质量监测、卫星观测、大气成分分析、气溶胶反演等）无关。,[],Yuan Shen;Linghua Yu,Put patients at the centre of medical AI governance,"Put patients at the centre of medical AI governance 
 Letter to the Editor."
10.1038/d41586-026-02794-w,False,Nature,该论文标题和摘要主要讨论的是尼泊尔灾害与气候变化风险，没有涉及大气环境遥感技术，如空气质量监测、卫星观测、大气成分分析或气溶胶反演等具体技术内容。,[],Ramit Debnath,Nepal disaster is a wake-up call to take compound climate risks seriously,"Nepal disaster is a wake-up call to take compound climate risks seriously 
 Letter to the Editor."
10.1038/d41586-026-02797-7,False,Nature,标题和摘要均未提及与大气环境遥感技术相关的任何内容，如空气质量监测、卫星观测、大气成分分析或气溶胶反演等。,[],Qilin Zhang,Sideline vested interests to reform China’s research,"Sideline vested interests to reform China’s research 
 Letter to the Editor."
10.1038/d41586-026-02795-9,False,Nature,该论文标题和摘要内容与大气环境遥感技术无关，主要讨论的是临床试验结果在预测市场中的限制性投注，属于金融和医疗领域的议题。,[],Thomas J. Hwang;Sarah M. E. Gabriele,Limit bets on clinical-trial outcomes being placed on prediction markets,"Limit bets on clinical-trial outcomes being placed on prediction markets 
 Letter to the Editor."
10.1038/d41586-026-02722-y,False,Nature,该论文标题和摘要主要讨论的是物理学家威廉·汤姆森（开尔文）在温度描述方面的贡献以及研究化石痕迹的价值，与大气环境遥感技术（如空气质量监测、卫星观测、大气成分分析、气溶胶反演）无关。,[],,The Kelvin scale’s creator William Thomson made many scientific advances,"A physics pioneer who provided a new way to describe temperature, and the value of studying fossilized tracks in this week’s pick from the Nature archive. 
 A physics pioneer who provided a new way to describe temperature, and the value of studying fossilized tracks in this week’s pick from the Nature archive. Snippets from Nature’s past."
10.1038/d41586-026-02678-z,False,Nature,该论文标题和摘要主要讨论的是世界银行优先考虑研究结果的可重复性，以及其他机构应发布和验证研究数据和代码的问题。这与大气环境遥感技术（如空气质量监测、卫星观测、大气成分分析、气溶胶检索）没有直接关系。,[],,The World Bank is right to prioritize reproducibility,"The development bank and others are starting to publish and verify the raw data and code accompanying their research-based reports and papers. Other agencies should do the same. 
 The development bank and others are starting to publish and verify the raw data and code accompanying their research-based reports and papers. Other agencies should do the same."
10.1038/d41586-026-02407-6,False,Nature,该论文的主题是关于中国快速临床试验的政策，与大气环境遥感技术（如空气质量监测、卫星观测、大气成分分析、气溶胶反演）无关。,[],Xiaoying You,China’s fast-track clinical trials are in the spotlight after child deaths,"A new government policy seeks to balance innovation and safety. 
 A new government policy seeks to balance innovation and safety."
10.1038/d41586-026-02497-2,False,Nature,该论文的标题和摘要主要关注基因治疗在中国的伦理和法律问题，与大气环境遥感技术（如空气质量监测、卫星观测、大气成分分析、气溶胶反演等）无关。,[],Rachel Fieldhouse,Two children died from gene therapies in China: where the field goes next,"Strengthened laws should help to ensure future deaths are quickly disclosed to the public, but China’s reputation for such research is at risk. 
 Strengthened laws should help to ensure future deaths are quickly disclosed to the public, but China’s reputation for such research is at risk."
10.1038/d41586-026-02457-w,False,Nature,该论文标题和摘要主要讨论的是神经科学家转向政策倡导的原因，与大气环境遥感技术（如空气质量监测、卫星观测、大气成分分析、气溶胶反演）无关。因此，该论文与大气环境遥感技术不强相关。,[],Alissa de Chassey,Why this neuroscientist is taking the plunge into science advocacy,"As funding cuts reshape the US research landscape, Stefano Cataldi is turning towards policy and advocacy work to defend science. 
 As funding cuts reshape the US research landscape, Stefano Cataldi is turning towards policy and advocacy work to defend science."
10.1038/d41586-026-02803-y,False,Nature,该论文的主题是生物医学数据的存储和安全问题，与大气环境遥感技术（如空气质量监测、卫星观测、大气成分分析、气溶胶反演等）没有直接关联。,[],Diana Kwon,A data leak shut a top research biobank: lessons from the recovery,"The UK Biobank is imposing new safety measures after a security incident, but safeguarding biomedical data while enabling researcher access remains a challenge. 
 The UK Biobank is imposing new safety measures after a security incident, but safeguarding biomedical data while enabling researcher access remains a challenge."
10.1038/d41586-026-02835-4,False,Nature,该论文与大气环境遥感技术无关，主要涉及人工智能模型AlphaGenome预测人类基因组中每个DNA碱基改变的后果，属于生物信息学和基因组学领域。,[],Ewen Callaway,DeepMind’s new genome ‘atlas’ charts effects of all 9 billion human gene mutations,"AI model AlphaGenome forecasts the consequences of altering every single DNA letter in the human genome. 
 AI model AlphaGenome forecasts the consequences of altering every single DNA letter in the human genome."
10.1038/d41586-026-02842-5,False,Nature,该论文与大气环境遥感技术无关，主要讨论的是AI在流体物理学中的应用，解决数学难题，与空气质量监测、卫星观测等主题无关。,"['AI', 'physics of fluids', 'mathematics']",Davide Castelvecchi,OpenAI claims huge maths breakthrough on a famed ‘Millennium Problem’,"The company says it has cracked the physics of fluids using AI, solving one of the toughest puzzles in mathematics. 
 The company says it has cracked the physics of fluids using AI, solving one of the toughest puzzles in mathematics."
10.1038/d41586-026-02802-z,False,Nature,该论文主要关注天文学领域，特别是Nancy Grace Roman这位天文学家的贡献，与大气环境遥感技术（如空气质量监测、卫星观测、大气成分分析、气溶胶反演）没有直接关系。,[],Robert W. Smith,‘Mother of Hubble’: how Nancy Grace Roman ushered in a new era of astronomy,"The scientist honoured by the newest telescope in space spearheaded a pioneering programme as NASA’s first chief astronomer. 
 The scientist honoured by the newest telescope in space spearheaded a pioneering programme as NASA’s first chief astronomer."
10.1038/d41586-026-02807-8,False,Nature,该论文的主题是关于国家如何在不损害未来世代利益的情况下实现经济增长，涉及的是可持续发展、资本投资和环境保护等宏观经济学议题，与大气环境遥感技术（如空气质量监测、卫星观测、大气成分分析、气溶胶反演等）没有直接关系。,[],Eoin McLaughlin,How countries can grow without impoverishing future generations,"Governments should invest to develop all types of capital, and not just income, to improve the lives of future citizens and to protect the planet. 
 Governments should invest to develop all types of capital, and not just income, to improve the lives of future citizens and to protect the planet."
10.1038/d41586-026-02831-8,False,Nature,该论文标题和摘要主要讨论的是实验室设备（如本生灯）在现代实验室中的地位以及生物医学研究方向的转变，与大气环境遥感技术无关。因此，该论文与大气环境遥感技术不相关。,[],Flora Graham,Daily briefing: Bunsen burners don’t waft bacteria away from workbenches,"A new study could fuel debate about whether the Bunsen burner still has a place in the modern lab. Plus, the United States is shifting a huge swathe of biomedical research to the military and boat-bashing orcas are just having a good time. 
 A new study could fuel debate about whether the Bunsen burner still has a place in the modern lab. Plus, the United States is shifting a huge swathe of biomedical research to the military and boat-bashing orcas are just having a good time."
10.1038/d41586-026-02812-x,False,Nature,该论文的主题是迷幻药裸盖菇素在小鼠中预防化疗引起的神经病变，与大气环境遥感技术（如空气质量监测、卫星观测、大气成分分析、气溶胶反演）无关。,[],Flora Graham,Daily briefing: Psilocybin blocks side-effect of chemotherapy in mice,"Two doses of psilocybin completed prevented debilitating neuropathy in mice. Plus, a new direction for ‘time’s arrow’ and this year’s fun and thought-provoking Ig Nobel prizes. 
 Two doses of psilocybin completed prevented debilitating neuropathy in mice. Plus, a new direction for ‘time’s arrow’ and this year’s fun and thought-provoking Ig Nobel prizes."
10.1038/s41467-026-77493-1,False,Nature Communications,这篇论文研究的是使用3D打印技术在芯片上制造金属微电感器，主要应用于射频电子领域。虽然射频技术可以与大气环境遥感技术中的某些部分（如传感器和通信）间接相关，但论文的核心内容并未涉及大气环境监测、卫星观测、大气成分分析或气溶胶检索等具体技术或应用，因此与大气环境遥感技术的关联性不强。,"['microinductors', 'radio frequency', 'electrodeposition']",Alessandro Paghi;Farbod Abazar;Valeria Lazzoni;Angelica Masi;Sabrina Rotundo;Danilo Brizi;Agostino Monorchio;Giuseppe Barillaro,On-chip 3D printing of metal microinductors for radio frequency electronics,"Researchers use precision electrodeposition to 3D print copper microinductors directly onto chip contact pads. By extending above the chip surface, the coils decouple inductance from planar silicon area while maintaining inductive operation up to 15 GHz. 
 On-chip inductors are essential components of radio-frequency integrated circuits, yet their large footprint and limited scalability constrain chip miniaturization and increase manufacturing costs. Here we show a method for integrating three-dimensional metal microinductors directly onto chip contact pads using high-precision electrodeposition. The resulting freestanding coils extend above the chip surface, decoupling their inductance from the planar silicon area they occupy. We fabricate copper microsolenoids with different geometries directly on test chips and characterize their electrical performance over a broad frequency range. The microsolenoids exhibit inductance in the nanohenry range, quality factors of up to 18, and retain inductive behaviour up to 15 GHz, in agreement with electromagnetic simulations. The process is maskless and can be applied after standard chip fabrication without modifying the underlying circuit design, providing a route towards smaller, more scalable, and potentially lower-cost radio-frequency integrated circuits. Researchers use precision electrodeposition to 3D print copper microinductors directly onto chip contact pads. By extending above the chip surface, the coils decouple inductance from planar silicon area while maintaining inductive operation up to 15 GHz."
10.1038/s41467-026-77399-y,False,Nature Communications,该论文研究的是视网膜在视觉处理中的作用，涉及神经科学和计算神经科学领域，与大气环境遥感技术（如空气质量监测、卫星观测、大气成分分析、气溶胶反演等）无关。,[],Luke Taylor;Friedemann Zenke;Andrew J. King;Nicol S. Harper,Temporal prediction captures retinal spiking responses across animal species,"Functional roles of retina in visual processing are not fully understood. This paper shows that a spiking neural network model trained to efficiently predict future visual input captures many features of retinal activity and does so better than one trained to efficiently encode only the current visual input. 
 The retina’s role in visual processing has been viewed as two extremes: an efficient compressor of incoming visual stimuli, akin to a camera, or a predictor of future stimuli. Addressing this dichotomy, we developed a spiking neural network model of the retina trained on natural movies under metabolic-like constraints to either encode the present or to predict future scenes. When optimized for efficient temporal prediction ~100 ms into the future, the model not only captures retina-like receptive fields and their mosaic-like organizations, but also exhibits complex retinal processes such as latency coding, motion anticipation, differential motion tuning, and stimulus-omission responses. Notably, the temporal prediction model also accurately predicts the way retinal ganglion cells respond across different animal species to natural images and movies. Our findings suggest that the retina is not merely a compressor of visual input, but rather is fundamentally organized to provide the brain with foresight into the visual world. Functional roles of retina in visual processing are not fully understood. This paper shows that a spiking neural network model trained to efficiently predict future visual input captures many features of retinal activity and does so better than one trained to efficiently encode only the current visual input."
10.1038/s41467-026-77357-8,False,Nature Communications,该论文研究的是乳腺癌细胞的接触渗透和集体运动机制，与大气环境遥感技术（如空气质量监测、卫星观测、大气成分分析、气溶胶反演等）无关。,[],Leonardo Barzaghi;Camillo Mazzella;Chiara Guidolin;Joseph Ackermann;Edoardo Bellini;Andrew E. Massey;Stefano Villa;Emanuela Frittoli;Brenda J. Green;Andrea Palamidessi;Angela Cattaneo;Angela Bachi;Valeria Cancila;Claudio Tripodo;Simona Polo;Roberto Cerbino;Alexander X. Cartagena-Rivera;Raphaël Voituriez;Fabio Giavazzi;Giorgio Scita,Contact percolation governs collective motility via mechano-chemical feedback in heterogeneous breast cancer,"Percolation describes how network components become progressively more interconnected until they form a connected cluster. Here, the authors discover that contact percolation controls motility and phenotype switching in heterogenous populations of breast cancer cells. 
 Breast carcinomas are heterogeneous tissues containing cell populations with distinct molecular programs and mechanical states. How this heterogeneity drives collective invasion remains unclear. Tissue fluidization, the shift from a crowded, solid-like state to a more deformable and mobile one, promotes collective motion of cancer cells. Using percolation theory, which explains how connected clusters generate system-wide behavior, here we show that a critical fraction of motile cells expressing RAB5A, a membrane-trafficking regulator, triggers an abrupt transition to coordinated, flock-like movement in heterogeneous breast cancer monolayers. Above this threshold, RAB5A cells form connected networks that mechanically and chemically reprogram neighboring control cells. Under these conditions, control cells acquire aligned migratory protrusions, soften and elongate through E-cadherin-dependent EGFR–MAPK signaling. They further activate a STAT1/STAT2-dependent inflammatory gene program through both cell contact and soluble signals. Our findings reveal a mechano-chemical switch through which local tumor heterogeneity organizes tissue-wide fluidization, inflammation and invasive behavior in breast cancer. Percolation describes how network components become progressively more interconnected until they form a connected cluster. Here, the authors discover that contact percolation controls motility and phenotype switching in heterogenous populations of breast cancer cells."
10.1038/s41467-026-77430-2,False,Nature Communications,该论文主要研究Ki-67蛋白在神经元中调控异染色质组织的作用，涉及神经发育和疾病机制，与大气环境遥感技术（如空气质量监测、卫星观测、大气成分分析、气溶胶反演）没有直接关系。,"['heterochromatin', 'neurons', 'phase separation']",Lannah S. Abasi;Challana Tea;Rushabh Bhakta;Donald Le;Tien M. Phan;Jeetain Mittal;Cole J. Ferguson;Galia T. Debelouchina,Ki-67 regulates heterochromatin organization in neurons and forms condensates with heterochromatic components,"Chromatin organisation is critical for neuronal function, and its disruption is linked to neurodevelopmental disease. Here, the authors show that Ki‑67 regulates heterochromatin compartment organisation and promotes HP1α-chromatin condensation, implicating phase separation in both normal neurodevelopment and ANAPC7 syndrome. 
 The dysregulation of chromatin organization has been associated with numerous forms of neurological disease. In the ANAPC7 neurodevelopmental syndrome, a disease mechanistically linked to defective proteasomal degradation, the mitotic protein Ki-67 accumulates abnormally in heterochromatin compartments. Here, we investigate Ki-67’s role in heterochromatin through in vivo examination of neurons from two relevant genetic mouse models, in vitro assays and computational studies. We find that Ki-67 modulates the size and number of heterochromatin compartments in neurons. Furthermore, we demonstrate that an engineered Ki-67 construct enhances the propensity of HP1α and nucleosome arrays to form condensates in vitro, a process that is mediated through a complex network of electrostatic interactions and is robust to relevant histone post-translational modifications. These observations suggest that Ki-67 may regulate heterochromatin through a phase separation mechanism involving additional heterochromatin components, thus providing insights into the roles of Ki-67 during both typical neurodevelopment and in disease. Chromatin organisation is critical for neuronal function, and its disruption is linked to neurodevelopmental disease. Here, the authors show that Ki‑67 regulates heterochromatin compartment organisation and promotes HP1α-chromatin condensation, implicating phase separation in both normal neurodevelopment and ANAPC7 syndrome."
10.1038/s41467-026-77133-8,False,Nature Communications,该论文研究的是通过髓过氧化物酶介导的抗氧化黑色素纳米药物进行炎症靶向治疗，与大气环境遥感技术（如空气质量监测、卫星观测、大气成分分析、气溶胶反演）无关。,"['myeloperoxidase', 'melanin nanomedicines', 'chronic inflammation']",Yiming Li;Tianjiao Zhao;Shuya Wang;Qiaohui Chen;Yongqi Yang;Xiaojing Shi;Xiangping Song;Hao Wu;Yi Luo;Momo Cao;Qiong Huang;Wei Wu;Kelong Ai,Precision inflammation targeting via myeloperoxidase mediated antioxidant melanin nanomedicines for chronic inflammation therapy,"Chronic inflammation threats health due to unspecific drugs. Here the authors show in hepatopulmonary syndrome and inflammatory bowel disease models, an anti-inflammatory melanin nanomedicine platform that targets inflamed tissues and is mediated by myeloperoxidase. 
 Chronic inflammation represents a great threat to human health, yet the lack of site-specific therapies often leads to suboptimal efficacy and serious side effects. Here we report an inflammatory targeting strategy leveraging myeloperoxidase (MPO), a well-established pathological marker elevated in inflamed tissues, mediated accumulation of melanin nanomedicines (MNMs) in inflammatory tissues. We demonstrate that MPO mediates the precise targeting of MNMs to inflammatory tissues. MNMs treatment significantly improved survival rate of hepatopulmonary syndrome (HPS) rat model compared with the standard antioxidant N-acetylcysteine (NAC) and the Tumor Necrosis Factor-α (TNF-α) monoclonal antibody Infliximab. Meanwhile, this strategy also demonstrated robust therapeutic efficacy in the mouse model of chronic inflammatory bowel disease (IBD), highlighting its broad potential for managing chronic inflammatory conditions. The MNM platform is amenable to the loading of additional therapeutic agents for synergistic effects. Our work establishes an MPO-mediated nanomedicine targeting strategy that may serve as a blueprint for developing next-generation precision anti-inflammatory therapies. Chronic inflammation threats health due to unspecific drugs. Here the authors show in hepatopulmonary syndrome and inflammatory bowel disease models, an anti-inflammatory melanin nanomedicine platform that targets inflamed tissues and is mediated by myeloperoxidase."
10.1038/s41467-026-77579-w,False,Nature Communications,该论文研究的是声学拓扑态和声子器件，与大气环境遥感技术（如空气质量监测、卫星观测、大气成分分析、气溶胶反演）无关，因此不相关。,"['acoustic metagrating', 'topological Jackiw-Rebbi states', 'sound radiation']",Yi-Fei Xia;An Chen;Ting Zhang;Jing Yang;Bin Liang;Johan Christensen;Jian-Chun Cheng,Acoustic topological Jackiw–Rebbi states at symmetry broken interfaces,"Topological interface states usually rely on explicit symmetry breaking. Here, authors show that spontaneous symmetry breaking at an acoustic metagrating interface generates topological Jackiw-Rebbi states, enabling robust, highly directional sound radiation. 
 Topological insulators, a fundamental concept in modern condensed matter physics, support localized states at the interfaces between insulators exhibiting different topological phases, which conventionally rely on explicit symmetry breaking. Here, we propose a mechanism to induce a real-space topological phase transition by spontaneous symmetry breaking, thereby establishing a weakly-coupled non-Hermitian double-well potential to generate a nontrivial Jackiw-Rebbi state. This state arises from intrinsic perturbations that trigger exceptional points at the interface, exhibiting unique robustness ensured by band degeneracy in complex band structure. By constructing an acoustic topological metagrating, we observe the Jackiw-Rebbi state with a constant phase jump that propagates along the metagrating surface, distinct from conventional localized topological modes, and experimentally demonstrate high-directivity topological radiation with an intensity enhancement of 20 dB and a divergence angle of 0.1 rad. Our findings open avenues for delocalized wavefront manipulation via the interplay between topology and symmetry, paving the way for engineering new acoustic topological devices for applications in filtering, sensing, and energy harvesting. Topological interface states usually rely on explicit symmetry breaking. Here, authors show that spontaneous symmetry breaking at an acoustic metagrating interface generates topological Jackiw-Rebbi states, enabling robust, highly directional sound radiation."
10.1038/s41467-026-77270-0,False,Nature Communications,该论文研究的是锆钛酸钡/锆钛酸锶超晶格在硅上的生长及其极性涡旋管的稳定性和温度行为，属于材料科学和凝聚态物理领域，与大气环境遥感技术（如空气质量监测、卫星观测、大气成分分析、气溶胶反演等）没有直接关系。,"['BaTiO3', 'SrTiO3', 'superlattices', 'polar vortices', 'silicon']",Valentin Väinö Hevelke;Ines Häusler;Aiden Ross;Israel Ibukun Olaniyan;Sven Wiesner;Minh Anh Luong;Leifeng Zhang;Sylvie Schamm-Chardon;Kristiane Elsner;Benedikt Haas;Adnan Hammud;Florian Bertram;Christoph T. Koch;Long-Qing Chen;Dong-Jik Kim;Catherine Dubourdieu,Periodic polar vortices in BaTiO<sub>3</sub>/SrTiO<sub>3</sub> superlattices monolithically grown on silicon,"The authors present the stabilization of polar vortex tubes in epitaxial BaTiO3/SrTiO3 superlattices monolithically grown on silicon, and their temperature behavior. Phase field simulations give insight into the strain-dependent evolution of the polar domains. 
 Polar textures in ferroelectric superlattices have been so far reported almost exclusively in PbTiO3-based systems and predominantly on oxide substrates. Owing to their nanometer-scale dimensions and emergent functionalities, whirling topological polar textures would be especially compelling when realized on silicon with Complementary-Metal-Oxide-Semiconductor-compatible materials. Here, we demonstrate the stabilization of vortex tubes in BaTiO3/SrTiO3 superlattices epitaxially grown on silicon. The vortices in each BaTiO3 layer order along the <$$110$$> BaTiO3 crystallographic directions, forming an in-plane 90-degree stripe pattern. This polar configuration represents the ground state of the system as shown by phase field modelling and further validated by temperature dependent X-ray diffraction. Phase field modelling shows a strong dependence of the domain morphology on the strain and highlights the elastic and electrostatic coupling of the BaTiO3 and SrTiO3 layers. Our findings expand the materials and substrate platforms known to host polar topological textures, opening new opportunities for integrating complex ferroelectric states with silicon-based technologies. The authors present the stabilization of polar vortex tubes in epitaxial BaTiO3/SrTiO3 superlattices monolithically grown on silicon, and their temperature behavior. Phase field simulations give insight into the strain-dependent evolution of the polar domains."
10.1038/s41467-026-77383-6,False,Nature Communications,该论文研究的是口腔微生物群落中Arginine代谢的互惠策略，与大气环境遥感技术（如空气质量监测、卫星观测、大气成分分析、气溶胶反演）无关。,[],Fangjie Zhou;Yajie Wu;Xian Peng;Yuqing Li;Wenyao Nie;Xiao Wang;Biao Ren;Jiyao Li,Arginine metabolism as a mutualistic strategy in the interaction between <i>Porphyromonas gingivalis</i> and <i>Filifactor alocis</i>,"Complex microbial communities are often shaped by cooperation. Here, the authors show that high arginine levels suppress the periodontal pathogen Porphyromonas gingivalis, while Filifactor alocis helps it persist by breaking down arginine, revealing a metabolic partnership. 
 Metabolic cross-feeding is a main driver of microbial mutualism under various stresses. Elevated arginine levels in the periodontal microenvironment reshape pathogen physiology. Here, we discovered that increased arginine levels disrupted the intracellular amino acid metabolism of the periodontal pathogen Porphyromonas gingivalis by repressing glutamate dehydrogenase activity and α-ketoglutarate production via the accumulation of NH3. This perturbation inhibited P. gingivalis growth and was accompanied by increased expression of the PorX/PorY-associated T9SS and enhanced small-peptide acquisition. Given the frequent co-occurrence of P. gingivalis and Filifactor alocis in periodontitis, our findings suggested that F. alocis partially relieved arginine-associated growth inhibition of P. gingivalis through ArcA-dependent arginine degradation, thereby promoting its persistence under high-arginine conditions. This cooperative arginine metabolism is critical for the resilience of microbial communities and may serve as a therapeutic target. Complex microbial communities are often shaped by cooperation. Here, the authors show that high arginine levels suppress the periodontal pathogen Porphyromonas gingivalis, while Filifactor alocis helps it persist by breaking down arginine, revealing a metabolic partnership."
10.1038/s41558-026-02737-3,False,Nature Climate Change,该论文主要关注转基因作物的种植和气候变化对农业产量的影响，未涉及大气环境遥感技术，如空气质量监测、卫星观测或大气成分分析等。,"['genetically engineered crops', 'yield', 'climate change']",Caroline Yifan Dong;Chengcheng J. Fei;Bruce A. McCarl;David Zilberman;Xingguo Wang,Genetically engineered crop adoption support yields and cultivation under climate change,"The authors analyse the impacts of the adoption of genetically engineered crops in the USA over 40 years. They show that genetically engineered crop adoption has led to some increases in yield and reduced yield volatility, while also acting as an adaptation against climate change-driven northward shifts. 
 Climate change is altering agricultural production conditions by intensifying heat stress, precipitation extremes and pest pressures. One way of adapting to such changes involves development of plant varieties for increased resilience. Here we conduct a US national-level spatial analysis of the impacts of genetically engineered (GE) crop adoption over the past four decades to show that GE adoption is broadly associated with yield benefits. We show higher yields and lower yield volatility for corn and soybean, with partial attenuation of adverse climate effects on yield, and more modest effects for upland cotton, implying that GE development and associated forces have improved resilience to climate-induced stress. Moreover, GE crop adoption is shown to contribute to dampening the northward shift in US crop cultivation driven by climate change. These results demonstrate that GE crops have functioned not only as productivity-enhancing tools but also as key instruments of climate adaptation. The authors analyse the impacts of the adoption of genetically engineered crops in the USA over 40 years. They show that genetically engineered crop adoption has led to some increases in yield and reduced yield volatility, while also acting as an adaptation against climate change-driven northward shifts."
10.1038/s43247-026-03989-9,True,Communications Earth & Environment,该论文使用卫星观测和动态植被模型来分析亚洲内流盆地中灌溉对植被生产力的驱动作用，涉及卫星观测技术和大气成分分析，因此与大气环境遥感技术密切相关。,"['satellite observations', 'Dynamic Global Vegetation Models', 'Terrestrial Water Storage Anomaly']",Xiaoyu Zhu;Chunyan Cao;Xuanlong Ma;Alfredo Huete;Sicong Gao;Yuxia Liu;Si Gao;Mirco Migliavacca;Yunpeng Luo;Yi Li;Yu Liang;Kaiyue Luo;Kai Yan;Wei Yang,Irrigation drives dryland productivity gains in Asian endorheic basins,"Irrigation-driven greening in Asian endorheic basins has boosted vegetation productivity despite accelerated water depletion, revealing an unsustainable water-carbon trade-off, based on satellite observations and dynamic vegetation model comparisons from 2001 to 2023. 
 The ecologically fragile Asian Endorheic Basins (AEB) recently exhibited a pronounced productivity increase despite regional drying—a paradox known as the ‘greening despite drying’ dilemma. To quantify its drivers, we integrated satellite observations with Dynamic Global Vegetation Models (DGVMs) from 2001 to 2023. We show that 25.2% of the AEB experienced significant productivity gains, heavily driven by rapid irrigation expansion (43.2%), while climate change and CO2 fertilization played minor roles. Crucially, Terrestrial Water Storage Anomaly (TWSA) analysis reveals these gains coincide with accelerated water depletion, confirming an unsustainable water-carbon trade-off where productivity gains are achieved at the expense of regional water storage. Furthermore, state-of-the-art DGVMs significantly underestimated this irrigation-driven productivity trend, incorrectly attributing it primarily to climate change. Our findings underscore the growing dominance of anthropogenic influences in shaping dryland landscapes. This model-observation mismatch highlights an urgent need to improve DGVM representations of irrigation activities and the severe sustainability risks posed by groundwater depletion. Irrigation-driven greening in Asian endorheic basins has boosted vegetation productivity despite accelerated water depletion, revealing an unsustainable water-carbon trade-off, based on satellite observations and dynamic vegetation model comparisons from 2001 to 2023."
10.1038/s43247-026-03985-z,False,Communications Earth & Environment,该论文的主题是水产养殖管理对可持续性的影响，涉及环境和社会结果，而不是大气环境遥感技术。,[],Taryn Garlock;Frank Asche;James L. Anderson;Håkan Eggert;Jordi Guillen;Rasmus Nielsen;Ragnar Tveterås,Management shapes sustainable aquaculture across environmental and social outcomes,"Aquaculture management is the strongest driver of sustainability, but governance, R&amp;D, and infrastructure also matter, and without strong management, infrastructure can undermine environmental outcomes, according to regression tree and random forest analyses of 69 aquaculture systems. 
 As global aquaculture production continues to increase rapidly, there is growing interest in strengthening aquaculture’s performance across multiple sustainability dimensions. However, there has been limited effort to understand the link between different governance factors and the multiple objectives of sustainability, as well as the relative importance of different factors. We analyze a global dataset of 69 aquaculture systems using regression tree and random forest analysis to shed light on how the multiple sustainability dimensions relate to management and other enabling factors. We find that many factors are cross-cutting and contribute to performance in more than one pillar of sustainability. Aquaculture management is a cross-cutting factor that contributes to all three pillars of sustainability and is the most important factor contributing to environmental and social dimensions. The results show that factors not explicit to aquaculture, such as the broader governance and economic conditions, are also important to all three pillars. Achieving sustainable aquaculture was associated with additional elements such as research and development, infrastructure and management inputs. Infrastructure generally supports sustainable development, but without sufficiently strong management, infrastructure investments were associated with weaker environmental outcomes. The results suggest policy makers use multi-faceted approaches to achieve the multiple objectives of aquaculture development. Aquaculture management is the strongest driver of sustainability, but governance, R&D, and infrastructure also matter, and without strong management, infrastructure can undermine environmental outcomes, according to regression tree and random forest analyses of 69 aquaculture systems."
10.1038/s43247-026-03970-6,False,Communications Earth & Environment,该论文主要关注考古学如何帮助阿拉斯加原住民应对气候变化，虽然提到了气候变化和环境正义等与环境相关的话题，但并未涉及大气环境遥感技术，如空气质量监测、卫星观测、大气成分分析或气溶胶质谱仪等具体技术或方法。,[],Charlotta Hillerdal,Community-based archaeology reinforces Indigenous cultural resilience to climate change in Alaska,"Indigenous communities and ancestral heritage in Alaska face escalating climate threats. This Perspective argues that, by validating Indigenous knowledge systems, archaeology can help sustain intergenerational resilience. 
 In this perspective I argue that in an era of climate crisis and persistent colonial injustice, archaeology can no longer remain neutral; it must align with the objectives of disempowered groups. As the Arctic warms at four times the global average, recent U.S. executive actions prioritising fossil fuel extraction disproportionally impact Native communities in Alaska, directly extending colonial legacies. Resilience and strength to cope with change is identified in traditional values and continuation of cultural practices. While the effects of climate change are seen in the physical destruction of ancestral sites by escalating coastal erosion and permafrost degradation, community-embedded archaeology has the potential to strengthen these ties. By validating Indigenous knowledge systems, archaeology can be repositioned as a political ally in the pursuit of environmental justice. In a collaborative environment, archaeological practice serves as a medium for strengthening deep-time ancestral connections, mobilising against systemic climate inaction, and advocating for just futures in a landscape increasingly in flux. Indigenous communities and ancestral heritage in Alaska face escalating climate threats. This Perspective argues that, by validating Indigenous knowledge systems, archaeology can help sustain intergenerational resilience."
10.1038/s43247-026-03923-z,True,Communications Earth & Environment,该论文研究南极浅蓝色冰层中温室气体的光化学反应，涉及大气成分分析和冰芯记录，与大气环境遥感技术（如大气成分分析、冰芯研究）密切相关。,"['greenhouse gases', 'ice cores', 'photochemical processes']",Giyoon Lee;Jinho Ahn;Ikumi Oyabu;Julia M. Peterson;Ivo Strawson;Changhee Han;Motohiro Hirabayashi;Edward J. Brook;Kenji Kawamura;Sangbum Hong,Shallow Antarctic blue ice shows photochemical influence on trapped greenhouse gases,"Photochemical processes may alter trapped greenhouse gases (GHG) in shallow Antarctic blue ice, with implications for interpreting blue-ice GHG records, according to a study combining greenhouse gas, isotopic and geochemical analyses of 11 shallow ice cores from the Larsen blue-ice area. 
 Ice cores are archives that preserve past atmospheric greenhouse gases (GHGs). Trapped GHGs can be modified by post-depositional processes, but the mechanisms responsible for such modifications remain incompletely understood. Here, we show that photochemical reactions may contribute to GHG anomalies observed in the Larsen blue-ice area, East Antarctica. CO2 concentrations decrease with depth and stabilize near 4.60 m depth, while CH4 first increase and then gradually decrease. Total air content and various geochemical data indicate that melting, modern air/aerosol intrusion, and microbial activity are less likely to explain the anomalous GHG concentrations. In contrast, the depletion of δ18Oatm observed in the upper 1–2 m of the blue ice is consistent with photochemical influence. Carbon isotope measurements indicate mixed organic and inorganic sources for excess CO2 and an organic source for excess CH4. These findings suggest that photochemical processes can modify trapped GHGs in shallow exposed blue ice and should be considered when interpreting GHG records from blue-ice areas. Photochemical processes may alter trapped greenhouse gases (GHG) in shallow Antarctic blue ice, with implications for interpreting blue-ice GHG records, according to a study combining greenhouse gas, isotopic and geochemical analyses of 11 shallow ice cores from the Larsen blue-ice area."
None,True,Remote Sensing of Environment,该论文研究了使用Sentinel-5P和EnMAP卫星传感器对格陵兰冰盖上的总水汽柱进行对比分析，这与大气环境遥感技术密切相关，特别是卫星观测和大气成分分析。,"['Sentinel-5P', 'EnMAP', 'total column water vapor', 'Greenland ice sheet', 'spaceborne measurements']",Alexander Kokhanovsky;Luca Lelli;Karl Segl;Jörg Bendix,The intercomparison of total column water vapor over a melting glacier on the Greenland ice sheet derived using spaceborne Sentinel-5P and high spatial resolution EnMAP measurements,
None,True,Remote Sensing of Environment,该论文研究了利用卫星土壤湿度数据在水分限制环境下进行作物生产力异常的次季节预测，这涉及卫星观测技术和大气环境分析，因此与大气环境遥感技术相关。,"['satellite soil moisture', 'sub-seasonal forecasting', 'cropland productivity']",Adebowale Daniel Adebayo;Catherine Nakalembe,Sub-seasonal forecasting of cropland productivity anomalies using satellite soil moisture in water-limited environments,
None,True,Remote Sensing of Environment,该论文标题和摘要表明，该研究关注的是使用Planet Dove卫星监测世界海岸线的能力，这与大气环境遥感技术中的卫星观测和海岸带环境监测相关。虽然摘要未明确提及具体的大气成分分析或空气质量监测，但海岸线监测通常涉及大气与海洋的相互作用，因此仍可认为与大气环境遥感技术有一定关联。,"['Planet Dove', 'coastlines', 'monitoring']",Katherine C. Cavanaugh;Kyle Dorman;Kyle C. Cavanaugh,Capability of Planet Dove for monitoring the world's coastlines,
None,True,Remote Sensing of Environment,该论文研究地表生物量和土壤湿度干旱对基于VOD（植被光学深度）的全球等湿润性估计的影响。VOD是一种通过遥感技术获取的数据，用于分析大气成分和地表水分状况，这与大气环境遥感技术（如空气质量监测、卫星观测和大气成分分析）密切相关。,"['VOD', 'isohydricity', 'biomass', 'soil moisture', 'remote sensing']",Yuanzhizi Deng;Yao Zhang,Effects of aboveground biomass and soil moisture drought on VOD-based global isohydricity estimates,
None,False,Remote Sensing of Environment,该论文研究的是从高分辨率植被指数数据中提取作物物候的知识引导机器学习方法，主要关注的是农业领域，与大气环境遥感技术（如空气质量监测、卫星观测、大气成分分析、气溶胶反演等）没有直接关系。,"['vegetation index', 'crop phenology', 'machine learning']",Ruoque Shen;Qiongyan Peng;Xiangqian Li;Jianxi Huang;Jin Chen;Jie Dong;Xiuzhi Chen;Wenping Yuan,SMFS-RF: a knowledge-guided machine-learning method for crop phenology extraction from fine-resolution vegetation index data,
None,True,Remote Sensing of Environment,该论文与大气环境遥感技术密切相关，因为Landsat系列卫星及其传感器设计（如LandIS）主要用于地球观测和大气成分分析，这些都是大气环境遥感技术的重要组成部分。,"['Landsat', 'LandIS', 'satellite sensor', 'Landsat 10 mission']",Matthew Montanaro;Jeffrey Yee;Edmond Chung;Julie Montoya;Benjamin Turk;Eric Johnson;Andrew Pozo;Evan Haas;Steven Persh;Shawn Serbin;Thomas R. Holmes;Phillip W. Dabney;Bruce D. Cook;Christopher S.R. Neigh,Landsat Instrument Suite (LandIS) sensor design for the Landsat 10 mission,
None,True,Remote Sensing of Environment,该论文研究了城市化、植被和背景气候如何在大尺度上影响地表热岛效应，这与大气环境遥感技术中的空气质量监测、地表温度分析等领域密切相关。,"['urbanization', 'vegetation', 'climate', 'surface urban heat island', 'large scales']",Song Jiang;Yongling Zhao;Lei Zhao;Jan Carmeliet;Jian Peng,"Disentangling diverse findings on how urbanization, vegetation, and background climate shape the surface urban heat island at large scales",
None,True,Remote Sensing of Environment,该论文研究利用成像光谱技术进行物种分类，成像光谱属于遥感技术的一种，虽然主要应用领域是生物多样性，但其技术本身与大气环境遥感技术（如卫星观测、成分分析）有交叉，因此与大气环境遥感技术有一定相关性。,"['imaging spectroscopy', 'species classification', 'remote sensing']",Sofia J. van Moorsel;Bernhard Schmid;Michael Niederberger;Jeremiah Huggel;Michael Scherer-Lorenzen;Uwe Rascher;Alexander Damm;Meredith C. Schuman,Using a planted tree biodiversity experiment to evaluate imaging spectroscopy for species classification,
None,False,Remote Sensing of Environment,该论文标题和摘要主要关注生物多样性科学和保护的领域，涉及生物卫星指数的设计，与大气环境遥感技术（如空气质量监测、卫星观测、大气成分分析、气溶胶反演）无明显关联。,"['bioSat indices', 'biodiversity', 'conservation']",Volker C. Radeloff;Eduarda M.O. Silveira;Akash Anand;Duanyang Liu;Kathleen A. Carroll;Nicholas C. Coops;Gabriel C. Costa;Maxim Dubinin;Laura S. Farwell;Paul R. Elsen;Martina L. Hobi;Elena Razenkova;Naparat Suttidate;Benjamin Zuckerberg;Anna M. Pidgeon,The BioSat indices designed for biodiversity science and conservation,
None,True,Remote Sensing of Environment,该论文比较分析了当代遥感技术和物种分布模型在预测海岸带栖息地空间分布方面的应用，涉及遥感技术在环境监测中的应用，特别是针对海岸带环境的遥感监测，因此与大气环境遥感技术（如空气质量监测、卫星观测、大气成分分析、气溶胶反演）有较强的相关性。,"['remote sensing techniques', 'species distribution modelling', 'coastal habitats']",Louise Forsblom;Ari-Pekka Jokinen;Dimitry Van der Zande;Mihailo Azhar;Dimitar Berov;Jacob Carstensen;Vivi Drakopoulou;Vasilis Gerakaris;Hege Gundersen;Jonne Kotta;Valeria Mobilia;Nadia Papadopoulou;Bogdan Prodanov;Sofia Reizopoulou;Christopher J. Smith;Anna Spinosa;Valentina Todorova;Peter Anton Upadhyay Stæhr;Sanjina Upadhyay Stæhr;Elina A. Virtanen,Comparative analysis of contemporary remote sensing techniques and species distribution modelling in predicting spatial distribution of coastal habitats,
None,True,Remote Sensing of Environment,该论文研究利用地球静止轨道观测技术监测生物质燃烧产生的空气污染物，涉及卫星传感器（GIIRS和GEMS）和区域（东南亚），与大气环境遥感技术密切相关。,"['air pollutants', 'biomass burning', 'GIIRS', 'GEMS', 'Southeast Asia']",Shan Han;Shangyi Liu;Mengya Sheng;Jhoon Kim;Ximin Cui;Minqiang Zhou;Wei Wang;Isamu Morino;Voltaire A. Velazco;Zhao-Cheng Zeng,Geostationary observations of air pollutants from biomass burning: A synergy of GIIRS and GEMS over Southeast Asia,
None,True,Remote Sensing of Environment,该论文使用Sentinel-1和Sentinel-2卫星数据进行田地尺度灌溉估算，并将其与土壤水分平衡模型耦合到水云模型中。这涉及到利用卫星遥感技术对大气环境中的水文过程进行监测和分析，因此与大气环境遥感技术密切相关。,"['Sentinel-1', 'Sentinel-2', 'soil water balance model', 'Water Cloud Model']",Martina Natali;Sara Modanesi;Domenico De Santis;Gabriëlle De Lannoy;Susan Steele-Dunne;Alessia Flammini;Alessio Domeneghetti;Christian Massari,Field-scale irrigation estimation using Sentinel-1 and Sentinel-2 data within a soil water balance model coupled to the Water Cloud Model,
None,False,Remote Sensing of Environment,该论文主要研究的是浑浊的沿海和河口水域中颗粒背向散射、尺寸和悬浮颗粒物的反演算法，虽然涉及到环境监测，但与大气环境遥感技术（如空气质量监测、卫星观测、大气成分分析、气溶胶反演）关系不大。,"['particle backscattering', 'size', 'suspended particulate matter']",Juliana Tavora;Amanda de Liz Arcari;Mhd. Suhyb Salama;Cédric G. Fichot;Joshua P. Harringmeyer;Gian Marco Scarpa;Federica Braga;Emmanuel Boss;David Doxaran;Romaric Verney,"An algorithm for the retrieval of particle backscattering, size, and suspended particulate matter in turbid coastal and estuarine waters (MOSAIC)",
None,True,Remote Sensing of Environment,该论文标题和摘要涉及Landsat卫星数据及其在全球范围内的蒸散量产品开发、评估和发布，这属于遥感技术在环境监测中的应用，特别是大气成分和地表过程分析，因此与大气环境遥感技术密切相关。,"['Landsat', 'evapotranspiration', 'global product']",Gabriel B. Senay;Gabriel E.L. Parrish;Kul Khand;Lei Ji;Ray Dittmeier;MacKenzie Friedrichs;John Volk;Charles Morton;Leonardo Laipelt;Stefanie Kagone;Sheila M.V. Cochrane;Jordan Dornbierer;Saeed Arab;Calli Jenkerson;Anderson Ruhoff;Michael Budde,"On-demand global Landsat evapotranspiration product: development, evaluation, and dissemination",
None,True,Remote Sensing of Environment,该论文标题和摘要涉及高分辨率智能碳量化，这与大气环境遥感技术密切相关，如大气成分分析、空气质量监测等。,"['carbon quantification', 'remote sensing', 'atmospheric composition']",Bokyung Son;Taejun Sung;Sejeong Bae;Minki Choo;Jungho Im;Yeonsu Lee;S.M. Sohel Rana;Dongjin Cho;Cheolhee Yoo;Jeonghyun Hong;Hojin Lee;Hyun Seok Kim,"UNIQUE: UNified, high-resolution Intelligent carbon QUantification and Explanation",
None,True,Remote Sensing of Environment,该论文研究了基于无人机系统（UAV）和DART模型的最优观测尺度模型，用于玉米冠层的太阳诱导叶绿素荧光地面测量。虽然主要关注农业和生态领域，但无人机观测和叶绿素荧光测量技术可以应用于大气环境遥感，特别是植物与大气相互作用的研究，因此与大气环境遥感技术有一定相关性。,"['UAV system', 'DART model', 'maize canopy', 'solar-induced chlorophyll fluorescence']",Xiaokang Zhang;Zhaoying Zhang;Linsheng Wu;Yongguang Zhang,Developing the optimal observation scale model for maize canopy solar-induced chlorophyll fluorescence ground measurements based on UAV system and DART model,
None,True,Remote Sensing of Environment,该论文研究的是监测非均匀地表上的辐射传输和方向温度的全球系统，这与大气环境遥感技术密切相关，例如通过遥感手段监测大气成分和空气质量。,"['radiative transfer', 'directional temperatures', 'heterogeneous surfaces']",Shouyi Zhong;Zunjian Bian;Roujean Jean-Louis;Qiang Liu;Juan Cheng;Yongming Du;Hua Li;Jianguang Wen;Qing Xiao,A global system for monitoring radiative transfer and directional temperatures over heterogeneous surfaces,
None,False,Remote Sensing of Environment,该论文研究的是SWOT（空间水表高度任务）获取的水面高程精度，虽然涉及遥感技术，但主题是水文学和水利工程，与大气环境遥感技术（如空气质量监测、卫星观测、大气成分分析、气溶胶反演）关系不大。,"['SWOT', 'water surface elevation', 'accuracy', 'remote sensing']",Rucha Sanjay Deshpande;Tajdarul Hassan Syed;Michael Durand;Steve Coss;Tamlin M. Pavelsky,Identifying regional drivers of variability in SWOT-derived water surface elevation accuracy,
None,True,Remote Sensing of Environment,该研究使用1.5米森林冠层高度的时间序列数据来揭示森林的细尺度干扰，这与大气环境遥感技术中的卫星观测和森林生态系统监测密切相关。,"['forest canopy height', 'time series', 'disturbances']",Martin Schwartz;Fajwel Fogel;Nikola Besic;Damien Robert;Louis Geist;Jean-Pierre Renaud;Jean-Matthieu Monnet;Clemens Mosig;Cédric Vega;Alexandre d’Aspremont;Loic Landrieu;Philippe Ciais,FORMSpoT: Revealing fine-scale forest disturbances from nation-wide 1.5 m forest canopy height time series,
None,True,Remote Sensing of Environment,该论文研究了Landsat和MODIS两种卫星传感器的地表温度数据，关注其角度各向异性对多源LST（地表温度）一致性的影响，这与大气环境遥感技术中的地表参数反演和监测密切相关，因此与大气环境遥感技术相关。,"['Landsat', 'MODIS', 'land surface temperature', 'LST consistency']",Xue Li;Dandan Wang;Huihui Xu;Mengmeng Wang;Ji Zhou;Frank Göttsche;Xiaoyu He;Gaijing Chang;Yue Han,Angular anisotropy of Landsat and MODIS land surface temperature toward multi-source LST consistency,
None,True,Remote Sensing of Environment,该论文研究了在光复杂水域中识别不同浮游植物功能群和大小类别的可能性，这与大气环境遥感技术中的光学遥感方法密切相关，例如通过卫星观测和水质监测。,"['phytoplankton', 'optically complex waters', 'remote sensing']",Tiit Kutser;Karolin Teeveer;Tuuli Soomets;Birgot Paavel;Laura Argus;Ele Vahtmäe;Martin Ligi;Kaire Toming,On the possibility of recognising different phytoplankton functional groups and size classes in optically complex waters,
None,False,Remote Sensing of Environment,该论文研究的是利用SWOT卫星获取的海底重力数据揭示墨西哥湾的地质结构，与大气环境遥感技术（如空气质量监测、卫星观测、大气成分分析、气溶胶反演）无关。,"['marine gravity', 'tectonic structures', 'Gulf of Mexico']",Daocheng Yu;James Pindell;Cheinway Hwang;Xiaoli Deng;Emmy T. Chang;Jinyun Guo,Revealing buried tectonic structures in the Gulf of Mexico using SWOT-derived marine gravity,
None,True,Remote Sensing of Environment,该论文标题和摘要明确涉及气溶胶光学质心高度（AOCH）数据产品，以及从EPIC/DSCOVR卫星获取的深空观测数据。这些内容与大气环境遥感技术密切相关，特别是涉及空气质量监测和卫星观测领域。,"['aerosol optical centroid height', 'EPIC/DSCOVR', 'satellite observations']",Zhendong Lu;Jun Wang;Xi Chen;Meng Zhou;Xiaoguang Xu;Yeonsu Park;Hyerim Kim,Version 2 of hourly aerosol optical centroid height (AOCH) data product from EPIC/DSCOVR in deep space,
None,True,Remote Sensing of Environment,该论文标题和摘要表明，其研究内容涉及从太空监测、量化及分类火山活动，这属于大气环境遥感技术的范畴，特别是利用热成像技术进行火山活动监测。因此，该论文与大气环境遥感技术密切相关。,"['volcanic activity', 'space', 'thermal framework']",S. Aveni;D. Coppola;M. Laiolo,"A synergistic thermal framework for monitoring, quantifying, and classifying volcanic activity from space",
None,False,Remote Sensing of Environment,该论文主要关注利用Landsat数据进行灌溉制图和实际蒸散量估算，结合水文模型来评估大型流域的灌溉动态，以及构建国家层面的灌溉用水会计系统。虽然Landsat是一种遥感技术，但论文的核心内容与大气环境遥感技术（如空气质量监测、卫星观测、大气成分分析、气溶胶反演等）关系不大，更侧重于水文和农业领域。,"['Landsat', 'evapotranspiration', 'hydrological modelling']",Jorge L. Peña-Arancibia;Yingying Yu;Tim R. McVicar;Thomas G. Van Niel;Francis H.S. Chiew;Darin Hodgson;Jamie Vleeshouwer;Aarond Dino;Zachary Brown;Anthony Nadelko,Integrating Landsat-based irrigation mapping and actual evapotranspiration estimates with hydrological modelling to assess regional irrigation dynamics in a large basin experiencing extreme climate variability: Towards a national operational irrigation water accounting system,
None,False,Remote Sensing of Environment,该论文研究的是利用0.4-2 GHz宽带辐射计观测冷海水表面盐度，与大气环境遥感技术（如空气质量监测、卫星观测、大气成分分析、气溶胶反演等）没有直接关系。,"['wideband radiometry', 'surface salinity', 'cold seawater']",Jacqueline Boutin;Jean-Luc Vergely;Stéphane Ferron;Laurent Bertino;Giovanni Macelloni;Marco Brogioni;Emmanuel Dinnat;Lars Kaleschke;Rasmus Tonboe;Yiwen Zhou;Marie-Laure Frery;Valerie Dutto;Katia Nagamine Urata;Matthias Drusch,Beyond L-band: 0.4-2 GHz wideband radiometry for observing surface salinity in cold seawater,
None,False,Remote Sensing of Environment,该论文主要关注玉米病害胁迫的垂直分层异质性表征，涉及模型（SCOPE适应）和传输动力学，但未明确提及大气环境遥感技术，如空气质量监测、卫星观测或大气成分分析等，因此与大气环境遥感技术相关性较弱。,"['maize disease stress', 'vertically stratified heterogeneity', 'SCOPE adaptation']",Binxiang Qian;Wenjiang Huang;Zhijun Zhen;Kehui Ren;Peiqi Yang;Jianbo Qi;Michael Henke;Xiuliang Jin;Lingjing Ouyang;Anting Guo;Jie Bai;Chao Ruan;Tiecheng Huang;Yin Jin;Zhenong Jin,The cmSCOPE-D model: A transmission-dynamics-enabled SCOPE adaptation to characterize vertically stratified heterogeneity of maize disease stress,
None,True,Remote Sensing of Environment,该研究使用GEDI和ICESat-2卫星观测数据来生成热带沼泽地的最优数字高程模型（DTM），这属于遥感技术领域，特别是卫星观测和地形分析。虽然主要关注地形测量，但GEDI和ICESat-2都是用于大气和环境遥感的重要卫星传感器。,"['GEDI', 'ICESat-2', 'DTM']",Yuan Sun;Huan Xie;Xiaohua Tong;Yi Li;Alexander R. Cobb;Rahayu S. Sukri;Muhammad Arif bin Haji Selamat;Hao Tang,A novel method for generating optimal DTM in tropical peatlands using GEDI and ICESat-2 observations,
None,True,Remote Sensing of Environment,该论文研究的是地球矿物表面的轨道成像光谱技术，通过EMIT传感器在两年内的观测结果和稳定性分析。虽然主要关注的是矿物表面，但轨道成像光谱技术是大气环境遥感技术的一种，可以用于大气成分分析、气溶胶检索等，因此与大气环境遥感技术有较强的相关性。,"['orbital imaging spectroscopy', 'EMIT', ""Earth's mineral surface"", 'atmospheric composition analysis']",Marie-Stephane Guillaumont;David R. Thompson;Philip G. Brodrick;Roger Clark;Robert O. Green;Gregory S. Okin,Orbital imaging spectroscopy of Earth’s mineral surface: Results and stability from EMIT’s first two years,
None,True,Remote Sensing of Environment,该论文研究了地球观测基础模型的空间不确定性校准问题，涉及了遥感技术的数据处理和模型构建，与大气环境遥感技术（如空气质量监测、卫星观测等）密切相关。,"['Earth observation', 'latent stochastic regularization', 'spatial uncertainty']",Daniel P. Johnson,Calibrated spatial uncertainty for Earth observation foundation models via Matérn-motivated latent stochastic regularization,
None,False,Remote Sensing of Environment,该论文主要关注叶绿素含量的监测，虽然与植物生理学和环境科学相关，但与大气环境遥感技术（如空气质量监测、卫星观测、大气成分分析、气溶胶反演）没有直接关联。,"['chlorophyll index', 'leaf chlorophyll content', 'monitoring']",Si Gao;Kai Yan;Jinhua Li;Cheng Huang;Xuanlong Ma;Wenjie Fan;Liangyun Liu;Qiao Wang,Structure-resistant chlorophyll index: A novel indicator for leaf chlorophyll content monitoring,
None,False,Remote Sensing of Environment,该论文主要关注从Landsat地表温度数据中提取生物热变量，用于生物多样性应用，与大气环境遥感技术（如空气质量监测、卫星观测、大气成分分析、气溶胶反演）的关联性较弱。,"['Landsat', 'BioThermal', 'surface temperature', 'biodiversity']",Eduarda M.O. Silveira;Anna M. Pidgeon;Volker C. Radeloff,The BioThermal variables derived from Landsat surface temperature data for biodiversity applications,
None,False,International Journal of Applied Earth Observation and Geoinformation,该论文主要关注地质岩体裂缝的轻量级分割，用于地质灾害监测，与大气环境遥感技术（如空气质量监测、卫星观测、大气成分分析、气溶胶反演）关系不大，因此相关性较弱。,"['rock-mass', 'cracks', 'geological hazard']",Qin Bao;Yong Yang;Yongyi Xiang;Heng Zhang,Lightweight segmentation of rock-mass cracks based on anisotropic feature modeling for geological hazard monitoring,
None,True,International Journal of Applied Earth Observation and Geoinformation,该论文标题和摘要中的“光学生物雷达（optical-SAR）”和“土地覆盖分类（land-cover classification）”表明其与大气环境遥感技术密切相关。光学生物雷达技术可用于监测地表覆盖变化，进而对大气环境（如空气质量、植被分布等）进行分析。因此，该论文与大气环境遥感技术（如空气污染监测、卫星观测、大气成分分析等）具有较强相关性。,"['optical-SAR', 'land-cover classification', 'GFS-Net']",Hongkang Tao;Qin Huang;Teng Zhong;Zan Yang;Haobo Qiu;Chen Jiang,GFS-Net: Geometry–frequency synergistic fusion for accurate optical–SAR land-cover classification,
None,True,International Journal of Applied Earth Observation and Geoinformation,该论文研究的是利用多源时间序列数据监测森林生长动态，特别是冠层高度的变化。虽然主要关注点在森林生态学，但冠层高度是大气环境遥感技术中的重要参数，可用于监测植被健康、气溶胶影响等，因此与大气环境遥感技术有一定关联。,"['forest growth', 'canopy height', 'multi-source time series', 'remote sensing']",Hugo de Lame;Thibauld Collet;Pauline Depoortere;Alexia Favaro;Philippe Lejeune;Adrien Michez;Antoine Plumacker;Jérôme Perin;Thomas Pollet;Quentin Ponette;Zoé Rousseau;Arthur Vander Linden;Marie-Pierre Tasseroul;Christian Messier;Jean-François Bastin,Monitoring forest growth dynamics from harmonized multi-source time series of canopy height,
None,False,International Journal of Applied Earth Observation and Geoinformation,该论文主要关注的是在火星上识别高价值着陆椭圆，使用的是连续优化框架和适宜性地图。这与大气环境遥感技术（如空气质量监测、卫星观测、大气成分分析、气溶胶反演）没有直接关系，因此相关性不强。,"['Mars', 'landing ellipses', 'optimization framework', 'suitability map']",Rong Wang;Yongjiu Feng;Yuhao Wang;Yi Zhou;Panli Tang;Jingbo Sun;Yusheng Xu;Chao Wang;Sicong Liu;Zhen Ye;Xiaohua Tong,Identifying high-value landing ellipses on Mars using a continuous optimization framework with suitability map,
None,True,International Journal of Applied Earth Observation and Geoinformation,该论文研究了利用GEDI数据结合空间-光谱特征进行建筑物高度测绘的技术，涉及遥感技术和大气环境监测中的地理信息处理，与大气环境遥感技术（如卫星观测和大气成分分析）有较强的相关性。,"['GEDI', 'building height mapping', 'spatial-spectral characteristics']",Xiao Ma;Yajie Qu;Hexiang Wang;Meiyuan Chen;Chuyi Yang;Guang Zheng;Chi Xu;Yixi Bi,Filtering GEDI footprints based on combined spatial-spectral characteristics for individual building height mapping in 12 major global cities,
None,True,International Journal of Applied Earth Observation and Geoinformation,该论文研究的是用于检测火星上人类活动变化的方法，虽然主题是火星而非地球，但其涉及的“对比引导的层次无监督方法”可以应用于大气环境遥感技术中的变化检测，因此与大气环境遥感技术有一定相关性。,"['Martian', 'anthropogenic changes', 'contrast-guided hierarchical unsupervised method']",Jiang Long;Sicong Liu;Yuxuan Hu;Jiayi Wu;Tao Liu;Yonggang Xiong;Kaiyue Luo;Jie Zhang;Kecheng Du;Huan Xie;Xiaohua Tong,CGHU-CD: A contrast-guided hierarchical unsupervised method for detecting Martian anthropogenic changes,
None,True,International Journal of Applied Earth Observation and Geoinformation,该论文研究卫星与地面闪电融合的空间-时间零模型框架，涉及中国边缘海区域，与大气环境遥感技术（如闪电监测和大气现象分析）密切相关，因此是强相关的。,"['satellite-ground lightning fusion', 'Chinese marginal seas', 'null-model framework']",Nengxing Guo;Li Cai;Wenzhao Lu;Yingpu Xie;Yuheng Niu;Tao Li;Chun Zhao;Shanqiang Gu,A factorial spatial–temporal null-model framework for satellite–ground lightning fusion across Chinese marginal seas,
None,False,International Journal of Applied Earth Observation and Geoinformation,该论文的标题和摘要主要关注虚拟地理场景建模和城市高速公路隧道场景，与大气环境遥感技术（如空气质量监测、卫星观测、大气成分分析、气溶胶反演）没有直接关联。,[],Jinbin Zhang;Jun Zhu;Bowen Yang;Zhihao Guo;Ranran Tang;Tao Jiang;Jigang You,Virtual geographical scene modeling towards geospatial digital twins: A case study of urban highway tunnel scenarios,
None,True,International Journal of Applied Earth Observation and Geoinformation,该论文标题和摘要明确涉及从太空探测甲烷并估算其排放量，使用了PRISMA、EnMAP和GHGSat等卫星传感器，这与大气环境遥感技术（如空气质量监测、卫星观测、大气成分分析、气溶胶反演）密切相关，因此是强相关的。,"['Methane', 'space', 'PRISMA', 'EnMAP', 'GHGSat']",Daniele Settembre;Davide De Santis;Giovanni Schiavon;Fabio Del Frate,Methane detection and emission estimation from space: Benchmarking PRISMA and EnMAP with the GHGSat constellation,
None,True,International Journal of Applied Earth Observation and Geoinformation,该论文研究的是利用iTransformer技术重建三维对流层延迟场，结合ERA5再分析和GNSS观测数据，这直接涉及大气环境遥感技术，特别是大气成分分析和延迟场监测，因此与大气环境遥感技术密切相关。,"['tropospheric delay fields', 'GNSS observations', 'atmospheric composition analysis']",Fangxin Hu;Bo Chen;Mingyuan Zhang;Ran Lu;Pengfei Xia;Tengfeng Wang;Xiaowei Zou;Yuanfan Deng,Tropoformer-S: iTransformer-based spatiotemporal reconstruction of three-dimensional tropospheric delay fields integrating ERA5 reanalysis and GNSS observations,
None,False,International Journal of Applied Earth Observation and Geoinformation,该论文主要关注湖泊扩张概率的量化研究，涉及冰川-气候复合强迫和多元地球观测技术，但与大气环境遥感技术（如空气质量监测、卫星观测、大气成分分析、气溶胶反演等）的直接相关性较弱。,"['lake expansion', 'glacier–climate forcing', 'multi-source Earth observation']",Xiaoyang Zhao;Nai’ang Wang;Liqiang Zhao;Dezhong Zhang;Na’na Zhai;Hang Zhao;Liqiong Bai,Quantifying lake expansion probability under compound glacier–climate forcing using a GCL-CPF framework integrating multi-source Earth observation and vine copula theory,
None,True,International Journal of Applied Earth Observation and Geoinformation,该论文标题和摘要明确涉及遥感技术（remote sensing）和作物测绘（crop mapping），属于环境遥感领域。虽然具体提到的是作物测绘，但遥感技术在空气质量监测、大气成分分析等方面也有广泛应用，因此可以认为与大气环境遥感技术有较强关联。,"['remote sensing', 'crop mapping', 'atmospheric composition analysis']",Lihua Cui;Wenting Han;Xuedong Zhai;Guang Li;Shah Jahan Leghari;Yi Liao;Ziao Zhou;Shenjin Huang,PLGCA-SAM: Progressive local and global context-aware network incorporating SAM for remote sensing crop mapping,
None,True,International Journal of Applied Earth Observation and Geoinformation,该论文标题和摘要明确涉及多频率微波遥感技术，用于揭示森林对干旱胁迫的响应。这与大气环境遥感技术相关，特别是通过遥感手段监测和分析大气成分、植被状态等，属于大气环境遥感技术的范畴。,"['microwave remote sensing', 'stratified forest', 'drought stresses']",Xu Zhang;Xiang Zhang;Fei Zhang;Xihui Gu;Hongliang Ma;Aminjon Gulakhmadov;Rabindra Kumar Panda;Mahlatse Kganyago;Veber Costa;Won-Ho Nam;Dash Subhaprada;Uma Charan Mohanty;Jiangyuan Zeng;Wen Xiao;José A. Marengo;Chao Yang;Wenying Du;Zeqiang Chen;Longgang Xiang;Nengcheng Chen,Multi-frequency microwave remote sensing reveals stratified forest responses to diverse drought stresses,
None,False,International Journal of Applied Earth Observation and Geoinformation,该论文研究的是地震引发的地表滑坡强度建模，主要涉及地质学和地震学领域，与大气环境遥感技术（如空气质量监测、卫星观测、大气成分分析、气溶胶反演等）无直接关系。,"['coseismic landslide', 'Log-Gaussian GAM', 'size', 'mobility']",Binghai Gao;Yi Wang;Xiaolong Zhang;Xin Wang;Jingqi Huang;Pan Cao;Yongheng Li;Jiwei Wang,"Modeling regional coseismic landslide intensity with an interpretable Log-Gaussian GAM: Integrating size, mobility, and their interactions",
None,True,International Journal of Applied Earth Observation and Geoinformation,该论文与大气环境遥感技术密切相关，因为它涉及利用视觉基础模型指导遥感图像分割，这对于卫星观测、大气成分分析和空气质量监测等领域至关重要。,"['remote sensing', 'image segmentation', 'vision foundation model']",Yijie Zhang;Jian Cheng;Shimiao Fan;Changjian Deng;Ziying Xia;Nyima Tashi,Improving text–image alignment for referring remote sensing image segmentation guided by vision foundation model,
None,True,International Journal of Applied Earth Observation and Geoinformation,该研究关注气象干旱与长江中下游地区复合水分源-输送异常之间的关系，涉及气象和环境科学领域，与大气环境遥感技术（如空气质量监测、卫星观测、大气成分分析、气溶胶反演）有一定关联，但主要聚焦于气象和水文过程，而非直接的遥感技术或应用。,"['meteorological drought', 'moisture sources', 'transport anomalies']",Hanlin Zheng;Tianliang Jiang;Yanping Qu;Qianfeng Wang;Yachao Zhang,Probabilistic associations between meteorological drought and compound moisture sources-transport anomalies in the middle and lower Yangtze River,
None,False,International Journal of Applied Earth Observation and Geoinformation,该论文的标题和摘要主要关注城市内涝的识别和管理，使用社交媒体数据作为分析手段，与大气环境遥感技术（如空气质量监测、卫星观测、大气成分分析、气溶胶反演等）的领域无关。因此，该论文不相关。,[],Xi Huang;Guicheng Yang;Yinyin Chen;Luo Liu;Jiufeng Li;Xianzhe Tang,A spatiotemporal framework for identifying urban flood priority areas in megacities using social media data,
None,False,International Journal of Applied Earth Observation and Geoinformation,该论文的标题和摘要主要关注地表热异常提取，涉及遥感技术中的热辐射数据，但并未明确涉及大气环境监测、空气质量、卫星观测或大气成分分析等具体领域。因此，它与大气环境遥感技术的相关性不强。,"['LST', 'thermal anomaly', 'surface thermal anomaly extraction']",Pengcheng Wu;Qingyan Meng;Linlin Zhang;Mona Allam;Longfei Liu;Hantian Wu,SRAIN: An isolated-neighborhood-based framework for LST-based surface thermal anomaly extraction,
None,True,International Journal of Applied Earth Observation and Geoinformation,该论文标题和摘要明确涉及使用单时相遥感影像进行建筑物损坏检测的灾害感知网络（DPNet），这与大气环境遥感技术中的卫星观测和图像分析直接相关，属于大气环境遥感技术在灾害评估中的应用范畴。,"['remote sensing imagery', 'building damage detection', 'single-temporal']",Chunfeng Gao;Zheng Gong;Bing He;Ying Qu;Qiao Wang;Weihua Dong,DPNet: A disaster perception network for building damage detection using single-temporal remote sensing imagery,
None,True,International Journal of Applied Earth Observation and Geoinformation,该论文研究了海岸湿地景观中不同土地覆盖类型的最佳分割尺度，涉及遥感技术在近地表观测中的应用，与大气环境遥感技术（如土地覆盖分类和遥感图像分析）相关。,"['land-cover types', 'segmentation scale', 'remote sensing']",Xiaonan Zhou;Junkai Shi;Qingyu Li;Zhenguo Niu,"Resolution-dependent divergence of optimal segmentation scale across land-cover types in a coastal wetland landscape: A systematic empirical characterization from 0.02 to 30 m near the Yellow River estuary, Dongying, China",
None,False,International Journal of Applied Earth Observation and Geoinformation,该论文研究的是多尺度空间条件 spectral routing network 用于高光谱和多光谱图像融合，主要涉及图像处理和计算机视觉领域，与大气环境遥感技术（如空气质量监测、卫星观测、大气成分分析、气溶胶反演）相关性较低。,"['hyperspectral', 'multispectral', 'image fusion']",Bo Zhou;Xianfeng Zhang;Ziyuan Feng;Miao Ren;Xiaobo Zhi,A multi-scale spatial-conditioned spectral routing network for hyperspectral and multispectral image fusion,
None,True,International Journal of Applied Earth Observation and Geoinformation,该论文研究如何通过物理约束的多任务学习从地球静止卫星的总辐射反射率中改进小时级PM2.5估算，这与大气环境遥感技术（如空气质量监测、卫星观测和大气成分分析）密切相关。,"['PM2.5', 'geostationary satellite', 'TOA reflectance', 'multi-task learning']",Ruijie Li;Zhe Zheng;Chenru Zou;Ke Li;Xidong Sun;Chaoshun Liu;Guangze Zhang;Kaixu Bai,Improving hourly PM<sub>2.5</sub> estimation from geostationary satellite TOA reflectance through physically constrained multi-task learning,
None,True,International Journal of Applied Earth Observation and Geoinformation,该论文的标题和摘要明确提到了“remote sensing”（遥感）和“scene segmentation”（场景分割），这表明它与遥感技术相关。特别是“spatial–frequency collaboration”（空间-频率协作）这一技术细节，常用于遥感图像处理和分析，例如大气成分监测或卫星观测。因此，该论文与大气环境遥感技术（如空气质量监测、卫星观测、大气成分分析、气溶胶反演）有很强的相关性。,"['remote sensing', 'scene segmentation', 'spatial–frequency collaboration']",Wenwu Xiong;Wei Chen;Zhou Huang;Hongzhao Tang;Kevin Tansey;Józef Hernik;Binbin Lu;Shichao Cui;Yida Chen,SFMNet: Joint semantic and structural modeling via spatial–frequency collaboration for remote sensing scene segmentation,
None,True,International Journal of Applied Earth Observation and Geoinformation,该论文使用了物理引导的机器学习方法来估算时空无缝的FAPAR（叶面积指数），FAPAR是植被指数的一种，通常通过卫星遥感技术（如Landsat卫星）获取。因此，该研究与应用大气环境遥感技术密切相关，特别是卫星观测和植被分析领域。,"['FAPAR', 'Landsat', 'machine learning', 'surface reflectance']",Yimin Ni;Gaofei Yin;Guodong Zhang;Gang Sun;Xiaodan Wu;Xiaojun Li;Xinyan Liu;Anxin Ding;Rui Chen;Meilian Wang;Yi Zhang;Jiangchuan Hu;Zongyan Li;Aleixandre Verger,Physics-Guided Machine learning approach for estimating spatiotemporally seamless FAPAR from Landsat surface reflectance,
None,True,International Journal of Applied Earth Observation and Geoinformation,该论文研究了适用于遥感语义分割的视觉基础模型的参数高效多模态自适应方法，这与大气环境遥感技术密切相关，特别是卫星观测和大气成分分析，因为语义分割是遥感图像处理的重要技术之一。,"['remote sensing', 'semantic segmentation', 'vision foundation models']",Haocheng Li;Juepeng Zheng;Shuangxi Miao;Ruibo Lu;Guosheng Cai;Haohuan Fu;Jianxi Huang,Parameter-efficient multimodal adaptation of vision foundation models for remote sensing semantic segmentation,
None,True,International Journal of Applied Earth Observation and Geoinformation,该论文使用深度学习和超分辨率技术处理Sentinel-2和Landsat-8卫星图像，以绘制加州野火烧毁区域。这直接涉及使用卫星遥感技术进行地球观测和灾害监测，属于大气环境遥感技术的范畴，特别是与火灾后的空气质量监测和大气成分分析相关。,"['Sentinel-2', 'Landsat-8', 'deep learning', 'burned area mapping', 'wildfires']",Youngmin Seo;Seung Hee Kim;Menas Kafatos;Jinsoo Kim;Yangwon Lee,Deep learning-based burned area mapping of California wildfires using Sentinel-2 and Landsat-8 imagery enhanced with super-resolution techniques,
None,True,International Journal of Applied Earth Observation and Geoinformation,该论文标题和摘要明确涉及了使用数据驱动深度学习方法对地球静止卫星Himawari-8的气溶胶光学/微物理参数进行增强检索，这与大气环境遥感技术（如卫星观测、气溶胶检索等）密切相关。,"['Himawari-8', 'aerosol optical/microphysical parameters', 'data-driven deep learning method']",Lina Xu;Siyu Liu;Minghui Tao;Jun Wang;Xincai Chang;Wenjing Man;Jie Ma;Huang Zhang;Jhoon Kim,Enhanced retrieval of aerosol optical/microphysical parameters for Himawari-8 geostationary satellite measurements with data-driven deep learning method,
None,False,International Journal of Applied Earth Observation and Geoinformation,该论文研究的主题是利用深度学习技术进行山地地区单木分割和多维度属性提取，与大气环境遥感技术（如空气质量监测、卫星观测、大气成分分析、气溶胶反演）无直接关联。,[],Guangbin Lei;Ainong Li;Jinhu Bian;Zhengjian Zhang;Xiaohan Lin;Xi Nan;Amin Naboureh;Yulan Chen;Yi Deng,A multi-task collaborative method for individual tree segmentation and multi-dimensional attribute extraction in mountainous areas using deep learning technologies,
None,True,International Journal of Applied Earth Observation and Geoinformation,该论文与大气环境遥感技术密切相关，因为它是关于从SMAP卫星获取全球土壤湿度信息的土壤介电模型优化研究。土壤湿度是大气循环的重要参数，通过遥感技术监测土壤湿度有助于改进天气预报和气候变化研究。,"['soil dielectric', 'global soil moisture', 'SMAP']",Yulin Shangguan;Jian Peng;Cheng Tong;Xingyu Xue;Xiaojun Xu;Xiaodong Deng;Xiaoxiao Min;Zhou Shi;Jean-Pierre Wigneron,Optimal soil dielectric model map for global soil moisture retrieval from SMAP,
None,True,International Journal of Applied Earth Observation and Geoinformation,该论文与大气环境遥感技术相关，因为它涉及使用卫星观测数据集（Ocean-Colour）进行海洋生态监测，这与大气成分分析和遥感技术密切相关。,"['Ocean-Colour', 'marine ecological monitoring', 'daily dataset']",Yuan Zhang;Hui Yang;Fang Shen;Tingwei Cui;Liu Cui;Renhu Li;Qingzhou Lv;Xuerong Sun,"A Global, Gap-Free daily Ocean-Colour dataset (2000–2024) for robust marine ecological monitoring",
None,True,International Journal of Applied Earth Observation and Geoinformation,该研究涉及使用无人机（UAV）和基于双向反射分布函数（BRDF）的植被指数来检索树木高度，这属于遥感技术范畴，特别是植物参数反演和大气环境监测相关的研究。,"['UAV', 'BRDF', 'vegetation indices', 'tree height retrieval', 'remote sensing']",Zhihui Mao;Lei Deng;Qinghua Qiao,Viewing-geometry effects on UAV-based tree height retrieval using BRDF-derived vegetation indices,
None,True,International Journal of Applied Earth Observation and Geoinformation,该研究利用卫星技术追踪中国最大海草床的长期时空动态，虽然主要研究对象是海草床而非大气环境，但涉及卫星遥感技术，因此与大气环境遥感技术有一定关联性。,"['satellite', 'spatiotemporal dynamics', 'seagrass meadow']",Jun Tang;Yingcheng Lu;Zhiyuan Ouyang;Yarong Zou;Futao Wang;Yuntao Wang;Chao Zhou;Yanlong Chen,Satellite tracking of long-term spatiotemporal dynamics in China’s largest seagrass meadow,
None,True,International Journal of Applied Earth Observation and Geoinformation,该论文标题和摘要中提到的“Remote SAMsing”与遥感技术相关，而“segment anything”和“segment everything”表明其在环境监测或大气分析中可能涉及图像分割技术，这与大气环境遥感技术（如空气质量监测、卫星观测、大气成分分析、气溶胶反演）高度相关。,"['Remote SAMsing', 'segment anything', 'segment everything']",Osmar Luiz Ferreira de Carvalho;Osmar Abílio de Carvalho Júnior;Anesmar Olino de Albuquerque;Daniel Guerreiro e Silva,Remote SAMsing: From segment anything to segment everything,
None,False,International Journal of Applied Earth Observation and Geoinformation,该论文研究的是使用移动激光扫描和语义3D道路空间模型对物体表面进行辐射指纹识别，与大气环境遥感技术（如空气质量监测、卫星观测、大气成分分析、气溶胶反演）无关。,[],Benedikt Schwab;Thomas H. Kolbe,Radiometric fingerprinting of object surfaces using mobile laser scanning and semantic 3D road space models,
None,True,International Journal of Applied Earth Observation and Geoinformation,该论文探讨了使用深度学习模型通过光学和SAR卫星图像估算北欧国家的体积和Lorey高度。这涉及到利用卫星技术进行大气成分和地表特征分析，与大气环境遥感技术（如空气质量监测、卫星观测、大气成分分析、气溶胶反演）密切相关。,"['deep learning', 'optical satellite images', 'SAR satellite images', 'volume', 'Lorey’s height']",Zsofia Koma;Oleg Antropov;Oliver Cartus;Jukka Miettinen;Johannes Breidenbach,Deep learning models for estimating volume and Lorey’s height across Nordic countries using optical and SAR satellite images,
None,True,International Journal of Applied Earth Observation and Geoinformation,该论文使用卫星数据对作物类型进行分类，涉及卫星遥感技术，与大气环境遥感技术中的卫星观测和数据分析相关，因此相关性较强。,"['satellite', 'crop type classification', 'remote sensing']",Britt W. Smith;Jessica J. Walker;Christopher E. Soulard,Satellite embeddings for crop type classification: a comparative examination,
None,False,International Journal of Applied Earth Observation and Geoinformation,该论文主要关注的是利用网络启发式方法对无人机激光扫描（ULS）点云数据进行单株树木分割，涉及的是地理信息系统（GIS）和遥感数据处理技术，但与大气环境遥感技术（如空气质量监测、卫星观测、大气成分分析、气溶胶反演等）没有直接关联。,"['tree segmentation', 'ULS point clouds', 'network-inspired restructuring']",Lei Bao;Yong Wu;Leiguang Wang;Xiaoli Zhang;Zhibo Yu;Zhi Liu;Chi Lu;Yuansu Xu;Hong Wang;Xiaohan Liu;Weibin Wang;Hongbin Luo;Guanglong Ou,Network-inspired restructuring for individual tree segmentation in ULS point clouds,
None,True,International Journal of Applied Earth Observation and Geoinformation,该论文研究了联合学习频率-时空依赖和结构上下文用于光学-SAR变化检测，涉及遥感技术和变化检测，与大气环境遥感技术（如卫星观测和变化检测）密切相关。,"['optical-SAR', 'change detection', 'frequency-spatio-temporal dependencies']",Yujie Li;Xuanguang Liu;Chenguang Dai;Zhenchao Zhang;Lei Ding;Han Zhu;Ruihua Lu;Hanyun Wang,Joint learning of frequency-spatio-temporal dependencies and structural context for optical-SAR change detection,
None,True,International Journal of Applied Earth Observation and Geoinformation,该论文使用AVIRIS-3卫星传感器模拟了植被演替模式，这属于大气环境遥感技术中的卫星观测和植被分析领域，因此与大气环境遥感技术密切相关。,"['AVIRIS-3', 'vegetation succession', 'atmospheric remote sensing']",Bhagyashree Verma;Emma C. Hall;Mark J. Lara,Simulated AVIRIS-3 detects species-specific patterns of vegetation succession in retrogressive thaw slumps,
None,False,International Journal of Applied Earth Observation and Geoinformation,该论文研究的是利用Mamba网络进行小冰期冰川地形引导的多模态映射，主要涉及冰川研究而非大气环境遥感技术，如空气质量监测、卫星观测或大气成分分析。,"['glaciers', 'Mamba network', 'terrain-guided']",Jun Zhou;Shiyin Liu;Fuming Xie;Caixia Qin,Mamba-trident: terrain-guided tri-modal Mamba network for mapping little ice age glaciers,
None,True,International Journal of Applied Earth Observation and Geoinformation,该论文研究叶片生理和冠层结构对太阳诱导叶绿素荧光和总初级生产力的影响，这与大气环境遥感技术中的大气成分分析、空气质量监测等领域密切相关。遥感技术在监测植被健康和环境变化方面发挥着重要作用，而叶绿素荧光和总初级生产力是评估植被状态的关键指标。,"['chlorophyll fluorescence', 'gross primary productivity', 'canopy structure', 'remote sensing', 'atmospheric composition analysis']",Fangyi Lv;Kaimin Sun;Shunxia Miao;Yi Xu;Wei Cui;YePei Chen;Wenzhuo Li;Xiuqing Hu,Disentangling leaf physiology and canopy structure effects on solar-induced chlorophyll fluorescence and gross primary productivity: A multi-biome and cross-site assessment,
None,True,International Journal of Applied Earth Observation and Geoinformation,该论文研究了使用物理约束神经网络（FSIF-PCNN）重建全谱太阳诱导叶绿素荧光的技术。叶绿素荧光是植被健康的重要指标，与大气成分分析（如气溶胶和温室气体监测）密切相关，因此该论文与大气环境遥感技术（特别是大气成分分析）密切相关。,"['solar-induced chlorophyll fluorescence', 'neural network', 'atmospheric composition analysis']",Dianrun Zhao;Shanshan Du;Yulu Du;Xinjie Liu;Liangyun Liu,FSIF-PCNN: A physics-constrained neural network for full-spectrum solar-induced chlorophyll fluorescence reconstruction,
None,True,International Journal of Applied Earth Observation and Geoinformation,该研究使用SDGSAT-1卫星的夜间灯光图像来评估城市户外运动场地的照明质量，这属于遥感技术在城市环境监测中的应用，与大气环境遥感技术（如城市光污染监测、夜间灯光数据分析）密切相关。,"['SDGSAT-1', 'nighttime light imagery', 'urban outdoor sports fields']",Tingrui Guo;Min Zhao;Zhuolin Tao;Jiaqi Fu;Xinyi Song;Yuyu Zhou,Assessment of lighting quality in urban outdoor sports fields using 10-m SDGSAT-1 nighttime light imagery,
None,True,International Journal of Applied Earth Observation and Geoinformation,该论文研究了利用多源地球观测数据进行近实时森林火灾烧毁面积制图的物理信息自监督框架，这与大气环境遥感技术中的卫星观测和火灾监测密切相关，因此是相关的。,"['wildfire burned area mapping', 'multi-source earth observation', 'near-real-time']",Mirza Waleed;Muhammad Bilal,BAM: A physics-informed self-supervised framework for near-real-time wildfire burned area mapping from multi-source earth observation,
None,False,International Journal of Applied Earth Observation and Geoinformation,该论文主要关注的是合成孔径雷达（SAR）技术在船舶生成中的应用，特别是结合散射引导先验增强的Mamba模型。虽然SAR可以用于大气环境遥感，但本文的重点在于船舶生成和复杂背景下的高保真度生成，而非大气成分分析、空气质量监测或卫星观测等大气环境遥感技术。,"['SAR', 'ship generation', 'scattering-guided prior']",Moran Ju;Changqi Wang;Si-Nian Jin,A physical Scattering-Guided Prior-Enhanced Mamba model for high-fidelity SAR ship generation in complex backgrounds,
None,True,International Journal of Applied Earth Observation and Geoinformation,该论文研究了无人机RGB和高光谱图像的深度空间-光谱融合技术，用于马铃薯植物病害检测。虽然主要应用领域是农业，但其中涉及遥感技术（无人机、图像处理）和大气环境监测（植物病害可能与大气成分或空气质量相关），因此与大气环境遥感技术有一定关联性。,"['UAV', 'RGB imagery', 'hyperspectral imagery', 'disease detection']",Tianyi Jia;Magdalena Smigaj;Gert Kootstra;Lammert Kooistra,Deep spatial-spectral fusion of UAV RGB and hyperspectral imagery for potato plant disease detection,
None,False,International Journal of Applied Earth Observation and Geoinformation,该论文主要关注的是使用深度学习技术自动划定荷兰的产权边界，与大气环境遥感技术（如空气质量监测、卫星观测、大气成分分析、气溶胶反演等）无关。,[],Jeroen Grift;Claudio Persello;Mila Koeva,From pixels to vectorized cadastral boundaries: Deep learning-based automated delineation of property boundaries in the Netherlands,
None,False,International Journal of Applied Earth Observation and Geoinformation,该论文的标题和摘要主要关注图像匹配和姿态先验学习，与大气环境遥感技术（如空气质量监测、卫星观测、大气成分分析、气溶胶反演）没有直接关联。,[],Hongyang Zhang;Yusheng Xu;Changyou Xu;Rong Huang;Zhen Ye;Yan Xia;Xiaohua Tong,Learning from noisy pose priors: Geometry-guided routing attention for robust image matching,
None,True,International Journal of Applied Earth Observation and Geoinformation,该论文标题和摘要中提到的“Multi-Angular TECIS数据”和“森林生物量估算”与大气环境遥感技术相关，因为TECIS（Total Electron Content Integrated Sensor）是一种用于大气电离层监测的遥感技术，常用于大气环境研究。论文的研究内容涉及使用多角度TECIS数据进行特征选择和模型敏感性分析，这与大气环境遥感技术中的数据分析和应用密切相关。,"['Multi-Angular TECIS', 'forest biomass estimation', 'atmospheric remote sensing']",Xuexia Sun;Xiaoyao Li;Bingxiang Tan;Fayun Wu;Yuxuan Liu;Shimei Xiong,Feature selection from Multi-Angular TECIS data for forest biomass estimation using a Model-driven sensitivity analysis approach,
None,False,International Journal of Applied Earth Observation and Geoinformation,该论文主要研究如何利用VIIRS夜间灯光数据量化地震引起的建筑损坏，并采用深度学习进行区域验证。虽然VIIRS是一种卫星传感器，但研究对象是地震造成的建筑破坏，而非大气环境（如空气质量、大气成分、气溶胶等），因此与大气环境遥感技术相关性不强。,"['VIIRS', 'nighttime lights', 'deep learning']",Hee-Su Joo;Seon-Gyu Kim;Jin-Hyeong Lee;Hyung-Sup Jung,Quantifying earthquake-induced building damage from VIIRS nighttime lights: A multi-scale framework with deep learning–based area validation,
None,False,International Journal of Applied Earth Observation and Geoinformation,该论文主要关注森林昆虫损害的预警模型，涉及时空先验知识和因子驱动建模，未涉及大气环境遥感技术，如空气质量监测、卫星观测或大气成分分析等。,"['spatiotemporal', 'factor-driven modeling', 'forest insect damage']",Haoyan Zhang;Shiming Li;Yaozhong Pan,Integrating spatiotemporal prior knowledge from co-segmented time-series into factor-driven modeling for forest insect damage warning,
None,True,International Journal of Applied Earth Observation and Geoinformation,该论文研究了印度砖窑的分布和技术类型随时间的变化，砖窑是主要的空气污染源，涉及空气质量和大气成分分析，因此与大气环境遥感技术相关。,"['brick kilns', 'India', 'temporal analysis']",Sugandha Arora;Clément Goldmann;Stefan Oehmcke;Jan Pauls;Chuanlong Zhou;Abhinav Sharma;Kushal Tibrewal;Harish Phuleria;Fabian Gieseke;Philippe Ciais,Brick kilns across India: A temporal analysis of brick kiln distribution and technology types,
None,True,International Journal of Applied Earth Observation and Geoinformation,该论文使用地球观测技术对喀斯特干旱的传播进行全球评估，涉及多源数据，与大气环境遥感技术（如卫星观测和地球观测）密切相关。,"['Earth Observation', 'karst', 'multisource']",Chengchang Tian;Qiuwen Zhou;Ze Yuan;Yuan Li;Igor Leščešen;Slobodan Gnjato;Pedro A.M. Leite,Global assessment of karst drought propagation from multisource Earth Observation: Epikarst-mediated rapid shallow coupling and delayed deep responses,
None,True,International Journal of Applied Earth Observation and Geoinformation,该论文研究了使用FY-3G多角度偏振观测来监测全球云相，并利用新的MAPLE-CP框架进行验证。这直接涉及大气环境遥感技术，特别是云相监测和卫星观测，因此与大气环境遥感技术密切相关。,"['FY-3G', 'polarimetric observations', 'cloud phase monitoring', 'lidar validation']",Yaying Wang;Haofei Wang;Chuanfeng Zhao;Qiao Wang;Kun Jia;Jinlong Fan;Hang Lyu;Sijie Chen;Zhenping Yin;Xing Yan,Global cloud phase monitoring from FY-3G multi-angle polarimetric observations using the new MAPLE-CP framework with independent multi-site lidar validation,
None,True,International Journal of Applied Earth Observation and Geoinformation,该论文研究的是如何通过体积保持插值预处理步骤来减少空气温度降尺度中的网格伪影。空气温度是大气环境监测的重要组成部分，而降尺度技术常用于提高卫星观测数据的分辨率。因此，该研究直接与大气环境遥感技术相关。,"['air temperature', 'downscaling', 'Volume-Preserving interpolation']",Zitong Wen;Lu Zhuo;Jiao Wang;Ahmed Abdelhalim;Ming Zhong;Dawei Han,Reducing grid artifacts in air temperature downscaling with a Volume-Preserving interpolation preprocessing step,
None,True,International Journal of Applied Earth Observation and Geoinformation,该论文的标题和摘要明确涉及大气环境遥感技术，特别是关于气溶胶-云探测通道在532 nm波长的DQ-1/ACDL传感器的线性拟合校准算法。这与空气质量监测、卫星观测、大气成分分析以及气溶胶检索等密切相关，因此判断该论文与大气环境遥感技术密切相关。,"['Aerosol-Cloud detection channels', '532 nm', 'DQ-1/ACDL', 'Linear-Fitting calibration algorithm']",Feiyue Mao;Chengen Li;Lin Zang;Zengxin Pan;Weiwei Xu;Ge Han;Xiuqing Hu;Weibiao Chen;Wei Gong,Linear-Fitting calibration algorithm for Aerosol-Cloud detection channels at 532 nm of the DQ-1/ACDL,
None,False,International Journal of Applied Earth Observation and Geoinformation,该论文研究的是利用高光谱数据和机器学习技术检测水稻白叶枯病，主要关注农业病害检测，而非大气环境遥感技术，因此与大气环境遥感技术相关性不强。,"['hyperspectral data', 'machine learning', 'rice bacterial leaf blight']",Ziyi Wang;Roshanak Darvishzadeh;Nancy Castilla;Alice Laborte;Andrew Nelson,Early detection of rice bacterial leaf blight disease using canopy hyperspectral data and machine learning,
None,False,International Journal of Applied Earth Observation and Geoinformation,该论文标题和摘要主要关注的是基于图转换器的决策框架，用于选择性更新向量建筑数据，这与大气环境遥感技术（如空气质量监测、卫星观测、大气成分分析、气溶胶反演）没有直接关系。,[],Yue Qiu;Fang Wu;Haizhong Qian;Jichong Yin;Xianyong Gong;Chengyi Liu;Hao Zhang;Rui Cao,V-BUILD: A graph Transformer-based decision framework for selective updating of vector building data,
None,True,International Journal of Applied Earth Observation and Geoinformation,该论文的标题和摘要明确涉及地表煤矿的生态环境质量评估，其中提到了一种新的方法（MiecoI）。虽然主要关注点在于生态环境质量评估，但地表煤矿的环境问题与大气环境密切相关，例如煤矿开采和运营可能产生的空气污染、粉尘和气体排放等，这些都与大气环境远程传感技术（如空气质量监测、卫星观测等）密切相关。因此，该论文与大气环境远程传感技术具有相关性。,"['surface coal Mines', 'Eco-Environmental quality assessment', 'MiecoI']",Feiyue Li;Jun Li;Chengye Zhang;Han Zhang;Chuanying Peng;Lixia Liang;Jingyu Hao;Simit Raval,A new approach for comprehensive and spatiotemporally comparable Eco-Environmental quality assessment of surface coal Mines: MiecoI,
None,True,International Journal of Applied Earth Observation and Geoinformation,该论文使用Sentinel-2卫星图像，开发了一种近实时和无监督的框架来检测谷物作物的收获情况，涉及遥感技术和图像处理算法，与大气环境遥感技术（如卫星观测和农业环境监测）有强关联。,"['Sentinel-2', 'reaped index (RI)', 'automated thresholding']",Kai Tang;Zeteng Li;Youzhi Zhang;Laigang Wang;Peng Yang;Bingwen Qiu;Xuehong Chen;Ruilin Chen;Jianlong Li;Jin Chen,A near-real-time and unsupervised framework for grain crop harvest detection using sentinel-2 imagery: the reaped index (RI) and automated thresholding,
None,False,International Journal of Applied Earth Observation and Geoinformation,该论文标题和摘要主要关注太阳能光伏产业的发展及其生态影响，涉及土地利用变化（农田到森林），并未提及大气环境遥感技术、空气质量监测、卫星观测或大气成分分析等相关内容。因此，它与大气环境遥感技术不相关。,"['solar photovoltaics', 'ecological implications', 'cropland to forest']",Shoki Shimada;Wataru Takeuchi;Kei Oyoshi,Corrigendum to “Spatiotemporal dynamics of solar photovoltaics development and ecological implications in Japan from cropland to forest” [Int. J. Appl. Earth Obs. Geoinf. 150 (2026) 105348],
None,True,International Journal of Applied Earth Observation and Geoinformation,该论文研究的是从单类标注遥感数据集中对农田和农村道路进行联合分割的方法，这属于遥感图像处理技术，与大气环境遥感技术中的图像分析和分类相关，但主要关注地表特征分割，而非大气成分或空气质量监测。因此，相关性较强，但不是直接针对大气环境遥感技术的应用。,"['remote sensing', 'segmentation', 'farmland']",Zhaoxiang Cao;Yuchun Huang;Yibo Zhou;Peng Zhou;Zhiqiang Qin;Shengyuan Zhang,A partially supervised joint segmentation method for farmland and rural roads from single-class annotated remote sensing datasets,
None,True,International Journal of Applied Earth Observation and Geoinformation,该论文研究了利用双极化GNSS反射计技术，通过微卫星观测对FYI-MYI海冰类型进行分类。这属于大气环境遥感技术中的卫星观测和大气成分分析范畴，特别是针对海冰类型的遥感监测，因此与大气环境遥感技术密切相关。,"['GNSS reflectometry', 'sea ice type classification', 'microsatellite observations']",Runchuan Li;Fei Guo;Wentao Yang;Weiqiang Li;Xiaohong Zhang;Estel Cardellach,Dual-polarization GNSS reflectometry for FYI–MYI sea ice type classification using microsatellite observations,
None,True,International Journal of Applied Earth Observation and Geoinformation,该论文研究的是波兰松树林中NDVI与林分结构的关系，使用了HLS、LiDAR指标和GGP-GAM方法。虽然主要关注的是森林结构和遥感技术，但NDVI和LiDAR都是大气环境遥感技术中的重要工具，用于监测植被覆盖和大气成分，因此与大气环境遥感技术有较强的相关性。,"['NDVI', 'LiDAR', 'atmospheric composition', 'aerosol retrieval', 'satellite observations']",Luiza Tymińska-Czabańska;Piotr Janiec;Michał Lupa;Vahid Nasiri;Franciszek Błaś;Adam Ziółkowski;Paweł Hawryło;Jarosław Socha,"Spatially varying NDVI–stand structure relationships in Scots pine forests across Poland using HLS, LiDAR metrics and GGP-GAM",
None,False,International Journal of Applied Earth Observation and Geoinformation,该论文主要关注农业和城市扩张对干旱地区生态水文的影响，虽然涉及环境问题，但与大气环境遥感技术（如空气质量监测、卫星观测、大气成分分析、气溶胶反演等）的直接相关性较弱。,"['agricultural expansion', 'urban expansion', 'ecohydrology', 'drylands']",Ran Wang;Wei Zhou;Tao Lin;Zhe Hao;Shibin Zhang;Conghong Huang,Divergent ecohydrological impacts of agricultural and urban expansions across global drylands,
None,True,International Journal of Applied Earth Observation and Geoinformation,该论文使用Sentinel-2和ERA5-Land数据估算瑞典湖泊溶解有机碳，涉及地球观测技术和数据获取，与大气环境遥感技术中的卫星观测和水质监测相关，因此相关性较强。,"['Sentinel-2', 'ERA5-Land', 'dissolved organic carbon', 'Earth observation']",Xufeng Wei;Wenbo Xu;Lanhui Wang;Renkui Guo;Zheng Duan,An interpretable Earth observation framework for estimating lake dissolved organic carbon in Sweden using Sentinel-2 and ERA5-Land data,
None,False,International Journal of Applied Earth Observation and Geoinformation,该论文标题和摘要主要关注虚拟现实（VR）城市建模中的层次细节（LOD）设计，以及通过人类行为重新思考现实主义。这与大气环境遥感技术（如空气质量监测、卫星观测、大气成分分析、气溶胶反演）无关，因此不相关。,[],Yunlei Su;Guosheng Yang;Wufan Zhao;Cai Wu,Beyond fidelity: Rethinking realism through human behavior in VR city modeling LOD design,
None,False,International Journal of Applied Earth Observation and Geoinformation,该论文研究的是从火星撞击坑数据中提取信息的技术，与大气环境遥感技术（如空气质量监测、卫星观测、大气成分分析、气溶胶反演）没有直接关系。,"['martian impact craters', 'BQEL-Net', 'bimodal dataset']",Chang Li;Haoyan Ma;Yi He;Zhizhong Kang,BQEL-Net: A bimodal quantitative ensemble learning network with uncertainty-aware for vectorized extraction of martian impact craters from bimodal catalogic-and-quantitative dataset (BCQDS),
None,True,International Journal of Applied Earth Observation and Geoinformation,该论文研究了融合高分辨率航空影像与Sentinel-1和Sentinel-2时序数据以提高多年果园类型分类的方法。这涉及使用遥感技术（特别是卫星观测和航空影像）来分析地表覆盖类型，与大气环境遥感技术（如空气质量监测和地表参数分析）密切相关。,"['Sentinel-1', 'Sentinel-2', 'aerial imagery', 'orchard classification', 'remote sensing']",Lior Fine;Tarin Paz-Kagan;Offer Rozenstein,Fusing very high-resolution aerial imagery with Sentinel-1 and Sentinel-2 time series improves multi-year orchard type classification,
None,False,International Journal of Applied Earth Observation and Geoinformation,该论文研究的是基于遥感技术和集成模型对<em>Calliptamus italicus</em>的风险区识别和分类，考虑了人口密度和栖息地适宜性，主要关注昆虫风险评估，与大气环境遥感技术（如空气质量监测、卫星观测、大气成分分析、气溶胶反演等）相关性较弱。,"['remote sensing', 'ensemble modeling', 'population density', 'habitat suitability']",Junteng Luo;Liang Liu;Jianghua Zheng;Jun Lin;Wanqiang Han;Yang Yan;Jianhao Li;Feifei Zhang;Zhong Liang;Qige Qi,Identification and classification of risk zones for <em>Calliptamus italicus</em> based on remote sensing and ensemble modeling: considering population density and habitat suitability,
None,True,International Journal of Applied Earth Observation and Geoinformation,该论文使用地球观测和机器学习技术对阿拉伯湾和阿曼海的有害藻华进行操作预测，与大气环境遥感技术中的卫星观测和算法应用相关，因此具有相关性。,"['Earth Observation', 'Machine learning', 'harmful algal blooms', 'Arabian Gulf', 'Sea of Oman']",Kaltham A. Ismail;Roqaya A. Ismail;Mohammed Salim,Earth Observation–Based Machine learning for operational forecasting of harmful algal blooms in the Arabian Gulf and Sea of Oman,
None,True,International Journal of Applied Earth Observation and Geoinformation,该论文标题和摘要明确涉及 GNSS-R（全球导航卫星系统后向反射），这是一种用于大气环境遥感的技术，特别用于高风速检索。因此，该论文与大气环境遥感技术（如卫星观测和大气成分分析）密切相关。,"['PLGF-NET', 'Physics-Guided', 'Local-Global fusion', 'GNSS-R', 'high wind speed retrieval']",Xinzhe Xu;Minfeng Song;Xiufeng He;Jinsheng Tu;Xiaolei Wang;Jinwen Zeng;Hao Yang;Wei Zhan,PLGF-NET: A Physics-Guided Local-Global fusion network for GNSS-R high wind speed retrieval,
None,False,International Journal of Applied Earth Observation and Geoinformation,该论文主要研究利用无人机时间序列数据和少样本基础模型对苜蓿的时空生长和功能进行表征，与大气环境遥感技术（如空气质量监测、卫星观测、大气成分分析、气溶胶反演）的主题无关。,[],Tao Cheng;Zhangru Gao;Ziyu Ding;Dong Han;Yaling Liu;Ruopu Zan;Xinyuan He;Shibo Yang;Feng Yuan;Weibo Ren;Dongyan Zhang,DINO-Pheno-Cluster: Integrating few-shot foundation models and UAV time-series for spatiotemporal growth and functional characterization of alfalfa,
None,True,International Journal of Applied Earth Observation and Geoinformation,该论文标题和摘要明确涉及使用Landsat 8/9卫星数据通过RF-XGBoost模型进行总氮反演，这与大气环境遥感技术中的大气成分分析（特别是空气质量监测和污染物检索）密切相关。,"['total nitrogen retrieval', 'Landsat 8/9', 'RF-XGBoost model', 'Yellow River', 'atmospheric composition analysis']",Yuanyuan Zhang;Shuanggen Jin,MFRXG: A multi-feature stacking ensemble RF-XGBoost model for total nitrogen retrieval in the Yellow River from Landsat 8/9 data,
None,True,International Journal of Applied Earth Observation and Geoinformation,该论文研究的是从单目遥感图像中进行高度估计的视觉语言网络技术，这与大气环境遥感技术中的卫星观测和图像分析密切相关，属于遥感技术应用领域。,"['monocular remote sensing imagery', 'height estimation', 'vision-language network']",Tao Zhang;Furong Shi;Yuanping Zhu;Xin Huang,HeightCLIP: A vision-language network for height estimation from monocular remote sensing imagery,
None,False,International Journal of Applied Earth Observation and Geoinformation,该论文标题和摘要主要关注城市数字孪生和环境敏感的出行规划，与大气环境遥感技术（如空气质量监测、卫星观测、大气成分分析、气溶胶反演）没有直接关系。,[],Thomas Trabert;Elmar Brockfeld;Alexander Sohr;Kerstin Krellenberg;Jakob Erdmann;Xiaoxu Bei;Carsten Dalaff;Timo Houben;Jan Bumberger,Urban digital twin for environmentally sensitive mobility planning: conceptual framework and application in pilot region Leipzig,
None,True,International Journal of Applied Earth Observation and Geoinformation,该论文使用SuperDove卫星检测负载物质的堆垛，关注极端环境事件，这与大气环境遥感技术（如空气质量监测、卫星观测、大气成分分析、气溶胶反演）相关，因为卫星观测是大气环境遥感技术的重要组成部分。,"['SuperDove', 'satellite', 'windrows', 'environmental events']",Dimitris Papageorgiou;Stefano Aliani;Andrés Cózar;Konstantinos Topouzelis,SuperDove satellite detection of matter-loaded windrows with a focus on extreme environmental events,
None,True,International Journal of Applied Earth Observation and Geoinformation,该论文研究热带城市屋面植被的遥感监测，涉及开放源多模态数据和形态感知的UDASS技术，与大气环境遥感技术（如卫星观测、大气成分分析）相关，因为它关注城市环境中的植被覆盖，这可以间接反映空气质量和其他大气环境指标。,"['roof vegetation mapping', 'open-source multimodal data', 'morphology-aware UDASS']",Jinhui Liu;Mi Zhang;Lina Tang;Guofan Shao;Huiwei Jiang;Xiangyun Hu;Yibing Xiong;Jiongwei Wang,A transferable framework for roof vegetation mapping across tropical cities based on open-source multimodal data and morphology-aware UDASS,
None,False,International Journal of Applied Earth Observation and Geoinformation,该论文的标题和摘要主要关注土壤适宜性评估，涉及模糊熵、MAIRCA和TOPSIS框架，与大气环境遥感技术（如空气质量监测、卫星观测、大气成分分析、气溶胶反演）没有直接关系。,"['fuzzy entropy', 'MAIRCA', 'TOPSIS', 'soil suitability']",Karthik Subramani;Deva Nithyanandham;Felix Augustin;Saravanakumar Ramasamy;Ajeesh Puthusserry Paulose;Pandiyaraju V,An integrated picture fuzzy entropy–MAIRCA–TOPSIS framework for sustainable soil suitability evaluation,
None,True,International Journal of Applied Earth Observation and Geoinformation,该论文研究了利用多颗卫星平台在没有地面参考数据的情况下对阿根廷和巴西的双季稻区域进行玉米制图，涉及卫星观测技术和农作物监测，与大气环境遥感技术中的卫星观测和地理信息监测相关。,"['maize mapping', 'satellite platforms', 'ground reference data']",Ryoungseob Kwon;Youngryel Ryu;Philippe Ciais;David Makowski;Changhyun Choi;Huaize Feng;Sungchan Jeong;Pengfei Tang;Kyungdo Lee,Enabling maize mapping in double-cropping regions of Argentina and Brazil without ground reference data by leveraging multiple satellite platforms,
None,False,International Journal of Applied Earth Observation and Geoinformation,该论文主要关注蝗虫栖息地的时空动态变化，涉及未来气候预测、植被生长和土地利用变化，与大气环境遥感技术（如空气质量监测、卫星观测、大气成分分析、气溶胶反演等）关系不大，因此不相关。,[],Jing Guo;Wenjiang Huang;Yingying Dong;Qiaoyun Xie;Guofei Fang;Fangzheng Yue;Kun Wang;Zhuoqing Hao;Yan Zhang;Xiangzhe Cheng;Yue Shi;Bing Zhang,"Spatiotemporal dynamics of grasshopper habitats under future climate projections, vegetation growth, and land use change",
None,True,International Journal of Applied Earth Observation and Geoinformation,该论文使用Sentinel-5 Precursor卫星数据和高斯烟羽模型来量化大型煤矿的甲烷排放，这与大气环境遥感技术密切相关，特别是大气成分分析和空气质量监测领域。,"['methane emissions', 'Sentinel-5 Precursor', 'Gaussian plume model']",Yuanyuan Chen;Yi Li;Lixia Tan;Yufan Qian;Shuangxi Fang,Quantifying methane emissions from large coal mine using Sentinel-5 Precursor satellite data and Gaussian plume model,
None,True,International Journal of Applied Earth Observation and Geoinformation,该论文标题和摘要中提到的“光谱分解”和“深度先验”技术，是遥感领域常用的数据处理方法，尤其在卫星观测和大气成分分析中，用于解析大气中的气体和气溶胶成分，因此与大气环境遥感技术密切相关。,"['spectral unmixing', 'deep priors', 'remote sensing']",Soorya Suresh;Shri Charan Ramesh;Arun Pattathal Vijayakumar;Vandita Srivastava;Krishna Mohan Buddhiraju,Self-supervised spectral unmixing using scene-aware deep priors,
None,True,International Journal of Applied Earth Observation and Geoinformation,该论文研究了利用Sentinel-2卫星数据通过实时训练技术进行叶绿素-a反演，以揭示中国湖泊富营养化动态。这与大气环境遥感技术中的卫星观测、水质监测和大气成分分析密切相关，因此是强相关的。,"['Sentinel-2', 'chlorophyll-a', 'lake eutrophication', 'remote sensing', 'atmospheric environmental']",Zhen Zhang;Cuilin Yang;JiaJia Yuan;Lehao Huang;Zhongxi Ge;Zhitao Fu;Bo-Hui Tang,Pioneering Test-Time training for robust Fine-Grained chlorophyll-a retrieval from Sentinel-2: Unveiling China’s lake eutrophication dynamics (2018–2025),
None,True,International Journal of Applied Earth Observation and Geoinformation,该论文研究从形态化微波图像生成高精度水汽总量产品，涉及微波图像处理和卫星观测技术，与大气环境遥感技术（如水汽监测）密切相关。,"['precipitable water vapor', 'microwave imagery', 'satellite observations']",Yuhao Wu;Bao Zhang;Yibin Yao;Zheng Du;Hongming Li;Quanyu Chen,Generation of high-precision precipitable water vapor products from morphed integrated microwave imagery,
None,False,International Journal of Applied Earth Observation and Geoinformation,该论文主要研究冰川泥石流的发生频率和极端气候的影响，与大气环境遥感技术（如空气质量监测、卫星观测、大气成分分析、气溶胶反演）关系不大。,[],Sen Zhang;Bochuan Zhang;Da Huang;Yongji Chen;Bei Zhang;Jianbing Peng,"Extreme climate effects on the occurrence and frequency of glacial debris flows: evidence from the Parlung Tsangpo Basin, Southeastern Tibetan Plateau",
None,True,International Journal of Applied Earth Observation and Geoinformation,该论文研究无人机图像时间序列与多源环境特征的结合，用于预测野火蔓延，这与大气环境遥感技术中的野火监测和大气成分分析相关，因此具有强相关性。,"['UAV image time-series', 'wildfire spread prediction', 'environmental features']",Jiahao Zhou;Sen He;Shanjunxia Wu;Qiuhua Wang;Fei Wang,Integrating UAV image time-series with multi-source environmental features for sequential wildfire spread prediction,
None,True,International Journal of Applied Earth Observation and Geoinformation,该论文研究的是基于深度学习的卫星图像大尺度土地利用分类，虽然主要关注的是土地利用分类而非直接的空气质量监测或大气成分分析，但其使用卫星图像的技术与大气环境遥感技术密切相关，因此可以认为与大气环境遥感技术有较强的相关性。,"['satellite imagery', 'deep learning', 'land cover classification']",Johannes Leonhardt;Juergen Gall;Ribana Roscher,LC-SLab — An object-based deep learning framework for large-scale land cover classification from satellite imagery and sparse in-situ labels,
None,True,International Journal of Applied Earth Observation and Geoinformation,该论文使用PROSPECT引导的多任务学习混合框架，用于同时检索叶片叶绿素和类胡萝卜素，这属于植物生理参数的遥感反演，与大气环境遥感技术中的成分分析（如大气成分遥感、卫星观测）密切相关。,"['leaf chlorophyll', 'carotenoids', 'multi-task learning', 'remote sensing']",Weilin Hao;Jia Sun;Kan Zhang;Shilin Yang;Feng Qiu;Jin Xu,A PROSPECT-guided multi-task learning hybrid framework for simultaneous retrieval of leaf chlorophyll and carotenoids,
None,True,International Journal of Applied Earth Observation and Geoinformation,该论文使用卫星观测数据研究了澳大利亚北部火灾后植被对干旱的抵抗力，涉及卫星技术和大气成分分析，与大气环境遥感技术相关。,"['satellite', 'air quality monitoring', 'atmospheric composition analysis']",Huanhuan Wang;Qiaoyun Xie;Sally E. Thompson;Caitlin E. Moore,Satellite evidence of reduced resistance and resilience to water stress after antecedent fire across a rainfall gradient in northern Australia,
None,True,International Journal of Applied Earth Observation and Geoinformation,该论文研究了覆盖作物生物量对卫星遥感检测覆盖作物的影响，涉及卫星观测技术和作物监测，与大气环境遥感技术（如卫星观测、遥感监测）密切相关。,"['cover crop', 'satellite-based detectability', ' Maryland']",Yide Xu;Qu Zhou;Kaiyu Guan;Sheng Wang;W. Dean Hively;Jyoti Jennewein;Alison Thieme;Steven Mirsky;Zhangliang Chen,The impacts of cover crop biomass on satellite-based detectability of cover crops in Maryland,
None,True,International Journal of Applied Earth Observation and Geoinformation,该论文研究了如何利用卫星技术进行洪水监测，并将其与洪水类型分类相结合，这与大气环境遥感技术中的卫星观测和灾害监测领域密切相关。,"['satellite-based flood monitoring', 'flood extent mapping', 'flood type classification']",Ziming Wang;Jeffrey Neal;Peter M. Atkinson;Ce Zhang,From flood extent mapping to mechanism-aware flood products: integrating flood type classification into satellite-based flood monitoring,
None,True,International Journal of Applied Earth Observation and Geoinformation,该论文标题和摘要中提到的“高分辨率交换分类模型”和“多尺度几何结构特征融合”技术与大气环境遥感技术密切相关，特别是在空气质量和大气成分分析方面，这些技术可用于提高遥感数据的解析度和分类精度。,"['classification model', 'multi-scale geometric structural feature fusion', 'remote sensing']",Wan’er Yu;Gang Liu;Jing He;Zhiyong Luo,A high-resolution interchange classification model enhanced by multi-scale geometric structural feature fusion,
None,True,International Journal of Applied Earth Observation and Geoinformation,该论文研究了OCO-2卫星获取的XCO2数据与地面观测站TCCON数据的时空偏差，属于大气环境遥感技术领域，涉及卫星观测和大气成分分析。,"['OCO-2', 'XCO2', 'TCCON', 'satellite observations', 'atmospheric composition analysis']",Tslil Nacson;David M. Broday;Fadi Kizel,Spatiotemporal bias in OCO-2 XCO<sub>2</sub> retrievals relative to TCCON observations,
None,True,International Journal of Applied Earth Observation and Geoinformation,该论文研究利用街景图像和GIS数据对城市街道树木进行个体检测和物种级别映射，这与大气环境遥感技术中的空气质量监测、城市环境分析等领域相关，因为树木可以影响空气质量（如吸收污染物、释放氧气），且遥感技术常用于城市环境监测。,"['street-view images', 'GIS data', 'urban street tree detection']",Weijia Li;Xinjie Huo;Junyan Ye;Jinhua Yu;Hanxi Wang;Juepeng Zheng;Xiang Zhang;Haohuan Fu,Individual urban street tree detection and species-level mapping from street-view images and GIS data,
None,True,International Journal of Applied Earth Observation and Geoinformation,该论文标题和摘要明确涉及使用卫星遥感能技术（hyperspectral）来监测和评估水稻细菌性叶斑病的严重程度（rice bacterial leaf blight severity），这与大气环境遥感技术中的卫星观测和植物健康监测高度相关。,"['hyperspectral', 'satellite-scale', 'rice bacterial leaf blight']",Weiwei Liu;Xin Zhang;Gang Yang;Jingfeng Huang;Weiwei Sun;Luming Liu,BLB_TVI: A hyperspectral triangular index for satellite-scale characterization of rice bacterial leaf blight severity,
None,False,International Journal of Applied Earth Observation and Geoinformation,该论文主要研究的是利用混合监督和特征掩码恢复技术对未监管的垃圾堆进行标注高效的映射，与大气环境遥感技术（如空气质量监测、卫星观测、大气成分分析、气溶胶反演）关系不大，因此不相关。,"['waste dumps', 'mixed supervision', 'feature masked recovery']",Li Shen;Xinyu Liu;Geding Yan;Daoping Peng;Zhilin Li,Label-efficient mapping of unregulated waste dumps via mixed supervision with feature masked recovery,
None,False,International Journal of Applied Earth Observation and Geoinformation,该论文研究的是使用自主水面艇和深度学习进行海洋生物多样性的可重复性制图，与大气环境遥感技术（如空气质量监测、卫星观测、大气成分分析、气溶胶反演）无关，因此不相关。,"['autonomous surface vehicles', 'deep learning', 'marine biodiversity']",Matteo Contini;Victor Illien;Mohan Julien;Sylvain Poulain;Mervyn Ravitchandirane;Victor Russias;Arthur Lazennec;Sarah Hamylton;Tom Spencer;Anna Koester;Pierre Gogendeau;Thomas Chevrier;Justine Talpaert Daudon;Annabelle Constance;Christopher Jones;Frauke Fleischer-Dogley;Serge Bernard;Alexis Joly;Julien Barde;Sylvain Bonhommeau,Reproducible mapping of marine biodiversity using autonomous surface vehicles and deep learning,
None,False,Atmospheric Research,该论文主要关注的是使用NCMRWF区域模型研究2018年和2019年喀拉拉洪水事件中先进的云微物理方案的影响。虽然涉及大气科学和气象模型，但并未明确涉及大气环境遥感技术，如空气质量监测、卫星观测、大气成分分析或气溶胶反演等。因此，它与大气环境遥感技术的关联性不强。,"['cloud microphysics', 'Kerala flood', 'NCMRWF regional model']",Rose Raphel;A. Jayakumar;T.J. Anurose;Saji Mohandas;Greeshma M. Mohan;M. Sandhya;Anumeha Dube;Donali Gogoi;V.S. Prasad;Claudio Sanchez,Impact of advanced cloud microphysics schemes for the Kerala flood events in 2018 and 2019 using the NCMRWF regional model,
None,True,Atmospheric Research,该论文研究了春季和夏季海冰异常如何协同增强印支半岛夏季降水，涉及大气环境变化和降水模式，与大气环境遥感技术（如卫星观测和大气成分分析）相关。,"['sea ice', 'precipitation', 'atmospheric anomalies']",Yan Zhang;Shu Gui;Jie Cao;Ruowen Yang;Li Zhu;Lei Cai,Spring and summer sea ice anomalies synergetically enhance summer precipitation over the Indochina Peninsula,
None,True,Atmospheric Research,该论文研究天山北坡短时强降水事件的多向水分输送和动力学-热力学机制，涉及大气成分和降水过程，与大气环境遥感技术（如降水监测、大气成分分析）相关。,"['moisture transport', 'heavy precipitation', 'Tianshan Mountains']",Zhiyi Li;Junqiang Yao;Changchun Xu;Yu Luo;Ting Zhang,Multidirectional moisture transport and dynamic–thermodynamic mechanisms of a short-duration heavy precipitation case on the Northern Slope of the Tianshan Mountains,
None,True,Atmospheric Research,该论文研究了长江三角洲夏季降雨的年际至年代际变化，并将其与北太平洋海表温度联系起来。虽然不直接涉及遥感技术，但研究气候变化和气象现象的论文通常与大气环境遥感技术（如空气质量监测、卫星观测、大气成分分析、气溶胶反演）有间接关联，因为遥感数据是研究这些现象的重要工具。,"['Yangtze River Delta', 'summer rainfall', 'North Pacific Sea surface temperature']",Yanhao Peng;Dong Xiao,Interannual-to-decadal variations of the Yangtze River Delta summer rainfall during 1901–1975 linked with North Pacific Sea surface temperature,
None,True,Atmospheric Research,该论文研究中国夏季湿球温度的非平稳演变，涉及大气变暖和温度、湿度的时间变化角色，这与大气环境遥感技术（如气候监测、大气成分分析）密切相关，因此是相关的。,"['wet-bulb temperature', 'atmospheric warming', 'humidity', 'climate change', 'remote sensing']",Tianci Yao;Shengfa Li;Qing Yu;Jia Sun;Xiangyu Wang;Wanjun Zhang;Lixin Su,Non-stationary evolution of summer wet-bulb temperature in China (1951–2024): Accelerated warming and time-varying roles of temperature and humidity,
None,True,Atmospheric Research,该论文研究印度空气污染和热浪事件的增加频率和人口暴露情况，涉及大气成分分析和卫星观测技术，与大气环境遥感技术密切相关。,"['air pollution', 'atmospheric composition', 'satellite observations']",Gayathri Balachandran;S. Sumith Satheendran,Compound air stagnation and heatwave events: A ninefold increase in frequency and a tenfold rise in population exposure to air pollution over India,
None,True,Atmospheric Research,该论文研究的是西太平洋副热带高压的西伸现象及其驱动因素，这与大气环境遥感技术中的气候变化和大气动力学研究密切相关，因此被认为是相关的。,"['western North Pacific subtropical high', 'atmospheric forcing', 'climate dynamics']",Xiadong An;Wen Chen;Peng Hu,Anthropogenic forcing dominates relentless westward extension of the western North Pacific subtropical high,
None,True,Atmospheric Research,该论文的标题和摘要明确涉及使用全球导航卫星系统（GNSS）的整周延迟（ZTD）数据来增强强降雨的预报，这属于大气环境遥感技术的范畴，特别是大气成分分析和空气质量监测相关的研究。,"['GNSS ZTD', 'heavy rainfall forecasting', 'atmospheric composition analysis']",Ying Hui;Wei Han;Yabin Zhang;Lu Sun;Panxing Lou;Yongyong Ma;Xin Song;Caiyan Kang;Mingheng Chang,Enhanced heavy rainfall forecasting via GNSS ZTD assimilation with advanced observation error diagnosis,
None,True,Atmospheric Research,该论文研究了极化雷达技术如何与雷暴结构及闪电活动相关，涉及大气环境监测技术，特别是雷达观测手段，因此与大气环境遥感技术相关。,"['polarimetric radar', 'storm structure', 'lightning activity', 'Indian Core Monsoon Zone']",Rakesh Ghosh;Pavan R. Vaidya;Manoj A. Domkawale;Hamza Varikoden;Sunil D. Pawar,Linking polarimetric radar-derived storm structure to lightning activity in monsoon-trough convection over the Indian Core Monsoon Zone,
None,False,Atmospheric Research,该论文研究的是黄河流域的热浪-水文干旱的复合模式，并探讨其受到AMO（信风振荡）的影响。虽然涉及气候和环境现象，但并未直接提及大气环境遥感技术，如空气质量监测、卫星观测或大气成分分析等。,"['AMO', 'heatwave', 'hydrological drought']",Mengxin Bai;Peng Zhang;Zihui Yue;Wupeng Du;Bisheng Zhu;Jiali Jiang;Chunyi Xuan,AMO-modulated seesaw pattern of compound heatwave-hydrological drought over the Yellow River Basin,
None,True,Atmospheric Research,该论文研究了风云-4A卫星的大气运动矢量观测误差及其在台风“杜苏芮”期间的数据同化应用，涉及卫星观测技术和大气运动分析，与大气环境遥感技术（如卫星观测、大气成分分析）密切相关。,"['Fengyun-4A', 'atmospheric motion vectors', 'data assimilation', 'Typhoon Doksuri']",Yongbo Zhou;Lijian Zhu;Jinhan Yuan;Chao Liu,Observation errors of Fengyun-4A atmospheric motion vectors for data assimilation during Typhoon Doksuri (2023),
None,False,Atmospheric Research,该论文研究的是海洋热浪的年变化，与大气环境遥感技术（如空气质量监测、卫星观测、大气成分分析、气溶胶反演）无明显关联。,[],Lijuan Hua;Naiming Yuan,Asymmetric changes in annual marine heatwave duration before and after a 2°C overshoot in MRI-ESM2–0,
None,True,Atmospheric Research,该研究关注中国东部季风区的极端降水季节分布变化，涉及大气环境变化和降水监测，与大气环境遥感技术（如卫星观测和气候分析）相关。,"['extreme precipitation', 'seasonal distribution', 'Eastern Monsoon China']",Junlong Gao;Kai Liu;Ming Wang;Nandi Wang;Linmei Zhuang;Qingrui Yue,Projected regional variations in seasonal distribution of extreme precipitation over Eastern Monsoon China,
None,True,Atmospheric Research,该论文研究中国台风引起的极端小时降水特征，这与大气环境遥感技术中的空气质量监测和气象观测相关，因为降水特征是大气成分和环境变化的重要指标。,"['typhoon', 'extreme precipitation', 'China']",Li Jia;Dajun Zhao;Yubin Yu;Fumin Ren,Contrasting characteristics of typhoon-induced extreme hourly precipitation in China,
None,True,Atmospheric Research,该论文研究地形扰动对热带岛屿上对流预条件的影响，这与大气环境遥感技术中的对流层成分分析和气象观测密切相关，属于大气环境遥感技术的研究范畴。,"['orographic disturbances', 'convective preconditioning', 'tropical island']",Lanqiang Bai;Yipeng Huang;Qian Liu;Guixing Chen;Shizuo Fu;Qiu Yang;Lei Zhu,Orographic disturbances shaping convective preconditioning over a tropical island,
None,False,Atmospheric Research,该论文的标题和摘要主要关注的是埃塞俄比亚干旱低地的时空降雨变异性、气候遥相关以及气候适应问题，这些内容与大气环境遥感技术（如空气质量监测、卫星观测、大气成分分析、气溶胶反演等）没有直接关系。,[],Markato Markos;Kidist Sahle;Dawit Kanito;Bethel Geremew Shefine;Gemechu Fanta Garuma;Asaminew Teshome;Tsegaye Tadesse;Husam Musa Baalousha,Spatiotemporal rainfall variability and climate teleconnections in the arid lowlands of Eastern Ethiopia: implications for zone-specific climate adaptation,
None,True,Atmospheric Research,该论文研究了青藏高原未来升温与海拔的关系，涉及历史偏差对温度数据的影响，这与大气环境遥感技术中的气温监测和数据分析密切相关。,"['Tibetan Plateau', 'elevation-dependent warming', 'cold biases']",Yu Deng;Qinglong You;Fangying Wu;Wenyu Zhou;Zhiyuan Cong;Zhiyan Zuo;Haijun Deng;Nick Pepin;Hans W. Chen;Deliang Chen;Renhe Zhang,Historical cold biases exaggerate future elevation-dependent warming over the Tibetan Plateau,
None,True,Atmospheric Research,该论文研究了伊朗冬季PM₂.₅污染的主要天气模式和环流调节机制，这与大气环境遥感技术密切相关，特别是空气质量和大气成分分析领域。,"['PM₂.₅', 'weather patterns', 'atmospheric pollution']",Zhuoen Liu;Yixuan Lyu;Weihang Xie;Lizhuo Zheng;Yuepeng Pan;Mohammad Darand;Anmin Duan,Identification of dominant weather patterns and circulation regulation mechanisms of winter PM₂.₅ pollution in Iran,
None,True,Atmospheric Research,该论文研究了鄂尔多斯盆地干旱和半干旱城市夏季臭氧污染的气象驱动因素，涉及大气环境监测和污染物分析，与遥感技术在空气质量监测和大气成分分析中的应用密切相关。,"['O3 pollution', 'Ordos Basin', 'meteorological drivers']",Weiming An;Jilong Tong;Shengtong Lei;Lingyun Ma;Pengbo Wang;Yumin Guo;Yongle Liu;Min Chen;Qingjun Gao;Lei zhang,Distinct meteorological drivers of summertime O<sub>3</sub> pollution in arid and semi-arid cities of the Ordos Basin under extreme heat,
None,True,Atmospheric Research,该论文与大气环境遥感技术密切相关，因为它研究的是主要沙尘源区域的地面粉尘浓度未来预测。沙尘浓度是大气成分分析的重要指标，通常通过卫星观测和遥感技术进行监测。,"['dust concentrations', 'Mesopotamian plains', 'surface dust']",Abbas Ranjbar Saadat Abadi;Nasim Hossein Hamzeh;Dimitris G. Kaskaoutis;Zahra Ghassabi;Christian Opp,Future projections of surface dust concentrations in major dust source regions of the Mesopotamian plains,
None,True,Atmospheric Research,该论文研究的是一种用于天气雷达降水临近预报的双域时空预测网络，与大气环境遥感技术中的降水监测和预测密切相关，属于大气环境遥感技术领域。,"['weather radar', 'precipitation nowcasting', 'dual-domain spatio-temporal predictive network']",Hui Wang;Liping Wang;Wenjuan Li,DSTP: A Dual-Domain Spatio-Temporal Predictive Network for weather radar precipitation nowcasting,
None,True,Atmospheric Research,该论文研究了北方中国早秋时节山区向平原迁移的降水系统受气溶胶的影响，与大气环境遥感技术中的空气质量监测和大气成分分析密切相关，因此相关性较强。,"['aerosol', 'precipitation', 'Northern China']",Yu Zheng;Yucong Miao;Shuhua Liu;Huizheng Che,Aerosol modulation of precipitation systems migrating from mountains to plains in Northern China during early autumn,
None,False,Atmospheric Research,该论文主要关注的是利用CMIP6投影和混合深度学习模型进行干旱预测，研究对象是土耳其的中部安纳托利亚地区。虽然涉及大气环境监测，但核心内容是干旱预测而非大气环境遥感技术，如空气质量监测、卫星观测等。,"['drought forecasting', 'CMIP6', 'deep learning']",Hatice Citakoglu;Necmiye Minarecioglu;Yuksel Gul Aslanbay;Veysi Kartal;Ercan Gemici,"Drought forecasting across multiple temporal scales using CMIP6 projections and hybrid deep learning models for Central Anatolia, Türkiye",
None,True,Atmospheric Research,该论文研究了青藏高原7-8月西风带与高原降水的关系，涉及CMIP6气候模型模拟，属于大气环境研究范畴，与遥感技术在气候和气象应用中的相关性较高。,"['Tibetan Plateau', 'westerly jet', 'precipitation', 'CMIP6 models']",Yuhan Feng;Sulan Nan;Ge Liu;Ting Zhang;Yanhong Liu,Relationship between July–August Tibetan Plateau westerly jet and precipitation over the Tibetan Plateau in CMIP6 models,
None,True,Atmospheric Research,该论文研究了台湾南部在高压回流期间PM2.5的模拟，涉及空气质量和大气成分分析，与大气环境遥感技术（如空气质量监测和大气成分分析）密切相关。,"['PM2.5', 'southern Taiwan', 'high-pressure return flow']",Ming-Tung Chuang;Charles C.K. Chou;Chuan-Yao Lin;Wei-Che Lin;Neng-Huei Lin;Wei-Nai Chen;Steven Soon-Kai Kong,Simulating the PM<sub>2.5</sub> in southern Taiwan under high-pressure return flow during the Kao-Ping Experiment (KPEx),
None,True,Atmospheric Research,该论文标题和摘要涉及中国2025年胜利日期间PM2.5的治理进展，PM2.5是大气环境中的主要污染物，治理PM2.5通常需要使用大气环境遥感技术（如卫星观测、空气质量监测等）来监测和分析其浓度和分布，因此与大气环境遥感技术密切相关。,"['PM2.5', 'governance', 'China']",Ruihuan Liu;Xiaojuan Xu;Zelin Du;Jun He;Yifan Tao;Rongrong Shen;Yuesi Wang;Dongsheng Ji,Overcoming adverse meteorology: PM<sub>2.5</sub> governance progress during China's 2025 Victory Day,
None,True,Atmospheric Research,该论文研究城市化对降水系统和雨微物理的影响，涉及大气环境监测和成分分析，与大气环境遥感技术（如空气质量监测、卫星观测）密切相关。,"['urbanization', 'precipitating systems', 'rain microphysics']",Basivi Radhakrishna;Thota Narayana Rao;Kadiri Saikranthi;Roshan Kadbhane,"Impact of urbanization on precipitating systems and rain microphysics across the Hyderabad Urban Sprawl, India",
None,True,Atmospheric Research,该论文研究低风速条件下的建成区气流迂回分析，这与大气环境遥感技术中的空气质量监测密切相关，因为低风速条件会影响空气污染物扩散，而建成区是空气污染的重要来源之一。,"['low wind conditions', 'built-up environment', 'air quality monitoring']",Hanane Bounouas;Eric Dupont;Pierre Roupsard;Yelva Roustan,Meandering analysis under low wind conditions in built-up environment,
None,True,Atmospheric Research,该论文标题和摘要涉及东南亚地区的Senyar风暴和马六甲涡旋，这些现象与大气环境遥感技术密切相关，例如通过卫星观测或气象监测来分析风暴和涡旋的形成、移动及其对环境的影响，因此与空气质量监测、卫星观测和大气成分分析等领域相关。,"['Senyar storm', 'Malacca vortex', 'Southeast Asia']",Luojie Dong;Junjun Li;Raju Pathak;Jingyu Wang,2025 Senyar storm: Malacca vortex as an emerging hazard over Southeast Asia,
None,True,Atmospheric Research,该论文研究青藏高原上水分输送的时空变化及其对降水的影响机制，涉及大气环境中的水分和降水过程，与大气环境遥感技术（如空气质量监测、卫星观测）密切相关。,"['moisture transport', 'Tibetan Plateau', 'precipitation']",Guiping Li;Yanping Li;Zhongbo Yu;Qin Ju;Jing Yang;Zhaofeng Liu;YanYan Kang,Temporal and spatial changes in moisture transport over the Tibetan Plateau and their mechanisms influencing precipitation,
None,True,Atmospheric Research,该论文研究了西地中海回旋细胞对秋季暴雨的增温作用，涉及大气环流和降水形成，与大气环境遥感技术（如大气成分分析）密切相关。,"['western Mediterranean recirculation cell', 'autumn torrential rains', 'atmospheric composition']",Eduardo A. Agosta;María José Estrela;David Corell;Juan J. Miró,Thermodynamic preconditioning of autumn torrential rains: The amplifying role of the western Mediterranean recirculation cell,
None,False,Atmospheric Research,该论文研究的是南非西开普省的极端降雨现象，主要关注阿古拉斯海流和本格拉海流的相互作用，与大气环境遥感技术（如空气质量监测、卫星观测、大气成分分析、气溶胶反演等）关联性较弱。,"['Cut-off low', 'Agulhas current', 'Benguela current', 'extreme rainfall']",Chelsey L. Jansen;Babatunde J. Abiodun;Akintunde I. Makinde;Sabina Abba Omar,"Cut-off low–induced extreme rainfall in the Western Cape, South Africa: The roles of the Agulhas and Benguela current systems",
None,True,Atmospheric Research,该论文研究持续性浓雾与大气污染的相互作用，并基于旋翼无人机进行现场观测，这与大气环境遥感技术（如空气质量监测、大气成分分析）密切相关。,"['persistent dense fog', 'atmospheric pollution', 'rotary-wing unmanned aerial vehicles']",Duanyang Liu;Ruolan Liu;Shujie Yuan;Fan Zu;Hong Wu;Aichen Niu;Ruixiang Liu;Huizheng Che;Shuqi Yan;Hongbin Wang;Zhujun Dai,Interaction between persistent dense fog and atmospheric pollution: Based on in-situ observations of rotary-wing unmanned aerial vehicles,
None,True,Atmospheric Research,该论文研究了中国河北地区层云的微物理时空变化，涉及雪fall观测，与大气环境遥感技术（如大气成分分析、云物理特性研究）密切相关。,"['stratus cloud', 'snowfall', 'aircraft observations']",Jiefeng Li;Chuanfeng Zhao;Qinghong Zhang;Ji Nie;Xiaobo Dong;Rong Mai;Yan Yu;Jing Li;Huiwen Xue;Yikun Yang,"Case-specific spatiotemporal microphysical variability of a stratus cloud with snowfall over Hebei, China from aircraft observations",
None,True,Atmospheric Research,该论文研究了GSMaP和IMERG两种降水数据产品在中国地区的应用，涉及了卫星观测技术和降水监测，与大气环境遥感技术（如降水监测和卫星观测）密切相关。,"['GSMaP', 'IMERG', 'precipitation', 'China', 'daily statistics']",Chun Zhou;Haowen Li;Yinan Guo;Lingling Wu;Li Zhou,Evaluating GSMaP and IMERG precipitation over China using daily statistics and event-based diagnostics,
None,True,Atmospheric Research,该论文研究祁连山不同海拔高度降雨粒径分布特征，与大气环境遥感技术中的空气质量监测、大气成分分析等密切相关，属于遥感技术应用领域的研究。,"['raindrop size distribution', 'topographic heights', 'Qilian Mountains']",Han Luo;Qiang Zhang;Ping Yue;Rong Wang;Songyu Li;Xia Li,A case study on the characteristics of raindrop size distribution at different topographic heights in the Qilian Mountains,
None,False,Atmospheric Research,该论文主要研究澳大利亚热带气旋的规模变化趋势，使用的是综合观测和高分辨率再分析数据集。虽然与大气环境有关，但重点在于气象学和气候学，而非大气环境遥感技术，如空气质量监测、卫星观测、大气成分分析或气溶胶反演等。,"['tropical cyclone', 'Australia', 'reanalysis datasets']",Sarvesh Kumar;Savin S. Chand;Samuel S. Bell;Hamish A. Ramsay;Valentina Koschatzky;Philip J. Klotzbach;Andrew Dowdy,Assessing trends in tropical cyclone size over Australia using consolidated observations and high-resolution reanalysis datasets,
None,True,Atmospheric Research,该论文研究的是青藏高原夏季极端降水的外部强迫和内部变异归因，涉及大气环境的变化和降水现象，与大气环境遥感技术（如大气成分分析、降水监测）密切相关，因此相关性较强。,"['extreme precipitation', 'Tibetan Plateau', 'atmospheric variability']",Guanqi Fu;Anmin Duan;Xu Yuan;Xianyi Yang,Multi-scale attribution of external forcing and internal variability to summer extreme precipitation in Tibetan Plateau,
None,True,Atmospheric Research,该论文研究中国南部沿海山区和城市地区的硝酸盐气溶胶形成机制，并基于同位素观测进行分析。这与大气环境遥感技术密切相关，特别是空气质量和大气成分分析领域。,"['nitrate aerosols', 'isotope observations', 'coastal mountain', 'urban sites']",Mei-Yi Fan;Peiwen Guo;Hai Guo;Yu Wang;Changliu Wu;Yihang Hong;Xiaopu Lyu;Yan-Lin Zhang,Formation mechanisms of nitrate aerosols at coastal mountain and urban sites of southern China based on isotope observations,
None,True,Atmospheric Research,该论文研究中国近地表风速在1980-2024年间的趋势反转现象，这与大气环境遥感技术中的风速监测和大气成分分析密切相关，因此具有相关性。,"['near-surface wind speed', 'China', 'trend reversals', 'atmospheric monitoring']",Xi Chen;Jiayi Nie;Wentian Qiu;Qinghong Zhao;Hairong Li;Xiuhua Zhou;Chengyang Zhang;Kaiqiang Deng,Divergent trend reversals in near-surface wind speed over China during 1980–2024,
None,False,Atmospheric Research,该论文主要关注ERA5-Land模型在模拟亚热带浅层湖泊的热力学方面的性能评估，与大气环境遥感技术（如空气质量监测、卫星观测、大气成分分析、气溶胶反演等）关系不大。,"['ERA5-Land', 'subtropical shallow lake', 'thermodynamics']",Wei Wang;Zihan Zhu;Mi Zhang;Heng Lyu;Zhiwen Wen;Bo Wang;Qiuxiang Jin;Zhen Zhang;Taikan Oki;Xuhui Lee,Performance evaluation of ERA5-Land in simulating thermodynamics of a subtropical shallow lake against long-term observations,
None,True,Atmospheric Research,该论文研究北太平洋夏季内季节性波对北美气温和热极端事件的影响，涉及大气环境监测和气候变化分析，与大气环境遥感技术相关。,"['North Pacific intraseasonal waves', 'North American air temperatures', 'heat extremes']",Lei Du;Riyu Lu;Shanjun Luo;Chuandong Zhu;Yuhan Yan,Summer North Pacific intraseasonal waves drive North American air temperatures and heat extremes,
None,True,Atmospheric Research,该论文研究了超级台风利奇马快速增强过程中不同水汽物种对云-辐射强迫的影响，涉及大气成分和云物理特性，与大气环境遥感技术（如卫星观测和大气成分分析）密切相关。,"['cloud-radiation forcing', 'hydrometeor species', 'super Typhoon Lekima']",Lyu Leyang;Xinyan Lyu;Melinda Peng;Xuyang Ge,Distinct cloud-radiation forcing of hydrometeor species during the rapid intensification of super Typhoon Lekima (2019),
None,True,Atmospheric Research,该论文研究了沿海青岛和西北太平洋海洋的雨水中细菌的环境驱动因素，涉及大气环境监测和成分分析，因此与大气环境遥感技术（如空气质量监测和大气成分分析）密切相关。,"['rainwater', 'bacteria', 'coastal Qingdao']",Xiaoyu Wang;Yuanzhe Ni;Yangfei Ai;Zhongyu Diao;Jianhua Qi,Environmental drivers of rainwater bacteria over coastal Qingdao and the Northwest Pacific Ocean,
None,True,Atmospheric Research,该论文研究青藏高原夏季降水年际变化受西风影响的机制，涉及大气环流和降水分布，与大气环境遥感技术中的大气成分分析和气象观测相关，因此具有相关性。,"['westerlies', 'precipitation', 'Tibetan Plateau']",Xin Mao;Xingwen Jiang;Huimei Wang;Jiaxin Ye;Yiwei Zhang;Chao Chen,Impacts of westerlies on interannual variability of summer precipitation over the southwestern Tibetan Plateau,
None,True,Atmospheric Research,该论文研究了WRF模型在复杂地形中对湍流地形摩擦的表示，这与大气环境遥感技术中的空气动力学和地形影响密切相关，属于大气环境监测和模拟的范畴。,"['WRF model', 'turbulent orographic form drag', 'complex terrain']",Yulong Ma;Xingwen Jiang;Lin Mu;Qilin Wan;Zhiwei Heng,Improving the representation of turbulent orographic form drag with stability dependence in the WRF model over complex terrain,
None,True,Atmospheric Research,该论文研究了平流层臭氧侵入对中国东部近地表臭氧的影响，使用了高分辨率的CESM-MUSICA模拟分析，属于大气环境遥感技术领域，特别是大气成分分析和空气质量监测。,"['stratospheric ozone', 'near-surface ozone', 'CESM-MUSICA', 'Typhoon Lekima', 'atmospheric composition']",Yichao Zhou;Xuewei Hou;Man Yue;Chenchao Zhan,Impact of stratospheric ozone intrusion on near-surface ozone in eastern China under Typhoon Lekima: A high-resolution CESM-MUSICA simulation analysis,
None,True,Atmospheric Research,该论文研究了东亚急流对中亚地区气溶胶变化的调制作用，涉及气溶胶的输送和变化，与大气环境遥感技术中的空气质量监测和大气成分分析密切相关。,"['jet stream', 'aerosol variability', 'Central China']",Yujie Jiang;Xiefei Zhi;Yongqing Bai;Ling Zhang;Yi Fan;Shoupeng Zhu;Tianliang Zhao,East Asian jet stream modulates interdecadal aerosol variability over Central China via enhanced regional transport,
None,True,Atmospheric Research,该论文使用FY-4卫星观测数据，研究了中国东北冷涡背景下不同强对流事件的积云特征，涉及卫星观测和大气物理过程，与大气环境遥感技术（如卫星观测和大气成分分析）密切相关。,"['FY-4', 'convective clouds', 'severe convective events']",Yang Gao;Xiaoyong Zhuge;Xi Wang;Xiaowen Zhang,Characteristics of convective clouds associated with different severe convective events under Northeast China Cold Vortex revealed by FY-4 observations,
None,True,Atmospheric Research,该论文研究印度地表相对湿度，特别是东北地区的分析和归因，涉及大气环境监测和区域气候变化分析，与大气环境遥感技术（如空气质量监测和卫星观测）密切相关。,"['surface relative humidity', 'India', 'North Eastern Region']",Rohit Gautam,"Analysis of surface relative humidity over India with special emphasis on the North Eastern Region: Data validation, trends and attribution",
None,True,Atmospheric Research,该论文研究大气河对季风亚洲水汽气候的影响，涉及大气成分和水汽输送，与大气环境遥感技术（如卫星观测和大气成分分析）相关。,"['atmospheric rivers', 'hydrometeor climatology', 'Monsoon Asia']",Mingzhu Li;Ju Liang,How atmospheric rivers modulate hydrometeor climatology over Monsoon Asia,
None,True,Atmospheric Research,该论文研究了泰国地表湍流中的惯性行为临界粒径阈值，这对PM<sub>2.5</sub>和粗颗粒空气质量的建模有重要意义，因此与大气环境遥感技术（如空气质量监测和大气成分分析）密切相关。,"['PM<sub>2.5</sub>', 'air-quality modelling', 'particle-size']",Chalermpol Wangsomcholk,Critical particle-size threshold for inertial behaviour in Thai surface-layer turbulence: Implications for PM<sub>2.5</sub> and coarse-particle air-quality modelling,
None,True,Atmospheric Research,该论文研究的是气旋“海神”的快速路径和强度变化，涉及大气动力学，与大气环境遥感技术（如卫星观测、大气成分分析）密切相关，因此相关性较高。,"['cutoff low', 'typhoon', 'atmospheric dynamics']",Pin-Hong Chen;Ching-Yuang Huang,Can a cutoff low cause rapid track and intensity changes of typhoon hinnamnor (2022)?,
None,True,Atmospheric Research,该论文研究了热带气旋对长江中下游地区夏季复合高温干旱事件的影响，这与大气环境遥感技术中的空气质量和气象现象监测密切相关。,"['tropical cyclones', 'Yangtze River', 'summer compound hot and dry events']",Jianqian Li;Chao Wang;Yuqin Wu;Liguang Wu;Haikun Zhao;Jian Cao,Track-dependent impacts of tropical cyclones on summer compound hot and dry events over the middle and lower reaches of the Yangtze River,
None,True,Atmospheric Research,该论文研究了Liupan山顶的气溶胶数量大小分布和光谱拟合，这与大气环境遥感技术中的空气质量监测和大气成分分析直接相关。,"['aerosol number size distribution', 'Mount Liupan', 'spectrum fitting']",Hejue Zhao;Zhuolin Chang;Jianren Sang;Liren Xu;Zezhong Sun;Run Luo;Le Jia;Ning Cao;Haoran Zhu;Yanbo Dai;Longyan Li;Jun Zhang;Wei Deng;Tianxue Wen;Kai Bi;Jiming Sun,Characteristics of aerosol number size distribution and spectrum fitting at the summit of Mount Liupan,
None,True,Atmospheric Research,该论文研究了北极平流层臭氧的变异性对北大西洋海表温度偶极子和欧亚气候遥相关的影响，涉及大气成分分析（臭氧）和气候现象（遥相关），与大气环境遥感技术（如卫星观测和大气成分分析）密切相关。,"['ozone', 'North Atlantic SST', 'atmospheric variability', 'climate teleconnections']",Dingzhu Hu;Cuiting Zhao;Huimin Zhang,Arctic stratospheric ozone variability drives North Atlantic SST dipole and Eurasian climate teleconnections,
None,True,Atmospheric Research,该论文研究GPM IMERG卫星数据在西班牙东部地区的亚日降水极端值监测性能，涉及卫星观测和降水分析，属于大气环境遥感技术的范畴。,"['GPM IMERG', 'sub-daily precipitation extremes', 'atmospheric remote sensing']",Marc Semper;Manuel Curado;Jose F. Vicent;Leandro Tortosa,"Performance limits of GPM IMERG for sub-daily precipitation extremes over the Comunitat Valenciana, eastern Spain: Representativeness, attenuation, and pixel-scale displacement",
None,False,Atmospheric Research,该论文的主题是比利牛斯山脉冬季暖浪的天气学驱动因素和积雪融化影响，主要关注气候和气象学，而非大气环境遥感技术，如空气质量监测、卫星观测、大气成分分析或气溶胶反演。,[],Josep Bonsoms;Roberto Serrano-Notivoli,Winter warm spells in the pyrenees: synoptic drivers and snowmelt impacts (1960–2024),
None,True,Atmospheric Research,该论文标题和摘要明确提到使用卫星数据约束的时空框架来分离气象动力学和地面NO2排放足迹，这与大气环境遥感技术（如空气质量监测和大气成分分析）密切相关。,"['NO2', 'satellite', 'spatiotemporal framework']",Mingbin Guo;Jianzhou Gong;Yuangong Chen;Yuqing Jian;Weifeng Xiao;Shikuan Wang,A satellite-constrained two-stage spatiotemporal framework for disentangling meteorological dynamics and emission footprints of ground-level NO<sub>2</sub>,
None,True,Atmospheric Research,该论文研究了改进热带气旋中非对称降水估算的方法，涉及TCRM（热带气旋降水估算模型），这与大气环境遥感技术中的降水监测和大气成分分析相关。,"['asymmetric rainfall', 'tropical cyclones', 'TCRM']",Bingyao Guo;Qingqing Li;Qi Gao;Changyu Zhao;Ruyan Chen,Improving asymmetric rainfall estimation in tropical cyclones: A revised TCRM,
None,True,Atmospheric Research,该论文研究了基于U-Net的空间协同校正方法，用于改进中国中部地区的夏季降水预报。虽然主要关注降水预报，但空间协同校正和网格化数据方法与大气环境遥感技术中的空气质量和大气成分分析有一定关联，因此具有一定的相关性。,"['U-Net', 'spatial synergistic correction', 'gridded precipitation forecasts']",Guangxin He;Wei Wu;Zhigang Zhang;Zhanshan Ma;Juanzhen Sun;Haonan Chen;Jingjia Luo,U-Net-based spatial synergistic correction of gridded summer precipitation forecasts for CMA-MESO in Central China,
None,True,Atmospheric Research,该论文研究了中国东北地区冷涡的结构和能量转换，以及干侵入对不同类型强降水分布的影响。虽然主要关注气象学现象，但涉及大气成分（如降水中的污染物）和能量转化过程，与大气环境遥感技术中的空气质量监测和大气成分分析有间接关联。,"['cold vortices', 'heavy rainfall', 'dry intrusion']",Yining Shen;Lijuan Wang;Zhaoyong Guan;Weijie Zeng;Xiaowen Zhao,Structure and energy conversion of Northeast China cold vortices with different distribution types of heavy rainfall influenced by dry intrusion,
None,True,Atmospheric Research,该论文研究地表放射性对大气电性的影响，特别是在稳定边界层条件下的影响。虽然不直接涉及空气质量监测或卫星遥感技术，但大气电性是大气环境的重要组成部分，与大气成分和边界层动力学密切相关，因此与大气环境遥感技术有一定关联。,"['atmospheric electricity', 'stable boundary layer', 'radioactivity']",K.A. Nicoll;O. O'Neill;C. Miller;J. Paatero;T. Ulich,Surface radioactivity influences on atmospheric electricity during stable boundary layer conditions,
None,True,Atmospheric Research,该论文研究了使用ICON百米级集合预报对流风暴的技巧，这与大气环境遥感技术中的风暴监测和预报相关，属于大气环境遥感技术领域。,"['convective storm', 'ICON', 'hectometric-scale ensembles']",Matteo Siena;Thomas Gastaldo;Chiara Marsigli;Paolo Ruggieri;Silvana Di Sabatino,Improving forecast skill of a convective storm using ICON hectometric-scale ensembles,
None,True,Atmospheric Research,该论文标题和摘要明确涉及使用卫星技术评估来自伊朗东部的沙尘暴，并关注其跨边境影响，这与大气环境遥感技术（如空气质量监测、卫星观测、大气成分分析、气溶胶检索）密切相关。,"['satellite-based', 'dust storms', 'Eastern Iran', 'transboundary impacts']",Ali Darvishi Boloorani;Masoud Soleimani;Nastaran Nasiri;Fatemeh Amiri;Najmeh Neysani Samany;Ali Al-Hemoud;Iraj Gholami;Kan Huang,Satellite-based assessment of dust storms originating from Eastern Iran with measurable transboundary impacts,
None,False,Atmospheric Research,该论文研究的是土壤湿度对北中国夏季次季节性降水预报的影响，使用的是CWRF模型。虽然涉及大气和降水，但主要关注的是气候和环境模型而非遥感技术和空气质量管理，因此与大气环境遥感技术相关性较弱。,"['soil moisture', 'subseasonal precipitation', 'CWRF model']",Chenyi Zhang;Minghao Wang;Yong Luo;Qingquan Li;Lili Dong;Kailu Yu,Effects of soil moisture on subseasonal precipitation forecasts in North China during summer: A study using CWRF model,
None,True,Atmospheric Research,该论文研究了中国大气氮沉降的长期变化，重点关注不同行业的沉降效率，这与大气环境遥感技术中的空气质量监测和大气成分分析密切相关。,"['atmospheric nitrogen deposition', 'sector-specific deposition efficiency', 'China']",Shangyi Wang;Yiheng Wang;Guochao Chen;Yuhao Wang;Zimeng Wang;Chenliang Tao;Hongliang Zhang,Sector-specific deposition efficiency shapes long-term changes in atmospheric nitrogen deposition in China,
None,True,Atmospheric Research,该论文研究广州地区闪电发生区域的垂直反射率核心特征，涉及大气电学现象和大气物理特性，与大气环境遥感技术（如闪电监测和大气成分分析）密切相关。,"['vertical reflectivity cores', 'lightning initiation regions', 'Guangzhou']",Fei Wang;Wen Yao;Yang Zhang;Dong Zheng,"Characteristics of vertical reflectivity cores at lightning initiation regions over Guangzhou, China",
None,False,Atmospheric Research,该论文主要关注降水科学，涉及测量、估算和建模等方面，虽然与大气环境有关，但并非直接涉及遥感技术，如空气质量监测、卫星观测或大气成分分析。,"['precipitation', 'measurement', 'estimation', 'modeling']",Francisco J. Tapiador;Gabriela Juárez;Kyo-Sun Lim;Sohaib Fakar;Kyuhee Shin;Andrés Navarro;Sun-Young Park;Andrés Merino;Anahí Villalba-Pradas;Livia J. Leganés;Raúl Martín;José Luis Sánchez;Eduardo Garcia-Ortega;GyuWon Lee,"Precipitation science: State-of-the-Art in measurement, estimation, and modeling",
None,True,Atmospheric Research,该论文标题和摘要明确涉及云种子和气溶胶-云相互作用，这与大气环境遥感技术（如空气质量监测、卫星观测、大气成分分析、气溶胶反演）密切相关，因此相关性较强。,"['cloud seeding', 'aerosol–cloud interactions', 'environmental impacts']",Sanhita Shende;Swapnaja Gajbhiye;Nandu B. Chaure,Cloud seeding and aerosol–cloud interactions: Environmental impacts and future perspectives,
