doi,is_relevant,journal,explanation,topic_words,authors,title,abstract
10.1088/1748-9326/ae9327,False,Environmental Research Letters,该论文主要关注天气预报的经济价值评估，特别是极端天气事件中的复合损失，并未涉及大气环境遥感技术相关内容，如空气质量监测、卫星观测或大气成分分析等。,"['weather forecasts', 'extreme weather', 'economic value']",Leonardo Olivetti;Gabriele Messori;Paolo Avner;Stéphane Hallegatte,Assessing the real-world economic value of weather forecasts for compounding extremes,"Assessing the real-world economic value (EV) of weather forecasts remains challenging, particularly in the context of high-impact extreme events. Meteorological forecast skill has improved substantially in recent years, driven by steady advances in physics-based models and breakthroughs in AI-based forecasting. However, operational evaluations typically provide limited consideration to how these improvements in meteorological skill translate into EV. The economic evaluation frameworks that do exist are ill-suited to extreme weather event, which often do not occur in isolation. In this study, we present a flexible framework to assess the EV of weather forecasts, with penalty functions that explicitly account for compounding losses from multiple extreme events, as well as declining user trust in case of repeated false alarms. In addition, the framework allows for varying cost-loss ratios to represent heterogeneous prevention costs and vulnerability structures. We apply the framework to cities exposed to extreme weather hazards, and directly compare the relative EV of leading physics-based and data-driven forecasting systems from the European Centre for Medium-Range Weather Forecasts. The value of forecasts is highly sensitive to assumptions about compounding losses, penalty structures, and prevention costs-often substantially altering conclusions drawn from meteorological skill alone. For instance, in some cities in Southern Europe, the higher sensitivity of the physics-based model IFS HRES makes it better-suited when protection costs are small relative to potential losses, while the higher specificity of the data-driven AIFS makes it better when protection costs are higher. These findings underscore the importance of evaluating EV under realistic risk scenarios to ensure that improvements in predictive accuracy translate into meaningful societal and economic benefits."
10.1088/1748-9326/ae962a,True,Environmental Research Letters,该研究使用卫星观测数据（如VIIRS 375 m卫星数据）分析南亚和东南亚国家的野火风险，涉及遥感技术和大气成分分析，因此与大气环境遥感技术密切相关。,"['Visible Infrared Imaging Radiometer Suite', 'satellite-derived fire detections', 'fire radiative power', 'Taylor’s power law', 'South and Southeast Asian countries']",Krishna Prasad Vadrevu,Power law scaling reveals systemic divergence in fire risk across South and Southeast Asian countries,"Vegetation fires across South and Southeast Asia exhibit strong spatial and cross-country heterogeneity, yet their scaling behavior remains poorly quantified. This study utilizes scaling behavior as a framework to analyze Visible Infrared Imaging Radiometer Suite 375 m satellite-derived fire detections and fire radiative power from 2012 to 2024, in order to characterize how fire variability escalates across spatial scales and regions. The results suggest that most countries exhibit scaling exponents near or above two, consistent with classical Taylor’s power law (TPL), indicating nonlinear intensification of fire dynamics. However, pronounced regional divergences emerged. India displays an exceptionally steep scaling response, suggesting heightened sensitivity to rapid escalation, while Indonesia and the Philippines also showed strong amplification. In contrast, Pakistan, Sri Lanka, and Timor-Leste exhibited more gradual fire responses. Spatially explicit TPL mapping revealed coupled hotspots of highly variable fire occurrence and intensity across central and eastern India and mainland Southeast Asia, whereas peat-dominated regions in maritime Southeast Asia are characterized by exceptionally high variability in fire intensity. These results demonstrate that TPL effectively identifies fire regimes that are most susceptible to abrupt transitions and extreme impacts. The insights from TPL can inform risk-based fire management, guide emissions mitigation, and support proactive adaptation strategies."
10.5194/acp-26-11421-2026,True,Atmospheric Chemistry and Physics,该论文研究了使用高频率观测的δ13C-CH4和δ2H-CH4以及不确定的区域同位素签名来估计英国甲烷排放源的方法。这直接与大气环境遥感技术相关，特别是与空气质量和大气成分分析相关，因为甲烷是一种重要的温室气体，其同位素比值可以用来识别和估计排放源。,"['methane', 'isotope ratio', 'emissions estimation', 'atmospheric composition', 'air quality monitoring']",Alice E. Ramsden;Anita L. Ganesan;Matthew Rigby;Chris Rennick;Tim Arnold;Emmal Safi;Edward Chung;Dafina Kikaj;Cameron Yeo;Dave Lowry;Pete Levy;Simon O'Doherty;Kieran M. Stanley;Dickon Young;Joe Pitt;Damien Martin;Morgan Lopez;Michel Ramonet;Grant L. Forster;Arnoud Frumau;Alistair J. Manning,Using high frequency observations of δ13C-CH4 and δ2H-CH4 and uncertain regional isotopic signatures to estimate sources of UK methane emissions,"Methane is emitted from a range of anthropogenic and natural sources, each with a characteristic isotope ratio signature. We present a method for estimating emissions from multiple sources using isotopic signatures and observations of atmospheric methane isotope ratios. We show the importance of considering isotopic signature uncertainty and demonstrate how our current understanding of these signatures may be limiting this method’s ability to reduce uncertainties in emissions estimates. 
 Methane is emitted from a range of anthropogenic and natural sources, and identifying these sources is important for emissions monitoring and mitigation. Different sources emit methane with different isotopic signatures. However, these signatures can vary spatially and temporally and are often not well understood. Top-down inverse methods can be used with measurements of methane mole fractions to estimate total emissions of methane from all sources. Here, we present an inverse system for concurrently estimating regional fossil-fuel (FF) and non-fossil-fuel (non-FF) emissions, using isotope ratio observations and considering uncertainty in the isotopic signatures. This method is highly adaptable and could be used to estimate emissions from any number of sources. Synthetic data tests with this method show that this inverse system can accurately estimate FF and non-FF methane emissions across the UK, when isotopic source signatures are fixed at known values. However, emissions estimation becomes less accurate when source signature uncertainties are increased to over approximately 50 % of their likely ranges. In a real-world test of this method, we estimated south-east UK FF and non-FF emissions using high-frequency δ13C-CH4 and δ2H-CH4 observations from one UK site, with source signature uncertainties reflecting our current understanding of these values. Results show only a limited impact on emissions uncertainty and magnitude, when compared with a methane-only inversion. This suggests that both an expansion of the UK network of isotope ratio observations and an improved understanding of isotopic signatures is required for this method to be effective in estimating UK FF and non-FF methane emissions with reduced uncertainty compared to traditional inverse methods."
10.5194/acp-26-11409-2026,True,Atmospheric Chemistry and Physics,该论文研究了钠激光雷达观测到的多个钠层结构和它们的动力学耦合机制，涉及大气环境中的钠原子运输、电离层变化和波的调制，这与大气环境遥感技术（如空气质量监测、卫星观测、大气成分分析、气溶胶反演）密切相关。,"['sodium lidar', 'atmospheric waves', 'ion convergence', 'sodium layers', 'MLT region']",Yuxia Jia;Chao Ban;Tao Li;Xin Fang;Zhaopeng Wu;Jianfei Wu;Weilin Pan;Chengyun Yang,Sodium Lidar observed multiple sodium layer structures and their dynamical coupling mechanism,"In this study, a sodium lidar at the University of Science and Technology of China (USTC) observed multiple sporadic sodium layers (SSLs) and enhanced sodium patterns (ESPs) during a single night. By combining observations from a meteor radar and an ionosonde in Wuhan, the results show that horizontal winds can not only directly transport sodium atoms through advection but also indirectly influence sodium density by modulating ion convergence and Es layers via atmospheric waves. 
 On the night of 13 June 2013, the University of Science and Technology of China (USTC) sodium lidar observed multiple sporadic sodium layers (SSLs) and enhanced sodium patterns (ESPs) over Hefei, China (31.8° N, 117.3° E). These structures appeared at different times, collectively spanning nearly the entire night, and exhibited distinct vertical motions and horizontal propagation behaviors. Their propagation was closely linked to the background horizontal wind, indicating the role of horizontal transport. Combined observations from the nearby meteor radar and ionosonde in Wuhan (∼200 mi west of Hefei) revealed that SSLs occurring before 19:30 UT are closely associated with the sporadic E (Es) layer. The evolution of the Es layer shows an overall downward propagation consistent with tidal wind variations, suggesting that tidal waves may play a role in modulating ion distribution and associated sodium production. Notably, two ESP events exhibit quasi-periodic structures with periods of ∼50–60 min, accompanied by similar oscillations in the Es layer and associated ion convergence regions. This behavior indicates that the atmospheric gravity waves may also modulate the horizontal wind, thereby influencing ion convergence, the Es layer, and sodium density. These observations provide new insights into the roles of wave-modulated horizontal winds in driving sodium-layer variability and underscore the importance of coupled neutral–ion processes in the MLT region."
10.5194/amt-19-5337-2026,True,Atmospheric Measurement Techniques,该论文研究的是使用低成本传感器阵列进行实时检测和表征挥发性有机化合物（VOCs），这与大气环境遥感技术中的空气质量监测和大气成分分析密切相关。,"['VOCs', 'air sensor array', 'real-time detection', 'atmospheric chemical species']",Amanda Gao;Matthew B. Goss;Erik Helstrom;David H. Hagan;Jesse H. Kroll,Exploring the feasibility of an air sensor array for real-time detection and characterization of VOCs,"Volatile organic compounds (VOCs) are an important class of compounds in both indoor and outdoor air; they can be directly harmful to human health, and can also react to form a range of harmful secondary pollutants. But because of the sheer number of different VOCs in air, they are not readily measurable using low-cost techniques. Here we show that an array of off-the-shelf low-cost sensors can provide useful information about the amount and composition of VOCs. 
 Volatile organic compounds (VOCs) are an important class of atmospheric chemical species that can be directly harmful to human health and contribute to the formation of hazardous secondary products. Measurements of ambient VOCs are traditionally made using “offline” techniques, which are well-suited for distributed measurements but have low time resolution. They can also be made with real-time measurements using state-of-the-art in situ instruments, which have high precision and time resolution, but tend to be expensive and so cannot be deployed in a widespread manner. An alternative VOC measurement approach that is both real-time and lower in cost would open the possibility of widespread, spatially distributed measurements of VOCs in air quality and atmospheric chemistry contexts. While there are several commercially available air sensors that are sensitive to environmental VOCs, these sensors are “broadband,” meaning that each can only output a single scalar value that reflects the sensitivity of the sensor toward a wide and poorly defined range of VOCs. As a result, VOC air sensors have, to date, seen limited use in research. Here, we investigate the feasibility of a novel method for measuring speciated VOCs that uses an array of such broadband sensors. This array includes VOC air sensors representing three fundamentally different sensor types, and takes advantage of operational parameters that achieve a diversity of responses amongst sensors with the same type. Within a controlled laboratory setting, we obtained calibration curves for ten typical atmospheric VOCs between 5 and 100 ppb and explored the effects of varying RH and introducing binary mixtures on sensor responses. Overall, we found that all observed sensor responses can be parameterized with linear or power-law models, consistent with results of prior studies and expectations based on physical sensing principles. Our results show that each of the 12 sensors in our array appear to have their own unique sensitivities to various VOCs, resulting in distinctive “fingerprints” of array responses for each compound tested. However, we also show that interferences by water vapour and other gases pose substantial challenges that likely cannot be fully addressed in the laboratory. Thus, co-location with a reference instrument in the field may first be required if this measurement approach is to yield quantitative, chemically specific information about ambient VOCs in indoor or outdoor environments."
10.5194/amt-19-5325-2026,True,Atmospheric Measurement Techniques,该论文研究的是空间borne激光雷达的偏振校准技术，特别是利用密集卷云散射的太阳背景信号进行校准，并提出了分子散射校正方法。这与大气环境遥感技术密切相关，涉及卫星观测、大气成分分析和气溶胶反演等领域。,"['spaceborne lidar', 'polarization calibration', 'CALIOP', 'ATLID', 'molecular scattering correction']",Zhaoyan Liu;Mark A. Vaughan;Pengwang Zhai;Anne Emilie Garnier;Shan Zeng;Sharon D. Rodier;Yongxiang Hu;Ali H. Omar;Charles R. Trepte,Polarization calibration of spaceborne lidar using dense cirrus–scattered solar background with molecular scattering correction,"Accurate polarization calibration is vital for spaceborne lidars. Optically Thick Ice Cloud (OTIC)-based calibration enables semi-continuous daytime calibration, but molecular scattering at shorter wavelengths biases the signal. We introduce a vector radiative transfer-based Molecular Scattering Correction (MSC) and validate it using the Cloud-Aerosol Lidar with Orthogonal Polarization (CALIOP), eliminating ~ 1% daytime bias at 532 nm. MSC is essential for the Atmospheric Lidar (ATLID) at 355 nm. 
 Accurate calibration is essential for spaceborne polarization-sensitive lidars, as biases in depolarization ratio measurements can significantly affect the retrieval of cloud and aerosol properties. A polarization calibration technique based on solar background signals scattered by optically thick ice clouds (OTIC) provides a semi-continuous daytime calibration capability that complements onboard pseudo-depolarizer (PD) methods. This method was successfully applied to data from the Cloud-Aerosol Transport System (CATS) lidar at 1064 nm, where molecular scattering effects are negligible. However, at shorter wavelengths, molecular scattering of sunlight between the lidar and the OTIC layer polarizes the background signal and introduces systematic biases. We present a molecular scattering correction (MSC) scheme based on vector radiative transfer modeling (VRTM) to account for this effect and demonstrate its performance using observations from the Cloud-Aerosol Lidar with Orthogonal Polarization (CALIOP). The results show that molecular scattering introduces a daytime bias of approximately 1 % at 532 nm, which is effectively removed by the VRTM-based MSC, yielding close agreement with onboard PD calibrations. For the Earth Cloud, Aerosol and Radiation Explorer (EarthCARE) Atmospheric Lidar (ATLID) operating at 355 nm, model calculations indicate that molecular scattering contributions can be more than five times larger than at 532 nm, underscoring the necessity of applying an MSC when the OTIC calibration technique is employed. Together, these results establish the OTIC calibration technique, combined with MSC, as a robust approach for achieving accurate polarization calibration across current and future spaceborne lidar missions."
10.5194/essd-18-5837-2026,True,Earth System Science Data,该论文研究的是含有过冷水滴的云的微物理特性，特别是超级冷大滴（SLD）结冰条件下的云特性。这些研究对于天气预测、气候模型和安全航空操作非常重要，因为它们可以导致飞机结冰。论文中使用了机载仪器测量云粒子和水分含量，并提供了详细的云特性数据集。这与大气环境遥感技术中的空气质量和大气成分分析密切相关，因为理解云的特性对于监测和预测大气环境变化至关重要。,"['cloud microphysical properties', 'supercooled large droplets', 'aircraft icing', 'in-situ measurements', 'atmospheric icing conditions']",Deniz Menekay;Johannes Lucke;Tina Jurkat-Witschas;Christiane Voigt;Simon Kirschler;Aurélien Bourdon,An airborne in-situ dataset of cloud microphysical properties in supercooled large droplet icing conditions,"Clouds containing supercooled water droplets are important for improving weather prediction, climate models, and safe aviation operations because they can lead to aircraft icing. To better understand these clouds, research flights were conducted over Europe using instruments that measure cloud particles and their water content. This study presents the resulting dataset of cloud properties together with the methods used to process and evaluate the measurements collected during the flights. 
 Detailed and comprehensive data sets on microphysical cloud properties in icing conditions are rare. In April 2023, fifteen research flights were performed with the SAFIRE ATR 42 research aircraft during the SENS4ICE-EU airborne measurement campaign over France and adjacent marine regions to measure clouds containing supercooled large droplets (SLD) at altitudes between 2 and 6 km and temperatures of 0 to −18 °C. Ten cloud probes were deployed on the aircraft, comprising four imaging probes, two light-scattering probes, and three hotwire probes, in order to characterise natural SLD conditions and serve as reference instruments for novel aircraft icing detection sensors. This work presents a comprehensive cloud dataset derived from the in-situ instruments used during the campaign, which is accessible on the HALO (High Altitude and Long Range Research Aircraft) database  (https://doi.org/10.17616/R39Q0T, Menekay et al., 2026). The dataset includes measurements of liquid and ice water content, combined particle size distributions, cloud microphysical properties, and meteorological parameters relevant to icing environments. In addition to documenting the dataset structure and processing methods, the paper provides an overview of flight strategies, instrument configurations, and statistical characteristics of the observed cloud properties, including their dependence on temperature and altitude. The dataset is suitable for studies of atmospheric icing conditions, mid-level clouds, sensor development, and model evaluation. It represents a rare collection of in-situ observations of SLD characteristics in icing environments and supports the evaluation of numerical weather prediction models under icing conditions to improve weather forecasts in hazardous conditions."
10.5194/essd-18-5855-2026,True,Earth System Science Data,该论文研究的是通过时空多尺度相关性和动态高度约束重建全球高分辨率的温度和盐度数据集，这属于海洋环境监测的范畴。虽然主要关注海洋物理参数，但高分辨率数据集的重建方法与大气环境遥感技术中的数据处理和分析有相似之处，例如都涉及多尺度数据融合和物理约束的应用。因此，该论文与大气环境遥感技术有较强的相关性。,"['temperature and salinity', 'oceanography', '4D-MGA']",Haowen Wu;Wei Li;Hong Li;Guijun Han;Gongfu Zhou;Hanyu Liu;Lige Cao;Qingyu Zheng,A global high-resolution temperature and salinity reconstruction by spatiotemporal multiscale correlations and dynamic height constraints,"Temperature and salinity (T&amp;S) are fundamental in physical oceanography. Objective analysis can generate highly reliable gridded T&amp;S datasets. However, most existing representative products have relatively coarse resolution. This study develops a global 1/4° high-resolution product by integrating spatiotemporal correlations and physical constraints. Results show that the dataset achieves excellent overall accuracy and unbiased performance, while effectively capturing abundant mesoscale features. 
 High-resolution temperature and salinity (T & S) gridded datasets are essential for exploring large and mesoscale ocean phenomena. In this study, a global, weekly T & S gridded dataset with a horizontal resolution of 1/4° and a depth range of 0–1500 m from 2005 to 2023 is reconstructed using a four-dimensional multigrid analysis (4D-MGA) framework, based on the T & S profiles in WOD23. With minimal prior statistical assumptions, the 4D-MGA efficiently extracts information from in-situ T & S profiles and satellite-observed sea level anomalies by integrating multiscale spatiotemporal correlation and physical constraints. The results show that the 4D-MGA product successfully delivers a credible, high-resolution analysis that combines robustness with reliable mesoscale information. Specifically, our product exhibits a lower root mean square error and excellent unbiased performance on a global scale when compared with the ARMOR3D product and the GLORYS reanalysis. Furthermore, the clear recirculation in the western boundary currents (WBCs) can be well captured by the 4D-MGA product. The product is then applied to investigate the linear trends of geostrophic transport within five key sections in WBCs. The Kuroshio and Agulhas Current transports exhibit significant decreasing trends, with rates of 0.34 ± 0.07/0.26 ± 0.06, 0.23 ± 0.05/0.10 ± 0.06, and 0.30 ± 0.06/0.12 ± 0.05 Sv yr−1 in 4D-MGA, ARMOR3D, and GLORYS, respectively. The weekly reconstructed dataset (4D-MGA) is freely available at https://doi.org/10.5281/zenodo.19378150 (Wu et al., 2026a)."
10.5194/gmd-19-7415-2026,False,Geoscientific Model Development,该论文主要关注地球系统模型（ESMs）的性能评估和基准测试，虽然涉及大气成分分析，但重点在于模型评估框架，而非遥感技术本身。,"['Earth system models', 'model-data comparisons', 'atmospheric composition']",Forrest M. Hoffman;Birgit Hassler;Ranjini Swaminathan;Jared Lewis;Bouwe Andela;Nathan Collier;Dóra Hegedűs;Jiwoo Lee;Charlotte Pascoe;Mika Pflüger;Martina Stockhause;Paul Ullrich;Min Xu;Lisa Bock;Felicity Chun;Bettina K. Gier;Douglas I. Kelley;Axel Lauer;Julien Lenhardt;Manuel Schlund;Mohanan G. Sreeush;Katja Weigel;Ed Blockley;Rebecca Beadling;Romain Beucher;Demiso D. Dugassa;Valerio Lembo;Jianhua Lu;Swen Brands;Jerry Tjiputra;Elizaveta Malinina;Brian Medeiros;Enrico Scoccimarro;Jeremy Walton;Phil Kershaw;André Lanfer Marquez;Malcolm J. Roberts;Eleanor O'Rourke;Beth Dingley;Briony Turner;Helene Hewitt;John P. Dunne,Rapid Evaluation Framework for the CMIP7 Assessment Fast Track,"The Rapid Evaluation Framework (REF) is a community-driven platform for benchmarking and performance assessment of Earth system models. Built upon four disparate community evaluation tools, the REF is designed to provide model-data comparisons for the Assessment Fast Track for the Seventh Phase of the Coupled Model Intercomparison Project. The REF will be run at the Earth System Grid Federation to enable model devleopers and scientists to quickly identify model biases and performance issues. 
 As Earth system models (ESMs) grow in complexity and in volume of output data, there is an increasing need for rapid, comprehensive evaluation of their scientific performance. The upcoming Assessment Fast Track for the Seventh Phase of the Coupled Model Intercomparison Project (CMIP7) will require expeditious response for model analyses designed to inform and drive integrated Earth system assessments. To meet this challenge, the Rapid Evaluation Framework (REF), a community-driven platform for benchmarking and performance assessment of ESMs, was designed and developed. The initial implementation of the REF, constructed to meet the near-term needs of the CMIP7 Assessment Fast Track, builds upon four disparate community evaluation and benchmarking tools that are coupled together using the Coordinated Model Evaluation Capabilities (CMEC) framework. The REF runs within a containerized workflow for portability and reproducibility and is aimed at generating and organizing diagnostics covering a variety of model variables. The REF leverages well documented observational datasets to provide assessments of model fidelity across a collection of diagnostics. All diagnostics were identified and selected with community involvement and consultation. Operational integration with the Earth System Grid Federation (ESGF) will permit automated execution of the REF for selected diagnostics as soon as model output data are published on ESGF by the originating modeling centers. The REF is designed to be portable across a range of current computational platforms to facilitate use by modeling centers for assessing the evolution of model versions or gauging the relative performance of CMIP simulations before being published on ESGF. When integrated into production simulation workflows, results from the REF provide immediate quantitative feedback that allows model developers and scientists to quickly identify model biases and performance issues. After the REF is released to the community, its subsequent development and support will be prioritized by an international consortium of scientists and engineers, enabling a broader impact across Earth science disciplines. For instance, the REF will facilitate improvements to models and will enhance confidence in model projections through process-based selection of models based on their performance with respect to observations. Production of reproducible diagnostics and community-based assessments are key features of the REF. Furthermore, providing interoperability with existing evaluation packages assures that contributions from previous community efforts will be available for use in future model intercomparison projects."
10.5194/gmd-19-7479-2026,True,Geoscientific Model Development,该研究涉及海洋与波浪的耦合模型，用于模拟空气-海洋之间的CO2交换，这与大气环境遥感技术中的空气质量监测和海洋成分分析密切相关。,"['air–sea CO2 exchange', 'ocean carbon sink', 'wave effect mechanisms', 'POP2–waves coupled model']",Yung-Yao Lan;Huang-Hsiung Hsu;Wei-Liang Lee;Simon Chou,Enhancing air–sea CO2 exchange and modulating seawater carbonate–pH dynamics: the role of wave effect mechanisms in the POP2–waves coupled model,"This study links wave and ocean models in real time to better simulate how our oceans breathe. Unlike older models that treat waves and oceans separately, this new approach captures their dynamic interactions. It reveals that wave-generated bubbles drive up to 40% of the gas exchange, boosting the estimated global ocean carbon sink by 1.8%. This helps scientists better predict climate change and understand the ocean's natural capacity to buffer global warming. 
 In this study, a wave module is online-coupled into the Parallel Ocean Program version 2 (POP2) within the CESM1.2.2 framework (hereafter POP2–waves). Unlike empirical data analyses of observation-based products and offline-forced ocean models that treat wave-induced gas transfer velocity and the air–sea difference in partial pressure of CO2 (ΔpCO2) as decoupled variables, the online-coupled POP2–waves model captures their interactive, ΔpCO2-mediated negative feedbacks. This setup enables wave properties to dynamically modulate gas transfer velocity and physical mixing through sequential processes. POP2–waves is evaluated alongside a control simulation (B–CTL) against the National Oceanic and Atmospheric Administration (NOAA) CarbonTracker (CT2022) inversion product. The spatial air–sea CO2 flux in POP2–waves simulation shows generally closer structural agreement with NOAA CT2022 than the control B–CTL, thereby improving performance in most selected regions. Specifically, bubble-mediated transfer accounts for up to 41.3 % of the total flux, consistent with the ∼40 % contribution reported in recent research. Although the inclusion of waves (POP2–waves) enhances regional oceanic CO2 uptake by 11.8 % and outgassing by 41.6 %, these two processes largely offset each other. Consequently, this dual enhancement results in only a slight 1.8 % increase in the global net ocean CO2 sink compared to the B–CTL simulation. Globally, air–sea ΔpCO2 and pH exhibit the strongest positive and negative regression coefficients with the air–sea CO2 flux, respectively. Regionally, the gas transfer velocity shows a positive (negative) regression coefficient within oceanic CO2 outgassing (uptake) regions, whereas SST displays the opposite trend."
10.5194/gmd-19-7457-2026,True,Geoscientific Model Development,该论文与大气环境遥感技术密切相关，因为它涉及使用遥感和再分析数据校正区域气候模型（RCM）的输入数据，以提高未来气候模拟的准确性和一致性。这直接关系到大气成分分析和空气质量监测等领域，因为准确的气候模型是理解大气变化和预测极端天气事件的基础。,"['Regional Climate Models', 'bias correction', 'atmospheric variables', 'climate projections', 'SDMBC']",Youngil Kim;Jason P. Evans,SDMBCv2 (v1.0): correcting systematic biases  in RCM inputs for future projection,"Climate models used to study future climate often contain systematic errors that affect high-resolution simulations. This study presents a new open-source tool that reduces these errors before regional climate simulations are run. By correcting multiple atmospheric variables together and at short time scales, the method improves realism and consistency in simulated climate patterns. This leads to more reliable regional projections, particularly for extreme weather events. 
 Regional Climate Models (RCMs) offer enhanced spatial resolution and a more realistic depiction of local climate processes. However, they often inherit systematic biases from their driving Global Climate Models (GCMs), which can compromise the accuracy of downscaled climate projections. To address this, bias correction techniques have been widely employed to adjust GCM and RCM outputs, particularly for climate impact and adaptation studies. Traditional methods, however, typically correct surface variables independently and lack physical and dynamical consistency. Bias correcting GCM boundary conditions prior to RCM simulation ensures a more coherent, physically and dynamically consistent, regional climate simulation with reduced errors. This study evaluates the effectiveness of such an approach using a calibration/validation framework, demonstrating significant error reduction during the validation (out-of-sample) period compared to uncorrected GCM data. We present an updated version of the open-source Python package, Sub-Daily Multivariate Bias Correction (SDMBC) v2, designed to correct RCM input variables using both reanalysis and raw GCM datasets. Enhancements include support for future climate projections, flexible horizontal and vertical interpolation for compatibility with diverse datasets, and a fully Python-based architecture optimized for parallel processing and high-performance computing. This paper illustrates the software's capabilities and provides a practical application example."
10.5194/gmd-19-7503-2026,True,Geoscientific Model Development,该论文介绍了一个名为BinMod1D的Python包，用于模拟大气中雨滴或雪粒的碰撞合并和破碎过程，并计算相应的极化雷达信号。这直接与大气环境遥感技术相关，特别是与天气雷达和大气成分分析相关，因为该包可以模拟雷达观测到的粒子分布和极化特征，从而用于评估雷达和机器学习模型在估计粒子分布方面的性能。,"['collisional coalescence', 'polarimetric radar', 'atmospheric particle distribution', 'weather radar', 'BinMod1D']",Edwin Lee Dunnavan,BinMod1D v1.0.10: a Python package for explicitly simulating 1D collisional coalescence/breakup processes with corresponding polarimetric radar signatures,"This paper introduces BinMod1D, a new open-source Python package that allows users to easily, quickly, and explicitly calculate the distribution evolution of rain or snow particles undergoing collision-coalescence and collisional breakup in three different model modes. Validated against known solutions and meteorological scenarios, it is intended for developing reference solutions for assessing the performance of radar, machine learning, and AI models in estimating particle distributions. 
 This paper details a computationally efficient and versatile Python package (BinMod1D v1.0.10) that explicitly evolves spectral bin distributions and corresponding polarimetric radar variables for rain or snow according to atmospheric collisional coalescence and breakup processes. BinMod1D can be executed as a box model, a 1D steady-state model in height, or a full (time and height) 1D column model utilizing multiple particle categories, each of which can have their own densities, aspect ratios, and fall speeds. Forward simulations of polarimetric radar variables are implemented using standard Rayleigh analytic scattering equations. Two-moment (mass and number) or one-moment (mass only) particle interaction calculations follow a source-based spectral bin method. Bin interaction computations are parallelized using just-in-time (JIT) compilation for high performance. BinMod1D box model solutions are validated using analytic solutions of collision-coalescence using a variety of kernels as well as for breakup and the steady-state balance of coalescence with breakup. BinMod1D capabilities are demonstrated through steady-state simulations of rainfall and snow signatures, as well as vertical profiles of diverse meteorological scenarios. Convergence and timing tests are provided for the meteorological scenario of a cloud to rain transition using a realistic collision kernel and fragment distribution. BinMod1D is intended to enable cloud microphysics and weather radar researchers to efficiently simulate vertical profiles of complex weather events. Such a tool can be used to provide reference solutions for training machine learning models and validating various retrieval methodologies."
10.1029/2026GL122987,False,Geophysical Research Letters,该论文主要关注意大利洪水风险的评估，从历史到未来的分析，重点在于人口增长、迁移和气候变化对洪水风险的影响。虽然与环境和气候变化相关，但并未涉及大气环境遥感技术，如空气质量监测、卫星观测、大气成分分析或气溶胶反演等具体技术。因此，它与大气环境遥感技术的关联性不强。,[],Luciano Pavesi;Jose Luis Salinas;Stefano Zanardo;Maximiliano Sassi;Arno Hilberts;Elena Volpi;Aldo Fiori,"The Portrait of Flood Risk in Italy: Past, Present and Future, From 1870 to 2100","Among European countries, Italy ranks as one of the most susceptible to flood risk. While this figure is already substantial, climate change and rapid urbanization in flood‐prone areas have been identified as the two main drivers expected to elevate the number of individuals at risk. This study offers a comprehensive assessment of these two drivers of flood risk in Italy over 230 years, from 1870 to 2100, focusing on how they interact to increase risk. Using the large‐scale flood risk model RESCUE‐FR, we analyze the population at risk under the 200‐year return period scenario to provide a targeted assessment of population risk, how it has evolved in the past, and its projection in the future. Our findings indicate that while historical flood risk in Italy has primarily been influenced by population growth and migration into at‐risk areas, future projections suggest that climate change will become the dominant driver of flood risk."
10.1029/2026GL123046,True,Geophysical Research Letters,该论文研究的是由堪察加地震引发的地震和海啸传播的离子层扰动，使用了连续波高频多普勒探测系统和离子测距仪进行观测。这些技术属于大气环境遥感技术的范畴，特别是与大气成分分析和电离层扰动监测相关。,"['ionospheric disturbances', 'Doppler sounding', 'ionosondes', 'seismo-tsunami waves']",Yao‐Chun Chen;Jann‐Yenq Liu;Tien‐Chi Liu;Katsumi Hattori;Jaroslav Chum;Chieh‐Hung Chen;Wen‐Yen Chang;Bor‐Shouh Huang;Rui Song;Horng‐Yuan Yen,Seismo‐ and Tsunami‐Traveling Ionospheric Disturbances of the 29 July 2025 M8.8 Kamchatka Earthquake Observed by CW‐HF Doppler Sounding Systems and Ionosondes in Taiwan and Japan,"Doppler frequency shifts (DFSs) recorded by continuous wave‐high frequency Doppler sounding systems and ionograms observed by five ionosondes in Taiwan and Japan are used to study three‐dimensionally seismo‐ and tsunami‐traveling ionospheric disturbances (STIDs and TTIDs) triggered by the 29 July 2025 Mw8.8 Kamchatka earthquake. Prominent STIDs in DFSs travel horizontally with the supersonic speed of 3.7 km/s, the period of 20 s, and the wavelength of 74 km, and vertically upward with the speed of sound, the period of about 40 s, and the wavelength of about 16 km. TTIDs consist of infrasonic and/or acoustic‐gravity waves, which make vertical phase speed and period difficult to estimate, whereas TTIDs travel horizontally close to the tsunami wave speed of about 200 m/s. Results show that the associated STIDs and TTIDs in DFSs are tens of thousands of times larger than the vertical fluctuations of seismic and tsunami waves on the ground."
10.1029/2025GL119774,True,Geophysical Research Letters,该论文研究的是南极罗斯海大陆架上的水文观测，特别是使用小型CTD标签在Weddell海豹上收集的水文数据。虽然主题是海洋水文，但其中涉及的水文观测技术和对水团（如mCDW）的分析与大气环境遥感技术中的大气成分分析和空气质量监测有间接关联，因为大气成分和空气质量也依赖于对海洋和大气界面的观测数据。,"['CTD', 'hydrographic observations', 'mCDW', 'atmospheric composition analysis']",Hyunjae Chung;JiKang Park;Mijin Park;Yejin Kim;Unyoung Chun;Sukyoung Yun;Won Sang Lee;Hyun A. Choi;Craig Stevens;Seung‐Tae Yoon;Ji Sung Na;Won Young Lee,Seal‐Based Detection of Southward Intrusion of mCDW on the Ross Sea Continental Shelf,"Seasonal exchange between modified Circumpolar Deep Water (mCDW) and dense shelf water shapes Antarctic Bottom Water in the Ross Sea, making year‐round hydrographic observations indispensable, yet winter observations remain scarce. Miniaturized CTD tags deployed on 64 Weddell seals in Terra Nova Bay during three years relayed 22,661 profiles across the shelf, supplemented by 43 ship‐based CTD profiles. To characterize vertically structured and spatially irregular hydrographic observations, CTD profiles were reduced with principal component analysis and clustered using Gaussian‐mixture models, performed separately for summer and winter. Summer is characterized by stratification and mid‐depth mCDW intrusions, whereas winter reveals multiple mCDW regimes, including warm, salty inflows along troughs, fresher intrusions near Hayes Bank, and mCDW–HSSW mixed layer. These results demonstrate that, contrary to previous studies suggesting mCDW influence is confined to summer, mCDW also penetrates onto the shelf during winter, where its interaction with dense shelf waters defines distinct transformation zones."
10.1029/2026GL121733,True,Geophysical Research Letters,该论文研究了平流层到对流层臭氧的传输，这是大气环境遥感技术中的一个重要领域，特别是涉及到大气成分分析和空气质量监测。论文使用了天气模式分析平流层到对流层臭氧传输的亚季节性变化，这与卫星观测和大气环流分析密切相关，因此与大气环境遥感技术密切相关。,"['ozone', 'stratosphere-to-troposphere transport', 'weather patterns']",Jaewon Lee;Yutian Wu;Simon H. Lee,Modulation of Stratosphere‐to‐Troposphere Transport of Ozone by North Pacific Weather Patterns,"Stratosphere‐to‐troposphere transport (STT) of ozone is a major natural source of tropospheric ozone and is tightly linked to both stratospheric and tropospheric circulations. However, the complex interactions of drivers make it challenging to understand the subseasonal variability of STT. Here, we apply a weather pattern perspective to address the midlatitude internal variability of STT over western North America, the strongest global hotspot. Seven North Pacific weather patterns are identified using self‐organizing maps applied to year‐round 500 hPa geopotential height anomalies from a nudged WACCM6 simulation. Extreme STT occurs preferentially in the pattern with a deep trough south of Alaska, resembling the previously defined Pacific Trough regime. A larger ozone source and an aligned strong jet lead to frequent intrusions in this pattern. The weather pattern framework explains the impact of El Niño–Southern Oscillation on STT variability and its temporally evolving preference. It also suggests potential predictability of stratospheric intrusions through weather patterns."
10.1029/2026GL125087,True,Geophysical Research Letters,该论文研究的是土星磁场中的非热无线电极光辐射（SKR），涉及卫星观测（Cassini探测器）和等离子体物理中的波粒相互作用，与大气环境遥感技术中的卫星观测和等离子体成分分析密切相关。,"['SKR', 'Cassini', 'Cyclotron Maser Instability', 'loss cone', 'satellite observations']",B. Collet;L. Lamy;Y. Kasaba;N. Andre,Reanalysis of SKR Source Crossed by Cassini: Loss Cone Electrons as a Secondary Source of Free Energy,"Saturn's Kilometric Radiation (SKR) is a powerful non‐thermal radio auroral emission produced by the Cyclotron Maser Instability (CMI), which generates waves close to the local cyclotron frequency in a highly magnetized plasma from mildly relativistic electrons. The source of free energy for SKR was identified by Cassini to be the monoenergetic shell (horseshoe) distributions of 6–12 keV. Since then, Juno identified loss cone and shell distributions as the main and secondary CMI sources of free energy at Jupiter. We reanalyze Cassini measurements during SKR source crossings. We identify similar empty loss cones between 1.6 and 8.9 keV on 6 occasions alongside shell distributions. We show that loss cone distributions are unstable by computing the CMI growth rate. The amplified waves are predicted to have frequencies between 1.003fce ${f}_{ce}$ and 1.017fce ${f}_{ce}$ with a beaming angle close to 80° $80{}^{\circ}$. Finally, we compare our findings with those obtained at Jupiter."
10.1029/2026GL121937,True,Geophysical Research Letters,该论文研究了末次盛冰期北非尘土沉积的偶极模式，探讨了风方向和温度梯度对尘土运输的影响，这与大气环境遥感技术中的空气质量监测和大气成分分析密切相关。,"['North African Dust', 'atmospheric composition', 'wind direction', 'dust deposition', 'Last Glacial Maximum']",Fangjingcheng Zhu;Peter O. Hopcroft;Samuel Albani;Minmin Fu;Anya J. Crocker;Chuang Xuan;Paul A. Wilson,Dipole in North African Dust Deposition at the Last Glacial Maximum Explained by Shifted Wind Direction Under Steepened Meridional Temperature Gradients,"Geological records strongly suggest that, globally, Earth's atmosphere was much dustier than present during the Last Glacial Maximum (LGM) but the explanation is debated, with greater aridity, stronger/gustier winds and less effective washout from a drier atmosphere all invoked. Yet dust deposition can be spatially complex. Both the North Atlantic Ocean and Mediterranean Sea receive dust from the world's main source, North Africa, but they suggest a dipole pattern of dust accumulation with increased and decreased LGM inputs respectively. Here we use pre‐industrial and LGM simulations from two Earth System models to investigate this dipole. We show that African dust export westwards to the Atlantic Ocean is favored by steep meridional North Atlantic thermal gradients and a strengthened Azores High while transport northwards to the Mediterranean is favored when temperature gradients and the Azores High are weaker. Our results show that wind direction can strongly influence paleo‐dust and ‐climate records."
10.1029/2025GL119853,False,Geophysical Research Letters,该论文主要研究地壳中的地震活动与火山活动，涉及地震学和火山学，但与大气环境遥感技术（如空气质量监测、卫星观测、大气成分分析、气溶胶反演）没有直接关系。,"['seismic tremors', 'volcanic crisis', 'magmatic fluid dynamics']",Jean Soubestre;Jannes Münchmeyer;Quentin Higueret;Nikolai M. Shapiro;Florent Brenguier;Anthony Lomax,Deep Seismic Tremors in the 2025 Santorini Seismo‐Volcanic Crisis Highlight Magmatic Feeding From a Mid‐Crustal Reservoir,"An intense seismic swarm started on 27 January 2025 in the Santorini‐Amorgos region and lasted for approximately 45 days. A widely observed seismic tremor on 14 February 2025 suggested a volcanic origin for the 2025 Santorini crisis. Here we present an in‐depth combined seismological analysis of the earthquakes and tremors that occurred during the crisis. We observe two distinct families of tremor, associated with different generation mechanisms. The first family corresponds to tremor signals composed of densely‐spaced, overlapping earthquakes and exhibits migration patterns similar to those of the swarm. In contrast, the second family is attributed to deeper, lower‐frequency tremor signals, probably involving magmatic fluid dynamics near a mid‐crustal melt reservoir located a few kilometers southeast of Kolumbo volcano. Our results show how, within one volcanic system, magma migrations can lead to different seismic signatures and highlight the need for continuous monitoring of both tremor and earthquake activity."
10.1029/2026GL122646,True,Geophysical Research Letters,该论文研究了沿海海表温度与陆地附近湿热热应激之间的关系，涉及气候变化、海洋和陆地热特性分析，与大气环境遥感技术中的空气质量监测、卫星观测、大气成分分析等领域密切相关。,"['Sea Surface Temperature', 'Humid Heat Stress', 'Coastal Ocean Warming', 'Marine Heatwave', 'Land Heat Characteristics']",Noel V. A. Siegert;Radley M. Horton,Positive Association Between Coastal Sea Surface Temperatures and Humid Heat Stress on Nearby Land,"Large populations along Earth's coastlines are exposed to climate hazards including extreme humid heat. Considering observed coastal ocean warming and increased coastal marine heatwave (MHW) activity, we seek to uncover if, how, and where coastal ocean temperatures are linked with heat and humidity on land nearby. We analyze near‐coastal sea surface temperatures (SST) and corresponding land heat characteristics at 1,474 global coastal locations from 1990 to 2023 and find coastal MHW occurrence is associated with positive terrestrial heat/humidity anomalies across seasons, and that warmer coastal SST are associated with more frequent hot/humid extremes on land. We highlight an increase in concurrent marine and terrestrial (THW) heatwave days at many locations, which appears largely driven by MHW trends. Coastal MHW, THW, and concurrent events share similar buildup characteristics, but concurrent and MHW events are more humid than THW and display temperature anomalies which peak at the surface rather than aloft."
10.1029/2026GL123699,False,Geophysical Research Letters,该论文主要研究地壳构造活动中的地震震源和应力变化，涉及地质学和地震学领域，与大气环境遥感技术（如空气质量监测、卫星观测、大气成分分析、气溶胶反演）无直接关联。,"['tectonic tremor', 'Coulomb stress', 'tomography']",Weifan Lu;Satoshi Ide;Chunmei Ren,Abrupt Suppression of Tectonic Tremors Outside the Stress Shadow of Mendocino Earthquakes,"Tectonic tremor is a long‐duration noise‐like seismic signal associated with slow fault motion at major plate boundaries. Due to their remarkable sensitivity to stress perturbations, tremors serve as invaluable probes of the mechanical state and stress conditions deep within fault zones. Near the Mendocino Triple Junction, a tremor cluster ceased abruptly following each of three Mw 6.0+ earthquakes (2020–2024), including the 2024 Mw 7.0 Mendocino fault earthquake. Moment tensor inversion reveals a high‐angle, right‐lateral strike‐slip mechanism for this tremor cluster. Coulomb stress modeling indicates the tremor cluster is located in a region where Coulomb stress was increased by the mainshock. During the recovery phase of tremor activity, we observed a clear migration trend. Integrating these observations with tomography, we suggest that fluid‐related processes may have contributed to tremor suppression and recovery. Our results provide a broader framework for understanding how large earthquakes modulate slow fault slip beyond stress shadow effects."
10.1029/2026GL122814,True,Geophysical Research Letters,该论文研究的是使用地理空间基础模型嵌入（如AlphaEarth和StefaLand）作为可转移的流域描述符，用于降雨-径流建模。虽然主要关注水文模型，但地理空间基础模型嵌入可以用于大气环境遥感技术中的大气成分分析和空气质量监测，因此与该领域有一定相关性。,"['geospatial foundation model', 'rainfall-runoff modeling', 'catchment descriptors']",Jiangtao Liu;Chaopeng Shen;Yuan Yang;Haoyu Ji;Kathryn Lawson;Nicholas Kraabel,Geospatial Foundation Embeddings as Transferable Catchment Descriptors,"Deep learning hydrological models rely on static catchment attributes to characterize basin heterogeneity, but these traditional descriptors suffer from regional inconsistency and limited temporal representativeness. This study evaluates geospatial foundation model embeddings (from AlphaEarth and StefaLand) as transferable catchment descriptors for rainfall‐runoff modeling. Temporal validation across 531 CAMELS basins showed that deep learning models trained on AlphaEarth embeddings alone achieved comparable performance to those trained on traditional attributes (median Nash‐Sutcliffe Efficiency (NSE) 0.779 vs. 0.781). In a global prediction in ungauged basins (PUB) scenario with 3,434 basins, combining embeddings with traditional attributes improved median NSE from 0.683 to 0.720. A dual‐path gated model revealed structured spatiotemporal reliance patterns: models preferentially utilized embeddings during snowmelt transitions and in humid basins, with limited reliance in arid catchments. Independent validation with StefaLand embeddings from a land‐surface foundation model yielded consistent temporal validation results, supporting the broader use of learned embeddings as transferable catchment descriptors."
10.1029/2026GL122859,True,Geophysical Research Letters,该论文研究了气候模型在模拟太平洋表面温度趋势方面的不足，特别是与真实观测到的太平洋东西两侧温度变化模式（即太平洋增温模式差异）的对比。虽然论文主要关注气候模型的偏差和改进，但其涉及到的气候模型、大气模式、增温模式等都与大气环境遥感技术密切相关，特别是在理解大气成分和气候变化方面。因此，该论文与大气环境遥感技术（如大气成分分析、卫星观测等）有强相关性。,"['climate models', 'Pacific warming', 'ITCZ rainband', 'atmospheric patterns']",Robert C. J. Wills;Pedro N. DiNezio,Pacific Warming Pattern Discrepancy Linked to Spurious Rainband in Climate Models,"The distinctive pattern of observed Pacific surface temperature trends, with cooling in the east and intensified warming in the west, departs from the more uniform warming anticipated by climate models. The apparent inability of climate models to simulate this warming pattern limits our ability to understand why it is occurring and to predict its wide‐ranging impacts. Here we demonstrate a link between climate models' Pacific warming pattern discrepancy and their simulation of a spurious Inter‐Tropical Convergence Zone (ITCZ) rainband south of the equator—commonly referred to as the “double‐ITCZ bias.” Models with reduced double‐ITCZ bias better simulate a key feedback pathway, leading to both stronger decadal variability and anthropogenically forced warming patterns more closely resembling observations. Our findings suggest that observed Pacific trends may contain a stronger forced component than previously recognized and that reducing the double‐ITCZ bias is critical for improving the reliability of climate projections."
10.1029/2026GL122619,True,Geophysical Research Letters,该论文研究的是热带对流层中羟自由基（OH）对理想化厄尔尼诺-南方涛动的响应，涉及大气化学和大气成分分析，与大气环境遥感技术中的空气质量和大气成分监测密切相关。,"['hydroxyl radical', 'ENSO', 'atmospheric chemistry']",Qindan Zhu;Arlene M. Fiore;Robert Pincus;Jian Guan;Clare E. Singer;Brian Medeiros;Paolo Giani,Weak Tropical Tropospheric OH Response to Idealized ENSO,"The hydroxyl radical (OH) is a key oxidant for methane. Previous studies suggest that OH exhibits interannual variability linked to the El Nino–Southern Oscillation (ENSO), but the sign, magnitude, and underlying mechanisms of this response remain uncertain. We diagnose changes in OH using the CAM‐chem chemistry–climate model with prescribed sea surface temperature composites corresponding to ENSO phases. We find a weak but statistically significant 2.3% decrease in tropical tropospheric air‐mass‐weighted OH during El Nino, and no significant change during La Nina. During El Nino, this net decline in OH is driven by enhanced biogenic and biomass burning emissions, while the direct meteorological contribution is negligible. Lightning‐produced NO emissions and their associated effects on OH are indistinguishable from atmospheric variability during both ENSO phases. Our results indicate that biogenic emissions play a significant but previously underappreciated role in regulating interannual variability in OH and the global methane budget."
10.1029/2026GL124609,True,Geophysical Research Letters,该论文研究了风场分辨率对海岸边界处波浪极端值模拟的影响，涉及气象和海洋学中的风场和波浪模拟技术，与大气环境遥感技术中的空气质量和海洋观测相关，因此相关性较高。,"['wave model', 'wind resolution', 'cyclone', 'SWAN', 'wave extremes']",I. B. Villalba;M. D. Harley;A. Sharma,Impact of Wind Forcing Resolution on Modeled Wave Extremes at the Coastal Boundary,"Accurate wind forcing is essential for modeling extreme wave conditions. This study evaluates how wind resolution influences the representation of maximum wind speeds and the simulation of maximum significant wave heights across two cyclone environments: extratropical cyclones in Australia and tropical cyclones in the Philippines. Using an event‐based approach, the SWAN wave model was forced with five wind data sets derived from BARRA‐R2 (0.11°, 0.25°, 1°) and ERA5 (0.25°, 1°) reanalyses. Coarse‐resolution winds exhibit larger biases in maximum wind speeds and wave heights, with greater sensitivity near the coast. Resolution effects were more consistent under extratropical cyclones and more spatially variable under tropical cyclones, with coastal geometry and topography also influencing differences. These biases arise from the inability of coarse wind fields to resolve steep wind gradients near cyclone cores and coastal zones. The results highlight the importance of high‐resolution wind forcing for improving wave extreme simulations at the coastal boundary."
10.1029/2026GL123320,True,Geophysical Research Letters,该论文研究了西北极海冰异常退却现象，涉及大气和海洋热力学异常，与大气环境遥感技术中的海冰监测和大气成分分析密切相关。,"['sea ice retreat', 'Arctic cyclone', 'surface energy balance']",Xingkun Xu;Takuji Waseda;Tsubasa Kodaira;Takehiko Nose;Kazutaka Tateyama,"Anomalous Sea Ice Retreat in the Refreezing Western Arctic by a 30‐Year Record Cyclone in October: Oceanic, Atmospheric, and Wave Influences","An extreme Arctic cyclone (AC) in October 2022 reached a record‐low pressure of 955 hPa and caused unusual wave‐induced sea‐ice breakup in the Canada Basin, making it the strongest event in the western Arctic in 30 years. Here we examine how this event interrupted freeze‐up by quantifying sea‐ice retreat associated with atmospheric and oceanic thermodynamic anomalies, focusing on positive surface energy balance (SEB) anomalies and enhanced ocean heat content (OHC). Using a latent heat of fusion framework, we estimate melt‐equivalent sea‐ice thickness (SIT) reductions from anomalous SEB and OHC. Oceanic thermodynamics may cause up to 14 cm of upper‐bound SIT potential reductions, exceeding the atmospheric contribution of 1 cm. Atmospheric forcing peaked 1 day before the cyclone maximum, whereas oceanic forcing peaked at the storm peak. The discrepancy between thermodynamic estimates and observed ice‐cover changes suggests that mechanical redistribution and wave‐induced fragmentation may have delayed freeze‐up and enhanced open‐water exposure."
10.1029/2025GL121193,False,Geophysical Research Letters,该论文主要研究岩石行星壳体厚度长波变化的起源，涉及地质学和行星科学领域，与大气环境遥感技术（如空气质量监测、卫星观测、大气成分分析、气溶胶反演）没有直接关联。,"['crustal thickness', 'rocky planets', 'mantle melting']",Valentin Bonnet Gibet;Chloé Michaut,Origin of Long‐Wavelength Variations in Crustal Thickness on Rocky Planets,"Long‐wavelength crustal thickness variations are observed on telluric planets, particularly on Mars and the Moon whereas Mercury appears to lack such variations. They may stem from two early‐stage positive feedback mechanisms that can emerge in stagnant‐lid planets. Both rely on an increased mantle melting below thinner lids due to lower pressures. The first feedback is between the extraction rate of heat‐producing elements (HPEs) concentrated in mantle melts and the lid HPE content. The second links the lid thickness and its growth rate through the melt‐influenced mantle viscosity. Linear stability analyses and thermal evolution simulations show that the second mechanism is the fastest. We demonstrate that, while the Martian dichotomy can be generated by the HPE‐driven mechanism alone, both mechanisms must interact to produce the observed lunar crustal asymmetry. In contrast, Mercury's rapid cooling only allows for the fastest mechanism. Crustal thickness variations on Mercury appear limited to sufficiently thin crusts."
10.1029/2026GL122540,True,Geophysical Research Letters,该论文使用CMIP6模拟评估了历史极端温度并预测了未来变化，涉及地表温度和空气温度的极端值分析，这与大气环境遥感技术中的温度监测和气候变化研究相关，因此是强相关的。,"['CMIP6', 'surface temperatures', 'air temperatures', 'extremes', 'climate projections']",Anthony K. Wilson;Nicholas Lutsko;Daniela Faggiani Dias;Arthur J. Miller,Projections of Earth's Hottest Surface Temperatures in CMIP6,"Earth's hottest near‐surface air temperatures provide a benchmark for the upper tail of land heat extremes. Using CMIP6 simulations, we evaluate historical extremes against Berkeley Earth and project future changes under SSP2‐4.5 and abrupt‐4 × CO2 ${\text{CO}}_{2}$. Historical fidelity is assessed from the spatial pattern of the 99th percentile of daily maximum temperature p99Tmax $\left(p99\,{T}_{\max }\right)$ over land using centered RMSE, mean bias, and spatial R2 ${R}^{2}$. We analyze three annual tropical land indices: tropical land‐mean temperature TTL $\left({T}_{TL}\right)$, daily‐mean temperature on the hottest day each year TDM $\left({T}_{DM}\right)$, and the maximum daily‐maximum temperature TDX $\left({T}_{DX}\right)$. Across models, TDM ${T}_{DM}$ and TDX ${T}_{DX}$ warm 30%–40% faster than TTL ${T}_{TL}$ in transient trends and equilibrium responses, consistent with amplified upper‐tail warming. Hotspot‐frequency maps of the annual global land maximum show persistence in subtropical arid and semi‐arid regions. We define a fixed‐threshold record‐like benchmark for hottest‐land temperature and relate exceedance likelihood to tropical land warming; pooled fits show exceedance odds rise ∼35% per 1° $1{}^{\circ}$C."
10.1029/2026GL124199,False,Geophysical Research Letters,该论文主要研究的是基于拉伸立方球网格的全球-区域人工智能天气预报技术，虽然涉及大气环境，但重点在于天气预报而非环境遥感技术，如空气质量监测、卫星观测、大气成分分析或气溶胶反演等。,"['weather forecasting', 'stretched cubed sphere', 'AI']",Jin Feng;Weiwen Ji,Global‐Regional AI Weather Forecasting on a Stretched Cubed Sphere,"Regional weather hazards need local detail but remain constrained by the surrounding global circulation. Current AI weather forecasting mainly relies on globally uniform latitude‐longitude tensors, spherical graphs, or limited‐area models with external boundary forcing. Numerical weather prediction offers another route through a stretched cubed sphere (SCS) mesh, which keeps the globe closed while refining a target region. Motivated by this, we develop one‐step and multistep StretchCast models on the SCS mesh, with 7,776 global cells and about 0.875° ${}^{\circ}$ mean resolution over eastern China. The one‐step model establishes stable multivariate prediction and shows that local facewise mixing and global coupling improve forecast quality. The multistep model improves medium‐range forecasting performance, preserves continuity for Typhoon Muifa across a face boundary, and retains broadly consistent spectral structure. These results identify the SCS mesh as a promising route to global‐regional AI weather forecasting."
10.1029/2026GL122537,True,Geophysical Research Letters,该论文研究了火星大气环境中的远程探测技术，特别是使用SuperCam和Perseverance Rover对火星岩石进行分析，涉及了大气成分分析和遥感技术，因此与大气环境遥感技术密切相关。,"['SuperCam', 'Perseverance Rover', 'corundum', 'atmospheric composition analysis', 'remote sensing']",A. M. Ollila;O. Beyssac;A. Fau;O. Forni;E. Clavé;P. Beck;C. C. Bedford;V. Payre;E. Dehouck;S. A. Connell;J. A. Manrique;P. Pilleri;O. Gasnault;G. M. Martinez;A. Udry;S. Bernard;P. Gasda;T. Acosta‐Maeda;R. B. Anderson;T. S. J. Gabriel;F. Calef;J. F. Bell III;J. Maki;S. Schröder;C. Quantin‐Nataf;J. R. Johnson;B. Chide;K. Rammelkamp;F. Poulet;C. Royer;M. Rock;N. L. Lanza;S. K. Sharma;G. Lopez‐Reyes;T. Fouchet;J. Comellas;A. Zastrow;E. Cloutis;R. C. Wiens;A. Cousin;S. Maurice;S. Clegg;P. Bernardi;T. Nelson,"Corundum Discovered by SuperCam and the Perseverance Rover at Jezero Crater, Mars","Mars is primarily composed of mafic mineral assemblages and their alteration products, but small, scattered rocks strewn across the landscape offer clues to greater petrological diversity. While traversing the Jezero crater rim, the Perseverance rover encountered several plagioclase‐rich light‐toned float rocks. SuperCam identified the distinctive signature of corundum (α‐Al2O3) in these rocks using time‐resolved luminescence spectroscopy. Two strong peaks (692.7 and 694.1 nm) with millisecond lifetimes, and additional supporting lines, are consistent with Cr3+ substitution for Al3+ in corundum. Corundum forms in Al‐rich, Si‐depleted environments through magmatic or metamorphic processes. Given the rocks' small size, association with plagioclase, and location on the crater rim, we interpret the most plausible formation scenario to be impact induced metamorphism at the interface of a felsic and a mafic/ultramafic member with the likely action of fluids at some stage, although other possibilities are not excluded."
10.1029/2026GL123094,True,Geophysical Research Letters,该论文研究了南海陆架区域的前锋和台风对海洋湍流特征的调制作用，涉及大气湍流、层化、涡扩散等与大气环境遥感技术（如空气质量监测、卫星观测）密切相关的概念。因此，它与大气环境遥感技术有较强的关联性。,"['turbulence', 'stratification', 'eddy diffusivity', 'convective instability', 'thermocline']",Jianing Li;Qingxuan Yang;Hui Sun;Yanwei Zhang;Wei Zhao;Jiwei Tian,Transition of Turbulence Features From Frontal Modulation to Typhoon Forcing Over the Northern South China Sea Shelf,"Ocean turbulence, crucial for regulating Earth systems, is substantially modulated by background dynamic processes. Using 8‐day‐long hourly microstructure observations over the South China Sea shelf in summer, we investigate turbulence evolution under strong stratification and successively modulated by a front and a typhoon. In the mixed layer, the front sustains strong stratification and inhibits shear and convective instabilities, suppressing turbulence and causing low eddy diffusivity Kθ and mixing efficiency Γ. Sporadic intensified subsurface mixing couples with surface‐heating‐induced sharp temperature gradient and elevates daytime Γ throughout the thermocline. Typhoon and subsequent storms then drastically weaken stratification, promote convective instability, and elevate turbulence intensity, Kθ and Γ greatly. The thermocline remains strongly stratified, suppressing turbulence and causing weak dissipation and mixing. Thermocline‐Γ stays low mostly, then rises markedly once near‐inertial waves emerge, averaging 0.15. Scaling of Thermocline‐Γ based on buoyancy Reynolds number Reb and turbulent Froude number Frt suggests Γ∝Reb−1/4Frt0."
10.1029/2026GL125980,False,Geophysical Research Letters,该论文与大气环境遥感技术无关，主要讨论的是科学期刊中支持信息（SI）的使用和管理，而不是空气质量监测、卫星观测或大气成分分析等技术。,[],Kristopher B. Karnauskas,"Supporting Information in GRL: It's the Function, Not the Quantity","Supporting Information (SI) lets authors include material that aids specialists without being essential to a paper's conclusions, or is not in a format suitable for an article (e.g., animations). In recent years, SI files at GRL have grown to dozens of pages, increasingly housing content that should be in the article itself. This editorial explains how the GRL editorial board now evaluates SI and why some submissions are returned without review as a result. The guiding principle is function, not quantity. A manuscript returned for excessive SI is typically a full‐length paper, not a letter, that is best served by reintegrating that material and submitting to a journal with a more generous length limit."
10.1029/2026GL124032,True,Geophysical Research Letters,该论文研究的是中太平洋风暴轨迹的增强，这属于大气环境遥感的范畴，特别是与气候模式和大气动力学相关的分析。虽然不直接涉及空气质量监测或卫星观测技术，但其研究内容与大气成分分析和气候变化密切相关，因此与大气环境遥感技术有较强的关联性。,"['North Pacific Storm Track', 'climate model outputs', 'internal variability', 'external forcing', 'Aleutian Low']",Minghao Yang,Intensification of the North Pacific Storm Track in the Mid‐1980s: Internal Variability Versus External Forcing,"The mid‐tropospheric winter North Pacific storm track (NPST) underwent an interdecadal transition from weak to strong in the mid‐1980s and exhibited a significant intensification trend. Using climate model outputs, this study investigates the contributions of external forcing and internal variability to the NPST intensification. The result indicates that externally forced NPST trends in historical simulations are not significant. Thus, the dominant cause of the NPST intensification trend is internal variability rather than external forcing. Large‐ensemble simulations reveal that negative‐phase western Pacific (WP)‐like teleconnection patterns are closely linked to the NPST intensification through the acceleration of the mid‐latitude westerlies. In addition, the strengthening NPST is significantly related to a poleward‐shifted Aleutian Low. In contrast, the low‐frequency variability of the East Asian winter monsoon (EAWM) and tropical sea surface temperature anomalies is not significantly related to the NPST intensification."
10.1029/2026GL123439,True,Geophysical Research Letters,该论文研究的是通过蒸散发压力预测全球性闪旱，涉及气象预报和蒸散发模型，这些技术与大气环境遥感技术（如空气质量监测、卫星观测、大气成分分析、气溶胶反演）密切相关，因为它们都依赖于对大气过程的监测和预测。,"['evaporative stress', 'flash drought', 'weather forecasting']",Qiqi Gou;Akash Koppa;Hylke E. Beck;Yonghua Zhu;Haishen Lü;Hao Li;Huiling Yuan;Xiaohan Yu;Diego G. Miralles,Global Flash Drought Prediction Through Evaporative Stress Forecasting,"Flash droughts pose severe risks to societies and ecosystems due to their sudden onset and rapid intensification. Predicting their vegetation impacts at subseasonal timescales remains difficult. Advances in hybrid physics‐AI models and weather forecasting create new opportunities to enhance the predictability of evaporative stress, a key indicator of flash drought onset. Here, we present a novel subseasonal global framework that integrates bias‐corrected, high‐resolution weather forecasts with a hybrid evaporation model to predict flash drought onset, persistence, and termination up to 10 days in advance. The framework shows high skill in persistence and termination, especially in semiarid regions, with median Critical Success Index of 0.68 and 0.56, respectively. Over 70% of flash‐drought‐affected areas in the United States and Europe achieve a Probability of Detection above 0.5 against operational monitors. Our framework supports the development of operational early warning systems to reduce flash drought risks to food and water security."
10.1029/2026GL124463,True,Geophysical Research Letters,该论文研究了在二氧化碳浓度上升的情况下，植被生产力如何受到气候变化的影响，这直接与大气环境遥感技术中的空气质量监测和大气成分分析相关。论文使用了地球系统模型来预测未来植被生产力的变化，这与卫星观测和大气成分分析密切相关，因此与大气环境遥感技术密切相关。,"['CO2', 'vegetation productivity', 'GPP', 'climate constraint', 'hydroclimatic stress']",Zhikai Wang;Wen Chen;Jinling Piao;Shangfeng Chen,Increasing Climate Constraint on Vegetation Productivity Under Rising CO2 in Northeast Asia,"Elevated atmospheric CO2 enhances vegetation productivity through direct physiological and indirect climate‐mediated pathways. However, how the balance between these mechanisms evolves under continued CO2 rise remains unclear. Here, we use CMIP6 Earth system models to investigate future changes in gross primary productivity (GPP) over Northeast Asia (NEA). Under SSP5–8.5, GPP is projected to increase throughout the twenty‐first century. However, its sensitivity to rising CO2 weakens markedly from early to late century. This weakening is associated with declines in both direct physiological fertilization and indirect climate effects, with the largest reductions in the semi‐arid to humid transition zone. Notably, this zone exhibits the most pronounced shift from direct to climate‐mediated regulation of productivity, associated with dryness. Continued dryland expansion may exacerbate ecosystem vulnerability. Overall, our results suggest that although GPP in NEA is likely to continue increasing under rising CO2, its future trajectory will be increasingly constrained by hydroclimatic stress."
10.1029/grl.72983,False,Geophysical Research Letters,没有提供摘要，无法判断论文与大气环境遥感技术是否相关。,[],,Issue Information,No abstract is available for this article.
10.1029/2026JD046503,True,Journal of Geophysical Research: Atmospheres,该论文研究气候变化背景下加州超级洪水风险，涉及大气模型的偏差校正和极端降水事件的预测，属于大气环境遥感技术中的气候变化和极端天气监测领域。,"['bias correction', 'megaflood risk', 'atmospheric modeling', 'climate change', 'California']",Stefan Rahimi;Lei Huang;Chad W. Thackeray;Mark D. Risser;Emilie Tarouilly;Jesse Norris;Alan Rhoades;Benjamin Bass;Alex Hall;Zachary J. Lebo;Weichen Liu;Flavio Lehner;Tim Corrie;Ankur Dixit,Bias Correction Can Strongly Shape California's Projected Megaflood Risk,"A California “megaflood”—a weeks‐long cluster of storms with centuries‐long return times—would be catastrophic, yet its timing and magnitude under climate change remains uncertain. A central source of uncertainty is whether Earth System Model boundary conditions should be bias corrected before dynamical downscaling. Here, we analyze a large ensemble of downscaled simulations to quantify how this uncertainty shapes California's megaflood risk. Bias correction is necessary to reproduce observed storm statistics and strongly influences both the megafloods historical and future characteristics. Without correction, storm precipitation variability is inappropriately inflated, delaying the emergence of extreme precipitation signals by decades. Further, megaflood intensity estimates based on statistically extended observations are at least 10% drier than explicit computations derived from sufficiently sized storm populations. Our results show that bias correction choices crucially govern projections of rare, high‐impact events, with direct implications for infrastructure design/planning and water management in California."
10.1029/2025JD045557,True,Journal of Geophysical Research: Atmospheres,该研究开发并评估了一个用于华盛顿特区和巴尔的摩都市区的高分辨率城市尺度大气逆建模系统，旨在量化城市和工业区潜在危险物质释放的表面通量。研究使用了惰性示踪剂进行案例研究，并结合了高分辨率天气预报模型和大气传输与扩散模拟，这与大气环境遥感技术（如空气质量监测和大气成分分析）密切相关。,"['atmospheric inverse modeling', 'urban air quality', 'inert tracer']",Miguel Cahuich‐López;Christopher P. Loughner;Fong Ngan;Anna Karion;Lei Hu;Israel Lopez‐Coto;Kimberly Mueller;Julia K. Marrs;Arlyn Andrews;John Miller;Brian C. McDonald;Colin Harkins;Congmeng Lyu;Meng Li;Kevin R. Gurney;Mark Cohen;Howard Diamond;Ariel Stein;James Whetstone,"Development and Evaluation of an Urban Atmospheric Inverse Modeling Framework for the Washington, DC and Baltimore, MD Metropolitan Area: Initial Results From an Inert Tracer Case Study","Accurate quantification of hazardous material releases in cities is critical for emergency managers aiming to mitigate health impacts and mortality in the population. Here, a study on the development and evaluation of a high‐resolution (1‐km, 1‐hr) urban‐scale atmospheric inverse modeling system for the Washington, DC, and Baltimore, MD, metropolitan area (DCBA) is presented to advance surface flux quantification in urban and industrial areas where the potential for a hazardous release is high. The system employs an inert tracer as a proof of concept for January 2019 and builds upon HYSPLIT atmospheric transport and dispersion simulations driven by high‐resolution Weather Research and Forecasting (WRF) model simulations that ingest urban meteorological observations, coupled with the CarbonTracker‐Lagrange (CT‐L) inverse model tailored to account for hourly spatiotemporal fluxes. The system assimilates tower‐based tracer observations from the National Institute of Standards and Technology (NIST) Northeast Corridor Urban Test Bed and utilizes the 1‐km Vulcan and 4‐km GRA2PES bottom‐up inventories as prior knowledge of the tracer fluxes. Numerical experiments using synthetic and actual data reveal that the system significantly improves the quantification of flux strength (mean flux) and total mass released across the urban cores of Washington, DC, and Baltimore, MD. Hourly flux variations are fairly well resolved when originating from a broad territory (city scale), while the accuracy of source retrieval improves when flux estimates are aggregated to coarser spatial resolutions (e.g., 4 km). This work has important implications for estimating hazardous releases from urban areas for emergency response and hazard analysis."
10.1029/2025JD045525,True,Journal of Geophysical Research: Atmospheres,该论文研究云层（特别是层积云和积云）的变异性及其对环境因素的依赖性，这与大气环境遥感技术密切相关，如空气质量监测、卫星观测和大气成分分析。论文使用了观测和再分析数据来评估低云反馈，并探讨了云层变化与关键云控制因素的关系，这些都是大气环境遥感技术的重要研究领域。,"['cloud variability', 'stratocumulus', 'cumulus', 'atmospheric composition', 'remote sensing']",Assia Arouf;Gregory V. Cesana;Juliet Pilewskie,Observed Sc and Cu Cloud Variability and Feedback and Their Dependency to Environmental Factors,"Clouds play a critical role in shaping Earth's energy budget, yet cloud feedbacks, especially those from low‐level clouds, remain among the largest uncertainties in climate projections. Here, we extended an approach designed to discriminate stratocumulus (Sc) and cumulus (Cu) clouds in the tropics to a global scale to assess their contributions to low‐cloud feedback. To this end, we first use observations and reanalyses to characterize the sensitivities of Sc and Cu to key cloud‐controlling factors (CCFs). We then combine these sensitivities with CCF changes over an 12‐year period to infer a CCF‐based cloud change, which we validate against actual observations of the 12‐year cloud change. We further use this CCF‐based method to infer low cloud cover (LCC) and radiation changes under different warming scenarios: idealized warming, from climate model outputs, and historical trends, from reanalysis data sets. Our results show that near‐global low‐cloud feedback is primarily controlled by surface warming and the strength of lower‐tropospheric temperature inversions, and driven by Sc clouds. Finally, we find opposite signs of cloud feedback over the historical period (negative, 0.64±0.12 $0.64\pm 0.12$ Wm−2K−1 $\mathrm{W}\,{\mathrm{m}}^{-2}\,{\mathrm{K}}^{-1}$) or in response to an abrupt 4×CO2 $4\times C{O}_{2}$ increase (positive, 0.54±0.17 $0.54\pm 0.17$ Wm−2K−1 $\mathrm{W}\,{\mathrm{m}}^{-2}\,{\mathrm{K}}^{-1}$)."
10.1029/2026JD047167,True,Journal of Geophysical Research: Atmospheres,该论文研究了东南极洲2022年3月的极端暖事件，重点关注了大气湿度（水汽）在此次事件中的作用。文章使用Polar WRF模型进行观测分析和数值模拟，探讨了湿度对温度异常的影响，这与大气环境遥感技术中的空气质量和大气成分分析密切相关，因此是强相关的。,"['water vapor', 'Polar WRF', 'temperature anomaly', 'atmospheric moisture']",Yige Cui;Jinfang Yin;Tingfeng Dou;Annette Rinke;Zhaoliang Zeng;Jie Jiao;Yue Cui;Jiajia Jia;Tao Feng;Biao Tian;Minghu Ding,The Critical Role of Moisture in the Record‐Breaking Warm Event Over East Antarctica in March 2022,"The warming of Antarctica has a significant impact on global weather and climate. An extreme warming event took place in East Antarctica in mid‐to‐late March 2022, peaking at 39°C above the climatological average. This was the largest temperature anomaly ever recorded and attracted global attention. In this work, we investigate and quantify the role of moisture through observational analysis and a series of numerical simulations using the Polar Weather Research and Forecasting (Polar WRF, version 4.1.1) model. Results show that water vapor plays a critical role in this warming event. The Polar WRF reproduces the temporal evolution reasonably well in the Control experiment (Exp‐CTRL). To validate the importance of water vapor, a sensitivity experiment (Exp‐0.0001) was conducted in which relative humidity was reduced to 0.01%. The near‐surface temperature was significantly underestimated by nearly 20°C and 10°C at Dome C and Vostok, respectively. Further analysis shows that reducing water vapor leads to a substantial reduction in downward longwave radiation near the surface (LWD), which decreases by 60%. Building on these results, we also find that enhanced boundary‐layer mixing modulates the near‐surface warming response. The boundary layer height exhibits considerable variation, with that in Exp‐CTRL being nearly six times higher than in Exp‐0.0001. These findings suggest that moisture is the critical amplifying factor of this extreme warming event. In contrast, the anomalously low extent of Antarctic Sea ice in February 2022 had a minimal impact."
10.1029/2026JD046856,False,Journal of Geophysical Research: Atmospheres,该论文主要关注的是对北方冬季季节性预报的评估，特别是针对主要突然平流层增温（MSSWs）的预测能力。虽然涉及大气环境，但重点在于气象预测而非遥感技术，如空气质量监测、卫星观测或气溶胶反演等。因此，它与大气环境遥感技术的关系不强。,"['sudden stratospheric warmings', 'seasonal forecasts', 'atmospheric conditions']",M. Taguchi,Evaluation of Northern Winter Seasonal Forecasts of Major Sudden Stratospheric Warmings,"This study evaluates Northern winter seasonal forecasts initialized in early November to assess both whether they can skillfully predict the occurrence or absence of one or more major sudden stratospheric warmings (MSSWs) in the subsequent December‐January‐February period and whether ensemble members provide internally consistent predictions of MSSW occurrence. These questions are important because MSSWs are known to influence anomalous tropospheric and surface weather conditions; however, the predictability of MSSWs at the seasonal time scale remains unclear. Results based on the ϕ coefficient—a special case of the correlation coefficient for binary data—from 43‐season forecast data of one primary system demonstrate that the members are internally consistent with each other but that they are not significantly consistent with observations, suggesting a lack of or only weak forecast skill. The lack of skill is supported by results using other metrics. These conclusions are broadly robust across the different MSSW definitions tested. Similar results are found in an additional analysis using shorter 24‐season forecasts from each of the six systems. Internal consistency is not found in one system with the smallest ensemble size, while some hint of skill is observed in limited cases depending on the system and target latitude for MSSWs. It is worth noting that the results, including those related to the ϕ coefficient, vary depending on both ensemble size and the number of seasons."
10.1029/2025JD044009,True,Journal of Geophysical Research: Atmospheres,该研究涉及海表潜热和感热通量的估算与验证，使用无人机平台（Saildrone）进行实测，并与ECMWF集合预报进行比较。虽然主要关注的是海表通量，但这是大气环境遥感技术中的一个重要组成部分，与空气质量和大气成分分析密切相关，因此与大气环境遥感技术高度相关。,"['sea surface latent heat flux', 'sensible heat flux', 'ECMWF ensemble forecasts', 'Saildrone', 'air-sea fluxes']",Tasha Lee;Brandon Troub;Isabella M. Dressel;Mark Yamane;Tan Dao;Dongxiao Zhang;Chidong Zhang,Validation of ECMWF Ensemble Forecasts of Sea Surface Latent and Sensible Heat Fluxes in the Pacific Arctic Against Saildrone Observations,"Estimates of sea‐surface latent and sensible heat fluxes using in situ observations are very rare in the Arctic Ocean. Saildrone Explorer uncrewed surface vehicles (saildrones) were deployed in the Bering, Chukchi, and Beaufort Seas from May–October 2019. Sea‐surface fluxes are estimated using surface state variables (temperature, humidity, and wind) observed by the saildrones applied to a bulk algorithm. In this study, the observationally based estimates of sea‐surface fluxes and the surface state variables are compared with those in ECMWF ensemble forecasts. Errors in the forecasts are mostly random and within the observed standard deviation. There are, however, sporadic and large error spikes (>3 standard deviations). Sea‐surface temperature and surface air temperature and humidity are systematically underestimated in the forecasts. From the perspective of bulk flux calculations, errors in latent heat fluxes are mainly due to errors in air‐sea differences in humidity, and errors in sensible heat fluxes are mainly due to those in air‐sea differences in temperature. Contributions from errors in wind speed are secondary. Differences in the flux algorithms used in the forecast and observations contribute only slightly. This study illustrates that even limited in situ observations from uncrewed mobile platforms may yield useful information on the accuracy of ensemble forecasts that otherwise is unavailable in regions without other in situ observations. Issues related to statistical treatment of data from moving sources are addressed through a simple application of an ergodicity test to the saildrone data."
10.1029/2026JD047020,True,Journal of Geophysical Research: Atmospheres,该论文研究了降水同位素的变化及其与大气环境过程的关系，使用了地面气象观测、垂直探测、卫星和雷达产品以及气团后向轨迹数据，并结合机器学习回归模型进行分析。这些方法和技术与大气环境遥感技术（如空气质量监测、卫星观测、大气成分分析、气溶胶反演）密切相关，因此该论文与大气环境遥感技术主题强相关。,"['precipitation isotopes', 'machine-learning regression models', 'atmospheric transport', 'convective intensity', 'air mass back trajectories']",Juan Camacho;Ricardo Sánchez‐Murillo,An Integrated Process‐Based Approach for Interpreting Precipitation Isotopes Using North‐Central Texas as a Testbed,"The isotopic composition of precipitation reflects the combined influences of moisture sources, rainout history, and convective intensity, but the relative importance of these controls varies among regions and remains poorly understood in continental settings. North‐central Texas, characterized by increasing 1‐day extreme precipitation and strong seasonal changes in moisture provenance, provides an ideal testbed for evaluating these interacting controls on precipitation isotope variability at daily and sub‐daily scales. Here, we test the hypothesis that precipitation isotope variability is governed primarily by the combined effects of moisture source origin and local convective intensity rather than rainfall type alone. To evaluate this, precipitation isotope data (N = 459; 2022, 2023, and 2024) collected in Arlington, Texas (Dallas‐Fort Worth metroplex, USA) were integrated with surface meteorological observations, vertical soundings, satellite and radar products, and air mass back trajectories using linear and nonlinear machine‐learning regression models. Results show that seasonal isotope variability is strongly controlled by relative humidity conditions at the moisture source, whereas daily and sub‐daily isotope depletion is primarily associated with cloud‐top brightness temperature, reflecting enhanced deep convection. These findings demonstrate that precipitation isotope variability in north‐central Texas is controlled by regional and local atmospheric processes, challenging interpretations based solely on rainfall type. This study introduces an integrated process‐based approach for interpreting precipitation isotopes and provides new insights into the links among atmospheric transport, local convective activity, and isotopic fractionation in continental midlatitude environments."
10.1029/2025JD045283,True,Journal of Geophysical Research: Atmospheres,该论文研究了气溶胶-云相互作用，特别是气溶胶的吸湿性参数化对有效辐射强迫的影响，这与大气环境遥感技术密切相关，例如通过卫星观测分析气溶胶和云的相互作用。,"['aerosol-cloud interactions', 'hygroscopicity parameterization', 'Community Atmosphere Model (CAM)']",Kanishk Gohil;Andrew Gettelman;Akua Asa‐Awuku,Significance of Size‐Dependent Hygroscopicity Parameterization for Aerosol‐Cloud Interactions,"Aerosol‐cloud interactions (aerosol indirect effects) are the most significant source of uncertainties in the effective radiative forcing (ERF) due to aerosols which can act as cloud condensation nuclei (CCN). Uncertainties in the indirect effect can result from systematic uncertainties in aerosol water uptake (hygroscopicity). Here, we implemented a new hygroscopicity parameterization derived from the Hybrid Activity Model (HAM) in the Community Atmosphere Model (CAM). Hygroscopicity parameterized using the HAM framework is a function of particle size and combines the effects of adsorption and aqueous solubility on water uptake. We simplified the HAM hygroscopicity as a power law function of particle size to implement in CAM. We also performed simulations with aerosol hygroscopicity parameterized from the ideal Köhler theory framework. We investigated the variability in the radiative properties of aerosols and clouds resulting from different representations of aerosol hygroscopicity and evaluated the sensitivity to different modal properties. Low‐cloud CCN concentrations from the HAM configuration were ∼28% smaller and ∼16% larger than the default model at 0.02% $0.02\%$ and 0.5% $0.5\%$ supersaturations, respectively. The global mean low‐cloud drop number concentrations in the HAM configuration was ∼19% larger than that in default model. The HAM configuration also produced weaker cooling and stronger warming compared to the default model. Overall, HAM hygroscopicity configuration of CAM produced a ∼6.7% reduced cooling ACI effect compared to the default model. The results in this work suggest that accounting for complex aerosol chemistry with the HAM hygroscopicity parameterization may be important for estimating physical and radiative properties of aerosols and clouds."
10.1029/2026JD046571,True,Journal of Geophysical Research: Atmospheres,该论文研究了陆地表面模型在模拟干旱地区水储量变化方面的准确性，使用了GRACE卫星观测数据，涉及大气环境遥感技术和水文监测，因此与大气环境遥感技术密切相关。,"['land surface models', 'Noah‐MP', 'GRACE']",Xue‐Yan Zhang;Xubin Zeng;Zhi Li;Yuan Qiu;Guo‐Yue Niu,Why Does a Shallow Land Model Underestimate the Dryland Drying Trends?,"Most land surface models (LSMs) and macroscale hydrological models with shallow soil profiles underestimate observed terrestrial water storage (TWS) declines across global drylands. Here, we incorporated a recently developed global data set of depth to bedrock with spatially varying deeper soils into Noah‐MP with advanced soil hydrology and plant hydraulics. Results show that the more realistic deeper soil representation better reproduces both the magnitude and spatial patterns of GRACE‐observed drying trends across global drylands, whereas the default shallow‐soil configuration of 2 m, representative of models commonly used in GRACE‐LSM residual methods (e.g., GRACE‐GLDAS), substantially underestimates these declines. Deeper soils enhance evapotranspiration supported by capillary rise and greater deep root water uptake of stored antecedent precipitation, particularly during dry seasons, thereby amplifying long‐term TWS declines. Simulated dryland drying trends are dominated by groundwater storage changes rather than soil moisture changes. These findings suggest that the commonly used approach of estimating groundwater storage anomalies as the residual between GRACE TWSA and modeled TWSA from shallow LSMs may lead to biased or misleading inferences in GRACE‐based groundwater assessments."
10.1029/2026JD046802,True,Journal of Geophysical Research: Atmospheres,该论文研究南极半岛极端天气现象，涉及大气河流（atmospheric rivers）、气旋（cyclones）以及地形对风的影响，这些都与大气环境遥感技术中的空气质量监测和大气成分分析密切相关。,"['atmospheric rivers', 'cyclone', 'Antarctic Peninsula', 'wind amplification', 'moisture transport']",D. Bozkurt;F. Fernandoy;S. MacDonell;L. M. Gaete;J. F. Carrasco,"Atmospheric River‐Cyclone Events Disrupting an Antarctic Peninsula Field Campaign: Dynamics, Mesoscale Wind Amplification, and Long‐Term Context","Extreme weather in the Antarctic Peninsula arises from interactions among large‐scale circulation variability, atmospheric rivers (ARs), extratropical cyclones, and complex coastal terrain, yet the linkages across these scales remain insufficiently resolved. We examine an austral‐summer storm sequence in early January 2025, when three storms within 8 days disrupted a glaciological field campaign in the northern Antarctic Peninsula, forcing repeated shutdowns and transfer of personnel. Reanalysis diagnostics show that recurrent Bellingshausen Sea cyclones, together with a blocking ridge over the Atlantic‐Scotia sector, sustained poleward flow and repeatedly directed ARs toward the Peninsula. Wave decomposition indicates that the hemispheric circulation was largely described by combined wave‐1 and wave‐3 components. Active Madden–Julian Oscillation phases 6‐7 in late December, followed by phases 8‐1 in early January, coincided with a transition toward negative Southern Annular Mode conditions. Lagged climatological composites support this sequence as a plausible preconditioning pathway for enhanced meridional moisture transport toward the Peninsula. High‐resolution Polar‐WRF simulations show that these synoptic conditions produced strong terrain‐modified wind amplification over only a few kilometers, with wind speeds exceeding 20 m s−1 at the campsite while nearby coastal areas remained partially sheltered. Forecast diagnostics indicate scale‐dependent predictability, with the broader storm and moisture environment largely captured for the third storm, whereas local near‐surface winds remained more uncertain. In the longer record, detected warm‐season AR‐affected days increase more clearly than cyclone counts, suggesting that moisture‐laden, successive storms and terrain exposure may become increasingly important contributors to Antarctic Peninsula operational risk."
10.1029/2026JD047780,True,Journal of Geophysical Research: Atmospheres,该论文使用CYGNSS卫星系统观测热带海洋表面风，涉及卫星观测技术和大气环境（特别是海洋与大气相互作用），与大气环境遥感技术（如卫星观测、海洋表面风监测）密切相关。,"['CYGNSS', 'ocean surface winds', 'satellite observations']",Ning Guan;Baojian Liu,Tropical Diurnal Cycle of Ocean Surface Winds From CYGNSS Observations,"The diurnal cycle of ocean surface wind reflects the daily response of air–sea thermal and dynamical processes. Using 1‐hr wind speed data from the Cyclone Global Navigation Satellite System (CYGNSS, 2018–2024), this study refines the characterization of tropical ocean diurnal winds and evaluates their consistency with ERA5 reanalysis. Compared with conventional 6‐hourly satellite records, the hourly sampling of CYGNSS provides sufficient temporal coverage for harmonic fitting, yielding diurnal phase estimates with sub‐hour precision and revealing coherent nighttime wind maxima between 23:00 and 06:00 local time. Both data sets show stronger amplitudes near coasts, straits, and bays, and weaker but detectable signals over open oceans. ERA5 amplitudes are approximately 1.4 times those derived from CYGNSS, with a correlation of 0.75 and a root‐mean‐square phase difference of 1.54 hr. Notably, strong diurnal signals frequently appear in regions lacking buoy observations, highlighting the importance of spaceborne measurements. By providing independent, all‐weather, and high‐frequency observations, CYGNSS offers a unique capability for resolving global diurnal wind variability and validating model‐based reanalysis."
10.1029/2026JD046638,True,Journal of Geophysical Research: Atmospheres,该论文研究了臭氧对中国短期高温热浪暴露的当前和未来健康负担的修饰效应，使用了高分辨率的ERA5气象数据和TAP臭氧浓度数据，这与大气环境遥感技术中的空气质量监测和大气成分分析密切相关。,"['ozone', 'ERA5', 'TAP ozone concentrations']",Zijia Feng;Jia Zhu;Xueqing Wang;Lei Chen;Hong Liao,Modification Effect of Ozone on Current and Future Health Burden Associated With Short‐Term Heatwave Exposure in China,"The co‐occurrence of heatwave (HW) and ozone pollution in China has increased significantly. Epidemiological studies indicate that ozone can modify the association between heatwaves and premature mortalities but quantitative health impacts remain poorly understood. This study evaluates premature cardiovascular mortalities attributable to short‐term heatwave exposure during warm seasons across China during 2013–2022 by integrating a widely‐used health impact assessment model with high‐resolution ERA5 meteorological data and TAP ozone concentrations, and quantitatively assesses the modifying effect of ozone on HW‐related mortality for the first time at the national scale. Future ozone‐modified health burden under different scenarios is also quantified by using multi‐model simulations from CMIP6. Ozone‐modified HW‐related premature deaths increased from 1.8 thousand persons (95% CI: 0.5–3.3 thousand persons) in 2013 to 7.3 thousand persons (95% CI: 1.8–12 thousand persons) in 2022, with the modifying contribution becoming positive since 2017. Age‐specific ozone‐modified effects were negative for individuals aged ≥75 years and positive for those ≤64 years. Traditional exposure‐response analyses ignoring ozone modification will underestimate HW‐related health hazards but overestimate health damage in the elderly. Future HW‐related premature mortalities are projected to decrease by 392 persons (95% CI: 191–610 persons) under SSP1‐2.6 but increase by 1726 persons (95% CI: 912–2528 persons) under SSP3‐7.0 in 2060 compared to 2022. When ozone modification is considered, these changes are amplified by 43.9% and 8.4%, respectively. All results indicate that sustained improvements in ozone air quality can reduce the modifying effect of ozone in the future."
10.1029/2026JD046868,True,Journal of Geophysical Research: Atmospheres,该论文研究了三个中国大城市的冬季亚硝酸氯(ClNO2)化学，这是一种关键的前体物质，用于加速大气氧化。研究涉及空气质量的监测和大气成分分析，因此与大气环境遥感技术密切相关。,"['Nitryl chloride (ClNO2)', 'atmospheric chemistry', 'megacities', 'air quality monitoring']",Yuxuan Song;Zhaofeng Tan;Xuezhen Xu;Yeejun Tham;Shuyang Xie;Ce Chen;Xinghan Zhu;Wenxin Zhou;Hongxia Liu;Shengrong Lou;Zhanyun Liu;Yuhang Wu;Haichao Wang;Xiaorui Chen;Xuefei Ma;Keding Lu;Yuanhang Zhang,A Comparative Analysis of Wintertime ClNO2 Chemistry Across Three Megacities in China,"Nitryl chloride (ClNO2), a key precursor to chlorine radicals that accelerates atmospheric oxidation, has chemistry and spatial distribution, particularly its vertical distribution, that remain insufficiently constrained. Here we presented wintertime observations of ClNO2 across three Chinese megacities: Beijing (2024), Shanghai (2020), and Guangzhou (2025). Diurnal average peak concentrations reached 68.8, 112.6, and 77.6 ppt, respectively, with a maximum of 931.0 ppt recorded at 03:26 on November 10 in Beijing. Median nocturnal NO3‐to‐ClNO2 production efficiency (ϵ) were 0.3%, 0.5%, and 0.2% in Beijing, Shanghai, and Guangzhou, but variability was much larger in Beijing (SD 10.0%), reflecting perturbation from changing air masses. The inter‐city contrast in ϵ is driven by temperature, particulate chloride,and N2O5 partitioning: the warmer coastal cities operate in a chloride‐supply‐limited regime in which ϵ increases with Cl−, whereas cold, chloride‐rich Beijing is chloride‐saturated. In Beijing, post‐sunrise ClNO2 increases occurred on 13 of 34 days. For the 8 November case, the BL‐RL (boundary layer‐residual layer) model revealed that the surge resulted from entrainment of ClNO2 stored in the RL with an inferred 720.2 ppt that subsequently decayed by photolysis as the boundary layer deepened. This morning BL‐RL interaction, observed in Beijing but not detected in our Shanghai and Guangzhou records, indicates that vertical exchange of reactive chlorine is a critical factor in the wintertime chlorine chemistry of North China Plain, amplified by regional residential coal combustion and elevated particulate chloride."
10.1029/jgrd.70823,False,Journal of Geophysical Research: Atmospheres,没有提供摘要，无法判断文章是否与大气环境遥感技术相关。,[],,Issue Information,No abstract is available for this article.
10.1029/2026EF008638,True,Earth's Future,该论文研究热干旱对干旱-降水突变的触发及其影响，涉及大气热力学条件和水分循环，与大气环境遥感技术中的空气质量和大气成分分析密切相关。,"['hot drought', 'drought-to-pluvial transitions', 'atmospheric moisture convergence', 'convective instability', 'solar-induced chlorophyll fluorescence']",Yinghao Fu;Haishen Lü;Xiaosheng Qin;Yonghua Zhu;Tingxing Chen;Jiaying Liu;Yingying Xu,Hot Droughts Increase the Likelihood and Impacts of Abrupt Drought‐to‐Pluvial Transitions Worldwide,"Hot droughts are intensifying under anthropogenic warming, yet whether extreme heat systematically alters the triggering of abrupt drought‐to‐pluvial transitions and their downstream impacts remains poorly understood. Here, we identify global drought‐to‐pluvial abrupt transition (DPAT) events and isolate the influence of antecedent thermal conditions by comparing hot‐drought‐triggered DPATs (DH‐DPATs) with transitions preceded by droughts without concurrent heat. We find that hot drought related transitions display broader hotspots and substantially higher occurrence, with frequency increasing from 66.7% to 316.7% across the interquartile range and a higher conditional transition probability (global mean: 44.89% vs. 38.95%). They also transition faster, sustain longer post drought heavy rainfall, and produce stronger rainfall intensity. Mechanistically, although both event types are associated with enhanced moisture convergence, antecedent heat imposes an additional thermodynamic preconditioning characterized by deeper boundary layers and higher convective instability, making comparable moisture recovery more likely to trigger deep convection. These heat‐mediated transitions amplify ecosystem carbon losses, intensifying reductions in gross primary productivity and solar‐induced chlorophyll fluorescence by about 43.7% and 26.8%, respectively, with the strongest relative impacts in croplands. They also contribute to increasing population and managed‐land exposure. Under future warming, DPATs are projected to shift further toward hot‐drought‐dominated pathways, with increases in both the contribution and transition likelihood of DH‐DPATs. These results highlight a thermodynamic pathway through which hot droughts increase the likelihood and impacts of abrupt drought‐to‐pluvial transitions worldwide."
10.1029/2026EF008356,True,Earth's Future,该论文研究了地球的能量失衡趋势和未来变暖的估计，涉及气候模型和温度变化分析，与大气环境遥感技术的应用（如气候变化监测和卫星观测）密切相关。,"['energy imbalance', 'climate models', 'temperature trends']",G. Gyuleva;E. Fischer;R. Knutti;S. Sippel,Recent Temperature and Energy Imbalance Trends Point to Higher Estimates of Future Warming,"Climate models simulate a wide range of 21st century warming for a given forcing scenario. Constraining this uncertainty is a central challenge in climate science because of its implications for climate policy and adaptation. The transient climate response (TCR) is a key idealized metric used to quantify future warming in response to an exponentially increasing CO2 concentration. Climate models span a range of 1.3–3 K for TCR. In attempts to constrain this range, emergent constraints on TCR based on historical temperature trends consistently pointed toward TCR values at the lower end of the range of models. However, recent evidence from trends in the short‐wave and long‐wave components of Earth's energy imbalance (EEI) at the top‐of‐atmosphere suggests that models with higher TCR lie closer to the observed EEI trends. Here, we reconcile this discrepancy and provide a revised range for TCR of 1.9–2.6 K. Using a statistical variability‐filtering approach, we show that previous temperature‐based constraints were biased low due to internal variability, according to our method. We then provide an EEI‐based constraint and demonstrate that short‐ and long‐wave EEI trends have a strong potential to constrain future warming, due to the much larger inter‐model spread in EEI compared to surface temperature. When considering the recent 2001–2025 period, our results show that both surface temperature and EEI trends support higher TCR values than previously estimated. This result implies that it is increasingly difficult to exclude high climate sensitivity models from the plausible range of future warming."
10.1029/2025EF007808,False,Earth's Future,该论文主要关注河流-湖泊水文调节对洪泛区湖泊碳收支的影响，虽然涉及大气环境中的碳循环，但并未明确涉及大气环境遥感技术，如空气质量监测、卫星观测或大气成分分析等。因此，它与大气环境遥感技术的相关性不强。,"['carbon budget', 'Three Gorges Dam', 'Dongting Lake', 'Poyang Lake', 'hydrological regulation']",Lejun Zhao;Xiaosong Zhao;Xingwang Fan;Qi Huang;Jing Yao;Min Gan;Tingting Li;Mingming Geng;Zhengmiao Deng;Zhiqiang Tan;Guojing Gan;Chunqiao Song;Feng Li;Xijun Lai;Ligang Xu;Rongrong Wan;Yong Ge;Guishan Yang,Cascading River‐Lake Hydrological Regulation Reshapes Carbon Budgets of Floodplain Lakes in the Yangtze River Basin,"The carbon budget of floodplain lakes is regulated by natural hydrological processes, yet the role of human interventions, including cascade river‐lake hydraulic projects, remains unclear. We evaluated the combined effects of the Three Gorges Dam (TGD) located on the Yangtze River and the proposed lake‐specific hydraulic projects (LHPs) on the carbon budgets of the respective Dongting and Poyang Lakes downstream of the TGD. As a result of TGD's operation, Dongting Lake saw a weakened carbon sink, with carbon dioxide (CO2) uptake reduced by 6% and methane (CH4) emissions increasing by 4%. The opposite is true for the downstream Poyang Lake, with CO2 uptake increasing by 8% and CH4 emissions decreasing by 1%. This divergence stems from the lake‐specific vegetation composition and TGD's regulation strategy. The Phragmites in Dongting Lake is sensitive to hydrological regulation during the pre‐flooding seasons, while the Carex in Poyang Lake is sensitive to hydrological regulation during the post‐flooding seasons. In contrast, the operation of LHPs will uniformly reduce the carbon sink due to elevated lake water levels, leading to a sharp decline in CO2 uptake in Poyang Lake (36.98 gC m−2 yr−1) and Dongting Lake (11.87 gC m−2 yr−1). A cascade operation of these projects will increase the global warming potential (GWP) by 0.88 Tg CO2eq yr−1. Our findings underscore the necessity of integrating ecological consequences into water resources management to reconcile water security with climate stability goals."
10.1029/2026EF008097,True,Earth's Future,该论文与大气环境遥感技术密切相关，因为它涉及空气质量预报，特别是针对城市聚合体的空气质量监测和污染物排放估算。论文中提到的观测-基于的排放缩放方法，用于改进空气质量预报模型，直接与大气成分分析和空气质量监测相关。,"['air quality forecasts', 'anthropogenic emissions', 'PM2.5']",Adrien Deroubaix;Guy P. Brasseur;Maria de Fátima Andrade;Alejandro Herman Delgado Peralta;Philipp Franke;Mario Gavidia‐Calderon;Judith J. Hoelzemann;Fei Jiang;Inga Labuhn;Laurent Menut;Nilton Rosário;Guillaume Siour;Rita Yuri Ynoue,Air Quality Forecasts With Observation‐Based Scaling of Anthropogenic Emissions for Urban Agglomerations,"Air quality forecasts are essential to support decision‐making in urban agglomerations, where millions of people are exposed to high levels of pollution. However, these forecasts are often limited by uncertainties in anthropogenic emissions, especially in large urban agglomerations where no dedicated operational system exists. In this study, we present an observation‐based emission scaling approach aimed at improving operational forecasts. This method derives scaling factors (SF) from the ratio of observed‐to‐modeled concentrations over the previous week and applies them to anthropogenic emissions in the forecast model, assuming that in large urban agglomerations, biases between observed and modeled concentrations are primarily driven by uncertainties in anthropogenic emission inventories. The method also derives SF for anthropogenic volatile organic compound emissions based on modeled daytime O3 ${\mathrm{O}}_{3}$ biases under the assumption of a NOx‐saturated regime. We implement this method in a chemistry‐transport model using a global anthropogenic emission inventory and apply it to São Paulo for two distinct periods (February–April 2023 and July–September 2024). The results show that forecasts of CO, NO2 ${\text{NO}}_{2}$, O3 ${\mathrm{O}}_{3}$ and SO2 ${\text{SO}}_{2}$ concentrations are significantly improved within a few weeks. For PM2.5 ${\text{PM}}_{2.5}$ and PM10 ${\text{PM}}_{10}$, improvements are more limited by the influence of secondary aerosol formation and by pollution transport from outside of the agglomeration. Overall, our results demonstrate that observation‐based emission scaling provides an efficient and transferable methodological approach for improving operational air quality forecasts in urban agglomerations without requiring model‐specific developments."
10.1029/2026GH001838,False,GeoHealth,该论文主要研究的是利用移动健康技术（mHealth）进行接触追踪对新兴传染病传播的影响，并未涉及大气环境遥感技术，如空气质量监测、卫星观测、大气成分分析或气溶胶反演等。因此，它与大气环境遥感技术没有强关联。,"['mHealth', 'contact tracing', 'respiratory infections']",Zhifeng Cheng;Hao Liang;Fei Gao;Xuyao Chen;Xiao Liu;Yuping Zhou;Xu Chen;Hui Jiang;Samantha Cockings;Andrew Tatem;Shengjie Lai;Chu He,Quantifying Heterogeneous Impacts of Geolocated mHealth Tracing on Spatiotemporal Transmission of Emerging Infections,"Digital health tools, including mobile device location‐based health (mHealth) applications, have been adopted to augment conventional contact tracing during recent epidemics and pandemics, yet quantitative evidence about their added epidemiological value remains limited. Using aggregated, privacy‐preserving mHealth data from six Chinese cities (July 2021–May 2022), we modelled transmission dynamics of emerging respiratory infections to quantify the heterogeneous effects of mHealth‐triggered movement restrictions and risk‐based quarantines across viral variants. We found that the mHealth‐assisted interventions, together with population‐wide lockdowns, could rapidly reduce the effective infection rate and drive daily incidence toward zero within two weeks, which was rarely achieved through traditional contact tracing alone. Scenario simulations further showed that in the absence of mHealth interventions, infections consistently propagated to connected cities across a wide range of epidemiological assumptions, contradicting the reality. These results suggest that early integration of geolocated mHealth tools with traditional epidemiological investigations enhances outbreak containment at both local and regional scales, providing quantitative, spatially explicit evidence to inform scalable mHealth integration strategies for future infectious threats with pandemic potential."
10.1038/s41586-026-10959-w,False,Nature,该论文标题和摘要均涉及生物学的主题，具体是关于cGAS抑制的分子机制，与大气环境遥感技术（如空气质量监测、卫星观测、大气成分分析、气溶胶反演等）无关。,[],Ganesh R. Pathare;Alexiane Decout;Selene Glück;Simone Cavadini;Kristina Makasheva;Ruud Hovius;Georg Kempf;Joscha Weiss;Zuzanna Kozicka;Baptiste Guey;Pauline Melenec;Beat Fierz;Nicolas H. Thomä;Andrea Ablasser,Author Correction: Structural mechanism of cGAS inhibition by the nucleosome,"Author Correction: Structural mechanism of cGAS inhibition by the nucleosome 
 "
10.1038/s41586-026-10960-3,False,Nature,该论文标题和摘要均与大气环境遥感技术无关，而是关于古生物学的鸟类颅骨和大脑进化研究。,[],Luis M. Chiappe;Guillermo Navalón;Agustín G. Martinelli;Ismar de Souza Carvalho;Rodrigo Miloni Santucci;Yun-Hsin Wu;Daniel J. Field,Author Correction: Cretaceous bird from Brazil informs the evolution of the avian skull and brain,"Author Correction: Cretaceous bird from Brazil informs the evolution of the avian skull and brain 
 "
10.1038/d41586-026-01904-y,False,Nature,该论文的标题和摘要主要讨论的是女性创始人如何使科学企业成功，涉及性别、文化和投资等议题，与大气环境遥感技术（如空气质量监测、卫星观测、大气成分分析、气溶胶反演）无关。,[],Rachel Brazil,How to make your science business succeed when you’re a female founder,"Sexist assumptions and a male-dominated culture can make it harder for women to attract investment for the companies they set up. 
 Sexist assumptions and a male-dominated culture can make it harder for women to attract investment for the companies they set up."
10.1038/d41586-026-02503-7,False,Nature,该论文与大气环境遥感技术无关，主要讨论的是人工智能生成内容的标记和欧盟AI法规。,[],Elizabeth Gibney,Can Anthropic’s invisible watermarks curb ‘AI slop’? Researchers remain sceptical,"New Claude models will watermark text and tag images as AI-generated, as Anthropic responds to EU AI regulations. 
 New Claude models will watermark text and tag images as AI-generated, as Anthropic responds to EU AI regulations."
10.1038/d41586-026-02494-5,False,Nature,该论文的标题和摘要主要讨论人工智能在计算机科学领域的研究，与大气环境遥感技术（如空气质量监测、卫星观测、大气成分分析、气溶胶反演）无关。因此，该论文不相关。,[],Matthew Hutson,AI isn’t ready to research itself,"An agentic system successfully developed concepts from two computer-science papers — but the original authors were not impressed. 
 An agentic system successfully developed concepts from two computer-science papers — but the original authors were not impressed."
10.1038/d41586-026-02525-1,False,Nature,该论文的标题和摘要主要关注中国青年科学家的奖励制度，而不是大气环境遥感技术，如空气质量监测、卫星观测、大气成分分析或气溶胶反演等。因此，它与大气环境遥感技术没有直接关联。,[],Ming Li,Why China should reassess how it rewards young scientists,"Talent schemes helped to propel China to the forefront of global science. But the system places undue emphasis on prestigious titles as a means to secure career prospects, putting pressure on young researchers. 
 Talent schemes helped to propel China to the forefront of global science. But the system places undue emphasis on prestigious titles as a means to secure career prospects, putting pressure on young researchers."
10.1038/d41586-026-02544-y,False,Nature,该论文主要关注古代森林因气候变化而大量死亡的现象，并将其与当今植物的状况进行对比。虽然气候变化与大气环境有关，但论文并未涉及大气环境遥感技术，如空气质量监测、卫星观测、大气成分分析或气溶胶反演等具体技术或应用。因此，它与大气环境遥感技术的关系较弱。,[],James Dinneen,Ancient rise in CO<sub>2</sub> was catastrophic for forests: what that means for today’s plants,"A widespread dieback of forests due to climate change 56 million years ago has parallels with today. 
 A widespread dieback of forests due to climate change 56 million years ago has parallels with today."
10.1038/d41586-026-02502-8,False,Nature,该论文标题和摘要涉及的是mRNA流感疫苗与季节性流感疫苗的比较，属于公共卫生和医学领域，与大气环境遥感技术（如空气质量监测、卫星观测、大气成分分析、气溶胶反演等）无关。,[],Dhruv Shenai,Will the mRNA flu shot work better than a regular seasonal one? What the science says,"Moderna’s newly approved vaccine could allow manufacturers to respond more rapidly to changing influenza strains. 
 Moderna’s newly approved vaccine could allow manufacturers to respond more rapidly to changing influenza strains."
10.1038/s41467-026-76735-6,False,Nature Communications,该论文研究的是手性起源和光诱导手性运动，涉及自组装材料和溶剂 guests 的选择性结合，与大气环境遥感技术（如空气质量监测、卫星观测、大气成分分析、气溶胶反演）没有直接关系。,[],Xinde Zhou;Aiyou Hao;Pengyao Xing,Macroscopic chirogenesis and photoinduced chiral motions enabled by selective accommodation of protic guests,"Symmetry breaking offers ideal platforms for understanding the emergence of chirality in bottom-up self-assembly. Here the authors show the chirogenesis induced by symmetry breaking through selective entrapping solvent guests and photoinduced motions in self-assembled matrices. 
 Symmetry breaking offers ideal platforms for understanding the emergence of chirality in bottom-up self-assembly. Here we show the chirogenesis induced by symmetry breaking by selective entrapping solvent guests and photoinduced motions in self-assembled matrices. In the absence of protic guests, the achiral nitro-conjugated cyanostilbenes self-assemble into macroscopic helices. When trace proton solvents are involved, hydrogen bonding anchors the molecular arrangement, suppressing symmetry breaking to form crystals. The topo-preference towards helices or achiral crystals is highly sensitive to protic guests including water, alcohols and acids. The packing nanopockets are indicated by single crystal structures, and we propose that whether these are filled determines the screw dislocations. On this basis, the photomechanical behavior is further realized by the [2 + 2] photodimerization of the stilbenes that induces crystal deformation, as well as the in-situ generation of macroscopic helices. The study presents a new strategy for precisely tuning symmetry breaking and photomechanical motion through guest accommodation, providing insights for understanding chirality emergence and the design of controllable light-driven dynamic crystals and molecular machines. Symmetry breaking offers ideal platforms for understanding the emergence of chirality in bottom-up self-assembly. Here the authors show the chirogenesis induced by symmetry breaking through selective entrapping solvent guests and photoinduced motions in self-assembled matrices."
10.1038/s41467-026-76783-y,False,Nature Communications,该论文研究的是二维材料中的强关联现象，具体涉及扭曲的MoSe2同层异质结构中的相关绝缘态。这与大气环境遥感技术（如空气质量监测、卫星观测、大气成分分析、气溶胶检索）无关，因此不相关。,"['air quality monitoring', 'satellite observations', 'atmospheric composition analysis', 'aerosol retrieval']",Dongyang Yang;Jing Liang;Haodong Hu;Nitin Kaushal;Chih-En Hsu;Kenji Watanabe;Takashi Taniguchi;Jerry I. Dadap;Zhenglu Li;Marcel Franz;Ziliang Ye,Correlated insulating states in slow Dirac fermions on a honeycomb moiré superlattice,"Transition metal dichalcogenide twisted structures are known to exhibit strongly correlated phenomena. Here, the authors demonstrate a range of correlated insulating states at integer and fractional fillings in twisted MoSe2 homobilayers arising from the Γ-valley moire flat bands. 
 Strong Coulomb repulsion is predicted to open a many-body charge gap at graphene’s Dirac point, transforming the semimetal into a Mott insulator. However, this correlated insulating phase remains elusive in pristine graphene, where the large Fermi velocity dominates interactions. To overcome this limitation, we realize a honeycomb moiré superlattice in twisted MoSe2 homobilayers, where a graphene-like band structure forms with a Fermi velocity reduced by nearly two orders of magnitude. These slow moiré bands, folded from the valence band maximum at the Γ valley with negligible spin-orbit coupling, simulate massless Dirac fermions in the strongly correlated regime with full SU(2) symmetry. By correlating Rydberg-exciton sensing with moiré exciton-polarons, we detect a Mott gap at the Dirac point persisting up to 110 K. We further identify correlated states at ν = − 1 with weak ferromagnetic coupling, and at fractional fillings. Our results highlight the potential for exploring quantum many-body phenomena in twisted two-dimensional materials. Transition metal dichalcogenide twisted structures are known to exhibit strongly correlated phenomena. Here, the authors demonstrate a range of correlated insulating states at integer and fractional fillings in twisted MoSe2 homobilayers arising from the Γ-valley moire flat bands."
10.1038/s41467-026-76687-x,False,Nature Communications,该论文研究的是内皮细胞和微胶质细胞之间的相互作用与心力衰竭相关的认知障碍，与大气环境遥感技术（如空气质量监测、卫星观测、大气成分分析、气溶胶反演等）无关。,[],Mengdan Wang;Xiaoxuan Yu;Tursunjan Aziz;Shiyao Zhang;Xiao Wu;Weiyin Wu;Yan Wang;Gang Li;Shuo Zhang,Endothelial cell-microglia crosstalk mediates heart failure-associated synaptic loss and cognitive impairment in male mice,"Cardiac failure is associated with cognitive impairment. Here, the authors show that blood-borne signals can induce brain endothelial cell-release of SPARC, resulting in the activation of microglia, synapse loss, and cognitive decline following transverse aortic constriction in mice. 
 Cognitive impairment affects 30%–80% of patients with heart failure, yet the mechanisms beyond reduced brain blood flow remain poorly defined. Here we show that circulating factors released during heart failure trigger senescence of brain blood-vessel endothelial cells, which in turn drives synaptic loss and cognitive decline through crosstalk between endothelial cells and microglia, the brain’s immune cells. Using a pressure-overload model (transverse aortic constriction) combined with plasma transfer in 8-month-old male mice, we found that elevated circulating TGFβ2 acts on endothelial TGFBR2 and induces the secreted protein SPARC via a non-canonical MEK/ERK–MYC pathway. Endothelial SPARC then activates microglial TLR4, promoting neuroinflammation and abnormal engulfment of synapses. Endothelial deletion of Tgfbr2 or Sparc, and microglial deletion of Tlr4, each preserved synapses and improved cognition, and pharmacological Tlr4 inhibition was protective. These findings define an endothelial–microglia signaling axis and a potential therapeutic target in heart failure-associated cognitive impairment. Cardiac failure is associated with cognitive impairment. Here, the authors show that blood-borne signals can induce brain endothelial cell-release of SPARC, resulting in the activation of microglia, synapse loss, and cognitive decline following transverse aortic constriction in mice."
10.1038/s41467-026-76171-6,False,Nature Communications,该论文标题和摘要内容与大气环境遥感技术（如空气质量监测、卫星观测、大气成分分析、气溶胶反演）无关，而是涉及肝炎C病毒疫苗的设计。,[],Linling He;Yi-Zong Lee;Yi-Nan Zhang;Maddy L. Newby;Benjamin M. Janus;Fabrizio G. Gonzalez;Garrett Ward;Connor DesRoberts;Shr-Hau Hung;Erick Giang;Joel D. Allen;Liudmila Kulakova;Eric A. Toth;Thomas R. Fuerst;Mansun Law;Gilad Ofek;Max Crispin;Jiang Zhu,Author Correction: Native-like soluble E1E2 glycoprotein heterodimers on self-assembling protein nanoparticles for hepatitis C virus vaccine design,"Author Correction: Native-like soluble E1E2 glycoprotein heterodimers on self-assembling protein nanoparticles for hepatitis C virus vaccine design 
 "
10.1038/s41467-026-76533-0,False,Nature Communications,该论文主要研究的是材料生长过程中的优化和可解释性，涉及的是β-Ga2O3薄膜的制备，虽然与材料科学和表面物理相关，但与大气环境遥感技术（如空气质量监测、卫星观测、大气成分分析、气溶胶反演等）没有直接关系。,"['sputtering epitaxy', 'β-Ga2O3', 'Bayesian optimization']",Yuki K. Wakabayashi;Yui Ogawa;Franz Benedict Romero;Coleman Wagner;Takuma Otsuka;Yoshitaka Taniyasu,Interpretable self-driving sputtering epitaxy reveals human-usable growth rules for <i>β</i>-Ga<sub>2</sub>O<sub>3</sub> films,"Materials growth requires navigating complex conditions. Here, the authors combine automated sputtering, Bayesian optimization, and interpretable machine learning in a self-driving laboratory to optimize β-Ga2O3 growth and extract practical rules. 
 Self-driving laboratories are powerful tools for navigating high-dimensional process spaces, yet Bayesian-optimization decision layers optimize black-box objective functions without distilling transferable process understanding. Here, we demonstrate a mathematically interpretable self-driving laboratory framework that transforms autonomous optimization data into human-executable growth rules. As a benchmark, we apply this framework to sputtering, addressing a challenge in sputtering epitaxy: realizing high-quality β-Ga2O3 heteroepitaxy and single-crystalline β-Ga2O3 homoepitaxy. By combining Bayesian optimization with automated optical evaluation of the Urbach energy as a sub-bandgap disorder metric, the self-driving system identifies heteroepitaxial conditions yielding an Urbach energy of 182 meV, below previously reported values for sputtered β-Ga2O3 films. Importantly, the optimized growth window is transferable across substrates, realizing single-crystalline β-Ga2O3 homoepitaxy, corroborated by scanning transmission electron microscopy. To convert closed-loop data into interpretable growth rules, we train a random forest surrogate and reveal that the growth landscape is described by additive contributions from four growth parameters, with a temperature–oxygen interaction. This structure suggests a human-executable strategy with sequential one-dimensional tuning followed by focused two-dimensional refinement, validated by human-executed re-optimization, yielding a reduced Urbach energy of 163 meV. This establishes an interpretable self-driving workflow that converts autonomous optimization data into validated, human-usable growth rules. Materials growth requires navigating complex conditions. Here, the authors combine automated sputtering, Bayesian optimization, and interpretable machine learning in a self-driving laboratory to optimize β-Ga2O3 growth and extract practical rules."
10.1038/s41467-026-76467-7,False,Nature Communications,该论文主要关注国际气候承诺中的战略目标，涉及政治、经济和外交策略，与大气环境遥感技术（如空气质量监测、卫星观测、大气成分分析、气溶胶反演）无关。,[],Taryn Fransen;Jonas Meckling,Strategic objectives underpin national climate pledges,"Countries use international climate pledges not only to express domestic policy preferences, but to advance strategic goals like attracting finance, enhancing status, and setting standards for others. These objectives have important implications for ambition. 
 Emissions-reduction pledges under the Paris Agreement are commonly understood as expressions of domestic preferences. Recent scholarship, however, suggests that governments may also use climate pledges strategically to shape the behavior of other political actors. Here, we provide an empirical account of these strategic objectives based on in-depth interviews with 40 policymakers and experts. We identify six key strategic objectives: attracting international climate finance, setting standards for others, enhancing status, preserving credibility, facilitating domestic action, and pre-committing future governments. International actors emerge as the primary target audience. These objectives have distinct implications for ambition. While most encourage stronger pledges, concerns about credibility can constrain ambition. In an exploratory analysis, we also examine how strategic objectives vary across countries. The findings suggest that higher emitters and states with lower levels of democratic institutionalization place greater emphasis on long-term credibility, while countries eligible for climate finance seek to attract it regardless of income or vulnerability. Our findings have implications for ratcheting up international climate commitments. Countries use international climate pledges not only to express domestic policy preferences, but to advance strategic goals like attracting finance, enhancing status, and setting standards for others. These objectives have important implications for ambition."
10.1038/s41467-026-76342-5,False,Nature Communications,该论文研究的是网络动力学和脆弱性，主要涉及技术、生物和社会网络，与大气环境遥感技术（如空气质量监测、卫星观测、大气成分分析、气溶胶反演）没有直接关系。,[],Amirhossein Nazerian;Sahand Tangerami;Malbor Asllani;David Phillips;Hernán Makse;Francesco Sorrentino,Extreme vulnerability to intruder attacks destabilizes network dynamics,"A single malicious agent can destabilize an entire network by targeting a low-connectivity node. Here, authors show that these nodes are more vulnerable than highly connected hubs, revealing an intrinsic weakness shared by technological, biological, and social networks. 
 Consensus, synchronization, formation control, and power grid balance are examples of desirable dynamical states that arise in networks. Here we investigate how such states can be destabilized by an intruder agent within an otherwise functioning network. We see that a single adversarial node, coupled through adversarial connections to one or more other nodes, is sufficient to destabilize the entire network. We further show that concentrating the attack on a single low-indegree node induces the greatest instability, challenging the common assumption that hubs are the most critical nodes. This leads to a new characterization of network vulnerability, identifying low-indegree nodes as the most vulnerable components. Although derived for linear systems, our results extend to nonlinear networks, including the Kuramoto model. These findings reveal an intrinsic vulnerability of technological, social, and biological networks. A single malicious agent can destabilize an entire network by targeting a low-connectivity node. Here, authors show that these nodes are more vulnerable than highly connected hubs, revealing an intrinsic weakness shared by technological, biological, and social networks."
10.1038/s41467-026-76484-6,False,Nature Communications,该论文主要关注清洁技术商业化中的公共机构及其功能演变，与大气环境遥感技术（如空气质量监测、卫星观测、大气成分分析、气溶胶反演）没有直接关系。,[],Em Finkelstine;Laura Diaz Anadon;Jonas Meckling,Public institutions for cleantech commercialization in the United States,"This study maps U.S. public institutions for cleantech commercialization, showing how their functions have evolved during the recent turn toward green industrial policy. 
 The United States has been building public institutions to promote cleantech commercialization since the 1970s oil crisis. The ascent of new industrial policy has accelerated this process substantially since 2020, resulting in a doubling of the total number of institutions by 2024. Introducing a dataset of 122 institutions, we show how institutions perform five functions: goal setting, coordination, derisking, imposing discipline, and external engagement. Further, we demonstrate how post-2020 institutions extend and diverge from historical trends, highlighting the recent buildout of planning capacity, the widespread use of conditionalities, and the pivot toward engagement with local and non-firm actors. We conclude with an analysis of how the second Trump administration is transforming the cleantech commercialization system through retrenching, redesigning, repurposing, and maintaining institutions. We offer a bottom-up, institution-level examination of the emergence and evolution of state capacity for green industrial policy in the United States, its functions, and current developments. This study maps U.S. public institutions for cleantech commercialization, showing how their functions have evolved during the recent turn toward green industrial policy."
10.1038/s41558-026-02730-w,True,Nature Climate Change,该论文研究了大西洋经向翻转环流（AMOC）在全球变暖背景下的稳定性问题，涉及气候变化对海洋环流的影响，这属于大气环境遥感技术中关于气候和海洋观测的范畴。,"['AMOC', 'climate change', 'oceanic circulation', 'CO2']",René M. van Westen;Reyk Börner;Henk A. Dijkstra,Failure to track a stable AMOC state under rapid climate change,"Climate change is expected to alter oceanic circulation, with the Atlantic Meridional Overturning Circulation (AMOC) at risk of collapse. This work shows that the stability of the AMOC is dependent on the rate of atmospheric CO2 change rather than having a fixed threshold. 
 The Atlantic Meridional Overturning Circulation (AMOC), a tipping element of the climate system, currently has an estimated global warming threshold for collapse of +4.0 °C (uncertainty range 1.4–8 °C). However, such a threshold may not be meaningful because AMOC stability depends on the rate of radiative forcing change, not a set temperature. Here we identify an AMOC stabilizing mechanism that operates on timescales slower than present-day warming rates. Slow forcing permits coherent adjustment of surface and interior ocean properties, supported by enhanced evaporation and reduced sea-ice extent, counteracting destabilizing feedbacks. Using a slow CO2 ramp (+0.5 ppm yr−1) climate model simulation, we explicitly demonstrate the AMOC remains stable up to +5.5 °C of global warming. By contrast, under faster CO2 ramps, the AMOC collapses at substantially lower warming levels (+2 °C). Our findings demonstrate rate-induced AMOC tipping and imply that limiting the rate of emissions is critical for reducing the risk of an AMOC collapse. Climate change is expected to alter oceanic circulation, with the Atlantic Meridional Overturning Circulation (AMOC) at risk of collapse. This work shows that the stability of the AMOC is dependent on the rate of atmospheric CO2 change rather than having a fixed threshold."
10.1038/s41893-026-01916-6,True,Nature Sustainability,该论文研究的是钙钛矿太阳能电池的制造技术，特别是在非受控环境（ambient）下的可扩展制造方法。虽然主要关注的是太阳能电池效率的提升和稳定性，但与大气环境遥感技术中的大气成分分析（如监测气溶胶、污染物等）有间接关联，因为提高太阳能电池效率有助于更精确地监测大气环境。,"['perovskite solar cells', 'ambient fabrication', 'tandem solar cells']",Lingyuan Wang;Xiaodong Hu;Ben Niu;Yangyang Liu;Tianxiao Liu;Evan M. Wilson;Zhen Jia;Koucheng Chen;Shumao Wang;Zijia Li;Yunjie Dou;Xiaoyu Shi;He Yan;Qingdong Zheng;Wei Wang;Antonio Facchetti;Shangshang Chen,Scalable ambient fabrication of single-junction and perovskite–silicon tandem solar cells,"Practical application of perovskite solar cells requires scalable fabrication in ambient environments. Here the authors introduce PNCC, a hole-transport co-polymer that enables ambient-fabricated devices to achieve certified efficiencies of 33.0% in tandem cells and 23.2% in modules. 
 Transitioning high-efficiency perovskite solar cells from laboratory scale to industrial production requires scalable fabrication under ambient conditions without sacrificing performance or durability. Here we report ambient-air, blade-coated perovskite solar cells and modules that achieve power conversion efficiencies of 26.6% (26.5% certified) and 23.2%, respectively. These devices demonstrate exceptional stability, retaining 99.8% of their initial power conversion efficiency after 1,200 hours of continuous light soaking. This breakthrough is enabled by a hole-transporting co-polymer, PNCC, which synergistically integrates triarylamine and carbazole phosphonic acid units. Comprehensive spectroscopic, spectrometric and morphological analyses reveal the mechanisms underlying PNCC’s superior functionality. Furthermore, leveraging PNCC’s high conductivity and morphological uniformity, we demonstrate monolithic perovskite–silicon tandem cells with a certified efficiency of 33.0%. This work establishes a benchmark for ambient-processed, stable photovoltaics, providing a viable, scalable pathway towards sustainable solar energy harvesting. Practical application of perovskite solar cells requires scalable fabrication in ambient environments. Here the authors introduce PNCC, a hole-transport co-polymer that enables ambient-fabricated devices to achieve certified efficiencies of 33.0% in tandem cells and 23.2% in modules."
10.1038/s43247-026-03911-3,True,Communications Earth & Environment,该论文研究美国大西洋和墨西哥湾沿岸沼泽的碳横向输运，使用了卫星观测数据来量化碳的迁移，这与大气环境遥感技术中的卫星观测和大气组成分析相关。,"['coastal marshes', 'carbon export', 'satellite observations']",Courtney A. Di Vittorio;Christian Braneon;Anastasia Romanou;Aidan Norris;Paul E. Lerner;Dorothy Peteet,Net lateral carbon export from eroding United States Atlantic and Gulf Coast marshes,"Coastal marshes along the United States Atlantic and Gulf Coasts mobilize substantial quantities of buried coastal carbon, representing a lateral flux to the coastal ocean as high as 0.66 Tg carbon per year, based on an erosion and burial carbon flux estimates from 1985−2022. 
 Coastal marshes store large amounts of organic carbon in their soils, but erosion can mobilize this carbon to the coastal ocean, creating uncertainty in carbon budgets and climate mitigation efforts. Here we show that erosion of coastal marshes along the United States Atlantic and Gulf Coasts represents a substantial lateral transfer of organic carbon (0.66 Tg C yr−1; 68% confidence interval, 0.46–0.91 Tg C yr−1). Using long-term satellite observations of wetland change and elevation-based estimates of eroded soil depth, we quantified carbon mobilized by abrupt and gradual marsh erosion from 1985 to 2022 and compared it with carbon burial (0.22 Tg C yr−1; 68% confidence interval is 0.09–0.59 Tg C yr−1) in newly formed marshes. We found that erosion exports more carbon than is buried in newly formed marshes (net export = 0.38 Tg C yr−1), with strong spatial and temporal variability. The erosion flux is equivalent to 5.7% of riverine organic carbon inputs and 24.2% of marsh outwelling, with regional values ranging from 3–14% and 6–29%, respectively. These results demonstrate that marsh erosion is an important pathway in coastal carbon cycling and should be incorporated into coastal carbon accounting and management frameworks. Coastal marshes along the United States Atlantic and Gulf Coasts mobilize substantial quantities of buried coastal carbon, representing a lateral flux to the coastal ocean as high as 0.66 Tg carbon per year, based on an erosion and burial carbon flux estimates from 1985−2022."
10.1038/s43247-026-03895-0,False,Communications Earth & Environment,该论文主要研究深海洋底微生物生态系统，与大气环境遥感技术（如空气质量监测、卫星观测、大气成分分析、气溶胶反演）没有直接关联。,"['deep biosphere', 'microbial life', 'hydrothermal structures']",Alice Drinkwater,Field in the frame: sampling the deep biosphere,"Beneath the deep ocean floor may not seem like a natural place for a prospering ecosystem, yet microbial life can thrive in subsurface sediments. The International Ocean Discovery Program Expedition 385 led by Drs. A. Teske and D. Lizarralde set out to drill and sample the deep biosphere, at eight sites of the Guaymas Basin in the Gulf of California. Dr Edgcomb and colleagues analysed these data and found active microbial life across a range of sediment and temperature conditions, especially around hydrothermal structures. Their work demonstrates that subsurface microbial life can flourish, even in the most challenging of conditions. 
 Beneath the deep ocean floor may not seem like a natural place for a prospering ecosystem, yet microbial life can thrive in subsurface sediments. The International Ocean Discovery Program Expedition 385 led by Drs. A. Teske and D. Lizarralde set out to drill and sample the deep biosphere, at eight sites of the Guaymas Basin in the Gulf of California. Dr Edgcomb and colleagues analysed these data and found active microbial life across a range of sediment and temperature conditions, especially around hydrothermal structures. Their work demonstrates that subsurface microbial life can flourish, even in the most challenging of conditions."
10.1038/s43247-026-03910-4,True,Communications Earth & Environment,该论文研究了大气水滴中的硫氧化还原化学，涉及界面电荷对硫酸盐和亚硫酸盐转化的影响，这与大气环境遥感技术中的空气质量监测和大气成分分析密切相关。,"['sulfur redox chemistry', 'aqueous aerosols', 'interfacial charge', 'air pollution', 'atmospheric chemistry']",Ning Yang;Xiaofei Wang;Junfeng Wang;Junjun Deng;Zhenwei Wei;Pingqing Fu,Spontaneous sulfur redox chemistry in atmospheric aqueous microdroplets,"Interfacial charge regulates sulfur redox chemistry in aqueous aerosols, with negative charge promoting sulfite oxidation and positive charge driving sulfate reduction, according to microdroplet experiments. Primary Handling Editors: Theodora Nah and Alice Drinkwater. 
 The high electric field at the microdroplet interface plays a crucial role in regulating aqueous aerosol chemistry. However, the impact of charge at the air-water interface on sulfur-containing aerosols remains unclear. Here we show, using various microdroplet systems, how interfacial reactions of sulfur-containing aerosols proceed under different charge conditions. Field observations were also conducted across multiple regions to characterize the molecular composition of aqueous sulfur-containing aerosols. In small negatively charged droplets, sulfite is spontaneously oxidized to sulfate, with an estimated rate comparable to reported rates of sulfite oxidation by common atmospheric oxidants. Meanwhile, sulfur radicals like sulfate radicals are generated, leading to the rapid formation of organosulfates. In large positively charged droplets, sulfate is spontaneously reduced to sulfite radicals and sulfite, promoting the formation of organosulfonates. These results provide key insights into how charge at the air–water interface affects sulfur aerosols and contribute to our understanding of air pollution. Interfacial charge regulates sulfur redox chemistry in aqueous aerosols, with negative charge promoting sulfite oxidation and positive charge driving sulfate reduction, according to microdroplet experiments. Primary Handling Editors: Theodora Nah and Alice Drinkwater."
10.1038/s43247-026-03913-1,False,Communications Earth & Environment,该研究主要关注气候变化对中国高速公路网络的影响，特别是降雨极端变化与工程阈值的关系，以及未来气候投影对网络压力测试的影响。虽然涉及气候和极端降雨，但并未直接涉及大气环境遥感技术，如空气质量监测、卫星观测或大气成分分析等。,"['precipitation extremes', 'engineering thresholds', 'climate projections']",Hongjing Huang;Wenbin Liu;Delong Li;Ziwei Li;Yao Feng;Hong Wang;Tingting Wang;Liang Chen;Yang Li;Fubao Sun,Widening climate adaptation gaps in the Chinese expressway network under climate change,"Across 71.4% of China’s expressway segments, precipitation levels associated with their original design standards are now expected to occur more frequently than intended, revealing an adaptation gap that extends across all construction periods. By linking changing rainfall extremes with engineering thresholds, network stress tests and future climate projections, the study shows that this gap is projected to widen and that emerging hotspots are likely to shift northwestward. 
 China’s expressway network, the world’s largest, relies on engineering codes calibrated under climatic stationarity, yet the extent to which climate change has reduced the protection provided by these static design margins remains unclear. We link non-stationary precipitation extremes to expressway design thresholds, evaluate network consequences, and project future risk. Here we show that for 71.4% of expressway segments, precipitation thresholds originally set for once-in-a-century events are now exceeded more frequently, revealing a systemic adaptation gap. This gap spans all construction periods, with even segments built in the 2010s falling below their era-specific protection baseline within a decade. Network stress tests show that route redundancy can buffer localized climate stress, indicating autonomous adaptive capacity embedded in network expansion, while identified priority nodes indicate where anticipatory adaptation should begin. Future projections indicate continued widening of the gap and a northwestward shift of emerging hotspots. These findings call for dynamic design standards, climate-adjusted safety margins, and continuous risk auditing across China’s expressway network. Across 71.4% of China’s expressway segments, precipitation levels associated with their original design standards are now expected to occur more frequently than intended, revealing an adaptation gap that extends across all construction periods. By linking changing rainfall extremes with engineering thresholds, network stress tests and future climate projections, the study shows that this gap is projected to widen and that emerging hotspots are likely to shift northwestward."
10.1038/s43247-026-03812-5,True,Communications Earth & Environment,该论文使用Sentinel-1卫星图像分析欧洲拉姆萨尔湿地（一种受保护的水域），研究地表水连通性，这与大气环境遥感技术中的空气质量监测、卫星观测和大气成分分析密切相关。论文使用了遥感技术（卫星图像）来监测和量化湿地的水文行为，这属于大气环境遥感技术的范畴。,"['Sentinel-1', 'atmospheric connectivity', 'satellite imagery', 'Ramsar wetlands']",Abigail E. Robinson;Fernando Jaramillo,A baseline of surface water connectivity in European Ramsar wetlands,"Surface water connectivity varies widely across European Ramsar wetlands and becomes more predictable towards higher latitudes, according to an analysis of ~50 wetlands using Sentinel-1 satellite imagery and connectivity metrics between 2015 and 2024. 
 Wetland restoration under the EU Nature Restoration Law prioritises the recovery of surface water connectivity, yet the ways in which water moves and connects across European wetlands remains poorly understood, hindering effective restoration and monitoring. To address this, we analysed ~50 European Ramsar wetlands between 2015 and 2024 using Sentinel-1 satellite imagery and a set of connectivity metrics that capture the spatiotemporal reorganisation of surface water bodies. We show that wetlands with similar inundated areas exhibited very different connectivity patterns, demonstrating that surface water area alone cannot adequately represent wetland hydrological behaviour. Connectivity stability, measured from the repeatability of annual inundation patterns and the timing of connectivity changes, exhibited a strong latitudinal gradient, with northern peatland-dominated wetlands showing the most predictable behaviour. Higher connectivity stability was associated with later snowmelt (r = 0.57-0.70, p < 0.05) and fewer annual growing degree days (r = –0.46 to −0.55, p < 0.05). These findings establish a pan-European baseline of surface water connectivity and support hydrologically informed wetland monitoring, restoration, and management. Surface water connectivity varies widely across European Ramsar wetlands and becomes more predictable towards higher latitudes, according to an analysis of ~50 wetlands using Sentinel-1 satellite imagery and connectivity metrics between 2015 and 2024."
None,False,Remote Sensing of Environment,该论文主要关注叶绿素含量的监测，与大气环境遥感技术（如空气质量监测、卫星观测、大气成分分析、气溶胶反演）的关联性较弱。,"['chlorophyll index', 'leaf chlorophyll content', 'monitoring']",Si Gao;Kai Yan;Jinhua Li;Cheng Huang;Xuanlong Ma;Wenjie Fan;Liangyun Liu;Qiao Wang,Structure-resistant chlorophyll index: A novel indicator for leaf chlorophyll content monitoring,
None,True,Remote Sensing of Environment,该论文研究利用Landsat卫星获取的地表温度数据推导生物热变量，应用于生物多样性研究。虽然主要目的是生物多样性，但地表温度数据的获取依赖于卫星观测技术，这与大气环境遥感技术中的卫星观测和地表参数反演密切相关，因此可以认为与大气环境遥感技术（特别是地表参数反演和卫星观测）有较强的关联。,"['Landsat', 'surface temperature', 'biodiversity']",Eduarda M.O. Silveira;Anna M. Pidgeon;Volker C. Radeloff,The BioThermal variables derived from Landsat surface temperature data for biodiversity applications,
None,True,Remote Sensing of Environment,该论文研究的是城市热异常模拟中的物理基础阴影核修正方法，涉及城市热环境分析，与大气环境遥感技术中的热异常监测和空气质量评估有直接关联，因此相关性较强。,"['urban thermal anisotropy', 'hotspot simulation', 'atmospheric remote sensing']",Dandan Wang;James A. Voogt;Lu Jiang;Xinyang Liu;Qiyao Li;Huihui Xu;Zhenyuan Zhu;Yunhao Chen,A revised physically-based shadow kernel for improved hotspot simulation in urban thermal anisotropy models,
None,True,Remote Sensing of Environment,该论文标题和摘要明确涉及使用Landsat卫星档案中的伪不变特征对高分辨率卫星图像进行自适应大气校正的方法，这与大气环境遥感技术中的大气成分分析和卫星观测高度相关。,"['atmospheric correction', 'satellite imagery', 'Landsat archive']",Wenchang Li;Tao He,LAPAC: A self-adaptive atmospheric correction method for fine-resolution satellite imagery using pseudo-invariant features from Landsat archive,
None,True,Remote Sensing of Environment,该论文研究利用Sentinel-2卫星观测数据来绘制加勒比海地区的海藻（Sargassum）分布，涉及卫星遥感技术和海洋环境监测，与大气环境遥感技术中的卫星观测和生物标志物监测相关。,"['Sentinel-2', 'Sargassum', 'Wider Caribbean Region']",Junnan Jiao;Chuanmin Hu;Brian B. Barnes,Maximizing the potential of Sentinel-2 satellite observations in mapping <em>Sargassum</em> seaweed in the Wider Caribbean Region,
None,True,Remote Sensing of Environment,该论文标题和摘要涉及合成孔径雷达（SAR）图像匹配技术，这是一种通过模拟模态生成和频谱-空间耦合学习实现的高分辨率方法。虽然主要关注图像匹配算法，但SAR技术广泛应用于大气环境遥感，如卫星观测和大气成分分析，因此与大气环境遥感技术有较强的相关性。,"['SAR', 'image matching', 'pseudo-modality', 'spectrum-spatial learning']",Mingyang Song;Hong Zhang;Yukun Fan;Lu Tian;Yuzhou Liu;Yazhe Xie;Yinhaibing Ding,A robust method for high-resolution C/S-band SAR image matching via pseudo-modality generation and coupled spectrum-spatial learning,
None,False,Remote Sensing of Environment,该论文的主题是湿地划分，虽然涉及全球分布的站点和弱监督方法，但与大气环境遥感技术（如空气质量监测、卫星观测、大气成分分析、气溶胶反演）没有直接关联。,"['wetland delineation', 'globally distributed sites', 'weakly supervised']",Yang Li;Nandin-Erdene Tsendbazar;Kirsten de Beurs;Lassi Päkkilä;Lammert Kooistra,"A weakly supervised, wetness-based dynamic framework for wetland delineation across globally distributed sites",
None,True,Remote Sensing of Environment,该论文使用卫星数据监测全球午后光合作用抑制现象，涉及卫星遥感技术和大气成分分析，与大气环境遥感技术密切相关。,"['photosynthesis', 'satellite-based', 'GPP', 'global', 'afternoon']",Jingyu Lin;Xing Li;Xiaojun Li;Xuanlong Ma;Lei Fan;Sadegh Ranjbar;Jing M. Chen,"Tracking global extreme afternoon photosynthesis depression: Frequency, duration, and drivers from satellite-based hourly GPP products",
None,True,Remote Sensing of Environment,该论文标题和摘要明确涉及从PACE卫星的SPEXone多角度偏振仪器中获取气溶胶和海洋色信息，这与大气环境遥感技术密切相关，包括空气质量监测、卫星观测和大气成分分析。,"['PACE', 'SPEXone', 'multi-angle polarimetry', 'aerosol retrieval', 'ocean color']",Meng Gao;Kamal Aryal;Peng-Wang Zhai;Kirk Knobelspiesse;Bryan Franz;Brian Cairns;Ivona Cetinić;Guangliang Fu;Otto Hasekamp;Amir Ibrahim;Andrew M. Sayer;P. Jeremy Werdell,Where sky meets sea: Integrated aerosol and ocean color retrieval from PACE SPEXone multi-angle polarimetry,
None,True,Remote Sensing of Environment,该研究的主题涉及短波辐射的邻域效应，这直接与大气环境遥感技术相关，特别是与地表反射特性（如空气质量监测中的污染物分布、卫星观测中的地表参数反演等）相关。因此，该论文与大气环境遥感技术有较强的关联性。,"['shortwave radiation', 'reflective surfaces', 'adjacency effect']",Wanchun Leng;Tianxing Wang;Xuewei Yan;Huabing Huang;Husi Letu;Ziqian Zhang,A scheme to quantify the adjacency effect of shortwave radiation from highly reflective surfaces,
None,True,Remote Sensing of Environment,该论文研究从空间测量多光谱土壤反射率的时空变化驱动因素，涉及从空间获取地物信息的技术，与大气环境遥感技术（如卫星观测、地表参数反演）密切相关，因此是相关的。,"['spectro-temporal variability', 'soil reflectance', 'space', 'continental-scale analysis']",Paul Karlshoefer;Christine Alewell;Pablo d’Angelo;Uta Heiden,Drivers of spectro-temporal variability in multi-spectral soil reflectance measured from space: A continental-scale analysis,
None,True,Remote Sensing of Environment,该论文研究的是将MAIAC算法扩展应用于TROPOMI卫星的测量数据，特别是在植被区域的 hyperspectral atmospheric correction，这与大气环境遥感技术密切相关，涉及卫星观测、大气成分分析和校正技术。,"['MAIAC algorithm', 'hyperspectral atmospheric correction', 'TROPOMI measurements', 'vegetated regions']",Sujung Go;Alexei Lyapustin;Yujie Wang;Sergey Korkin;Weizhen Hou;Xiong Liu;Jhoon Kim,Extending the MAIAC algorithm for hyperspectral atmospheric correction of TROPOMI measurements: A case study over vegetated regions,
None,True,Remote Sensing of Environment,该论文研究的是利用GEDI数据（全球热红外发射测量设备）来减轻地形效应对区域地上生物量核算的影响，涉及遥感技术和大气环境监测，因此与大气环境遥感技术相关。,"['GEDI', 'aboveground biomass', 'slope-adaptive waveform metrics']",Tianyu Yu;Wenjian Ni;Yunxiao Wang;Hao Tang;Zhiyu Zhang;Zhifeng Guo;Guoqing Sun,Mitigating terrain effects of GEDI data on regional accounting of aboveground biomass utilizing slope-adaptive waveform metrics,
None,False,Remote Sensing of Environment,该论文主要关注的是地表水体范围的测绘，使用SWOT卫星数据和Level-2 High-Rate Raster水分数据进行评估。虽然遥感技术被用于数据获取，但主题与大气环境遥感技术（如空气质量监测、卫星观测、大气成分分析、气溶胶反演）关系不大。,"['SWOT', 'surface water extent mapping', 'Level-2 High-Rate Raster water fraction']",Maurício C.R. Cordeiro;Mohammad J. Tourian;Santiago Peña-Luque;Renato Prata de Moraes Frasson;Daniel Moreira;Fabrice Papa;Tati de Almeida,Assessing SWOT's capability for surface water extent mapping: An evaluation of Level-2 High-Rate Raster water fraction,
None,True,Remote Sensing of Environment,该论文与大气环境遥感技术相关，因为GEDI（Geospatial Ecosystem Dynamics Investigation）是一个卫星传感器，用于从空间上监测地球生态系统，包括森林高度等参数。论文探讨了GEDI数据在构建全球森林高度地图中的应用，以及如何通过数据插补技术减少地图中的人为同质性，这与大气环境遥感技术中的卫星观测和数据处理密切相关。,"['GEDI', 'forest height maps', 'satellite observations']",Eugene Seo;Sean P. Healey;Zhiqiang Yang;John D. Armston;Ralph O. Dubayah;Simon Ilyushchenko;Tiago De Conto;Matthew G. Betts,Beyond RMSE: The GEDI imputed waveform product minimizes artificial homogeneity evident in existing global forest height maps,
None,True,Remote Sensing of Environment,该论文与大气环境遥感技术密切相关，因为它涉及USGS Landsat卫星的Level 2表面温度和发射率产品，这些数据可用于大气成分分析和空气质量监测。Landsat系列卫星是常用的地球观测工具，其数据在遥感大气参数方面有广泛应用。,"['Landsat', 'surface temperature', 'emissivity product']",Saeed Arab;Chase Mueller;Christopher J. Crawford;Danika Wellington;Ray Dittmeier;Glynn Hulley;Aaron Gerace;Calli Jenkerson;Simon Hook;Amirhossein Hassanzadeh;Rehman Eon;Cody Anderson;Pat Scaramuzza;Frank M. Göttsche,Enhancements to the USGS Landsat Level 2 surface temperature and emissivity product for Collection 3 reprocessing,
None,False,Remote Sensing of Environment,该论文主要关注使用GRACE数据监测中国洪水易发区域的增强型指标，与大气环境遥感技术（如空气质量监测、卫星观测、大气成分分析、气溶胶检索）关系不大，更侧重于水文和地理空间分析。,"['GRACE', 'flood-prone region', 'China']",Wei Ren;Yuyue Xu;Yubo Zhang;Shuang Luo;Jianli Chen;Chang-Qing Ke,An enhanced GRACE-based index for nationwide flood-prone region monitoring in China from 2003 to 2022,
None,True,Remote Sensing of Environment,该论文使用深度学习技术从亚米分辨率的遥感影像中提取森林生物量，这属于遥感技术在生态系统监测中的应用，与大气环境遥感技术（如卫星观测、大气成分分析）密切相关，因此是相关的。,"['biomass', 'optical imagery', 'deep learning']",Sizhuo Li;Martin Brandt;Xiaoye Tong;Stefan Oehmcke;Christian Igel;Florian Reiner;Fabian Gieseke;Thomas Nord-Larsen;Rasmus Fensholt;Jerome Chave;Philippe Ciais,Deep learning tree and forest biomass from sub-meter resolution optical imagery,
None,True,Remote Sensing of Environment,该论文标题和摘要表明其研究内容涉及遥感图像的时空交叉注意力Transformer模型，这与大气环境遥感技术中的卫星观测、图像处理和分析高度相关。遥感图像是大气环境监测的重要数据来源，而时空交叉注意力模型可用于融合和分析这些图像，从而支持空气质量监测、大气成分分析等应用。,"['remote sensing images', 'transformer', 'spatio-temporal cross attention']",Jun Li;Xiaowei He;Yantai Yang;Qinghong Sheng;Zhaocong Wu;Bo Wang;Xiao Ling;Xiang Liu;Yu Liu;Fan Gao;Libo Wang;Matthieu Molinier,STCAFormer: Spatio-temporal cross attention based transformer for fusion of remote sensing images,
None,True,Remote Sensing of Environment,该论文研究了不同有效的散射反照率和土壤粗糙度参数化方案对SMAP土壤湿度和L-VOD反演的影响，涉及卫星观测和大气成分分析的遥感技术，因此与大气环境遥感技术密切相关。,"['SMAP', 'soil moisture', 'L-VOD retrieval', 'scattering albedo', 'roughness parameterization']",Yao Xiao;Xiaojun Li;Lei Fan;Andress Colliander;Ardeshir Ebtehaj;Jian Peng;Frédéric Frappart;Lanka Karthikeyan;Wei Zhao;Gabrielle De Lannoy;Patricia de Rosnay;Zanpin Xing;Mengjia Wang;Xiangzhuo Liu;Pariha Helili;Preethi Konkathi;Jean-Pierre Wigneron,Global comparison of different effective scattering albedo and soil roughness parameterization schemes for SMAP soil moisture and L-VOD retrieval,
None,True,Remote Sensing of Environment,该论文研究水稻叶片病原体感染如何改变辐射传输模型反演揭示的光谱-生化关系，涉及光谱分析和生化关系，与大气环境遥感技术（如空气质量监测、卫星观测）相关，但更侧重于植物病理学和遥感模型的应用，而非直接的大气成分分析或空气污染监测。,"['radiative transfer model', 'spectral–biochemical relationships', 'pathogen infection']",Long Tian;Susan L. Ustin;Yuanyuan Kong;Bowen Xue;Pablo J. Zarco-Tejada;Chongya Jiang;Xia Yao;Yufang Jin;Yan Zhu;Weixing Cao;Tao Cheng,Rice leaf pathogen infection alters the spectral–biochemical relationships revealed by radiative transfer model inversion,
None,True,Remote Sensing of Environment,该研究涉及使用GNSS–T技术对欧洲山毛榉森林进行生态水文监测，并评估不同系统和频段特性对于解析时间垂直含水量（VOD）动态的能力。虽然主要关注点在生态水文领域，但GNSS–T技术可用于大气环境遥感，特别是大气成分分析和含水量监测，因此与大气环境遥感技术有一定相关性。,"['GNSS–T', 'ecohydrological monitoring', 'VOD dynamics']",Nicolas François Bader;Ruxandra-Maria Zotta;Eugenio Diaz-Pines;Gregor Möller;Walter Loderer;Thomas Kager;Wouter Dorigo,GNSS–T for ecohydrological monitoring of a european beech forest: Assessing different system and band characteristics for resolving temporal VOD dynamics,
None,True,Remote Sensing of Environment,该论文研究的是利用多尺度时空张量插值方法重建全球叶面积指数时间序列，叶面积指数是植被生态学中的一个重要参数，与大气环境中的碳循环、气体交换等密切相关。虽然论文主要关注植被参数的重建，但其方法可以应用于大气环境监测中的遥感数据插值和重建，因此与大气环境遥感技术具有一定的相关性。,"['leaf area index', 'spatiotemporal tensor', 'global reconstruction']",Xinpei Yu;Kai Yan;Jiabin Pu;Jinxiu Liu;Jin Wu;Alexander J.Winkler;Qiao Wang,MUSTI: Multi-scale spatiotemporal tensor imputation for global leaf area index time series reconstruction,
None,True,Remote Sensing of Environment,该论文涉及使用MERIS卫星传感器数据来校正土壤和结构，以改进叶绿素含量的估计，这与大气环境遥感技术中的卫星观测和植被分析相关。,"['MERIS', 'chlorophyll index', 'leaf chlorophyll content']",Runfei Zhang;Peiqi Yang,cscMTCI: A soil and structure corrected MERIS terrestrial chlorophyll index for improving leaf chlorophyll content estimation,
None,False,Remote Sensing of Environment,该论文的主题是利用散射模型和深度迁移学习框架来获取地表土壤湿度，这与大气环境遥感技术（如空气质量监测、卫星观测、大气成分分析、气溶胶反演）没有直接关系。土壤湿度属于地表参数，而非大气参数。,"['surface soil moisture', 'deep transfer learning', 'scattering model']",Zuo Wang;Jianhui Chen;Jiangyuan Zeng;Chang Huang;Lisheng Song;Yingying Chen;Liujun Zhu,A scattering model-informed deep transfer learning framework for surface soil moisture retrieval,
None,True,Remote Sensing of Environment,该论文研究从卫星图像中获取水稻叶绿素的技术，涉及遥感技术用于农作物监测和环境分析，与大气环境遥感技术（如空气质量监测和卫星观测）相关。,"['satellite imagery', 'rice chlorophyll retrieval', 'row structure', 'saturation effects']",Haoran Sun;Hifza Mariam;Junnan She;Ming Chen;Dong Li;Chongya Jiang;Xia Yao;Iftikhar Ali;Yan Zhu;Weixing Cao;Tao Cheng,Breaking barriers in rice chlorophyll retrieval from satellite imagery: Mitigating row structure and saturation effects via RiceGORT and chlorophyll sensitivity enhancement,
None,True,Remote Sensing of Environment,该论文研究了从SMAP L波段辐射计在降雨条件下获取海表盐度的方法，这与大气环境遥感技术中的卫星观测和大气成分分析密切相关，因此是相关的。,"['SMAP L-band', 'sea surface salinity', 'radiometry', 'rainfall conditions']",Xuchen Jin;Xianqiang He;Yan Bai;Yilei Wang;Lizhang Zhou;Shujie Yu;Teng Li;Fang Gong;Delu Pan,Retrieval of sea surface salinity from SMAP L-band radiometry under rainfall conditions,
None,True,Remote Sensing of Environment,该论文研究了通过校正地球静止卫星的地理位置偏差来改进短波辐射产品的精度。这与大气环境遥感技术相关，因为地球静止卫星和短波辐射是监测大气成分和空气质量的重要工具。,"['geostationary satellite', 'shortwave radiation', 'geolocation displacement']",Wangkang She;Changkun Shao;Wenjun Tang;Guopeng Zhu;Zengqiang Pang;Tongfei Liu;Shuibao Liang;Kun Yang,Substantial improvement of geostationary satellite-derived shortwave radiation product through correcting geolocation displacement,
None,True,Remote Sensing of Environment,该论文使用Landsat和Sentinel-2卫星观测数据与近地表PhenoCam时间序列数据融合，以增强美国西部干旱地区地表物候的检测。这属于遥感技术在土地表面物候监测中的应用，与大气环境遥感技术中的卫星观测和地表参数分析相关，因此是强相关的。,"['Landsat', 'Sentinel-2', 'PhenoCam', 'land surface phenology', 'remote sensing']",Yuxia Liu;Xiaoyang Zhang;Yu Shen;Yongchang Ye;Shuai An,Enhanced land surface phenology detections in the western U.S. drylands by fusing harmonized Landsat and Sentinel-2 observations with near-surface PhenoCam time series,
None,True,Remote Sensing of Environment,该论文涉及Sentinel 2卫星数据在热带森林区域的归一化处理，使用了 nadir BRDF adjusted reflectance 技术，这与大气环境遥感技术中的卫星观测和地表反射率分析密切相关，因此相关性较强。,"['Sentinel 2', 'BRDF adjusted reflectance', 'tropical forests']",Pierre Ploton;Gaëlle Viennois;Florian de Boissieu;Erik Lindquist;Jean-Baptiste Féret;Daniel Wiell;Hervé Poilvé;Pierre Couteron;Raphaël Pélissier;Nicolas Barbier,Normalization of Sentinel 2 data over tropical forests to nadir BRDF adjusted reflectance,
None,False,Remote Sensing of Environment,该论文主要关注的是果树疾病的诊断，涉及的是植被指数和冠层垂直分布知识，与大气环境遥感技术（如空气质量监测、卫星观测、大气成分分析、气溶胶反演）没有直接相关性。,"['vegetation index', 'canopy vertical distribution', 'disease diagnosis']",Wenjie Zhang;Guijun Yang;Xinlian Liang;Xiaohong Liu;Jianbo Qi;Hao Yang;Haikuan Feng;Bo Li;Changyuan Zhai;Baoguo Wu;Xiaohui Su;Liping Chen;Chunjiang Zhao,Toward accurate disease diagnosis of fruit trees: Integrating a novel dual-angle vegetation index with canopy vertical distribution knowledge,
None,False,Remote Sensing of Environment,该论文主要关注的是三维森林地图的绘制，涉及实例分割、语义分割和物种分类等计算机视觉技术，与大气环境遥感技术（如空气质量监测、卫星观测、大气成分分析、气溶胶反演等）没有直接关联。,"['3D forest mapping', 'self-supervised learning', 'transfer learning']",Aldino Rizaldy;Fabian Ewald Fassnacht;Ahmed Jamal Afifi;Hua Jiang;Richard Gloaguen;Pedram Ghamisi,"Label-efficient 3D forest mapping: Self-supervised and transfer learning for instance segmentation, semantic segmentation, and species classification",
None,True,Remote Sensing of Environment,该论文研究利用单卫星图像进行多灾害检测，通过光谱语义图推理技术，这与大气环境遥感技术（如卫星观测、大气成分分析）密切相关，因为卫星图像是大气环境监测的重要数据源，而光谱语义图推理技术可以用于分析大气成分和灾害监测。,"['satellite imagery', 'spectral-semantic graph reasoning', 'multi-hazard detection']",Wei Ao;Zhi Gao;Boan Chen;Xinyu Gong;Yuyang Zhai;Ziyao Li;Qiao Wang,Towards efficient multi-hazard detection from single satellite imagery via spectral-semantic graph reasoning,
None,True,Remote Sensing of Environment,该论文标题和摘要明确涉及使用光学遥感技术来监测海面风迹，并检索风向和风浪信息。这与大气环境遥感技术中的卫星观测和大气成分分析相关，因为海面风迹是大气边界层的重要特征，对理解大气动力学和海洋-大气相互作用有重要意义。,"['sea surface wind streaks', 'wind directions', 'wind waves']",Lifeng Wang;Yingcheng Lu;Chuanmin Hu,Optical remote sensing of sea surface wind streaks: Retrievals of wind directions and wind waves,
None,True,Remote Sensing of Environment,该论文研究了利用ICESat-2和Sentinel-1/2卫星数据，通过一种水力几何信息引导的洪水退水检索算法，对未测量流域进行洪水退水检索的方法，应用于青藏高原地区。虽然主要关注水文领域，但使用了卫星遥感技术获取数据，因此与大气环境遥感技术有一定关联，特别是在大气水汽和降水监测方面。,"['ICESat-2', 'Sentinel-1/2', 'discharge retrieval algorithm']",Ziting Chen;Yonghong Yi;Huimin Lei;Jijun Xu;Li Liu;Lachun Wang;Chongyu Xu,A hydraulic-geometry informed discharge retrieval algorithm for ungauged basins using ICESat-2 and Sentinel-1/2: Application to Qinghai-Tibet Plateau,
None,True,Remote Sensing of Environment,该论文研究的是冠层反射率关于叶密度的导数，这涉及到植物冠层的光学特性，而植物冠层的光学特性是大气环境遥感技术中用于分析大气成分和空气质量的重要参数。因此，该论文与大气环境遥感技术有较强的相关性。,"['canopy reflectance', 'leaf density', 'atmospheric composition']",Abdelaziz Kallel;Yingjie Wang;Jean Philippe Gastellu-Etchegorry,Derivative of canopy reflectance with respect to leaf density: A probabilistic rendering framework,
None,True,Remote Sensing of Environment,该论文使用InSAR技术（干涉合成孔径雷达）分析高填方运河的变形模式和机制，InSAR技术常用于监测地表形变，与大气环境遥感技术中的地表变化监测（如土地利用变化、沉降监测）相关，因此与大气环境遥感技术（如卫星观测、大气成分分析）有一定关联。,"['InSAR', 'multi-temporal', 'fine-scale deformation']",Nan Wang;Yanru Yu;Haocheng Li;Jie Dong;Mingsheng Liao,Fine-scale deformation pattern and mechanism of high-fill canals revealed by multi-temporal InSAR,
None,True,International Journal of Applied Earth Observation and Geoinformation,该论文涉及使用多源地球观测数据结合物理信息自监督框架进行近实时野火烧毁区映射，这与大气环境遥感技术中的火灾监测和地表覆盖变化分析密切相关，因此相关性较强。,"['wildfire burned area mapping', 'multi-source earth observation', 'physics-informed self-supervised framework']",Mirza Waleed;Muhammad Bilal,BAM: A physics-informed self-supervised framework for near-real-time wildfire burned area mapping from multi-source earth observation,
None,False,International Journal of Applied Earth Observation and Geoinformation,该论文主要关注的是使用物理散射引导的先验增强Mamba模型在复杂背景下生成高保真SAR船舶图像的技术，这与大气环境遥感技术（如空气质量监测、卫星观测、大气成分分析、气溶胶反演）没有直接关系。,"['SAR', 'ship generation', 'scattering', 'Mamba model']",Moran Ju;Changqi Wang;Si-Nian Jin,A physical Scattering-Guided Prior-Enhanced Mamba model for high-fidelity SAR ship generation in complex backgrounds,
None,True,International Journal of Applied Earth Observation and Geoinformation,该论文涉及使用无人机（UAV）搭载的RGB和超光谱图像进行马铃薯植物病害检测，属于遥感技术在农业领域的应用。虽然主要目的是植物病害检测，但其技术手段（无人机遥感、多光谱数据处理）与大气环境遥感技术（如空气质量监测、卫星观测）有相似之处，因此可以认为与大气环境遥感技术有较强的相关性。,"['UAV', 'RGB imagery', 'hyperspectral imagery', 'potato plant disease detection']",Tianyi Jia;Magdalena Smigaj;Gert Kootstra;Lammert Kooistra,Deep spatial-spectral fusion of UAV RGB and hyperspectral imagery for potato plant disease detection,
None,False,International Journal of Applied Earth Observation and Geoinformation,该论文主要关注的是使用多角度TECIS数据通过模型驱动敏感性分析方法进行森林生物量估算，与大气环境遥感技术（如空气质量监测、卫星观测、大气成分分析、气溶胶反演）相关性较弱。,"['Multi-Angular TECIS', 'forest biomass', 'Model-driven sensitivity analysis']",Xuexia Sun;Xiaoyao Li;Bingxiang Tan;Fayun Wu;Yuxuan Liu;Shimei Xiong,Feature selection from Multi-Angular TECIS data for forest biomass estimation using a Model-driven sensitivity analysis approach,
None,False,International Journal of Applied Earth Observation and Geoinformation,该论文主要关注的是利用VIIRS夜间灯光数据量化地震引起的建筑损坏，涉及的技术和方法与大气环境遥感技术（如空气质量监测、卫星观测、大气成分分析、气溶胶反演等）关系不大。虽然VIIRS是一种卫星传感器，但其应用领域是灾害评估而非大气环境监测。,"['VIIRS', 'nighttime lights', 'deep learning']",Hee-Su Joo;Seon-Gyu Kim;Jin-Hyeong Lee;Hyung-Sup Jung,Quantifying earthquake-induced building damage from VIIRS nighttime lights: A multi-scale framework with deep learning–based area validation,
None,False,International Journal of Applied Earth Observation and Geoinformation,该论文的主题是森林昆虫损害预警，涉及时空先验知识和因子驱动建模，与大气环境遥感技术（如空气质量监测、卫星观测、大气成分分析、气溶胶反演）关系不大。,"['forest insect damage', 'spatiotemporal prior knowledge', 'factor-driven modeling']",Haoyan Zhang;Shiming Li;Yaozhong Pan,Integrating spatiotemporal prior knowledge from co-segmented time-series into factor-driven modeling for forest insect damage warning,
None,True,International Journal of Applied Earth Observation and Geoinformation,该论文研究印度砖窑的分布和技术类型，砖窑是重要的空气污染源，其排放的颗粒物和有害气体对大气环境有显著影响。因此，该研究与环境遥感技术中的空气质量监测和大气成分分析相关。,"['brick kilns', 'atmospheric pollution', 'distribution analysis']",Sugandha Arora;Clément Goldmann;Stefan Oehmcke;Jan Pauls;Chuanlong Zhou;Abhinav Sharma;Kushal Tibrewal;Harish Phuleria;Fabian Gieseke;Philippe Ciais,Brick kilns across India: A temporal analysis of brick kiln distribution and technology types,
None,True,International Journal of Applied Earth Observation and Geoinformation,该论文使用多种地球观测数据对喀斯特干旱的传播进行全球评估，涉及遥感技术（如多源地球观测数据）和大气环境监测（如干旱评估），因此与大气环境遥感技术密切相关。,"['Earth Observation', 'karst drought', 'multisource']",Chengchang Tian;Qiuwen Zhou;Ze Yuan;Yuan Li;Igor Leščešen;Slobodan Gnjato;Pedro A.M. Leite,Global assessment of karst drought propagation from multisource Earth Observation: Epikarst-mediated rapid shallow coupling and delayed deep responses,
None,True,International Journal of Applied Earth Observation and Geoinformation,该论文研究了利用FY-3G多角度偏振观测技术，通过新的MAPLE-CP框架监测全球云相，并与独立的多站点激光雷达验证。这直接涉及大气环境遥感技术，特别是云相监测和卫星观测。,"['FY-3G', 'polarimetric observations', 'cloud phase monitoring', 'MAPLE-CP framework']",Yaying Wang;Haofei Wang;Chuanfeng Zhao;Qiao Wang;Kun Jia;Jinlong Fan;Hang Lyu;Sijie Chen;Zhenping Yin;Xing Yan,Global cloud phase monitoring from FY-3G multi-angle polarimetric observations using the new MAPLE-CP framework with independent multi-site lidar validation,
None,True,International Journal of Applied Earth Observation and Geoinformation,该论文与大气环境遥感技术相关，因为它涉及空气温度的降尺度处理和插值预处理，这些技术在大气成分分析和空气质量监测中常用。,"['air temperature', 'downscaling', 'interpolation preprocessing']",Zitong Wen;Lu Zhuo;Jiao Wang;Ahmed Abdelhalim;Ming Zhong;Dawei Han,Reducing grid artifacts in air temperature downscaling with a Volume-Preserving interpolation preprocessing step,
None,True,International Journal of Applied Earth Observation and Geoinformation,该论文的标题和摘要明确涉及大气环境遥感技术中的气溶胶-云探测通道（532 nm）以及DQ-1/ACDL传感器的线性拟合校准算法，这与大气成分分析、气溶胶检索等遥感技术高度相关。,"['Aerosol-Cloud detection channels', '532 nm', 'DQ-1/ACDL', 'Linear-Fitting calibration algorithm']",Feiyue Mao;Chengen Li;Lin Zang;Zengxin Pan;Weiwei Xu;Ge Han;Xiuqing Hu;Weibiao Chen;Wei Gong,Linear-Fitting calibration algorithm for Aerosol-Cloud detection channels at 532 nm of the DQ-1/ACDL,
None,False,International Journal of Applied Earth Observation and Geoinformation,该论文研究的是利用高光谱数据和机器学习技术检测水稻细菌性叶枯病，属于农业和植物病害监测领域，与大气环境遥感技术（如空气质量监测、卫星观测、大气成分分析、气溶胶反演）相关性较弱。,"['hyperspectral data', 'machine learning', 'rice bacterial leaf blight']",Ziyi Wang;Roshanak Darvishzadeh;Nancy Castilla;Alice Laborte;Andrew Nelson,Early detection of rice bacterial leaf blight disease using canopy hyperspectral data and machine learning,
None,False,International Journal of Applied Earth Observation and Geoinformation,该论文的标题和摘要主要关注的是基于图Transformer的决策框架，用于选择性更新向量建筑数据，这与大气环境遥感技术（如空气质量监测、卫星观测、大气成分分析、气溶胶反演）没有直接关系。,[],Yue Qiu;Fang Wu;Haizhong Qian;Jichong Yin;Xianyong Gong;Chengyi Liu;Hao Zhang;Rui Cao,V-BUILD: A graph Transformer-based decision framework for selective updating of vector building data,
None,True,International Journal of Applied Earth Observation and Geoinformation,该论文标题和摘要明确涉及地表煤矿的生态环境质量评估，其中提到的MiecoI可能是一种用于监测或评估的技术或方法，这与大气环境遥感技术中的空气质量监测、地表环境分析等领域有较强的关联性。,"['surface coal Mines', 'Eco-Environmental quality assessment', 'MiecoI']",Feiyue Li;Jun Li;Chengye Zhang;Han Zhang;Chuanying Peng;Lixia Liang;Jingyu Hao;Simit Raval,A new approach for comprehensive and spatiotemporally comparable Eco-Environmental quality assessment of surface coal Mines: MiecoI,
None,True,International Journal of Applied Earth Observation and Geoinformation,该论文研究了使用Sentinel-2卫星图像进行谷物作物收获检测的近实时无监督框架，涉及遥感技术和卫星观测，与大气环境遥感技术中的卫星观测和作物监测相关。,"['Sentinel-2 imagery', 'grain crop harvest detection', 'reaped index (RI)']",Kai Tang;Zeteng Li;Youzhi Zhang;Laigang Wang;Peng Yang;Bingwen Qiu;Xuehong Chen;Ruilin Chen;Jianlong Li;Jin Chen,A near-real-time and unsupervised framework for grain crop harvest detection using sentinel-2 imagery: the reaped index (RI) and automated thresholding,
None,False,International Journal of Applied Earth Observation and Geoinformation,该论文标题和摘要主要关注太阳能光伏产业的发展及其生态影响，涉及土地使用变化（农田到森林），与大气环境遥感技术（如空气质量监测、卫星观测、大气成分分析、气溶胶反演）的关联性较弱。,"['solar photovoltaics', 'ecological implications', 'cropland to forest']",Shoki Shimada;Wataru Takeuchi;Kei Oyoshi,Corrigendum to “Spatiotemporal dynamics of solar photovoltaics development and ecological implications in Japan from cropland to forest” [Int. J. Appl. Earth Obs. Geoinf. 150 (2026) 105348],
None,False,International Journal of Applied Earth Observation and Geoinformation,该论文研究的是从单类标注的遥感数据集中对农田和农村道路的联合分割方法，主要关注的是土地覆盖分类和图像分割技术，而非大气环境遥感技术如空气质量监测、卫星观测或大气成分分析。,"['remote sensing', 'segmentation', 'farmland']",Zhaoxiang Cao;Yuchun Huang;Yibo Zhou;Peng Zhou;Zhiqiang Qin;Shengyuan Zhang,A partially supervised joint segmentation method for farmland and rural roads from single-class annotated remote sensing datasets,
None,True,International Journal of Applied Earth Observation and Geoinformation,该论文研究了使用双极化GNSS反射计技术，通过微卫星观测对FYI-MYI海冰类型进行分类。虽然主要关注海冰分类，但GNSS反射计技术属于大气环境遥感技术的一种，涉及卫星观测和大气成分分析，因此与大气环境遥感技术有一定相关性。,"['Dual-polarization GNSS reflectometry', 'sea ice type classification', 'microsatellite observations']",Runchuan Li;Fei Guo;Wentao Yang;Weiqiang Li;Xiaohong Zhang;Estel Cardellach,Dual-polarization GNSS reflectometry for FYI–MYI sea ice type classification using microsatellite observations,
None,True,International Journal of Applied Earth Observation and Geoinformation,该论文研究了波兰云杉林中NDVI与林分结构的关系，使用了HLS、LiDAR指标和GGP-GAM方法。这些技术常用于遥感监测大气环境，如通过卫星观测大气成分和空气质量。因此，该论文与大气环境遥感技术密切相关。,"['NDVI', 'LiDAR', 'atmospheric composition', 'satellite observations', 'scots pine forests']",Luiza Tymińska-Czabańska;Piotr Janiec;Michał Lupa;Vahid Nasiri;Franciszek Błaś;Adam Ziółkowski;Paweł Hawryło;Jarosław Socha,"Spatially varying NDVI–stand structure relationships in Scots pine forests across Poland using HLS, LiDAR metrics and GGP-GAM",
None,False,International Journal of Applied Earth Observation and Geoinformation,该论文主要关注农业和城市扩张对全球干旱地区的生态水文学影响，与大气环境遥感技术（如空气质量监测、卫星观测、大气成分分析、气溶胶反演）关系不大。,[],Ran Wang;Wei Zhou;Tao Lin;Zhe Hao;Shibin Zhang;Conghong Huang,Divergent ecohydrological impacts of agricultural and urban expansions across global drylands,
None,True,International Journal of Applied Earth Observation and Geoinformation,该论文使用Sentinel-2和ERA5-Land数据估算瑞典湖泊的溶解有机碳，涉及地球观测技术和卫星数据，与大气环境遥感技术（如大气成分分析）密切相关，因此相关性较强。,"['Sentinel-2', 'ERA5-Land', 'dissolved organic carbon', 'Earth observation']",Xufeng Wei;Wenbo Xu;Lanhui Wang;Renkui Guo;Zheng Duan,An interpretable Earth observation framework for estimating lake dissolved organic carbon in Sweden using Sentinel-2 and ERA5-Land data,
None,False,International Journal of Applied Earth Observation and Geoinformation,该论文的标题和摘要主要关注虚拟现实（VR）城市建模中的层次细节设计（LOD）和人类行为，与大气环境遥感技术（如空气质量监测、卫星观测、大气成分分析、气溶胶反演）没有直接关联。因此，该论文与大气环境遥感技术不相关。,[],Yunlei Su;Guosheng Yang;Wufan Zhao;Cai Wu,Beyond fidelity: Rethinking realism through human behavior in VR city modeling LOD design,
None,False,International Journal of Applied Earth Observation and Geoinformation,该论文主要研究的是利用BQEL-Net网络从火星撞击坑数据集中提取撞击坑，与大气环境遥感技术（如空气质量监测、卫星观测、大气成分分析、气溶胶反演）没有直接关系。,"['impact craters', 'martian', 'BQEL-Net']",Chang Li;Haoyan Ma;Yi He;Zhizhong Kang,BQEL-Net: A bimodal quantitative ensemble learning network with uncertainty-aware for vectorized extraction of martian impact craters from bimodal catalogic-and-quantitative dataset (BCQDS),
None,True,International Journal of Applied Earth Observation and Geoinformation,该论文研究了融合高空高分辨率影像与Sentinel-1和Sentinel-2卫星时序数据，以提高多年果园类型分类的精度。虽然主题是果园分类，但使用了卫星观测技术（Sentinel-1和Sentinel-2），这与大气环境遥感技术（如卫星观测和图像分析）密切相关。,"['aerial imagery', 'Sentinel-1', 'Sentinel-2', 'orchard classification']",Lior Fine;Tarin Paz-Kagan;Offer Rozenstein,Fusing very high-resolution aerial imagery with Sentinel-1 and Sentinel-2 time series improves multi-year orchard type classification,
None,True,International Journal of Applied Earth Observation and Geoinformation,该论文使用遥感技术和集成模型来识别和分类<em>Calliptamus italicus</em>的风险区域，并考虑了人口密度和栖息地适宜性。虽然主要关注的是生物风险区域，但遥感技术是大气环境遥感监测的一种重要手段，因此与大气环境遥感技术有较强的相关性。,"['remote sensing', 'ensemble modeling', 'habitat suitability']",Junteng Luo;Liang Liu;Jianghua Zheng;Jun Lin;Wanqiang Han;Yang Yan;Jianhao Li;Feifei Zhang;Zhong Liang;Qige Qi,Identification and classification of risk zones for <em>Calliptamus italicus</em> based on remote sensing and ensemble modeling: considering population density and habitat suitability,
None,True,International Journal of Applied Earth Observation and Geoinformation,该论文标题和摘要表明其研究内容涉及利用地球观测技术和机器学习方法对阿拉伯湾和奥曼海的有害藻华进行操作预报。虽然主要关注有害藻华，但地球观测技术（如卫星观测）和机器学习属于环境遥感技术的一部分，因此与大气环境遥感技术相关。,"['Earth Observation', 'Machine learning', 'harmful algal blooms', 'Arabian Gulf', 'Sea of Oman']",Kaltham A. Ismail;Roqaya A. Ismail;Mohammed Salim,Earth Observation–Based Machine learning for operational forecasting of harmful algal blooms in the Arabian Gulf and Sea of Oman,
None,True,International Journal of Applied Earth Observation and Geoinformation,该论文标题和摘要明确提到了利用物理引导的局部-全局融合网络（PLGF-NET）进行GNSS-R（全球导航卫星系统后向反射）的高风速检索。GNSS-R是一种大气环境遥感技术，常用于监测风速等气象参数，因此该论文与大气环境遥感技术（特别是卫星观测和气象参数检索）密切相关。,"['PLGF-NET', 'Physics-Guided Local-Global fusion network', 'GNSS-R', 'high wind speed retrieval']",Xinzhe Xu;Minfeng Song;Xiufeng He;Jinsheng Tu;Xiaolei Wang;Jinwen Zeng;Hao Yang;Wei Zhan,PLGF-NET: A Physics-Guided Local-Global fusion network for GNSS-R high wind speed retrieval,
None,False,International Journal of Applied Earth Observation and Geoinformation,该论文主要关注利用无人机（UAV）和时间序列数据对苜蓿的生长和功能进行空间和时间上的分析，并未涉及大气环境遥感技术，如空气质量监测、卫星观测或大气成分分析等。,"['UAV', 'alfalfa', 'time-series']",Tao Cheng;Zhangru Gao;Ziyu Ding;Dong Han;Yaling Liu;Ruopu Zan;Xinyuan He;Shibo Yang;Feng Yuan;Weibo Ren;Dongyan Zhang,DINO-Pheno-Cluster: Integrating few-shot foundation models and UAV time-series for spatiotemporal growth and functional characterization of alfalfa,
None,True,International Journal of Applied Earth Observation and Geoinformation,该论文研究了使用Landsat 8/9卫星数据通过RF-XGBoost模型检索总氮的方法，这与大气环境遥感技术中的大气成分分析密切相关。,"['total nitrogen', 'Landsat 8/9', 'RF-XGBoost model', 'atmospheric retrieval']",Yuanyuan Zhang;Shuanggen Jin,MFRXG: A multi-feature stacking ensemble RF-XGBoost model for total nitrogen retrieval in the Yellow River from Landsat 8/9 data,
None,True,International Journal of Applied Earth Observation and Geoinformation,该论文标题和摘要表明其研究内容涉及从单目遥感影像中估计高度，这属于遥感技术领域，特别是与大气环境监测相关的遥感影像处理和分析。虽然具体未提及空气质量、卫星观测或大气成分分析等，但单目遥感影像处理技术在环境监测中具有重要应用，因此与大气环境遥感技术有较强的相关性。,"['monocular remote sensing imagery', 'height estimation', 'vision-language network']",Tao Zhang;Furong Shi;Yuanping Zhu;Xin Huang,HeightCLIP: A vision-language network for height estimation from monocular remote sensing imagery,
None,False,International Journal of Applied Earth Observation and Geoinformation,该论文的标题和摘要主要关注城市数字孪生和环境敏感的移动性规划，与大气环境遥感技术（如空气质量监测、卫星观测、大气成分分析、气溶胶反演）没有直接关联。,[],Thomas Trabert;Elmar Brockfeld;Alexander Sohr;Kerstin Krellenberg;Jakob Erdmann;Xiaoxu Bei;Carsten Dalaff;Timo Houben;Jan Bumberger,Urban digital twin for environmentally sensitive mobility planning: conceptual framework and application in pilot region Leipzig,
None,True,International Journal of Applied Earth Observation and Geoinformation,该论文研究SuperDove卫星检测负载物质的垛，关注极端环境事件，涉及卫星观测技术，与大气环境遥感技术（如空气质量监测、卫星观测、大气成分分析、气溶胶反演）相关。,"['SuperDove', 'satellite', 'windrows', 'environmental events']",Dimitris Papageorgiou;Stefano Aliani;Andrés Cózar;Konstantinos Topouzelis,SuperDove satellite detection of matter-loaded windrows with a focus on extreme environmental events,
None,True,International Journal of Applied Earth Observation and Geoinformation,该论文利用开源多模态数据和形态感知UDASS技术对热带城市屋顶植被进行映射，虽然主要研究的是城市植被，但与大气环境遥感技术中的城市环境监测和大气成分分析有一定关联，例如通过植被覆盖情况间接反映空气质量或城市热岛效应，因此可以认为其与大气环境遥感技术有一定相关性。,"['roof vegetation mapping', 'open-source multimodal data', 'morphology-aware UDASS']",Jinhui Liu;Mi Zhang;Lina Tang;Guofan Shao;Huiwei Jiang;Xiangyun Hu;Yibing Xiong;Jiongwei Wang,A transferable framework for roof vegetation mapping across tropical cities based on open-source multimodal data and morphology-aware UDASS,
None,False,International Journal of Applied Earth Observation and Geoinformation,该论文标题和摘要主要关注土壤适宜性评估，涉及模糊熵、MAIRCA和TOPSIS框架，与大气环境遥感技术（如空气质量监测、卫星观测、大气成分分析、气溶胶反演）无关。,[],Karthik Subramani;Deva Nithyanandham;Felix Augustin;Saravanakumar Ramasamy;Ajeesh Puthusserry Paulose;Pandiyaraju V,An integrated picture fuzzy entropy–MAIRCA–TOPSIS framework for sustainable soil suitability evaluation,
None,True,International Journal of Applied Earth Observation and Geoinformation,该论文研究利用多卫星平台在没有地面参考数据的情况下对阿根廷和巴西双季稻区进行玉米制图，属于遥感技术在农业监测中的应用，与大气环境遥感技术（如卫星观测、遥感分析）有一定关联，但主要关注农业应用而非大气环境监测。,"['maize mapping', 'satellite platforms', 'remote sensing']",Ryoungseob Kwon;Youngryel Ryu;Philippe Ciais;David Makowski;Changhyun Choi;Huaize Feng;Sungchan Jeong;Pengfei Tang;Kyungdo Lee,Enabling maize mapping in double-cropping regions of Argentina and Brazil without ground reference data by leveraging multiple satellite platforms,
None,False,International Journal of Applied Earth Observation and Geoinformation,该论文主要关注蝗虫栖息地的时空动态变化，涉及未来气候变化、植被生长和土地利用变化等环境因素，与大气环境遥感技术（如空气质量监测、卫星观测、大气成分分析、气溶胶反演等）的关联性较弱。,"['grasshopper habitats', 'climate projections', 'vegetation growth', 'land use change']",Jing Guo;Wenjiang Huang;Yingying Dong;Qiaoyun Xie;Guofei Fang;Fangzheng Yue;Kun Wang;Zhuoqing Hao;Yan Zhang;Xiangzhe Cheng;Yue Shi;Bing Zhang,"Spatiotemporal dynamics of grasshopper habitats under future climate projections, vegetation growth, and land use change",
None,True,International Journal of Applied Earth Observation and Geoinformation,该论文研究了使用Sentinel-5 Precursor卫星数据和大气的Gaussian plume模型来量化大型煤矿的甲烷排放。这直接涉及到了大气环境监视技术，特别是通过卫星观测和大气成分分析来监测污染物排放。,"['methane emissions', 'Sentinel-5 Precursor', 'Gaussian plume model']",Yuanyuan Chen;Yi Li;Lixia Tan;Yufan Qian;Shuangxi Fang,Quantifying methane emissions from large coal mine using Sentinel-5 Precursor satellite data and Gaussian plume model,
None,True,International Journal of Applied Earth Observation and Geoinformation,该论文标题和摘要中的关键词如“光谱解混”、“深度先验”和“场景感知”都与大气环境遥感技术密切相关，特别是与卫星观测和大气成分分析相关，因此判断该论文与大气环境遥感技术强相关。,"['spectral unmixing', 'deep priors', 'remote sensing']",Soorya Suresh;Shri Charan Ramesh;Arun Pattathal Vijayakumar;Vandita Srivastava;Krishna Mohan Buddhiraju,Self-supervised spectral unmixing using scene-aware deep priors,
None,True,International Journal of Applied Earth Observation and Geoinformation,该论文研究利用Sentinel-2卫星数据，通过Test-Time训练技术进行叶绿素a反演，以揭示中国湖泊富营养化动态。这与大气环境遥感技术中的卫星观测、大气成分分析和水质监测高度相关，因此是强相关的。,"['Sentinel-2', 'chlorophyll-a', 'lake eutrophication', 'remote sensing', 'Test-Time training']",Zhen Zhang;Cuilin Yang;JiaJia Yuan;Lehao Huang;Zhongxi Ge;Zhitao Fu;Bo-Hui Tang,Pioneering Test-Time training for robust Fine-Grained chlorophyll-a retrieval from Sentinel-2: Unveiling China’s lake eutrophication dynamics (2018–2025),
None,True,International Journal of Applied Earth Observation and Geoinformation,该论文研究的是利用形态化的微波图像生成高精度水汽总量产品，这与大气环境遥感技术密切相关，特别是大气成分分析和卫星观测领域。,"['precipitable water vapor', 'microwave imagery', 'atmospheric remote sensing']",Yuhao Wu;Bao Zhang;Yibin Yao;Zheng Du;Hongming Li;Quanyu Chen,Generation of high-precision precipitable water vapor products from morphed integrated microwave imagery,
None,False,International Journal of Applied Earth Observation and Geoinformation,这篇论文研究的是冰川泥石流的发生频率和极端气候的影响，与大气环境遥感技术（如空气质量监测、卫星观测、大气成分分析、气溶胶反演）没有直接关系。,"['glacial debris flows', 'Parlung Tsangpo Basin', 'Southeastern Tibetan Plateau']",Sen Zhang;Bochuan Zhang;Da Huang;Yongji Chen;Bei Zhang;Jianbing Peng,"Extreme climate effects on the occurrence and frequency of glacial debris flows: evidence from the Parlung Tsangpo Basin, Southeastern Tibetan Plateau",
None,True,International Journal of Applied Earth Observation and Geoinformation,该研究利用无人机图像时间序列和多源环境特征来预测连续野火蔓延，涉及遥感技术（无人机图像获取）和环境监测（野火蔓延预测），与大气环境遥感技术（如空气质量监测、卫星观测）有较强的关联性。,"['UAV image', 'wildfire spread prediction', 'environmental features']",Jiahao Zhou;Sen He;Shanjunxia Wu;Qiuhua Wang;Fei Wang,Integrating UAV image time-series with multi-source environmental features for sequential wildfire spread prediction,
None,True,International Journal of Applied Earth Observation and Geoinformation,该论文标题和摘要明确涉及从卫星图像中进行大规模土地覆盖分类，使用深度学习框架，并与稀疏现场标签相结合。虽然主要关注点在于土地覆盖分类而非大气环境监测，但卫星图像是大气环境遥感技术的重要组成部分，因此与大气环境遥感技术有一定的相关性。,"['satellite imagery', 'deep learning', 'land cover classification']",Johannes Leonhardt;Juergen Gall;Ribana Roscher,LC-SLab — An object-based deep learning framework for large-scale land cover classification from satellite imagery and sparse in-situ labels,
None,True,International Journal of Applied Earth Observation and Geoinformation,该论文研究了利用PROSPECT算法和多功能学习混合框架同时获取叶片叶绿素和类胡萝卜素的方法，这与大气环境遥感技术中的气溶胶和大气成分分析密切相关，属于遥感技术在生物地球化学领域的应用。,"['leaf chlorophyll', 'carotenoids', 'remote sensing', 'multi-task learning']",Weilin Hao;Jia Sun;Kan Zhang;Shilin Yang;Feng Qiu;Jin Xu,A PROSPECT-guided multi-task learning hybrid framework for simultaneous retrieval of leaf chlorophyll and carotenoids,
None,True,International Journal of Applied Earth Observation and Geoinformation,该论文研究了卫星观测数据在评估澳大利亚北部火灾后植被对干旱的抵抗力和恢复力方面的应用，涉及卫星遥感技术和大气环境监测，因此与大气环境遥感技术相关。,"['satellite', 'water stress', 'antecedent fire']",Huanhuan Wang;Qiaoyun Xie;Sally E. Thompson;Caitlin E. Moore,Satellite evidence of reduced resistance and resilience to water stress after antecedent fire across a rainfall gradient in northern Australia,
None,True,International Journal of Applied Earth Observation and Geoinformation,该论文研究了覆盖作物生物量对卫星检测覆盖作物的影响，这与大气环境遥感技术中的卫星观测和植被监测密切相关，因此属于强相关领域。,"['cover crop biomass', 'satellite-based detectability', ' Maryland']",Yide Xu;Qu Zhou;Kaiyu Guan;Sheng Wang;W. Dean Hively;Jyoti Jennewein;Alison Thieme;Steven Mirsky;Zhangliang Chen,The impacts of cover crop biomass on satellite-based detectability of cover crops in Maryland,
None,True,International Journal of Applied Earth Observation and Geoinformation,该论文标题和摘要明确涉及利用卫星技术进行洪水监测，并将洪水类型分类整合到监测过程中。虽然主要关注洪水监测，但其方法与大气环境遥感技术（如卫星观测、大气成分分析）密切相关，特别是涉及遥感数据分析和应用。,"['satellite-based flood monitoring', 'flood type classification', 'atmospheric remote sensing']",Ziming Wang;Jeffrey Neal;Peter M. Atkinson;Ce Zhang,From flood extent mapping to mechanism-aware flood products: integrating flood type classification into satellite-based flood monitoring,
None,False,International Journal of Applied Earth Observation and Geoinformation,标题和摘要中未提及与大气环境遥感技术相关的具体内容，如空气质量监测、卫星观测、大气成分分析或气溶胶反演等。,[],Wan’er Yu;Gang Liu;Jing He;Zhiyong Luo,A high-resolution interchange classification model enhanced by multi-scale geometric structural feature fusion,
None,True,International Journal of Applied Earth Observation and Geoinformation,该论文研究了OCO-2卫星观测的XCO2数据与地面基准站TCCON观测数据的偏差，涉及卫星遥感技术和大气成分分析，属于大气环境遥感技术领域。,"['OCO-2', 'XCO2', 'TCCON', 'remote sensing', 'atmospheric composition']",Tslil Nacson;David M. Broday;Fadi Kizel,Spatiotemporal bias in OCO-2 XCO<sub>2</sub> retrievals relative to TCCON observations,
None,True,International Journal of Applied Earth Observation and Geoinformation,该论文利用街景图像和地理信息系统（GIS）数据来检测和分类城市街道树木，这与大气环境遥感技术中的空气质量监测和城市环境分析相关。通过识别和分类城市树木，可以推断城市绿化对大气成分（如颗粒物、污染物）的影响，从而间接支持大气环境遥感的研究。,"['street-view images', 'GIS data', 'urban street tree detection']",Weijia Li;Xinjie Huo;Junyan Ye;Jinhua Yu;Hanxi Wang;Juepeng Zheng;Xiang Zhang;Haohuan Fu,Individual urban street tree detection and species-level mapping from street-view images and GIS data,
None,True,International Journal of Applied Earth Observation and Geoinformation,该论文使用高光谱三角指数（BLB_TVI）来表征卫星尺度下水稻细菌性条斑病的严重程度。虽然主要关注的是植物病害监测，但使用了卫星遥感和高光谱技术，这与大气环境遥感技术中的卫星观测和大气成分分析有间接关联，因此可以认为该论文与大气环境遥感技术有一定相关性。,"['hyperspectral', 'satellite-scale', 'rice bacterial leaf blight', 'remote sensing', 'atmospheric composition analysis']",Weiwei Liu;Xin Zhang;Gang Yang;Jingfeng Huang;Weiwei Sun;Luming Liu,BLB_TVI: A hyperspectral triangular index for satellite-scale characterization of rice bacterial leaf blight severity,
None,False,International Journal of Applied Earth Observation and Geoinformation,该论文标题和摘要主要关注的是利用混合监督和特征掩码恢复技术进行无标签的非法垃圾堆地图绘制，与大气环境遥感技术（如空气质量监测、卫星观测、大气成分分析、气溶胶反演等）没有直接关联。,[],Li Shen;Xinyu Liu;Geding Yan;Daoping Peng;Zhilin Li,Label-efficient mapping of unregulated waste dumps via mixed supervision with feature masked recovery,
None,False,International Journal of Applied Earth Observation and Geoinformation,该论文主要关注使用自主水面车辆和深度学习技术进行海洋生物多样性的可重复性制图，与大气环境遥感技术（如空气质量监测、卫星观测、大气成分分析、气溶胶反演）没有直接关联。,"['autonomous surface vehicles', 'deep learning', 'marine biodiversity']",Matteo Contini;Victor Illien;Mohan Julien;Sylvain Poulain;Mervyn Ravitchandirane;Victor Russias;Arthur Lazennec;Sarah Hamylton;Tom Spencer;Anna Koester;Pierre Gogendeau;Thomas Chevrier;Justine Talpaert Daudon;Annabelle Constance;Christopher Jones;Frauke Fleischer-Dogley;Serge Bernard;Alexis Joly;Julien Barde;Sylvain Bonhommeau,Reproducible mapping of marine biodiversity using autonomous surface vehicles and deep learning,
None,True,International Journal of Applied Earth Observation and Geoinformation,该论文研究了使用GOCI观测数据，通过机器学习框架重建和预测富营养化湖泊中的叶绿素a浓度，这与大气环境遥感技术中的卫星观测和水质监测相关，因此是相关的。,"['Chl-a', 'GOCI', 'machine learning', 'eutrophic lakes', 'short-term prediction']",Zehui Huang;Ronghua Ma;Xinhui Chen;Kun Xue;Minqi Hu;Haoze Liu,A two-stage machine learning framework for Chl-a reconstruction and short-term prediction in eutrophic lakes using GOCI observations,
None,True,International Journal of Applied Earth Observation and Geoinformation,该论文标题和摘要中明确提到了“Remote Sensing”（遥感）和“Image Segmentation”（图像分割），这表明该研究涉及遥感图像处理技术。虽然摘要中没有直接提到大气环境监测、空气质量、卫星观测或大气成分分析等具体内容，但遥感图像分割技术在空气质量和大气成分分析等领域有广泛应用，因此可以认为该论文与大气环境遥感技术有较强的相关性。,"['Remote Sensing', 'Image Segmentation', 'Scene-Aware Guided Network']",Kai Tan;Hui Xia;Kaikai Tian;Hui Yang;Yanlan Wu;Peng Zhang;Yongchuang Wu,Referring Remote Sensing Image Segmentation method based on Scene-Aware Guided Network model,
None,False,International Journal of Applied Earth Observation and Geoinformation,该论文主要关注城市洪涝风险评估，涉及降雨和卫星土壤湿度，但未明确提及大气环境遥感技术，如空气质量监测、卫星观测、大气成分分析或气溶胶反演等。,"['rainfall', 'satellite soil moisture', 'urban flood risk assessment']",Sang Yeob Kim,Time-series framework integrating rainfall and satellite soil moisture for multi-scale urban flood risk assessment,
None,False,International Journal of Applied Earth Observation and Geoinformation,该论文研究的是陆地表面模型在水文和环境方面的应用，特别是针对半干旱地区的用水效率和干旱恢复力。虽然环境是一个广义的领域，但论文主要关注的是水文过程和陆地生态系统，而不是大气环境遥感技术，如空气质量监测、卫星观测或大气成分分析。,"['land surface model', 'water use efficiency', 'drought Resilience']",Tewekel Melese Gemechu;Huifang Zhang;Jialong Sun;Baozhang Chen,A SIF-Constrained Noah-MP land surface model for simulating water use efficiency and drought Resilience: Application in a Semi-Arid Basin,
None,False,International Journal of Applied Earth Observation and Geoinformation,该论文标题和摘要主要关注无人机图像匹配、循环一致性、通道分离以及联合检测器和描述符，与大气环境遥感技术（如空气质量监测、卫星观测、大气成分分析、气溶胶反演）没有直接关联。,[],Jingru Li;Kun Sun;Wen Dai;Chang Tang;Kunqian Li;Wenhao Bao;Xiongwu Xiao;Deren Li,C2D2: Matching UAV images with cycle-consistency and channel-separation for joint detector and descriptor,
None,True,International Journal of Applied Earth Observation and Geoinformation,该论文研究利用雷达后向散射进行时空融合，以增强监测南极冰架的表面融化动力学。这与大气环境遥感技术相关，因为雷达后向散射是遥感技术中的一种重要手段，用于监测大气成分和地表特征，特别是在空气质量和卫星观测领域。,"['radar backscatter', 'Antarctic ice shelves', 'surface melt dynamics']",Chengyu Pu;Lei Zheng;Jingan Wu;Qi Liang;Teng Li;Gang Li;Xiao Cheng,Spatiotemporal fusion of radar backscatter for enhanced monitoring of surface melt dynamics over Antarctic ice shelves,
None,True,International Journal of Applied Earth Observation and Geoinformation,该论文研究了利用空间遥感技术检测北方农业田地中二氧化碳和一氧化二氮的交换特征，这直接涉及到大气环境遥感技术中关于气体成分监测和卫星观测的应用，因此与大气环境遥感技术高度相关。,"['space-borne remote sensing', 'CO2', 'N2O', 'boreal agricultural fields']",Miia Salminen;Liisa Kulmala;Tuomas Laurila;Olli Nevalainen;Stephanie Gerin;Laura Heimsch;Henriikka Vekuri;Juval Cohen;Matias Takala;Kimmo Rautiainen;Narasinha Shurpali;Maarit Liimatainen;Jari Liski;Jouni Pulliainen,Feasibility of space-borne remote sensing to detect features related to CO<sub>2</sub> and N<sub>2</sub>O exchange of boreal agricultural fields,
None,True,International Journal of Applied Earth Observation and Geoinformation,该论文利用多源数据（可能包括卫星观测数据）来绘制澳大利亚和新西兰沿海沙丘的范围、类型和残留区域，这与大气环境遥感技术（如卫星观测）密切相关，因为遥感技术常用于地表特征的监测和分析。,"['coastal dunes', 'multi-source data', 'remote sensing']",Zhijia Zheng;Guanli Li;Chenjun Wang;Xiuyuan Zhang;Noam Levin,"Mapping the extent, type and remnant areas of the coastal dunes of Australia and New Zealand by integrating multi-source data",
None,False,International Journal of Applied Earth Observation and Geoinformation,该论文主要研究利用地貌约束进行浑浊潮汐通道的深度反演，涉及机器学习技术，但与大气环境遥感技术（如空气质量监测、卫星观测、大气成分分析、气溶胶反演等）无关。,"['geomorphology', 'bathymetric inversion', 'turbid tidal channels', 'machine learning']",Jianchun Chen;Chao Gao;Yan Gu;Xiangyu Ou;Xiaoyi Cheng;Shibing Zhu;Ya Ping Wang,Geomorphology-constrained bathymetric inversion of turbid tidal channels using centerline-network priors and machine learning,
None,False,International Journal of Applied Earth Observation and Geoinformation,该论文的标题和摘要主要关注地质岩性的解释，涉及的是地质学领域，而非大气环境遥感技术，如空气质量监测、卫星观测、大气成分分析或气溶胶反演等。因此，该论文与大气环境遥感技术没有强关联性。,[],Ying Cao;Diming Wu;Yilong Li;Qing Cheng,Multi-source complementary feature self-integration network for geological lithology interpretation,
None,False,International Journal of Applied Earth Observation and Geoinformation,该论文主题是红树林湿地在 sea level rise 和人类活动“双向挤压”下的潜在陆向迁移模式，与大气环境遥感技术（如空气质量监测、卫星观测、大气成分分析、气溶胶检索）没有直接关系。,[],Zhaoxuan Ding;Bin Ai;Jiali Zeng;Yuchao Sun;Xiaoping Liu;Zhuokai Jian;Zhenlin Lai;Poyuan Ou,Simulating potential landward migration pattern of mangrove wetlands under the ‘two-way squeeze’ from sea level rise and human activities,
None,True,International Journal of Applied Earth Observation and Geoinformation,该论文标题和摘要明确涉及从遥感图像中进行目标检测的精度评估方法，这与大气环境遥感技术中的卫星观测、空气质量监测等领域密切相关，因此属于强相关。,"['target detection', 'remotely sensed images', 'accuracy assessment']",Yingfan Zhang;Weiyi Hou;Lyndon Estes;Rui Lu;Shijie Zhu;Aiyin Zhang;Zhou Shi;Su Ye,A novel edge-based accuracy assessment framework for target detection from remotely sensed images,
None,False,International Journal of Applied Earth Observation and Geoinformation,该论文主要研究使用机器学习框架预测农业梯田的适宜性，应用对象是塞浦路斯的特罗多斯山脉。虽然机器学习可能用于环境数据分析，但主题与大气环境遥感技术（如空气质量监测、卫星观测、大气成分分析、气溶胶反演）无关，因此不相关。,"['machine learning', 'agricultural terrace', 'positive and unlabelled datasets']",Aman Kumar Meena;Christos Zoumides;Hakan Djuma;Ioannis Sofokleous;Corrado Camera;Adriana Bruggeman,"A machine learning framework for predicting agricultural terrace suitability using positive and unlabelled datasets: an application for the Troodos Mountains, Cyprus",
None,True,International Journal of Applied Earth Observation and Geoinformation,该论文使用LiDAR技术评估树木顶部死亡情况，以检测亚洲长角甲虫对杨树森林的损害。虽然主要关注的是森林生态和生物灾害，但LiDAR是一种遥感技术，可用于大气环境监测中的植被覆盖分析，因此与大气环境遥感技术有一定关联。,"['LiDAR', 'treetop dieback', 'Asian longhorned beetle']",Quan Zhou;Rui Tang;Linfeng Yu;Peiyun Bi;Lili Ren;Youqing Luo,LiDAR-based assessment of treetop dieback to detect asian longhorned beetle damage in poplar forests,
None,True,International Journal of Applied Earth Observation and Geoinformation,该论文标题和摘要明确涉及对中国地区降水产品的评估和排名，这与大气环境遥感技术中的大气成分分析和气象观测相关。降水作为大气环境的重要组成部分，其监测和分析是大气环境遥感技术的重要应用领域。,"['precipitation products', 'China', 'evaluation', 'ranking']",Le Xinlong;Kang Ling;Zhou Liwei;Wei Junfang;Chen Hao,Multi-Criteria evaluation and ranking of 28 precipitation products over China,
None,False,International Journal of Applied Earth Observation and Geoinformation,该论文主要关注农业用地地表温度的降尺度问题，涉及NDVI（归一化植被指数）和分层自适应回归技术，但未明确提及大气环境遥感技术，如空气质量监测、卫星观测或大气成分分析等。因此，它与大气环境遥感技术的关联性不强。,"['NDVI', 'land surface temperature', 'downscaling']",Jamal Elfarkh;Nadia Ouaadi;Said Grich;Abderrahman Liblab;Abdelghani Chehbouni,Stratified and adaptive regression for NDVI-based land surface temperature downscaling over agricultural fields,
None,False,International Journal of Applied Earth Observation and Geoinformation,该论文的主题是联邦学习在森林资源建模和监测中的应用，主要关注数据保密性和协作研究，与大气环境遥感技术（如空气质量监测、卫星观测、大气成分分析、气溶胶反演等）没有直接相关性。,[],Johannes Schumacher;Alessandro Cescatti;Gherardo Chirici;Giovanni D’Amico;Saverio Francini;Johannes Hertzler;Lauri Mehtätalo;Gert-Jan Nabuurs;Mats Nilsson;Juho Pitkänen;Johannes Breidenbach,Federated learning in forest resource modelling and monitoring: Bridging data confidentiality and collaborative research,
None,True,International Journal of Applied Earth Observation and Geoinformation,该论文研究了SAR（合成孔径雷达）和LiDAR（激光雷达）两种遥感技术的跨模态匹配框架，利用深度学习技术，这直接与大气环境遥感技术相关，特别是卫星观测和大气成分分析。,"['SAR', 'LiDAR', 'deep learning', 'cross-modal matching']",Yifan Zhang;Jordi J. Mallorqui;Wen Wang,SAR2LiDAR: A deep learning-based cross-modal matching framework between SAR images and LiDAR point clouds,
None,False,International Journal of Applied Earth Observation and Geoinformation,该论文主要关注从SAR（合成孔径雷达）图像中提取水，使用弱监督网络进行噪声鲁棒的分类。虽然涉及遥感技术，但主要应用于水资源的监测，而非大气环境（如空气质量、大气成分分析等）。因此，与大气环境遥感技术相关性不强。,"['SAR imagery', 'water extraction', 'weakly supervised network']",Kai Wang;Weicheng Zang;Zhongle Ren;Biao Hou;Jiawei Ning;Xi Li;Shulin Gao;Weibin Li;Licheng Jiao,WaterPLNet: A noise-robust weakly supervised network for water extraction from SAR imagery using point labels,
None,True,International Journal of Applied Earth Observation and Geoinformation,该论文研究了如何通过基础框架推断城市中的兴趣点（POI）楼层，以增强三维城市垂直分析，涉及上海的城市遥感技术和数据分析，与大气环境遥感技术中的城市垂直分析、空气质量监测等领域相关。,"['POI floors', '3D urban vertical analytics', 'Shanghai', 'floor retrieval', 'urban remote sensing']",Liu Liu;Jiali Yang;Xiang Chen;Yao Shen;Mila Koeva,Baseline framework for inferring POI floors to enhance 3D urban vertical analytics: A comparative study in Shanghai,
None,True,International Journal of Applied Earth Observation and Geoinformation,该论文使用Landsat卫星数据的时间序列来量化新foundland林地中驯鹿的苔藓体积变化，这属于大气环境遥感技术中的卫星观测和植被分析领域，与空气质量和大气成分监测相关。,"['Landsat', 'time series', 'lichen volume']",Catherine Beaulieu;Nicholas C. Coops;Alexandre Morin-Bernard;Steeve D. Côté;Alexis Achim,Quantifying changes in annual lichen volume for woodland caribou in Newfoundland using Landsat time series,
None,True,International Journal of Applied Earth Observation and Geoinformation,该论文研究的是人为热通量估算的双温差框架，并考虑了地表能量平衡扰动。虽然主要关注点是人热通量和能量平衡，但这类研究通常涉及地表温度监测，而地表温度监测是大气环境遥感技术（如卫星观测和空气质量监测）的重要组成部分。因此，该论文与大气环境遥感技术有较强相关性。,"['anthropogenic heat flux', 'surface energy balance', 'remote sensing']",Yu Zhou;Deyong Hu;Tianhan Li,A double-temperature-difference framework for anthropogenic heat flux estimation accounting for surface energy balance perturbations,
None,True,International Journal of Applied Earth Observation and Geoinformation,该论文使用了机载激光雷达技术来研究加州海岸悬崖的形态动力学，并利用植被过滤技术。虽然主要关注点是海岸悬崖的形态变化，但机载激光雷达技术属于遥感技术的一种，可以用于大气环境监测，特别是地表与大气交互的研究。因此，它与大气环境遥感技术有较强的相关性。,"['airborne lidar', 'vegetation filtering', 'coastal cliff morphodynamics']",Danghan Xie;Hironori Matsumoto;Zuzanna M. Swirad;Luc Lenain;Adam P. Young,Improved understanding of California coastal cliff morphodynamics using airborne lidar and vegetation filtering (2016–2023),
None,True,International Journal of Applied Earth Observation and Geoinformation,该论文标题和摘要明确涉及通过Unet-based框架进行全球水散射辐射斯托克斯向量的反演，这与大气环境遥感技术（如卫星观测、大气成分分析、气溶胶反演等）高度相关。关键词如'水散射辐射'和'Unet-based框架'表明该研究利用深度学习技术进行大气参数的反演，属于遥感技术领域。,"['water-leaving radiance', 'Unet-based framework', 'remote sensing']",Jia Liu;Chunxia Li;Tieqiao Chen;Xinyin Jia;Siyuan Li;Bingliang Hu;Xianqiang He;Delu Pan,Global retrieval of stokes vector of water-leaving radiance via Unet-based framework,
None,True,International Journal of Applied Earth Observation and Geoinformation,该论文的标题和摘要中明确提到了“遥感图像”和“语义分割”，并且使用了“知识驱动的图网络”技术，这与大气环境遥感技术中的图像处理和分析高度相关，因此判断该论文与大气环境遥感技术（如空气质量监测、卫星观测等）是强相关的。,"['remote sensing imagery', 'semantic segmentation', 'knowledge-driven graph network']",Wenqi Cui;Peng Luo;Weisong Li;Xing Xu;Jiale Chen;Chuan Chen,Navigating Hierarchies in Hyperbolic Space: A Knowledge-Driven Graph Network for Semantic Segmentation of Remote Sensing Imagery,
None,False,International Journal of Applied Earth Observation and Geoinformation,该论文研究的是基于SAM模型的农田地块识别方法，主要涉及数据驱动和知识驱动的技术，与大气环境遥感技术（如空气质量监测、卫星观测、大气成分分析、气溶胶反演）没有直接关系。,"['cropland', 'segment anything model', 'data-driven']",Qing Geng;Kaiqi Ye;Fan Xu;Yu Meng;Miao Huang;Chunyan Yuan;Li Li;Bingbo Gao;Hu Zhou;Jianyu Yang;Ying Li;Jianxi Huang;Xiaochuang Yao,A data- and knowledge-driven cropland parcel recognition method based on segment anything model (SAM),
None,True,International Journal of Applied Earth Observation and Geoinformation,该论文标题和摘要明确涉及地表温度和发射率检索，这属于大气环境遥感技术中的地表参数反演范畴。AI模型和MoE（可能指Mixture of Experts）的应用也表明其在遥感数据处理和分析中的应用，因此与大气环境遥感技术密切相关。,"['land surface temperature', 'emissivity', 'AI model', 'MoE']",Liu Ma;Kebiao Mao;Jiancheng Shi;Sayed M. Bateni;Zhonghua Guo;Zijin Yuan,An optimization AI model based on MoE for retrieving land surface temperature and emissivity,
None,True,International Journal of Applied Earth Observation and Geoinformation,该论文使用Sentinel-1 SAR卫星观测数据对高亚洲地区的干雪进行大规模监测，涉及卫星观测技术和地表监测，与大气环境遥感技术中的卫星观测和地表参数监测相关。,"['Sentinel-1 SAR', 'dry snow', 'High Mountain Asia', 'atmospheric remote sensing', 'satellite observations']",Ying Huang;Lei Huang;Tobias Bolch,Large-Scale monitoring of dry snow in High Mountain Asia (2015–2024) from Sentinel-1 SAR observations,
None,True,International Journal of Applied Earth Observation and Geoinformation,该论文研究了卫星遥感技术在监测农作物秸秆焚烧方面的局限性，特别是针对印度西北地区的水稻秸秆焚烧是否在近年减少。这与大气环境遥感技术密切相关，涉及卫星观测和火灾检测技术。,"['satellite-based fire detection', 'crop residue burning', 'rice straw burning']",Prakhar Misra;Sachiko Hayashida;Masao Moriyama;Hikaru Araki,Limitations of interpreting orbiting satellite-based fire detection for crop residue burning: Has rice straw burning in northwest India decreased in recent years?,
None,True,International Journal of Applied Earth Observation and Geoinformation,该论文涉及空间成像光谱技术，用于建模草食动物资源选择，虽然主题不是直接针对大气环境遥感技术，但空间成像光谱技术在大气环境遥感领域有广泛应用，因此可以认为与大气环境遥感技术有一定相关性。,"['spaceborne imaging spectroscopy', 'modeling', 'grazer resource selection']",Hamed Gholizadeh;Aisha Sams;M. Ny Aina Rakotoarivony;Nimalka Weerasuriya;Elizabeth Struble;Clara Freese;Andrew Shepard;Saiful Islam;Ehsan Foroutan;Tony Brown;Christian Rossi;Robert Hamilton;Samuel Fuhlendorf;Nicholas McMillan;Ran Wang;Benedicte Bachelot;John Gamon,Spaceborne imaging spectroscopy advances modeling of grazer resource selection,
None,True,International Journal of Applied Earth Observation and Geoinformation,该论文研究的是利用P波段PolInSAR技术进行森林高度反演的方法，涉及大气遥感技术中的卫星观测和大气成分分析，因此与大气环境遥感技术密切相关。,"['P-band PolInSAR', 'forest height inversion', 'atmospheric remote sensing']",Lei Wang;Linping Yang;Gaoyun Shen;Junyi Liu;Junnan Xiong;Lin Fu;Li Zeng;Bing Yu;Chongchong Ye,PG-GVB: A prior constrained backscatter framework for P-band PolInSAR forest height inversion,
None,True,International Journal of Applied Earth Observation and Geoinformation,该论文研究的是利用神经架构搜索技术自动设计高效的SAR（合成孔径雷达）船舶检测网络，用于大场景。虽然不直接涉及大气环境监测，但SAR技术可用于大气成分分析（如云、气溶胶等）的遥感，因此与大气环境遥感技术有一定相关性。,"['SAR', 'ship detection', 'neural architecture search']",Huiyao Wan;Zutong Wen;Pazlat Nurmamat;Jie Chen;Yice Cao;Hongcheng Zeng;Shuai Wang;Wei Yang;Jie Chen;Zhixiang Huang;Jin Tang,Automatic design of efficient SAR ship detection networks for large-scale scenes via neural architecture search,
None,False,International Journal of Applied Earth Observation and Geoinformation,该论文的标题和摘要主要关注城市村庄的语义嵌入和双分支融合网络，与大气环境遥感技术（如空气质量监测、卫星观测、大气成分分析、气溶胶反演等）无关。,[],Shaobo Qiu;Shi Shen;Changqing Song;Cansong Li,UVSENet: A Semantic-Embedded dual branch fusion network for urban villages mapping,
None,True,International Journal of Applied Earth Observation and Geoinformation,该论文使用卫星数据监测非洲地区亚国家层面的NO2暴露情况，这与大气环境遥感技术中的空气质量监测和大气成分分析密切相关。,"['Satellite', 'NO2', 'population-weighted exposure', 'air quality monitoring']",Jingru Wang;Dong Liu;Tim Schwanen;Tomoki Nakaya;Ernest Agyemang;Jason Gilliland,Satellite-derived population-weighted NO<sub>2</sub> exposure and inequality across African subnational regions for SDGs 3 and 11,
None,False,International Journal of Applied Earth Observation and Geoinformation,该论文标题和摘要主要关注人类流动的时空网络分析，与大气环境遥感技术（如空气质量监测、卫星观测、大气成分分析、气溶胶反演）无直接关联。,[],Zilong Zhao;Mei-Po Kwan;Zihan Kan,Identifying multi-scale human flow clusters via spatiotemporal network flow L function,
None,True,International Journal of Applied Earth Observation and Geoinformation,该论文标题和摘要中涉及‘hyperspectral anomaly detection’和‘low-rank discriminative dictionary’等技术，这些技术与大气环境遥感技术（如空气质量监测、卫星观测、大气成分分析、气溶胶反演）密切相关。具体而言，‘hyperspectral’（高光谱）技术是大气遥感中常用的手段，用于监测大气成分和污染物。因此，该论文与大气环境遥感技术密切相关。,"['hyperspectral', 'anomaly detection', 'low-rank discriminative dictionary', 'global-local saliency weight']",Yufan Yang;Hongjun Su;Zhaoyue Wu;Hui Yang;Qian Du,Robust hyperspectral anomaly detection via low-rank discriminative dictionary and global-local saliency weight,
None,True,International Journal of Applied Earth Observation and Geoinformation,该论文研究的是一种用于卫星视频的地理语义正则化稀疏跟踪器，这涉及到卫星遥感技术中的视频处理和数据分析，与大气环境遥感技术中的卫星观测和分析有间接关联，因此被认为是相关的。,"['satellite videos', 'sparse tracker', 'geo-semantic regularized']",Xin Huang;Wei Qin;Yifan Liao;Pengjie Tao,GSR-Track: A Geo-Semantic Regularized Sparse tracker for satellite videos,
None,True,International Journal of Applied Earth Observation and Geoinformation,该论文研究了通过多类叶绿素密度反演技术评估东北部湖泊蓝藻水华严重程度的方法，涉及遥感技术和湖泊生态监测，与大气环境遥感技术（如卫星观测、大气成分分析）有一定关联，但更侧重于水生生态学。,"['Multi-Class phytoplankton density retrieval', 'cyanobacterial bloom', 'lakes']",Zhaojiang Yan;Chong Fang;Kaishan Song;Ge Liu;Yunfeng Lyu;Jinpeng Shen;Shizhuo Liu,From pixels to Algae: Assessing cyanobacterial bloom severity in Northeastern lakes through Multi-Class phytoplankton density retrieval,
None,True,International Journal of Applied Earth Observation and Geoinformation,该研究涉及使用多模态遥感数据融合技术来估计住宅建筑损坏，虽然主要关注点在建筑领域，但遥感数据融合技术在分析大气成分和空气质量监测中具有重要应用，因此与大气环境遥感技术有一定关联。,"['remote sensing', 'multimodal data fusion', 'atmospheric composition analysis']",Edmund Robbins;Nezamoddin N. Kachouie,An AI system for residential building damage estimation using multimodal remote sensing data fusion,
None,True,International Journal of Applied Earth Observation and Geoinformation,该论文标题和摘要明确涉及气溶胶特性反演、AMI/GK-2A卫星传感器以及深度学习辐射传输模拟器，这些都直接与大气环境遥感技术（如空气质量监测、卫星观测、大气成分分析、气溶胶反演）高度相关。,"['aerosol property retrieval', 'AMI/GK-2A', 'deep learning', 'radiative transfer emulator']",Minseok Kim;Jhoon Kim;Hyunkwang Lim;Seoyoung Lee;Hyeji Cha;Yujin Chai;Sang Seo Park;Jun Wang,Hybrid physics–AI aerosol property retrieval algorithm for AMI/GK-2A with a deep learning radiative transfer emulator,
None,True,International Journal of Applied Earth Observation and Geoinformation,该论文研究了使用机器学习技术校正C2-Net模型以在光复杂的小型湖泊中反演叶绿素a含量的方法。这与大气环境遥感技术中的空气质量监测和水质遥感分析相关，因为叶绿素a是水体中重要的生态指标，而遥感技术常用于监测水体和大气成分。,"['chlorophyll-a', 'optically complex', 'small reservoirs', 'machine learning']",Jesús A. Torrecilla-Pinero;Aurora Cuartero;José Cáceres-Merino;Victoria Amores-Chaparro;Fernando Broncano,Machine learning correction of C2-Net for chlorophyll-a retrieval in optically complex small reservoirs,
None,False,International Journal of Applied Earth Observation and Geoinformation,该论文主要研究利用Landsat和Sentinel卫星数据融合以及集成机器学习技术重建30米分辨率的海岸水质，时间跨度为1985年至2024年。虽然涉及遥感技术，但主题是水质监测而非大气环境遥感技术，如空气质量监测、卫星观测、大气成分分析或气溶胶反演。,"['Landsat', 'Sentinel', 'ensemble machine learning']",Zihan Chen;Peng Chen;Siqi Zhang;Yunzhou Li;Delu Pan,High-resolution (30-m) multi-decadal reconstruction of coastal water quality via Landsat-Sentinel fusion and ensemble machine learning (1985–2024),
None,False,International Journal of Applied Earth Observation and Geoinformation,该论文研究的是瑞士欧洲山毛榉林的早期叶片褪色现象，主要关注森林生态学和环境变化，与大气环境遥感技术（如空气质量监测、卫星观测、大气成分分析、气溶胶反演）没有直接关联。,"['air quality', 'satellite observations', 'atmospheric composition']",Colin K. Bloom;Tiziana L. Koch;Arun K. Bose;Romana Paganini;Daniel Scherrer;Katrin Meusburger;Lorenz Walthert;Brigitte Rohner;Esther R. Frei;Philipp Brun;Thomas Wohlgemuth;Marco Ferretti;Andri Baltensweiler,Spatial and temporal patterns of early leaf discoloration in Switzerland’s European beech forests,
None,False,International Journal of Applied Earth Observation and Geoinformation,该论文标题和摘要主要涉及利用合成孔径雷达（SAR）和探地雷达（GPR）技术进行古代遗址（Siniyah Island）的三维高分辨率分析，与大气环境遥感技术（如空气质量监测、卫星观测、大气成分分析、气溶胶反演等）无关。,[],Sonia Santos-Assunção;Diana Francis;Charfeddine Cherif;Moamen Ali;Mohammed Y. Ali,"Reconstructing history: 3D high-resolution GPR analysis based on SAR discoveries in the ancient Siniyah Island of Umm Al-Quwain, United Arab Emirates",
None,False,International Journal of Applied Earth Observation and Geoinformation,该论文标题和摘要主要关注的是构建逼真的3D自然场景，涉及地图绘制和信息参数化方法，与大气环境遥感技术（如空气质量监测、卫星观测、大气成分分析、气溶胶反演等）没有直接关系。,"['3D natural scenes', 'cartography', 'parametric method']",Chen Zhang;Ding Ma;Renzhong Guo;Kai Chen,Infinite details: A cartography-informed parametric method for constructing realistic 3D natural scenes,
10.1016/j.atmosenv.2026.122283,True,Atmospheric Environment,该论文研究了地中海城市Heraklion的BTEX（苯、甲苯、乙苯和二甲苯）水平、来源及其对二次有机气溶胶（SOA）形成的潜在贡献，涉及空气质量监测、大气成分分析和气溶胶检索，与大气环境遥感技术密切相关。,"['BTEX', 'air quality monitoring', 'atmospheric composition', 'secondary aerosol formation']",Elza Panagiota Raptaki;Faidra Aikaterini Kozonaki;Maria Tsagkaraki;Kyriaki Papoutsidaki;Giorgos Kouvarakis;Nikos Kalivitis;Eleni Liakakou;Maria Kanakidou;Nikolaos Mihalopoulos,"Atmospheric BTEX at a Mediterranean city (Heraklion, Crete, Greece): levels, sources and contribution to secondary aerosol formation","•Continuous BTEX monitoring on a Mediterranean urban site. •Dominance of toluene (31%) and xylenes (28% for m,p-xylenes and 11% for o-xylene). •Vehicular emissions dominate BTEX levels all year round. •Biomass burning drives almost half of winter night time benzene levels. •Winter BTEX oxidation contributed to the formation of ∼50% OA mass. 
 BTEX (benzene, toluene, ethylbenzene and xylenes) are key atmospheric pollutants due to their toxicity, as benzene is classified as a carcinogen, and their role in atmospheric chemistry. This study reports on the levels and sources of BTEX, cyclohexane and styrene in a Mediterranean urban site (Heraklion, Crete, Greece), along with their potential contribution to secondary organic aerosol (SOA) formation. From April 2023 to October 2024, continuous monitoring was performed by using an on-line gas chromatograph. On average, toluene (31%) was found to be the dominant BTEX, followed by xylenes (28% for m/p xylenes and 11% for o xylene), while benzene remained below the EU's annual limit of 5 μg m−3. Most compounds exhibited distinct seasonal variability with maxima in winter and autumn and minima in summer. A pronounced bimodal diurnal pattern was observed, with peaks during morning and evening rush hours, hinting traffic as their main source. The night-time maximum was enhanced during winter indicating an additional contribution from biomass burning, estimated to account for nearly half of the benzene levels. Styrene showed no clear seasonal or diurnal patterns. Source attribution was supported by specific tracers such as fossil fuel and wood burning black carbon, along with diagnostic ratios of combined BTEX, demonstrating permanent dominance of vehicular emissions and enhancement of biomass burning during winter night-time. SOA formation potential from the oxidation of locally emitted BTEX was investigated during winter, resulting to 2.8 μg m−3 of SOA, corresponding to approximately 50% of the locally measured organic aerosol mass."
None,True,Atmospheric Environment,该论文的标题和摘要涉及大气相关生物颗粒的碳源分析，这与大气环境遥感技术中的大气成分分析、空气质量监测等领域密切相关。因此，该论文与大气环境遥感技术是强相关的。,"['biological particles', 'atmospheric', 'carbon source profiles']",Ting Liu;Yulun Xiao;L.-W. Antony Chen;Junji Cao;Changlin Zhan;Mi Zhang;Jiaquan Zhang;Hongxia Liu;Zhen Wang;Dong Xiang;Xude Zhao;Xianli Liu,"Corrigendum to “Carbon source profiles for atmospheric relevant biological particles” [Atmosph. Environ. 373, (15 May 2026), 121921]",
None,True,Atmospheric Research,该论文研究了祁连山不同海拔高度的雨滴尺寸分布特征，这与大气环境遥感技术中的大气成分分析密切相关。雨滴尺寸分布是大气物理和化学过程的重要指标，对空气质量监测和卫星遥感观测具有重要意义。,"['raindrop size distribution', 'topographic heights', 'atmospheric composition']",Han Luo;Qiang Zhang;Ping Yue;Rong Wang;Songyu Li;Xia Li,A case study on the characteristics of raindrop size distribution at different topographic heights in the Qilian Mountains,
None,False,Atmospheric Research,该论文研究的是澳大利亚热带气旋的大小趋势，使用的是综合观测和高分辨率再分析数据集。虽然涉及大气环境，但主要关注的是气象学领域，而非大气环境遥感技术（如空气质量监测、卫星观测、大气成分分析、气溶胶反演等）。,"['tropical cyclone', 'size', 'Australia']",Sarvesh Kumar;Savin S. Chand;Samuel S. Bell;Hamish A. Ramsay;Valentina Koschatzky;Philip J. Klotzbach;Andrew Dowdy,Assessing trends in tropical cyclone size over Australia using consolidated observations and high-resolution reanalysis datasets,
None,True,Atmospheric Research,该论文研究了青藏高原夏季极端降水的外部强迫和内部变异归因，涉及大气环境变化，与大气环境遥感技术（如大气成分分析、极端天气监测）密切相关。,"['extreme precipitation', 'Tibetan Plateau', 'atmospheric variability']",Guanqi Fu;Anmin Duan;Xu Yuan;Xianyi Yang,Multi-scale attribution of external forcing and internal variability to summer extreme precipitation in Tibetan Plateau,
None,True,Atmospheric Research,该论文研究了中国南部沿海山区和城市地区的硝酸盐气溶胶形成机制，并基于同位素观测进行分析。这与大气环境遥感技术中的空气质量监测和大气成分分析密切相关，因为硝酸盐是重要的大气污染物，而同位素观测是遥感技术中常用的分析方法。,"['nitrate aerosols', 'isotope observations', 'coastal mountain', 'urban sites', 'southern China']",Mei-Yi Fan;Peiwen Guo;Hai Guo;Yu Wang;Changliu Wu;Yihang Hong;Xiaopu Lyu;Yan-Lin Zhang,Formation mechanisms of nitrate aerosols at coastal mountain and urban sites of southern China based on isotope observations,
None,True,Atmospheric Research,该论文研究了中国近地表风速在1980年至2024年间的趋势逆转，与大气环境遥感技术中的大气成分分析、卫星观测等密切相关，因为风速是影响大气污染物扩散和传输的关键因素。,"['wind speed', 'China', 'atmospheric', 'remote sensing']",Xi Chen;Jiayi Nie;Wentian Qiu;Qinghong Zhao;Hairong Li;Xiuhua Zhou;Chengyang Zhang;Kaiqiang Deng,Divergent trend reversals in near-surface wind speed over China during 1980–2024,
None,True,Atmospheric Research,该论文研究ERA5-Land模型在模拟亚热带浅水湖泊热力学方面的性能，与大气环境遥感技术中的空气质量监测和大气成分分析相关，因为湖泊热力学是大气环境的重要组成部分，遥感技术常用于监测湖泊等水体参数。,"['ERA5-Land', 'subtropical shallow lake', 'thermodynamics']",Wei Wang;Zihan Zhu;Mi Zhang;Heng Lyu;Zhiwen Wen;Bo Wang;Qiuxiang Jin;Zhen Zhang;Taikan Oki;Xuhui Lee,Performance evaluation of ERA5-Land in simulating thermodynamics of a subtropical shallow lake against long-term observations,
None,True,Atmospheric Research,该论文研究的是北太平洋夏季内季节性波动对美国北部气温和极端高温的影响，这与大气环境遥感技术中的空气质量监测和气候分析密切相关。虽然论文没有直接提到卫星或传感器，但其研究内容涉及大气现象的监测和解释，属于大气环境遥感技术的应用范畴。,"['North Pacific intraseasonal waves', 'North American air temperatures', 'heat extremes']",Lei Du;Riyu Lu;Shanjun Luo;Chuandong Zhu;Yuhan Yan,Summer North Pacific intraseasonal waves drive North American air temperatures and heat extremes,
None,True,Atmospheric Research,该论文研究了超级台风利奇马快速增强过程中不同水汽凝结物对云-辐射强迫的影响，涉及大气成分分析和云辐射相互作用，与大气环境遥感技术（如卫星观测和空气质量监测）密切相关。,"['cloud-radiation forcing', 'hydrometeor species', 'super Typhoon Lekima']",Lyu Leyang;Xinyan Lyu;Melinda Peng;Xuyang Ge,Distinct cloud-radiation forcing of hydrometeor species during the rapid intensification of super Typhoon Lekima (2019),
None,True,Atmospheric Research,该论文研究的是沿海青岛和西北太平洋海洋降雨中的细菌环境驱动因素，这涉及到大气环境中的微生物成分和水质监测，与大气环境遥感技术中的空气质量监测和大气成分分析有一定相关性。,"['rainwater bacteria', 'coastal Qingdao', 'Northwest Pacific Ocean']",Xiaoyu Wang;Yuanzhe Ni;Yangfei Ai;Zhongyu Diao;Jianhua Qi,Environmental drivers of rainwater bacteria over coastal Qingdao and the Northwest Pacific Ocean,
None,True,Atmospheric Research,该论文研究西风对青藏高原夏季降水年际变化的影响，涉及大气环流和降水分布，与大气环境遥感技术中的空气质量监测和大气成分分析有一定关联，但主要关注点是气候和气象学，而非遥感技术本身。,"['westerlies', 'precipitation', 'Tibetan Plateau']",Xin Mao;Xingwen Jiang;Huimei Wang;Jiaxin Ye;Yiwei Zhang;Chao Chen,Impacts of westerlies on interannual variability of summer precipitation over the southwestern Tibetan Plateau,
None,True,Atmospheric Research,该论文研究了在复杂地形上使用WRF模型改进湍流山地形态阻力表示的方法，并考虑了稳定性依赖性。这与大气环境遥感技术相关，因为WRF模型常用于大气模拟和空气质量监测，而山地形态阻力是影响大气成分分布的重要因素。,"['WRF model', 'turbulent orographic form drag', 'atmospheric stability']",Yulong Ma;Xingwen Jiang;Lin Mu;Qilin Wan;Zhiwei Heng,Improving the representation of turbulent orographic form drag with stability dependence in the WRF model over complex terrain,
None,True,Atmospheric Research,该论文研究了平流层臭氧入侵对中国东部近地面臭氧的影响，使用了高分辨率的CESM-MUSICA模拟分析。这与大气环境遥感技术密切相关，特别是涉及大气成分分析和空气质量监测，因为臭氧是重要的空气污染物，而CESM-MUSICA模型可以用于模拟大气化学过程。,"['stratospheric ozone', 'near-surface ozone', 'CESM-MUSICA', 'Typhoon Lekima', 'atmospheric simulation']",Yichao Zhou;Xuewei Hou;Man Yue;Chenchao Zhan,Impact of stratospheric ozone intrusion on near-surface ozone in eastern China under Typhoon Lekima: A high-resolution CESM-MUSICA simulation analysis,
None,True,Atmospheric Research,这篇论文研究了东亚急流对中央中国区间尺度气溶胶变化的调制作用，涉及气溶胶的输送和变化，这与大气环境遥感技术（如空气质量监测、卫星观测、大气成分分析、气溶胶反演）密切相关。,"['aerosol variability', 'East Asian jet stream', 'Central China', 'enhanced regional transport']",Yujie Jiang;Xiefei Zhi;Yongqing Bai;Ling Zhang;Yi Fan;Shoupeng Zhu;Tianliang Zhao,East Asian jet stream modulates interdecadal aerosol variability over Central China via enhanced regional transport,
None,True,Atmospheric Research,该论文研究了东北冷涡下不同强对流事件中的积云特征，使用了FY-4卫星观测数据，这与大气环境遥感技术（如卫星观测和大气成分分析）密切相关。,"['FY-4', 'convective clouds', 'severe convective events']",Yang Gao;Xiaoyong Zhuge;Xi Wang;Xiaowen Zhang,Characteristics of convective clouds associated with different severe convective events under Northeast China Cold Vortex revealed by FY-4 observations,
None,True,Atmospheric Research,该论文研究印度地表相对湿度，特别是东北地区的分析、数据验证、趋势和归因，这与大气环境遥感技术密切相关，涉及空气质量和大气成分分析。,"['surface relative humidity', 'India', 'North Eastern Region']",Rohit Gautam,"Analysis of surface relative humidity over India with special emphasis on the North Eastern Region: Data validation, trends and attribution",
None,True,Atmospheric Research,该论文研究大气河流如何调节季风亚洲的水汽气候，涉及大气环境和水汽分布，与大气环境遥感技术中的大气成分分析和水汽监测相关，因此具有相关性。,"['atmospheric rivers', 'hydrometeor climatology', 'Monsoon Asia']",Mingzhu Li;Ju Liang,How atmospheric rivers modulate hydrometeor climatology over Monsoon Asia,
None,True,Atmospheric Research,该论文研究了泰国地表层湍流中惯性行为的临界粒径阈值，这直接与PM2.5和粗颗粒空气质量的建模相关，因此与大气环境遥感技术（如空气质量监测和大气成分分析）密切相关。,"['PM2.5', 'air-quality', 'particle-size']",Chalermpol Wangsomcholk,Critical particle-size threshold for inertial behaviour in Thai surface-layer turbulence: Implications for PM<sub>2.5</sub> and coarse-particle air-quality modelling,
None,True,Atmospheric Research,该论文研究了台风Hinnamnor (2022)的快速路径和强度变化，涉及大气环境中的台风现象，与大气环境遥感技术（如卫星观测和大气成分分析）相关。,"['typhoon', 'atmospheric', 'track change']",Pin-Hong Chen;Ching-Yuang Huang,Can a cutoff low cause rapid track and intensity changes of typhoon hinnamnor (2022)?,
None,True,Atmospheric Research,该论文研究了热带气旋对长江中下游夏季复合高温干旱事件的影响，涉及大气成分和空气质量监测，与大气环境遥感技术（如空气质量监测、大气成分分析）密切相关。,"['tropical cyclones', 'atmospheric composition', 'air quality monitoring']",Jianqian Li;Chao Wang;Yuqin Wu;Liguang Wu;Haikun Zhao;Jian Cao,Track-dependent impacts of tropical cyclones on summer compound hot and dry events over the middle and lower reaches of the Yangtze River,
None,True,Atmospheric Research,该论文研究了Liupan山顶的气溶胶数量大小分布，涉及大气环境中的气溶胶特性，与遥感技术在空气质量监测和大气成分分析中的应用密切相关。,"['aerosol', 'size distribution', 'Mount Liupan']",Hejue Zhao;Zhuolin Chang;Jianren Sang;Liren Xu;Zezhong Sun;Run Luo;Le Jia;Ning Cao;Haoran Zhu;Yanbo Dai;Longyan Li;Jun Zhang;Wei Deng;Tianxue Wen;Kai Bi;Jiming Sun,Characteristics of aerosol number size distribution and spectrum fitting at the summit of Mount Liupan,
None,True,Atmospheric Research,该论文研究了北极平流层臭氧的变化如何影响北大西洋海表温度偶极和欧亚气候遥相关，涉及大气成分分析和气候变化，与大气环境遥感技术（如大气成分分析、遥相关研究）密切相关。,"['ozone', 'North Atlantic SST', 'Eurasian climate']",Dingzhu Hu;Cuiting Zhao;Huimin Zhang,Arctic stratospheric ozone variability drives North Atlantic SST dipole and Eurasian climate teleconnections,
None,True,Atmospheric Research,该论文研究GPM IMERG卫星数据在西班牙Valencia地区亚日降水极端值监测的性能限制，涉及卫星观测技术和大气环境分析，与大气环境遥感技术（如空气质量监测、卫星观测、大气成分分析、气溶胶反演）密切相关。,"['GPM IMERG', 'sub-daily precipitation extremes', 'atmospheric remote sensing']",Marc Semper;Manuel Curado;Jose F. Vicent;Leandro Tortosa,"Performance limits of GPM IMERG for sub-daily precipitation extremes over the Comunitat Valenciana, eastern Spain: Representativeness, attenuation, and pixel-scale displacement",
None,True,Atmospheric Research,该论文研究的是比利牛斯山脉冬季暖化现象及其对积雪融化的影响，涉及大气环流驱动因素和大气成分变化，这与大气环境遥感技术中的空气质量监测、卫星观测和大气成分分析等领域密切相关。,"['synoptic drivers', 'snowmelt impacts', 'atmospheric composition']",Josep Bonsoms;Roberto Serrano-Notivoli,Winter warm spells in the pyrenees: synoptic drivers and snowmelt impacts (1960–2024),
None,True,Atmospheric Research,该论文的标题和摘要明确涉及使用卫星数据来分析地面NO2排放源，这与大气环境遥感技术（如空气质量监测和排放源分析）密切相关。,"['NO2', 'satellite', 'emission footprints']",Mingbin Guo;Jianzhou Gong;Yuangong Chen;Yuqing Jian;Weifeng Xiao;Shikuan Wang,A satellite-constrained two-stage spatiotemporal framework for disentangling meteorological dynamics and emission footprints of ground-level NO<sub>2</sub>,
None,True,Atmospheric Research,该论文标题和摘要明确涉及热带气旋中的不对称降雨估计，TCRM（热带气旋降雨模型）是大气环境遥感技术中的一个重要工具，用于监测和分析大气成分及降水分布，因此与大气环境遥感技术密切相关。,"['asymmetric rainfall', 'tropical cyclones', 'TCRM']",Bingyao Guo;Qingqing Li;Qi Gao;Changyu Zhao;Ruyan Chen,Improving asymmetric rainfall estimation in tropical cyclones: A revised TCRM,
None,True,Atmospheric Research,该论文标题和摘要中明确提到了“空间协同校正”、“网格化夏季降水预报”以及“CMA-MESO”等与大气环境遥感技术相关的关键词，涉及降水预报的校正和分析，属于大气环境监测和遥感技术的范畴。,"['U-Net', 'spatial synergistic correction', 'gridded summer precipitation forecasts', 'CMA-MESO', 'Central China']",Guangxin He;Wei Wu;Zhigang Zhang;Zhanshan Ma;Juanzhen Sun;Haonan Chen;Jingjia Luo,U-Net-based spatial synergistic correction of gridded summer precipitation forecasts for CMA-MESO in Central China,
None,True,Atmospheric Research,该论文研究了中国东北地区的冷涡结构及其与不同类型-heavy rainfall的关系，并考虑了干入侵的影响。虽然论文主要关注气象学，但冷涡和干入侵可以影响大气成分和空气质量，因此与大气环境遥感技术（如空气质量监测和卫星观测）有一定关联。,"['cold vortices', 'heavy rainfall', 'dry intrusion']",Yining Shen;Lijuan Wang;Zhaoyong Guan;Weijie Zeng;Xiaowen Zhao,Structure and energy conversion of Northeast China cold vortices with different distribution types of heavy rainfall influenced by dry intrusion,
None,True,Atmospheric Research,该论文研究地表放射性对大气电性的影响，特别是在稳定边界层条件下的影响。这与大气环境遥感技术相关，因为大气电性是大气成分和过程的重要指标，而遥感技术常用于监测和分析大气成分。,"['atmospheric electricity', 'stable boundary layer', 'radioactivity']",K.A. Nicoll;O. O'Neill;C. Miller;J. Paatero;T. Ulich,Surface radioactivity influences on atmospheric electricity during stable boundary layer conditions,
None,True,Atmospheric Research,该论文研究了使用ICON百米尺度集合预报对流风暴的技能提升，涉及大气现象的数值模拟和预报技术，与大气环境遥感技术中的大气成分分析和预报相关。,"['convective storm', 'ICON', 'hectometric-scale ensembles']",Matteo Siena;Thomas Gastaldo;Chiara Marsigli;Paolo Ruggieri;Silvana Di Sabatino,Improving forecast skill of a convective storm using ICON hectometric-scale ensembles,
None,True,Atmospheric Research,该论文标题和摘要明确涉及使用卫星技术评估来自伊朗东部的沙尘暴，并关注其跨界影响，这与大气环境遥感技术（如空气质量监测、卫星观测、大气成分分析、气溶胶反演）密切相关。,"['satellite-based', 'dust storms', 'transboundary impacts']",Ali Darvishi Boloorani;Masoud Soleimani;Nastaran Nasiri;Fatemeh Amiri;Najmeh Neysani Samany;Ali Al-Hemoud;Iraj Gholami;Kan Huang,Satellite-based assessment of dust storms originating from Eastern Iran with measurable transboundary impacts,
None,False,Atmospheric Research,该论文研究土壤湿度对夏季中国北方亚季节性降水预报的影响，主要涉及气候模型和降水预测，与大气环境遥感技术（如空气质量监测、卫星观测、大气成分分析、气溶胶反演）的直接相关性不强。,"['soil moisture', 'subseasonal precipitation', 'CWRF model']",Chenyi Zhang;Minghao Wang;Yong Luo;Qingquan Li;Lili Dong;Kailu Yu,Effects of soil moisture on subseasonal precipitation forecasts in North China during summer: A study using CWRF model,
None,True,Atmospheric Research,该论文研究中国大气氮沉降的长期变化，涉及大气成分分析和沉降效率，与大气环境遥感技术中的空气质量监测和大气成分分析密切相关。,"['atmospheric nitrogen deposition', 'China', 'deposition efficiency']",Shangyi Wang;Yiheng Wang;Guochao Chen;Yuhao Wang;Zimeng Wang;Chenliang Tao;Hongliang Zhang,Sector-specific deposition efficiency shapes long-term changes in atmospheric nitrogen deposition in China,
None,True,Atmospheric Research,该研究涉及闪电发生区域的垂直反射率特征，这与大气环境遥感技术中的大气成分分析（如闪电及其对大气的影响）密切相关。,"['vertical reflectivity', 'lightning', 'atmospheric composition', 'Guangzhou']",Fei Wang;Wen Yao;Yang Zhang;Dong Zheng,"Characteristics of vertical reflectivity cores at lightning initiation regions over Guangzhou, China",
None,True,Atmospheric Research,该论文的主题是云催化和气溶胶-云相互作用，这与大气环境遥感技术密切相关，特别是涉及空气质量监测、大气成分分析和气溶胶反演等方面。,"['cloud seeding', 'aerosol–cloud interactions', 'environmental impacts']",Sanhita Shende;Swapnaja Gajbhiye;Nandu B. Chaure,Cloud seeding and aerosol–cloud interactions: Environmental impacts and future perspectives,
None,True,Atmospheric Research,该论文与大气环境遥感技术相关，因为它涉及青藏高原的高分辨率温度数据集，并使用了人工智能降尺技术和站点校准方法，这些都与大气监测和数据分析技术密切相关。,"['temperature dataset', 'Tibetan Plateau', 'artificial intelligence downscaling']",Jianyu Wang;Yong Feng;Xingwen Jiang,Corrigendum to ‘A 3-km high-resolution daily temperature dataset over the Tibetan Plateau (1993–2023) based on artificial intelligence downscaling and station calibration’ [Atmospheric Research 341 (2026) 109100],
None,True,Atmospheric Research,该论文研究了北京北部山前地区的冬季山地-平原风循环结构，并探讨了行星边界层方案的模拟不确定性。这与大气环境遥感技术相关，因为风循环和行星边界层是大气成分和空气质量监测的重要影响因素，而模拟不确定性分析对提高遥感数据解释的准确性至关重要。,"['planetary boundary layer', 'wind circulation', 'atmospheric simulation']",Lei Zhang;Jinyuan Xin;Yongjing Ma;Xinbing Ren;Kecheng Peng;Luoqi Yang,Winter mountain-plain wind circulation structures at a Northern Beijing piedmont site: Characteristics and simulation uncertainties associated with planetary boundary layer schemes,
None,False,Atmospheric Research,该论文主要研究的是太平洋年代际振荡和北大西洋海表温度对中央中国九月降水的影响，涉及气候和气象学领域，但与大气环境遥感技术（如空气质量监测、卫星观测、大气成分分析、气溶胶反演）的关系较弱。,"['Pacific Decadal Oscillation', 'North Atlantic Sea surface temperatures', 'September precipitation', 'Central China']",Yuanyuan Zhou;Jianqi Sun;Mengqi Zhang;Yixi Liu,Interdecadal changes of September precipitation over Central China: The synergistic effect of Pacific Decadal Oscillation and North Atlantic Sea surface temperatures,
None,True,Atmospheric Research,该论文研究的是巴塔哥尼亚地区月度格点降水产品的时空性能，这属于大气环境遥感技术中的降水监测范畴，与大气环境遥感技术（如大气成分分析、卫星观测）有较强的关联性。,"['precipitation', 'Patagonia', 'atmospheric']",Santino Adduca;Santiago I. Hurtado;Natalia L. Pessacg;Leandro B. Díaz;Lorenzo Ricetti;Martín Jacques-Coper,Spatio-temporal performance of monthly gridded precipitation products in Patagonia,
None,True,Atmospheric Research,该论文研究了华南沿海地区锋面和暖区暴雨的微物理机制，涉及雨滴大小分布，这与大气环境遥感技术（如气象观测和大气成分分析）密切相关，因为雨滴大小分布是理解大气过程和空气质量的重要参数。,"['raindrop size distribution', 'frontal rainfall', 'warm-sector rainfall', 'Coastal Southeast China']",Mingrui Guo;Wen Lin;Jingjing Lv;Chenglong Gong;Qing Duan;Jingxi Sun;Pengcheng Lin;Chunsong Lu;Yiqi Chen,Distinct raindrop size distribution microphysical mechanisms of frontal and warm-sector heavy rainfall in Coastal Southeast China,
None,True,Atmospheric Research,该论文研究了南极洲Belgrano II站的平流层臭氧长期变化，涉及大气成分分析和空气质量监测，与大气环境遥感技术密切相关。,"['tropospheric ozone', 'atmospheric variability', 'Antarctica', 'air quality monitoring', 'atmospheric composition analysis']",J.A. Adame;M. Navarro-Comas;H. Ochoa;C. Prados-Roman;M. Yela,"Synoptic-scale drivers of long-term tropospheric ozone variability at Belgrano II station, Antarctica",
None,True,Atmospheric Research,该论文研究了中国夏季气温异常的内部季节性模式及其可预测信号，这与大气环境遥感技术（如大气组成分析）密切相关。,"['air temperature anomalies', 'Southern China', 'atmospheric composition analysis']",Zikang Jia;Zhihai Zheng;Guolin Feng,The main intraseasonal modes of summer air temperature anomalies in Southern China and their corresponding predictable signals,
None,True,Atmospheric Research,该论文研究的是中欧地区风力涡轮机相关的季节性闪电现象，虽然不直接涉及大气环境遥感技术，但闪电是大气电学的重要现象，与大气成分和气象过程相关，因此在一定程度上与大气环境研究相关。,"['wind turbine', 'lightning', 'Central Europe']",M. Kákona;R. Duspara;Z. Sokol;J. Popová;J. Chum;J. Šlegl;M. Sommer;M. Lužová;R. Dvořák;V. Hanousek;J. Kákona;A. Kostinsky;I. Ambrožová;O. Ploc,Seasonal wind turbine-associated lightning in Central Europe,
None,False,Atmospheric Research,该论文的标题和摘要主要关注热带风暴活动对东亚和西太平洋环流异常的影响，涉及的是气象学中的环流异常分析，而非大气环境遥感技术，如空气质量监测、卫星观测、大气成分分析或气溶胶反演。因此，它与大气环境遥感技术没有强相关性。,[],Hua Chen;Xueying Meng;Boqing Wang;Tianhao Chen,Circulation anomalies over East Asia and the Western Pacific induced by tropical storm activity in the North Indian Ocean: Observational analysis,
None,True,Atmospheric Research,该论文研究了由空间双频降水雷达揭示的各种极端降水类型的全球独特微物理特征。双频降水雷达是一种用于大气环境遥感的技术，用于监测降水现象，这与大气环境遥感技术（如空气质量监测、卫星观测、大气成分分析、气溶胶反演）密切相关。因此，该论文与大气环境遥感技术高度相关。,"['dual-frequency precipitation radar', 'extreme precipitation', 'spaceborne', 'atmospheric microphysical characteristics']",Yanghua Liu;Zinian Wang;Xiang Ni,Global distinct microphysical characteristics of various extreme precipitation types revealed by the spaceborne dual-frequency precipitation radar,
None,True,Atmospheric Research,该论文研究了中亚地区云水路径的时空特征和长期趋势，云水路径是大气环境遥感技术中的重要参数，与卫星观测和大气成分分析密切相关，因此与大气环境遥感技术强相关。,"['cloud water path', 'Central Asia', 'atmospheric remote sensing']",Zepeng Tong;Ping Chen;Yong Zeng;Ali Mamtimin;Zhanshan Ma;Zhigang Zhang,The temporal and spatial characteristics and long-term trends of cloud water path in Central Asia,
None,False,Atmospheric Research,该论文研究巴西马拉尼昂州雨季干旱期的时空变化，主要关注气象和气候现象，而非大气环境遥感技术，如空气质量监测、卫星观测或大气成分分析。,[],Wellington Cruz Corrêa;Andreza Maciel de Sousa;João Valério de Souza Neto;Andressa Carvalho de Sousa;Edvaldo Sagrilo;José Oscar Lustosa de Oliveira Júnior;José Francisco de Oliveira-Júnior;Nítalo Andre Farias Machado,"Spatiotemporal variability of dry spells during the rainy season in Maranhão state, Brazil",
None,True,Atmospheric Research,该论文的标题和摘要表明，它研究的是利用深度学习技术对海表风场进行偏差校正，这与大气环境遥感技术中的空气质量监测、卫星观测和大气成分分析密切相关。海表风场是大气科学和环境监测的重要数据之一，因此该研究属于大气环境遥感技术领域。,"['sea surface wind field', 'bias correction', 'deep learning']",Chen Zhang;Shuqin Liang;Jianxin Wang;Bo Liu;Yahui Liu;Tao Song;Yuhang Zhu,WindFormer: Spatio-temporal deep learning for refined sea surface wind field bias correction,
None,True,Atmospheric Research,该论文的标题和摘要明确涉及微波卫星观测技术，特别是水滴吸收对观测模拟的影响，这与大气环境遥感技术（如卫星观测和大气成分分析）密切相关。,"['microwave satellite observation', 'water droplet', 'absorption', 'atmospheric remote sensing']",Yuxuan Feng;Jieying He;Gang Ma;Zongru Yang;Chao Zhang,The impact of minute water droplet absorption on microwave satellite observation simulation,
None,True,Atmospheric Research,该论文标题和摘要明确涉及卫星降水监测技术，包括偏差校正和区域化分析，这些技术与大气环境遥感技术（如卫星观测、大气成分分析）密切相关。特别是“卫星降水”和“复杂地形”等关键词，直接指向大气环境遥感领域的应用。,"['satellite precipitation', 'bias correction', 'regionalization', 'complex terrain', 'explainable artificial intelligence']",Moein Tosan;Vahid Nourani;Vijay P. Singh;Ozgur Kisi;Jan Franklin Adamowski;Yongqiang Zhang;Mohammad Reza Alizadeh,Synoptic-aware explainable artificial intelligence (SA-XAI) model for bias correction and regionalization of satellite precipitation over complex terrain,
None,True,Atmospheric Research,该论文标题和摘要明确涉及卫星遥感技术，具体是关于基于卫星的全球小时和每日降水估计的研究。这与大气环境遥感技术密切相关，特别是卫星观测和降水监测领域。,"['satellite-based', 'precipitation estimates', 'global hourly and daily']",Pengsheng Li;Xiao-Feng Li;Jingjing Yu;Song Yang,Declining uncertainties in satellite-based global hourly and daily precipitation estimates,
None,True,Atmospheric Research,该论文研究城市扬尘事件的成因和观测证据，涉及风诱导的颗粒物重新悬浮，这与大气环境遥感技术中的空气质量监测和大气成分分析密切相关，因此相关性较强。,"['urban dust', 'resuspension', 'CFD analysis']",Jakub Linda;Miroslav Šinger;Amra Hasečić;Dávid Frnda;Jiří Pospíšil,Short duration urban dust events driven by wind induced resuspension: observational evidence from a European city and inverse CFD analysis,
None,True,Atmospheric Research,该论文研究极端降水行为，虽然主要关注干旱环境，但通过遥感技术（如卫星观测）来分析极端降水，这与大气环境遥感技术（如空气质量监测、卫星观测、大气成分分析、气溶胶反演）密切相关。,"['extreme precipitation', 'arid environment', 'remote sensing']",Mohammad Reza Nikoo,From stationary to non-stationary: Characterizing extreme precipitation behavior in an arid environment,
None,True,Atmospheric Research,该论文研究了利用低层变形动力学定义东亚夏季 monsoon 前沿，这与大气环境遥感技术中的大气动力学分析、季节性气象现象监测等密切相关，属于大气环境遥感技术的范畴。,"['East Asian summer monsoon', 'low-level deformation', 'atmospheric dynamics']",Minwoo Kim;Eun-Chul Chang;Joowan Kim;Seok-Woo Son;Hee Choon Lee;Hyun-Suk Kang,Dynamical definition of the East Asian summer monsoon front using low-level deformation,
None,False,Atmospheric Research,该论文研究的是热带气旋增强的西南季风高降水事件的天气形势，主要关注气象学和气候学方面，与大气环境遥感技术（如空气质量监测、卫星观测、大气成分分析、气溶胶反演）的关系较弱。,"['tropical cyclone', 'southwest monsoon', 'precipitation']",Alwin Andriel L. Bathan;Lyndon Mark P. Olaguera;Faye Abigail T. Cruz;Jose Ramon T. Villarin;John A. Manalo;Jun Matsumoto,Synoptic conditions favoring tropical cyclone-enhanced southwest monsoon high precipitation events in the Philippines,
None,True,Atmospheric Research,该论文研究了硝酸盐光解对东南沿海地区夏季白天环境亚硝酸（HONO）生成的影响，涉及大气成分分析，与大气环境遥感技术中的空气质量监测和大气成分分析密切相关。,"['Nitrate', 'HONO', 'atmospheric composition']",Ziying Chen;Feng Zhang;Lingling Xu;Ziyi Lin;Xiuwen Yong;Yuping Chen;Gaojie Chen;Xiaoting Ji;Xiaolong Fan;Lingjian Wang;Mengren Li;Jinsheng Chen,Nitrate photolysis as major summer daytime sources of ambient HONO in Southeastern Coastal China,
None,True,Atmospheric Research,该论文研究台风“梅花”在增强和减弱过程中眼壁的微物理演变，涉及大气成分和云物理过程，与大气环境遥感技术（如卫星观测和大气成分分析）密切相关。,"['Typhoon', 'eyewall', 'atmospheric composition']",Dongdong Wang;Sheng Chen;Haiyang Zhang;Wenjuan Li;Xiaoping Tu;Xiaolin Lan;Haohao Xu,Microphysical evolution of the eyewall during intensification and weakening of Typhoon Muifa (2022),
None,True,Atmospheric Research,该论文研究半干旱城市中的降水化学成分，特别是酸度的影响因素，这与大气环境遥感技术中的空气质量监测和大气成分分析密切相关。,"['precipitation chemistry', 'semi-arid', 'acidity']",Dongqi Chen;Bing Sun;Haijun Zhou;Wenjing Sun;Huifang Ren;Ying Sun;Xiaoqin Zhao;Xiaotao Fu;Zhonghua Li,Precipitation chemistry in a semi-arid city: Insights from the driving factors of acidity,
None,False,Atmospheric Research,该论文主要研究的是一次强烈的冰雹事件，使用了观测数据和WRF模型进行分析，虽然涉及大气现象，但与大气环境遥感技术（如空气质量监测、卫星观测、大气成分分析、气溶胶反演等）关系不大。,"['hail event', 'WRF model', 'Po Valley']",Antonio Ricchi;Olivia Vashti Ayim;Pier Paolo Alberoni;Rossella Ferretti,Analysis of an intense hail event in the Po Valley using observation and WRF model,
None,True,Atmospheric Research,该论文研究了高海拔青藏高原城市站点的有机气溶胶的季节性差异、分子驱动因素和光吸收特性，这与大气环境遥感技术中的空气质量监测和气溶胶检索高度相关。,"['organic aerosols', 'Tibetan Plateau', 'light absorption properties']",Lijuan Qi;Yanhui Ha;Xiaotong Wang;Junchao Zhao;YanLin Zhang;Huan Liu;Rong Chen,Distinct seasonality of organic aerosols at a high-altitude Tibetan Plateau urban site: Molecular drivers and light absorption properties,
None,False,Atmospheric Research,该论文研究的是海风动力对北部尤卡坦半岛均匀和局部海表温度异常的敏感性，主要关注的是海洋气象和海岸带环境，与大气环境遥感技术（如空气质量监测、卫星观测、大气成分分析、气溶胶反演等）关系不大。,"['sea breeze', 'SST anomalies', 'Northern Yucatán Peninsula']",E. Salcedo;J.C. Cajas;C. Treviño;I. Mariño-Tapia;L. Martínez-Suástegui,Sensitivity of sea breeze dynamics to uniform and localized SST anomalies over the Northern Yucatán Peninsula,
None,True,Atmospheric Research,该论文研究了WRF模型中尺度感知积云方案的夏季降雨预报敏感性，涉及大气成分和降水监测，与大气环境遥感技术（如空气质量监测和卫星观测）密切相关。,"['WRF', 'scale-aware cumulus schemes', 'summer rainfall forecast']",Weiguang Liu;Xin Li;Hao Miao;Shiwei Sun;Wenru Shi;Kefeng Zhu,Sensitivity of summer rainfall forecast over eastern China to horizontal resolutions: A study using scale-aware cumulus schemes in WRF,
None,False,Atmospheric Research,该论文主要关注热带南大西洋对热带北大西洋海表温度的调节作用以及其对西太平洋热带气旋生成的关系，未涉及大气环境遥感技术，如空气质量监测、卫星观测、大气成分分析或气溶胶反演等。,"['sea surface temperature', 'tropical cyclone genesis', 'atmospheric composition']",Lingling Zhang;Jinjie Song;Philip J. Klotzbach;Qingyuan Liu,Tropical South Atlantic modulation of the tropical North Atlantic sea surface temperature – western North Pacific tropical cyclone genesis relationship,
None,True,Atmospheric Research,该论文研究的是华北地区层积云降水事件中的 riming 和 melting 过程的微物理特性，这与大气环境遥感技术中的云和降水观测密切相关，属于大气成分分析和卫星观测的范畴。,"['stratocumulus cloud', 'riming', 'melting processes', 'atmospheric precipitation', 'North China']",Zhuoxuan Shen;Xiaoli Liu;Yan Li;Jingyuan Xiong;Kerui Min;Hengjia Cai;Nan Wang,Distinct microphysical characteristics of riming and melting processes in a stratocumulus cloud precipitation event over North China,
None,True,Atmospheric Research,该论文研究使用雷达技术对印度核心季风区的强降雨事件进行雨型分类，涉及大气成分分析和垂直结构，与大气环境遥感技术密切相关。,"['Radar', 'rain-type classification', 'Indian Core Monsoon Zone', 'vertical structure', 'temporal evolution']",Harshad S. Hanmante;Sachin M. Deshpande;Subrata Kumar Das;Medha Deshpande,Radar-derived rain-type classification for heavy-rain episodes over the Indian Core Monsoon Zone: Insights into vertical structure and temporal evolution,
None,False,Atmospheric Research,该论文的主题是北 Atlantic 的冷海表温度异常对南亚高压中心长期东移的影响，主要涉及海洋和大气环流的变化，与大气环境遥感技术（如空气质量监测、卫星观测、大气成分分析、气溶胶反演）的关系较弱。,[],Ran Duan;Kai Qie;Tao Wang;Jiakang Duan;Mingzhen Gu;Jiali Luo,North Atlantic cold SST anomaly contributes to the long-term eastward shift of the South Asian High center,
None,True,Atmospheric Research,该论文研究的是春季亚洲锋面喷流对西太平洋台风活动的影响，涉及到大气环境中的气象观测和现象分析，与大气环境遥感技术中的气象监测和台风活动分析相关。,"['Asian-jet', 'western North Pacific typhoon', 'atmospheric observability']",Zi-Liang Li;Xiao-Ran Wu,Pathway-dependent observability of a spring Asian-jet precursor for western North Pacific typhoon activity,
None,True,Atmospheric Research,该论文研究长江三角洲地区过去十年PM2.5污染事件与主导天气模式的关系，涉及空气质量监测和大气成分分析，与大气环境遥感技术密切相关。,"['PM2.5', 'Yangtze River Delta', 'synoptic weather patterns']",Zhongrui Xie;Lili Shi;Xianman Ye;Qifan Shuai;Yaofu Zhu;Xiyao Chen;Ben Ye;Liang Xu;Min Gao;Shupeng Zhu;Shoujuan Shu;Renguang Wu;Weijun Li,Evolution of dominant synoptic weather patterns associated with PM<sub>2.5</sub> pollution events in the Yangtze River Delta over the past decade,
None,True,Atmospheric Research,该论文研究了利用三维变分同化和深度学习代理框架进行中国区域近实时SO₂排放反演的技术，涉及大气环境监测和污染物排放分析，与大气环境遥感技术（如空气质量监测和大气成分分析）密切相关。,"['SO₂', 'emission', 'variational assimilation', 'deep learning surrogate framework']",Hancheng Ye;Zengliang Zang;Yiwen Hu;Ning Liu,Near-real-time inversion of SO₂ emission via coupled three-dimensional variational assimilation and deep learning surrogate framework over China,
None,False,Atmospheric Research,该论文标题和摘要主要关注的是堪察加半岛下游的环流异常以及其对东亚极端寒冷事件的影响，涉及大气环流和气候学，但未明确提及与大气环境遥感技术相关的具体内容，如空气质量监测、卫星观测、大气成分分析或气溶胶反演等。因此，该论文与大气环境遥感技术的关系不强。,[],Wencai Liu;Ning Shi;Huijun Wang,Contrasting downstream Kamchatka Peninsula circulation anomalies during extreme cold events over Eastern China and the upstream influence of these anomalies,
None,True,Atmospheric Research,该论文研究气溶胶到云凝结核（CCN）的活化过程，涉及气溶胶的大小和组成效应，使用来自印度西部高海拔站的长期数据集。这与大气环境遥感技术密切相关，特别是气溶胶和云微物理过程的研究，属于空气质量监测和大气成分分析的范畴。,"['Aerosol-to-CCN', 'size', 'composition', 'high-altitude', 'Western Ghats']",Sachin S. Patil;Subrata Mukherjee;V. Anil Kumar;P.P. Leena;Vinayak Waghamare;M.Y. Aslam;V.S. Arun;Lalit Chaudhari;Ajit Waware;Sunil M. Sonbawne;G. Pandithurai;B. Padma Kumari,"Decoding Aerosol-to-CCN activation: Insights into size and composition effects using a long-term dataset from a high-altitude site in the Western Ghats, India",
None,True,Atmospheric Research,该论文研究了青藏高原夏季水分的年际变化机制，从拉格朗日路径的角度进行分析。这与大气环境遥感技术中的大气成分分析和空气质量监测密切相关，因为拉格朗日路径可以用来追踪大气中的污染物和水汽输送，而青藏高原是亚洲气候的重要区域，其水分变化对周边地区有重要影响。,"['Lagrangian pathways', 'Tibetan Plateau', 'moisture']",Hongwen Liu;Wenshou Tian;Hao Wu;Li He;Hua Qin;Hongying Tian;Tao Wang,A mechanism of interannual variations in summer moisture over the Tibetan Plateau from the perspective of Lagrangian pathways,
None,True,Atmospheric Research,该论文研究的是东亚季风区热带夜间主导的环流模式，这与大气环境遥感技术中的大气成分分析、卫星观测等领域相关，因为环流模式是影响大气成分分布和传输的重要因素。,"['atmospheric circulation', 'East Asian monsoon', 'tropical night']",Ruidan Chen;Wenting Lin;Siao Tang;Lan Wei,Dominant circulation patterns influencing the tropical night in the East Asian monsoon region,
None,False,Atmospheric Research,该论文的标题和摘要主要关注雨滴碰撞的观测和理论模型验证，与大气环境遥感技术（如空气质量监测、卫星观测、大气成分分析、气溶胶反演等）没有直接关联。研究内容属于气象学或流体力学范畴，而非遥感技术领域。,[],Kalimur Rahman;Firat Y. Testik,Raindrop collision outcomes: Field observations and validation of the T09 theoretical regime diagram,
None,True,Atmospheric Research,该论文研究了乌兰巴托地区水溶性棕碳的光学特性及其季节变化和居民固体燃料燃烧的影响，这与大气环境遥感技术中的大气成分分析直接相关，因此与题目要求的领域相关。,"['brown carbon', 'water-soluble brown carbon', 'Ulaanbaatar', 'atmospheric composition']",Hyeyeon Lee;Sumin Ok;Tsatsral Batmunkh;Jinsang Jung,"Seasonal variability and residential solid-fuel combustion influence on the optical properties of water-soluble brown carbon in Ulaanbaatar, Mongolia",
None,True,Atmospheric Research,该论文研究了印度洋偶极子对黎凡特地区冬季持续干旱的影响，涉及大气环境变异性分析，与大气环境遥感技术（如卫星观测和大气成分分析）密切相关。,"['Indian Ocean dipole', 'atmospheric variability', 'Levant']",Sigalit Berkovic;Victor Murphy;Assaf Hochman,Unraveling the variability of winter persistent dry spells in the levant via the Indian Ocean dipole,
None,True,Atmospheric Research,该论文研究的是帕米尔高原复杂地形中降水随海拔的变化特征和机制，涉及大气环境中的降水现象，与大气环境遥感技术中的大气成分分析和气象观测相关，因此是相关的。,"['precipitation', 'atmospheric', 'elevation']",Mengying Yao;Junqiang Yao;Weiyi Mao;Jing Chen;Jiangang Li,Elevation-dependent precipitation in the complex Terrain of Eastern Pamir Plateau: Characteristics and mechanisms,
None,False,Atmospheric Research,该论文主要关注全球河流域中干旱热事件的驱动因素和复合效应，涉及气候和水资源领域，但与大气环境遥感技术（如空气质量监测、卫星观测、大气成分分析、气溶胶反演等）的直接相关性较弱。,[],Xin Feng;Weizhi Gao;Zhaoli Wang;Xushu Wu;Yuxiang Zhao;Jiajin Feng;Josep Peñuelas;Jordi Sardans,Quantifying drivers and compound effects of multivariate drought heat events in global river basins,
None,True,Atmospheric Research,该论文研究了西北地区背景区域的垂直气溶胶剖面，并探讨了区域传输的影响，使用了地面激光雷达技术，与大气环境遥感技术（如气溶胶检索、空气质量监测）密切相关。,"['aerosol profiles', 'ground-based lidar', 'regional transport']",Kai Cheng;Xia Li;Yaqiong Kuang;Yuting Zhong;Haiyang Cai;Shuting Li,Vertical aerosol profiles and the impact of regional transport in a background region of Northwest China: Insights from ground-based lidar,
None,True,Atmospheric Research,该论文研究拉普拉塔盆地雷暴的短期可预测性，涉及大气现象和区域环境，与大气环境遥感技术（如大气成分分析、卫星观测）相关，但更侧重于气象学而非具体的遥感技术应用。,"['thunderstorms', 'La Plata Basin', 'atmospheric predictability']",Gabriel Elias Mandanda;Maria Assunção Faus da Silva Dias;Marlon Sproesser Mathias,Short-term predictability of thunderstorms in the La Plata Basin,
None,True,Atmospheric Research,该论文研究沙特阿拉伯雷暴环境的变化，涉及频率、变化性和驱动因素，与大气环境遥感技术（如大气成分分析、气象观测）密切相关，因此相关性较强。,"['thunderstorms', 'atmospheric variability', 'environmental drivers']",Moutassem El Rafei;Andrew Dowdy;Mazen E. Assiri;Md. Arfan Ali;Muhammad Haroon Siddiqui;Sajjad Saeed;Saeed Ahmad Alghamdi;Shamsuddin Shahid,"Changing thunderstorms environments in Saudi Arabia: Frequency, variability and drivers of change",
None,True,Atmospheric Research,该论文研究了印度恒河和亚穆纳河流域极端降雨事件的时空联系和同步性变化，涉及大气环境的监测和变化分析，与大气环境遥感技术（如空气质量监测、卫星观测、大气成分分析、气溶胶反演）密切相关。,"['extreme rainfall', 'River Basins', 'atmospheric monitoring']",Ripunjay Pandey;Pragati Prajapati;Ashish Kumar Meena;Akshay Singhal;Sanjeev Kumar Jha;Kundan Kandhway,Changes in the spatial connection and synchronization of extreme rainfall events in recent decades over the Ganga and Yamuna River Basins of India,
None,True,Atmospheric Research,该论文研究气溶胶散射的辐射效应如何显著影响臭氧的垂直结构，涉及大气成分分析和空气质量监测，因此与大气环境遥感技术密切相关。,"['aerosol scattering', 'radiative effect', 'ozone vertical structure', 'Pearl River Delta']",Boru Mai;Xuejiao Deng;Ying Li;Tao Deng;Tushi Yang;Haoxiang Xu;Xia Liu;Tingyuan Li;Naixiu Sun;Jun Zhou;Qibin Sun;Guowen He;Jieyi Li,The aerosol scattering radiative effect significantly impacts the ozone vertical structure: A case study in the Pearl River Delta region of China,
None,True,Atmospheric Research,该论文研究非洲地区的复合气候极端事件及其时空变化和相关的大气环流，这与大气环境遥感技术中的大气成分分析和大气环流监测密切相关。,"['climate extremes', 'atmospheric circulations', 'spatiotemporal variability']",Mhenzi Fredy;Huixin Li;Jiani Zeng;Anqin Tan;King’uza Henry;Mtupili Msafiri;Semgomba Daniel;Madundo Albert;Bakar Mohammed,Compound climate extremes in Africa: Spatiotemporal variability and associated atmospheric circulations,
None,True,Atmospheric Research,该论文研究的是使用改进的阿克拉瓦-舒伯特对流方案来模拟东亚夏季降水，这与大气环境遥感技术中的大气成分分析和降水监测密切相关，因此是相关的。,"['Arakawa–Schubert convection scheme', 'East Asian summer precipitation', 'atmospheric simulation']",Shu Gui;Ruowen Yang;Lei Cai;Yali Yang;Ying Ming;Yu Lian;Meng Li;Kexu Zhu;Hao Zeng,Enhanced simulation of East Asian summer precipitation with a revised simplified Arakawa–Schubert convection scheme,
None,True,Atmospheric Research,该论文研究的是比利牛斯山脉冬季雨雪事件的频率变化，这属于大气环境变化的研究范畴，与大气环境遥感技术（如卫星观测、大气成分分析）有较强的关联性。,"['Pyrenees', 'rain-on-snow', 'atmospheric events']",Josep Bonsoms,Toward more frequent winter rain-on-snow events in the Pyrenees,
None,True,Atmospheric Research,该论文研究的是北大西洋和北太平洋上层海洋热含量变化对欧亚冬季变暖的影响，涉及气候和海洋环境的变化，与大气环境遥感技术中的大气成分分析和气候变化监测相关，因此具有较强的相关性。,"['upper ocean heat content', 'Eurasian winter warming', 'North Atlantic', 'North Pacific']",Jianghan Zhao;Bingyi Wu,Synchronized subpolar North Atlantic and North Pacific upper ocean heat content transition has driven Eurasian winter warming since 2013,
None,True,Atmospheric Research,该论文研究北美夏季气溶胶的时空分布及其对云宏观物理性质的影响，与大气环境遥感技术密切相关，涉及空气质量和大气成分分析。,"['Aerosol', 'Cloud macrophysical properties', 'North America']",Cheng-Hsiang Chang;W. Patrick Arnott;Xiyue Zhang,Aerosol spatiotemporal patterns and their impacts on cloud macrophysical properties during summer in North America,
None,True,Atmospheric Research,该论文研究了西北中国夏季降水的日变化及其与地形的关系，这与大气环境遥感技术中的空气质量和大气成分分析密切相关，特别是通过遥感手段监测和分析降水变化。,"['precipitation', 'diurnal cycle', 'topography']",Zixing Kang;Ya Huang;Yanping Li;Dingjia Ye;Guiping Li,Phase-based classification of the diurnal cycle of summer precipitation over Northwest China and its coupling with topography,
None,True,Atmospheric Research,该论文标题和摘要明确提到了使用SODAR（声波雷达）观测大气边界层动力学，地点是印度勒文西方高斯山区。这与大气环境遥感技术中的空气质量和大气组成分析密切相关，因为SODAR是一种用于监测大气边界层和气溶胶的技术。,"['atmospheric boundary layer', 'SODAR', 'Leeward Western Ghats']",Rani P. Pawar;Dada P. Nade;Omkar M. Patil;Ravi T. Waghmare;Thiyagesan Dharmaraj;Sambhaji M. Pawar;Hamza Varikoden;Sachin S. Panhalkar,Initial results on atmospheric boundary layer dynamics over the Leeward Western Ghats from SODAR observations at Atigre,
None,True,Atmospheric Research,该论文研究天山山脉的降雪云微物理特性，基于GPM DPR观测数据，属于大气环境遥感技术领域，涉及卫星观测和大气成分分析，因此与大气环境遥感技术密切相关。,"['GPM', 'DPR', 'snowfall clouds', 'Tianshan mountains', 'atmospheric remote sensing']",Jiangeng Wang;Ziyan Luo;Li Guan;Chang He;Hanyu Hu;Chao Lv;Xingyu Yang;Hanshan Bao,Microphysical characteristics of snowfall clouds over the Tianshan mountains based on GPM DPR observations,
None,True,Atmospheric Research,该论文研究了高海拔气溶胶吸湿性对华北平原云微物理过程的影响，使用了WRF fast-SBM模型进行模拟，这与大气环境遥感技术中的气溶胶和云微物理研究密切相关，属于空气质量监测和大气成分分析的范畴。,"['aerosol hygroscopicity', 'cloud microphysics', 'North China Plain', 'WRF fast-SBM modeling']",Qian Gao;Hui He;Xiang'e Liu;Yan Yang;Rong Yuan;Ping Tian;Kai Bi;Fei Wang;Jiujiang Sheng;Yongqing Wang,Impacts of high-altitude aerosol hygroscopicity on cloud microphysics in the North China Plain: A WRF fast-SBM modeling study,
None,False,Atmospheric Research,该论文研究的是ENSO（厄尔尼诺-南方涛动）和季风之间的遥相关关系，涉及印度降雨和温度变异性，虽然与大气科学相关，但主要关注气候动力学和气象学，而非大气环境遥感技术，如空气质量监测、卫星观测或气溶胶反演等。,"['ENSO', 'monsoon', 'spectral coherence', 'wavelet']",Guhan Velusamy;Dharma Raju Akasapu;Nagaratna Kopparthi;Sheshakumar Goroshi,"Multi-scale diagnostics of ENSO–monsoon teleconnections: Spectral, coherence, and wavelet insights from Indian rainfall and temperature variability",
None,True,Atmospheric Research,该论文研究了青藏高原东部云底高度的日变化和月变化，并对地面激光雷达和ERA5再分析数据进行了对比分析。云底高度是大气环境遥感技术中的重要参数，地面激光雷达是大气成分监测的常用工具，ERA5再分析数据是大气科学研究中广泛使用的数据集。这些内容与大气环境遥感技术密切相关，因此该论文与大气环境遥感技术高度相关。,"['cloud base height', 'ground-based lidar', 'ERA5 reanalysis']",Hongmei Ji;Jian Li;Dan Li;Hao Wu;Jian Li,Diurnal and monthly characteristics of cloud base height over the Eastern Tibetan Plateau: An intercomparison of ground-based lidar and ERA5 reanalysis,
None,False,Atmospheric Research,该论文主要研究半干旱地中海地区降雨格局和季节性变化，与大气环境遥感技术（如空气质量监测、卫星观测、大气成分分析、气溶胶反演）没有直接关联。,[],Matteo Ippolito;Paolo Nasta;Andreas Langousis;Marcella Cannarozzo;Nunzio Romano;Roberto Deidda;Dario Pumo,Rainfall regime and seasonality changes in semi-arid Mediterranean areas: Evidence from three regions of southern Italy (1922–2022),
None,True,Atmospheric Research,该论文研究了秘鲁伊卡地区极端沙尘锋入侵的电气提前期现象，涉及大气成分和空气质量监测，与大气环境遥感技术密切相关。,"['dust-front', 'air quality', 'atmospheric composition']",Rubén M. Romero;Rene Loayza;Gustavo Huaman;Dante Calderón;Yovanny Buleje;Joseph Arroyo;Miguel Tasayco;Cesar Torres;José Tacza;Sergio Szpigel;Jean-Pierre Raulin,"Electrical lead time during an extreme haboob-like dust-front intrusion in Ica, Peru",
None,False,Atmospheric Research,该论文研究的是西欧低对流可用潜在能量区域秋冬季节的龙卷风，主要涉及气象学和灾害研究，与大气环境遥感技术（如空气质量监测、卫星观测、大气成分分析、气溶胶反演）关系不大。,[],Matthieu Lacroix;Flavio Tiago Couto;Yanni Gunnell,Intense autumn and winter tornadoes in a region of low convective available potential energy: Insights from western continental Europe (1940–2022),
None,True,Atmospheric Research,该论文研究大气湿度对喜马拉雅前沿地区雷暴顶高的控制作用，涉及大气成分和气象现象，与大气环境遥感技术（如卫星观测和大气成分分析）密切相关。,"['atmospheric moisture', 'thunderstorm', 'Southern Himalayan Front']",Xiaoteng Huang;Xueke Wu;Zihao Zhang;Yuhang Hu;Jianwei Li;Xiaotong Li;Jiankai Zhang;Yifan Cheng,Atmospheric moisture controls thunderstorm top height along the Southern Himalayan Front: A dual-regime mechanism,
None,True,Atmospheric Research,该论文研究青藏高原夏季强降水的大尺度环流模式，涉及大气环流和降水，与大气环境遥感技术中的大气成分分析和气象观测相关。,"['Tibetan Plateau', 'precipitation', 'atmospheric circulation']",Yu Geng;Hong-Li Ren,Distinct large-scale circulation patterns shaping summer heavy precipitation in the Tibetan Plateau,
None,True,Atmospheric Research,该论文研究GPM IMERG卫星降水估算在不同降雨类型（季风、对流和气旋）下的表现，涉及卫星观测和降水分析，与大气环境遥感技术（特别是卫星降水监测）密切相关。,"['GPM IMERG', 'precipitation estimates', 'rainfall regimes']",Badriya Al Mawali;Issam Ali;Alaa Ibrahim;Sultan Al Yahyai,"Evaluation of GPM IMERG precipitation estimates across contrasting rainfall regimes in Oman: Monsoonal, convective, and cyclonic (Shaheen) events",
None,True,Atmospheric Research,该论文研究了城市和高海拔山区在雨季期间冰核颗粒的能力，这与大气环境遥感技术中的空气质量和大气成分分析密切相关。冰核颗粒是影响云形成和空气质量的关键因素，因此该研究主题与遥感技术在监测和分析大气环境中的应用高度相关。,"['ice nucleating particles', 'urban', 'high-altitude mountain', 'rainy season']",Emma Negrete-Harper;Graciela B. Raga;Rocío García;Sebastián Mendoza-Téllez;Luis A. Ladino,Contrasting ice nucleating particles abilities in urban and high-altitude mountain sites during the rainy season,
10.1126/science.aek2193,False,Science,该标题和摘要讨论的是家用机器人是否应该是优先事项，与大气环境遥感技术（如空气质量监测、卫星观测、大气成分分析、气溶胶反演）无关。,[],Aude G. Billard,Should humanoid robots in every household really be a top priority?,
10.1126/science.aei0132,False,Science,该标题和摘要与大气环境遥感技术无关，主题是关于章鱼养殖，没有涉及空气质量监测、卫星观测、大气成分分析或气溶胶反演等关键词。,[],Barbara J. King,Inside the world of aspiring octopus farmers,
10.1126/science.adq0420,False,Science,该论文研究的是二维范德华异质结构中的室温多铁性现象，涉及铁电和铁磁材料的耦合，与大气环境遥感技术（如空气质量监测、卫星观测、大气成分分析、气溶胶反演）没有直接关系。,"['multiferroicity', 'van der Waals heterostructures', 'ferroelectric', 'ferromagnetic', 'interferroic coupling']",Qinqin Wang;Baojuan Xin;Chen Liu;Huairuo Zhang;Yinchang Ma;Mario Lopez;Hao Wu;Qishuo Tan;Gaojie Zhang;Haixin Chang;Xi Ling;Efrain E. Rodriguez;Albert V. Davydov;Xixiang Zhang;Wei-Hua Wang;Evgeny Y. Tsymbal;Cheng Gong,Room-temperature multiferroicity in all–van der Waals heterostructures,"Multiferroics host simultaneous and coupled ferroic orders, allowing disparate external stimuli to induce abrupt transformations in their structures and properties. Creating multiferroicity in two-dimensional (2D) van der Waals (vdW) platforms would add the elements of strong quantum confinement, enhanced quasiparticle excitations, and wide tunability to the capabilities of these systems. In this work, we constructed vdW heterostructures of ferromagnetic triiron gallium ditelluride (Fe3GaTe2) and ferroelectric copper indium thiophosphate (CuInP2S6) to integrate their respective orders. We observed strong interferroic coupling at room temperature by demonstrating ferroelectrically reconfigurable magnetic anisotropy of 2D Fe3GaTe2. The interferroic magnetoelectricity diminished with increasing Fe3GaTe2thickness, revealing the interfacial nature of heterostructure multiferroicity. Our discovery of all-vdW heterostructure multiferroicity opens the door to the artificial assembly of vdW layers for designer 2D multiferroics."
10.1126/science.ads5962,False,Science,该论文研究的是早期宇宙中的重子数守恒问题，涉及核碰撞和基本粒子物理，与大气环境遥感技术（如空气质量监测、卫星观测、大气成分分析、气溶胶反演等）无关。,"['nuclear collisions', 'baryon number', 'gluonic configuration']","STAR Collaboration*B. E. Aboona;J. Adam;L. Adamczyk;I. Aggarwal;M. M. Aggarwal;Z. Ahammed;A. K. Alshammri;E. C. Aschenauer;S. Aslam;J. Atchison;V. Bairathi;X. Bao;P. Barik;K. Barish;S. Behera;R. Bellwied;P. Bhagat;A. Bhasin;S. Bhatta;S. R. Bhosale;J. Bielcik;J. Bielcikova,;J. D. Brandenburg;C. Broodo;X. Z. Cai;H. Caines;M. Calderon de la Barca Sánchez;D. Cebra;J. Ceska;I. Chakaberia;P. Chaloupka;Y. S. Chang;Z. Chang;A. Chatterjee;D. Chen;J. Chen;J. H. Chen;L. Chen;Q. Chen;W. Chen;Z. Chen;J. Cheng;Y. Cheng;W. Christie;X. Chu;S. Corey;H. J. Crawford;M. Csanad;G. Dale-Gau;A. Das;D. De Souza Lemos;I. M. Deppner;A. Deshpande;A. Dhamija;A. Dimri;P. Dixit;X. Dong;J. L. Drachenberg;E. Duckworth;J. C. Dunlop;Y. S. El-Feky;J. Engelage;G. Eppley;S. Esumi;O. Evdokimov;O. Eyser;B. Fan;Y. Fang;R. Fatemi;S. Fazio;H. Feng;Y. Feng;E. Finch;Y. Fisyak;F. A. Flor;B. Fu;C. Fu;T. Fu;C. A. Gagliardi;T. Galatyuk;T. Gao;Y. Gao;G. Garcia;F. Geurts;A. Gibson;A. Giri;K. Gopal;X. Gou;D. Grosnick;A. Gu;J. Gu;A. Gupta;W. Guryn;A. Hamed;R. J. Hamilton;J. Han;X. Han;S. Harabasz;M. D. Harasty;J. W. Harris;H. Harrison-Smith;L. B. Havener;X. H. He;Y. He;N. Herrmann;L. Holub;C. Hu;Q. Hu;Y. Hu;H. Huang,;H. Z. Huang;S. L. Huang;T. Huang;Y. Huang;Y. Huang;Y. Huang;M. Isshiki;W. W. Jacobs;A. Jalotra;C. Jena;A. Jentsch;Y. Ji;J. Jia,;X. Jiang;C. Jin;Y. Jin;N. Jindal;X. Ju;E. G. Judd;S. Kabana;D. Kalinkin;J. Kang;K. Kang;A. R. Kanuganti;D. Kapukchyan;K. Kauder;D. Keane;M. Kesler;A. Khanal;A. Khanal;Y. V. Khyzhniak;D. P. Kikoła;J. Kim;D. Kincses;I. Kisel;A. Kiselev;A. G. Knospe;J. Kołas;Y. Kong;B. Korodi;L. K. Kosarzewski;L. Kumar;M. C. Labonte;R. Lacey;J. M. Landgraf;C. Larson;J. Lauret;A. Lebedev;N. Lewis;J. H. Lee;Y. H. Leung;C. Li;D. Li;H-S. Li;H. Li;H. Li;H. Li;W. Li;X. Li;X. Li;Y. Li;Y. Li;Z. Li;Z. Li;X. Liang;R. Licenik,;T. Lin;Y. Lin;M. A. Lisa;C. Liu;G. Liu;H. Liu;L. Liu;L. Liu;Z. Liu;Z. Liu;T. Ljubicic;O. Lomicky;E. M. Loyd;T. Lu;J. Luo;X. F. Luo;W. Lv;L. Ma;R. Ma;Y. G. Ma;N. Magdy;D. Mallick;R. Manikandhan;C. Markert;O. Matonoha;K. Menduli;K. Mi;S. Mioduszewski;B. Mohanty;B. Mondal;M. M. Mondal;I. Mooney;J. Mrazkova,;M. I. Nagy;C. J. Naim;A. S. Nain;J. D. Nam;M. Nasim;H. Nasrulloh;J. M. Nelson;M. Nie;G. Nigmatkulov;T. Niida;T. Nonaka;G. Odyniec;A. Ogawa;S. Oh;K. Okubo;B. S. Page;M. Pal;S. Pal;A. Pandav;A. Panday;A. K. Pandey;T. Pani;A. Paul;S. Paul;D. Pawlowska;C. Perkins;S. Ping;J. Pluta;I. D. Ponce Pinto;M. Posik;E. Pottebaum;S. Prodhan;T. L. Protzman;A. Prozorov;V. Prozorova;N. K. Pruthi;M. Przybycien;J. Putschke;Y. Qi;Z. Qin;H. Qiu;C. Racz;S. K. Radhakrishnan;A. Rana;R. L. Ray;R. Reed;C. W. Robertson;M. Robotkova,;M. A. Rosales Aguilar;D. Roy;P. Roy Chowdhury;L. Ruan;A. K. Sahoo;N. R. Sahoo;H. Sako;S. Salur;S. S. Sambyal;D. T. Samuel;J. K. Sandhu;S. Sato;B. C. Schaefer;N. Schmitz;F-J. Seck;J. Seger;R. Seto;P. Seyboth;N. Shah;P. V. Shanmuganathan;T. Shao;M. Sharma;N. Sharma;R. Sharma;S. R. Sharma;A. I. Sheikh;D. Shen;D. Y. Shen;K. Shen;S. Shi;Y. Shi; Shilpa;E. Shulga;F. Si;J. Singh;S. Singha;P. Sinha;M. J. Skoby,;N. Smirnov;Y. Söhngen;Y. Song;T. D. S. Stanislaus;M. Stefaniak;Y. Su;M. Sumbera;X. Sun;Y. Sun;B. Surrow;M. Svoboda,;Z. W. Sweger;A. C. Tamis;A. H. Tang;Z. Tang;T. Tarnowsky;J. H. Thomas;A. R. Timmins;D. Tlusty;D. Torres-Valladares;S. Trentalange;P. Tribedy;S. K. Tripathy;T. Truhlar;B. A. Trzeciak;O. D. Tsai,;C. Y. Tsang,;Z. Tu;J. E. Tyler;T. Ullrich;D. G. Underwood,;G. Van Buren;J. Vanek;I. Vassiliev;F. Videbæk;S. A. Voloshin;F. Wang;G. Wang;G. Wang;J. S. Wang;J. Wang;K. Wang;X. Wang;Y. Wang;Y. Wang;Y. Wang;Z. Wang;Z. Wang;Z. Wang;Z. Y. Wang;J. C. Webb;P. C. Weidenkaff;G. D. Westfall;D. Wielanek;H. Wieman;G. Wilks;S. W. Wissink;R. Witt;C. P. Wong;J. Wu;X. Wu;X. Wu;X. Wu;A. J. Watroba;B. Xi;Y. Xiao;Z. G. Xiao;G. Xie;W. Xie;H. Xu;N. Xu;Q. H. Xu;X. Xu;Y. Xu;Y. Xu;Y. Xu;Y. Xu;Z. Xu;Z. Xu;G. Yan;Z. Yan;C. Yang;Q. Yang;S. Yang;Y. Yang,;Z. Ye;Z. Ye;L. Yi;Y. Yu;W. Yuan;H. Zbroszczyk;W. Zha;C. Zhang;D. Zhang;J. Zhang;K. Zhang;L. Zhang;S. Zhang;W. Zhang;X. Zhang;Y. Zhang;Y. Zhang;Y. Zhang;Y. Zhang;Z. Zhang;Z. Zhang;F. Zhao;J. Zhao;S. Zhou;Y. Zhou;C. Zhu;X. Zhu;M. Zurek,;M. Zyzak",Tracking the baryon number with nuclear collisions,"Baryon quantum number is found to be conserved since baryogenesis in the early Universe. Conventionally, each fractionally charged valence quark is understood to carry one-third of a baryon number. An alternative hypothesis posits that baryon number is instead carried by a baryon junction—a nonperturbative, Y-shaped gluonic configuration. Neither scenario has been verified experimentally. The STAR Collaboration reports measurements at mid-rapidity of baryon number (B) over the electric charge number difference (∆Q) in isobar nuclear collisions, and the net-proton yield along rapidity in photonuclear collisions. A largerB/∆Qratio and less asymmetric net-proton yield are observed than predicted from models assigning baryon number to valence quarks. These findings, corroborated by previous measurements in Au+Au collisions, disfavor the valence quark picture."
10.1126/science.ady9591,False,Science,该论文主要研究的是 ruthenium 多晶材料的电学性能和晶粒边界动力学，涉及材料科学和固态物理，但与大气环境遥感技术（如空气质量监测、卫星观测、大气成分分析、气溶胶反演等）没有直接关联。,"['ruthenium', 'polycrystalline materials', 'grain boundaries']",Youngchul Leem;Yoonhoo Ha;Young-Min Lee;Yong-Ryun Jo;Jeong Yub Lee;Eun-Hyoung Cho;Byeong-Gyu Chae;Jaewoo Lee;Gi-Young Jo;Seong Yong Park;Kyung-Eun Byun;Jeehwan Kim;Sang Won Kim,Promoter-driven recrystallization affording highly textured ruthenium,"The electrical properties of polycrystalline materials are governed by crystallite characteristics and spatial arrangement. We grew ruthenium polycrystals with a near-complete out-of-plane preferred orientation and predominantly low-energy grain boundaries on amorphous dielectric substrates, without relying on epitaxial growth or lattice-matched conditions. Whereas prior studies used high-density, high-quality polycrystalline materials derived from high-purity sources, we exploited trace carbon as a transient promoter at grain boundaries, revealing that it generated transient free volume during recrystallization and thus facilitated atomic migration, driving the dynamic vertical and horizontal orientation of grains. Our findings provide microscopic insights into the engineering of grain boundary kinetics through controlled trace element incorporation. The developed strategy is applicable to other polycrystalline materials, offering versatility for advanced material design and applications."
10.1126/science.adz7427,False,Science,该论文研究的是 dystroglycan (DG) 受体的功能及其与 matriglycan 的相互作用，涉及的是生物化学和细胞生物学领域，与大气环境遥感技术（如空气质量监测、卫星观测、大气成分分析、气溶胶反演等）没有直接关联。,[],Ishita Chandel;David Venzke;Bailey A. Wollesen;Liping Yu;Kevin P. Campbell,Xylose phosphatase activity of dystroglycan self-regulates its receptor function,"Dystroglycan (DG) is an extracellular matrix receptor crucial for tissue development and pathogen entry. DG harbors a long, complex glycan called matriglycan. Loss of matriglycan or reduction in its length disrupts DG function, causing dystroglycanopathies. However, the mechanism regulating matriglycan length is unknown. In this study, we found that a xylose kinase facilitated the initiation of matriglycan synthesis by adding a phosphate to the xylose of the matriglycan primer. Matriglycan elongation occurred when the phosphate was removed by the N-terminal domain of DG (DGN). DGN has the conserved DXDXT/V active site motif found in haloacid dehalogenase domains of phosphohydrolases. Mutations in this site abolished DGN phosphatase activity, reduced matriglycan length, and caused muscle disease in mice. Thus, DG has an unexpected xylose phosphatase function involved in regulating matriglycan extension."
10.1126/science.aea6187,False,Science,该论文主要关注高血压的跨器官单细胞分析，涉及动物模型和基因组学，与大气环境遥感技术（如空气质量监测、卫星观测、大气成分分析、气溶胶反演）无关。,[],Qiongzi Qiu;Yong Liu;Hong Xue;Rajan Pandey;Jing Liu;Lishu He;Pengyuan Liu;Bhavika Therani;Vinod Kumar;Jing Huang;Shima Sadri;Maya Guenther;Kristie Usa;Michael Grzybowski;Mark A. Vanden Avond;Andrew S. Greene;Allen W. Cowley;Sridhar Rao;Aron M. Geurts;Mingyu Liang,A cross-organ single-cell analysis of hypertension,"Hypertension is a leading cause of disease burden and mortality. Here, we present a single-cell analysis of hypertension and end-organ damage across six organs and tissues in angiotensin II–treated mice, Dahl salt–sensitive rats, and spontaneously hypertensive rats. We identified gene programs associated with blood pressure and renal injury, including a conserved vascular smooth muscle cell program and cross-segment renal tubular programs, along with tissue-specialized endothelial adaptations and coordinated changes across cell types in select organs. Integration with human genomic data revealed model-specific and shared cell type–trait links. We prioritized a noncoding variant (rs28451064) and used genome editing to demonstrate its in vivo effect on blood pressure and allele-specific regulation of local genes. Our study provides a multimodel, cross-organ cellular resource for hypertension research."
10.1126/science.aea7605,False,Science,该论文研究的是疟疾的化学疫苗和免疫机制，与大气环境遥感技术（如空气质量监测、卫星观测、大气成分分析、气溶胶反演）无关。,"['malaria', 'sporozoite', 'chemovaccination']",Ryan W. J. Steel;Yu Cheng Chua;Waail A. I. Abdalla;Robyn McConville;Amelia Ford;Sabrina Caiazzo;Eva Hesping;Daniel Fernandez-Ruiz;Lauren E. Holz;William R. Heath;John A. McCauley;David B. Olsen;Justin A. Boddey,Chemovaccination with a late-liver-stage antimalarial induces durable immunity against malaria,"Plasmodium falciparumsporozoite vaccines, in which parasites are attenuated at the liver stage, provide high efficacy but require complex manufacture and intravenous administration of high sporozoite doses. We found that a single low-doseP. bergheisporozoite exposure (intravenous or mosquito bite) and treatment with a plasmepsin IX and X (PMIX/X) inhibitor, either WM382 or MK-7602, that produced “chemo-attenuated liver merozoites” (CALM) induced sterile immunity in mice for up to 21 months. Protection involved anti–circumsporozoite protein (CSP) antibodies and CD8+T cells, including liver-resident memory subsets that recognized diverse antigens (SERA1, RPL6, GAP50, RNT, PHIST, S20, and RBP). WM382 also attenuatedP. falciparumliver merozoites, and conservation of PMIX/X active sites supports pan-Plasmodiumpotential for preventing malaria. CALM vaccination merits clinical evaluation, including by natural mosquito exposure if long-acting injectable PMIX/X inhibitor formulations prove feasible."
10.1126/science.aec2144,False,Science,该论文主要研究鲨鱼群落的历史变化及其与海洋生产力的关系，与大气环境遥感技术（如空气质量监测、卫星观测、大气成分分析、气溶胶反演）没有直接关联。,"['fossil denticles', 'shark communities', 'ocean productivity']",Erin M. Dillon;Douglas J. McCauley;Migdonio González;Sean R. Connolly;Brígida de Gracia;Jonathan D. Cybulski;Richard D. Norris;María Mercedes Gómez;Irene García-Pérez;Nicole D. Leonard;Jian-xin Zhao;Kimberly García-Méndez;Aaron O’Dea,Fossil denticles reveal how ocean productivity shapes shark baselines and recovery potential,"Shark populations on coral reefs have declined globally, but few baselines exist to quantify natural variability before human impact. Using fossil dermal denticles preserved in reef sediments, we reconstructed shark communities across the Isthmus of Panama before substantial exploitation [~7 to 3 thousand years ago (ka)] and recently (past century). We found differences in shark baselines and responses to fishing between the oceans on either side of the Isthmus. Reefs in the Pacific supported an ~20-fold higher shark abundance than Caribbean reefs before human impact. Caribbean shark populations—particularly pelagic species—have declined by 75% since the mid-Holocene, whereas their Pacific counterparts persisted over millennia despite higher fishing pressure. These contrasting trajectories are consistent with differences in oceanic productivity that dictate regional carrying capacities, highlighting the importance of incorporating oceanographic context into marine conservation targets."
10.1126/science.aee7004,False,Science,该论文研究的是神经科学领域中的记忆保留机制，涉及人工冬眠对海马神经元突触结构和记忆编码的影响。与大气环境遥感技术（如空气质量监测、卫星观测、大气成分分析、气溶胶反演）无关。,[],Y. J. Lin;A. Takahashi-Nakazato;K. Tsutsumi;T. Takahashi;D. Mercier;H. Ashitomi;M. C. Chiang;M. Haberl;M. Uytiepo;A. Maximov;Y. Makino;T. Nemoto;R. Enoki;A. Hirano;K. Soga;S. Looprasertkul;N. Ohno;Y. Kubota;T. Sakurai;K. Z. Tanaka,Artificial hibernation reveals synaptic engram architecture associated with memory retention,"Memories leave lasting physical changes at the synaptic level. Although stable, larger spines are thought to support memory, the high turnover of dendritic spines and the drifting of neuronal representations after memory formation suggest alternative possibilities. To elucidate the structural trace underlying memory retention, we used a mouse model of artificial hibernation. During hibernation, hippocampal neurons exhibited a substantial reduction in their activity and an extensive elimination of dendritic spines and synapses. Despite these changes, their memory and associated hippocampal neuronal representations remained intact. We found that a subset of spines characterized by synaptic contacts with multisynaptic boutons is maintained during hibernation. These findings suggest that synaptic engram architecture, rather than larger spines per se, is resilient to network remodeling and associated with long-term memory retention."
10.1126/science.aee8723,False,Science,该论文主要研究生态演化对种间竞争动态的影响，涉及生态学和进化生物学领域，与大气环境遥感技术（如空气质量监测、卫星观测、大气成分分析、气溶胶反演等）无直接关联。,[],Samuel J. Leonard;Mulin Huan;Neha Viswanathan;Austin Kerker;Paul Schmidt;Jonathan M. Levine,Eco-evolutionary feedback reshapes competitive dynamics in an orchard fly system,"The feedback between competition and evolution is central to hypotheses about the origin and maintenance of species diversity. Yet, whether competition-induced evolution is sufficiently rapid, consistent, and strong to maintain diversity on ecological timescales remains unresolved. We conducted an outdoor mesocosm experiment with four pairs of orchard fly species in which we manipulated species’ ability to evolve to one another during interspecific competition. We found significant competition-induced rapid evolution across phenotypes, which typically shifted in parallel across species. This evolution strongly affected the competitive population dynamics of all species pairs, typically boosting the rarer species’ abundance, and in one pair, reversing the abundance hierarchy. These results suggest that feedback between competition and evolution may be common and maintain species diversity on ecological timescales."
10.1126/science.aeg4720,False,Science,该论文研究的是小鼠的视觉辨别任务和丘脑皮层回路如何编码感觉历史的偏差，与大气环境遥感技术（如空气质量监测、卫星观测、大气成分分析、气溶胶反演）无关。,"['atmospheric remote sensing', 'air quality monitoring', 'satellite observations', 'atmospheric composition', 'aerosol retrieval']",Yi Ning Leow;Arundhati Natesan;Alexandria Barlowe;Sofie Ährlund-Richter;Tianyu (Cindy) Luo;Mehrdad Jazayeri;Mriganka Sur,A thalamocortical circuit encoding deviations from sensory history,"Prior expectations guide attention and support perceptual filtering during decision-making. In mice performing a visual discrimination task, choices depended on trial-by-trial differences between consecutive stimuli (|ΔDir|). We hypothesized that thalamic lateral posterior (LP; rodent pulvinar) projections to prefrontal areas such as the anterior cingulate cortex (ACC), previously implicated in selective attention and predictive processing, could support history-dependent evaluation of current sensory evidence. In this work, we report that optogenetic manipulations of LP-ACC axons disrupted history-dependent evaluation of current sensory evidence, producing |ΔDir|-dependent choice biases. Two-photon imaging showed that LP-ACC axons represented stimuli along a task-dependent low-dimensional curved manifold whose geometry scaled with |ΔDir|, emphasizing larger deviations from recent evidence. These findings identify the LP-ACC as a thalamocortical pathway that implements a contrastive, history-referenced representation of sensory evidence during decisions."
10.1126/science.aeh1834,False,Science,该论文研究的是细胞生物学中的TRIAP磷酸化机制，与大气环境遥感技术无关。,[],Geylani Can†;Maksym Shyian†;Archana Krishnamoorthy;Samreen Ahmed;Yang Lim;Alex Wu;Raphael Pavani;Manal S. Zaher;André Nussenzweig;Markus Räschle;Thomas E. Wilson;Thomas W. Glover;Johannes C. Walter;David Pellman,A CDK1 phospho-switch reprograms TRAIP to unload replisomes in mitosis,"Cells entering mitosis with incompletely replicated DNA face catastrophic chromosome segregation failure. During interphase, the replisome-associated E3 ubiquitin ligase TRAIP ubiquitylates barriers in front of the fork to allow replisome progression. In mitosis, TRAIP is reprogrammed from a trans-acting to a cis-acting ligase that can ubiquitylate the replisome itself. This enables the processing of unreplicated DNA by promoting replisome disassembly, fork breakage, and joining of the broken chromosome arms. Here, we describe a mechanism for this reprogramming: The adenosine triphosphatase transcription termination factor 2 (TTF2) is recruited to the replisome, where its noncatalytic N-terminal domain tethers cyclin B-cyclin–dependent kinase 1–phosphorylated TRAIP to the leading strand DNA polymerase ε in a geometry that allows replisome ubiquitylation. Thus, a phosphoregulated architectural switch alters replisome organization in mitosis to safeguard genome integrity before chromosome segregation."
10.1126/science.aei0475,False,Science,该论文主要研究的是增强压电陶瓷的性能，虽然提到了机器学习和X射线衍射等可能与环境监测技术相关的技术，但研究的核心是材料科学和压电效应，与环境遥感技术（如空气质量监测、卫星观测等）没有直接关系。,"['piezoelectric ceramics', 'machine learning', 'x-ray diffraction']",Jinjing Zhang;Zidong Wang;Shuai Yang;Ruixuan Liu;Jianglei Chang;Haijun Wu;Mingwen Wang;Xiaoqing Chen;Yang Zhang;Xianghong Zhou;Chenbo Zhang;John Daniels;Yuan-Jinsheng Liu;Shi Liu;Yunfei Chang;Xianjie Wang;Xinya Feng;Chunchun Li;Nan Zhang;Jinglei Li;Shujun Zhang;Fei Li,Overcoming the performance ceiling of textured piezoelectric ceramics,"Textured piezoelectric ceramics could deliver the ultrahigh piezoelectricity of single crystals while retaining the mechanical robustness and cost-effectiveness of conventional ceramics, but after decades of effort, their piezoelectricity has not approached that of single crystals. We exploited compositional flexibility of textured ceramics, a critical advantage over single-crystal counterparts, using a machine-learning approach. Our samarium (Sm)–doped Pb(In1/2Nb1/2)O3-Pb(Sc1/2Nb1/2)O3-PbTiO3textured ceramics exhibited an ultrahigh piezoelectric coefficient (d33) of 1720 picocoulombs per newton and a Curie temperature of 250°C. These values are comparable to, or even surpass, those of state-of-the-art single crystals. In situ x-ray diffraction and Rayleigh analysis indicate that their exceptional piezoelectricity is predominantly intrinsic rather than driven by domain switching. Leveraging these textured ceramics, we fabricated a piezoelectric accelerator that exhibits not only higher sensitivity but also substantially better reliability than its single-crystal counterparts."
10.1126/science.adz1083,False,Science,该论文研究的是真核生物染色体的结构和相变过程，与大气环境遥感技术（如空气质量监测、卫星观测、大气成分分析、气溶胶反演）没有直接相关性。论文内容主要涉及细胞生物学和生物化学领域，而非大气科学或遥感技术。,"['eukaryote chromosome', 'ionic hydrogel', 'volume phase transition']",Andrew J. Beel;Pierre-Jean Matteï;Roger D. Kornberg,"The eukaryote chromosome, a two-state system with interconversion by a volume phase transition","The formation of metaphase chromosomes requires the activity of condensins, DNA translocases that reduce chromosomal length through the process of loop extrusion. Reduction of length, however, does not account for the increase in density of chromatin in condensed states. Here, we show that eukaryotic chromosomes are ionic hydrogels and that the chromosomal material is a two-state system, with interconversion between condensed and decondensed states through a volume phase transition, analogous to a liquid-gas transition. Ionic contacts between histone tails and DNA, formed and broken by histone acetylation and deacetylation, may control the transition and be responsible for condensation in heterochromatin and decondensation in euchromatin."
10.1126/science.aea5466,False,Science,该论文主要研究地幔和地壳的地球物理和地球化学特征，与大气环境遥感技术（如空气质量监测、卫星观测、大气成分分析、气溶胶检索）没有直接关系。,"['hotspot', 'mantle', 'geochemical', 'tomography', 'graph theory']",";


Mathurin Dongmo Wamba;Andreas Stracke",A joint geophysical-geochemical deep-mantle zoning map beneath East Africa and the Indian Ocean,"Geochemical signatures of hotspot lavas suggest that their mantle sources are compositionally distinct, but their source locations remain elusive. Mapping hotspots to their deep origins is complicated by the presence of interconnected, low–seismic velocity networks in the mantle, where plumelike anomalies often deviate from vertical conduits. We propose a graph theory–based framework to systematically trace ensembles of plume paths using a high-resolution regional tomographic model. Applied to eight East African and Indian Ocean hotspots, our method identified clustered source zones near the core-mantle boundary. Multivariate analysis of the isotope ratios of hotspot-related basalts reveals a broadly similar clustering. Together, these independent observations provide a first-order joint geophysical-geochemical zoning map in this region, with at least three distinct domains within the African large low-shear-velocity province (LLSVP)."
10.1126/science.aec4776,True,Science,该论文研究了古近纪-始新世大暖期（PETM）期间森林冠层的变化，探讨了快速变暖对森林生态系统结构、生物多样性和功能的影响，这与大气环境遥感技术中的大气成分分析、植被监测等领域密切相关，因此是相关的。,"['CO2', 'PETM', 'forest canopy', 'vegetation shift', 'carbon cycle']",Regan E. Dunn;Marieke Dechesne;Brady Z. Foreman;Keifer Nace;Jenna M. West;Ellen D. Currano,Forest canopy decline under elevated CO2 during the Paleocene-Eocene Thermal Maximum,"Uncertainty remains regarding the impact of rapid anthropogenic warming on forest ecosystem structure, biodiversity, and function. As an analog, we reconstruct forest canopy density and compositional change in Wyoming, USA, through the Paleocene-Eocene Thermal Maximum (PETM), an interval of abrupt carbon increase and warming ~56 million years ago. We develop a proxy to quantify leaf area index and assess shifts in floral composition using palynomorphs. Forest canopies opened abruptly at onset of PETM warming, landscape erosion increased, and vegetation shifted from broad-leaved angiosperm to fern- and palm-dominated ecosystems. When combined with regional data, these patterns suggest that continental-scale changes in plant communities cause landscape destabilization. These shifts also have implications for multimillennial-scale hydrologic and carbon cycle feedbacks in the climate system."
10.1126/science.aeh2300,False,Science,该论文研究的是DNA复制和细胞分裂过程中的分子机制，与大气环境遥感技术（如空气质量监测、卫星观测、大气成分分析、气溶胶反演）没有直接关系。,[],Ryo Fujisawa and Karim P. M. Labib,TTF2 processes sites of incomplete DNA replication during mitosis via sister-chromatid exchanges,"Mammalian cells frequently enter mitosis before DNA replication has finished, necessitating the rapid processing of unreplicated loci to facilitate chromosome segregation. The TRAIP ubiquitin ligase induces replisome disassembly during mitosis, triggering the cleavage of DNA replication forks. Until now, the mechanisms that regulate TRAIP and process cleaved DNA replication forks were unclear. In this study, we show that the transcription termination factor 2 (TTF2) adenosine triphosphatase is a new type of phosphoreceptor that binds a conserved phosphorylation site on TRAIP during mitosis. TTF2 couples phosphorylated TRAIP to DNA polymerase ε (Pol ε) in the replisome, leading TRAIP to ubiquitylate the CDC45-MCM-GINS (CMG) helicase. This triggers mitotic replisome disassembly and a repair pathway that produces sister-chromatid exchanges, supporting a model for how fork cleavage promotes the segregation of underreplicated loci in mammalian cells."
10.1126/science.ael3843,False,Science,标题和摘要中未提及与大气环境遥感技术相关的关键词，如空气质量监测、卫星观测、大气成分分析或气溶胶反演。,[],Corinne Simonti;Jesse Smith;Bianca Lopez;Sarah H. Ross;Stella M. Hurtley;Brad Wible;Di Jiang;Michael A. Funk;Jesse Smith,In Other Journals,
10.1126/science.ael3844,False,Science,该标题和摘要内容（“写作的艰难方式”）与大气环境遥感技术（如空气质量监测、卫星观测、大气成分分析、气溶胶反演）无关，因此不相关。,[],Bastien Le Guellec,Writing the hard way,
10.1126/science.aek0196,False,Science,该论文标题和摘要内容与大气环境遥感技术无关，主要涉及化学疫苗接种与疟疾防治，不涉及空气质量监测、卫星观测、大气成分分析或气溶胶反演等主题。,[],Miguel Prudêncio and Maria M. Mota,A boost for chemical vaccination against malaria,
10.1126/science.aek0561,False,Science,该论文标题和摘要内容关于染色体的相移架构，与大气环境遥感技术（如空气质量监测、卫星观测、大气成分分析、气溶胶反演）无关，因此不相关。,[],William Gelbart,The phase-shifting architecture of chromosomes,
10.1126/science.aek0574,False,Science,该论文标题和摘要内容涉及质子的秘密，与大气环境遥感技术（如空气质量监测、卫星观测、大气成分分析、气溶胶反演）无关。,[],Wenliang Li,The proton’s next secret,
10.1126/science.aek0549,False,Science,该论文标题和摘要内容与大气环境遥感技术无关，主要讨论的是鲨鱼受力应变问题，属于生物学或海洋学领域。,[],Peter D. Roopnarine,The scales of strain on sharks,
10.1126/science.aek7995,False,Science,该论文的主题是关于鲨鱼治理和物种识别，与大气环境遥感技术（如空气质量监测、卫星观测、大气成分分析、气溶胶反演等）无关。,[],Hugo Bornatowski and Rodrigo Barreto,Shark governance requires species identity,
10.1126/science.aej6968,False,Science,该论文的标题和摘要内容主要关注病原体基因组监测的公平性问题，与大气环境遥感技术（如空气质量监测、卫星观测、大气成分分析、气溶胶反演等）无直接关联。,[],Mnotho Ngcobo,Equity in pathogen genomic surveillance,
10.1126/science.aej7857,False,Science,该论文标题和摘要主要讨论的是中国禁止焚烧秸秆的政策及其隐藏成本，与大气环境遥感技术（如空气质量监测、卫星观测、大气成分分析、气溶胶反演等）没有直接关联。,[],Xinhui Feng;Qirui Zhang;Yan Li;Yimin Wang,Hidden costs of China’s straw-burning ban,
10.1126/science.ael2764,False,Science,该论文标题和摘要内容涉及的是植物抗病性及其产量平衡的表观遗传调控，与大气环境遥感技术（如空气质量监测、卫星观测、大气成分分析、气溶胶反演等）无关。,[],Authors not available,Erratum for the Report “Epigenetic regulation of antagonistic receptors confers rice blast resistance with yield balance”,
10.1126/science.ael4184,False,Science,标题和摘要中没有明确提及与大气环境遥感技术相关的关键词，如空气质量监测、卫星观测、大气成分分析或气溶胶反演等。,[],Charles Piller and Jennie Erin Smith,Magic or realism?,
10.1126/science.ael4188,True,Science,该论文探讨了计划中的卫星星座对太空环境的影响，特别是太空碎片的产生风险，这与大气环境遥感技术相关，因为太空碎片可以干扰或影响卫星观测大气成分和空气质量的能力。,"['satellite constellations', 'debris', 'space debris', 'atmospheric monitoring', 'space environment']",Hannah Richter,Planned satellite constellations risk runaway debris,
10.1126/science.ael4189,False,Science,该标题和摘要描述的是地球表面形成的观测，与大气环境遥感技术（如空气质量监测、卫星观测、大气成分分析、气溶胶反演）无关。,[],Paul Voosen,"With lucky dive, scientists get a front-row view of the creation of Earth’s surface",
10.1126/science.ael4190,False,Science,该论文标题和摘要内容主要涉及非阿片类镇痛药物的改进，与大气环境遥感技术（如空气质量监测、卫星观测、大气成分分析、气溶胶反演）无关。,[],Jennie Erin Smith,Researchers struggle to improve nonopioid pain drugs,
10.1126/science.ael4191,False,Science,该论文的标题和摘要内容涉及的是物理学领域中的‘胶子球’研究，与大气环境遥感技术（如空气质量监测、卫星观测、大气成分分析、气溶胶反演等）无关。,[],Julia Vaz,Physicists find strong evidence for elusive ‘glueball’,
10.1126/science.ael4192,False,Science,该论文的标题和摘要主要关注科罗拉多河的水资源冲突及其对生态系统的影响，与大气环境遥感技术（如空气质量监测、卫星观测、大气成分分析、气溶胶反演等）没有直接关联。,[],Erik Stokstad,Fight over Colorado River water threatens ecosystems,
10.1126/science.ael4193,False,Science,该论文标题和摘要与大气环境遥感技术无关，而是关于埃博拉疫苗的研究。,[],Kai Kupferschmidt,‘Mismatched’ Ebola vaccine may soon be rolled out widely,
10.1126/science.ael4194,False,Science,该论文标题和摘要描述的是脑细胞能量工厂（线粒体）中tau蛋白的作用，与大气环境遥感技术（如空气质量监测、卫星观测、大气成分分析、气溶胶反演）无关。,[],Sara Reardon,Tau can wreak havoc in brain cells’ energy factories,
10.1126/science.ael2482,False,Science,该标题和摘要与大气环境遥感技术（如空气质量监测、卫星观测、大气成分分析、气溶胶反演）无关。标题讨论的是支持科学的税收政策，而摘要未提及任何与大气遥感技术相关的术语或内容。,[],John Palfrey,A democracy tax in support of science,
10.1126/science.aea9565,False,Science,该论文标题和摘要内容主要关注供应链可持续性，未涉及大气环境遥感技术相关内容，因此与大气环境遥感技术不相关。,[],Federico Cammelli;Johan Six;Rachael D. Garrett,False reporting undermines the integrity of supply chain sustainability initiatives,
10.1126/science.ael3842,False,Science,标题和摘要中未提及与大气环境遥感技术相关的内容，例如空气质量监测、卫星观测、大气成分分析或气溶胶反演等。,[],Michael Funk;Mattia Maroso;Stella M. Hurtley;Bianca Lopez;Jelena Stajic;Phil Szuromi;Angela Hessler;Leslie Ferrarelli;Molly Ogle;Di Jiang;Yevgeniya Nusinovich;Sarah H. Ross;Sacha Vignieri;Christiana N. Fogg,In Science Journals,
