doi,is_relevant,journal,explanation,topic_words,authors,title,abstract
10.1029/2026AV002327,True,AGU Advances,该论文研究了火星电离层不规则性，涉及电磁波和等离子体密度变化，与大气环境遥感技术（如卫星观测和电离层分析）密切相关。,"['Martian ionospheric irregularities', 'electromagnetic Rayleigh-Taylor instability', 'MAVEN observations']",Konghan Jiang;Jiuhou Lei;Maodong Yan,Beyond the Electrostatic Approach: Numerical Simulations of Martian Ionospheric Irregularities,"Numerical simulations play an essential role in the study of ionospheric irregularities. In the past few decades, electrostatic simulations have successfully simulated the nonlinear evolution of terrestrial ionospheric irregularities. However, the Mars Atmosphere and Volatile EvolutioN (MAVEN) observations reveal that the Martian ionospheric irregularities are electromagnetic in nature, in contrast to the electrostatic nature of terrestrial ionosphere. In this study, we develop a non‐electrostatic model to investigate the evolution of Martian ionospheric irregularities under nighttime conditions and predominantly horizontal magnetic fields. Our simulation results indicate that electromagnetic Rayleigh‐Taylor instability (RTI) can induce the formation of Martian ionospheric irregularities. Consistent with MAVEN observations, the simulated Martian ionospheric irregularities exhibit plasma density variations of approximately 10%–70% relative to the background ionospheric density, with maximum magnetic field variations reaching about 2 nT."
10.1029/2026GL124048,True,Geophysical Research Letters,该论文使用激光雷达观测数据研究南极麦克默多站的引力波能量基线，并分析了中高层大气（30-110公里）的能量耗散和成分扩散。这属于大气环境遥感技术领域，与空气质量监测、卫星观测和大气成分分析等技术相关，因此与题目要求的主题密切相关。,"['Lidar', 'gravity wave', 'atmospheric energy', 'diffusion', 'middle atmosphere']",Jackson Jandreau;Xinzhao Chu;Yingfei Chen;Chester S. Gardner,"Gravity Wave Energy Baselines (∼30–110 km) Established From Lidar Observations at McMurdo (77.84°S, 166.67°E), Antarctica: Energy Dissipation and Constituent Diffusion","Lidar observations above McMurdo, Antarctica from 2011 to 2024 are used to characterize gravity wave (GWs) potential energies (Ep ${E}_{p}$) in the mesosphere and lower thermosphere (MLT). Alongside characterizations in the middle atmosphere (30–70 km), the GW baselines show dissipation at all altitudes from 30 to 110 km. Stronger dissipation occurs for GWs with shorter λz ${\lambda }_{z}$ and in regions of lower NB2 ${N}_{B}^{2}$, likely driven by convective and shear instabilities, critical level filtering, and viscous damping. Energy baselines are then used to estimate the diffusion‐like transport of constituents and heat induced by non‐breaking GWs. The corresponding wave‐induced constituent and thermal diffusivities KWave ${K}_{\mathrm{W}\mathrm{a}\mathrm{v}\mathrm{e}}$ and KH ${K}_{H}$ are compared to estimates made at other locations, while this study represents the first such observations in the middle atmosphere. Estimated KWave ${K}_{\mathrm{Wave}}$ and KH ${K}_{H}$ are up to 1,000 times typical eddy and molecular diffusion values in the middle atmosphere and 10 times typical values in the MLT."
10.1029/2026GL122534,True,Geophysical Research Letters,该论文研究的是热带风化作用的变化如何影响铁的输出，涉及地球表面元素通量的量化，与大气环境遥感技术中的大气成分分析和元素监测相关。,"['iron isotopes', 'laterite', 'weathering regime']",Z. Fekiacova‐Castanet;B. Heller;D. Guinoiseau;J. Bouchez;A. Duvivier;S. Cornu;A. Guihou;C. Quantin;T. Allard;S. B. Riffel;P. Deschamps;C. Gautheron,Iron Isotopes Reveal Fe Export Driven by Change of Tropical Weathering Regime,"Unraveling paleoenvironmental signals recorded in laterites is crucial for quantifying weathering‐driven elemental fluxes at the Earth's surface. New stable iron isotope data (δ56Fe), combined with (U‐Th)/He ages in Fe‐oxides from a ferruginous duricrust from French Guiana, reveal the response of Fe hosted in laterite to past changes in weathering intensity. The δ56Fe values increase with decreasing age, with a pronounced shift at around 6 Ma reflecting a change from a ferruginous laterization to a bauxitization regime. This shift indicates a transition from a weathering regime characterized by Fe redistribution within the laterite to one featuring significant Fe loss and redox processes. Isotope mass‐balance modeling reveals that intensified weathering during the bauxitization phase led to the loss of 35%–70% of Fe from the duricrust. Our work highlights the importance of lateritic profiles as environmental archives."
10.1029/2026GL125110,True,Geophysical Research Letters,该论文研究的是高空大气中的电子束加速机制，涉及地球磁层和 bow shock 的物理过程，与大气环境遥感技术中的卫星观测和等离子体分析相关，但主要关注的是等离子体物理而非直接的大气成分或空气质量监测。,"['energetic electron beams', 'quasi‐perpendicular shocks', 'particle-in-cell simulations']",Ao Guo;Quanming Lu;San Lu;Shutao Yao;Xinliang Gao,Spiky Bursts of Energetic Electron Beams Upstream of Nonstationary Quasi‐Perpendicular Shocks,"Energetic electron beams play a crucial role in collisionless shocks by driving upstream plasma waves and providing seed populations for diffusive shock acceleration. However, the processes responsible for their generation at quasi‐perpendicular shocks remain poorly understood. Using two‐dimensional fully kinetic particle‐in‐cell simulations, we identify a new mechanism for generating electron beams at the leading edge of the shock foot. During shock reformation, reflected ions induce strong magnetic field curvature, causing ions and electrons to decouple dynamically. The resulting localized net charge separation generates large‐amplitude bipolar electric fields, which efficiently pick up and accelerate upstream electrons. We therefore refer to this novel mechanism as Reformation‐driven Electron Pickup Acceleration (REPA), which generates intense and spatially localized bursts of energetic electron beams. This process exhibits strong agreement with high‐resolution observations upstream of Earth's bow shock, and provides an unexpected acceleration pathway for thermal electrons."
10.1029/2026GL125366,False,Geophysical Research Letters,该论文研究的是海底扩张脊上的地壳变形，涉及地质构造和海底地形分析，与大气环境遥感技术（如空气质量监测、卫星观测、大气成分分析、气溶胶反演等）没有直接关系。,"['fault scarps', 'abyssal hills', 'tectonic strain']",Ran Li;Zhonglan Liu;Shuming Feng;Teng Peng;Yuan Wang,Global Evidence for Off‐Axis Flexural Modification of Abyssal Hill Faults at Mid‐Ocean Ridges,"Young oceanic lithosphere flexes as axial topography decays across mid‐ocean ridge shoulders, yet this deformation has been quantified at only a few segments, leaving its global expression poorly constrained. We analyzed 50 across‐axis bathymetric profiles from 21 regions spanning slow to fast spreading rates, identified 1,201 abyssal‐hill‐bounding fault scarps, and measured the change in apparent tectonic strain across the ridge shoulder from cumulative heave. After correcting for apparent‐throw reduction by surface process, three regimes emerge: (a) Axial‐valley ridges record shortening that increases with axial relief, (b) Fast‐spreading axial‐high ridges record extension that increases with relief, (c) Axial‐high ridges at slow‐to‐intermediate spreading rates record negligible flexural strain, because their thicker axial lithosphere acquires little accretional curvature. A simple flexural model with strain proportional to axial relief reproduces these patterns to first order. Flexure, set by axial relief and axial lithospheric thickness, systematically modifies fault‐generated seafloor morphology at divergent plate boundaries."
10.1029/2026GL123882,True,Geophysical Research Letters,该研究关注海盐气溶胶中内毒素的富集及其对区域呼吸健康风险的影响，涉及空气质量和大气成分分析，与大气环境遥感技术密切相关。,"['sea spray aerosols', 'endotoxins', 'air quality monitoring']",Hong Na;Jianlong Li;Narcisse Tsona Tchinda;Hartmut Herrmann;Christian George;Yan Wu;Lin Du,Morphological and Size‐Dependent Enrichment of Endotoxins in Coastal Spray Aerosols: Implications for Regional Respiratory Health Risks,"Sea spray aerosols (SSA) transport bioactive substances that affect the Earth's environmental and climate system. We investigated the enrichment of endotoxins (LPS), characterized their influence on the SSA morphologies, and evaluated the respiratory tract deposition. LPS concentrations in SSA ranged from 0.53 to 7.36 EU m−3, with enrichment factors of 3.55–30.84. Transmission electron microscopy identified sea salt‐dominated, sea salt mixed with LPS, and LPS‐dominated particles. Among these particles, LPS‐dominated particles were preferentially enriched in the submicron SSA fraction, which represented 60.5% of analyzed particles, and may have higher exposure potential due to elevated per‐particle LPS loading. Size‐resolved deposition modeling showed that the alveolar region received the largest deposition dose, with a peak of 7.41 × 107 # h−1. These results identify particle morphology and size distribution as key controls on endotoxin exposure through SSA and provide a framework for assessing the respiratory deposition of bioactive marine aerosols."
10.1029/2025GL117325,True,Geophysical Research Letters,该研究关注北京市中心区域温度变化，探讨了城市化进程和大规模变暖对温度增加的贡献，与大气环境遥感技术中的空气质量监测和大气成分分析相关，但主要侧重于温度变化而非遥感技术本身。,"['Surface Air Temperature', 'urbanization', 'global warming']",Guoyu Ren;Yuyu Ren;Siqi Huang;Yuan Zhang;Panfeng Zhang,Contribution of Urbanization and Large‐Scale Warming to Temperature Increase From Pre‐Industrial Revolution Time to Recent Period in Central Beijing City,"The annual mean Surface Air Temperature (SAT) observed during 1757–1762 in central Beijing was 3.1°C lower than that of the nearby Autonomous Weather Stations (AWS) in recent 6 years (2015–2020). The change was much larger than the averaged global warming of the past century. Applying a data set of high‐density AWS network, and the Space‐For‐Time method, we show here that more than half of the annual mean SAT increase was caused by urbanization process. The accumulative urbanization effect on change in annual mean SAT was 1.9°C, which contributed about 61% to the whole change. The global and regional scale warming induced a 1.2°C increase in annual mean SAT. Our analysis can help understand the true background warming rate since pre‐industry‐revolution era and the differentiated contributions of spatial‐scale‐varied anthropogenic drivers to local temperature increase at a typical urban area."
10.1029/2026GL122357,True,Geophysical Research Letters,该论文研究了帕克太阳探测器（Parker Solar Probe）的fields实验中射频光谱仪（RFS）数据，以及准热噪声光谱（QTN）技术如何用于确定日球层的电子温度和密度。这直接与大气环境遥感技术相关，特别是卫星观测和大气成分分析。,"['Parker Solar Probe', 'FIELDS', 'Quasi‐Thermal Noise Spectroscopy', 'heliosphere', 'electron density']",Winry Ember;Marc Pulupa;Mihailo Martinović;John Bonnell;Mingzhe Liu;Stuart D. Bale,Electron Shot Noise on a Current Biased Antenna,"The Parker Solar Probe (PSP) Fields Experiment (FIELDS) uses Radio Frequency Spectrometer (RFS) data and Quasi‐Thermal Noise Spectroscopy (QTN) to determine the temperature and density of electrons in the heliosphere. The FIELDS antennas typically operate with a negative bias current. We quantify the effect of the bias current on the shot noise spectrum by comparing spectra with a nominal negative bias current and spectra with minimal bias. The observed increase in the shot noise spectrum is smaller than the value determined by calculating currents based on measured instrument and plasma parameters. We discuss possible reasons for this discrepancy, and describe how quantifying the effects of the applied bias current on the shot noise spectrum can enable more accurate QTN spectroscopy."
10.1029/2026GL123378,True,Geophysical Research Letters,该论文研究的是利用深度学习技术估计复杂地形中的风切变，这涉及到大气湍流和风场分析，与大气环境遥感技术中的空气质量监测、卫星观测等有间接关联，但主要关注点在于气象预测而非遥感技术本身。,"['deep learning', 'wind gust estimation', 'WRF model', 'atmospheric turbulence']",Aiwei Li;Jiahao Feng;Zilong Li;Jingjia Luo;Wenhao Dong;Deliang Chen;Wenyu Huang,A Deep‐Learning‐Based Wind Gust Estimation Scheme in Complex Terrain,"Accurate prediction of gusts is critical for risk mitigation, but the turbulent processes that generate gusts are unresolved in conventional numerical weather prediction models. Here we introduce a deep‐learning‐based wind gust estimation scheme (DL‐GUST) that uses archived diagnostics from the Weather Research and Forecasting (WRF) model within a long short‐term memory (LSTM) network as an offline, one‐way gust‐estimation framework. Evaluated over the northwestern inland region of China, DL‐GUST achieves a root‐mean‐square error (RMSE) of 1.98 m s−1 ${\mathrm{s}}^{-1}$ and a Pearson correlation coefficient (PCC) of 0.93 on an independent temporally separated test set. Relative to empirical, statistical, and physics‐based baseline methods, RMSE is reduced by 45%–60%, and by 50%–65% for the strongest gust events from the four test months. Additional validation over the European Alps and the southeastern coastal region of China shows useful but non‐uniform transfer skill across different surface environments and weather conditions."
10.1029/2026GL121874,False,Geophysical Research Letters,该论文研究的是辫状河的床地转换，主要关注河流动力学和地貌学，虽然使用了卫星图像，但与大气环境遥感技术（如空气质量监测、卫星观测、大气成分分析、气溶胶反演等）关系不大。,"['satellite imagery', 'braided rivers', 'bed turnover']",Safiya Alpheus;Elizabeth Hajek,Multivariate Controls on Bed Turnover in Braided Rivers,"Braided rivers with multiple threads exhibit variable, sometimes chaotic movements, making it difficult to characterize their mobility and identify the climate, tectonic, and land‐cover conditions that drive their behavior. Using 25 years of satellite imagery from 20 braided rivers, we measured “bed turnover”—successive conversions between land and water—within a channel belt that represent changes in channel‐thread configurations. Multivariate analysis comparing bed turnover to environmental factors (e.g., sediment supply, water discharge, and vegetation) shows that braided rivers group into three mobility styles associated with different combinations of conditions. Low Mobility systems are highly vegetated and have low sediment supplies. High Mobility systems are generally steep, have high bedload flux proportions and efficiently rework their channel networks. Variable Mobility systems commonly have seasonally variable water discharge and exhibit more channel‐margin/floodplain reworking than others. These results demonstrate the power of multivariate analysis for contextualizing and managing rivers."
10.1029/2026GL122338,True,Geophysical Research Letters,该论文利用卫星高度计观测数据研究了墨西哥湾暖流自2014年以来的快速表层强化现象，涉及卫星观测技术和大气环境变化，与大气环境遥感技术密切相关。,"['satellite altimeter observations', 'Gulf Stream', 'air–sea feedback']",Shenfu Dong;Marlos Goes;Denis Volkov;Sang‐Ki Lee;Hosmay Lopez,Rapid Surface Intensification of the Gulf Stream Since 2014,"The warm, swift Gulf Stream (GS) plays a key role in shaping weather and climate patterns across the North Atlantic. Using 31‐year (1993–2023) of continuous satellite altimeter observations, we identify a pronounced intensification of the free‐flowing GS after its separation from the coast beginning around 2014 and persisting thereafter, following a prolonged period (2005–2014) of weaker transport. This intensification coincides with a northward displacement and reduced meandering of the GS path, which appears to be linked to a spin‐up of the North Atlantic subtropical gyre. This gyre acceleration is largely driven by an increase in the negative wind stress curl, partially modulated by the two leading modes of atmospheric variability in the region: the North Atlantic Oscillation and the East Atlantic Pattern. Our analysis also suggests that GS intensification may have a local air–sea feedback leading to anomalous wind stress curl."
10.1029/2026JD046500,True,Journal of Geophysical Research: Atmospheres,该论文研究了可持续航空燃料对机尾卷云云量的区域和季节性变化的影响，涉及大气环境遥感技术中的空气质量监测、大气成分分析和气溶胶反演，因此与大气环境遥感技术密切相关。,"['contrail cirrus', 'sustainable aviation fuel', 'atmospheric general circulation model']",Cornelius Weiß‐Rehm;Ulrike Burkhardt,Regional and Seasonal Variability in Decreasing Contrail Cirrus Cloudiness Using Sustainable Aviation Fuel,"The impact of aviation induced contrail cirrus on Earth's radiation budget depends on the optical depth (OD) and the life time of these clouds. Their tendency to enhance global warming may be mitigated by replacing conventional kerosene with fuels that form fewer soot particles, such as sustainable aviation fuels (SAF). The resulting reduction in ice nucleation leads to lower contrail OD, shorter contrail life times and, hence, a lower radiative effect (RE). Here we investigate the regional and seasonal variability in the relationship between the reduction in soot number emissions and the associated reduction in the contrail cirrus RE. We use the atmospheric general circulation model ECHAM5‐CCMod to study the impact of replacing kerosene with SAF. The resulting reduction in contrail ice nucleation is largest in winter, when contrails form at ambient temperatures well below the contrail formation threshold. The reduction in contrail cirrus OD and RE, however, is small in winter. Hence, a large reduction in the initial ice crystal number cannot be directly translated into a large reduction of the RE. Instead, reducing ice nucleation is most effectively lowering the RE in seasons and areas in which contrails attain a large ice water content. Our model indicates, that the largest decline in the contrail cirrus RE per used SAF can be achieved over Europe or the North Atlantic flight corridor in autumn and over USA‐Mexico and the North Atlantic in summer."
10.1029/2026JD046675,True,Journal of Geophysical Research: Atmospheres,该研究使用TROPOMI卫星观测数据，分析了NOx和HCHO在大气中的分布及其对城市人口的影响，涉及大气成分分析和空气质量监测技术，与遥感技术密切相关。,"['TROPOMI', 'NO2', 'HCHO', 'CLASP', 'air quality monitoring']",Tabitha Lee;Yuxuan Wang;Eva‐Lou Edwards,"NOx and HCHO in Hot Extremes Observed From Space and Their Influences on Urban Populations: A Case Study in Houston, TX (USA)","Hot extremes have increased globally and on a regional scale. Traditional data processing methods to understand air quality changes in hot extremes may not adequately describe variations in directly emitted air pollutants like nitrogen oxides (NOx) or volatile organic compounds (VOCs) and their influence on secondary species such as ozone (O3). In Houston, TX (USA), the TROPOspheric Monitoring Instrument (TROPOMI) NO2 and HCHO columns observed an increase of 4.92% and 21.25%, respectively, in hot extremes, but the increase and resulting vulnerability on populations were not uniform spatially and temporally, which can go unrecognized. A clustering algorithm CLASP (CLustering of Atmospheric Satellite Products) was applied to capture variations and describe high magnitude features in TROPOMI observations on their spatial, magnitude, and temporal axes. CLASP qualified variations of NO2 and HCHO in hot extremes driven by biogenic and anthropogenic variables, by identifying increases in the magnitude and frequency of high magnitude hotspots in Houston. Population‐weighted TROPOMI columns together with CLASP inform how communities of color observe higher weighted population columns and experience a higher frequency and magnitude of NO2 and HCHO columns intensifying in hot extremes. Taking an observational approach to describe ozone air quality, we show how CLASP can help inform of variation captured in the TROPOMI column and identify limitations, highlighting the need to clarify how hot extremes affect ozone air quality in regions which may face exacerbated extremes."
10.1029/2026JD046970,True,Journal of Geophysical Research: Atmospheres,该论文研究的是TROPICS小卫星任务中TMS毫米波探测器的降水反演技术，并与GPM任务的多种传感器进行了对比，这直接关联到大气环境遥感技术中的降水监测和卫星观测。,"['TROPICS', 'TMS', 'PRPS', 'IMERG', 'precipitation retrieval']",Yayu Ma;Yalei You;Jihoon Ryu;Scott Braun;Daniel Watters;Jackson Tan;Robert Joyce;Chris Kidd;Toshihisa Matsui;George Huffman;William Blackwell,Assessing TROPICS SmallSat Precipitation for IMERG,"NASA's Time‐Resolved Observations of Precipitation structure and storm Intensity with a Constellation of Smallsats (TROPICS) mission provides rapid‐refresh microwave measurements through a low‐cost smallsat constellation, each equipped with the TROPICS Millimeter‐wave Sounder (TMS). To assess TROPICS‐derived precipitation for potential integration into the Global Precipitation Measurement (GPM) mission's Integrated Multi‐satellite Retrievals for GPM (IMERG), this study evaluates precipitation retrievals from four of the TROPICS satellites using Precipitation Retrieval and Profiling Scheme (PRPS), relative to the GPM radar‐radiometer combined product (2BCMB) over ocean and land, as well as five sensors in the GPM radiometer constellation, including two cross‐track scanning sensors [Advanced Technology Microwave Sounder (ATMS) and Microwave Humidity Sounder (MHS)], and three conical‐scanning sensors [Special Sensor Microwave Imager/Sounder (SSMIS), GPM Microwave Imager (GMI), and Advanced Microwave Scanning Radiometer 2 (AMSR2)]. Over ocean, the PRPS‐TMS precipitation intensity estimates correlate better (0.52–0.56) with 2BCMB than ATMS (0.39) and MHS (0.38), which exhibit unrealistic multi‐peak intensity distributions. However, TMS performs worse than conically scanning sensors, with greater bias, most likely due to the lack of low‐frequency channels and the availability of vertical and horizontal polarizations. Over land, TMS underestimates heavy precipitation to a greater extent than all sensors in the GPM constellation except SSMIS, with similar coarser spatial resolution. Furthermore, TMS retrievals show a clear scan‐position dependence, with performance degrading toward the swath edge. Among the four TMS sensors, precipitation detection performance and precipitation intensity estimation are generally consistent, with precipitation occurrence, correlation, and bias statistics all indicating stable retrieval performance throughout the TROPICS mission duration."
10.1029/2026JD046770,True,Journal of Geophysical Research: Atmospheres,该文章研究的是加勒比地区总大气沉降中的微量元素，涉及大气成分分析和自然与人为来源的区分，这与大气环境遥感技术（如空气质量监测、大气成分分析）密切相关。,"['trace elements', 'atmospheric deposition', 'isotopic signatures']",Yangjunjie Xu‐Yang;Rémi Losno;Céline Dessert;Fabrice Monna;Damien Guinoiseau;Antoine Cogez;Carmela Chateau‐Smith,Trace Elements in Total Atmospheric Deposition Directly Measured Over the Caribbean Region: Natural Versus Anthropogenic Sources and Geographic Origin,"Dust, sea salt, and anthropogenic and biogenic particles in total atmospheric deposition are sources of essential elements that can significantly impact biogeochemical cycles in the Atlantic Ocean and in islands of the Caribbean region. This unique 41‐month data set records direct sampling of total atmospheric deposition from March 2015 to August 2018 in Guadeloupe (North Tropical Atlantic Ocean). It quantifies the total atmospheric deposition fluxes of 33 trace elements. Results on deposition samples for Sr and Nd isotopic signatures are consistent with previous studies conducted in the Caribbean region based on aerosol samples, confirming that trans‐Atlantic Saharan dust originated predominantly in the Libya‐Algeria‐Mali region of North Africa. The REE composition is stable for the majority of samples, though some slight inter‐annual variation was observed. Samples collected in 2016 present slightly different REE patterns compared to those collected in 2015, 2017, and 2018. A large fraction of some trace elements (Se, Sb, Cu, Mo, As, and Pb) may come from biogenic sources or from atmospheric pollution occurring at the global level. Lead isotope ratios reveal a mixture of transatlantic dust from the Libya‐Algeria‐Mali region, and anthropogenic sources with no clearly defined region of origin. This result highlights the need for updated reviews of aerosol lead isotopic signatures worldwide. Backward trajectory analysis suggests that atmospheric pollution from North America and Europe may be a significant source of Sb, whereas biogenic gas from the Sargasso Sea may contribute to high levels of Se."
10.1029/2026JD046693,True,Journal of Geophysical Research: Atmospheres,该论文研究了青藏高原降水极端变化和持续性，使用了对流允许模型（ICON）进行模拟和预测，这与大气环境遥感技术中的空气质量监测、卫星观测、大气成分分析、气溶胶反演等密切相关。,"['precipitation extremes', ' ICON model', ' Tibetan Plateau', ' atmospheric model', ' air quality monitoring']",Yongjun Chen;Wenxia Zhang;Liwei Zou;Tianjun Zhou,Changes of Precipitation Extremes and Persistence Over the Tibetan Plateau Projected by a Convection‐Permitting Model,"Extreme precipitation has increased over many regions in recent decades, but the simulation and projection remain particularly challenging over complex terrains, such as the Tibetan Plateau (TP). Here, we investigate the future changes in precipitation extremes and persistence over the TP using a kilometer‐scale (3.3 km) convection‐permitting ICON (Icosahedral Nonhydrostatic Weather and Climate Model) model, focusing on comparisons with coarser‐resolution CMIP6 models. Evaluated against station observations, ICON systematically improves the simulation of daily precipitation characteristics, including dry‐day frequency, extreme precipitation and precipitation persistence, reducing root mean square errors by up to ∼10%–94% compared to ERA5 and the CMIP6 ensemble. To project future changes, the pseudo‐global warming (PGW) method is used for ICON, driven by large‐scale climate change signals from the CMIP6 ensemble mean. Both ICON PGW and CMIP6 project qualitatively consistent signals, including increasing extreme precipitation over almost the entire TP and, over the southeastern TP, more dry days and more frequent but shorter precipitation events. Despite consistent signs, ICON PGW suggests a drier southeastern TP than CMIP6, with larger increases in dry days, smaller increases in extreme precipitation and event frequency, and a larger reduction in event duration. The systematic drier future in ICON compared to CMIP6 are linked to projected weakened low‐level summer mean southwesterlies south of the TP, which suppress moisture transport into the interior southeastern TP and thus, reduce both daily and extreme precipitation. As water from southeastern TP affects downstream populations closely, these results provide more reliable projections for future risk assessments."
10.1038/s41467-026-76943-0,False,Nature Communications,该论文主要研究地球内部矿物学，特别是davemaoite在地球下地幔中的分布和性质，与大气环境遥感技术（如空气质量监测、卫星观测等）没有直接关系。,"['davemaoite', 'lower mantle', 'seismic constraints']",Ming Hao;Motohiko Murakami;Pinku Saha;Nicolas Guignot,Depletion of davemaoite in Earth’s ambient lower mantle,"Davemaoite remains cubic throughout most of the lower mantle and exhibits intrinsically low shear-wave velocities. Seismic constraints indicate that it is depleted in the ambient lower mantle but enriched within LLSVPs, likely as a result of late-stage crystallization during magma-ocean differentiation. 
 The mineralogy of the Earth’s lower mantle is fundamental to understanding the planet’s formation, composition, evolution, and dynamics. However, uncertainties in the elastic properties and phase transitions of CaSiO₃ davemaoite—the third most abundant phase in a pyrolitic lower mantle—have hindered quantitative links between seismic observations and lower-mantle mineralogy. Here we combine Brillouin spectroscopy with resistively heated diamond anvil cell experiments to measure the sound velocities of CaSiO₃ davemaoite up to 80 GPa and 973 K. We show that the tetragonal–cubic phase transition occurs below 900 K throughout the entire lower mantle. Fitting the thermoelastic properties of cubic davemaoite reveals substantially reduced shear-wave velocities at deep lower-mantle conditions. Because of these intrinsically slow velocities, increasing bridgmanite abundance alone cannot reconcile seismic observations for a normal lower mantle containing even small amount of davemaoite. Our results therefore suggest that davemaoite is depleted in the ambient lower mantle but concentrated within LLSVPs, likely as a consequence of late-stage crystallization during magma-ocean differentiation. Davemaoite remains cubic throughout most of the lower mantle and exhibits intrinsically low shear-wave velocities. Seismic constraints indicate that it is depleted in the ambient lower mantle but enriched within LLSVPs, likely as a result of late-stage crystallization during magma-ocean differentiation."
10.1038/s41467-026-76743-6,True,Nature Communications,该论文研究了使用结构化太赫兹光束（携带轨道角动量）进行大气湍流传感的方法。太赫兹技术在环境遥感中的应用，特别是大气成分分析和湍流监测，使其与大气环境遥感技术密切相关。,"['terahertz', 'orbital angular momentum', 'atmospheric turbulence', 'remote sensing', 'water vapor monitoring']",Ruiyi Shen;Miranda van Iersel;Yasaman Ghasempour,Atmospheric turbulence sensing with structured terahertz beams containing orbital angular momentum,"This study introduces a method using structured THz-OAM beam to detect clear air turbulence. It overcomes optical limits by resisting saturation and misalignment, enabling robust turbulence strength sensing, hazard localization, and water vapor monitoring. 
 Clear-air turbulence poses a persistent hazard to aviation, yet it evades conventional weather radar and remains difficult to detect. Existing optical sensing methods falter under severe turbulence and are extremely vulnerable to misalignment between airborne nodes. Here we introduce an atmospheric sensing scheme built on structured terahertz (THz) beams carrying orbital angular momentum (OAM). We derive and experimentally validate an analytical model that maps turbulence-induced OAM modal crosstalk to the refractive index structure constant of the atmosphere. Our simulations and experiments demonstrate that this THz-OAM approach remains robust under severe turbulence where optical systems saturate, and offers orders-of-magnitude greater misalignment resilience. Furthermore, this scheme also enables localization of the dominant turbulent clusters through understanding the interaction of diverging THz-OAM beams with the turbulent medium in the reciprocal propagation paths and simultaneously monitoring water vapor to identify turbulence precursors. This work establishes structured THz-OAM beams as a robust framework for remote atmospheric turbulence inference. This study introduces a method using structured THz-OAM beam to detect clear air turbulence. It overcomes optical limits by resisting saturation and misalignment, enabling robust turbulence strength sensing, hazard localization, and water vapor monitoring."
10.1038/s41467-026-76777-w,True,Nature Communications,该论文研究了氮在实现全球可持续发展目标中的作用，重点关注了氮的摄入和释放对空气质量、环境组成等的影响，这与大气环境遥感技术中的空气质量和大气组成分析密切相关。,"['nitrogen release', 'air quality', 'atmospheric composition', 'SDGs']",Yi Zhou;Xiuming Zhang;Yiyang Zou;Chen Wang;Xin Xu;Baojing Gu,Quantifying the role of nitrogen in achieving global Sustainable Development Goals,"Balanced nitrogen intake and lower nitrogen releases are linked to progress across the Sustainable Development Goals, helping align human well-being with environmental protection and highlighting the need for context-specific nitrogen management. 
 Achieving the 2030 Sustainable Development Goals (SDGs) requires balancing well-being with environmental protection, yet the role of nitrogen across these goals remains poorly understood. Here, we show how dietary nitrogen intake and nitrogen release to air and water are associated with SDG progress across 166 countries from 2000 to 2022. Higher per-capita nitrogen intake is positively associated with social and economic SDGs, whereas nitrogen release is negatively associated with environmental goals. Economic development is linked to improved SDG performance but also to greater dietary nitrogen demand and nitrogen losses, while warming is associated with pressure on food systems and nitrogen management. Nitrogen-related factors account for 38% of the variation in SDG scores, compared with 34% for climatic conditions and 28% for socio-economic factors. These findings identify nitrogen management as a cross-cutting component of sustainable development and support strategies that align food security, pollution control and climate adaptation across development contexts. Balanced nitrogen intake and lower nitrogen releases are linked to progress across the Sustainable Development Goals, helping align human well-being with environmental protection and highlighting the need for context-specific nitrogen management."
10.1038/s41467-026-76407-5,False,Nature Communications,该论文研究的是海洋转换断层中的地震机制和力学控制，与大气环境遥感技术（如空气质量监测、卫星观测、大气成分分析、气溶胶反演）无关。,[],Fengzhou Tan;Wenyuan Fan;Peter M. Shearer;Mark D. Behn;Jeffrey J. McGuire,Focal mechanism variations reveal mechanical controls on segmentation at oceanic transform faults,"The authors use thousands of small earthquakes to show that variations in fault zone strength control segmentation of oceanic transform faults and their distinct slip behaviors. 
 Oceanic transform faults (OTFs) exhibit concurrent slip behaviors, with creep and characteristic earthquakes on localized patches. At the Gofar transform fault on the East Pacific Rise, magnitude 5.5+ earthquakes are bounded by creeping segments that act as persistent rupture barriers, yet the physical controls on this segmentation remain unclear. Here, from one year of ocean bottom seismometer data, we develop a focal mechanism catalog of 2323 earthquakes on the westernmost Gofar transform fault. This catalog enables robust statistical analyses of along-strike variations in faulting type and mechanical properties. Pure strike-slip earthquakes comprise  ~31% of events; oblique earthquakes are pervasive; pure reverse and normal events also exist. Faulting types correlate with seismicity-inferred fault segmentation, with reverse and oblique-reverse events clustering in rupture barriers. Coulomb failure modeling shows that the pattern is diagnostic of elevated pore-fluid pressure and mechanical weakness within the barriers. The 2008 M6 mainshock increased focal mechanism diversity across the fault, indicating widespread activation of secondary structures through the seismic cycle. Comparisons with the Blanco and Chain transform faults suggest diverse faulting and along-strike mechanism clustering may be common OTF features, implying that local mechanical properties govern segmentation. The authors use thousands of small earthquakes to show that variations in fault zone strength control segmentation of oceanic transform faults and their distinct slip behaviors."
10.1038/s41467-026-76685-z,False,Nature Communications,该论文研究的是神经炎症与视网膜退化的关系，涉及CD36介导的脂质积累和NLRP3-IL-1β通路，与大气环境遥感技术（如空气质量监测、卫星观测、大气成分分析、气溶胶反演）无关。,[],Tian Zhou;Ziqi Yang;Hong Zhou;Biyan Ni;Yang Zhou;Jingpeng Li;Minglu Ma;Huaicheng Wang;Peng An;Huiyi Xu;Xiaojing Lin;Shiya Lin;Shasha Wang;Shida Chen;Lixia Lin;Xialin Liu;Chang He,CD36-mediated lipid-accumulation in reactive microglia contributes to retinal degeneration via the NLRP3-IL-1β pathway in mice,"Metabolic stress can reshape immune cells into drivers of tissue damage. This study identifies CD36-driven lipid accumulation in reactive microglia as a mechanism linking retinal inflammation to degeneration. 
 Microglia are central regulators of retinal immune homeostasis, yet their pathogenic states in retinal degeneration remain less well understood. Here we identified a distinct subset of lipid-accumulated reactive microglia (aLARM), using scRNA sequencing and spatial transcriptomics in NaIO3-induced retinal degeneration mice, predominantly localized to the outer retina. aLARM were conserved across mouse models and patients and uniquely marked by high CD36 expression. Microglia-specific CD36 deletion abolished aLARM-mediated inflammation and degeneration, whereas subretinal transplantation of CD36+ aLARM exacerbated retinal structural destruction and functional impairment. Mechanistically, CD36+ aLARM activated NLRP3 inflammasome and produced IL-1β, engaging IL-1R1 on microglia/macrophages and pericytes/SMCs to amplify a feed-forward inflammatory circuit. Therapeutic CD36 blockade with the neutralizing antibody FA6-152 reduced aLARM formation and protected against neurodegeneration. Together, our findings highlight CD36+ aLARM as a targetable pathogenic microglial population linking neuroinflammation to retinal degeneration, providing a potential foundation for microglia-based precision therapies. Metabolic stress can reshape immune cells into drivers of tissue damage. This study identifies CD36-driven lipid accumulation in reactive microglia as a mechanism linking retinal inflammation to degeneration."
10.1038/s41467-026-76720-z,False,Nature Communications,该论文主要研究的是小行星Ryugu和Bennu中的原始同位素异质性，这与大气环境遥感技术（如空气质量监测、卫星观测、大气成分分析、气溶胶反演）没有直接关系。论文关注的是太阳系形成的早期历史和物质组成，而非大气环境监测技术。,"['asteroid', 'isotopic heterogeneity', 'planetary formation']",Martin Bizzarro;Martin Schiller;Elishevah van Kooten;Isaac J. Onyett;Wei Dai;Yuki Masuda;James N. Connelly;Frédéric Moynier;Tetsuya Yokoyama;Maria Schönbächler;Jessica J. Barnes;Ann N. Nguyen;Harold C. Connolly Jr.;Dante S. Lauretta,Ryugu and Bennu preserve primordial isotopic heterogeneity absent from the meteorite record,"Samples returned from Ryugu and Bennu preserve primordial isotopic heterogeneity in major planet-building elements that is not represented in meteorite collections. 
 Ivuna-type (CI) carbonaceous chondrites are commonly used as proxies for the composition of the planet-forming disk because their chemical abundances resemble those of the solar photosphere. However, their isotopic uniformity may reflect pervasive alteration and isotopic averaging rather than preservation of the earliest Solar System reservoirs. Here we show that samples returned from the asteroids Ryugu and Bennu preserve isotopic heterogeneity in major planet-building elements, including magnesium, silicon, and iron, that is absent from CI chondrites and unresolved in other meteorites. These signatures reveal isotopically distinct components that are absent from, or homogenized in, known CI chondrites. We infer that Bennu and Ryugu retain a record of primordial isotopic diversity that was not completely homogenized during disk and parent-body processing. Thus, returned asteroid samples provide access to previously unsampled Solar System material that preserves early isotopic components not fully represented in the meteorite record. Samples returned from Ryugu and Bennu preserve primordial isotopic heterogeneity in major planet-building elements that is not represented in meteorite collections."
10.1038/s41467-026-76532-1,False,Nature Communications,该论文主要研究有机太阳能电池的效率提升，涉及分子结构和光物理性质的优化，与大气环境遥感技术（如空气质量监测、卫星观测、大气成分分析、气溶胶反演）无明显直接关联。,"['organic solar cells', 'photoluminescence', 'molecular packing']",Nan Wei;Tong Sun;Hao Lu;Xiaodong Wang;Xueqing Ma;Jiahe Zhang;Bohan Shang;Jieni Chen;Wenkai Zhang;Ming Fan;Yukun Xia;Zaifei Ma;Xiangwei Zhu;Zhishan Bo;Yahui Liu,Achieving Near 21% Efficiency Organic Solar Cells through Controlled Packing of Fused-Ring Electron Acceptors,"Non radiative energy loss remains a challenge in non-fullerene organic solar cells. Wei et al. introduce chlorobenzene-functionalized acceptors that exhibit enhanced photoluminescence quantum yield with a distinct molecular packing mode, enabling a power conversion efficiency of 20.92%. 
 Non-radiative energy loss remains a challenge in organic solar cells. Here we show that introducing bulky chlorobenzene moieties at the end of inner side chains yields two acceptor materials, Y6-2Cl and Y6-4Cl. The introduction of chlorobenzene groups enhances the solubility, while also boosting the photoluminescence quantum yield and inducing a distinct molecular packing mode in Y6-2Cl and Y6-4Cl. Rather than following the conventional three-dimensional network structure observed in Y-series acceptors, these materials form a highly ordered, array-like arrangement while maintaining excellent crystalline characteristics. This unique structural feature not only preserves high charge-transport properties but also optimizes aggregation behavior and morphology of the active layers. The D18:Y6-2Cl binary device demonstrates a PCE of 20.0%. The ternary device composed of D18:L8-BO:Y6-2Cl achieves a PCE of 20.92%, accompanied by a fill factor of 82.93%. Overall, the side-chain functionalization strategy proposed in this study offers a direction for developing high-performance non-fullerene acceptors. Non radiative energy loss remains a challenge in non-fullerene organic solar cells. Wei et al. introduce chlorobenzene-functionalized acceptors that exhibit enhanced photoluminescence quantum yield with a distinct molecular packing mode, enabling a power conversion efficiency of 20.92%."
10.1038/s41467-026-76796-7,False,Nature Communications,该论文研究的是细胞内OTUB1蛋白的磷酸化机制与自噬启动的关系，与大气环境遥感技术（如空气质量监测、卫星观测、大气成分分析、气溶胶反演）无关。,[],Liangbo Sun;Meng He;Dong Liu;Jiahong Liu;Meihua Shan;Mingzhen Yang;Yan Zhang;Xufang Dai;Jie Yao;Yanhao Zhang;Haojun Xiong;Fengtian He;Jiqin Lian,Phosphorylation of OTUB1 promotes autophagy initiation under starvation,"This study uncovers a phosphorylation-dependent regulatory mechanism controlling OTUB1’s function in nutrient deficiency-triggered autophagy initiation, providing cellular and molecular evidence supporting the therapeutic potential of fasting in alleviating MASLD. 
 Eukaryotes initiate autophagy in response to environmental challenges such as nutrient deprivation. However, the mechanisms governing autophagy initiation remain incompletely understood. Here, we demonstrated that OTUB1 phosphorylation plays a key role in starvation-induced autophagy initiation. Specifically, ERK phosphorylates OTUB1 at S118 during starvation. This phosphorylation enables competitive binding of ANXA2 to OTUB1, disrupting its interaction with TRIM29 and enhancing OTUB1 stability. Stabilized OTUB1 upregulated DEPTOR, thereby inhibiting mTOR and inducing autophagy. Furthermore, in vivo studies reveal that fasting-induced OTUB1-mTOR-autophagy axis counteracted Western diet-mediated mTOR activation by restoring ERK-dependent OTUB1 phosphorylation, ultimately ameliorating MASLD progression. Collectively, this study uncovers a phosphorylation-dependent regulatory mechanism controlling OTUB1’s function in nutrient deficiency-triggered autophagy initiation, providing cellular and molecular evidence supporting the therapeutic potential of fasting in alleviating MASLD. This study uncovers a phosphorylation-dependent regulatory mechanism controlling OTUB1’s function in nutrient deficiency-triggered autophagy initiation, providing cellular and molecular evidence supporting the therapeutic potential of fasting in alleviating MASLD."
10.1038/s41558-026-02691-0,False,Nature Climate Change,该论文主要关注城市净零排放目标的残余排放策略，虽然涉及碳排放和移除，但并未直接涉及大气环境遥感技术，如空气质量监测、卫星观测或大气成分分析等。,"['net-zero', 'residual emissions', 'carbon removal']",Giulia Ulpiani;Quirina Rodriguez Mendez;Valeria Todeschi;Gema Hernandez Moral;Nadja Vetters;Marco Pittalis;Sabine Fuss;Christiaan Gevers Deynoot;Felix Creutzig,Empirical insights into residual emissions in urban net-zero targets,"Although many cities have set net-zero targets, there is limited understanding of their residual emissions strategies. An analysis of 103 European cities reveals best practices but also a potential over-reliance on temporary land-based carbon removal and the limited robustness of compensation strategies. 
 Cities increasingly pledge net-zero emissions targets, but the robustness of their residual emissions strategies remains uncertain. We examine the approaches of 103 European cities aiming at net zero by 2030. Total residual emissions are 61.4 MtCO2e originating mostly from buildings and transport, with the median at 0.8 tCO2e per capita, indicating a rapid decarbonization process. All municipal strategies rely on temporary, land-based CO2 removal, then carbon credits (40%) and permanent CO2 removal (32%). We develop the residual emissions strategy robustness index to assess the robustness of compensation strategies, indicating that the current maturity is medium-low with notable geographical disparities. Although cities invest in options mapping and governance, little attention is paid to land availability, the potential of the urban fabric to become a distributed carbon sink, provisions against carbon reversals, monitoring, timing and quantification (estimates cover only 18% of total residual emissions). We also distil recommendations and best practices to address residual emissions. Although many cities have set net-zero targets, there is limited understanding of their residual emissions strategies. An analysis of 103 European cities reveals best practices but also a potential over-reliance on temporary land-based carbon removal and the limited robustness of compensation strategies."
10.1038/s41612-026-01513-6,True,npj Climate and Atmospheric Science,该论文研究了利用动力学深度学习模型进行ENSO（厄尔尼诺-南方涛动）的预测，ENSO是一种主要的年际气候变率模式，对全球社会经济和生态有深远影响。虽然涉及气候预测，但其方法与大气环境遥感技术（如空气质量监测、卫星观测、大气成分分析、气溶胶反演）没有直接关系，因此相关性较弱。,"['ENSO prediction', 'dynamical-deep learning', 'climate variability']",Mingyu Wang;Jianping Li,Skillful and interpretable ENSO prediction via a glass-box dynamical-deep learning model,"Skillful and interpretable ENSO prediction via a glass-box dynamical-deep learning model 
 The El Niño–Southern Oscillation (ENSO) is a dominant mode of interannual climate variability with profound global socioeconomic and ecological impacts1–3. Skillful long-lead prediction of ENSO is critical but remains hindered by nonlinear ocean–atmosphere coupling and the formidable spring predictability barrier (SPB)4–6. While recent deep learning models have shown promise in extending ENSO forecasts beyond a lead time of one year, they largely operate as opaque “black boxes” that mask underlying physical mechanisms. Here we leverage dynamical system deep learning (DSDL)7,8 to construct a fully transparent, multivariate “glass-box” ENSO prediction model. Our model achieves skillful predictions up to 19 months ahead, robustly circumventing the SPB and significantly outperforming state-of-the-art models. Notably, it successfully hindcasts the onset, intensity, and decay of the 2015–2016 super El Niño event more than a year in advance, even when initialized during the boreal spring. Physical interpretation reveals that the “glass-box” DSDL model functions as a multi-basin synergistic prediction framework, which further predicts a potential super El Niño development in 2026–2027. By rendering all model terms explicit, this approach transforms the “black box” into a physically accountable dynamical system, representing a fundamental advance in interpretable climate forecasting."
10.1038/s41612-026-01514-5,True,npj Climate and Atmospheric Science,该论文研究的是地中海背景站点上 PM0.1 颗粒的高时序化学成分分析，涉及空气质量和大气成分分析，与大气环境遥感技术（如空气质量监测、大气成分分析）密切相关。,"['PM0.1', 'chemical characterization', 'SO2-driven new particle formation']",Georgia A. Argyropoulou;Christina N. Vasilakopoulou;Kalliopi Florou;Andreas Aktypis;Christos Kaltsonoudis;Angeliki Matrali;Katerina Seitanidi;Manousos Manousakas;Kostantinos Eleftheriadis;Spyros N. Pandis,High-temporal-resolution chemical characterization of PM<sub>0.1</sub> at a Mediterranean background site,"High-temporal-resolution chemical characterization of PM<sub>0.1</sub> at a Mediterranean background site 
 Ultrafine particles can penetrate sensitive human organs and are strongly associated with adverse health effects. This study presents the first high-temporal-resolution chemical characterization of PM0.1 at a Mediterranean background site under conditions in which photochemistry and transport are dominant processes. PM0.1 mass averaged 0.5 μg m−3 and exhibited sharp midday increases from frequent SO2-driven new particle formation events occurring within 50 km of the site. PM0.1 exhibited weak correlation (R2 = 0.25) with PM1, though organic aerosol and sulfate dominated both. Elemental analysis identified elevated Ca and Fe in PM0.1, potentially linked to shipping, whereas PM2.5 Ca was mostly associated with dust/soil. Volcanic plumes from Mt. Etna (750 km away) were also captured. During these events, SO2 levels increased tenfold and were accompanied by elevated levels of Zn, Pb, and As in PM0.1, indicating persistence of heavy metals in PM0.1 even over long-range transport."
10.1038/s41612-026-01512-7,True,npj Climate and Atmospheric Science,该论文研究人为排放减少对非洲春季沙尘的影响，涉及气溶胶光学厚度（AOD）和大气成分分析，与大气环境遥感技术（如空气质量监测、卫星观测）密切相关。,"['dust', 'aerosol optical depth (AOD)', 'anthropogenic emissions', 'atmospheric composition', 'mineral dust']",Lin Liu;Zhili Wang;Deying Wang;Yadong Lei;Junting Zhong;Xiaochao Yu;Lifeng Guo;Xiaoye Zhang,Anthropogenic emissions mitigation weakens projected springtime dust intensification in Africa,"Anthropogenic emissions mitigation weakens projected springtime dust intensification in Africa 
 Mitigation of anthropogenic emissions can influence mineral dust not only by limiting global warming but also by reshaping regional circulation and hydroclimate. Here, we use fully coupled CESM2.1.3 simulations to compare future African springtime dust under a China-aligned global emissions pathway consistent with the Paris Agreement’s 2 °C target (SSP2-com) and a baseline experiment in which anthropogenic emissions are held at their 2023 levels (Fix2023). By the late twenty-first century, dust aerosol optical depth (AOD) increases over much of Africa in both experiments, but the increase is substantially weaker over the southern Sahara–Sahel region under SSP2-com. Within the main 10°–20°N source belt, Fix2023 produces a stronger North Africa–North Atlantic thermal contrast, a larger circulation response, and greater strengthening of low-level easterly winds, favoring dust mobilization and transport. Farther south, where the correspondence between local wind and dust AOD is weaker, smaller increases in the frequencies of high-temperature and dry days under SSP2-com point to a complementary hydroclimatic influence through meteorological conditions conducive to surface drying. The regional contrast therefore reflects spatially heterogeneous dynamical and hydroclimatic processes rather than a uniform wind-speed control. These results demonstrate that a mitigation pathway aligned with the 2 °C target can substantially limit projected African springtime dust intensification."
10.1038/s41612-026-01504-7,True,npj Climate and Atmospheric Science,该论文研究欧洲极端温度和降雨的气候模型降尺度，涉及气候变量和区域气候信息，与大气环境遥感技术中的空气质量监测、卫星观测和大气成分分析相关，因此相关性较强。,"['climate model downscaling', 'temperature', 'rainfall']",Mira Hulkkonen;Akash Deshmukh;Tero Mielonen;Ian G. Brosnan;Taejin Park;Hugo Lee;Weile Wang;Bridget Thrasher;Jessica L. McCarty;Harri Kokkola;Anton Laakso,Europe’s extreme temperatures and rainfall in finer detail: strengths and limits of climate model downscaling,"Europe’s extreme temperatures and rainfall in finer detail: strengths and limits of climate model downscaling 
 Climate extremes in Europe are becoming increasingly frequent and severe, heightening the need for reliable regional climate information to support preparedness and adaptation. Downscaled climate model (DCM) products are widely used for this purpose. Yet, their accuracy relative to global climate models (GCMs) and observations remains uncertain, particularly for extremes. We evaluated DCM ensembles (EURO-CORDEX, NEX-GDDP-CMIP6, GDPCIR) against GCMs (CMIP5, CMIP6) and reanalysis datasets (ERA5, GMFD), using gridded observational data (E-OBS) as reference. Model accuracy was assessed for mean and extreme temperature and precipitation across Europe using complementary metrics that quantify distributional accuracy, pointwise agreement, and bias magnitude and direction. The results show that downscaling can add details to and increase the accuracy of modeled climate variables in Europe. Statistically downscaled and bias-corrected products NEX-GDDP-CMIP6 and GDPCIR generally outperform their driving GCM for mean and extreme temperature, and for mean precipitation, whereas gains for extreme precipitation are limited. Compared to E-OBS, the dynamically downscaled ensemble EURO-CORDEX exhibits some strong regional biases, notably for temperature. No single dataset performs best in all regions. Across datasets, accuracy is reduced in areas with complex terrain (mountains and coastlines). Uncertainties of the observational benchmark further complicate the evaluation. Our findings highlight both the value and limitations of climate model downscaling: while DCMs provide critical fine-scale information, their reliability is variable- and region-dependent, with extreme precipitation and conditions in complex terrain remaining particularly difficult to capture."
10.1038/s41612-026-01505-6,True,npj Climate and Atmospheric Science,该论文研究了东亚温度变化中外部强迫和内部变率的不同季节性作用，涉及大气温度变化的分析，与大气环境遥感技术中的区域气候监测和大气组成分析相关。,"['external forcing', 'internal variability', 'East Asian temperature', 'climate reconstruction', 'atmospheric variability']",Zhiyuan Wang;Laurent Li;Jianglin Wang;Kai Li,Contrasting seasonal roles of external forcing and internal variability in East Asian temperature,"Contrasting seasonal roles of external forcing and internal variability in East Asian temperature 
 How to reliably separate external forcing (EXF) and internal variability (IV) components of regional temperature variation is of critical importance in East Asia. We implement here an EOF-based semi-empirical framework to avoid spurious teleconnections often present with conventional methods. By combining observations (1901–2020) with CESM2 large ensemble simulations, we obtain seasonally-contrasted results in summer versus winter, and EXF versus IV. It is shown that EXF drives uniform warming in summer but a north–south contrast in winter, while IV produces the opposite. EXF dominates summer variations (68%), but shares a comparable role with IV (57% against 43%) in winter. The widely reported winter Atlantic Multidecadal Oscillation influence is statistically unstable and sensitive to incomplete EXF extraction, indicating a fragile long-term relationship rather than a robust physical teleconnection. The true winter IV is robustly linked to the Interdecadal Pacific Oscillation and the Warm Arctic–Cold Continents pattern. These results raise new challenges for regional climate reconstruction and attribution."
10.1038/s41612-026-01497-3,True,npj Climate and Atmospheric Science,该论文研究海洋-季风远程联系以及ENSO对印度夏季季风降雨的影响，涉及大气环境中的海洋和大气相互作用，与大气环境遥感技术（如气候监测、海洋温度观测）密切相关。,"['ocean–monsoon teleconnections', 'ENSO', 'Indian summer monsoon rainfall']",Kalpesh R. Patil;Swadhin Behera;Toshio Yamagata,Multi-decadal evolution of ocean–monsoon teleconnections and the resurgence of ENSO influence on Indian summer monsoon rainfall,"Multi-decadal evolution of ocean–monsoon teleconnections and the resurgence of ENSO influence on Indian summer monsoon rainfall 
 Understanding the variability of the Indian Summer Monsoon Rainfall (ISMR) is crucial for anticipating regional climate impacts. This study demonstrates the ISMR’s strong large-scale oceanic teleconnections, particularly with the El Niño-Southern Oscillation (ENSO) whose influence was relatively weak in earlier decades but has intensified in the current decade. By applying sliding correlations between the ISMR index and gridded ocean temperatures over 11-year windows, the study identifies dominant recurrent teleconnection patterns. A machine learning technique is then used to isolate statistically significant robust modes of variability. These patterns connect with ISMR with the phases of active and inactive periods over time. The analysis reveals new and confirms known teleconnections. Notably, revealing signals from the southern/eastern Indian Ocean and the equatorial/northern Atlantic primarily affect southern and western India, highlighting regional variations in monsoon response. Also, the influence of the tropical Pacific, both at the surface and subsurface levels, appears to be resurging, contrary to earlier studies that suggested it was weakening. These findings provide new insights and stress the need to keep monitoring large-scale oceanic influences to improve seasonal forecasts and climate risk assessments in South Asia."
10.1038/s41612-026-01503-8,True,npj Climate and Atmospheric Science,该论文研究了城市 PM2.5 中水溶性有机物的分子演变及其热力学过程，这与大气环境遥感技术中的空气质量监测和大气成分分析密切相关。论文使用了高分辨率质谱技术来分析有机物，这在大气环境遥感技术中也是常用的方法。,"['PM2.5', 'water-soluble organic matter', 'ultrahigh-resolution Fourier transform ion cyclotron resonance mass spectrometry']",Ning Yang;Hong Ren;Yufei Liu;Lingyan Fu;Ben Xiong;Pingqing Fu,Thermodynamic insights into the molecular evolution of water-soluble organic matter in suburban PM<sub>2.5</sub>,"Thermodynamic insights into the molecular evolution of water-soluble organic matter in suburban PM<sub>2.5</sub> 
 Water-soluble organic matter (WSOM) is a major aerosol component, yet its seasonal molecular variability and thermodynamic evolution remain poorly understood. Here, WSOM extracted from fine particulate matter (PM2.5) collected across four seasons in humid suburban Chongqing was analyzed using ultrahigh-resolution Fourier transform ion cyclotron resonance mass spectrometry. Carboxyl-rich alicyclic molecules and aliphatic compounds were key contributors to seasonal differences in molecular composition, with autumn and winter WSOM exhibiting broader combustion-enthalpy distributions than spring and summer WSOM. Biomass burning and fatty-acid-rich primary emissions contributed more in autumn and winter, consistent with enhanced accumulation during cold-humid pollution episodes. Furthermore, six distinct molecular transformation pathways were identified as pollution levels increased. Among these, methylation/demethylation, hydrogenation/dehydrogenation, and hydroxylation/dehydroxylation accounted for approximately 86.8% of transformations, whereas sulfation/desulfation showed the strongest thermodynamic sensitivity. These findings provide molecular-level insights into the seasonal evolution of WSOM in suburban PM2.5, offering a scientific basis for suburban air pollution control."
10.1038/s41612-026-01507-4,True,npj Climate and Atmospheric Science,该论文研究了合成UV滤光剂对大气加热的影响，涉及大气成分分析和空气质量的监测，因此与大气环境遥感技术相关。,"['atmospheric heating', 'synthetic UV filters', 'air quality monitoring', 'atmospheric composition analysis']",Yining Xue;Ruoqi Li;Zhiwanxin Li;Junjie Zhang;Yutao Jiao;Shengli Cao;Zhao Yue;Hongwen Sun;Shaojie Song;Lei Wang,Synthetic UV filters: a previously unrecognized atmospheric heating agent,"Synthetic UV filters: a previously unrecognized atmospheric heating agent 
 Although atmospheric brown carbon exerts warming effects by absorbing shortwave radiation, its sustainability is limited by photobleaching. In contrast, synthetic ultraviolet (UV) filters can dissipate absorbed UV radiation as thermal energy and retain structural stability. However, their atmospheric heating effects remain poorly understood. We designed a vacuum calorimetric chamber to quantify the heating potential (HP) of synthetic UV filters. The HP of four typical synthetic UV filters was 12–31 W mg−1, greatly exceeding that of p-coumaric acid (5.39 W mg−1), a natural UV filter, and 4-nitrocatechol (6.36 W mg−1), a widespread brown carbon chromophore. Unlike p-coumaric acid, which undergoes photobleaching, synthetic UV filters maintain stable HP under UV radiation. Although four synthetic UV filters constituted only 0.02‰–0.35‰ of the total atmospheric organic matter (AOM), they collectively contributed 1.6–39.5‰ to the HP of AOM. Based on global consumption of synthetic UV filters, preliminary projections indicate that Temperate North America, Central Asia, and Boreal North America are key regions highly susceptible to atmospheric heating induced by these chemicals. Synthetic UV filters are non-negligible anthropogenic contributors to atmospheric heating, shedding new light on an unrecognized climate forcing agent."
10.1038/s43247-026-03929-7,False,Communications Earth & Environment,该论文主要关注的是人类需求和可及性对可持续发展及移民的影响，虽然提到了SDGs（可持续发展目标）和人类需求层次理论，但并未涉及大气环境遥感技术、空气质量监测、卫星观测等与大气环境相关的具体技术或领域。,"['SDGs', ""Maslow's hierarchy"", 'migration data']",Ting Zhou;Chunlin Huang;Fanglei Zhong;Xiaoyu Song;Jinliang Hou;Ying Zhang;Xin Li;Huadong Guo,Need-responsive accessibility supports equitable sustainable development and reshapes migration as evolving human needs,"Accessibility in China rose from 2000 to 2020, and east-west disparities narrowed, system coordination improved while migration motives shifted toward self-actualization needs, according to an analysis that uses a needs-responsive accessibility framework integrating SDGs, Maslow’s hierarchy, and migration data. 
 Realizing the Sustainable Development Goals’ commitment to “leave no one behind” requires accessibility that responds to evolving human needs, yet prevailing accessibility assessments remain static and sector-specific, overlooking hierarchical need evolution and behavioral feedback. We develop a Needs-responsive Accessibility Framework that integrates Maslow’s hierarchy with the Sustainable Development Goals to assess accessibility across five need tiers and their coupling coordination degree in China (2000–2020). By incorporating migration data, the framework further reveals accessibility-migration interactions. Results show that national accessibility increased by 21.26 points, corresponding to a compound annual growth rate of 3.39%, with development priorities shifting from physiological to higher-order needs—echoing Maslow’s theory. Meanwhile, east-west disparities narrowed and coupling coordination degree improved from 0.41 (uncoordinated) to 0.71 (moderately coordinated), indicating a more balanced human-need system. Migration motives likewise evolved from material to self-actualization needs, whose contribution rose from 20% to 45% as higher-order opportunities improved. These findings establish a demand-oriented framework for designing more inclusive sustainable strategies, particularly in resource-constrained regions. Accessibility in China rose from 2000 to 2020, and east-west disparities narrowed, system coordination improved while migration motives shifted toward self-actualization needs, according to an analysis that uses a needs-responsive accessibility framework integrating SDGs, Maslow’s hierarchy, and migration data."
10.1038/s43247-026-03928-8,True,Communications Earth & Environment,该论文使用卫星数据监测了COVID-19疫情对全球城市扩张的影响，涉及卫星观测技术和城市环境分析，与大气环境遥感技术中的城市监测和空间分析相关。,"['satellite mapping', 'urban expansion', 'COVID-19']",Jie Yang;Xin Huang;Jiayi Li;Xiaofeng Pan;Song Ma;Liangpei Zhang,High dynamic satellite data reveal slower global urban expansion and rising inequality during COVID,"Consider this: The COVID-19 pandemic slowed global urban expansion to 6722.9 square kilometers in 2020–2022, 27 percent below expected levels and causing a 9.8-month delay, with widening inequality driven mainly within income groups according to monthly satellite mapping and country-month analysis. 
 While the COVID-19 pandemic has affected global public health and economies, evidence on its impact on urban expansion remains limited. Here we show, using high-dynamic global urban expansion mapping, that global urban areas expand by 6,722.9 km² during 2020–2022, 27% less than expected in the absence of the pandemic. The global urban expansion rate decreases by 29%, implying a 9.8-month delay relative to a counterfactual no-pandemic scenario. Average urban expansion area in upper-middle-income countries is more than five times that in lower-middle-income countries, while high-income countries also experience substantial reductions in expansion rates. Inequality in urban expansion intensity increases, with 90.6% of the net increase arising from differences among countries within the same income group. Additional country-month analyses suggest that strict government containment policies are more consistently associated with the shortfall in urban expansion than COVID-19 case rates alone. These findings demonstrate the potential of monthly satellite mapping for assessing short-term disruptions to urbanization. Consider this: The COVID-19 pandemic slowed global urban expansion to 6722.9 square kilometers in 2020–2022, 27 percent below expected levels and causing a 9.8-month delay, with widening inequality driven mainly within income groups according to monthly satellite mapping and country-month analysis."
10.1038/s43247-026-03932-y,True,Communications Earth & Environment,该论文研究了大尺度气候振荡（印度洋偶极子和大西洋涛动）如何加速美国东海岸的高潮淹没现象，涉及了大气环流对海平面异常的影响，属于大气环境遥感技术中的海平面监测和气候变化分析领域。,"['Indian Ocean Dipole', 'North Atlantic Oscillation', 'sea level anomaly', 'high tide flooding', 'atmospheric circulation']",Yingli Zhu;Weiqing Han;Oluwayemi Garuba;D. L. Suhas;Lai-yung Ruby Leung;Aneesh C. Subramanian;Karthik Balaguru;Gengxin Chen;Luke Van Roekel;Jianing Wang,Large-scale climate oscillations induce accelerated high tide flooding along the U.S. East Coast,"Both the Indian Ocean Dipole and North Atlantic Oscillation have acted to accelerate high tide flooding along the U.S. East Coast in recent decades, according to combined observational analyses and model experiments. 
 High tide flooding time, the annual cumulative duration when local sea level exceeds flooding threshold, has increased rapidly along the U.S. East Coast in recent decades. However, quantitative contributions from different processes and the underlying drivers are not well understood. Here, we combine observational analyses with model experiments to quantify and understand the increase and acceleration of high tide flooding across both a long-term period (1950-2020) and recent decades (2001-2020), showing that the decadal sea level anomalies are as important as the sea level rising trend for the long-term flooding acceleration and are the dominant factor for the flooding increase and acceleration in recent decades. Decadal Indian Ocean Dipole remotely impacts the North Atlantic, accelerating flooding in the Mid-Atlantic Bight by weakening the Atlantic Meridional Overturning Circulation and exciting Rossby waves. The North Atlantic Oscillation accelerated flooding in the South Atlantic Bight largely through wind-driven Rossby waves. Therefore, remote forcing from the Indian Ocean, together with the North Atlantic Oscillation and global mean sea level, must be jointly considered to achieve more reliable decadal predictions of U.S. East Coast high tide flooding. Both the Indian Ocean Dipole and North Atlantic Oscillation have acted to accelerate high tide flooding along the U.S. East Coast in recent decades, according to combined observational analyses and model experiments."
None,False,Remote Sensing of Environment,该论文主要关注地球观测基础模型的空间不确定性校准，利用Matérn动机的潜在随机正则化方法。虽然地球观测与大气环境遥感技术有关，但论文的核心内容并未直接涉及空气质量监测、卫星观测、大气成分分析或气溶胶反演等具体技术。因此，它与大气环境遥感技术的关联性不强。,"['Earth observation', 'latent stochastic regularization', 'spatial uncertainty']",Daniel P. Johnson,Calibrated spatial uncertainty for Earth observation foundation models via Matérn-motivated latent stochastic regularization,
None,False,Remote Sensing of Environment,该论文主要关注叶绿素含量的监测，使用了一种结构抗性叶绿素指数作为新型指标。这与大气环境遥感技术（如空气质量监测、卫星观测、大气成分分析、气溶胶反演等）没有直接关联，因此不相关。,"['chlorophyll index', 'leaf chlorophyll content', 'monitoring']",Si Gao;Kai Yan;Jinhua Li;Cheng Huang;Xuanlong Ma;Wenjie Fan;Liangyun Liu;Qiao Wang,Structure-resistant chlorophyll index: A novel indicator for leaf chlorophyll content monitoring,
None,False,Remote Sensing of Environment,该论文主要关注从Landsat地表温度数据中提取的生物热变量，用于生物多样性应用，与大气环境遥感技术（如空气质量监测、卫星观测、大气成分分析、气溶胶反演）相关性较弱。,"['Landsat', 'surface temperature', 'biodiversity']",Eduarda M.O. Silveira;Anna M. Pidgeon;Volker C. Radeloff,The BioThermal variables derived from Landsat surface temperature data for biodiversity applications,
None,True,Remote Sensing of Environment,该研究涉及城市热力异质性模型中的热点模拟，使用物理基础阴影核进行改进，这与大气环境遥感技术中的热红外遥感、城市热岛效应监测和空气质量评估密切相关，因此相关性较强。,"['urban thermal anisotropy', 'hotspot simulation', 'physically-based shadow kernel']",Dandan Wang;James A. Voogt;Lu Jiang;Xinyang Liu;Qiyao Li;Huihui Xu;Zhenyuan Zhu;Yunhao Chen,A revised physically-based shadow kernel for improved hotspot simulation in urban thermal anisotropy models,
None,True,Remote Sensing of Environment,该论文标题和摘要明确涉及利用Landsat卫星数据档案中的伪不变特征来开发自适应大气校正方法，用于处理高分辨率卫星图像。这直接关系到利用卫星技术进行大气成分分析和空气质量监测，因此与大气环境遥感技术高度相关。,"['atmospheric correction', 'fine-resolution satellite imagery', 'Landsat archive']",Wenchang Li;Tao He,LAPAC: A self-adaptive atmospheric correction method for fine-resolution satellite imagery using pseudo-invariant features from Landsat archive,
None,True,Remote Sensing of Environment,该论文使用Sentinel-2卫星观测数据来绘制加勒比海地区的海藻（Sargassum），涉及卫星遥感技术和海洋环境监测，与大气环境遥感技术（如卫星观测和海洋成分分析）密切相关。,"['Sentinel-2', 'Sargassum', 'Wider Caribbean Region']",Junnan Jiao;Chuanmin Hu;Brian B. Barnes,Maximizing the potential of Sentinel-2 satellite observations in mapping <em>Sargassum</em> seaweed in the Wider Caribbean Region,
None,True,Remote Sensing of Environment,该论文研究了C/S波段合成孔径雷达（SAR）图像匹配的高分辨率方法，涉及伪模态生成和频谱-空间联合学习技术。这些技术广泛应用于卫星遥感，特别是用于大气环境监测和成分分析，因此与大气环境遥感技术密切相关。,"['SAR image matching', 'pseudo-modality generation', 'spectrum-spatial learning']",Mingyang Song;Hong Zhang;Yukun Fan;Lu Tian;Yuzhou Liu;Yazhe Xie;Yinhaibing Ding,A robust method for high-resolution C/S-band SAR image matching via pseudo-modality generation and coupled spectrum-spatial learning,
None,False,Remote Sensing of Environment,该论文主要关注湿地边界划分的弱监督动态框架，虽然涉及全球分布的站点，但与大气环境遥感技术（如空气质量监测、卫星观测、大气成分分析、气溶胶反演等）无关。,"['wetland delineation', 'wetness-based', 'globally distributed sites']",Yang Li;Nandin-Erdene Tsendbazar;Kirsten de Beurs;Lassi Päkkilä;Lammert Kooistra,"A weakly supervised, wetness-based dynamic framework for wetland delineation across globally distributed sites",
None,True,Remote Sensing of Environment,该论文研究使用卫星数据监测全球极端午后光合作用抑制现象，涉及光合作用、GPP（总初级生产力）等关键指标，这些都与大气环境监测和组成分析密切相关，因此与大气环境遥感技术高度相关。,"['photosynthesis', 'GPP', 'satellite-based', 'air quality monitoring', 'atmospheric composition analysis']",Jingyu Lin;Xing Li;Xiaojun Li;Xuanlong Ma;Lei Fan;Sadegh Ranjbar;Jing M. Chen,"Tracking global extreme afternoon photosynthesis depression: Frequency, duration, and drivers from satellite-based hourly GPP products",
None,True,Remote Sensing of Environment,该论文的标题和摘要明确涉及从PACE卫星的SPEXone多角度偏振仪器中获取气溶胶和海洋色信息，这直接与大气环境遥感技术相关，特别是空气质量监测和卫星观测领域。,"['PACE', 'SPEXone', 'multi-angle polarimetry', 'aerosol retrieval', 'ocean color']",Meng Gao;Kamal Aryal;Peng-Wang Zhai;Kirk Knobelspiesse;Bryan Franz;Brian Cairns;Ivona Cetinić;Guangliang Fu;Otto Hasekamp;Amir Ibrahim;Andrew M. Sayer;P. Jeremy Werdell,Where sky meets sea: Integrated aerosol and ocean color retrieval from PACE SPEXone multi-angle polarimetry,
None,True,Remote Sensing of Environment,该论文研究的是从高反射表面 quantifying shortwave radiation 的 adjacency effect，这与大气环境遥感技术中的 air quality monitoring 和 atmospheric composition analysis 相关，因为 shortwave radiation 和 surface reflectivity 是影响大气观测和环境监测的重要因素。,"['shortwave radiation', 'highly reflective surfaces', 'adjacency effect']",Wanchun Leng;Tianxing Wang;Xuewei Yan;Huabing Huang;Husi Letu;Ziqian Zhang,A scheme to quantify the adjacency effect of shortwave radiation from highly reflective surfaces,
None,True,Remote Sensing of Environment,该论文研究从空间测量多光谱土壤反射率的时空变化驱动因素，涉及卫星观测技术和土壤成分分析，与大气环境遥感技术（如卫星观测）密切相关。,"['space', 'spectro-temporal variability', 'soil reflectance', 'satellite observations']",Paul Karlshoefer;Christine Alewell;Pablo d’Angelo;Uta Heiden,Drivers of spectro-temporal variability in multi-spectral soil reflectance measured from space: A continental-scale analysis,
None,True,Remote Sensing of Environment,该论文研究了扩展MAIAC算法用于TROPOMI卫星测量的高光谱大气校正，特别是在植被区域的应用。这与大气环境遥感技术密切相关，涉及卫星观测、大气成分分析和大气校正技术。,"['MAIAC algorithm', 'hyperspectral atmospheric correction', 'TROPOMI', 'atmospheric correction', 'vegetated regions']",Sujung Go;Alexei Lyapustin;Yujie Wang;Sergey Korkin;Weizhen Hou;Xiong Liu;Jhoon Kim,Extending the MAIAC algorithm for hyperspectral atmospheric correction of TROPOMI measurements: A case study over vegetated regions,
None,True,Remote Sensing of Environment,该论文研究了如何利用坡度自适应波形指标来减轻GEDI数据在区域地上生物量核算中的地形效应。这涉及到利用卫星遥感技术（GEDI）对大气环境中的生物量进行监测和分析，因此与大气环境遥感技术密切相关。,"['GEDI', 'aboveground biomass', 'terrain effects', 'waveform metrics']",Tianyu Yu;Wenjian Ni;Yunxiao Wang;Hao Tang;Zhiyu Zhang;Zhifeng Guo;Guoqing Sun,Mitigating terrain effects of GEDI data on regional accounting of aboveground biomass utilizing slope-adaptive waveform metrics,
None,False,Remote Sensing of Environment,该论文主要关注的是利用SWOT技术进行地表水面积测绘，评估其能力，并未涉及大气环境遥感技术，如空气质量监测、卫星观测或大气成分分析等。,"['SWOT', 'surface water extent mapping', 'High-Rate Raster water fraction']",Maurício C.R. Cordeiro;Mohammad J. Tourian;Santiago Peña-Luque;Renato Prata de Moraes Frasson;Daniel Moreira;Fabrice Papa;Tati de Almeida,Assessing SWOT's capability for surface water extent mapping: An evaluation of Level-2 High-Rate Raster water fraction,
None,True,Remote Sensing of Environment,该论文与大气环境遥感技术密切相关，因为GEDI（全球森林高度测绘仪）是一种用于测量地球植被高度的卫星传感器，属于遥感技术范畴。论文研究的是如何利用GEDI数据改进现有的全球森林高度地图，以减少数据中的虚假同质性，这与卫星观测和大气成分分析密切相关。,"['GEDI', 'global forest height maps', 'remote sensing']",Eugene Seo;Sean P. Healey;Zhiqiang Yang;John D. Armston;Ralph O. Dubayah;Simon Ilyushchenko;Tiago De Conto;Matthew G. Betts,Beyond RMSE: The GEDI imputed waveform product minimizes artificial homogeneity evident in existing global forest height maps,
None,True,Remote Sensing of Environment,该论文与大气环境遥感技术密切相关，因为Landsat是美国国家航空航天局（NASA）和美国地质调查局（USGS）联合发射的卫星，用于地球观测。论文涉及地表温度和发射率产品的改进，这对于通过遥感技术分析大气成分、空气质量监测和地表参数研究至关重要。,"['USGS Landsat', 'surface temperature', 'emissivity product']",Saeed Arab;Chase Mueller;Christopher J. Crawford;Danika Wellington;Ray Dittmeier;Glynn Hulley;Aaron Gerace;Calli Jenkerson;Simon Hook;Amirhossein Hassanzadeh;Rehman Eon;Cody Anderson;Pat Scaramuzza;Frank M. Göttsche,Enhancements to the USGS Landsat Level 2 surface temperature and emissivity product for Collection 3 reprocessing,
None,False,Remote Sensing of Environment,该论文主要关注使用GRACE（重力恢复与气候实验）技术监测中国全国的洪水易发区域，与大气环境遥感技术（如空气质量监测、卫星观测、大气成分分析、气溶胶反演）关系不大，更偏向于水文和地理信息科学领域。,"['GRACE', 'flood-prone', 'region monitoring']",Wei Ren;Yuyue Xu;Yubo Zhang;Shuang Luo;Jianli Chen;Chang-Qing Ke,An enhanced GRACE-based index for nationwide flood-prone region monitoring in China from 2003 to 2022,
None,True,Remote Sensing of Environment,该论文研究利用亚米级光学影像通过深度学习技术估算森林生物量，这与大气环境遥感技术中的大气成分分析、遥感监测等方向相关，因为生物量是大气成分的重要参数之一，并且遥感技术常用于大气成分的监测与分析。,"['sub-meter resolution optical imagery', 'deep learning', 'biomass', 'atmospheric composition analysis', 'remote sensing']",Sizhuo Li;Martin Brandt;Xiaoye Tong;Stefan Oehmcke;Christian Igel;Florian Reiner;Fabian Gieseke;Thomas Nord-Larsen;Rasmus Fensholt;Jerome Chave;Philippe Ciais,Deep learning tree and forest biomass from sub-meter resolution optical imagery,
None,True,Remote Sensing of Environment,该论文标题和摘要明确涉及遥感图像的处理，特别是利用时空交叉注意力机制的Transformer模型进行图像融合。这与大气环境遥感技术密切相关，如卫星观测和大气成分分析，因此相关性较强。,"['remote sensing images', 'transformer', 'spatio-temporal cross attention']",Jun Li;Xiaowei He;Yantai Yang;Qinghong Sheng;Zhaocong Wu;Bo Wang;Xiao Ling;Xiang Liu;Yu Liu;Fan Gao;Libo Wang;Matthieu Molinier,STCAFormer: Spatio-temporal cross attention based transformer for fusion of remote sensing images,
None,True,Remote Sensing of Environment,该论文研究了不同有效的散射反照率和土壤粗糙度参数化方案对SMAP土壤湿度和L-VOD反演的影响。这些研究直接涉及大气环境遥感技术中的土壤湿度和大气水汽含量的反演，因此与大气环境遥感技术密切相关。,"['SMAP', 'L-VOD', 'soil moisture', 'scattering albedo', 'roughness parameterization']",Yao Xiao;Xiaojun Li;Lei Fan;Andress Colliander;Ardeshir Ebtehaj;Jian Peng;Frédéric Frappart;Lanka Karthikeyan;Wei Zhao;Gabrielle De Lannoy;Patricia de Rosnay;Zanpin Xing;Mengjia Wang;Xiangzhuo Liu;Pariha Helili;Preethi Konkathi;Jean-Pierre Wigneron,Global comparison of different effective scattering albedo and soil roughness parameterization schemes for SMAP soil moisture and L-VOD retrieval,
None,True,Remote Sensing of Environment,该论文研究了水稻叶片病原体感染如何改变由辐射传输模型反演揭示的光谱-生化关系，这与大气环境遥感技术相关，特别是通过遥感手段监测植物健康状况和生物化学变化，进而可能影响大气成分分析。,"['radiative transfer model', 'spectral–biochemical relationships', 'pathogen infection', 'leaf', 'atmospheric remote sensing']",Long Tian;Susan L. Ustin;Yuanyuan Kong;Bowen Xue;Pablo J. Zarco-Tejada;Chongya Jiang;Xia Yao;Yufang Jin;Yan Zhu;Weixing Cao;Tao Cheng,Rice leaf pathogen infection alters the spectral–biochemical relationships revealed by radiative transfer model inversion,
None,True,Remote Sensing of Environment,该论文研究了利用GNSS-T技术监测欧洲山毛榉森林的生态水文情况，并评估了不同系统和频段特性对解析时间体积含水量（VOD）动态的影响。虽然主要关注的是生态水文领域，但GNSS-T技术可以应用于大气环境遥感，如监测大气水汽含量和气溶胶等，因此与大气环境遥感技术有一定关联。,"['GNSS–T', 'ecohydrological monitoring', 'VOD dynamics']",Nicolas François Bader;Ruxandra-Maria Zotta;Eugenio Diaz-Pines;Gregor Möller;Walter Loderer;Thomas Kager;Wouter Dorigo,GNSS–T for ecohydrological monitoring of a european beech forest: Assessing different system and band characteristics for resolving temporal VOD dynamics,
None,True,Remote Sensing of Environment,该论文研究了使用多尺度时空张量插值方法重建全球叶面积指数时间序列，叶面积指数是植被生态学的重要参数，与大气环境中的气体交换和空气动力学过程密切相关。虽然论文主要关注植被监测，但其方法和技术在 атмосфер环境遥感技术中也有潜在应用，例如通过分析植被指数来间接评估大气成分或气溶胶分布。因此，该论文与大气环境遥感技术有一定的相关性。,"['leaf area index', 'spatiotemporal tensor imputation', 'global time series reconstruction']",Xinpei Yu;Kai Yan;Jiabin Pu;Jinxiu Liu;Jin Wu;Alexander J.Winkler;Qiao Wang,MUSTI: Multi-scale spatiotemporal tensor imputation for global leaf area index time series reconstruction,
None,False,Remote Sensing of Environment,该论文主要关注的是通过MERIS卫星传感器校正土壤和结构，以提高叶绿素含量的估算，属于植物生理和遥感应用领域，但与大气环境遥感技术（如空气质量监测、卫星观测、大气成分分析、气溶胶反演）相关性较低。,"['MERIS', 'chlorophyll index', 'leaf chlorophyll content']",Runfei Zhang;Peiqi Yang,cscMTCI: A soil and structure corrected MERIS terrestrial chlorophyll index for improving leaf chlorophyll content estimation,
None,False,Remote Sensing of Environment,该论文研究的是地表土壤湿度反演，虽然涉及遥感技术和模型算法，但主要关注点是土壤湿度，而非大气环境中的空气质量监测、卫星观测、大气成分分析或气溶胶反演等。因此，与大气环境遥感技术的关系较弱。,"['surface soil moisture', 'deep transfer learning', 'scattering model']",Zuo Wang;Jianhui Chen;Jiangyuan Zeng;Chang Huang;Lisheng Song;Yingying Chen;Liujun Zhu,A scattering model-informed deep transfer learning framework for surface soil moisture retrieval,
None,True,Remote Sensing of Environment,该论文与大气环境遥感技术高度相关，因为其研究内容涉及从卫星图像中获取水稻叶绿素含量，并探讨了如何通过技术手段（如RiceGORT算法）减轻行结构和饱和效应的影响。这属于卫星观测和大气成分分析的范畴，特别是针对农业环境的遥感应用。,"['satellite imagery', 'rice chlorophyll retrieval', 'RiceGORT', 'chlorophyll sensitivity enhancement']",Haoran Sun;Hifza Mariam;Junnan She;Ming Chen;Dong Li;Chongya Jiang;Xia Yao;Iftikhar Ali;Yan Zhu;Weixing Cao;Tao Cheng,Breaking barriers in rice chlorophyll retrieval from satellite imagery: Mitigating row structure and saturation effects via RiceGORT and chlorophyll sensitivity enhancement,
None,True,Remote Sensing of Environment,该论文研究从SMAP L波段辐射计在降雨条件下获取海表盐度，涉及卫星观测和大气遥感技术，与大气环境遥感技术（如卫星观测和大气成分分析）密切相关。,"['sea surface salinity', 'SMAP L-band radiometry', 'rainfall conditions']",Xuchen Jin;Xianqiang He;Yan Bai;Yilei Wang;Lizhang Zhou;Shujie Yu;Teng Li;Fang Gong;Delu Pan,Retrieval of sea surface salinity from SMAP L-band radiometry under rainfall conditions,
None,True,Remote Sensing of Environment,该论文与大气环境遥感技术密切相关，因为它涉及地静止卫星反演的短波辐射产品，并通过校正地理位置偏差来提高其质量。这些内容直接关系到卫星观测和大气成分分析技术。,"['geostationary satellite', 'shortwave radiation', 'geolocation displacement']",Wangkang She;Changkun Shao;Wenjun Tang;Guopeng Zhu;Zengqiang Pang;Tongfei Liu;Shuibao Liang;Kun Yang,Substantial improvement of geostationary satellite-derived shortwave radiation product through correcting geolocation displacement,
None,True,Remote Sensing of Environment,该论文研究了利用Landsat和Sentinel-2卫星观测数据与近地表PhenoCam时间序列数据融合来增强美国西部干旱地区地表物候监测的技术。遥感技术在监测地表物候方面有重要应用，属于大气环境遥感技术的一部分，因此与大气环境遥感技术（如卫星观测、地表参数分析）密切相关。,"['Landsat', 'Sentinel-2', 'PhenoCam', 'land surface phenology', 'remote sensing']",Yuxia Liu;Xiaoyang Zhang;Yu Shen;Yongchang Ye;Shuai An,Enhanced land surface phenology detections in the western U.S. drylands by fusing harmonized Landsat and Sentinel-2 observations with near-surface PhenoCam time series,
None,True,Remote Sensing of Environment,该论文与大气环境遥感技术密切相关，因为它涉及Sentinel 2卫星数据在热带森林地区的归一化处理，使用了 nadir BRDF adjusted reflectance方法，这与大气成分分析和卫星观测技术直接相关。,"['Sentinel 2', 'BRDF adjusted reflectance', 'tropical forests']",Pierre Ploton;Gaëlle Viennois;Florian de Boissieu;Erik Lindquist;Jean-Baptiste Féret;Daniel Wiell;Hervé Poilvé;Pierre Couteron;Raphaël Pélissier;Nicolas Barbier,Normalization of Sentinel 2 data over tropical forests to nadir BRDF adjusted reflectance,
None,False,Remote Sensing of Environment,该论文的主题是关于果树疾病的准确诊断，涉及的是植被指数和冠层垂直分布知识，与大气环境遥感技术（如空气质量监测、卫星观测、大气成分分析、气溶胶反演）没有直接关系。,[],Wenjie Zhang;Guijun Yang;Xinlian Liang;Xiaohong Liu;Jianbo Qi;Hao Yang;Haikuan Feng;Bo Li;Changyuan Zhai;Baoguo Wu;Xiaohui Su;Liping Chen;Chunjiang Zhao,Toward accurate disease diagnosis of fruit trees: Integrating a novel dual-angle vegetation index with canopy vertical distribution knowledge,
None,False,Remote Sensing of Environment,该论文主要关注的是森林的三维地图绘制，涉及自监督学习和迁移学习等技术，但与大气环境遥感技术（如空气质量监测、卫星观测、大气成分分析、气溶胶反演）没有直接关联。,"['instance segmentation', 'semantic segmentation', 'species classification']",Aldino Rizaldy;Fabian Ewald Fassnacht;Ahmed Jamal Afifi;Hua Jiang;Richard Gloaguen;Pedram Ghamisi,"Label-efficient 3D forest mapping: Self-supervised and transfer learning for instance segmentation, semantic segmentation, and species classification",
None,True,Remote Sensing of Environment,该论文研究如何通过单卫星图像进行高效的多灾害检测，利用了光谱语义图推理技术，这与大气环境遥感技术（如卫星观测、灾害检测）密切相关。,"['satellite imagery', 'spectral-semantic graph reasoning', 'multi-hazard detection']",Wei Ao;Zhi Gao;Boan Chen;Xinyu Gong;Yuyang Zhai;Ziyao Li;Qiao Wang,Towards efficient multi-hazard detection from single satellite imagery via spectral-semantic graph reasoning,
None,True,Remote Sensing of Environment,这篇论文研究了利用光学遥感技术监测海面风条带，并 retrieves wind directions 和 wind waves。这属于大气环境遥感技术中的海洋遥感部分，与空气质量和大气组成监测有一定关联，但更侧重于海洋大气现象。,"['sea surface wind streaks', 'wind directions', 'wind waves']",Lifeng Wang;Yingcheng Lu;Chuanmin Hu,Optical remote sensing of sea surface wind streaks: Retrievals of wind directions and wind waves,
None,True,Remote Sensing of Environment,该论文研究了使用ICESat-2和Sentinel-1/2卫星数据来检索无测量站流域的洪水流量算法，这属于遥感技术在水文和环境监测中的应用，虽然主要关注水文，但也与大气环境遥感技术有一定关联，因为卫星遥感是大气和环境监测的重要手段。,"['ICESat-2', 'Sentinel-1/2', 'discharge retrieval algorithm']",Ziting Chen;Yonghong Yi;Huimin Lei;Jijun Xu;Li Liu;Lachun Wang;Chongyu Xu,A hydraulic-geometry informed discharge retrieval algorithm for ungauged basins using ICESat-2 and Sentinel-1/2: Application to Qinghai-Tibet Plateau,
None,True,Remote Sensing of Environment,该论文研究了冠层反射率相对于叶密度的一阶导数，这涉及到植被参数反演，进而与大气成分分析（如气溶胶、污染物监测）相关，因此与大气环境遥感技术密切相关。,"['canopy reflectance', 'leaf density', 'atmospheric composition']",Abdelaziz Kallel;Yingjie Wang;Jean Philippe Gastellu-Etchegorry,Derivative of canopy reflectance with respect to leaf density: A probabilistic rendering framework,
None,True,Remote Sensing of Environment,该论文使用多时相InSAR技术揭示高填方运河的细尺度变形模式和机制，InSAR是一种利用卫星观测数据进行地表形变监测的技术，与大气环境遥感技术中的卫星观测和地表分析相关。,"['InSAR', 'multi-temporal', 'canals', 'deformation', 'satellite observations']",Nan Wang;Yanru Yu;Haocheng Li;Jie Dong;Mingsheng Liao,Fine-scale deformation pattern and mechanism of high-fill canals revealed by multi-temporal InSAR,
None,False,Remote Sensing of Environment,标题和摘要内容不包含与大气环境遥感技术相关的关键词，因此不相关。,[],,Editorial Board,
None,True,International Journal of Applied Earth Observation and Geoinformation,该论文与大气环境遥感技术密切相关，因为它是通过地形引导的三模态Mamba网络来绘制小冰期冰川的。这涉及到使用遥感技术来分析和监测地球表面特征，属于大气环境遥感技术中的一个重要应用领域。,"['terrain-guided', 'tri-modal Mamba network', 'glaciers']",Jun Zhou;Shiyin Liu;Fuming Xie;Caixia Qin,Mamba-trident: terrain-guided tri-modal Mamba network for mapping little ice age glaciers,
None,True,International Journal of Applied Earth Observation and Geoinformation,该论文研究了叶片生理和冠层结构对太阳诱导叶绿素荧光和总初级生产力的影响，涉及大气环境中的植被监测和生态过程分析，与大气环境遥感技术（如植被指数监测、卫星遥感、大气成分分析）相关。,"['chlorophyll fluorescence', 'gross primary productivity', 'canopy structure']",Fangyi Lv;Kaimin Sun;Shunxia Miao;Yi Xu;Wei Cui;YePei Chen;Wenzhuo Li;Xiuqing Hu,Disentangling leaf physiology and canopy structure effects on solar-induced chlorophyll fluorescence and gross primary productivity: A multi-biome and cross-site assessment,
None,True,International Journal of Applied Earth Observation and Geoinformation,该论文研究的FSIF-PCNN方法是一种基于物理约束的神经网络，用于重建全谱太阳能诱导叶绿素荧光，这与大气环境遥感技术中的卫星观测和植被参数反演相关，属于遥感技术在生物地球化学过程监测中的应用。,"['solar-induced chlorophyll fluorescence', 'physics-constrained neural network', 'reconstruction']",Dianrun Zhao;Shanshan Du;Yulu Du;Xinjie Liu;Liangyun Liu,FSIF-PCNN: A physics-constrained neural network for full-spectrum solar-induced chlorophyll fluorescence reconstruction,
None,True,International Journal of Applied Earth Observation and Geoinformation,该论文使用10米分辨率的SDGSAT-1夜间灯光图像来评估城市户外运动场地的照明质量。虽然主要关注点在于照明质量，但夜间灯光图像是一种通过卫星遥感技术获取的数据，可以间接用于分析城市环境和人类活动。这与大气环境遥感技术中的卫星观测和城市环境分析相关，因此可以认为该论文与大气环境遥感技术有较强的关联。,"['SDGSAT-1', 'nighttime light imagery', 'urban outdoor sports fields']",Tingrui Guo;Min Zhao;Zhuolin Tao;Jiaqi Fu;Xinyi Song;Yuyu Zhou,Assessment of lighting quality in urban outdoor sports fields using 10-m SDGSAT-1 nighttime light imagery,
None,True,International Journal of Applied Earth Observation and Geoinformation,该论文研究的是利用多源地球观测数据进行近实时野火烧毁区域制图，涉及遥感技术和大气环境监测，与大气环境遥感技术（如卫星观测、野火监测）密切相关。,"['wildfire burned area', 'earth observation', 'self-supervised framework', 'near-real-time']",Mirza Waleed;Muhammad Bilal,BAM: A physics-informed self-supervised framework for near-real-time wildfire burned area mapping from multi-source earth observation,
None,False,International Journal of Applied Earth Observation and Geoinformation,该论文研究的是一种基于物理散射引导的Mamba模型，用于在复杂背景下生成高保真度的合成孔径雷达（SAR）船舶图像。虽然涉及遥感技术，但主要关注的是雷达图像生成和目标识别，而非大气环境监测、空气质量分析或卫星观测等大气环境遥感技术的范畴。,"['SAR', 'scattering', 'Mamba model', 'ship generation']",Moran Ju;Changqi Wang;Si-Nian Jin,A physical Scattering-Guided Prior-Enhanced Mamba model for high-fidelity SAR ship generation in complex backgrounds,
None,False,International Journal of Applied Earth Observation and Geoinformation,该论文研究的是利用无人机获取的RGB和超光谱图像进行土豆植物病害检测，主要关注的是农业领域中的植物病害识别，与大气环境遥感技术（如空气质量监测、卫星观测、大气成分分析、气溶胶反演等）相关性较低。,"['UAV', 'RGB', 'hyperspectral', 'potato plant disease', 'detection']",Tianyi Jia;Magdalena Smigaj;Gert Kootstra;Lammert Kooistra,Deep spatial-spectral fusion of UAV RGB and hyperspectral imagery for potato plant disease detection,
None,False,International Journal of Applied Earth Observation and Geoinformation,该论文的主题是使用深度学习技术自动绘制荷兰的产权边界，与大气环境遥感技术（如空气质量监测、卫星观测、大气成分分析、气溶胶反演）没有直接关系。,[],Jeroen Grift;Claudio Persello;Mila Koeva,From pixels to vectorized cadastral boundaries: Deep learning-based automated delineation of property boundaries in the Netherlands,
None,False,International Journal of Applied Earth Observation and Geoinformation,该论文标题和摘要主要关注图像匹配和姿态 priors 技术，与大气环境遥感技术（如空气质量监测、卫星观测、大气成分分析、气溶胶反演）无直接关联。,[],Hongyang Zhang;Yusheng Xu;Changyou Xu;Rong Huang;Zhen Ye;Yan Xia;Xiaohua Tong,Learning from noisy pose priors: Geometry-guided routing attention for robust image matching,
None,True,International Journal of Applied Earth Observation and Geoinformation,该论文研究了使用多角度TECIS数据（一种大气环境遥感技术）进行森林生物量估算，并采用了模型驱动的敏感性分析方法。这与大气环境遥感技术（如卫星观测和大气成分分析）密切相关，因为TECIS数据通常用于大气监测和环境研究。,"['Multi-Angular TECIS', 'forest biomass estimation', 'Model-driven sensitivity analysis']",Xuexia Sun;Xiaoyao Li;Bingxiang Tan;Fayun Wu;Yuxuan Liu;Shimei Xiong,Feature selection from Multi-Angular TECIS data for forest biomass estimation using a Model-driven sensitivity analysis approach,
None,False,International Journal of Applied Earth Observation and Geoinformation,该论文研究的是利用VIIRS夜间灯光数据量化地震引起的建筑损坏，涉及的是地震学、遥感图像分析和深度学习技术，与大气环境遥感技术（如空气质量监测、卫星观测、大气成分分析、气溶胶反演等）没有直接关系。,"['VIIRS', 'nighttime lights', 'deep learning']",Hee-Su Joo;Seon-Gyu Kim;Jin-Hyeong Lee;Hyung-Sup Jung,Quantifying earthquake-induced building damage from VIIRS nighttime lights: A multi-scale framework with deep learning–based area validation,
None,False,International Journal of Applied Earth Observation and Geoinformation,该论文标题和摘要主要关注森林昆虫损害的预警，涉及空间时间先验知识和因子驱动建模，与大气环境遥感技术（如空气质量监测、卫星观测、大气成分分析、气溶胶反演）相关性较低。,[],Haoyan Zhang;Shiming Li;Yaozhong Pan,Integrating spatiotemporal prior knowledge from co-segmented time-series into factor-driven modeling for forest insect damage warning,
None,True,International Journal of Applied Earth Observation and Geoinformation,该论文研究了印度砖窑的分布和技术类型，这些砖窑是主要的空气污染源，涉及大气环境监测和污染源分析，因此与大气环境遥感技术（如空气质量监测、大气成分分析）密切相关。,"['brick kilns', 'distribution', 'technology types']",Sugandha Arora;Clément Goldmann;Stefan Oehmcke;Jan Pauls;Chuanlong Zhou;Abhinav Sharma;Kushal Tibrewal;Harish Phuleria;Fabian Gieseke;Philippe Ciais,Brick kilns across India: A temporal analysis of brick kiln distribution and technology types,
None,True,International Journal of Applied Earth Observation and Geoinformation,该论文使用地球观测数据评估喀斯特干旱的传播，涉及地表和地下响应，与大气环境遥感技术中的成分分析和监测相关。,"['Earth Observation', 'karst drought', 'atmospheric composition']",Chengchang Tian;Qiuwen Zhou;Ze Yuan;Yuan Li;Igor Leščešen;Slobodan Gnjato;Pedro A.M. Leite,Global assessment of karst drought propagation from multisource Earth Observation: Epikarst-mediated rapid shallow coupling and delayed deep responses,
None,True,International Journal of Applied Earth Observation and Geoinformation,该论文研究了利用FY-3G多角度偏振观测数据，通过MAPLE-CP框架进行云相监测的技术，并使用多站点激光雷达进行验证。这直接涉及到大气环境遥感技术中的云相监测和卫星观测，因此与大气环境遥感技术高度相关。,"['FY-3G', 'polarimetric observations', 'cloud phase monitoring', 'MAPLE-CP framework', 'lidar validation']",Yaying Wang;Haofei Wang;Chuanfeng Zhao;Qiao Wang;Kun Jia;Jinlong Fan;Hang Lyu;Sijie Chen;Zhenping Yin;Xing Yan,Global cloud phase monitoring from FY-3G multi-angle polarimetric observations using the new MAPLE-CP framework with independent multi-site lidar validation,
None,True,International Journal of Applied Earth Observation and Geoinformation,该论文与大气环境遥感技术相关，因为空气温度的降尺度处理是大气环境监测和数据分析中的一个重要环节，而Volume-Preserving interpolation是一种用于预处理和减少网格伪影的技术，这在卫星观测和空气质量监测中尤为重要。,"['air temperature', 'downscaling', 'Volume-Preserving interpolation']",Zitong Wen;Lu Zhuo;Jiao Wang;Ahmed Abdelhalim;Ming Zhong;Dawei Han,Reducing grid artifacts in air temperature downscaling with a Volume-Preserving interpolation preprocessing step,
None,True,International Journal of Applied Earth Observation and Geoinformation,该论文与大气环境遥感技术密切相关，因为标题和摘要中明确提到了“气溶胶-云探测通道”、“532 nm”和“DQ-1/ACDL”，这些都是与大气成分分析和遥感技术直接相关的关键词。特别是“线性拟合校准算法”，表明该研究涉及遥感传感器的数据校准和图像处理，这与空气质量监测和卫星观测密切相关。,"['Aerosol-Cloud detection channels', '532 nm', 'DQ-1/ACDL', 'Linear-Fitting calibration algorithm']",Feiyue Mao;Chengen Li;Lin Zang;Zengxin Pan;Weiwei Xu;Ge Han;Xiuqing Hu;Weibiao Chen;Wei Gong,Linear-Fitting calibration algorithm for Aerosol-Cloud detection channels at 532 nm of the DQ-1/ACDL,
None,False,International Journal of Applied Earth Observation and Geoinformation,该论文主要关注的是利用高光谱数据和机器学习技术检测水稻白叶枯病，其研究对象和内容与大气环境遥感技术（如空气质量监测、卫星观测、大气成分分析、气溶胶反演等）没有直接关系。,"['hyperspectral data', 'machine learning', 'rice bacterial leaf blight']",Ziyi Wang;Roshanak Darvishzadeh;Nancy Castilla;Alice Laborte;Andrew Nelson,Early detection of rice bacterial leaf blight disease using canopy hyperspectral data and machine learning,
None,False,International Journal of Applied Earth Observation and Geoinformation,该论文的标题和摘要主要关注的是基于图Transformer的决策框架用于选择性更新矢量建筑数据，这与大气环境遥感技术（如空气质量监测、卫星观测、大气成分分析、气溶胶反演）没有直接关系。,[],Yue Qiu;Fang Wu;Haizhong Qian;Jichong Yin;Xianyong Gong;Chengyi Liu;Hao Zhang;Rui Cao,V-BUILD: A graph Transformer-based decision framework for selective updating of vector building data,
None,True,International Journal of Applied Earth Observation and Geoinformation,该论文标题和摘要明确涉及地表煤矿的环境质量评估，这属于大气环境遥感技术的应用领域，特别是空气质量监测和大气成分分析。虽然摘要中没有明确提到遥感技术或卫星观测，但“Eco-Environmental quality assessment”和“MiecoI”暗示了可能使用了遥感或类似技术进行评估，因此与大气环境遥感技术密切相关。,"['surface coal Mines', 'Eco-Environmental quality assessment', 'MiecoI']",Feiyue Li;Jun Li;Chengye Zhang;Han Zhang;Chuanying Peng;Lixia Liang;Jingyu Hao;Simit Raval,A new approach for comprehensive and spatiotemporally comparable Eco-Environmental quality assessment of surface coal Mines: MiecoI,
None,True,International Journal of Applied Earth Observation and Geoinformation,该论文研究使用Sentinel-2卫星图像进行谷物作物收获检测的近实时无监督框架，涉及卫星遥感技术，与大气环境遥感技术（如卫星观测、作物监测）密切相关。,"['Sentinel-2 imagery', 'grain crop harvest detection', 'reaped index (RI)']",Kai Tang;Zeteng Li;Youzhi Zhang;Laigang Wang;Peng Yang;Bingwen Qiu;Xuehong Chen;Ruilin Chen;Jianlong Li;Jin Chen,A near-real-time and unsupervised framework for grain crop harvest detection using sentinel-2 imagery: the reaped index (RI) and automated thresholding,
None,False,International Journal of Applied Earth Observation and Geoinformation,该论文标题和摘要主要关注太阳能光伏产业的发展及其生态影响，与大气环境遥感技术（如空气质量监测、卫星观测、大气成分分析、气溶胶反演）没有直接关联。,[],Shoki Shimada;Wataru Takeuchi;Kei Oyoshi,Corrigendum to “Spatiotemporal dynamics of solar photovoltaics development and ecological implications in Japan from cropland to forest” [Int. J. Appl. Earth Obs. Geoinf. 150 (2026) 105348],
None,True,International Journal of Applied Earth Observation and Geoinformation,该论文关注从单类标注的遥感数据集中对农田和农村道路进行联合分割，遥感数据是大气环境遥感技术的重要组成部分，用于监测和解析地表特征，因此与大气环境遥感技术相关。,"['remote sensing', 'segmentation', 'farmland', 'rural roads']",Zhaoxiang Cao;Yuchun Huang;Yibo Zhou;Peng Zhou;Zhiqiang Qin;Shengyuan Zhang,A partially supervised joint segmentation method for farmland and rural roads from single-class annotated remote sensing datasets,
None,True,International Journal of Applied Earth Observation and Geoinformation,该论文研究了使用双极化GNSS反射计技术和微型卫星观测来对FYI-MYI海冰类型进行分类，这属于大气环境遥感技术中的卫星观测和大气成分分析领域，因此与大气环境遥感技术密切相关。,"['Dual-polarization GNSS', 'reflectometry', 'sea ice type classification', 'microsatellite observations']",Runchuan Li;Fei Guo;Wentao Yang;Weiqiang Li;Xiaohong Zhang;Estel Cardellach,Dual-polarization GNSS reflectometry for FYI–MYI sea ice type classification using microsatellite observations,
None,True,International Journal of Applied Earth Observation and Geoinformation,该研究使用HLS、LiDAR指标和GGP-GAM方法分析波兰松树林的NDVI-立木结构关系，涉及遥感技术和森林结构分析，与大气环境遥感技术（如卫星观测和植被覆盖监测）密切相关。,"['NDVI', 'Scots pine', 'LiDAR', 'GGP-GAM']",Luiza Tymińska-Czabańska;Piotr Janiec;Michał Lupa;Vahid Nasiri;Franciszek Błaś;Adam Ziółkowski;Paweł Hawryło;Jarosław Socha,"Spatially varying NDVI–stand structure relationships in Scots pine forests across Poland using HLS, LiDAR metrics and GGP-GAM",
None,False,International Journal of Applied Earth Observation and Geoinformation,该论文的主题是农业和城市扩张对全球干旱地区的生态水文影响，与大气环境遥感技术（如空气质量监测、卫星观测、大气成分分析、气溶胶反演）没有直接关联。,[],Ran Wang;Wei Zhou;Tao Lin;Zhe Hao;Shibin Zhang;Conghong Huang,Divergent ecohydrological impacts of agricultural and urban expansions across global drylands,
None,True,International Journal of Applied Earth Observation and Geoinformation,该论文使用Sentinel-2和ERA5-Land数据估算瑞典湖泊的溶解有机碳，涉及地球观测技术和数据解析，与大气环境遥感技术（如卫星观测和水质监测）相关。,"['Sentinel-2', 'ERA5-Land', 'dissolved organic carbon', 'lake']",Xufeng Wei;Wenbo Xu;Lanhui Wang;Renkui Guo;Zheng Duan,An interpretable Earth observation framework for estimating lake dissolved organic carbon in Sweden using Sentinel-2 and ERA5-Land data,
None,False,International Journal of Applied Earth Observation and Geoinformation,该论文标题和摘要主要关注虚拟现实（VR）城市建模中的细节保真度和行为学，与大气环境遥感技术（如空气质量监测、卫星观测、大气成分分析、气溶胶反演等）无明显相关性。,[],Yunlei Su;Guosheng Yang;Wufan Zhao;Cai Wu,Beyond fidelity: Rethinking realism through human behavior in VR city modeling LOD design,
None,False,International Journal of Applied Earth Observation and Geoinformation,该论文研究的是利用机器学习技术从火星数据集中提取撞击坑，与大气环境遥感技术（如空气质量监测、卫星观测、大气成分分析、气溶胶反演）关系不大。,"['martian impact craters', 'bimodal dataset', 'quantitative ensemble learning']",Chang Li;Haoyan Ma;Yi He;Zhizhong Kang,BQEL-Net: A bimodal quantitative ensemble learning network with uncertainty-aware for vectorized extraction of martian impact craters from bimodal catalogic-and-quantitative dataset (BCQDS),
None,False,International Journal of Applied Earth Observation and Geoinformation,该论文主要关注的是利用高分辨率航空影像和Sentinel-1、Sentinel-2卫星数据对果园类型进行多年分类，虽然涉及卫星遥感技术，但核心应用领域是农业监测，而非大气环境遥感技术如空气质量监测、大气成分分析等。,"['aerial imagery', 'Sentinel-1', 'Sentinel-2', 'orchard classification']",Lior Fine;Tarin Paz-Kagan;Offer Rozenstein,Fusing very high-resolution aerial imagery with Sentinel-1 and Sentinel-2 time series improves multi-year orchard type classification,
None,False,International Journal of Applied Earth Observation and Geoinformation,该论文主要关注的是基于遥感技术和集成模型的蝗虫风险区识别和分类，考虑了人口密度和栖息地适宜性，并未涉及大气环境遥感技术，如空气质量监测、卫星观测、大气成分分析或气溶胶反演。,"['remote sensing', 'ensemble modeling', 'population density', 'habitat suitability']",Junteng Luo;Liang Liu;Jianghua Zheng;Jun Lin;Wanqiang Han;Yang Yan;Jianhao Li;Feifei Zhang;Zhong Liang;Qige Qi,Identification and classification of risk zones for <em>Calliptamus italicus</em> based on remote sensing and ensemble modeling: considering population density and habitat suitability,
None,True,International Journal of Applied Earth Observation and Geoinformation,该论文标题和摘要明确涉及地球观测和机器学习技术，用于预测有害藻华，这属于环境监测领域。虽然主要关注的是水生藻华，但地球观测技术（如卫星遥感）是大气环境遥感技术的一部分，因此与大气环境遥感技术有间接关联。,"['Earth Observation', 'Machine learning', 'harmful algal blooms', 'Arabian Gulf', 'Sea of Oman']",Kaltham A. Ismail;Roqaya A. Ismail;Mohammed Salim,Earth Observation–Based Machine learning for operational forecasting of harmful algal blooms in the Arabian Gulf and Sea of Oman,
None,True,International Journal of Applied Earth Observation and Geoinformation,该论文的标题和摘要明确涉及GNSS-R（全球导航卫星系统后向反射计）技术，这是一种用于大气环境遥感的技术，特别用于高风速的检索。标题中提到的“Physics-Guided Local-Global fusion network”表明这是一种用于大气参数 Retrieval 的算法，进一步证实了其与大气环境遥感技术的强相关性。,"['PLGF-NET', 'Physics-Guided Local-Global fusion network', 'GNSS-R', 'high wind speed retrieval']",Xinzhe Xu;Minfeng Song;Xiufeng He;Jinsheng Tu;Xiaolei Wang;Jinwen Zeng;Hao Yang;Wei Zhan,PLGF-NET: A Physics-Guided Local-Global fusion network for GNSS-R high wind speed retrieval,
None,False,International Journal of Applied Earth Observation and Geoinformation,该论文主要研究利用无人机时间序列数据和少样本基础模型对苜蓿的时空生长和功能特征进行整合分析，与大气环境遥感技术（如空气质量监测、卫星观测、大气成分分析、气溶胶反演）相关性较弱。,"['UAV', 'alfalfa', 'time-series']",Tao Cheng;Zhangru Gao;Ziyu Ding;Dong Han;Yaling Liu;Ruopu Zan;Xinyuan He;Shibo Yang;Feng Yuan;Weibo Ren;Dongyan Zhang,DINO-Pheno-Cluster: Integrating few-shot foundation models and UAV time-series for spatiotemporal growth and functional characterization of alfalfa,
None,True,International Journal of Applied Earth Observation and Geoinformation,该论文研究了使用Landsat 8/9卫星数据和RF-XGBoost模型进行总氮反演的技术，这属于大气环境遥感技术中的大气成分分析领域，因此与题目要求的相关性较高。,"['total nitrogen', 'Landsat 8/9', 'RF-XGBoost model', 'atmospheric retrieval']",Yuanyuan Zhang;Shuanggen Jin,MFRXG: A multi-feature stacking ensemble RF-XGBoost model for total nitrogen retrieval in the Yellow River from Landsat 8/9 data,
None,True,International Journal of Applied Earth Observation and Geoinformation,该论文研究了一种基于单目遥感图像的高度估计方法，使用了视觉语言网络技术。虽然主题不是直接的空气质量监测或大气成分分析，但它属于遥感技术范畴，与大气环境遥感技术有一定关联，例如在地理测绘和地形分析中可能用于辅助大气研究的背景数据获取。,"['monocular remote sensing imagery', 'vision-language network', 'height estimation']",Tao Zhang;Furong Shi;Yuanping Zhu;Xin Huang,HeightCLIP: A vision-language network for height estimation from monocular remote sensing imagery,
None,False,International Journal of Applied Earth Observation and Geoinformation,该论文标题和摘要主要关注城市数字孪生和环境敏感的出行规划，不涉及大气环境遥感技术，如空气质量监测、卫星观测、大气成分分析或气溶胶检索。,[],Thomas Trabert;Elmar Brockfeld;Alexander Sohr;Kerstin Krellenberg;Jakob Erdmann;Xiaoxu Bei;Carsten Dalaff;Timo Houben;Jan Bumberger,Urban digital twin for environmentally sensitive mobility planning: conceptual framework and application in pilot region Leipzig,
None,True,International Journal of Applied Earth Observation and Geoinformation,该论文研究了SuperDove卫星检测含有物质的风滚筒，关注极端环境事件，这与大气环境遥感技术相关，特别是卫星观测和环境事件监测。,"['SuperDove', 'satellite', 'windrows', 'environmental events']",Dimitris Papageorgiou;Stefano Aliani;Andrés Cózar;Konstantinos Topouzelis,SuperDove satellite detection of matter-loaded windrows with a focus on extreme environmental events,
None,False,International Journal of Applied Earth Observation and Geoinformation,该论文主要研究的是利用开源多模态数据和形态感知UDASS技术进行热带城市屋顶植被的测绘，与大气环境遥感技术（如空气质量监测、卫星观测、大气成分分析、气溶胶反演）相关性较弱。,"['roof vegetation mapping', 'open-source multimodal data', 'morphology-aware UDASS']",Jinhui Liu;Mi Zhang;Lina Tang;Guofan Shao;Huiwei Jiang;Xiangyun Hu;Yibing Xiong;Jiongwei Wang,A transferable framework for roof vegetation mapping across tropical cities based on open-source multimodal data and morphology-aware UDASS,
None,False,International Journal of Applied Earth Observation and Geoinformation,该论文的标题和摘要专注于土壤适宜性评估，涉及模糊熵、MAIRCA和TOPSIS框架，与大气环境遥感技术（如空气质量监测、卫星观测、大气成分分析、气溶胶反演）无直接关系。,[],Karthik Subramani;Deva Nithyanandham;Felix Augustin;Saravanakumar Ramasamy;Ajeesh Puthusserry Paulose;Pandiyaraju V,An integrated picture fuzzy entropy–MAIRCA–TOPSIS framework for sustainable soil suitability evaluation,
None,True,International Journal of Applied Earth Observation and Geoinformation,该论文研究利用多颗卫星平台在没有地面参考数据的情况下，对阿根廷和巴西的双季稻区域进行玉米制图。这涉及使用卫星观测技术来分析农业区域的植被覆盖情况，属于大气环境遥感技术中的卫星观测和地表参数反演范畴，因此与大气环境遥感技术密切相关。,"[' maize mapping', 'satellite platforms', 'double-cropping regions']",Ryoungseob Kwon;Youngryel Ryu;Philippe Ciais;David Makowski;Changhyun Choi;Huaize Feng;Sungchan Jeong;Pengfei Tang;Kyungdo Lee,Enabling maize mapping in double-cropping regions of Argentina and Brazil without ground reference data by leveraging multiple satellite platforms,
None,False,International Journal of Applied Earth Observation and Geoinformation,该论文主要研究的是蝗虫栖息地的时空动态变化，涉及未来气候预测、植被生长和土地利用变化，与大气环境遥感技术（如空气质量监测、卫星观测、大气成分分析、气溶胶反演）关系不大，因此不相关。,"['grasshopper', 'climate projections', 'vegetation growth']",Jing Guo;Wenjiang Huang;Yingying Dong;Qiaoyun Xie;Guofei Fang;Fangzheng Yue;Kun Wang;Zhuoqing Hao;Yan Zhang;Xiangzhe Cheng;Yue Shi;Bing Zhang,"Spatiotemporal dynamics of grasshopper habitats under future climate projections, vegetation growth, and land use change",
None,True,International Journal of Applied Earth Observation and Geoinformation,该论文研究了使用Sentinel-5 Precursor卫星数据和高斯烟羽模型量化大型煤矿甲烷排放的问题。甲烷是一种大气污染物，Sentinel-5 Precursor是用于大气成分监测的卫星，高斯烟羽模型是一种常用的空气质量建模技术，这些都表明该研究紧密相关于大气环境遥感技术和空气质量监测。,"['methane emissions', 'Sentinel-5 Precursor', 'Gaussian plume model']",Yuanyuan Chen;Yi Li;Lixia Tan;Yufan Qian;Shuangxi Fang,Quantifying methane emissions from large coal mine using Sentinel-5 Precursor satellite data and Gaussian plume model,
None,True,International Journal of Applied Earth Observation and Geoinformation,该论文的标题和摘要都与遥感技术相关，特别是光谱分解和深度学习在场景感知中的应用，这些技术在空气质量监测和大气成分分析中具有重要应用价值。,"['spectral unmixing', 'scene-aware deep priors', 'remote sensing']",Soorya Suresh;Shri Charan Ramesh;Arun Pattathal Vijayakumar;Vandita Srivastava;Krishna Mohan Buddhiraju,Self-supervised spectral unmixing using scene-aware deep priors,
None,True,International Journal of Applied Earth Observation and Geoinformation,该论文研究使用Sentinel-2卫星数据，通过改进的测试时训练方法来精确反演叶绿素a浓度，以揭示中国湖泊富营养化的动态变化。这与大气环境遥感技术密切相关，特别是卫星观测和水质监测领域，属于环境遥感监测的范畴。,"['Sentinel-2', 'chlorophyll-a', 'lake eutrophication', 'remote sensing', 'air quality monitoring']",Zhen Zhang;Cuilin Yang;JiaJia Yuan;Lehao Huang;Zhongxi Ge;Zhitao Fu;Bo-Hui Tang,Pioneering Test-Time training for robust Fine-Grained chlorophyll-a retrieval from Sentinel-2: Unveiling China’s lake eutrophication dynamics (2018–2025),
None,True,International Journal of Applied Earth Observation and Geoinformation,该论文标题和摘要都与大气环境遥感技术密切相关。'precipitable water vapor'（可降水汽）是大气环境监测的重要参数，而'morphed integrated microwave imagery'（形态化综合微波图像）是一种遥感技术手段，用于从卫星观测数据中提取大气参数。因此，该论文与大气环境遥感技术（如空气质量监测、卫星观测、大气成分分析、气溶胶反演等）高度相关。,"['precipitable water vapor', 'microwave imagery', 'atmospheric remote sensing']",Yuhao Wu;Bao Zhang;Yibin Yao;Zheng Du;Hongming Li;Quanyu Chen,Generation of high-precision precipitable water vapor products from morphed integrated microwave imagery,
None,False,International Journal of Applied Earth Observation and Geoinformation,该论文研究的是冰川泥石流的发生频率和极端气候变化的关系，与大气环境遥感技术（如空气质量监测、卫星观测、大气成分分析、气溶胶反演）没有直接相关性。,"['glacial debris flows', 'Parlung Tsangpo Basin', 'Southeastern Tibetan Plateau']",Sen Zhang;Bochuan Zhang;Da Huang;Yongji Chen;Bei Zhang;Jianbing Peng,"Extreme climate effects on the occurrence and frequency of glacial debris flows: evidence from the Parlung Tsangpo Basin, Southeastern Tibetan Plateau",
None,True,International Journal of Applied Earth Observation and Geoinformation,该论文研究了利用无人机图像时间序列和多源环境特征进行连续性森林火灾蔓延预测，涉及遥感技术（无人机观测）和大气环境监测（火灾影响评估），因此与大气环境遥感技术密切相关。,"['UAV', 'wildfire spread prediction', 'environmental features']",Jiahao Zhou;Sen He;Shanjunxia Wu;Qiuhua Wang;Fei Wang,Integrating UAV image time-series with multi-source environmental features for sequential wildfire spread prediction,
None,True,International Journal of Applied Earth Observation and Geoinformation,该论文使用深度学习框架从卫星图像进行大规模土地覆盖分类，这属于遥感技术的一部分，特别是与卫星观测和图像分析相关。虽然主要关注土地覆盖分类而非直接的空气质量监测，但卫星图像分析是大气环境遥感技术的重要应用领域。,"['satellite imagery', 'land cover classification', 'deep learning']",Johannes Leonhardt;Juergen Gall;Ribana Roscher,LC-SLab — An object-based deep learning framework for large-scale land cover classification from satellite imagery and sparse in-situ labels,
None,True,International Journal of Applied Earth Observation and Geoinformation,该论文研究的是利用PROSPECT模型指导的多任务学习混合框架，用于同时反演叶片叶绿素和类胡萝卜素。虽然主要研究对象是植物色素，但这种方法可以应用于大气环境遥感技术中，通过分析植物冠层的光谱特征来推断大气成分和空气质量，因此与大气环境遥感技术有较强的相关性。,"['leaf chlorophyll', 'carotenoids', 'multi-task learning', 'remote sensing', 'atmospheric composition analysis']",Weilin Hao;Jia Sun;Kan Zhang;Shilin Yang;Feng Qiu;Jin Xu,A PROSPECT-guided multi-task learning hybrid framework for simultaneous retrieval of leaf chlorophyll and carotenoids,
None,True,International Journal of Applied Earth Observation and Geoinformation,该论文使用卫星观测数据研究火灾对澳大利亚北部地区植被抗逆性和恢复力的影响，涉及大气成分和环境监测，与大气环境遥感技术相关。,"['Satellite', 'fire', 'water stress', 'atmospheric composition', 'remote sensing']",Huanhuan Wang;Qiaoyun Xie;Sally E. Thompson;Caitlin E. Moore,Satellite evidence of reduced resistance and resilience to water stress after antecedent fire across a rainfall gradient in northern Australia,
None,True,International Journal of Applied Earth Observation and Geoinformation,该论文研究了覆盖作物生物量对卫星探测覆盖作物的影响，涉及卫星遥感技术在农业和环境监测中的应用，与大气环境遥感技术（如卫星观测和植被监测）密切相关。,"['satellite-based detectability', 'cover crops', ' Maryland']",Yide Xu;Qu Zhou;Kaiyu Guan;Sheng Wang;W. Dean Hively;Jyoti Jennewein;Alison Thieme;Steven Mirsky;Zhangliang Chen,The impacts of cover crop biomass on satellite-based detectability of cover crops in Maryland,
None,True,International Journal of Applied Earth Observation and Geoinformation,该论文研究了利用卫星监测洪水的方法，涉及了洪水类型分类和洪水范围绘制，这与大气环境遥感技术中的卫星观测和灾害监测密切相关。,"['satellite-based flood monitoring', 'flood type classification', 'flood extent mapping']",Ziming Wang;Jeffrey Neal;Peter M. Atkinson;Ce Zhang,From flood extent mapping to mechanism-aware flood products: integrating flood type classification into satellite-based flood monitoring,
None,False,International Journal of Applied Earth Observation and Geoinformation,该论文标题和摘要中没有明确提及与大气环境遥感技术相关的关键词，如空气质量监测、卫星观测、大气成分分析或气溶胶反演等。,[],Wan’er Yu;Gang Liu;Jing He;Zhiyong Luo,A high-resolution interchange classification model enhanced by multi-scale geometric structural feature fusion,
None,True,International Journal of Applied Earth Observation and Geoinformation,该论文研究了OCO-2卫星的XCO2数据检索与TCCON观测数据的时空偏差，涉及卫星观测和大气成分分析，与大气环境遥感技术密切相关。,"['OCO-2', 'XCO2', 'TCCON', 'satellite observations', 'atmospheric composition']",Tslil Nacson;David M. Broday;Fadi Kizel,Spatiotemporal bias in OCO-2 XCO<sub>2</sub> retrievals relative to TCCON observations,
None,False,International Journal of Applied Earth Observation and Geoinformation,该研究主要关注从街景图像和地理信息系统数据中检测和识别城市街道树木及其物种分类，虽然与城市环境有关，但并未涉及大气环境遥感技术，如空气质量监测、卫星观测、大气成分分析或气溶胶反演等。,"['street-view images', 'GIS data', 'urban street tree detection']",Weijia Li;Xinjie Huo;Junyan Ye;Jinhua Yu;Hanxi Wang;Juepeng Zheng;Xiang Zhang;Haohuan Fu,Individual urban street tree detection and species-level mapping from street-view images and GIS data,
None,True,International Journal of Applied Earth Observation and Geoinformation,该论文研究的是利用高光谱三角指数（hyperspectral triangular index）通过卫星尺度来表征水稻细菌性条斑病的严重程度。虽然主要关注的是植物病害监测，但其使用了卫星遥感技术（satellite-scale）和高光谱数据（hyperspectral），这与大气环境遥感技术中的卫星观测和大气成分分析有较强的关联，因此可以认为该论文与大气环境遥感技术（如空气质量监测和卫星观测）是强相关的。,"['hyperspectral triangular index', 'satellite-scale', 'rice bacterial leaf blight', 'atmospheric remote sensing', 'bacterial leaf blight severity']",Weiwei Liu;Xin Zhang;Gang Yang;Jingfeng Huang;Weiwei Sun;Luming Liu,BLB_TVI: A hyperspectral triangular index for satellite-scale characterization of rice bacterial leaf blight severity,
None,True,International Journal of Applied Earth Observation and Geoinformation,该论文研究如何通过混合监督和特征掩码恢复技术来高效标记未受监管的垃圾堆。虽然主题不是直接的空气质量监测，但使用遥感技术对垃圾堆进行监测和分析与大气环境遥感技术（如卫星观测和大气成分分析）密切相关，因为垃圾堆的分布和成分可能影响空气质量。,"['waste dumps', 'remote sensing', 'mixed supervision']",Li Shen;Xinyu Liu;Geding Yan;Daoping Peng;Zhilin Li,Label-efficient mapping of unregulated waste dumps via mixed supervision with feature masked recovery,
None,False,International Journal of Applied Earth Observation and Geoinformation,该论文主要关注使用自主水面船只和深度学习技术进行海洋生物多样性的可重复性制图，与大气环境遥感技术（如空气质量监测、卫星观测、大气成分分析、气溶胶反演等）关系不大。,"['autonomous surface vehicles', 'deep learning', 'marine biodiversity']",Matteo Contini;Victor Illien;Mohan Julien;Sylvain Poulain;Mervyn Ravitchandirane;Victor Russias;Arthur Lazennec;Sarah Hamylton;Tom Spencer;Anna Koester;Pierre Gogendeau;Thomas Chevrier;Justine Talpaert Daudon;Annabelle Constance;Christopher Jones;Frauke Fleischer-Dogley;Serge Bernard;Alexis Joly;Julien Barde;Sylvain Bonhommeau,Reproducible mapping of marine biodiversity using autonomous surface vehicles and deep learning,
None,True,International Journal of Applied Earth Observation and Geoinformation,该研究使用GOCI观测数据和机器学习框架重建和预测富营养化湖泊中的叶绿素a浓度，涉及卫星遥感技术和环境监测，与大气环境遥感技术相关。,"['Chl-a', 'GOCI', 'machine learning', 'eutrophic lakes', 'remote sensing']",Zehui Huang;Ronghua Ma;Xinhui Chen;Kun Xue;Minqi Hu;Haoze Liu,A two-stage machine learning framework for Chl-a reconstruction and short-term prediction in eutrophic lakes using GOCI observations,
None,True,International Journal of Applied Earth Observation and Geoinformation,该研究涉及遥感图像分割方法，与大气环境遥感技术中的卫星观测、图像处理和分析高度相关。虽然具体应用未明确提及，但遥感图像分割是大气环境监测中的关键技术，用于解析大气成分、气溶胶分布等。,"['Remote Sensing', 'Image Segmentation', 'Scene-Aware Guided Network']",Kai Tan;Hui Xia;Kaikai Tian;Hui Yang;Yanlan Wu;Peng Zhang;Yongchuang Wu,Referring Remote Sensing Image Segmentation method based on Scene-Aware Guided Network model,
None,False,International Journal of Applied Earth Observation and Geoinformation,该论文主要关注城市洪水风险评估，虽然涉及卫星土壤湿度，但与大气环境遥感技术（如空气质量监测、卫星观测、大气成分分析、气溶胶反演等）关系不大。,"['rainfall', 'satellite soil moisture', 'urban flood risk']",Sang Yeob Kim,Time-series framework integrating rainfall and satellite soil moisture for multi-scale urban flood risk assessment,
None,True,International Journal of Applied Earth Observation and Geoinformation,该论文研究了利用SIF约束的Noah-MP陆地表面模型来模拟水分利用效率和干旱恢复力，这些内容与大气环境遥感技术密切相关，特别是与大气成分分析和干旱监测相关。,"['SIF', 'Noah-MP', 'water use efficiency', 'drought Resilience']",Tewekel Melese Gemechu;Huifang Zhang;Jialong Sun;Baozhang Chen,A SIF-Constrained Noah-MP land surface model for simulating water use efficiency and drought Resilience: Application in a Semi-Arid Basin,
None,False,International Journal of Applied Earth Observation and Geoinformation,该论文研究的是无人机图像匹配技术，涉及循环一致性和通道分离的联合检测器和解码器，与大气环境遥感技术（如空气质量监测、卫星观测、大气成分分析、气溶胶检索）关系不大。,"['UAV', 'cycle-consistency', 'channel-separation']",Jingru Li;Kun Sun;Wen Dai;Chang Tang;Kunqian Li;Wenhao Bao;Xiongwu Xiao;Deren Li,C2D2: Matching UAV images with cycle-consistency and channel-separation for joint detector and descriptor,
None,True,International Journal of Applied Earth Observation and Geoinformation,该论文研究利用雷达后向散射进行时空融合，以增强监测南极冰架的表面融化动态。这与大气环境遥感技术中的卫星观测、大气成分分析密切相关，因为雷达后向散射是一种常用的遥感技术手段，用于监测冰盖和冰川的融化情况，属于大气环境监测的范畴。,"['radar backscatter', 'Antarctic ice shelves', 'surface melt dynamics']",Chengyu Pu;Lei Zheng;Jingan Wu;Qi Liang;Teng Li;Gang Li;Xiao Cheng,Spatiotemporal fusion of radar backscatter for enhanced monitoring of surface melt dynamics over Antarctic ice shelves,
None,True,International Journal of Applied Earth Observation and Geoinformation,该论文探讨了利用空间遥感技术检测北极农业区CO2和N2O交换特征的可行性，这与大气环境遥感技术密切相关，涉及大气成分分析和温室气体监测。,"['space-borne remote sensing', 'CO2', 'N2O', 'boreal agricultural fields']",Miia Salminen;Liisa Kulmala;Tuomas Laurila;Olli Nevalainen;Stephanie Gerin;Laura Heimsch;Henriikka Vekuri;Juval Cohen;Matias Takala;Kimmo Rautiainen;Narasinha Shurpali;Maarit Liimatainen;Jari Liski;Jouni Pulliainen,Feasibility of space-borne remote sensing to detect features related to CO<sub>2</sub> and N<sub>2</sub>O exchange of boreal agricultural fields,
None,True,International Journal of Applied Earth Observation and Geoinformation,该论文使用多源数据来绘制澳大利亚和新西兰的沿海沙丘的范围、类型和残留区域，涉及遥感技术，与大气环境遥感技术（如卫星观测、大气成分分析）密切相关。,"['coastal dunes', 'multi-source data', 'remote sensing']",Zhijia Zheng;Guanli Li;Chenjun Wang;Xiuyuan Zhang;Noam Levin,"Mapping the extent, type and remnant areas of the coastal dunes of Australia and New Zealand by integrating multi-source data",
None,False,International Journal of Applied Earth Observation and Geoinformation,该论文主要研究的是利用地形约束的测深反演技术和机器学习来分析浑浊的潮汐通道，这与大气环境遥感技术（如空气质量监测、卫星观测、大气成分分析、气溶胶反演等）没有直接关系。,"['geomorphology', 'bathymetric inversion', 'machine learning']",Jianchun Chen;Chao Gao;Yan Gu;Xiangyu Ou;Xiaoyi Cheng;Shibing Zhu;Ya Ping Wang,Geomorphology-constrained bathymetric inversion of turbid tidal channels using centerline-network priors and machine learning,
None,False,International Journal of Applied Earth Observation and Geoinformation,该论文标题和摘要主要涉及地质岩性地貌的解释，与大气环境遥感技术（如空气质量监测、卫星观测、大气成分分析、气溶胶反演）无明显关联。,[],Ying Cao;Diming Wu;Yilong Li;Qing Cheng,Multi-source complementary feature self-integration network for geological lithology interpretation,
None,False,International Journal of Applied Earth Observation and Geoinformation,该论文的主题是红树林湿地在 sea level rise 和 human activities 共同作用下的潜在陆地迁移模式，与大气环境遥感技术（如空气质量监测、卫星观测、大气成分分析、气溶胶反演）没有直接关系。,[],Zhaoxuan Ding;Bin Ai;Jiali Zeng;Yuchao Sun;Xiaoping Liu;Zhuokai Jian;Zhenlin Lai;Poyuan Ou,Simulating potential landward migration pattern of mangrove wetlands under the ‘two-way squeeze’ from sea level rise and human activities,
None,True,International Journal of Applied Earth Observation and Geoinformation,该论文探讨了一种基于边缘的精度评估框架，用于从遥感图像中进行目标检测。遥感图像广泛应用于大气环境遥感技术，如卫星观测和空气质量监测，因此该研究与大气环境遥感技术密切相关。,"['remote sensed images', 'target detection', 'accuracy assessment framework']",Yingfan Zhang;Weiyi Hou;Lyndon Estes;Rui Lu;Shijie Zhu;Aiyin Zhang;Zhou Shi;Su Ye,A novel edge-based accuracy assessment framework for target detection from remotely sensed images,
None,False,International Journal of Applied Earth Observation and Geoinformation,该研究主要关注农业梯田的适宜性预测，应用机器学习技术，与大气环境遥感技术（如空气质量监测、卫星观测、大气成分分析、气溶胶反演等）关系不大。,"['machine learning', 'agricultural terrace', 'Troodos Mountains']",Aman Kumar Meena;Christos Zoumides;Hakan Djuma;Ioannis Sofokleous;Corrado Camera;Adriana Bruggeman,"A machine learning framework for predicting agricultural terrace suitability using positive and unlabelled datasets: an application for the Troodos Mountains, Cyprus",
None,True,International Journal of Applied Earth Observation and Geoinformation,该论文使用LiDAR技术评估树木顶部的死亡情况，以检测亚洲长角甲虫对杨树森林的损害。LiDAR是一种大气环境遥感技术，常用于监测和分析大气成分、气溶胶等，因此该研究属于大气环境遥感技术的范畴。,"['LiDAR', 'treetop dieback', 'Asian longhorned beetle', 'poplar forests']",Quan Zhou;Rui Tang;Linfeng Yu;Peiyun Bi;Lili Ren;Youqing Luo,LiDAR-based assessment of treetop dieback to detect asian longhorned beetle damage in poplar forests,
None,True,International Journal of Applied Earth Observation and Geoinformation,该论文研究了覆盖中国的28种降水产品，评估和排序了这些产品的性能。降水是大气环境的重要组成部分，因此该研究涉及大气环境监测和数据分析，与遥感技术中的大气成分分析、空气质量监测等领域密切相关。,"['precipitation', 'products', 'China']",Le Xinlong;Kang Ling;Zhou Liwei;Wei Junfang;Chen Hao,Multi-Criteria evaluation and ranking of 28 precipitation products over China,
None,False,International Journal of Applied Earth Observation and Geoinformation,该论文研究的是基于NDVI的土地表面温度降尺度问题，主要关注的是地表温度的精细化预测，而不是大气环境遥感技术，如空气质量监测、卫星观测或大气成分分析等。,"['NDVI', 'land surface temperature', 'downscaling']",Jamal Elfarkh;Nadia Ouaadi;Said Grich;Abderrahman Liblab;Abdelghani Chehbouni,Stratified and adaptive regression for NDVI-based land surface temperature downscaling over agricultural fields,
None,False,International Journal of Applied Earth Observation and Geoinformation,该论文主要关注的是联邦学习在森林资源建模和监测中的应用，强调数据保密性和合作研究，与大气环境遥感技术（如空气质量监测、卫星观测、大气成分分析、气溶胶反演）没有直接关系。,[],Johannes Schumacher;Alessandro Cescatti;Gherardo Chirici;Giovanni D’Amico;Saverio Francini;Johannes Hertzler;Lauri Mehtätalo;Gert-Jan Nabuurs;Mats Nilsson;Juho Pitkänen;Johannes Breidenbach,Federated learning in forest resource modelling and monitoring: Bridging data confidentiality and collaborative research,
None,True,International Journal of Applied Earth Observation and Geoinformation,该论文研究的是基于深度学习的SAR图像和LiDAR点云之间的跨模态匹配框架，这与大气环境遥感技术密切相关，特别是涉及卫星观测（SAR）和激光雷达（LiDAR）技术，这些技术在空气质量监测和大气成分分析中具有重要应用。,"['SAR', 'LiDAR', 'deep learning', 'cross-modal matching']",Yifan Zhang;Jordi J. Mallorqui;Wen Wang,SAR2LiDAR: A deep learning-based cross-modal matching framework between SAR images and LiDAR point clouds,
None,False,International Journal of Applied Earth Observation and Geoinformation,该论文主要研究利用SAR图像进行水提取的技术，属于遥感图像处理领域，但与大气环境遥感技术（如空气质量监测、卫星观测、大气成分分析、气溶胶反演等）关联度较低。,"['SAR imagery', 'water extraction', 'weakly supervised network']",Kai Wang;Weicheng Zang;Zhongle Ren;Biao Hou;Jiawei Ning;Xi Li;Shulin Gao;Weibin Li;Licheng Jiao,WaterPLNet: A noise-robust weakly supervised network for water extraction from SAR imagery using point labels,
None,False,International Journal of Applied Earth Observation and Geoinformation,该论文主要关注的是如何通过基础框架推断城市中的兴趣点（POI）楼层，以增强三维城市垂直分析，研究对象是上海。虽然城市环境与大气环境有一定关联，但论文的核心内容并未直接涉及大气环境遥感技术，如空气质量监测、卫星观测或大气成分分析等。因此，与大气环境遥感技术的相关性较弱。,"['POI floors', '3D urban vertical analytics', 'Shanghai']",Liu Liu;Jiali Yang;Xiang Chen;Yao Shen;Mila Koeva,Baseline framework for inferring POI floors to enhance 3D urban vertical analytics: A comparative study in Shanghai,
None,True,International Journal of Applied Earth Observation and Geoinformation,该论文使用Landsat时间序列数据来量化纽芬兰林地中鹿的苔藓体积变化。Landsat是一种卫星遥感技术，用于观测地表变化，这与大气环境遥感技术中的卫星观测和地表分析相关。虽然主要关注的是林地中鹿的生态变化，但其使用遥感技术进行数据采集和分析，因此与大气环境遥感技术有较强的关联。,"['Landsat', 'lichen volume', 'woodland caribou', 'Newfoundland', 'remote sensing']",Catherine Beaulieu;Nicholas C. Coops;Alexandre Morin-Bernard;Steeve D. Côté;Alexis Achim,Quantifying changes in annual lichen volume for woodland caribou in Newfoundland using Landsat time series,
None,True,International Journal of Applied Earth Observation and Geoinformation,该论文的标题和摘要涉及人类热通量估算和地表能量平衡扰动，这些内容与大气环境遥感技术密切相关，例如通过遥感监测地表热通量变化来分析大气成分和空气质量。,"['anthropogenic heat flux', 'surface energy balance', 'remote sensing']",Yu Zhou;Deyong Hu;Tianhan Li,A double-temperature-difference framework for anthropogenic heat flux estimation accounting for surface energy balance perturbations,
None,False,International Journal of Applied Earth Observation and Geoinformation,该论文主要关注的是使用机载激光雷达（airborne lidar）和植被过滤技术来研究加州海岸悬崖的形态动力学，与大气环境遥感技术（如空气质量监测、卫星观测、大气成分分析、气溶胶反演）没有直接关系。,"['airborne lidar', 'vegetation filtering', 'coastal cliff morphodynamics']",Danghan Xie;Hironori Matsumoto;Zuzanna M. Swirad;Luc Lenain;Adam P. Young,Improved understanding of California coastal cliff morphodynamics using airborne lidar and vegetation filtering (2016–2023),
None,True,International Journal of Applied Earth Observation and Geoinformation,该论文标题和摘要涉及利用Unet框架进行全球范围的水体散射辐射斯托克斯向量的反演，这与大气环境遥感技术中的大气成分分析（特别是水体影响部分）密切相关，属于遥感技术应用领域。,"['Stokes vector', 'water-leaving radiance', 'Unet-based framework']",Jia Liu;Chunxia Li;Tieqiao Chen;Xinyin Jia;Siyuan Li;Bingliang Hu;Xianqiang He;Delu Pan,Global retrieval of stokes vector of water-leaving radiance via Unet-based framework,
None,True,International Journal of Applied Earth Observation and Geoinformation,该论文标题和摘要中提到“遥感图像”和“语义分割”，表明其研究方向与遥感技术相关，尽管具体内容是关于图像处理和知识驱动的图网络，但遥感图像是其研究对象，因此与大气环境遥感技术有一定关联。,"['remote sensing imagery', 'semantic segmentation', 'knowledge-driven graph network']",Wenqi Cui;Peng Luo;Weisong Li;Xing Xu;Jiale Chen;Chuan Chen,Navigating Hierarchies in Hyperbolic Space: A Knowledge-Driven Graph Network for Semantic Segmentation of Remote Sensing Imagery,
None,False,International Journal of Applied Earth Observation and Geoinformation,该论文主要关注农田地块识别，使用的是segment anything模型，与大气环境遥感技术（如空气质量监测、卫星观测、大气成分分析、气溶胶反演）关系不大。,"['cropland', 'segment anything model', 'data-driven']",Qing Geng;Kaiqi Ye;Fan Xu;Yu Meng;Miao Huang;Chunyan Yuan;Li Li;Bingbo Gao;Hu Zhou;Jianyu Yang;Ying Li;Jianxi Huang;Xiaochuang Yao,A data- and knowledge-driven cropland parcel recognition method based on segment anything model (SAM),
None,True,International Journal of Applied Earth Observation and Geoinformation,该论文标题和摘要涉及利用人工智能模型（MoE）优化地表面温度和发射率反演，这与大气环境遥感技术密切相关，特别是地热遥感反演和大气成分分析，因此相关性较高。,"['land surface temperature', 'emissivity', 'AI model', 'MoE']",Liu Ma;Kebiao Mao;Jiancheng Shi;Sayed M. Bateni;Zhonghua Guo;Zijin Yuan,An optimization AI model based on MoE for retrieving land surface temperature and emissivity,
None,True,International Journal of Applied Earth Observation and Geoinformation,该论文使用Sentinel-1合成孔径雷达（SAR）技术对喜马拉雅山脉的干雪进行大规模监测，涉及卫星观测和地理区域分析，与大气环境遥感技术（特别是卫星观测和地表覆盖监测）密切相关。,"['Sentinel-1 SAR', 'dry snow', 'High Mountain Asia']",Ying Huang;Lei Huang;Tobias Bolch,Large-Scale monitoring of dry snow in High Mountain Asia (2015–2024) from Sentinel-1 SAR observations,
None,True,International Journal of Applied Earth Observation and Geoinformation,该论文研究了卫星遥感技术在监测印度西北部稻田秸秆焚烧方面的局限性，并探讨了近年来焚烧活动是否减少。这与大气环境遥感技术中的火灾检测和空气质量监测直接相关。,"['satellite-based fire detection', 'crop residue burning', 'rice straw burning']",Prakhar Misra;Sachiko Hayashida;Masao Moriyama;Hikaru Araki,Limitations of interpreting orbiting satellite-based fire detection for crop residue burning: Has rice straw burning in northwest India decreased in recent years?,
None,True,International Journal of Applied Earth Observation and Geoinformation,该论文涉及从太空进行的成像光谱技术，用于改进对大气模型的研究，这属于大气环境遥感技术的范畴。,"['spaceborne imaging spectroscopy', 'atmospheric modeling', 'resource selection']",Hamed Gholizadeh;Aisha Sams;M. Ny Aina Rakotoarivony;Nimalka Weerasuriya;Elizabeth Struble;Clara Freese;Andrew Shepard;Saiful Islam;Ehsan Foroutan;Tony Brown;Christian Rossi;Robert Hamilton;Samuel Fuhlendorf;Nicholas McMillan;Ran Wang;Benedicte Bachelot;John Gamon,Spaceborne imaging spectroscopy advances modeling of grazer resource selection,
None,True,International Journal of Applied Earth Observation and Geoinformation,该论文研究的是使用P波段PolInSAR技术进行森林高度反演的先验约束回波框架，这与大气环境遥感技术（如卫星观测和大气成分分析）密切相关，因为PolInSAR是一种用于测量地表参数的遥感技术，而森林高度反演属于大气环境遥感应用范畴。,"['P-band PolInSAR', 'forest height inversion', 'atmospheric remote sensing']",Lei Wang;Linping Yang;Gaoyun Shen;Junyi Liu;Junnan Xiong;Lin Fu;Li Zeng;Bing Yu;Chongchong Ye,PG-GVB: A prior constrained backscatter framework for P-band PolInSAR forest height inversion,
None,True,International Journal of Applied Earth Observation and Geoinformation,该论文与大气环境遥感技术相关，因为它涉及使用合成孔径雷达（SAR）技术进行船舶检测，这是一种用于监测大气成分和环境参数的遥感技术。,"['SAR', 'ship detection', 'neural architecture search']",Huiyao Wan;Zutong Wen;Pazlat Nurmamat;Jie Chen;Yice Cao;Hongcheng Zeng;Shuai Wang;Wei Yang;Jie Chen;Zhixiang Huang;Jin Tang,Automatic design of efficient SAR ship detection networks for large-scale scenes via neural architecture search,
None,False,International Journal of Applied Earth Observation and Geoinformation,该论文标题和摘要主要关注于'urban villages mapping'（城市村庄制图），涉及语义嵌入的双分支融合网络技术，与大气环境遥感技术（如空气质量监测、卫星观测、大气成分分析、气溶胶反演）无明显关联。,[],Shaobo Qiu;Shi Shen;Changqing Song;Cansong Li,UVSENet: A Semantic-Embedded dual branch fusion network for urban villages mapping,
None,True,International Journal of Applied Earth Observation and Geoinformation,该论文使用卫星数据估算亚非地区人口加权NO2暴露水平，这与大气环境遥感技术中的空气质量监测和大气成分分析密切相关。,"['Satellite-derived', 'NO2', 'population-weighted', 'air quality monitoring']",Jingru Wang;Dong Liu;Tim Schwanen;Tomoki Nakaya;Ernest Agyemang;Jason Gilliland,Satellite-derived population-weighted NO<sub>2</sub> exposure and inequality across African subnational regions for SDGs 3 and 11,
None,False,International Journal of Applied Earth Observation and Geoinformation,该论文研究的是通过时空网络流L函数识别多尺度人类流动集群，主要关注的是人类流动模式分析，与大气环境遥感技术（如空气质量监测、卫星观测、大气成分分析、气溶胶反演等）没有直接关联。,"['spatiotemporal network flow', 'human flow clusters', 'L function']",Zilong Zhao;Mei-Po Kwan;Zihan Kan,Identifying multi-scale human flow clusters via spatiotemporal network flow L function,
None,True,International Journal of Applied Earth Observation and Geoinformation,该论文标题和摘要中的关键词（如“hyperspectral”、“anomaly detection”）与大气环境遥感技术中的空气质量监测、卫星观测等领域高度相关。虽然摘要未明确提及大气成分分析或气溶胶检索，但其技术方法（如低秩判别字典和全局-局部显著性权重）适用于处理遥感数据中的异常检测，这与大气环境监测中的数据分析和处理密切相关。,"['hyperspectral', 'anomaly detection', 'low-rank discriminative dictionary', 'global-local saliency weight']",Yufan Yang;Hongjun Su;Zhaoyue Wu;Hui Yang;Qian Du,Robust hyperspectral anomaly detection via low-rank discriminative dictionary and global-local saliency weight,
None,True,International Journal of Applied Earth Observation and Geoinformation,该论文涉及卫星视频的地理语义正则化稀疏追踪技术，与大气环境遥感技术密切相关，特别是卫星观测和大气成分分析领域。,"['satellite videos', 'Geo-Semantic Regularized Sparse tracker', 'remote sensing']",Xin Huang;Wei Qin;Yifan Liao;Pengjie Tao,GSR-Track: A Geo-Semantic Regularized Sparse tracker for satellite videos,
None,True,International Journal of Applied Earth Observation and Geoinformation,该论文研究通过多类别浮游植物密度反演技术评估东北部湖泊中蓝藻水华的严重程度，涉及遥感技术在湖泊环境监测中的应用，与大气环境遥感技术中的空气质量监测和卫星观测有强关联性。,"['Multi-Class phytoplankton density retrieval', 'cyanobacterial bloom', 'lakes', 'remote sensing']",Zhaojiang Yan;Chong Fang;Kaishan Song;Ge Liu;Yunfeng Lyu;Jinpeng Shen;Shizhuo Liu,From pixels to Algae: Assessing cyanobacterial bloom severity in Northeastern lakes through Multi-Class phytoplankton density retrieval,
None,False,International Journal of Applied Earth Observation and Geoinformation,该论文主要关注使用多模态遥感数据融合进行住宅建筑损坏评估，虽然涉及遥感数据，但重点在于AI系统和建筑损坏评估，而非大气环境遥感技术，如空气质量监测、卫星观测或大气成分分析。,"['remote sensing', 'multimodal', 'AI', 'damage estimation']",Edmund Robbins;Nezamoddin N. Kachouie,An AI system for residential building damage estimation using multimodal remote sensing data fusion,
None,True,International Journal of Applied Earth Observation and Geoinformation,该论文标题和摘要明确涉及气溶胶特性反演算法、AMI/GK-2A卫星传感器以及深度学习辐射传输模拟器，这些都是大气环境遥感技术中的关键领域，因此与大气环境遥感技术密切相关。,"['aerosol property retrieval', 'AMI/GK-2A', 'deep learning', 'radiative transfer emulator']",Minseok Kim;Jhoon Kim;Hyunkwang Lim;Seoyoung Lee;Hyeji Cha;Yujin Chai;Sang Seo Park;Jun Wang,Hybrid physics–AI aerosol property retrieval algorithm for AMI/GK-2A with a deep learning radiative transfer emulator,
None,True,International Journal of Applied Earth Observation and Geoinformation,该论文研究利用机器学习技术校正C2-Net方法以从光复杂性较小的湖泊中反演叶绿素-a浓度，这与大气环境遥感技术中的水质监测和光学遥感方法相关，但主要聚焦于水面水质而非大气成分或空气污染监测。,"['chlorophyll-a retrieval', 'optically complex small reservoirs', 'machine learning correction']",Jesús A. Torrecilla-Pinero;Aurora Cuartero;José Cáceres-Merino;Victoria Amores-Chaparro;Fernando Broncano,Machine learning correction of C2-Net for chlorophyll-a retrieval in optically complex small reservoirs,
10.1016/j.atmosenv.2026.122298,True,Atmospheric Environment,该论文与大气环境遥感技术密切相关，因为它涉及使用从多个有效载荷（如FY-3B/TOU和CALIPSO）获取的吸收气溶胶指数（AAI）来表征空气污染的传输。此外，论文还结合了卫星观测和地面观测数据，以及具体的气溶胶类型（如沙尘和人为污染物），这些都属于大气环境遥感技术的研究范畴。,"['Absorbing Aerosol Index', 'CALIPSO', 'FY-3B', 'air pollution transport', 'ground-based observations']",Zhuo Zhang;Jian Xu;Weihe Wang;Yongmei Wang;Fei Wei;Jinghua Mao;Qian Wang;Shenyi Zhang;Xianguo Zhang;Xiuqing Hu,Characterization of air pollution transport using absorbing aerosol index from multiple payloads and synergistic satellite and ground-based observations,"•Synergistic use of FY-3B/TOU AAI and CALIPSO VFM reveals layered winter aerosol transport over China. •Domestic UV sensors show strong reliability for monitoring absorbing aerosols (r > 0.7 with GOME-2). •Dust and anthropogenic pollutants exhibit distinct vertical transport mechanisms. •Chinese hyperspectral sensors demonstrate capability for observing extreme events in Europe. 
 The past decade has witnessed substantial advances in Chinese satellite instruments for monitoring absorbing aerosols, particularly in spatial resolution. To illustrate the expanding application scope of these instruments, we present three representative episodes observed by different-generation sensors. The first case, spanning late January to early February 2015, employs a synergistic approach combining the previous-generation FY-3B/TOU Absorbing Aerosol Index (AAI) with the CALIOP/CALIPSO Vertical Feature Mask (VFM). This is further complemented by HYSPLIT forward and backward trajectory analyses, which, together with reanalysis wind fields at multiple altitudes, provide information on vertically separated aerosol features and height-dependent transport pathways. On 3 February 2015, both dust and anthropogenic pollutants contributed to the event, with PM10 exceeding 450 μg/m3, PM2.5 surpassing 250 μg/m3, and AAI peaking at 5. The synergy of FY-3B/TOU AAI, CALIPSO VFM, HYSPLIT trajectories, and ground-based PM observations provides a multi-platform depiction of wintertime aerosol transport over China. The second case (2024 Saharan dust transport to Europe) and the third case (2025 North American wildfire-smoke transport to Europe) use China's newer-generation payloads, GF-5B/AAS and FY-3F/OMS-N, which provide finer spatial sampling. AERONET sun-photometer observations and HYSPLIT backward trajectories supply independent event-specific support for aerosol loading, dominant particle mode, and likely air-mass origins. Together, these cases illustrate the application potential of multi-generation Chinese UV sensors for monitoring absorbing-aerosol transport at regional and transcontinental scales. Because the instruments did not observe the same event simultaneously, the cases are not intended as a controlled inter-sensor performance comparison."
10.1016/j.atmosenv.2026.122286,True,Atmospheric Environment,该研究分析了圣保罗都市区PM10的化学成分和来源解析，涉及空气质量监测和大气成分分析，与大气环境遥感技术密切相关。,"['PM10', 'air quality monitoring', 'source apportionment']",Jacques Florêncio;Pamela Dominutti;Vy Ngoc Thuy Dinh;Adalgiza Fornaro;Agnès Borbon;Gaëlle Uzu;Sophie Darfeuil;Véronique Jacob;Pauline Bros;Rhabira Elazzouzi;Céline Voiron;Ávila B. Santos;Jean-Luc Jaffrezo;Maria Lucia Arruda Moura Campos,Comprehensive analysis of PM<sub>10</sub> in the metropolitan area of São Paulo – Part I: Chemical characterisation and source apportionment,"•PM10concentrations in the MASP were about twice as high during the dry season. •A year-long PM10profile revealed distinct seasonality in the chemical composition. •Organic matter comprised 49% of the PM10mass, with 17% chemically identified. •PMF revealed biomass burning, sulfate-rich aerosol and dust as key PM10sources. 
 In this study, 126 PM10 samples were collected in the Metropolitan Area of São Paulo (MASP), Brazil, with 24-h sampling performed every three days from July 2022 to July 2023, as part of the BIOMASP + project. The reconstructed PM10 concentrations ranged from 4.8 to 61.3 μg m−3 (annual mean of 17.2 ± 12.2 μg m−3), with levels during the dry season about twice as high as in the rainy season. Organic matter (OM) was the dominant component (49% of PM10 mass), of which 17% was chemically resolved, with humic-like substances (HuLiS) accounting for 59% of the identified organic fraction. The inorganic fraction consisted mainly of SO42− (16%), NO3− (8%), and elemental carbon (7%). Oxalate, malonic acid, methanesulfonic acid (MSA), and malic acid accounted for 81% of the quantified organic acid mass. Enrichment factors identified clear anthropogenic signatures for As, Cd, Cu, Pb, Rb, Sb, Se, Ti, and Zn. Despite lower levoglucosan concentrations (99.2 ± 153.2 ng m−3) than those reported in previous MASP studies, dry-season levels were approximately five times higher than those in the rainy season, confirming the influence of biomass burning on PM10 composition. Conversely, elevated arabitol and mannitol concentrations during the wet season reflected the contribution of biogenic sources. An 11-factor PMF solution identified contributions from mineral dust (20.4%), sulfate-rich (14.8%), biomass burning (12.0%), road dust (11.7%), primary biogenic (9.7%), aged sea salt (9.2%), traffic (7.0%), nitrate-rich (6.0%), industrial (3.3%), secondary biogenic oxidation (3.3%), and sea salt (2.7%). These findings provide a comprehensive knowledge on PM10 chemical composition to improve the identification of emission sources in a region where air quality standards are frequently exceeded, emphasizing the importance of targeted mitigation strategies and sustained monitoring efforts."
None,True,Atmospheric Environment,该论文的标题和摘要明确涉及大气相关的生物颗粒及其碳源特征，这与大气环境遥感技术中的大气成分分析和空气质量管理密切相关。,"['atmospheric', 'biological particles', 'carbon source profiles']",Ting Liu;Yulun Xiao;L.-W. Antony Chen;Junji Cao;Changlin Zhan;Mi Zhang;Jiaquan Zhang;Hongxia Liu;Zhen Wang;Dong Xiang;Xude Zhao;Xianli Liu,"Corrigendum to “Carbon source profiles for atmospheric relevant biological particles” [Atmosph. Environ. 373, (15 May 2026), 121921]",
None,True,Atmospheric Research,该论文研究青藏高原上水分输送的时空变化及其对降水的影响机制，这与大气环境遥感技术密切相关，特别是通过分析大气成分和降水模式来监测空气质量。,"['moisture transport', 'Tibetan Plateau', 'precipitation']",Guiping Li;Yanping Li;Zhongbo Yu;Qin Ju;Jing Yang;Zhaofeng Liu;YanYan Kang,Temporal and spatial changes in moisture transport over the Tibetan Plateau and their mechanisms influencing precipitation,
None,False,Atmospheric Research,该论文研究的是地中海地区秋季暴雨的动力学条件，与大气环境遥感技术（如空气质量监测、卫星观测、大气成分分析、气溶胶反演等）没有直接关系。,"['western Mediterranean', 'recirculation cell', 'autumn torrential rains']",Eduardo A. Agosta;María José Estrela;David Corell;Juan J. Miró,Thermodynamic preconditioning of autumn torrential rains: The amplifying role of the western Mediterranean recirculation cell,
None,False,Atmospheric Research,该论文研究南非西开普省的极端降雨及其与阿古拉斯海流和本格拉海流的关系，主要涉及气候学和海洋学，与大气环境遥感技术（如空气质量监测、卫星观测、大气成分分析、气溶胶反演）相关性较弱。,"['extreme rainfall', 'Agulhas current', 'Benguela current']",Chelsey L. Jansen;Babatunde J. Abiodun;Akintunde I. Makinde;Sabina Abba Omar,"Cut-off low–induced extreme rainfall in the Western Cape, South Africa: The roles of the Agulhas and Benguela current systems",
None,True,Atmospheric Research,该论文研究持续性浓雾与大气污染之间的相互作用，并基于旋翼无人机进行原位观测。这与大气环境遥感技术密切相关，特别是空气质量和大气成分分析，因为无人机可以用于监测和收集大气数据。,"['persistent dense fog', 'atmospheric pollution', 'rotary-wing unmanned aerial vehicles']",Duanyang Liu;Ruolan Liu;Shujie Yuan;Fan Zu;Hong Wu;Aichen Niu;Ruixiang Liu;Huizheng Che;Shuqi Yan;Hongbin Wang;Zhujun Dai,Interaction between persistent dense fog and atmospheric pollution: Based on in-situ observations of rotary-wing unmanned aerial vehicles,
None,True,Atmospheric Research,该论文研究的是河北地区层云的微物理时空变化，涉及云的观测和雪fall，与大气环境遥感技术中的云和降水监测相关，因此相关性较强。,"['stratus cloud', 'snowfall', 'microphysical variability']",Jiefeng Li;Chuanfeng Zhao;Qinghong Zhang;Ji Nie;Xiaobo Dong;Rong Mai;Yan Yu;Jing Li;Huiwen Xue;Yikun Yang,"Case-specific spatiotemporal microphysical variability of a stratus cloud with snowfall over Hebei, China from aircraft observations",
None,True,Atmospheric Research,该论文研究了GSMaP和IMERG两种降水数据产品在中国地区的应用，涉及卫星观测数据分析和统计方法，与大气环境遥感技术（如卫星降水监测）密切相关。,"['GSMaP', 'IMERG', 'precipitation', 'China', 'daily statistics']",Chun Zhou;Haowen Li;Yinan Guo;Lingling Wu;Li Zhou,Evaluating GSMaP and IMERG precipitation over China using daily statistics and event-based diagnostics,
None,True,Atmospheric Research,该研究关注不同地形高度下的雨滴大小分布，涉及大气中的降水现象，与大气环境遥感技术中的降水监测和大气成分分析相关。,"['raindrop size distribution', 'topographic heights', 'Qilian Mountains']",Han Luo;Qiang Zhang;Ping Yue;Rong Wang;Songyu Li;Xia Li,A case study on the characteristics of raindrop size distribution at different topographic heights in the Qilian Mountains,
None,False,Atmospheric Research,该论文主要关注澳大利亚热带气旋大小的趋势分析，使用的是整合观测和高分辨率再分析数据集。虽然与大气环境有关，但主要涉及气象学和气候学，而非遥感技术、空气质量监测或卫星观测等领域。,"['tropical cyclone', 'size', 'Australia']",Sarvesh Kumar;Savin S. Chand;Samuel S. Bell;Hamish A. Ramsay;Valentina Koschatzky;Philip J. Klotzbach;Andrew Dowdy,Assessing trends in tropical cyclone size over Australia using consolidated observations and high-resolution reanalysis datasets,
None,True,Atmospheric Research,该研究关注青藏高原夏季极端降水现象，探讨了外部强迫和内部变异的影响，与大气环境遥感技术中的空气质量监测和大气成分分析相关，但更偏向气候和环境科学领域。,"['extreme precipitation', 'Tibetan Plateau', 'external forcing', 'internal variability']",Guanqi Fu;Anmin Duan;Xu Yuan;Xianyi Yang,Multi-scale attribution of external forcing and internal variability to summer extreme precipitation in Tibetan Plateau,
None,True,Atmospheric Research,该论文研究了华南沿海山区和城市地区的硝酸盐气溶胶形成机制，并基于同位素观测进行分析，这与大气环境遥感技术中的空气质量监测和气溶胶检索密切相关。,"['nitrate aerosols', 'isotope observations', 'coastal mountain']",Mei-Yi Fan;Peiwen Guo;Hai Guo;Yu Wang;Changliu Wu;Yihang Hong;Xiaopu Lyu;Yan-Lin Zhang,Formation mechanisms of nitrate aerosols at coastal mountain and urban sites of southern China based on isotope observations,
None,True,Atmospheric Research,该论文研究中国近地表风速在1980-2024年间的趋势反转，涉及大气环境监测和气候变化分析，与遥感技术在空气质量监测和大气成分分析中的应用密切相关。,"['wind speed', 'atmospheric', 'China']",Xi Chen;Jiayi Nie;Wentian Qiu;Qinghong Zhao;Hairong Li;Xiuhua Zhou;Chengyang Zhang;Kaiqiang Deng,Divergent trend reversals in near-surface wind speed over China during 1980–2024,
None,False,Atmospheric Research,该论文主要研究ERA5-Land数据集在模拟亚热带浅层湖泊热力学方面的表现，与大气环境遥感技术（如空气质量监测、卫星观测、大气成分分析、气溶胶反演等）关系不大。,"['ERA5-Land', 'subtropical shallow lake', 'thermodynamics']",Wei Wang;Zihan Zhu;Mi Zhang;Heng Lyu;Zhiwen Wen;Bo Wang;Qiuxiang Jin;Zhen Zhang;Taikan Oki;Xuhui Lee,Performance evaluation of ERA5-Land in simulating thermodynamics of a subtropical shallow lake against long-term observations,
None,True,Atmospheric Research,该论文研究的是北太平洋夏季内季节性波对北美气温和热极端事件的影响，这与大气环境遥感技术中的空气质量监测和气候变化分析密切相关，因此具有相关性。,"['North Pacific intraseasonal waves', 'North American air temperatures', 'heat extremes']",Lei Du;Riyu Lu;Shanjun Luo;Chuandong Zhu;Yuhan Yan,Summer North Pacific intraseasonal waves drive North American air temperatures and heat extremes,
None,True,Atmospheric Research,该论文研究了超级台风利奇马快速增强过程中的云-辐射强迫，涉及云和降水粒子对大气辐射的影响，这与大气环境遥感技术中的大气成分分析和卫星观测密切相关。,"['cloud-radiation forcing', 'hydrometeor species', 'super Typhoon Lekima']",Lyu Leyang;Xinyan Lyu;Melinda Peng;Xuyang Ge,Distinct cloud-radiation forcing of hydrometeor species during the rapid intensification of super Typhoon Lekima (2019),
None,True,Atmospheric Research,该论文研究的是沿海青岛和西北太平洋地区雨水中细菌的环境驱动因素，虽然不直接涉及大气环境遥感技术，但与大气环境密切相关，因为雨水中细菌的分布和变化可能受到大气环境因素的影响，如空气质量、大气成分等。因此，该论文与大气环境遥感技术有一定的关联性。,"['rainwater bacteria', 'coastal Qingdao', 'Northwest Pacific Ocean']",Xiaoyu Wang;Yuanzhe Ni;Yangfei Ai;Zhongyu Diao;Jianhua Qi,Environmental drivers of rainwater bacteria over coastal Qingdao and the Northwest Pacific Ocean,
None,True,Atmospheric Research,该论文研究西风对青藏高原夏季降水年际变化的影响，涉及大气环流和降水变化，与大气环境遥感技术（如降水监测和大气成分分析）密切相关。,"['westerlies', 'interannual variability', 'precipitation', 'Tibetan Plateau']",Xin Mao;Xingwen Jiang;Huimei Wang;Jiaxin Ye;Yiwei Zhang;Chao Chen,Impacts of westerlies on interannual variability of summer precipitation over the southwestern Tibetan Plateau,
None,True,Atmospheric Research,该论文研究了WRF模型在复杂地形中对湍流地形形阻的表征，并考虑了稳定性的依赖关系，这与大气环境遥感技术中的空气质量和大气成分分析密切相关，因此具有相关性。,"['WRF model', 'turbulent orographic form drag', 'atmospheric stability', 'complex terrain']",Yulong Ma;Xingwen Jiang;Lin Mu;Qilin Wan;Zhiwei Heng,Improving the representation of turbulent orographic form drag with stability dependence in the WRF model over complex terrain,
None,True,Atmospheric Research,该论文研究平流层臭氧入侵对中国东部近地面臭氧的影响，涉及大气成分分析和空气质量监测，与大气环境遥感技术密切相关。,"['stratospheric ozone', 'near-surface ozone', 'CESM-MUSICA', 'Typhoon Lekima']",Yichao Zhou;Xuewei Hou;Man Yue;Chenchao Zhan,Impact of stratospheric ozone intrusion on near-surface ozone in eastern China under Typhoon Lekima: A high-resolution CESM-MUSICA simulation analysis,
None,True,Atmospheric Research,该论文研究了东亚急流对中央中国区域传输的调制作用，涉及气溶胶变异性，这属于大气环境遥感技术中的空气质量监测和区域传输分析范畴。,"['aerosol variability', 'East Asian jet stream', 'Central China']",Yujie Jiang;Xiefei Zhi;Yongqing Bai;Ling Zhang;Yi Fan;Shoupeng Zhu;Tianliang Zhao,East Asian jet stream modulates interdecadal aerosol variability over Central China via enhanced regional transport,
None,True,Atmospheric Research,该论文研究了利用FY-4卫星观测数据揭示中国东北冷涡下不同强对流天气事件的积云特征，涉及卫星观测和大气物理过程，与大气环境遥感技术（如卫星观测、大气成分分析）密切相关。,"['FY-4', 'convective clouds', 'severe convective events']",Yang Gao;Xiaoyong Zhuge;Xi Wang;Xiaowen Zhang,Characteristics of convective clouds associated with different severe convective events under Northeast China Cold Vortex revealed by FY-4 observations,
None,True,Atmospheric Research,该论文研究印度的地表相对湿度，特别是东北地区，涉及数据验证、趋势分析和归因，与大气环境遥感技术（如空气质量监测和卫星观测）密切相关。,"['surface relative humidity', 'India', 'trends']",Rohit Gautam,"Analysis of surface relative humidity over India with special emphasis on the North Eastern Region: Data validation, trends and attribution",
None,True,Atmospheric Research,该论文研究大气河流对季风亚洲水汽气候的影响，涉及大气科学和气候研究，与大气环境遥感技术的应用领域（如卫星观测、大气成分分析）密切相关。,"['atmospheric rivers', 'hydrometeor climatology', 'Monsoon Asia']",Mingzhu Li;Ju Liang,How atmospheric rivers modulate hydrometeor climatology over Monsoon Asia,
None,True,Atmospheric Research,该论文研究了泰国地表层湍流中的惯性行为临界粒径阈值，这直接关系到细颗粒物（PM2.5）和粗颗粒物的空气质量建模，因此与大气环境遥感技术（如空气质量监测和大气成分分析）密切相关。,"['PM2.5', 'air-quality', 'particle-size', 'turbulence']",Chalermpol Wangsomcholk,Critical particle-size threshold for inertial behaviour in Thai surface-layer turbulence: Implications for PM<sub>2.5</sub> and coarse-particle air-quality modelling,
None,True,Atmospheric Research,该论文研究了台风Hinnamnor (2022)的快速路径和强度变化，这与大气环境遥感技术密切相关，特别是通过遥感技术监测和预测台风的路径和强度变化。,"['typhoon', 'track', 'intensity', 'atmospheric', 'remote sensing']",Pin-Hong Chen;Ching-Yuang Huang,Can a cutoff low cause rapid track and intensity changes of typhoon hinnamnor (2022)?,
None,True,Atmospheric Research,该论文研究热带气旋对长江中下游夏季复合高温干旱事件的影响，涉及大气环境和气候变化的相互作用，与大气环境遥感技术中的空气质量监测和气候变化分析相关。,"['tropical cyclones', 'compound hot and dry events', 'Yangtze River']",Jianqian Li;Chao Wang;Yuqin Wu;Liguang Wu;Haikun Zhao;Jian Cao,Track-dependent impacts of tropical cyclones on summer compound hot and dry events over the middle and lower reaches of the Yangtze River,
None,True,Atmospheric Research,该论文研究的是六盘山山顶的气溶胶数量大小分布和谱拟合特征，涉及气溶胶的观测和分析，属于大气环境遥感技术领域，特别是空气质量监测和大气成分分析。,"['aerosol', 'size distribution', 'Mount Liupan']",Hejue Zhao;Zhuolin Chang;Jianren Sang;Liren Xu;Zezhong Sun;Run Luo;Le Jia;Ning Cao;Haoran Zhu;Yanbo Dai;Longyan Li;Jun Zhang;Wei Deng;Tianxue Wen;Kai Bi;Jiming Sun,Characteristics of aerosol number size distribution and spectrum fitting at the summit of Mount Liupan,
None,True,Atmospheric Research,该论文研究北极平流层臭氧变化对北大西洋海表温度偶极子和欧亚气候遥相关的影响，涉及大气成分分析和气候变化，与大气环境遥感技术（如大气成分分析）密切相关。,"['ozone variability', 'North Atlantic SST', 'climate teleconnections']",Dingzhu Hu;Cuiting Zhao;Huimin Zhang,Arctic stratospheric ozone variability drives North Atlantic SST dipole and Eurasian climate teleconnections,
None,True,Atmospheric Research,该论文研究了GPM IMERG数据在西班牙东部地区的亚日降水极端值监测性能，涉及大气遥感技术和降水监测，与大气环境遥感技术密切相关。,"['GPM IMERG', 'sub-daily precipitation', 'atmospheric remote sensing']",Marc Semper;Manuel Curado;Jose F. Vicent;Leandro Tortosa,"Performance limits of GPM IMERG for sub-daily precipitation extremes over the Comunitat Valenciana, eastern Spain: Representativeness, attenuation, and pixel-scale displacement",
None,True,Atmospheric Research,该论文研究的是比利牛斯山脉冬季暖 spell 的天气学驱动因素和雪融化影响，这与大气环境遥感技术（如空气质量监测、大气成分分析）密切相关。,"['air quality monitoring', 'atmospheric composition', 'snowmelt impacts']",Josep Bonsoms;Roberto Serrano-Notivoli,Winter warm spells in the pyrenees: synoptic drivers and snowmelt impacts (1960–2024),
None,True,Atmospheric Research,该论文的标题和摘要明确提到了卫星技术（satellite）和地面NO2排放特征（emission footprints），这与大气环境遥感技术中的空气质量监测和污染物分析密切相关。此外，研究还涉及气象动力学（meteorological dynamics），进一步表明其与大气环境遥感技术的关联性。因此，该论文与大气环境遥感技术密切相关。,"['satellite', 'NO2', 'meteorological dynamics', 'emission footprints']",Mingbin Guo;Jianzhou Gong;Yuangong Chen;Yuqing Jian;Weifeng Xiao;Shikuan Wang,A satellite-constrained two-stage spatiotemporal framework for disentangling meteorological dynamics and emission footprints of ground-level NO<sub>2</sub>,
None,True,Atmospheric Research,该论文标题和摘要明确涉及热带气旋中的不对称降雨估计，TCRM（热带气旋降雨估算模型）是一种用于大气环境遥感技术中的方法，用于监测和预测热带气旋的降水分布，因此与大气环境遥感技术（如卫星观测和大气成分分析）密切相关。,"['asymmetric rainfall', 'tropical cyclones', 'TCRM']",Bingyao Guo;Qingqing Li;Qi Gao;Changyu Zhao;Ruyan Chen,Improving asymmetric rainfall estimation in tropical cyclones: A revised TCRM,
None,True,Atmospheric Research,该论文研究基于U-Net的空间协同校正方法，用于改进中国气象局中尺度环境模型（CMA-MESO）的夏季降水预报。虽然主要关注降水预报，但该方法涉及空间数据处理和模型校正，与大气环境遥感技术中的数据分析和模型应用密切相关，因此属于大气环境遥感技术的范畴。,"['U-Net', 'spatial synergistic correction', 'gridded precipitation forecasts', 'atmospheric environmental remote sensing']",Guangxin He;Wei Wu;Zhigang Zhang;Zhanshan Ma;Juanzhen Sun;Haonan Chen;Jingjia Luo,U-Net-based spatial synergistic correction of gridded summer precipitation forecasts for CMA-MESO in Central China,
None,True,Atmospheric Research,该论文研究了中国东北冷涡的结构和能量转换，特别是与强降水分布类型相关的干侵入影响。这涉及到大气环境的动态变化和成分分析，与空气质量监测和卫星遥感技术密切相关。,"['cold vortices', 'heavy rainfall', 'dry intrusion', 'atmospheric composition', 'air quality monitoring']",Yining Shen;Lijuan Wang;Zhaoyong Guan;Weijie Zeng;Xiaowen Zhao,Structure and energy conversion of Northeast China cold vortices with different distribution types of heavy rainfall influenced by dry intrusion,
None,True,Atmospheric Research,该论文研究了地表放射性对大气电性的影响，尤其是在稳定边界层条件下的影响。这涉及到大气环境中的电学现象和地表与大气之间的相互作用，属于大气环境遥感技术的研究范畴，例如通过遥感手段监测大气电性变化或分析大气成分。,"['atmospheric electricity', 'stable boundary layer', 'radioactivity']",K.A. Nicoll;O. O'Neill;C. Miller;J. Paatero;T. Ulich,Surface radioactivity influences on atmospheric electricity during stable boundary layer conditions,
None,True,Atmospheric Research,该论文研究使用ICON百米级集合预报技术来提高对流风暴的预报技巧。虽然主要关注天气预报技术，但涉及对流风暴的观测和分析，这与大气环境遥感技术中的空气质量和大气成分监测有一定关联，因为对流风暴常伴随大气成分的变化。,"['convective storm', 'ICON', 'hectometric-scale ensembles']",Matteo Siena;Thomas Gastaldo;Chiara Marsigli;Paolo Ruggieri;Silvana Di Sabatino,Improving forecast skill of a convective storm using ICON hectometric-scale ensembles,
None,True,Atmospheric Research,该论文标题和摘要明确涉及使用卫星技术评估伊朗东部的沙尘暴及其跨境影响，这与大气环境遥感技术（如空气质量监测、卫星观测、大气成分分析、气溶胶反演）密切相关。,"['satellite-based', 'dust storms', 'transboundary impacts']",Ali Darvishi Boloorani;Masoud Soleimani;Nastaran Nasiri;Fatemeh Amiri;Najmeh Neysani Samany;Ali Al-Hemoud;Iraj Gholami;Kan Huang,Satellite-based assessment of dust storms originating from Eastern Iran with measurable transboundary impacts,
None,False,Atmospheric Research,该论文研究的是土壤湿度对北中国夏季次季节性降水预报的影响，使用的是CWRF模型。虽然涉及大气环境和降水预报，但主要关注点在于土壤湿度和数值模型，而非大气环境遥感技术，如空气质量监测、卫星观测或大气成分分析。,"['soil moisture', 'subseasonal precipitation', 'CWRF model']",Chenyi Zhang;Minghao Wang;Yong Luo;Qingquan Li;Lili Dong;Kailu Yu,Effects of soil moisture on subseasonal precipitation forecasts in North China during summer: A study using CWRF model,
None,True,Atmospheric Research,该论文研究了中国大气氮沉降的长期变化，重点关注不同行业的沉降效率，这与大气环境遥感技术中的空气质量监测和大气成分分析密切相关。,"['atmospheric nitrogen deposition', 'China', 'sector-specific deposition efficiency']",Shangyi Wang;Yiheng Wang;Guochao Chen;Yuhao Wang;Zimeng Wang;Chenliang Tao;Hongliang Zhang,Sector-specific deposition efficiency shapes long-term changes in atmospheric nitrogen deposition in China,
None,True,Atmospheric Research,该论文研究广州地区闪电发生区域的垂直反射率芯特征，涉及大气成分分析和空气质量监测，与大气环境遥感技术相关。,"['vertical reflectivity cores', 'lightning initiation regions', 'Guangzhou', 'atmospheric composition', 'air quality monitoring']",Fei Wang;Wen Yao;Yang Zhang;Dong Zheng,"Characteristics of vertical reflectivity cores at lightning initiation regions over Guangzhou, China",
None,True,Atmospheric Research,该论文的标题和摘要明确涉及云播种和气溶胶-云相互作用，这与大气环境遥感技术密切相关，特别是空气质量监测和大气成分分析。,"['cloud seeding', 'aerosol–cloud interactions', 'air quality monitoring']",Sanhita Shende;Swapnaja Gajbhiye;Nandu B. Chaure,Cloud seeding and aerosol–cloud interactions: Environmental impacts and future perspectives,
None,False,Atmospheric Research,该论文主要关注的是青藏高原上基于人工智能降尺度和高程站校准的3公里分辨率每日温度数据集，虽然涉及大气研究，但重点在于温度数据集的构建，而非大气环境遥感技术，如空气质量监测、卫星观测或大气成分分析。,"['Tibetan Plateau', 'temperature dataset', 'artificial intelligence downscaling']",Jianyu Wang;Yong Feng;Xingwen Jiang,Corrigendum to ‘A 3-km high-resolution daily temperature dataset over the Tibetan Plateau (1993–2023) based on artificial intelligence downscaling and station calibration’ [Atmospheric Research 341 (2026) 109100],
None,True,Atmospheric Research,该论文研究北京北部山前地区的冬季山地-平原风循环结构及其与行星边界层方案的模拟不确定性，涉及大气环流和边界层模拟，与大气环境遥感技术（如空气质量监测和大气成分分析）密切相关，因此是相关的。,"['planetary boundary layer', 'wind circulation', 'atmospheric simulation']",Lei Zhang;Jinyuan Xin;Yongjing Ma;Xinbing Ren;Kecheng Peng;Luoqi Yang,Winter mountain-plain wind circulation structures at a Northern Beijing piedmont site: Characteristics and simulation uncertainties associated with planetary boundary layer schemes,
None,False,Atmospheric Research,该论文研究的是太平洋年代际振荡和北大西洋海表温度对中央中国九月降水变化的协同效应，虽然涉及气候和环境现象，但并未直接涉及大气环境遥感技术，如空气质量监测、卫星观测、大气成分分析或气溶胶反演等。,"['Pacific Decadal Oscillation', 'North Atlantic Sea surface temperatures', 'precipitation', 'Central China']",Yuanyuan Zhou;Jianqi Sun;Mengqi Zhang;Yixi Liu,Interdecadal changes of September precipitation over Central China: The synergistic effect of Pacific Decadal Oscillation and North Atlantic Sea surface temperatures,
None,True,Atmospheric Research,该论文研究的是巴塔哥尼亚地区月度网格化降水产品的时空性能，虽然降水监测与大气环境遥感技术有一定关联（例如通过卫星观测降水），但主要关注点在于降水数据的产品性能评估，而非典型的空气质量监测、大气成分分析或气溶胶反演等遥感应用。因此，其相关性属于间接或边缘相关，但并非完全不相关。,"['precipitation', 'Patagonia', 'monthly gridded products']",Santino Adduca;Santiago I. Hurtado;Natalia L. Pessacg;Leandro B. Díaz;Lorenzo Ricetti;Martín Jacques-Coper,Spatio-temporal performance of monthly gridded precipitation products in Patagonia,
None,True,Atmospheric Research,该论文研究了华南沿海地区锋面和暖区暴雨的微物理机制，涉及雨滴大小分布，这与大气环境遥感技术中的气溶胶反演、卫星观测等密切相关，属于大气环境遥感监测的范畴。,"['raindrop size distribution', 'frontal rainfall', 'warm-sector rainfall', 'Coastal Southeast China']",Mingrui Guo;Wen Lin;Jingjing Lv;Chenglong Gong;Qing Duan;Jingxi Sun;Pengcheng Lin;Chunsong Lu;Yiqi Chen,Distinct raindrop size distribution microphysical mechanisms of frontal and warm-sector heavy rainfall in Coastal Southeast China,
None,True,Atmospheric Research,该研究关注南极洲Belgrano II站的长期对流层臭氧变化，这与大气环境遥感技术密切相关，特别是大气成分分析和空气质量监测。,"['tropospheric ozone', 'atmospheric variability', 'Belgrano II station']",J.A. Adame;M. Navarro-Comas;H. Ochoa;C. Prados-Roman;M. Yela,"Synoptic-scale drivers of long-term tropospheric ozone variability at Belgrano II station, Antarctica",
None,True,Atmospheric Research,该论文研究中国南方夏季气温异常的主要次季节性模式及其可预测信号，这与大气环境遥感技术（如空气质量监测和大气成分分析）密切相关，因为气温异常是大气环境变化的重要指标。,"['air temperature anomalies', 'summer', 'Southern China', 'predictable signals']",Zikang Jia;Zhihai Zheng;Guolin Feng,The main intraseasonal modes of summer air temperature anomalies in Southern China and their corresponding predictable signals,
None,True,Atmospheric Research,该论文研究的是中欧地区风力涡轮机相关的季节性闪电现象，虽然不直接涉及空气质量监测或卫星遥感技术，但闪电作为一种大气现象，与大气环境的研究相关，因此可以认为与大气环境遥感技术有一定关联。,"['wind turbine', 'lightning', 'Central Europe']",M. Kákona;R. Duspara;Z. Sokol;J. Popová;J. Chum;J. Šlegl;M. Sommer;M. Lužová;R. Dvořák;V. Hanousek;J. Kákona;A. Kostinsky;I. Ambrožová;O. Ploc,Seasonal wind turbine-associated lightning in Central Europe,
None,True,Atmospheric Research,该论文研究了北印度洋热带风暴活动对东亚和西太平洋大气环流异常的影响，涉及大气环流和热带风暴等与大气环境相关的主题，因此与大气环境遥感技术（如大气成分分析、气象观测）有较强的相关性。,"['tropical storm', 'atmospheric circulation', 'East Asia', 'Western Pacific', 'observational analysis']",Hua Chen;Xueying Meng;Boqing Wang;Tianhao Chen,Circulation anomalies over East Asia and the Western Pacific induced by tropical storm activity in the North Indian Ocean: Observational analysis,
None,True,Atmospheric Research,这篇论文研究了不同极端降水类型的微物理特征，使用了空间双频降水雷达技术，这与大气环境遥感技术（如卫星观测和大气成分分析）密切相关。,"['dual-frequency precipitation radar', 'extreme precipitation', 'spaceborne']",Yanghua Liu;Zinian Wang;Xiang Ni,Global distinct microphysical characteristics of various extreme precipitation types revealed by the spaceborne dual-frequency precipitation radar,
None,True,Atmospheric Research,该论文研究中央亚西亚云水路径的时空特征和长期趋势，涉及大气成分分析，与大气环境遥感技术（如卫星观测和大气成分分析）密切相关。,"['cloud water path', 'Central Asia', 'atmospheric composition']",Zepeng Tong;Ping Chen;Yong Zeng;Ali Mamtimin;Zhanshan Ma;Zhigang Zhang,The temporal and spatial characteristics and long-term trends of cloud water path in Central Asia,
None,False,Atmospheric Research,该论文的标题和摘要主要关注巴西马拉尼昂州雨季干旱期的时空变化，属于气候学和气象学领域，与大气环境遥感技术（如空气质量监测、卫星观测、大气成分分析、气溶胶反演）的关联性较弱。,[],Wellington Cruz Corrêa;Andreza Maciel de Sousa;João Valério de Souza Neto;Andressa Carvalho de Sousa;Edvaldo Sagrilo;José Oscar Lustosa de Oliveira Júnior;José Francisco de Oliveira-Júnior;Nítalo Andre Farias Machado,"Spatiotemporal variability of dry spells during the rainy season in Maranhão state, Brazil",
None,True,Atmospheric Research,该论文标题和摘要都与大气环境遥感技术相关，特别是涉及海面风场监测和偏差校正，使用了深度学习技术，这与大气环境遥感中的空气质量监测、卫星观测和大气成分分析等领域有直接关联。,"['sea surface wind field', 'bias correction', 'deep learning']",Chen Zhang;Shuqin Liang;Jianxin Wang;Bo Liu;Yahui Liu;Tao Song;Yuhang Zhu,WindFormer: Spatio-temporal deep learning for refined sea surface wind field bias correction,
None,True,Atmospheric Research,该论文标题和摘要明确涉及微波卫星观测和微水滴吸收，这与大气环境遥感技术密切相关，特别是卫星观测和大气成分分析。,"['microwave satellite observation', 'water droplet absorption', 'atmospheric remote sensing']",Yuxuan Feng;Jieying He;Gang Ma;Zongru Yang;Chao Zhang,The impact of minute water droplet absorption on microwave satellite observation simulation,
None,True,Atmospheric Research,该论文研究的是利用综合天气感知可解释人工智能模型对卫星降水数据进行偏差校正和区域化处理，涉及卫星观测和复杂地形下的大气环境分析，与大气环境遥感技术密切相关。,"['satellite precipitation', 'bias correction', 'complex terrain']",Moein Tosan;Vahid Nourani;Vijay P. Singh;Ozgur Kisi;Jan Franklin Adamowski;Yongqiang Zhang;Mohammad Reza Alizadeh,Synoptic-aware explainable artificial intelligence (SA-XAI) model for bias correction and regionalization of satellite precipitation over complex terrain,
None,True,Atmospheric Research,该论文标题和摘要涉及卫星遥感技术，具体是关于基于卫星的全球小时和每日降水估算，这与大气环境遥感技术（如空气质量监测、卫星观测、大气成分分析、气溶胶反演）密切相关，因为降水估算是大气温室气体和污染物传输模型中的重要参数。,"['satellite-based', 'precipitation estimates', 'global hourly and daily']",Pengsheng Li;Xiao-Feng Li;Jingjing Yu;Song Yang,Declining uncertainties in satellite-based global hourly and daily precipitation estimates,
None,True,Atmospheric Research,该论文研究了城市扬尘事件，这是大气环境的一个重要组成部分，而CFD分析是模拟和监测大气过程的一种技术，因此与大气环境遥感技术有较强的关联。,"['urban dust', 'resuspension', 'CFD analysis']",Jakub Linda;Miroslav Šinger;Amra Hasečić;Dávid Frnda;Jiří Pospíšil,Short duration urban dust events driven by wind induced resuspension: observational evidence from a European city and inverse CFD analysis,
None,True,Atmospheric Research,该论文研究极端降水行为，虽然未明确提及遥感技术，但涉及大气环境中的降水现象，与空气质量监测、大气成分分析等遥感应用领域有一定关联。,"['extreme precipitation', 'arid environment', 'atmospheric behavior']",Mohammad Reza Nikoo,From stationary to non-stationary: Characterizing extreme precipitation behavior in an arid environment,
None,True,Atmospheric Research,该论文研究东亚夏季季风锋的动力学定义，涉及低层变形分析，这与大气环境遥感技术密切相关，特别是通过观测和分析大气动力学过程来监测空气质量、卫星观测和大气成分。,"['East Asian summer monsoon', 'low-level deformation', 'atmospheric dynamics']",Minwoo Kim;Eun-Chul Chang;Joowan Kim;Seok-Woo Son;Hee Choon Lee;Hyun-Suk Kang,Dynamical definition of the East Asian summer monsoon front using low-level deformation,
None,True,Atmospheric Research,该论文研究热带气旋增强的西南季风高降水事件，涉及大气环流和降水现象，与大气环境遥感技术（如卫星观测和大气成分分析）密切相关，因此是相关的。,"['tropical cyclone', 'southwest monsoon', 'precipitation events']",Alwin Andriel L. Bathan;Lyndon Mark P. Olaguera;Faye Abigail T. Cruz;Jose Ramon T. Villarin;John A. Manalo;Jun Matsumoto,Synoptic conditions favoring tropical cyclone-enhanced southwest monsoon high precipitation events in the Philippines,
None,True,Atmospheric Research,该论文研究了东南沿海中国夏季白天环境中HONO的主要来源，涉及硝酸盐光解这一大气化学过程，这与大气环境遥感技术中的大气成分分析密切相关。,"['HONO', 'nitrate photolysis', 'atmospheric composition']",Ziying Chen;Feng Zhang;Lingling Xu;Ziyi Lin;Xiuwen Yong;Yuping Chen;Gaojie Chen;Xiaoting Ji;Xiaolong Fan;Lingjian Wang;Mengren Li;Jinsheng Chen,Nitrate photolysis as major summer daytime sources of ambient HONO in Southeastern Coastal China,
None,True,Atmospheric Research,该论文研究台风“梅花”在增强和减弱过程中眼壁的微物理演化，涉及大气成分和气象现象，与大气环境遥感技术（如卫星观测和大气成分分析）密切相关。,"['Typhoon', 'eyewall', 'atmospheric composition']",Dongdong Wang;Sheng Chen;Haiyang Zhang;Wenjuan Li;Xiaoping Tu;Xiaolin Lan;Haohao Xu,Microphysical evolution of the eyewall during intensification and weakening of Typhoon Muifa (2022),
None,True,Atmospheric Research,该论文研究半干旱城市降水化学成分，特别是酸度的影响因素，这与大气环境遥感技术中的空气质量和大气成分分析密切相关，因为降水化学是大气污染物的重要指标之一。,"['precipitation chemistry', 'acidity', 'semi-arid city']",Dongqi Chen;Bing Sun;Haijun Zhou;Wenjing Sun;Huifang Ren;Ying Sun;Xiaoqin Zhao;Xiaotao Fu;Zhonghua Li,Precipitation chemistry in a semi-arid city: Insights from the driving factors of acidity,
None,True,Atmospheric Research,该论文研究了波河平原的一次强冰雹事件，使用了观测数据和WRF模型进行分析。虽然主要关注冰雹事件，但涉及大气环境监测和模型模拟，与大气环境遥感技术有一定关联，特别是对大气现象的观测和分析。,"['WRF model', 'hail event', 'Po Valley']",Antonio Ricchi;Olivia Vashti Ayim;Pier Paolo Alberoni;Rossella Ferretti,Analysis of an intense hail event in the Po Valley using observation and WRF model,
None,True,Atmospheric Research,该论文研究青藏高原城市站点的有机气溶胶的季节性差异、分子驱动因素和光吸收特性，这些内容与大气环境遥感技术（如空气质量监测、卫星观测、大气成分分析、气溶胶反演）密切相关。,"['organic aerosols', 'Tibetan Plateau', 'light absorption properties']",Lijuan Qi;Yanhui Ha;Xiaotong Wang;Junchao Zhao;YanLin Zhang;Huan Liu;Rong Chen,Distinct seasonality of organic aerosols at a high-altitude Tibetan Plateau urban site: Molecular drivers and light absorption properties,
None,True,Atmospheric Research,该研究探讨了墨西哥北部半岛上海水温度异常对海风动力学的影响，涉及大气动力学和海洋-大气相互作用，与大气环境遥感技术（如大气成分分析、边界层研究）有一定关联，但主要关注点在于海风动力学而非传统的空气质量监测或卫星观测技术。,"['sea breeze', 'SST anomalies', 'atmospheric dynamics']",E. Salcedo;J.C. Cajas;C. Treviño;I. Mariño-Tapia;L. Martínez-Suástegui,Sensitivity of sea breeze dynamics to uniform and localized SST anomalies over the Northern Yucatán Peninsula,
None,True,Atmospheric Research,该论文研究了使用WRF模型中的尺度感知积云方案对东亚夏季降雨预报的影响，涉及大气科学和气象学领域，与大气环境遥感技术（如空气质量监测、卫星观测、大气成分分析、气溶胶反演）密切相关，特别是通过数值模拟和天气预报技术来分析大气现象。,"['WRF', 'scale-aware cumulus schemes', 'summer rainfall forecast']",Weiguang Liu;Xin Li;Hao Miao;Shiwei Sun;Wenru Shi;Kefeng Zhu,Sensitivity of summer rainfall forecast over eastern China to horizontal resolutions: A study using scale-aware cumulus schemes in WRF,
None,False,Atmospheric Research,该论文研究的是热带南大西洋对热带北大西洋海面温度的调制作用，以及其与西太平洋热带气旋生成的关系，主要涉及气候学和海洋学，与大气环境遥感技术（如空气质量监测、卫星观测、大气成分分析、气溶胶反演等）关系不大。,[],Lingling Zhang;Jinjie Song;Philip J. Klotzbach;Qingyuan Liu,Tropical South Atlantic modulation of the tropical North Atlantic sea surface temperature – western North Pacific tropical cyclone genesis relationship,
None,True,Atmospheric Research,该论文研究了华北地区层积云降水事件中融化和 riming 过程的微物理特征，这属于大气环境遥感技术中的大气成分分析和云物理过程研究范畴，因此与大气环境遥感技术密切相关。,"['riming', 'melting', 'stratocumulus', 'cloud precipitation', 'North China']",Zhuoxuan Shen;Xiaoli Liu;Yan Li;Jingyuan Xiong;Kerui Min;Hengjia Cai;Nan Wang,Distinct microphysical characteristics of riming and melting processes in a stratocumulus cloud precipitation event over North China,
None,True,Atmospheric Research,该论文研究了使用雷达技术对印度核心季风区暴雨事件的雨类型进行分类，并探讨了其垂直结构和时间演变。雷达是一种用于大气环境遥感的技术，因此与大气环境遥感技术（如空气质量监测、卫星观测、大气成分分析、气溶胶反演）密切相关。,"['Radar', 'rain-type classification', 'heavy-rain', 'Indian Core Monsoon Zone', 'vertical structure']",Harshad S. Hanmante;Sachin M. Deshpande;Subrata Kumar Das;Medha Deshpande,Radar-derived rain-type classification for heavy-rain episodes over the Indian Core Monsoon Zone: Insights into vertical structure and temporal evolution,
None,False,Atmospheric Research,该论文的主题是北 Atlantic 的冷海表温度异常对南亚高压中心长期东移的影响，主要涉及气候和海洋学领域，与大气环境遥感技术（如空气质量监测、卫星观测、大气成分分析、气溶胶反演）没有直接关系。,[],Ran Duan;Kai Qie;Tao Wang;Jiakang Duan;Mingzhen Gu;Jiali Luo,North Atlantic cold SST anomaly contributes to the long-term eastward shift of the South Asian High center,
None,True,Atmospheric Research,该论文研究了春季亚洲-台风前体系统的观测能力，涉及西太平洋台风活动，这与大气环境遥感技术（如大气成分分析、台风监测）密切相关，属于大气环境遥感技术领域。,"['Asian-jet', 'western North Pacific typhoon', 'observability', 'atmospheric composition']",Zi-Liang Li;Xiao-Ran Wu,Pathway-dependent observability of a spring Asian-jet precursor for western North Pacific typhoon activity,
None,True,Atmospheric Research,该论文研究的是长江三角洲过去十年PM2.5污染事件与主导天气模式的关系，涉及空气质量和气象模式分析，与大气环境遥感技术（如空气质量监测和气象卫星观测）密切相关，因此相关性较强。,"['PM2.5', 'Yangtze River Delta', 'synoptic weather patterns']",Zhongrui Xie;Lili Shi;Xianman Ye;Qifan Shuai;Yaofu Zhu;Xiyao Chen;Ben Ye;Liang Xu;Min Gao;Shupeng Zhu;Shoujuan Shu;Renguang Wu;Weijun Li,Evolution of dominant synoptic weather patterns associated with PM<sub>2.5</sub> pollution events in the Yangtze River Delta over the past decade,
None,True,Atmospheric Research,该论文研究了利用耦合三维变分同化与深度学习替代框架进行近实时SO₂排放反演的技术，涉及大气环境监测和排放分析，与大气环境遥感技术相关。,"['SO₂', 'emission', 'variational assimilation', 'deep learning']",Hancheng Ye;Zengliang Zang;Yiwen Hu;Ning Liu,Near-real-time inversion of SO₂ emission via coupled three-dimensional variational assimilation and deep learning surrogate framework over China,
None,True,Atmospheric Research,该论文研究堪察加半岛下游大气环流异常及其对中国东部极端冷事件上游的影响，涉及大气环境监测和气候变化分析，与大气环境遥感技术密切相关，特别是大气成分分析和环流监测领域。,"['atmospheric circulation', 'Kamchatka Peninsula', 'Eastern China', 'extreme cold events', 'climate anomalies']",Wencai Liu;Ning Shi;Huijun Wang,Contrasting downstream Kamchatka Peninsula circulation anomalies during extreme cold events over Eastern China and the upstream influence of these anomalies,
None,True,Atmospheric Research,该论文研究气溶胶向云凝结核（CCN）的活化过程，涉及气溶胶的大小和组成效应，这直接与大气环境遥感技术中的空气质量和大气成分分析相关。论文使用高海拔站的长期数据集进行研究，进一步表明其与卫星观测和气溶胶检索等技术密切相关。,"['Aerosol-to-CCN', 'size', 'composition']",Sachin S. Patil;Subrata Mukherjee;V. Anil Kumar;P.P. Leena;Vinayak Waghamare;M.Y. Aslam;V.S. Arun;Lalit Chaudhari;Ajit Waware;Sunil M. Sonbawne;G. Pandithurai;B. Padma Kumari,"Decoding Aerosol-to-CCN activation: Insights into size and composition effects using a long-term dataset from a high-altitude site in the Western Ghats, India",
None,True,Atmospheric Research,该论文的标题和摘要涉及青藏高原夏季水分的年际变化机制，从拉格朗日路径的角度进行分析。这与大气环境遥感技术中的大气成分分析、水汽分布监测等领域密切相关，因此可以认为该论文与大气环境遥感技术是强相关的。,"['Tibetan Plateau', 'Lagrangian pathways', 'moisture', 'atmospheric variations']",Hongwen Liu;Wenshou Tian;Hao Wu;Li He;Hua Qin;Hongying Tian;Tao Wang,A mechanism of interannual variations in summer moisture over the Tibetan Plateau from the perspective of Lagrangian pathways,
None,True,Atmospheric Research,该论文研究了东亚季风区热带夜间的主要环流模式，这与大气环境遥感技术相关，因为环流模式是影响大气成分分布和空气质量的重要因素。,"['circulation patterns', 'East Asian monsoon', 'atmospheric composition']",Ruidan Chen;Wenting Lin;Siao Tang;Lan Wei,Dominant circulation patterns influencing the tropical night in the East Asian monsoon region,
None,False,Atmospheric Research,该论文主要研究雨滴碰撞的观测结果和理论模型验证，与大气环境遥感技术（如空气质量监测、卫星观测、大气成分分析、气溶胶反演等）没有直接关联。,"['raindrop collision', 'theoretical regime diagram', 'field observations']",Kalimur Rahman;Firat Y. Testik,Raindrop collision outcomes: Field observations and validation of the T09 theoretical regime diagram,
None,True,Atmospheric Research,该论文研究了乌兰巴托地区可溶性棕色碳的光学特性及其季节变化，探讨了居民使用固体燃料燃烧的影响，这与大气环境遥感技术中的空气质量监测和大气成分分析密切相关。,"['brown carbon', 'optical properties', 'residential solid-fuel combustion', 'Ulaanbaatar']",Hyeyeon Lee;Sumin Ok;Tsatsral Batmunkh;Jinsang Jung,"Seasonal variability and residential solid-fuel combustion influence on the optical properties of water-soluble brown carbon in Ulaanbaatar, Mongolia",
None,True,Atmospheric Research,该论文研究了黎凡特地区冬季持续干旱现象的变异性，涉及印度洋偶极子对大气环境的影响，这与大气环境遥感技术中的大气成分分析和气候变化监测密切相关。,"['Indian Ocean dipole', 'dry spells', 'atmospheric variability']",Sigalit Berkovic;Victor Murphy;Assaf Hochman,Unraveling the variability of winter persistent dry spells in the levant via the Indian Ocean dipole,
None,False,Atmospheric Research,该论文主要研究帕米尔高原复杂地形中降水随海拔的变化特征和机制，虽然涉及大气现象，但与大气环境遥感技术（如空气质量监测、卫星观测、大气成分分析、气溶胶反演等）没有直接关联。,"['precipitation', 'Pamir Plateau', 'terrain']",Mengying Yao;Junqiang Yao;Weiyi Mao;Jing Chen;Jiangang Li,Elevation-dependent precipitation in the complex Terrain of Eastern Pamir Plateau: Characteristics and mechanisms,
None,False,Atmospheric Research,该论文主要研究全球流域中干旱热事件的驱动因素和复合效应，与大气环境遥感技术（如空气质量监测、卫星观测、大气成分分析、气溶胶反演）没有直接关系。,"['drought', 'river basins', 'multivariate']",Xin Feng;Weizhi Gao;Zhaoli Wang;Xushu Wu;Yuxiang Zhao;Jiajin Feng;Josep Peñuelas;Jordi Sardans,Quantifying drivers and compound effects of multivariate drought heat events in global river basins,
None,True,Atmospheric Research,该论文研究了西北地区背景区域的垂直气溶胶廓线和区域输送的影响，使用了地面激光雷达技术，这与大气环境遥感技术（如空气质量监测、大气成分分析、气溶胶反演）密切相关。,"['vertical aerosol profiles', 'ground-based lidar', 'regional transport']",Kai Cheng;Xia Li;Yaqiong Kuang;Yuting Zhong;Haiyang Cai;Shuting Li,Vertical aerosol profiles and the impact of regional transport in a background region of Northwest China: Insights from ground-based lidar,
None,True,Atmospheric Research,该论文研究了拉普拉塔盆地雷暴的短期可预测性，雷暴与大气环境密切相关，且拉普拉塔盆地是重要的空气质量监测区域，因此与大气环境遥感技术（如空气质量监测、卫星观测）相关。,"['thunderstorms', 'La Plata Basin', 'predictability']",Gabriel Elias Mandanda;Maria Assunção Faus da Silva Dias;Marlon Sproesser Mathias,Short-term predictability of thunderstorms in the La Plata Basin,
None,True,Atmospheric Research,该论文研究沙特阿拉伯雷暴环境的变化频率、变异性及其驱动因素，与大气环境遥感技术中的空气质量和大气成分分析密切相关，属于该领域的研究范畴。,"['thunderstorms', 'atmospheric variability', 'environmental drivers']",Moutassem El Rafei;Andrew Dowdy;Mazen E. Assiri;Md. Arfan Ali;Muhammad Haroon Siddiqui;Sajjad Saeed;Saeed Ahmad Alghamdi;Shamsuddin Shahid,"Changing thunderstorms environments in Saudi Arabia: Frequency, variability and drivers of change",
None,True,Atmospheric Research,该论文研究的是印度恒河和亚穆纳河流域极端降雨事件在近几十年的空间连接和同步变化，这属于大气环境变化的研究范畴，与大气环境遥感技术中的空气质量监测、卫星观测、大气成分分析、气溶胶反演等相关。,"['extreme rainfall', 'River Basins', 'atmospheric events']",Ripunjay Pandey;Pragati Prajapati;Ashish Kumar Meena;Akshay Singhal;Sanjeev Kumar Jha;Kundan Kandhway,Changes in the spatial connection and synchronization of extreme rainfall events in recent decades over the Ganga and Yamuna River Basins of India,
None,True,Atmospheric Research,该论文研究气溶胶散射的辐射效应对臭氧垂直结构的影响，涉及大气成分分析和遥感技术，与大气环境遥感技术密切相关。,"['aerosol scattering', 'radiative effect', 'ozone vertical structure', 'Pearl River Delta']",Boru Mai;Xuejiao Deng;Ying Li;Tao Deng;Tushi Yang;Haoxiang Xu;Xia Liu;Tingyuan Li;Naixiu Sun;Jun Zhou;Qibin Sun;Guowen He;Jieyi Li,The aerosol scattering radiative effect significantly impacts the ozone vertical structure: A case study in the Pearl River Delta region of China,
None,True,Atmospheric Research,该论文研究非洲地区的复合气候极端事件及其时空变化与大气环流的关系，涉及大气环境分析，与大气环境遥感技术领域（如大气成分分析、卫星观测）相关。,"['climate extremes', 'atmospheric circulations', 'Africa']",Mhenzi Fredy;Huixin Li;Jiani Zeng;Anqin Tan;King’uza Henry;Mtupili Msafiri;Semgomba Daniel;Madundo Albert;Bakar Mohammed,Compound climate extremes in Africa: Spatiotemporal variability and associated atmospheric circulations,
None,True,Atmospheric Research,该论文研究改进简化阿拉瓦-舒伯特对流方案以模拟东亚夏季降水，涉及大气模拟技术，与大气环境遥感技术（如大气成分分析和降水监测）密切相关。,"['Arakawa–Schubert convection scheme', 'East Asian summer precipitation', 'atmospheric simulation']",Shu Gui;Ruowen Yang;Lei Cai;Yali Yang;Ying Ming;Yu Lian;Meng Li;Kexu Zhu;Hao Zeng,Enhanced simulation of East Asian summer precipitation with a revised simplified Arakawa–Schubert convection scheme,
None,True,Atmospheric Research,该论文研究的是比利牛斯山脉冬季雨雪事件的频率变化，这属于大气环境科学领域，与大气成分分析、气象观测等方向相关，因此与大气环境遥感技术有较强的关联性。,"['rain-on-snow', 'Pyrenees', 'atmospheric events']",Josep Bonsoms,Toward more frequent winter rain-on-snow events in the Pyrenees,
None,False,Atmospheric Research,该论文研究的是北大西洋和北太平洋上层海洋热含量的变化对欧亚冬季变暖的影响，与大气环境遥感技术（如空气质量监测、卫星观测、大气成分分析、气溶胶反演）没有直接关系。,"['upper ocean heat content', 'Eurasian winter warming', 'North Atlantic', 'North Pacific']",Jianghan Zhao;Bingyi Wu,Synchronized subpolar North Atlantic and North Pacific upper ocean heat content transition has driven Eurasian winter warming since 2013,
None,True,Atmospheric Research,该论文研究了北美夏季气溶胶的时空分布及其对云宏观物理性质的影响，涉及气溶胶和云的遥感监测，与大气环境遥感技术密切相关。,"['Aerosol', 'cloud macrophysical properties', 'North America']",Cheng-Hsiang Chang;W. Patrick Arnott;Xiyue Zhang,Aerosol spatiotemporal patterns and their impacts on cloud macrophysical properties during summer in North America,
None,True,Atmospheric Research,该论文研究了西北中国夏季降水昼夜循环的相位分类及其与地形的关系，涉及大气环境监测和降水分析，与大气环境遥感技术（如卫星观测和大气成分分析）密切相关。,"['precipitation', 'diurnal cycle', 'topography']",Zixing Kang;Ya Huang;Yanping Li;Dingjia Ye;Guiping Li,Phase-based classification of the diurnal cycle of summer precipitation over Northwest China and its coupling with topography,
None,True,Atmospheric Research,该论文标题和摘要明确涉及大气边界层动力学研究，并使用了SODAR（声波雷达）观测数据，这与大气环境遥感技术（如空气质量和大气成分分析）密切相关。,"['atmospheric boundary layer', 'SODAR', 'Leeward Western Ghats']",Rani P. Pawar;Dada P. Nade;Omkar M. Patil;Ravi T. Waghmare;Thiyagesan Dharmaraj;Sambhaji M. Pawar;Hamza Varikoden;Sachin S. Panhalkar,Initial results on atmospheric boundary layer dynamics over the Leeward Western Ghats from SODAR observations at Atigre,
None,True,Atmospheric Research,该论文使用GPM DPR观测数据研究天山地区的雪fall云微物理特性，这与大气环境遥感技术（如卫星观测和大气成分分析）密切相关，因此是相关的。,"['GPM DPR', 'snowfall clouds', 'Tianshan mountains']",Jiangeng Wang;Ziyan Luo;Li Guan;Chang He;Hanyu Hu;Chao Lv;Xingyu Yang;Hanshan Bao,Microphysical characteristics of snowfall clouds over the Tianshan mountains based on GPM DPR observations,
None,True,Atmospheric Research,该论文研究了高海拔气溶胶的吸湿性对华北平原云微物理的影响，涉及气溶胶和云的相互作用，这与大气环境遥感技术（如空气质量监测和大气成分分析）密切相关，因此是强相关的。,"['aerosol hygroscopicity', 'cloud microphysics', 'North China Plain']",Qian Gao;Hui He;Xiang'e Liu;Yan Yang;Rong Yuan;Ping Tian;Kai Bi;Fei Wang;Jiujiang Sheng;Yongqing Wang,Impacts of high-altitude aerosol hygroscopicity on cloud microphysics in the North China Plain: A WRF fast-SBM modeling study,
None,True,Atmospheric Research,该论文研究了ENSO（厄尔尼诺-南方涛动）与季风之间的 teleconnections（遥相关），涉及了印度降雨和温度变异性，使用了光谱、相干性和小波分析，这些技术与大气环境遥感技术（如大气成分分析、遥相关研究）密切相关，因此被认为是强相关的。,"['ENSO', 'monsoon', 'spectral coherence', 'wavelet', 'Indian rainfall']",Guhan Velusamy;Dharma Raju Akasapu;Nagaratna Kopparthi;Sheshakumar Goroshi,"Multi-scale diagnostics of ENSO–monsoon teleconnections: Spectral, coherence, and wavelet insights from Indian rainfall and temperature variability",
None,True,Atmospheric Research,该论文研究了东亚青藏高原上云底高度的一日和月际变化特征，比较了地面激光雷达和ERA5再分析数据，这与大气环境遥感技术（如空气质量监测、卫星观测、大气成分分析、气溶胶反演）密切相关，因为云底高度是大气环境监测的重要参数之一。,"['cloud base height', 'ground-based lidar', 'ERA5 reanalysis', 'Eastern Tibetan Plateau', 'atmospheric remote sensing']",Hongmei Ji;Jian Li;Dan Li;Hao Wu;Jian Li,Diurnal and monthly characteristics of cloud base height over the Eastern Tibetan Plateau: An intercomparison of ground-based lidar and ERA5 reanalysis,
None,True,Atmospheric Research,该论文研究了地中海半干旱地区的降雨格局和季节性变化，虽然不直接涉及遥感技术，但与大气环境监测相关，因为降雨和季节性变化是大气环境的重要特征，可以通过遥感技术进行监测和分析。,"['rainfall regime', 'seasonality changes', 'semi-arid Mediterranean']",Matteo Ippolito;Paolo Nasta;Andreas Langousis;Marcella Cannarozzo;Nunzio Romano;Roberto Deidda;Dario Pumo,Rainfall regime and seasonality changes in semi-arid Mediterranean areas: Evidence from three regions of southern Italy (1922–2022),
10.1126/science.ael5176,False,Science,标题和摘要中未提及与大气环境遥感技术相关的具体内容，如空气质量监测、卫星观测、大气成分分析或气溶胶反演等。,[],Authors not available,New Products,
