doi,is_relevant,journal,explanation,topic_words,authors,title,abstract
10.1088/1748-9326/ae803d,True,Environmental Research Letters,该论文使用多源光学和雷达遥感数据同化技术来量化冬小麦的水足迹，涉及遥感技术在农业水资源管理中的应用，与大气环境遥感技术（如空气质量监测、卫星观测、大气成分分析、气溶胶反演）有一定关联，但主要聚焦于农业水资源管理，而非直接的大气环境监测。,"['remote sensing', 'atmospheric composition', 'air quality monitoring']",Li Luo;Ting Bai;Shikun Sun;Ruoqing Hu;Yali Yin;Jing Xue;Jiang Bian;Zhitao Zhang,"Multi-variable remote sensing data assimilation for winter wheat water footprint: a case study in Shijiazhuang, North China","As climate warming intensifies extreme weather, efficient agricultural water resource management is crucial. The unit crop water footprint (CWF), defined as the total volume of freshwater consumed and contaminated per unit harvested crop yield, serves as a key metric for evaluating agricultural freshwater appropriation. However, its accurate quantification at regional scales remains challenging due to scale effects, spatial heterogeneity, and limitations inherent in existing approaches. This study quantifies the regional winter wheat CWF in Shijiazhuang, a representative winter wheat-dominated agricultural region of the Huang–Huai–Hai Plain in North China, using a parameter optimization-based data assimilation framework that integrates multi-source optical and radar remote sensing with a process-based crop growth model. Specifically, the CERES-wheat model is constrained through multi-variable parameter optimization using time series of leaf area index and surface soil moisture, with parameters optimized via the shuffled complex evolution-University of Arizona algorithm, to improve grid-scale estimates of winter wheat CWF. This approach overcomes the limitations of single-method frameworks, enhances spatial resolution, and captures regional heterogeneity in water footprint patterns. Results indicated that the winter wheat CWF ranged from 0.52 to 1.21 m3 kg−1, with higher values observed in the western and central parts of the study area and lower values in the northeastern and southeastern regions. Blue and green water footprints exhibited contrasting spatial distributions, with blue water predominating in the southern areas and green water dominating in the northern areas. This study reveals the spatial patterns and heterogeneity of the regional winter wheat water footprint and provides a robust methodological basis for advancing the understanding of agricultural water use during crop growth."
10.1088/1748-9326/ae845f,True,Environmental Research Letters,该论文研究了欧洲冬季风storm频率的变化，使用了气候模型和大气压力梯度等指标，涉及大气环境变化的分析，与大气环境遥感技术（如大气成分分析、气候变化监测）密切相关。,"['windstorm frequency', 'atmospheric pressure gradient', 'climate models', 'inter-model spread', 'atmosphere–ocean feedbacks']",Matthew D K Priestley;David B Stephenson;Adam A Scaife;Daniel Bannister,Emergent constraint indicates forced decline in European winter windstorm frequency,"Windstorms are among the most damaging natural hazards during western Europe winter, yet large inter-model spread limits robust assessment of future frequency changes. We show that the historical Northern Hemisphere mid-latitude meridional pressure gradient, defined as the zonal index (ZI), explains much of the inter-model variability in projected winter windstorm frequency across 20 climate model realizations. Constraining projections using the ZI reduces uncertainty by 29% and lowers the likelihood of increasing windstorm frequency more than threefold. The constrained ensemble indicates a robust decline in pan-European windstorm frequency over the twenty-first century ( C 3.4). A plausible mechanism involves coupled atmosphere–ocean feedbacks: more zonal models develop deeper North Atlantic mixed layers and a stronger North Atlantic warming hole, enhancing baroclinicity and promoting a jet extension over Europe. These results suggest extreme increases in windstorm frequency are unlikely, despite projected increases in storm severity, with important implications for future loss and impact assessments."
10.1088/1748-9326/ae860b,True,Environmental Research Letters,该论文研究了利用卫星遥感技术监测中国华北地区燃煤电厂动态变化对氮氧化物排放的影响，涉及空气质量监测和大气成分分析，与大气环境遥感技术密切相关。,"['nitrogen oxides', 'satellite-derived', 'NOx emission', 'power plant dynamics', 'remote sensing']",Chenghao Xu;Jintai Lin;Sijie Wang;Hao Kong;Yuhang Zhang;Yang Yun;Fangxuan Ren;Mengying Wang;Wanshan Tan;Jianxiao Wang;Lei Bai;Jian Gao,Satellite-detected nitrogen oxides emission changes from power plant dynamics in North China,"Emissions of nitrogen oxides (NOx) from coal-fired power plants (CFPPs) pose a significant challenge to air quality. In China, although policies like ‘Promoting the Big and Quashing the Small’ and the adoption of ultra-low emission (ULE) technologies have been implemented in power plants, accurately quantifying their impacts on NOx emissions remains difficult due to lack of facility-specific information. This study investigates the influence of CFPP changes on NOx emissions from 2018 to 2024 in North China, by integrating a self-compiled, high-accuracy power plant database (with 517 plants in North China, including 109 retired or newly built) with satellite-derived NOx emission data at a high spatial resolution (0.05° × 0.05°). We find that among the locations with no industrial sources, emissions show substantial reductions (−1.97 kg km−2 h−1 on average; Wilcoxon test p < 0.001; t-test p < 0.001) where CFPPs were retired during this period, compared with the increases (+0.76 kg km−2 h−1 on average; Wilcoxon test p < 0.01; t-test p < 0.01) where CFPPs equipped with ULE technology were newly built. However, when the retired or newly built CFPPs are located in the same 0.05° × 0.05° grid cells with industrial sources, their emission signals are often dominated by industrial emission reductions, resulting in emission declines in both cases. These results underscore the rising relative contribution of industrial emissions in regions where power plants and heavy industry are spatially co-located, and highlight the need to strengthen emission monitoring and control efforts directed at the industrial sector. By comparison, existing emission inventories have difficulty in capturing the power plant dynamics, particularly the effect of CFPP retirement. Our results demonstrate the value of satellite remote sensing coupled with detailed facility information for assessing point-source emission dynamics."
10.1088/1748-9326/ae8c53,False,Environmental Research Letters,该论文主要关注气候适应和农业脆弱性评估，未涉及大气环境遥感技术，如空气质量监测、卫星观测、大气成分分析或气溶胶反演等。,[],Sonia Mercedes Polo-Murcia;Marta García-Mollá;César Augusto Terán-Chaves,When vulnerability becomes strategy: a stakeholder-driven approach to climate adaptation in Colombia’s dry Caribbean,"Smallholder agriculture across the Global South faces escalating climate risks driven by the compound interaction of biophysical exposure, socio-economic fragility, and institutional constraints—yet adaptation planning remains largely fragmented and disconnected from the governance realities that shape what interventions are feasible. This study develops and applies an integrated framework coupling a Socioeconomic Vulnerability Index (SeVI), localized Shared Socioeconomic Pathways (SSPs), and the Analytic Hierarchy Process (AHP) to assess vulnerability and co-prioritize adaptation strategies for smallholder agriculture in the Cesar Department of Colombia, a dryland region exemplifying structural vulnerabilities typical of the Caribbean dry corridor. We constructed the SeVI using 40 standardized indicators and survey data from 164 rural households across five ecoregions. Results show that 38% of the territory presents high or very high vulnerability (mean SeVI = 0.43), with 79% cropland loss, 100% lacking consistent water access, and 62.2% of households earning below minimum wage. Adaptive capacity is constrained: only 45.8% received weather-related training, only 53% have access to credit, and average schooling is 4.7 years. SeVI dimensions directly informed the derivation of four AHP prioritization criteria—technical-economic viability, community acceptance, climate resilience, and territorial equity—grounding the prioritization in diagnosed vulnerability rather than expert opinion. SSP1, SSP3, and SSP4 were applied as contrasting governance regimes under a fixed drought scenario (TMY-Dry), guiding the co-development of 12 adaptation strategies with 18 stakeholders. Efficient irrigation, decentralized seed and water hubs, and cooperative markets ranked highest across scenarios (all pairwise matrices met the AHP consistency threshold: CR < 0.10). Adaptation priorities shifted structurally across governance regimes, revealing that strategy selection depends as much on institutional assumptions as on climatic conditions. The SeVI–SSP–AHP framework offers a transferable model for governance-sensitive adaptation planning in vulnerability-differentiated dryland regions."
10.5194/acp-26-10661-2026,True,Atmospheric Chemistry and Physics,该论文研究使用MethaneAIR技术通过目标场景选择、小波去噪和散度积分分析方法来检测和量化农业甲烷羽流。这直接涉及大气环境遥感技术，特别是空气质量监测和大气成分分析，因此与该领域高度相关。,"['MethaneAIR', 'methane plumes', 'aircraft-based imaging spectrometer', 'wavelet denoising', 'atmospheric composition analysis']",Penelope Smale;Alexander Geddes;Sara Mikaloff-Fletcher;Zhan Zhang;Apisada Chulakadabba;MaryAnn Sargent;Christopher C. Miller;Sébastien Roche;Joseph Rudek;Jonathan Franklin;Jack Warren;Steven Wofsy,"Detection and quantification of agricultural methane plumes using MethaneAIR through targeted scene selection, wavelet denoising, and divergence-integral analysis","MethaneAIR was used to quantify methane emissions from concentrated animal feeding operations (CAFOs) using a targeted scene‑based approach with wavelet denoising. Emissions show substantial variability and are often elevated relative to inventory estimates under detectable conditions, reflecting variability, detection bias, and activity data uncertainty. Results highlight MethaneAIR capability and the potential of future satellite platforms. 
 Methane is a potent greenhouse gas, and accurate emission estimates are essential for effective climate mitigation. Agricultural sources, particularly concentrated animal feeding operations (CAFOs), are significant anthropogenic contributors, yet their emissions remain difficult to quantify, contributing to uncertainty in inventories.MethaneAIR, an aircraft-based imaging spectrometer and precursor to MethaneSAT, was primarily developed to characterize methane emissions from oil and gas infrastructure. Between 2021 and 2024, MethaneAIR conducted 75 flights across the United States and Canada, producing orthorectified mosaics of column-averaged methane. These data were used to assess agricultural emissions at high resolution using a targeted scene-based analysis framework designed to enhance detection and quantification of weak agricultural plumes. Wavelet denoising and a Gaussian-based Divergence Integral method were applied to 209 agricultural scenes coincident with 84 CAFOs. Detection performance varies with emission strength, wind conditions, and background variability, and is therefore conditional on favourable detection conditions. A robustness-based criterion is used to interpret quantification results rather than defining a single fixed detection threshold. Of 200 identified plumes, 89 met our quantitative robustness criteria and were analysed further, with emphasis on northeast Colorado.While limited on-farm data, such as the number of animals and waste management practices, constrained the ability to fully interpret emission drivers, the analysis revealed emissions that are frequently elevated relative to inventory estimates under detectable conditions and exhibit high variability, likely influenced by interactions between wind and waste management systems. These findings highlight variability not captured in annual inventories and inform the design of future satellite missions like MethaneSAT, which will improve global methane monitoring and climate models. With improved on-farm information, this approach could provide a scalable pathway for emission and mitigation verification."
10.5194/acp-26-10679-2026,True,Atmospheric Chemistry and Physics,该论文研究了亚马逊地区夜间边界层的高度变化及其对气体浓度测量的影响，涉及大气成分分析和气溶胶相关的环境监测，因此与大气环境遥感技术密切相关。,"['nocturnal boundary layer', 'CO', 'CH4']",Carla M. A. Souza;Anne C. S. Mendonça;Hella van Asperen;Flávio A. F. D'Oliveira;Santiago Botía;Luís G. N. Martins;Denisi H. Hall;Raoni A. Santana;Gilberto Fisch;Leonardo R. Oliveira;Jailson R. Mata;Ranyelli Figueiredo;Rachel Albrecht;Bruno T. T. Portela;Carlos A. Quesada;Cléo Q. Dias-Júnior,"Estimation of nocturnal boundary layer height in the central Amazon, supported by gas concentration profiles","We investigated how the height of the nocturnal air layer (hn) above the Amazon forest changes over the year and how this influences gas measurements. Using two years of tower observations, we found that this layer is higher during wetter periods and much lower during dry periods linked to large climate events. hn can controls how gases accumulate or disperse at night, which affects how we interpret observations and improve weather and climate predictions. 
 The height of the nocturnal boundary layer (hn) is a fundamental parameter for weather and climate prediction. However, because turbulent processes weaken at night, estimating hn remains challenging. In addition, our understanding of its variability is limited, especially due to the predominant use of indirect methods that do not always accurately reflect the physical definition of the boundary layer. In this study we used micrometeorological measurements collected at the Amazon Tall Tower Observatory, in central Amazon. These measurements enable the study of turbulent sensible heat flux (H) profiles from the canopy top up to 300 m above ground, from which hn can be defined. Our analysis focused on the seasonal differences between dry and wet periods for a La Niña year and an El Niño year. Also, we explore how variations in hn affect the vertical distribution of CO and CH4 concentrations. The results revealed significant variations, such as: largest values of hn were observed during the wet season of a year marked by the La Niña phenomenon (∼ 270 m ± 40 m), while smallest values of hn occurred in the dry season associated with El Niño (∼100 m ± 27 m). It was also observed that hn can act as a “barrier” to the entry or exit of air masses with high concentrations of CO and CH4. This study provides important insights into the variability of hn above the Amazon forest, with implications for improving parameterizations in atmospheric models."
10.5194/acp-26-10647-2026,True,Atmospheric Chemistry and Physics,该研究涉及大气环境中的云凝结核（CCN）预测，探讨了大气模型中的简化方法如何影响CCN的预测。研究内容与大气成分分析、空气质量和气候模拟密切相关，因此与遥感技术在大气环境监测中的应用高度相关。,"['cloud condensation nuclei (CCN)', 'atmospheric models', 'surface tension', 'aerosol-cloud interactions', 'climate modeling']",Xiaotian Xu;Jeffrey H. Curtis;Matthew West;Nicole Riemer,Compensating biases in CCN predictions from composition averaging and neglected surfactant effects,"This study examines how common simplifications in atmospheric models affect predictions of particles that form cloud droplets. Using a detailed simulation that tracks individual particles, we compare it with simplified approaches. We find that these simplifications can produce seemingly accurate results because different errors cancel each other. However, this masks incorrect physical processes. Including surfactants effect improves predictions, highlighting a pathway to better climate modeling. 
 Accurate predictions of cloud condensation nuclei (CCN) activation are essential for reducing uncertainties in aerosol-cloud interactions and climate projections. Most large-scale aerosol models represent particles as compositionally averaged internal mixtures and assume constant surface tension of water, neglecting particle-level compositional variability and surfactant-driven reductions in surface tension. Here we use the particle-resolved model WRF-PartMC to quantify how these simplifications affect CCN predictions by comparing particle-resolved (PR) and composition-averaged (Comp) aerosol populations under constant surface tension (CST) and effective surface tension (EST) treatments. Within this framework, PR-EST case provides the most physically detailed reference, and Comp-CST case represents a modal-like aerosol representation in large-scale models. We find this modal-like representation underpredicts CCN by ∼ 19 % on average relative to PR-EST reference. This bias reflects two opposing effects: neglecting surfactants suppresses activation, whereas composition averaging shifts activation in both directions depending on particle size and composition. A particle-level decomposition shows that Comp-EST modifies activation through coupled changes in hygroscopicity and surface tension that oppose each other, producing compensating shifts in particle critical supersaturation. These responses produce opposing biases across particle size ranges, with enhanced activation in Aitken mode and suppressed activation in accumulation mode. When EST is included, the remaining bias from composition averaging is substantially reduced, with Comp-EST case differing from the PR-EST reference by ∼ 6 % in domain-mean. These results demonstrate simplified aerosol schemes can produce apparently reasonable CCN predictions through compensating errors, even when underlying activation physics is misrepresented. Incorporating effective surface tension therefore offers a practical pathway to reduce structural biases in large-scale models."
10.5194/amt-19-4923-2026,True,Atmospheric Measurement Techniques,该论文研究了Vaisala CL61 ceilometer在三个大气环境相关技术领域的应用：大气层剖分、极化率测量和激光后向散射。这些技术广泛应用于空气质量监测和大气成分分析，因此该论文与大气环境遥感技术密切相关。,"['ceilometer', 'atmospheric profiling', 'depolarization ratio', 'elastic backscatter lidar', 'air quality monitoring']",Viet Le;Ewan J. O'Connor;Maria Filioglou;Ville Vakkari,Operational performance of the Vaisala CL61 ceilometer for atmospheric profiling,"We evaluate the performance of the Vaisala CL61 ceilometer, with depolarization ratio capability at 910 nm, over a three-year period at four locations. This study examines instrument performance over time, describes methods for correcting instrument bias and presents corresponding uncertainty estimates. As these instruments are being deployed across large research networks, our findings support stable instrument performance and the generation of reliable measurements and derived products. 
 The Vaisala CL61 is a new generation elastic backscatter lidar that extends the capabilities of conventional automatic low-power lidars and ceilometers by providing depolarization ratio measurements. Reliable use of these measurements, however, requires thorough evaluation and characterization of the instrument performance and subsequent corrections applied. In this study, performance of multiple CL61 instruments across different sites over 3-year period has been assessed. Results indicate some differences between instruments, with most of these early production units exhibiting a pronounced decrease in laser power over time, accompanied by an increase in background noise likely due to weaker return signals. Normally, the instrument scales the internal calibration factor to compensate for changes in laser power and thus provide consistent attenuated backscatter coefficient values from profile to profile over time. However, for the instrument at the Lindenberg site, by performing manual calibration with atmospheric targets, it is noted that once the laser power dropped below 40 % there is no further compensation in the internal calibration factor.The instrumental background noise and bias, characterized using the termination hood, are found to vary with temperature. A method has been developed for correcting the instrumental bias and for estimating the associated uncertainty. Additionally, an approach to estimate the uncertainty of volume and particle backscatter and linear depolarization ratio is presented. In a case study representing low aerosol load conditions in Finland, correcting for the instrumental bias changes the volume linear depolarization ratio by up to 0.005 relative to the instrument-provided values. On the other hand, the difference between volume linear depolarization ratio and particle linear depolarization ratio reached up to 0.1. These findings demonstrate that the CL61 firmware effectively removes the majority of the mean background bias, whereas accounting for the molecular contribution is important for quantitative interpretations of aerosol measurements at CL61's wavelength of 910.55 nm. Finally, signal loss in one unit has been traced to fogging of the inside surface of the window, and attributed to insufficient internal heating linked to the instrument's firmware behavior."
10.5194/amt-19-4943-2026,True,Atmospheric Measurement Techniques,该论文与大气环境遥感技术高度相关，因为它涉及用于测量降水粒子大小分布的专用传感器（雨滴谱仪），这些数据对于遥感降水反演、大气成分分析和微波信号传播建模等应用至关重要。论文还提到将原始数据转换为用于遥感降水反演的全球协调产品，进一步证实了其与遥感技术的关联。,"['disdrometer', 'remote sensing', 'precipitation retrievals', 'atmospheric composition', 'particle size distribution']",Gionata Ghiggi;Kim Candolfi;Anne-Claire Billault-Roux;Régis Longchamp;Son Pham-Ba;Charlotte Weil;Remko Uijlenhoet;Alexis Berne,"disdrodb: an open-source Python package for standardized processing, sharing, and analysis of disdrometer data","disdrodb is a Python package for standardized sharing, processing, and analysis of disdrometer observations. It makes precipitation particle size distribution datasets easier to discover, access, and download, and converts heterogeneous raw measurements into global harmonized products for remote sensing precipitation retrievals and particle size distribution studies. 
 Disdrometers are specialized sensors designed to measure key properties of falling hydrometeors. Their observations are essential for characterizing precipitation particle size distributions (PSDs) and support a wide range of applications, including precipitation microphysics research, the development and evaluation of remote-sensing precipitation retrievals, and the modelling of microwave signal propagation through the atmosphere for telecommunication systems. However, the broader use of disdrometer data is hindered by limited access to existing datasets, heterogeneous raw data formats, and the lack of standardized, reproducible processing workflows.This article presents the DISDRODB infrastructure and the associated open-source Python package disdrodb, a community framework for standardized sharing, processing, and analysis of disdrometer data. DISDRODB combines a centralized metadata archive with a decentralized data-sharing model, allowing institutions to retain control of raw data while making their datasets globally discoverable and straightforward for users to access and download through a common interface. The disdrodb software converts heterogeneous raw measurements into analysis-ready products through a modular three-level pipeline: L0 for standardized ingestion and formatting into netCDF4, L1 for temporal resampling, quality control, and hydrometeor/precipitation-type classification, and L2 for derivation of PSD integral parameters, parametric PSD model fitting, and simulation of polarimetric radar variables at multiple frequencies.The framework provides a transparent, configurable, and reproducible open-source workflow for disdrometer data processing, with scalable execution from local environments to distributed computing systems. It also supports automatic generation of summary diagnostics for scientific analysis and is built on a modular, flexible architecture designed for community-driven extensions.DISDRODB lowers barriers to both data access and analysis by enabling straightforward discovery and download of disdrometer datasets alongside reproducible processing workflows, thereby supporting large-sample studies of PSD variability, improved disdrometer intercomparison, and broader use of disdrometer observations in atmospheric science and remote sensing."
10.5194/essd-2026-413,True,Earth System Science Data Discussions,该论文研究生态系统与大气之间气体交换的估算方法，涉及地面观测塔（flux towers）和生态系统梯度通量方法，这与大气环境遥感技术中的空气质量监测和大气成分分析密切相关。,"['gradient flux', 'ecosystem flux', 'CO₂', 'H₂O']",Sparkle L. Malone;Jaclyn H. Matthes;Cove S. Sturtevant;Angel Chen;Roisin Commane;Kyle B. Delwiche;Ankur R. Desai;Christopher R. Florian;Jonathan D. Gewirtzman;Samuel A. Jurado;David E. Reed;Jinshu Chi;Hiroki Iwata;Erik J. Lundin;Ivan Mammarella;Matthias Peichl;Masahito Ueyama;Camilo Rey-Sanchez,A continental benchmark dataset for evaluating ecosystem gradient-flux approaches across 47 NEON flux towers,"We created the first continent-wide dataset to test the gradient flux method, which estimates how gases move between ecosystems and the atmosphere. This approach can provide reliable results when sensors are placed under favorable conditions, especially for shorter, less complex vegetation. The dataset will help improve future monitoring and support a better understanding of ecosystem responses to environmental change. 
 Benchmark datasets for evaluating profile-based ecosystem flux methods across environmental gradients are currently lacking. This limits method evaluation, cross-site intercomparison, and the expansion of tower-based monitoring for gases not routinely measured by the eddy covariance (EC) method. Here, we present a benchmark dataset derived from 47 terrestrial towers in the National Ecological Observatory Network (NEON), integrating co-located EC, concentration profiles, tower geometry, and canopy structural metrics. We developed a dataset to evaluate the performance of three widely used gradient flux approaches – the modified Bowen ratio (MBR), aerodynamic (AE), and wind-profile (WP) methods – against co-located EC measurements of CO₂ and H₂O. We evaluate how canopy structure, sensor height configuration, and data filtering influence agreement with EC across ecosystems, with canopy heights ranging from 0.15 to 53 m. Performance varied strongly among approaches and measurement configurations. Across all ecosystems, 11% of height-pair combinations for CO₂ and 19% for H₂O achieved moderate-to-strong concordance with EC, with the MBR approach providing the most consistent performance. Reliable estimates most often occurred when both sampling heights were above the canopy (AA) or when one level was above the canopy and the other within sparse canopies (AW). Concordance declined as canopy complexity increased, highlighting persistent challenges in tall, complex forests. Since filtering substantially reduced data availability, we developed an ensemble framework that combined reliable estimates across the three GF approaches and height pairs. Ensemble GF fluxes reproduced seasonal diel dynamics measured by EC across ecosystems (R2 = 0.58–0.99), capturing both the seasonal magnitude and direction of net ecosystem exchange. Benchmark analyses show that the GF method can provide robust ecosystem-scale flux information when deployed under favorable structural and micrometeorological conditions. The released benchmark dataset provides a resource for testing new flux algorithms, optimizing sensor placement, benchmarking profile methods, and extending multi-gas tower observations to be more inclusive of gases that are difficult to measure with fast-response EC instrumentation, including CH₄, N₂O, volatile organic compounds, and reactive pollutants."
10.5194/essd-18-5601-2026,True,Earth System Science Data,该论文使用卫星图像（Google卫星嵌入）和多产品集成框架来绘制中国复杂的种植模式，涉及高分辨率（10米）的作物监测和分析，这与大气环境遥感技术中的卫星观测和土地利用监测高度相关。,"['satellite images', 'crop mapping', '10 m resolution', 'multi-product integration', 'Google Satellite Embeddings']",Xiyu Li;Le Yu,Mapping complex cropping patterns in China (2018–2021) at 10 m resolution: a data-driven  framework based on multi-product integration  and Google satellite embedding,"We created detailed maps showing where different crops are grown in China and how planting changes over time. By combining existing maps with information learned from satellite images, we produced nationwide maps at 10 m resolution from 2018 to 2021. The maps agree well with local statistics and clearly reveal shifting crop patterns. These results can support better agricultural planning, farm management, and climate-smart decisions. 
 Mapping complex cropping patterns and temporal dynamics is of great significance for addressing the challenges faced by agricultural systems. However, in China, annual nationwide maps depicting multiple crops and rotation sequences are still lacking. In this study, we developed a data-driven crop mapping framework by integrating multiple existing crop products with the Google Satellite Embeddings derived from the AlphaEarth foundation model, and produced 10 m resolution mapping of complex cropping patterns across China from 2018 to 2021. Firstly, we integrated multiple publicly available crop mapping products within a harmonized framework that applies a unified cropland extent and cropping intensity, providing a systematic assessment of their consistency at pixel level. Consistency analysis results classify the study area into areas with consistency and areas with confusion, the latter serving as the mapping focus. Then, by combining harmonized crop data layers with random forest classifiers trained on foundation-derived embedding features, our framework effectively enhanced the spatial coherence and temporal stability, achieving an overall accuracy of 92.60 % and an F1 score of 0.7584. Compared with second-level administrative unit (ADM-2) statistics, the mapped cropping areas achieved high consistency (R2= 0.849, RMSE = 4.61 × 104 ha, MAE = 2.07 × 104 ha). The resulting datasets provide an integrated depiction of China's complex cropping systems, enabling consistent interannual assessments of changes in crop types, cropping sequences, and spatial patterns at 10 m resolution, thereby establishing a robust foundation for refined agricultural management and policy decisions, while supporting climate-smart and sustainable land-use planning."
10.5194/essd-18-5627-2026,True,Earth System Science Data,该论文研究的是青藏高原高寒草甸的碳和能量通量，使用了涡度相关技术（Eddy Covariance）进行测量，并与卫星观测（如MODIS）进行了对比。这直接涉及大气环境遥感技术，特别是卫星观测和生态系统模型验证，因此与大气环境遥感技术密切相关。,"['Eddy Covariance', 'MODIS', 'Alpine Steppe', 'Tibetan Plateau', 'carbon fluxes']",Nithin D. Pillai;Christian Wille;Felix Nieberding;Manuel Helbig;Torsten Sachs,A year-long eddy covariance dataset over an Alpine Steppe on the central Tibetan Plateau: a landscape perspective on carbon and energy fluxes,"We present a continuous dataset of carbon and energy fluxes measured over an alpine steppe in the Tibetan Plateau using the Eddy Covariance technique at 19 m. Covering a larger footprint (~ 30 ha) than the existing long-term 3 m measurements, it enables landscape-scale flux estimation, improved alignment with satellite observations, and supports studies of ecosystem modelling and satellite product validation. 
 The Tibetan Plateau (TP) is warming rapidly, with future projections suggesting continued warming that may amplify climate–carbon feedbacks. However, sparse in-situ observations and pronounced spatial heterogeneity in vegetation, soil moisture, and climate have limited our understanding of these ecosystem responses. Here, we present a continuous record of carbon and energy fluxes measured at a landscape scale (∼30 ha (0.3 km2)) in an alpine steppe ecosystem on the TP from July 2018 to June 2019. The dataset yields a cumulative net ecosystem exchange (NEE) of -12.6±16.4 g C m−2, indicating a near carbon-neutral budget. Flux measurements were quality-filtered, retaining 33 %–44 % of high-quality data across fluxes, and gap-filled to produce a complete seasonal record using two complementary approaches, marginal distribution sampling (MDS) and random forest (RF), with RF outperforming MDS for all the fluxes. Eddy covariance measurements represent integrated fluxes over their footprint area, which are often much smaller than most model grids or remote sensing pixels, particularly in grassland ecosystems. Owing to the higher measurement height (19 m) at this site, the footprint climatology (90 % source area ≈ 280 000 m2) closely aligns with the spatial coverage of a Moderate Resolution Imaging Spectroradiometer (MODIS) 500 m pixel (∼250 000 m2), making this dataset particularly suitable for future landscape-scale comparisons and satellite product validation. The data include quality flags indicating observed or gap-filled values, uncertainty estimates, footprint diagnostics, and auxiliary meteorological variables (air and soil temperature, soil moisture, radiation, relative humidity, vapour pressure deficit). The data described in this manuscript provides a robust foundation for examining carbon–climate interactions in alpine environments and supporting ecosystem modeling (https://doi.org/10.5880/GFZ.TKVR.2026.001, Pillai et al., 2026)."
10.5194/essd-2026-403,False,Earth System Science Data Discussions,该论文主要关注热带气旋的历史数据集，结合了多种天气再分析和跟踪方法，虽然涉及大气现象，但并非直接与大气环境遥感技术（如空气质量监测、卫星观测、大气成分分析、气溶胶反演）相关。,"['tropical cyclones', 'weather reanalysis', 'cyclone tracks']",Stella Bourdin;Kevin Hodges;Yushan Han;Leo Saffin;Alexander Baker;John Methven;Pier Luigi Vidale,RABTracks: Reanalysis-Augmented Best Tracks for Tropical Cyclones,"This paper describes a new dataset for the study of historical tropical cyclones. RABTracks is a global dataset that combines official tropical cyclone records with multiple weather reanalyses and tracking methods from 1940 to today. It extends cyclone tracks before formation and after dissipation, adding information on intensity, size, structure, and transition to extratropical storms. The dataset is designed to support improved cyclone risk analysis. 
 A new dataset, Reanalysis-Augmented Best Tracks for Tropical Cyclones (RABTracks), is created for the study of Tropical Cyclones (TCs) globally. The goal of RABTracks is to bring together multiple sources of information on historical tropical cyclones in one place. To do so, we augment the International Best Track Archive for Climate Stewardship (IBTrACS) with track data from five analyses (four reanalyses and one operational analysis), using two different tracking methods, in all basins, from 1940 to present. This provides us, in particular, with extended tracks that reconstruct the early and late stages of each recorded cyclone. It is also an opportunity to gather information on cyclones’ intensity, size, and to retrieve information about the cyclones’ nature at different stages, derived from the Cyclone Phase Space (Hart, 2003), and SyCLoPS classification (Han and Ullrich, 2025). This dataset has a high potential to support robust TC-related climatological studies. It was also designed to be easy to extend with additional data, and all the code for creating the dataset, making the analyses and adding new data is provided in an open-source repository."
10.5194/gmd-19-6797-2026,False,Geoscientific Model Development,该论文主要关注气候模型和气候影响评估，虽然涉及区域气候指标，但并未直接涉及大气环境遥感技术，如空气质量监测、卫星观测或大气成分分析等。,"['emulator', 'climate models', 'regional climate indicators']",Niklas Schwind;Mahé Perrette;Edward Byers;Annika Högner;Quentin Lejeune;Tessa Möller;Zebedee Nicholls;Peter Pfleiderer;Sarah Schöngart;Michaela Werning;Carl-Friedrich Schleussner,"RIME-X v1.0: combining simple climate models, Earth  system models, and climate impact models into a unified  statistical emulator for regional climate indicators","We study how regional climate and climate impact indicators may respond to different emissions scenarios. Their possible outcomes are shaped by uncertainties in future emissions, global warming, regional effects of global warming, and the chaotic climate system. We introduce RIME-X (Rapid Impact Model Emulator Extended), an emulator that combines multiple tools and datasets to estimate probabilistically how any emissions path may influence regional outcomes. 
 Many tasks in climate science, including climate impact assessment, scenario analysis, and end-to-end attribution, require efficient methods to translate a wide range of emissions scenarios into regional-scale climate indicators while explicitly accounting for uncertainty. Climate and impact model emulators are statistical models that approximate selected outputs of comprehensive models and can perform this translation. The Rapid Impact Model Emulator (RIME) uses individual simulations from climate or impact models to empirically relate global mean surface air temperature (GMT) levels to regional-scale indicators, enabling the conversion of GMT trajectories, commonly derived from Simple Climate Models (SCMs), into time series of regional climate impacts. Here, we present the Rapid Impact Model Emulator Extended (RIME-X), an extension of the RIME framework that replaces deterministic emulation of individual models along single GMT trajectories with a probabilistic approach. RIME-X combines ensemble simulations of GMT derived from SCMs with warming-level-dependent regional indicator distributions estimated from weighted Model Intercomparison Project (MIP) data. This results in scenario-dependent, time-evolving probability distributions of those regional indicators. By jointly quantifying global and regional sources of uncertainty from the start, RIME-X enables systematic exploration of the full space of plausible regional climate impact trajectories under different emissions scenarios. The method is conceptually applicable to regional indicators whose distributions are predominantly determined by warming level and provides a computationally efficient framework for uncertainty-aware regional indicator emulation. We evaluate the method using out-of-sample validation on temperature and precipitation simulations from the Coupled Model Intercomparison Project 6 (CMIP-6) and demonstrate its applicability to a range of impact and extreme event indicators derived from the Inter-Sectoral Impact Model Intercomparison Project (ISIMIP). We provide an open-source Python implementation of RIME-X, including preprocessing workflows for data from ISIMIP and support for user-defined indicators."
10.5194/gmd-19-6991-2026,True,Geoscientific Model Development,该研究使用大气模型（CCAM）进行降水降尺度，涉及光谱嵌套技术，并与观测数据（如GPM-IMERG降水数据）进行比较，这与大气环境遥感技术（如空气质量监测、卫星观测、大气成分分析、气溶胶反演）密切相关。,"['atmospheric model', 'spectral nudging', 'precipitation downscaling', 'CCAM', 'GPM-IMERG']",Son C. H. Truong;Marcus J. Thatcher;Phuong Loan Nguyen;Lisa V. Alexander;John L. McGregor,"Spectral nudging impacts on precipitation downscaling in the Conformal Cubic Atmospheric Model, version CCAM-2504: insights from summer 2011","Understanding future rainfall is essential for managing floods and water resources in Australia. We tested different ways of helping a regional climate model better represent large-scale weather patterns during the extreme 2010–2011 La Niña event and compared the results with observations. The best approach produced more realistic atmospheric conditions and rainfall, increasing confidence in future climate projections and helping improve information for planning and climate adaptation 
 This study evaluates the impacts of spectral nudging on rainfall when dynamically downscaling with the Conformal Cubic Atmospheric Model (CCAM). The study focuses on the extreme 2010–2011 La Niña, in conjunction with the Madden–Julian Oscillation (MJO), across the CORDEX–Australasia domain at 12.5 km with CCAM nested in ERA-5 reanalysis. Sixteen simulations were performed, systematically varying nudging wavelength, vertical extent, frequency, and variable choice, and evaluated against GPM-IMERG precipitation and ERA5 reanalysis. Configurations at short nudging wavelengths (∼ 500–1500 km), with high-frequency updates (1 h), and including pressure, wind and temperature delivered the most robust performance. These setups reduced large-scale rainfall biases, improved spatial and temporal correlations, reproduced vertical structure and moisture convergence more realistically, and achieved the closest agreement with observed mean and extreme observed rainfall. In contrast, coarse-scale (3000 km), full-column constraints, or nudging limited to pressure or wind variables degraded performance, producing oversmoothed variability, misplaced convection, and unrealistic rainfall patterns. Overall, the results demonstrate that carefully tuned spectral nudging in CCAM preserves large-scale teleconnections associated with La Niña, MJO, and retains mesoscale variability while enhances the fidelity of both mean and extreme rainfall in this extreme 2010–2011 La Niña event. This study strengthens confidence in CCAM downscaling for CORDEX–Australasia, with implications extending to other CORDEX domains and applications."
10.1029/2025GL121160,True,Geophysical Research Letters,该论文研究船舶排放对热带贸易卷云的影响，涉及卫星观测（MODIS Aqua）和大气成分分析（云滴数、船舶尾迹），属于大气环境遥感技术领域，特别是空气质量监测和卫星遥感。,"['MODIS Aqua', 'ship tracks', 'cloud droplet number', 'LES', 'atmospheric composition']",Chris J. Wright;Jihu Liu;Yang Cao;Yannian Zhu;Daniel Rosenfeld;Robert Wood;Joel A. Thornton,Invisible Ship Tracks Produce Mean‐State Cloud Microphysics Perturbation in Tropical Trade Cumulus,"Aerosol effects in cumulus‐topped boundary layers remain relatively unconstrained and drive uncertainty in climate modeling. We assess the impacts of shipping aerosol on trade cumulus, combining satellite retrievals and large eddy simulations (LES). Over the Bay of Bengal shipping lane, sparse cumulus cloud fields rarely produce visually identifiable plume features embedded in clouds. That is, the ship tracks are generally “invisible.” Nonetheless, we show using MODIS Aqua that this shipping lane produces a shift in the probability distribution of cloud droplet number (Nd), constituting a strong mean‐state perturbation in trade cumulus composed entirely of invisible ship tracks. Liquid water path and cloud fraction adjustments are undetectable. An LES ensemble of the shipping lane shows similar sensitivity of Nd and lack of consistent domain‐average adjustments. We also discuss the limitations of using aerosol mass in ACI parameterizations, and evaluate the radiative response to ship emissions and fuel regulations."
10.1029/2026GL122592,True,Geophysical Research Letters,该论文使用SWOT测高卫星任务监测恒河-布拉马普特拉三角洲的潮间带形态变化，涉及卫星观测技术和海岸环境分析，与大气环境遥感技术（如卫星观测、海岸带分析）密切相关。,"['SWOT', 'altimetry', 'intertidal zone', 'sediment volume change', 'coastal environment']",Nushrat Yeasmin;Laurent Testut;Valérie Ballu;Md Jamal Uddin Khan,Rapid Morphological Changes in the Intertidal Zone of the Ganges‐Brahmaputra Delta Revealed by SWOT Altimetry Mission,"Intertidal zones of the Ganges‐Brahmaputra (GB) delta are among the most active coastal environments worldwide, and quantifying their morphological evolution remains challenging due to rapid change and scarce in situ observations. This study presents a satellite‐based direct quantification of intertidal sediment volume change in the Meghna Estuary of the GB delta using the Surface Water and Ocean Topography (SWOT) altimetry mission. Originally designed to observe fine‐scale ocean dynamics and inland hydrology, SWOT also allows accurate mapping of intertidal topography. Using SWOT‐based intertidal topography, this study assesses elevation change and associated sediment erosion and accretion volume over a 1‐year interval (2024–2025). The analysis reveals a net sediment change of 70.32 ± 0.12 Megatonnes with distinct island‐scale and local‐scale sediment redistribution patterns. Consistent spatial patterns observed from overlapping different SWOT passes support the robustness of the derived changes, demonstrating a powerful approach for monitoring rapidly evolving intertidal changes across the world's coastline."
10.1029/2026EF008622,False,Earth's Future,该论文主要关注美国山体滑坡的暴露情况，包括滑坡易发性、建筑物清单和社会经济数据，与大气环境遥感技术（如空气质量监测、卫星观测、大气成分分析、气溶胶反演）没有直接关联。,"['landslide', 'exposure', 'database']",Daniel Acosta‐Reyes;Joseph Wartman;Jessica Kaminsky,Landslide Exposure in the United States,"Landslide exposure in the United States has not been systematically quantified at the national scale, constraining targeted mitigation, policy development, and resource allocation. To address this gap, we developed the Landslide Exposure Database (LED), the first building‐level national assessment integrating landslide susceptibility, building inventories, and socioeconomic data for 128 million structures across the United States. Although high‐susceptibility terrain covers 19% of United States land area, the 6.5 million people residing in these areas represent just 2% of the national population, indicating that exposure reflects human geography as much as physical geography. Geographically, exposure concentrates in the Appalachian Highlands and Pacific Mountain System, which together account for 78% of the national high‐exposure population; 62% of high‐susceptibility buildings are in rural settings. Socioeconomic analysis identifies a consistent urban‐rural divide: urban populations in high‐susceptibility terrain show greater resilience than their regional baseline, while rural populations, concentrated in central Appalachia, show greater vulnerability where constrained topography limits settlement alternatives. Four distinct policy contexts emerge from the spatial clustering analysis, each requiring fundamentally different interventions."
10.1029/2025EF007984,True,Earth's Future,该论文研究未来气候变暖情景下水库干旱的恢复能力，涉及大气-陆地-河流模型的耦合模拟和水库运行，与大气环境遥感技术中的大气成分分析和水资源监测相关，因此具有相关性。,"['reservoir drought', 'atmosphere‐land‐river models', 'reservoir storage dynamics', 'drought signatures']",Hisham Eldardiry;Ning Sun;Nathalie Voisin,Reservoir Drought Resilience Under Future Warming Scenarios: Regional Disparities Across Heavily Regulated US Basins,"Reservoir drought, a form of hydrological drought, is characterized by abnormally low reservoir storage levels, reflecting combined impacts of natural water shortages and water management practices. Despite their profound impacts on water, energy, and agricultural sectors, systematic projections of how reservoir drought and resilience may evolve remain scarce. This study addresses this gap by quantifying shifts in reservoir drought signatures (onset, severity, duration, recovery and frequency) across five heavily regulated US basins under rising temperatures. By coupling atmosphere‐land‐river models with reservoir operations at ∼12‐km resolution, we simulated multi‐decadal reservoir storage dynamics and characterized drought signatures for individual reservoirs. We follow a no‐adaptation scenario, holding water demands and operational rules fixed, to isolate warming‐driven stress on reservoir systems under present‐day management conditions. Our findings reveal significant regional and functional disparities in reservoir drought resilience under the scenarios of rising temperature. Reservoirs in the Texas‐Gulf region are projected to become more resilient, while systems in the Upper Colorado and South Atlantic‐Gulf regions face increased risk due to prolonged drought durations (increasing by ∼6–10 months) and slower recovery (with recovery times increasing by up to three‐to fourfold). With respect to primary function, reservoirs used for irrigation and hydropower, particularly those with smaller storage capacity and lower degrees of regulation, are most susceptible to future drought stress. Overall, this study provides a novel continental‐scale benchmark for reservoir droughts to support evolving multi‐sectoral drought mitigation efforts."
10.1038/s41586-026-10939-0,False,Nature,该论文研究的是人体微胶质细胞的起源和老化过程，涉及的是生物学和神经科学领域，与大气环境遥感技术（如空气质量监测、卫星观测、大气成分分析、气溶胶反演）无关。,"['somatic mutations', 'microglia', 'human aging']",Julia A. Belk;Yaowen Zhang;Emily E. Reilly;Quanming Shi;Daniel Dan Liu;Nicole Womack-Gambrel;Maarten van der Linde;Lisa Ma;Debasmita Paul;Alejandro Medina Enciso;Raja Kalluru;Jacob Weiss;Rui Li;Anna E. Eastman;Chunfang Zhu;Arnav Chakravarthy;Syed Bukhari;Dipabarna Bhattacharya;Suyash Raj;Daniel Richard;Simone Brioschi;Matthew R. Chrostek;Daniel C. Nachun;Christopher M. Arends;Jayakrishnan Gopakumar;Isak W. Tengesdal;Ademar Bynum;Shaneice Mitchell;Katalin Sandor;Wenxi Zhang;Badri N. Vardarajan;Inma Cobos;Donald E. Born;Robert B. West;Anne Brunet;Marco Colonna;Krishna L. Bharani;Hannes Vogel;Thomas J. Montine;Caitlin S. Latimer;Irving L. Weissman;Magdalena Matusiak;Jody E. Hooper;C. Dirk Keene;Howard Y. Chang;Siddhartha Jaiswal,Somatic mutations reveal the ontogeny of microglia in human aging,"Somatic mutations reveal the ontogeny of microglia in human aging 
 Microglia are the resident macrophages of the central nervous system1. In mice, microglia seed the brain during embryogenesis and can be maintained throughout life with minimal input from adult hematopoiesis2-4. The origins of human microglia are less clear, but recent evidence suggests that marrow-derived cells contribute to the human microglial pool in certain individuals5-9. Here, to investigate the ontogeny of human microglia, we develop an approach that uses the collection of accumulated somatic mutations which uniquely labels each clone of cells to track the infiltration of marrow-derived cells into the human brain. Applying this approach to 20 aged individuals, we find evidence of an influx of marrow-derived cells into the brain in all examined individuals. Single cell analysis, including single cell lineage tracing using mitochondrial DNA variants, demonstrates that these infiltrating cells are similar to microglia and can comprise a large fraction of the microglial pool. Analysis of human cohort data demonstrates a protective association between most types of clonal hematopoiesis and Alzheimer’s disease. In sum, this work uncovers a widespread influx of myeloid cells into the healthy human brain which contributes to the pool of human microglia and becomes common with aging."
10.1038/s41586-026-10920-x,False,Nature,该论文标题和摘要均与大气环境遥感技术无关，主要关注的是生物衰老时钟与睡眠的关系，不涉及空气质量监测、卫星观测、大气成分分析或气溶胶检索等主题。,[],Cliodhna Kate O’Toole;Zhiyuan Song;Filippos Anagnostakis;Zhijian Yang;Ye Ella Tian;Michael R. Duggan;Chunrui Zou;Yue Leng;Yi Cai;Wenjia Bai;Cynthia H. Y. Fu;Michael S. Rafii;Paul Aisen;Gao Wang;Philip L. De Jager;Jian Zeng;Hamilton Se-Hwee Oh;Xia Zhou;Keenan A. Walker;Daniel W. Belsky;Andrew Zalesky;Eleanor M. Simonsick;Susan M. Resnick;Luigi Ferrucci;Christos Davatzikos;Junhao Wen,Author Correction: Sleep chart of biological ageing clocks in middle and late life,"Author Correction: Sleep chart of biological ageing clocks in middle and late life 
 "
10.1038/d41586-026-01843-8,False,Nature,该论文标题和摘要涉及职业不安全感和经济状况，与大气环境遥感技术（如空气质量监测、卫星观测、大气成分分析、气溶胶检索）无关。,[],Daniella Watson,"Job insecurity is chipping away at me and my cohort. Is it us, or the state of the economy?","The career market is difficult to navigate — and academic achievements feel like they’re no longer enough, says Daniella Watson. 
 The career market is difficult to navigate — and academic achievements feel like they’re no longer enough, says Daniella Watson."
10.1038/d41586-026-02195-z,False,Nature,该论文主要关注锂矿开采的可持续性问题，特别是减少地下储层开采过程中的用水量。这与大气环境遥感技术（如空气质量监测、卫星观测、大气成分分析、气溶胶反演等）没有直接关联。,[],Mohana Basu,Demand for lithium is surging: here’s how to make mining more sustainable,"Researchers are looking for ways to extract the metal from underground reservoirs that use less water. 
 Researchers are looking for ways to extract the metal from underground reservoirs that use less water."
10.1038/d41586-026-02361-3,True,Nature,该论文与大气环境遥感技术相关，因为它讨论了气候变化如何影响火灾频发和火势，这可以通过遥感技术监测和分析。,"['fire regimes', 'climate change', 'hot, dry conditions']",James Dinneen,Fires in Europe are breaking records: here’s what the future holds,"Countries such as Spain and France can expect fire regimes more like those of California as climate change favours hot, dry conditions, scientists suggest. 
 Countries such as Spain and France can expect fire regimes more like those of California as climate change favours hot, dry conditions, scientists suggest."
10.1038/d41586-026-02079-2,False,Nature,该论文的主题是统计学和人权事业，与大气环境遥感技术无关。,[],Rachel Crowell,How I use statistics and my law degree to fight human-rights abuses,"Some 50 years after exposing gender discrimination in US academics’ retirement benefits, Mary Gray works as a statistician and social-justice campaigner. 
 Some 50 years after exposing gender discrimination in US academics’ retirement benefits, Mary Gray works as a statistician and social-justice campaigner."
10.1038/d41586-026-02400-z,False,Nature,该论文标题和摘要内容与大气环境遥感技术无关，主要讨论的是旧石器时代艺术和同行评审的学术问题。,[],Flora Graham,Daily briefing: Ice-age art hints at how humans flourished,"Tiny bird figurines hint at the sophistication of Europe’s earliest Homo sapiens. Plus, open peer-review reports are less likely to be retracted and a mission to fly over dangerous ‘fire clouds’. 
 Tiny bird figurines hint at the sophistication of Europe’s earliest Homo sapiens. Plus, open peer-review reports are less likely to be retracted and a mission to fly over dangerous ‘fire clouds’."
10.1038/s41561-026-02040-y,True,Nature Geoscience,该论文研究大气和河流共同的热浪现象，涉及大气环境监测和气候变化对水文系统的影响，与大气环境遥感技术（如空气质量监测、卫星观测、大气成分分析、气溶胶反演）密切相关，因为其分析了大气和河流热浪的时空变化，并使用了遥感技术和模型模拟方法。,"['atmospheric heatwaves', 'river heatwaves', 'compound heatwaves', 'deep learning model', 'water temperature']",Yu Zhou;Yanxia Shen;Wei Zhi;Bo Zhou;Senlin Zhu;Li Yuan;Yangyang Wang;Chuan Wang;Kun Shi;Amir Aghakouchak;Michelle T. H. van Vliet;Chunhui Lu;R. Iestyn Woolway,Threefold increase in atmospheric–riverine compound heatwaves under climate change,"Co-occurring atmospheric and river heatwaves have tripled since the 1980s across the USA and Europe, and are projected to become the norm by 2100, according to model simulations. 
 Record-breaking heatwaves disrupt global water, energy and food systems, yet the co-occurrence of atmospheric and riverine events remains largely unexplored. Here we analyse 796 river basins in the USA and Central Europe to characterize such co-occurring atmospheric–riverine compound heatwaves. Combining water quality observations with a deep learning model, we find that compound heatwaves have increased by about 0.40 events per decade since the 1980s. This corresponds to a rise from roughly 0.76 events per year in the early period to about three times that frequency today, meaning their occurrence has effectively tripled over the past four decades. This trend coincides with the rapid intensification of riverine heatwaves, which have increased in frequency (114%), duration (148%) and intensity (95%) between 1981–1990 and 2010–2019, far outpacing changes in atmospheric heatwaves. Compound occurrences are primarily controlled by climatic (59.2%), topographic (22.4%) and hydrological (18.3%) factors, with amplified trends in high-elevation (>3,000 m) mountain rivers (+128% per decade). Compared with isolated riverine heatwaves, compound heatwaves drive an additional 16% rise in water temperature and a further 2.9% decline in dissolved oxygen. Under a high-emissions scenario, 98.5% of riverine heatwaves will coincide with atmospheric heatwaves by 2100. These findings highlight the escalating threats of compound heatwaves to freshwater ecosystems and the need to incorporate their dynamics into future water risk assessments. Co-occurring atmospheric and river heatwaves have tripled since the 1980s across the USA and Europe, and are projected to become the norm by 2100, according to model simulations."
10.1038/s41467-026-76186-z,False,Nature Communications,该论文的主题是抗生素的开发和在印度的获取途径，与大气环境遥感技术（如空气质量监测、卫星观测、大气成分分析、气溶胶反演）无关。,[],Abi Manesh;Kamini Walia;Taslimarif Saiyed;Balaji Veeraraghavan;David L. Paterson,Antibiotic development and a path to access in India,"India is emerging as an important developer and manufacturer of antibiotics, which includes several agents that are in clinical use or advanced stages of development. Here, the authors discuss the successes, and the implications for global access to antimicrobials. 
 Antibiotic development has historically been concentrated in high-income countries. We discuss how India is emerging as an important centre for antimicrobial development, and the implications for global health and equity of access to life-saving therapies. India is emerging as an important developer and manufacturer of antibiotics, which includes several agents that are in clinical use or advanced stages of development. Here, the authors discuss the successes, and the implications for global access to antimicrobials."
10.1038/s41467-026-76223-x,True,Nature Communications,该论文研究了木星bow shock处的等离子体波现象，这与大气环境遥感技术中的卫星观测、大气成分分析等领域密切相关。文章涉及等离子体波在bow shock中的作用，以及如何通过探测器（如Juno spacecraft）获取相关数据，这与大气环境遥感技术中的观测手段和数据分析方法高度相关。,"['plasma waves', 'Juno spacecraft', 'Jovian bow shock', 'solar wind', 'atmospheric composition']",J. Joseph;W. S. Kurth;L. B. Wilson III;J. E. P. Connerney;F. Allegrini;R. J. Wilson;A. H. Sulaiman;R. W. Ebert;J. B. Faden;C. W. Piker;A. N. Jaynes;B. H. Mauk;S. J. Bolton,Plasma wave observations from Juno spacecraft at the Jovian bow shock,"Plasma waves mediate conversion of solar wind kinetic energy into thermal energy at bow shocks. Here, the authors show waves at Jupiter’s bow shock resemble those at Earth but exhibit distinct harmonic structures, enhancing heating. 
 Recent observations of Jupiter’s bow shock have provided new insights into the energy dissipation mechanisms associated with bow shocks of outer planets. At greater distances from the Sun, the typically increasing super-Alfvénic nature of the solar wind leads to higher-energy bow shocks with enhanced dissipation requirements. Research on Earth’s bow shock suggests that plasma waves (e.g., ion-acoustic waves, waves driven by the electron cyclotron drift instability, electrostatic solitary waves, and whistler mode waves) play a critical role in converting solar wind bulk kinetic energy into thermal energy. However, the lack of high-resolution plasma wave data, which is essential for detecting these waves, has previously hindered their identification at the outer planets. Here we demonstrate, based on two case studies, that similar waves also exist at Jupiter’s bow shock. But, unlike their terrestrial counterparts, Ion-acoustic waves at Jupiter may display harmonic structures, indicating possible particle trapping, and intense electron cyclotron drift instability may occur to accommodate the shock’s intensity. Magnetic field measurements suggest possible shock reformation. Plasma waves mediate conversion of solar wind kinetic energy into thermal energy at bow shocks. Here, the authors show waves at Jupiter’s bow shock resemble those at Earth but exhibit distinct harmonic structures, enhancing heating."
10.1038/s41467-026-76257-1,False,Nature Communications,该论文研究的是早期生活糖配给对年龄相关疾病和生物衰老的影响，与大气环境遥感技术（如空气质量监测、卫星观测、大气成分分析、气溶胶反演）无关，因此不相关。,"['sugar rationing', 'early life nutrition', 'ageing-related diseases']",Jiazhen Zheng;Zhen Zhou;Jinghan Huang;Qiang Tu;Haisheng Wu;Quan Yang;Qi Qi;Wenbo Huang;Qingwen Ren;Junchun Shen;Xinlong Shi;Can Chen;Chuang Yang;Daniel J. Cuthbertson,"Early life sugar rationing and ageing related diseases, biological ageing and mortality","Studies on how early-life nutrition influence ageing are limited. Here, using data from the UK Biobank, the authors find that sugar rationing during early life is associated with a lower incidence of ageing-related diseases and slower aging. 
 Early-life nutrition may influence lifelong ageing, yet human evidence is scarce. Using Britain’s postwar sugar rationing as a natural experiment, we examine its long-term effects in 64,809 United Kingdom Biobank participants. Exposure to sugar rationing during the first 1,000 days of life is associated with a 9% lower incidence of hallmark-related disease, with a hazard ratio of 0.91 and a 95% confidence interval of 0.88–0.94, and a 19% lower risk of all-cause mortality, with a hazard ratio of 0.81 and a 95% confidence interval of 0.69–0.93. Mediation analysis indicates that the survival association is statistically mediated, by approximately 60%, through differences in incident hallmark-related disease. Rationed individuals show 1.0–1.2-year younger biological ages across multiple clocks and lower organ ages, particularly in the lung, heart, and liver. Proteomic profiling identifies 47 altered proteins, with enrichment of adenosine monophosphate-activated protein kinase and longevity pathways and suppression of mechanistic target of rapamycin signaling. These findings are consistent with international recommendations to limit free or added sugars from the World Health Organization, United States Dietary Guidelines, and American Heart Association, and may inform policy discussions related to sugar taxation and infant food and marketing policies under the United Nations 2030 Agenda. Studies on how early-life nutrition influence ageing are limited. Here, using data from the UK Biobank, the authors find that sugar rationing during early life is associated with a lower incidence of ageing-related diseases and slower aging."
10.1038/s41467-026-76248-2,False,Nature Communications,该论文研究的是蛋白质相分离的预测和调控，涉及机器学习模型和环境条件，但与大气环境遥感技术（如空气质量监测、卫星观测、大气成分分析、气溶胶反演）无关。,"['machine learning', 'protein phase separation', 'environmental conditions']",Jangwon Bae;Minjun Kang;Donghyuk Lee;Kuk-Jin Yoon;Yongwon Jung,A machine learning framework for predicting and modulating condition-dependent protein phase separation,"Researchers develop a machine learning model that predicts how protein phase separation responds to environmental conditions. It is expected to help pinpoint pathological phase separation and design protein condensates with desired behavior. 
 Protein phase separation is a fundamental process in organizing membraneless organelles and is implicated in pathological conditions. Importantly, this process is dynamic and depends on conditions such as concentration, temperature, and solvent composition. However, current machine learning models infer phase separation propensity solely from amino acid sequences, failing to capture these context-dependent behaviors. Here we show that LLPSense, a machine learning framework that integrates protein language model embeddings with environmental parameters, achieves accurate, condition-aware predictions of phase separation. Multiple experimental validations confirm LLPSense’s predictive power and utility. The model reveals complex, temperature-dependent reentrant behavior in SGTA, previously unrecognized as phase-separating. Moreover, LLPSense accurately predicts mutations in Parkinson’s disease-associated α-synuclein that either enhance or suppress phase separation. Beyond predictive accuracy, model-guided mutagenesis enables the modulation of phase behavior. Collectively, LLPSense establishes a robust computational framework for interrogating phase landscapes, facilitating mechanistic disease studies and programmable condensate design. Researchers develop a machine learning model that predicts how protein phase separation responds to environmental conditions. It is expected to help pinpoint pathological phase separation and design protein condensates with desired behavior."
10.1038/s41467-026-75571-y,False,Nature Communications,该论文主要关注的是生物样本中翻译调控的研究，特别是使用Ribo-ITP技术在有限输入样本中识别新的翻译区域（translons）。虽然涉及生物样本的分析，但与大气环境遥感技术（如空气质量监测、卫星观测、大气成分分析、气溶胶检索）没有直接关系。,"['ribosome profiling', 'translons', 'microdissected brain tissue']",Vighnesh Ghatpande;Uma Paul;Logan Persyn;Yifan Tian;MacKenzie A. Howard;Can Cenik,Ribo-ITP enables identification of translons from limited input samples,"Studying translation regulation in limited biological samples is challenging using conventional ribosome profiling methods. Here, the authors show that RiboITP enables discovery of thousands of novel translons with potential regulatory and functional roles in microdissected brain tissue and embryos. 
 In the last decade, an unexpectedly large number of translated regions (translons) have been discovered using ribosome profiling and proteomics. Translons can act as regulatory elements or encode functional micropeptides. However, identification of translons has been limited to cell lines or large organs due to high input requirements for conventional ribosome profiling and mass spectrometry. Here, we address this input limitation using Ribo-ITP on difficult-to-collect samples such as microdissected hippocampal tissues and single preimplantation embryos to identify thousands of translons. To test the translational capacity of the identified translons, we engineer a translon-dependent GFP reporter system and detect expression of translons initiating at ATG and near-cognate start codons in mouse embryonic stem cells (mESCs). We identify distinct expression patterns of translons using a comparative analysis of more than a thousand ribosome profiling datasets across a wide range of cell types. Further, using a machine learning model, we predict that specific upstream translons in synaptically enriched mRNAs regulate translation efficiency of the annotated coding region. Taken together, we present a proof-of-concept study to identify non-canonical translation events from low input samples which can be applied to cell and tissue types inaccessible to conventional methods. Studying translation regulation in limited biological samples is challenging using conventional ribosome profiling methods. Here, the authors show that RiboITP enables discovery of thousands of novel translons with potential regulatory and functional roles in microdissected brain tissue and embryos."
10.1038/s41467-026-76128-9,False,Nature Communications,该论文主要研究的是光计算技术，特别是多核并行处理和计算速度的提升，虽然涉及人工智能和神经网络，但与大气环境遥感技术（如空气质量监测、卫星观测、大气成分分析、气溶胶反演等）没有直接关联。,"['optical computing', 'TOPS', 'convolutional neural network']",Xiangyan Meng;Junshen Li;Menghan Yang;Kangwei Fei;Yanzhen Li;Wei Li;Jianping Yao;Ninghua Zhu;Nuannuan Shi;Ming Li,65 TOPS optoelectronic multi-core computing unlocking multi-feature fusion enhancement,"Integrating coherent interference and wavelength-division multiplexing, a four-core optical computing chip is demonstrated to support 124-channel parallel processing and achieve a computational speed of 65 TOPS. 
 The rapid progress of artificial intelligence demands scalable, energy-efficient hardware with massive parallelism and high throughput. Although optical computing offers a promising post-Moore solution, current implementations face speed limitations and multi-core integration challenges. Here, we propose a high-throughput optical processing unit (OPU) that simultaneously exploits coherent interference, wavelength-division multiplexing, and spatial parallelism to achieve revolutionary performance gains. Integrating four optical analog cores on a monolithic chip, the OPU supports 124-channel parallel task processing, achieving 65.04 trillion operations per second (TOPS) computational speed and 5.16 TOPS/mm2 compute density. Leveraging this OPU platform, an optoelectronic convolutional neural network (OE-CNN) is constructed that fuses the OPU’s parallel 4-kernel convolution and average pooling operations with electronic nonlinear activation and fully connection operations. This OE-CNN, empowered by multi-feature fusion through 4-kernel parallel convolution, achieves a 95.08% MNIST classification accuracy—representing a 9.20% improvement over its single-core counterpart. The OPU demonstration achieves multi-core parallel operation and accelerated computational speed, establishing a scalable hardware foundation for optoelectronic many-core intelligent computing. Integrating coherent interference and wavelength-division multiplexing, a four-core optical computing chip is demonstrated to support 124-channel parallel processing and achieve a computational speed of 65 TOPS."
10.1038/s41467-026-76253-5,False,Nature Communications,该论文主要研究深海PVC细菌降解多糖的能力，虽然涉及微生物代谢和海洋碳循环，但未直接关联大气环境遥感技术，如空气质量监测、卫星观测或大气成分分析。,"['deep sea', 'PVC bacteria', 'polysaccharide degradation']",Rikuan Zheng;Chong Wang;Chaomin Sun,Multi-omics and cultivation reveal laminarin-degrading PVC bacteria in the deep sea,"In this study, the authors used multi-omics and cultivation approaches to show that deep-sea PVC bacteria have the capacity to degrade polysaccharides. Two PVC strains isolated via laminarin enrichment showcase specialized adaptations, highlighting their role in marine carbon cycling. 
 The deep sea is home to a vast and largely unexplored microbial biosphere, along with large amounts of complex organic matter (COM). However, the functional capacity of the deep-sea microbiome to metabolize organic matter across diverse regions remains poorly understood. Here, we combine 16S rRNA gene amplicon sequencing, metagenomics, and metatranscriptomics to comprehensively characterize prokaryotic communities across different years (2018 and 2022) and habitats (cold seeps, hydrothermal vents, and seamounts). Our results reveal spatio-temporal community heterogeneity driven by geochemical gradients, alongside a widespread genetic potential for organic matter metabolism. Notably, the PVC (Planctomycetota-Verrucomicrobiota-Chlamydiota) superphylum exhibits extensive polysaccharide degradation capabilities, exemplified by the isolation of Planctomycetota strain WC338 and Lentisphaerota strain WC36 via laminarin enrichment. Growth experiments and transcriptomics confirm their strict laminarin dependence and characterize the underlying catabolic machinery—specifically, the deployment of different glycoside hydrolase (GH) families, which are broadly distributed and prevalent across the PVC superphylum. Furthermore, we demonstrate that laminarin acts as an effective selective substrate for enriching and isolating the deep-sea PVC superphylum bacteria. Collectively, these findings reveal that PVC bacteria—an overlooked group in laminarin degradation—possess specialized adaptations for polysaccharide breakdown and actively participate in laminarin turnover in deep-sea environments. In this study, the authors used multi-omics and cultivation approaches to show that deep-sea PVC bacteria have the capacity to degrade polysaccharides. Two PVC strains isolated via laminarin enrichment showcase specialized adaptations, highlighting their role in marine carbon cycling."
10.1038/s41467-026-75688-0,True,Nature Communications,该论文研究的是基于镧系掺杂无机材料的单光子上转换技术，该技术可用于红外光子学和红外光探测，并展示了在CO2检测中的应用，这与大气环境遥感技术中的空气质量监测和成分分析相关。,"['photon upconversion', 'infrared photodetection', 'CO2 sensing']",Qi Xiao;Wen Xu;Xiumei Yin;Na Zhou;Xinyao Dong;Ge Zhu;Xixian Luo;Yinglin Song;Bin Dong,Manipulatable Cascade Pumping Single-Photon Upconversion,"Lanthanide-doped inorganic materials are a popular platform for photon upconversion (UC) but often suffer from a limited spectral response range, low efficiency, and slow response speeds. Here, aided by machine learning, the authors develop a cascade pumping approach based on virtual ground states in lanthanide-doped sodium yttrium sulphide, allowing them to overcome these common limitations. 
 Photon upconversion (UC), while promising for infrared photonics, is fundamentally constrained by limited spectral response range, low efficiency, and slow response speeds. Here, we present a machine learning-guided single-photon UC strategy based on cascade pumping that implements a “LEGO-inspired photon stacking” mechanism, in which intermediate state of lanthanide ions (Ln3+) becomes a “virtual ground state” for direct single-photon pumping to target energy levels. As a proof-of-concept, the NaYS2:Ho3+ UC emissions are selectively enhanced by 2-3 orders of magnitude via precise population control. This mechanism extends efficient UC response to ~2100 nm and reduces response time from 30 ms to 54 μs. The approach generalizes to other Ln3+ (Tm3+/Pr3+/Er3+), and energy-transfer optimization in Ho3+-sensitized systems yields near-pure RGB emission. We further demonstrate the high-sensitivity and rapid-response UC narrowband photodetection, enabling low-threshold CO2 sensing with a sensitivity of 6.4×10−4 ppm−1. Our work offers strategy for developing single-photon UC and infrared photodetection technologies. Lanthanide-doped inorganic materials are a popular platform for photon upconversion (UC) but often suffer from a limited spectral response range, low efficiency, and slow response speeds. Here, aided by machine learning, the authors develop a cascade pumping approach based on virtual ground states in lanthanide-doped sodium yttrium sulphide, allowing them to overcome these common limitations."
10.1038/s41558-026-02694-x,False,Nature Climate Change,该论文主要关注气候变化传播中的地方性故事，探讨不同地区在政治、经济、社会和环境条件下的传播差异。它不涉及大气环境遥感技术，如空气质量监测、卫星观测、大气成分分析或气溶胶反演等。,[],Danyang Cheng,Local stories in climate change communication,"Climate change communication differs across regions, shaped by unique political, economic, social and environmental conditions. These influence how climate messages are framed, received and acted upon by the local public. To explore this diversity, Nature Climate Change spoke to globally distributed scholars for their perspectives on the communication patterns, challenges and priorities in their regions. 
 Climate change communication differs across regions, shaped by unique political, economic, social and environmental conditions. These influence how climate messages are framed, received and acted upon by the local public. To explore this diversity, Nature Climate Change spoke to globally distributed scholars for their perspectives on the communication patterns, challenges and priorities in their regions."
10.1038/s43247-026-03873-6,False,Communications Earth & Environment,该论文研究的是厄尔尼诺-南方涛动（ENSO）对中国农业经济的影响，涉及气候和经济模型，但与大气环境遥感技术（如空气质量监测、卫星观测、大气成分分析、气溶胶反演）无关。,[],Junkai Wang;Wenju Cai;Yi Liu;Li Zhang;Shujun Li;Zhuoran Li;Ying Zhang,Heterogeneous persistent ENSO impact on China’s agricultural economy in a warming climate,"Either an El Niño or a La Niña induces a loss to China’s agricultural economy that is multiyear-lasting, particularly in southeastern provinces, and an intensified impact is expected in future projections, as revealed by a nonlinear econometric model combined with CMIP6 experiments. 
 China’s agricultural production underpins food security for 1.4 billion people but undergoes substantial fluctuations strongly affected by the El Niño-Southern Oscillation (ENSO), which alternates between warm El Niño and cool La Niña. However, whether ENSO impact is symmetric between El Niño and La Niña, how long the impact lasts, and how it responds to greenhouse warming are unknown. Here, using a nonlinear econometric model, we show that both El Niño and La Niña exert negative impacts persisting for four years. We attribute 655 billion CNY to the 2015-16 El Niño and 131 billion CNY to the 2010-11 La Niña, higher in southeastern provinces. Due to the nonlinearity, agricultural production is sensitive to future ENSO changes. Under a high-emission scenario, a projected increase in ENSO amplitude likely causes an additional median loss of 39.6 trillion CNY in the 21st century agricultural economy, and a prospect of a far greater loss cannot be excluded. Either an El Niño or a La Niña induces a loss to China’s agricultural economy that is multiyear-lasting, particularly in southeastern provinces, and an intensified impact is expected in future projections, as revealed by a nonlinear econometric model combined with CMIP6 experiments."
10.1038/s43247-026-03879-0,False,Communications Earth & Environment,该论文主要关注企业管理和气候风险对绿色漂洗行为的影响，涉及绿色创新和内部控制的讨论，但并未涉及大气环境遥感技术，如空气质量监测、卫星观测或大气成分分析等。因此，它与大气环境遥感技术没有强关联。,"['greenwashing', 'green innovation', 'climate risk']",Meng Feng;Yueming Lucy Qiu;Yi David Wang,Management attention to climate risk reduces corporate greenwashing through green innovation,"Firms receiving greater managerial attention are less likely to engage in subsequent greenwashing, and this effect is partly driven by increased green patenting and is stronger in firms with high-quality internal controls, according to an analysis of Chinese A-share listed firms from 2012 to 2022. 
 Amid intensifying climate risks and stricter environmental regulations in China, sustainability disclosure is expanding, alongside growing concerns about greenwashing. Existing research emphasizes external pressures, while the role of managerial attention remains less understood. Here we show, using 7556 annual observations of Chinese listed companies from 2012 to 2022, that management attention to climate risk is associated with lower subsequent greenwashing. Further analyses show that this relationship is partly explained by green innovation: greater attention is associated with more granted green invention and utility patents, which in turn are linked to less future greenwashing. The negative relationship is stronger in firms with higher internal control quality, particularly asset safety controls. These findings suggest that climate-conscious management helps firms move from symbolic disclosure toward substantive environmental action. They also show how attention indicators and verifiable innovation outcomes, such as granted green patents, can help regulators and rating agencies distinguish firms that “walk the talk” from those relying on symbolic disclosure. Firms receiving greater managerial attention are less likely to engage in subsequent greenwashing, and this effect is partly driven by increased green patenting and is stronger in firms with high-quality internal controls, according to an analysis of Chinese A-share listed firms from 2012 to 2022."
10.1038/s43247-026-03791-7,False,Communications Earth & Environment,该论文的标题和摘要主要关注的是2023年卡赫拉曼马拉什地震序列中，山坡上新建和已有的定居点，与大气环境遥感技术（如空气质量监测、卫星观测、大气成分分析、气溶胶反演）无关。,[],Yu Wang;Ashok Dahal;Cees J. van Westen;Tolga Gorum;Hakan Tanyaş,Author Correction: New and existing settlements built on hillslopes weakened by the 2023 Kahramanmaraş earthquake sequence,"Author Correction: New and existing settlements built on hillslopes weakened by the 2023 Kahramanmaraş earthquake sequence 
 "
10.1038/s43247-026-03859-4,True,Communications Earth & Environment,该论文研究火山CO₂排放对部分淹没破火山口中微生物碳固定的影响，涉及CO₂排放、海水酸化等环境问题，与大气环境遥感技术中的空气质量监测、大气成分分析等领域相关。,"['CO₂ degassing', 'seawater acidification', 'atmospheric composition', 'remote sensing', 'air quality monitoring']",Andres Sandoval-Velasquez;Flavia Migliaccio;Sara Claudia Diana;Stefano Caliro;Paola de Ruggiero;Mauro A. Di Vito;Marco Milazzo;Giovanni Sgubin;Donato Giovannelli;Alessandro Aiuppa,Microbial carbon fixation in a partially submerged caldera driven by the effect of CO₂ degassing,"Volcanic CO₂ emissions shape fluid pathways, drive seawater acidification, and sustain microbial carbon fixation near seafloor hydrothermal vents, according to a high-resolution map of CO₂ degassing across the onshore and offshore sectors of Campi Flegrei caldera. Primary Handling Editors: Alireza Bahadori. 
 Calderas are subsided volcanic terrains formed by the destructive power of some of the largest volcanic eruptions on Earth. Globally, many such depressions are today covered by crater lakes, or seawater, rendering them less accessible to scientific scrutiny and hence more complicated to monitor during unrest. One such system is the restless, partly submerged, Campi Flegrei caldera near Naples, Italy, where escalating hydrothermal activity during ongoing unrest demands an improved understanding of the caldera offshore. Here, we present a high-resolution, system-wide mapping of CO2 degassing encompassing the offshore and onshore sectors of the caldera. Combining vertical seawater profiles with groundwater composition results, we obtain a refined delimitation of the anomalous CO2 degassing zones, showing overall structural control on volatile transport and surface/seafloor discharge. Intense CO2 degassing on the seafloor also causes ocean acidification, sustains diverse chemolithotrophic communities near the hydrothermal emissions, and influences the near-vent environment as demonstrated by taxonomic and functional diversity data. Submerged calderas are extremely dynamic environments whose volcanological significance and biogeochemistry processes deserve further investigation. Volcanic CO₂ emissions shape fluid pathways, drive seawater acidification, and sustain microbial carbon fixation near seafloor hydrothermal vents, according to a high-resolution map of CO₂ degassing across the onshore and offshore sectors of Campi Flegrei caldera. Primary Handling Editors: Alireza Bahadori."
10.1038/s43247-026-03875-4,True,Communications Earth & Environment,该论文研究了一种基于传输X射线荧光技术的低成本铅筛查方法，用于检测土壤中的铅污染水平。虽然主要关注土壤样品，但其技术方法（X射线荧光技术）与大气环境遥感技术中的成分分析（如大气成分分析）密切相关，因此与大气环境遥感技术具有相关性。,"['X-ray fluorescence', 'lead contamination', 'soil lead levels', 'atmospheric composition analysis']",Christoph Gaßner;Juliane Reisewitz;Jenna E. Forsyth;Kian Shaker,Towards low-cost lead screening with transmission XRF,"Placing lead-contaminated samples between a 241-americium isotope source and X-ray detector, this transmission X-ray fluorescence geometry could detect screening-relevant soil lead levels near 100 ppm within 30 minutes at lower cost than conventional devices, based on a theoretical concept and simulated data. 
 Human exposure to lead (Pb) is a global health concern, yet existing technologies for detecting lead in our environment remain prohibitively expensive for widespread deployment. Here we present a new theoretical concept towards lead screening using X-ray fluorescence (XRF) in an unconventional geometry we coin transmission XRF in which the sample is placed between the source and detector. For cost reduction, we then show that 241Am found in ionizing smoke detectors is spectrally suitable for Pb L-shell XRF generation and can thus replace X-ray tubes used in conventional XRF devices. Exploring soil screening as the first application, we demonstrate with Monte Carlo simulations that a configuration with 7 × 241Am sources and a standard silicon drift detector could enable screening-relevant detection limits (100 ppm Pb) in soil within practical measurement times (<30 min). We believe this concept opens a route toward low-cost and scalable XRF instrumentation for democratizing lead screening across a wide range of samples. Placing lead-contaminated samples between a 241-americium isotope source and X-ray detector, this transmission X-ray fluorescence geometry could detect screening-relevant soil lead levels near 100 ppm within 30 minutes at lower cost than conventional devices, based on a theoretical concept and simulated data."
None,False,Remote Sensing of Environment,该论文主要关注从亚米分辨率的光学图像中利用深度学习技术估算树木和森林的生物量，这与大气环境遥感技术（如空气质量监测、卫星观测、大气成分分析、气溶胶反演）的关系较弱。虽然光学图像在大气遥感中有所应用，但该研究重点在于生物量估算，而非大气环境监测或成分分析。,"['biomass', 'optical imagery', 'deep learning']",Sizhuo Li;Martin Brandt;Xiaoye Tong;Stefan Oehmcke;Christian Igel;Florian Reiner;Fabian Gieseke;Thomas Nord-Larsen;Rasmus Fensholt;Jerome Chave;Philippe Ciais,Deep learning tree and forest biomass from sub-meter resolution optical imagery,
None,True,Remote Sensing of Environment,该论文标题和摘要中的关键术语，如“remote sensing images”（遥感图像）、“transformer”（Transformer）和“spatio-temporal cross attention”（时空交叉注意力），表明该研究涉及遥感图像处理技术，这与大气环境遥感技术（如空气质量监测、卫星观测和大气成分分析）密切相关。因此，该论文与大气环境遥感技术密切相关。,"['remote sensing images', 'transformer', 'spatio-temporal cross attention']",Jun Li;Xiaowei He;Yantai Yang;Qinghong Sheng;Zhaocong Wu;Bo Wang;Xiao Ling;Xiang Liu;Yu Liu;Fan Gao;Libo Wang;Matthieu Molinier,STCAFormer: Spatio-temporal cross attention based transformer for fusion of remote sensing images,
None,True,Remote Sensing of Environment,该论文研究了不同有效的散射反照率和土壤粗糙度参数化方案对SMAP土壤湿度和L-VOD反演的影响，涉及卫星观测和土壤水分反演技术，与大气环境遥感技术（如卫星观测、土壤湿度监测）密切相关。,"['SMAP', 'soil moisture', 'L-VOD retrieval', 'scattering albedo', 'soil roughness parameterization']",Yao Xiao;Xiaojun Li;Lei Fan;Andress Colliander;Ardeshir Ebtehaj;Jian Peng;Frédéric Frappart;Lanka Karthikeyan;Wei Zhao;Gabrielle De Lannoy;Patricia de Rosnay;Zanpin Xing;Mengjia Wang;Xiangzhuo Liu;Pariha Helili;Preethi Konkathi;Jean-Pierre Wigneron,Global comparison of different effective scattering albedo and soil roughness parameterization schemes for SMAP soil moisture and L-VOD retrieval,
None,True,Remote Sensing of Environment,该论文研究水稻叶片病原体感染如何改变由辐射传输模型反演揭示的光谱-生化关系，涉及光谱分析和模型反演技术，与大气环境遥感技术中的成分分析和监测方法相关。,"['spectral–biochemical relationships', 'radiative transfer model inversion', 'leaf pathogen infection']",Long Tian;Susan L. Ustin;Yuanyuan Kong;Bowen Xue;Pablo J. Zarco-Tejada;Chongya Jiang;Xia Yao;Yufang Jin;Yan Zhu;Weixing Cao;Tao Cheng,Rice leaf pathogen infection alters the spectral–biochemical relationships revealed by radiative transfer model inversion,
None,True,Remote Sensing of Environment,该论文研究的是利用GNSS-T技术监测欧洲山毛榉森林的生态水文过程，评估不同系统和波段特征对分辨时间变化体积含水量(VOD)动态的能力。虽然主题是生态水文监测，但使用了GNSS-T技术，这是一种涉及大气环境遥感的技术，因此与大气环境遥感技术（如空气质量和大气成分分析）有一定关联。,"['GNSS-T', 'ecohydrological monitoring', 'temporal VOD dynamics']",Nicolas François Bader;Ruxandra-Maria Zotta;Eugenio Diaz-Pines;Gregor Möller;Walter Loderer;Thomas Kager;Wouter Dorigo,GNSS–T for ecohydrological monitoring of a european beech forest: Assessing different system and band characteristics for resolving temporal VOD dynamics,
None,True,Remote Sensing of Environment,该论文与大气环境遥感技术相关，因为它涉及全球叶面积指数的时间序列重建，叶面积指数是植被覆盖的重要指标，可通过遥感技术获取。论文中提到的“多尺度时空张量插值”是一种用于时间序列数据重建的算法，常用于处理卫星观测数据。,"['leaf area index', 'spatiotemporal tensor imputation', 'global time series reconstruction']",Xinpei Yu;Kai Yan;Jiabin Pu;Jinxiu Liu;Jin Wu;Alexander J.Winkler;Qiao Wang,MUSTI: Multi-scale spatiotemporal tensor imputation for global leaf area index time series reconstruction,
None,True,Remote Sensing of Environment,该论文与大气环境遥感技术密切相关，因为它涉及使用卫星传感器（MERIS）来估算叶绿素含量，这是一种与植被健康和空气质量监测相关的关键指标。,"['MERIS', 'chlorophyll index', 'leaf chlorophyll content']",Runfei Zhang;Peiqi Yang,cscMTCI: A soil and structure corrected MERIS terrestrial chlorophyll index for improving leaf chlorophyll content estimation,
None,False,Remote Sensing of Environment,该论文研究的重点是地表土壤湿度反演，虽然使用了散射模型和深度迁移学习技术，但与大气环境遥感技术（如空气质量监测、卫星观测、大气成分分析、气溶胶反演等）关系不大，因此相关性较弱。,"['surface soil moisture', 'deep transfer learning', 'scattering model']",Zuo Wang;Jianhui Chen;Jiangyuan Zeng;Chang Huang;Lisheng Song;Yingying Chen;Liujun Zhu,A scattering model-informed deep transfer learning framework for surface soil moisture retrieval,
None,True,Remote Sensing of Environment,该研究涉及从卫星影像中获取水稻叶绿素含量，属于遥感技术在农业和环境监测中的应用，与大气环境遥感技术（如卫星观测和成分分析）密切相关。,"['satellite imagery', 'rice chlorophyll retrieval', 'RiceGORT', 'chlorophyll sensitivity enhancement']",Haoran Sun;Hifza Mariam;Junnan She;Ming Chen;Dong Li;Chongya Jiang;Xia Yao;Iftikhar Ali;Yan Zhu;Weixing Cao;Tao Cheng,Breaking barriers in rice chlorophyll retrieval from satellite imagery: Mitigating row structure and saturation effects via RiceGORT and chlorophyll sensitivity enhancement,
None,True,Remote Sensing of Environment,该论文研究利用SMAP L波段辐射计在降雨条件下获取海表盐度的技术，属于遥感技术在海洋环境监测中的应用，与大气环境遥感技术中的卫星观测和数据反演密切相关，因此是相关的。,"['sea surface salinity', 'SMAP L-band radiometry', 'rainfall conditions']",Xuchen Jin;Xianqiang He;Yan Bai;Yilei Wang;Lizhang Zhou;Shujie Yu;Teng Li;Fang Gong;Delu Pan,Retrieval of sea surface salinity from SMAP L-band radiometry under rainfall conditions,
None,True,Remote Sensing of Environment,该论文研究了地球静止卫星反演的短波辐射产品，通过校正地理位置偏差来显著提高其精度。这与大气环境遥感技术密切相关，特别是卫星观测和辐射传输分析领域。,"['geostationary satellite', 'shortwave radiation', 'geolocation displacement']",Wangkang She;Changkun Shao;Wenjun Tang;Guopeng Zhu;Zengqiang Pang;Tongfei Liu;Shuibao Liang;Kun Yang,Substantial improvement of geostationary satellite-derived shortwave radiation product through correcting geolocation displacement,
None,True,Remote Sensing of Environment,该论文利用融合了Landsat和Sentinel-2观测数据以及近地表PhenoCam时间序列的方法，提高了美国西部干旱地区地表物候检测的精度。虽然主要关注的是地表物候监测，但使用了卫星观测技术和近地表传感器，这与大气环境遥感技术（如卫星观测、地表参数反演）有较强的关联性，因此认为该论文与大气环境遥感技术相关。,"['Landsat', 'Sentinel-2', 'PhenoCam', 'land surface phenology', 'drylands']",Yuxia Liu;Xiaoyang Zhang;Yu Shen;Yongchang Ye;Shuai An,Enhanced land surface phenology detections in the western U.S. drylands by fusing harmonized Landsat and Sentinel-2 observations with near-surface PhenoCam time series,
None,True,Remote Sensing of Environment,该论文研究Sentinel 2卫星数据在热带森林中的归一化处理，涉及 nadir BRDF adjusted reflectance 技术，这与大气环境遥感技术中的卫星观测和地表反射率反演密切相关，因此与大气环境遥感技术强相关。,"['Sentinel 2', 'nadir BRDF adjusted reflectance', 'tropical forests']",Pierre Ploton;Gaëlle Viennois;Florian de Boissieu;Erik Lindquist;Jean-Baptiste Féret;Daniel Wiell;Hervé Poilvé;Pierre Couteron;Raphaël Pélissier;Nicolas Barbier,Normalization of Sentinel 2 data over tropical forests to nadir BRDF adjusted reflectance,
None,True,Remote Sensing of Environment,该论文研究的是通过集成新型双角度植被指数和冠层垂直分布知识，以提高果树疾病的诊断准确性。虽然主要关注点在农业和植物健康领域，但其利用植被指数和冠层分布分析的方法与大气环境遥感技术中的空气质量和植物监测技术有较强的关联，因此可以认为与大气环境遥感技术有一定相关性。,"['vegetation index', 'canopy vertical distribution', 'remote sensing']",Wenjie Zhang;Guijun Yang;Xinlian Liang;Xiaohong Liu;Jianbo Qi;Hao Yang;Haikuan Feng;Bo Li;Changyuan Zhai;Baoguo Wu;Xiaohui Su;Liping Chen;Chunjiang Zhao,Toward accurate disease diagnosis of fruit trees: Integrating a novel dual-angle vegetation index with canopy vertical distribution knowledge,
None,False,Remote Sensing of Environment,该论文主要关注的是森林地图的绘制，涉及自监督学习和迁移学习技术，但与大气环境遥感技术（如空气质量监测、卫星观测、大气成分分析、气溶胶反演等）没有直接关联。,"['self-supervised learning', 'transfer learning', 'instance segmentation']",Aldino Rizaldy;Fabian Ewald Fassnacht;Ahmed Jamal Afifi;Hua Jiang;Richard Gloaguen;Pedram Ghamisi,"Label-efficient 3D forest mapping: Self-supervised and transfer learning for instance segmentation, semantic segmentation, and species classification",
None,True,Remote Sensing of Environment,该论文研究如何通过单卫星图像进行高效的多灾害检测，涉及光谱语义图推理技术，这与大气环境遥感技术中的卫星观测、灾害监测等领域密切相关。,"['satellite imagery', 'spectral-semantic graph reasoning', 'multi-hazard detection']",Wei Ao;Zhi Gao;Boan Chen;Xinyu Gong;Yuyang Zhai;Ziyao Li;Qiao Wang,Towards efficient multi-hazard detection from single satellite imagery via spectral-semantic graph reasoning,
None,True,Remote Sensing of Environment,该论文研究的是利用光学遥感技术监测海面风迹，并提取风向和风浪信息，这与大气环境遥感技术中的空气质量和大气成分分析有一定关联，但主要聚焦于海洋环境，因此相关性较高。,"['sea surface wind streaks', 'wind direction', 'wind waves']",Lifeng Wang;Yingcheng Lu;Chuanmin Hu,Optical remote sensing of sea surface wind streaks: Retrievals of wind directions and wind waves,
None,False,Remote Sensing of Environment,该论文主要关注的是利用ICESat-2和Sentinel-1/2卫星数据，通过水力几何信息驱动的算法来检索无测量站的流域径流量，应用于青藏高原地区。虽然涉及卫星观测技术，但其核心主题是水文测量而非大气环境遥感技术，如空气质量监测、大气成分分析等。因此，与大气环境遥感技术的关联性不强。,"['ICESat-2', 'Sentinel-1/2', 'discharge retrieval algorithm']",Ziting Chen;Yonghong Yi;Huimin Lei;Jijun Xu;Li Liu;Lachun Wang;Chongyu Xu,A hydraulic-geometry informed discharge retrieval algorithm for ungauged basins using ICESat-2 and Sentinel-1/2: Application to Qinghai-Tibet Plateau,
None,True,Remote Sensing of Environment,该论文研究冠层反射率与叶片密度的关系，属于遥感技术中大气成分分析的研究范畴，与大气环境遥感技术密切相关。,"['canopy reflectance', 'leaf density', 'atmospheric composition']",Abdelaziz Kallel;Yingjie Wang;Jean Philippe Gastellu-Etchegorry,Derivative of canopy reflectance with respect to leaf density: A probabilistic rendering framework,
None,True,Remote Sensing of Environment,该论文的研究对象是高填方运河的细尺度变形模式和机制，使用了多时相InSAR技术进行观测。虽然主要关注的是地表变形，但InSAR技术本身是一种重要的对地观测手段，属于遥感技术的范畴，可以用于大气环境监测中的地表参数反演和分析。因此，该论文与大气环境遥感技术有一定关联性。,"['InSAR', 'multi-temporal', 'canals', 'deformation', 'atmospheric remote sensing']",Nan Wang;Yanru Yu;Haocheng Li;Jie Dong;Mingsheng Liao,Fine-scale deformation pattern and mechanism of high-fill canals revealed by multi-temporal InSAR,
None,True,Remote Sensing of Environment,该论文使用ICESat-2卫星高度计数据估算了冰岛Hofsjökull冰盖的季节质量平衡，涉及卫星观测和冰盖监测技术，与大气环境遥感技术中的卫星观测和冰盖分析相关。,"['ICESat-2', 'satellite altimetry', 'ice cap', 'Iceland']",Younghyun Koo;Hongjie Xie;Joaquín M.C. Belart;Thorsteinn Thorsteinsson;Tómas Jóhannesson;Etienne Berthier;Anne Guyez,"Seasonal mass balance of Hofsjökull ice cap, Iceland, estimated from repeat ICESat-2 satellite altimetry",
None,True,Remote Sensing of Environment,该论文研究了从太空中通过多传感器对火源排放的钾光谱特征进行表征，涉及火源排放物、光谱特征、空间观测等与大气环境遥感技术相关的关键内容，因此与大气环境遥感技术密切相关。,"['fire-emitted potassium', 'spectral signatures', 'space', 'low-light', 'daytime conditions']",William Julstrom;Jun Wang;Meng Zhou,First multi-sensor characterization of fire-emitted potassium spectral signatures from space in low-light and daytime conditions,
None,True,Remote Sensing of Environment,该论文使用卫星观测数据研究了秋季物候对春季返青日期的滞后影响，涉及卫星观测技术，与大气环境遥感技术中的卫星观测和植被监测密切相关。,"['satellite-observed', 'phenology', 'green-up date']",Hao Hua;Xiaoyue Wang;Adandé Belarmain Fandohan;Jian Wang,Satellite-observed legacy effects of autumn phenology improve predictions of spring green-up date,
None,True,Remote Sensing of Environment,该论文标题和摘要明确涉及从空间（通过卫星观测）对北大西洋夜间尘埃季节的海洋气溶胶光学厚度进行地图绘制，这与大气环境遥感技术密切相关，特别是空气质量和大气成分分析领域。,"['lunar-light', 'oceanic aerosol', 'optical depth', 'North Atlantic', 'remote sensing']",Meng Zhou;Jun Wang;Xi Chen;Yi Wang;Peter R. Colarco;Robert C. Levy;Steven D. Miller,"Corrigendum to “First lunar-light mapping of nighttime dust season oceanic aerosol optical depth over North Atlantic from space” [Remote Sensing of Environment, Volume 312, 2024, 114315]",
None,True,Remote Sensing of Environment,该论文标题和摘要涉及土壤辐射传输模型，用于模拟干燥和湿润土壤的反射率，这与大气环境遥感技术中的地表参数反演和遥感监测相关，属于遥感技术在土壤研究中的应用范畴。,"['hyperspectral', 'soil radiative transfer', 'reflectance']",Anxin Ding;Ziti Jiao;Jianbo Qi;Jing Guo;Peiqi Yang;Yadong Don;Xiaoning Zhang;Guodong Zhang;Jing M. Chen,"Retraction notice to “HBiM2: A multi-angle hyperspectral soil radiative transfer model for simulating the reflectance of dry and wet soils” [Remote Sensing of Environment, 339C (2026) 115381]",
None,True,Remote Sensing of Environment,该论文的标题和摘要明确涉及从地面和空间对行星边界层进行遥感，包括边界层云的结构、热力学等方面。这些内容与大气环境遥感技术密切相关，例如空气质量的监测、卫星观测和大气成分分析等。因此，该论文与大气环境遥感技术是强相关的。,"['planetary boundary layer', 'remote sensing', 'boundary layer clouds']",Tianning Su;Yunyan Zhang;Youtong Zheng;Natalia Roldán-Henao;Ralph Kahn;Zhanqing Li,"Remote sensing of planetary boundary layer from ground and space: Structure, thermodynamics, and boundary layer clouds",
None,True,Remote Sensing of Environment,该论文标题和摘要明确涉及“多光谱夜光遥感”，这是一种通过卫星观测夜间灯光来分析地表活动的技术，可以间接用于监测大气环境，如城市光污染、能源消耗与空气质量的关系等，因此与大气环境遥感技术相关。,"['nighttime light', 'remote sensing', 'atmospheric composition']",Liang Zhong;Xinjian Wang;Zihao Zheng;Qiming Zheng;Shaoyang Liu;Yongpeng Lin;Zhanghao Chen;Yuanrong He;Peng Yang;Peng Yu;Zhiying Xie;Xiaosheng Liu,"Multispectral nighttime light remote sensing: Data, applications, and challenges",
None,True,Remote Sensing of Environment,该论文使用Landsat和Google卫星数据制作了中国种植红树林的地图，这属于利用遥感技术监测地表覆盖和生态环境变化，与大气环境遥感技术中的卫星观测和地表参数反演相关。,"['Landsat', 'Google Satellite', 'mangrove forests']",Yuxuan Sun;Zhaohui Xue;Hao Wu;Xiangyu Nie,The first map of planted mangrove forests in China derived from time-series Landsat and Google Satellite Embeddings,
None,True,Remote Sensing of Environment,该论文使用卫星观测技术（太阳能诱导叶绿素荧光）来表征由野火和树皮甲虫导致的树木死亡，这与大气环境遥感技术（如卫星观测、大气成分分析）密切相关，因此具有相关性。,"['wildfire', 'bark beetles', 'satellite observations', 'chlorophyll fluorescence']",Lewis Kunik;David R. Bowling;Brett Raczka;Jeffrey A. Hicke;Christian Frankenberg;Rui Cheng;Michèle R. Slaton;John C. Lin,Characterizing effects of tree mortality from wildfire and bark beetles using satellite observations of solar-induced chlorophyll fluorescence,
None,True,Remote Sensing of Environment,该论文研究利用长波长红外高光谱成像技术在空中探测甲烷羽流的探测概率，这与大气环境遥感技术（如空气质量和大气成分分析）密切相关。,"['methane', 'long wavelength infrared hyperspectral imaging', 'airborne sensing']",Kyle J. Daun;Om Patel;Sina Talebi Moghaddam,Probability of detection for airborne sensing of methane plumes using long wavelength infrared hyperspectral imaging,
None,True,Remote Sensing of Environment,该论文研究了使用现场校准的遥感技术来测量美国西部森林火灾的基面积损失，这涉及到了大气环境遥感技术中的火灾严重程度评估和大气成分分析，因此与大气环境遥感技术密切相关。,"['remote sensing', 'fire severity', 'atmospheric composition']",Sara Winsemius;Yufang Jin;Hugh D. Safford;Michelle C. Agne;Robert A. Andrus;C. Alina Cansler;Anthony C. Caprio;W. Wallace Covington;Joseph E. Crouse;Calvin Farris;Peter Z. Fulé;Brian J. Harvey;Sharon M. Hood;David W. Huffman;Emma J. McClure;Alicia Reiner;John P. Roccaforte;Saba J. Saberi;Michael T. Stoddard;Laura Trader,Basal area loss from fire using field-calibrated remote sensing refines western US fire severity measurements,
None,False,Remote Sensing of Environment,该论文主要关注的是利用机器学习和数据同化技术估算中国的潜在蒸散量，与大气环境遥感技术（如空气质量监测、卫星观测、大气成分分析、气溶胶反演等）关系不大。,"['machine learning', 'data assimilation', 'evapotranspiration']",Xiaowen Wu;Xiang Li;Jianli Ding;Shaomin Liu;Tongren Xu;Lisheng Song;Sayed M. Bateni;Ziwei Xu;Dongxing Wu;Xinlei He;Jinjie Wang;Rui Liu;Yaxuan Guo,A hybrid machine learning and data assimilation framework for penman–monteith evapotranspiration estimation over China,
None,True,Remote Sensing of Environment,该论文与大气环境遥感技术相关，因为它使用CryoSat-2雷达测高技术来监测冰盖的高度变化，这属于卫星观测和大气成分分析的范畴。,"['CryoSat-2', 'radar altimetry', 'ice sheet elevation']",Qi Huang;Malcolm McMillan;Karla Boxall;Clare Willis;Alan Muir;David Brockley;Jennifer Maddalena;Joe Phillips;Tom Slater;Ben Palmer;Nitin Ravinder;Inès Otosaka;Isabel Nias;Steven Baker;Sebastian B. Simonsen;Louise Sandberg-Sorensen;Alessandro Di Bella;Michele Scagliola;Jerome Bouffard;Tommaso Parrinello,An improved 15-year record of ice sheet elevation from CryoSat-2 radar altimetry,
None,True,Remote Sensing of Environment,该论文研究了地表一氧化碳浓度和卫星观测的垂直柱载荷在中国区域的协同分析，垂直传输归因，这与大气环境遥感技术中的空气质量监测和卫星观测密切相关。,"['carbon monoxide', 'satellite column loadings', 'China']",Shuo Wang;Jason Blake Cohen;Kai Qin;Luoyao Guan;Pravash Tiwari;Ye Feng;Xiaolu Li;Qin He;Zhengqiang Li;Cheng Fan;Dacheng Wang,Synergistic analysis and vertical transport attribution of carbon monoxide surface concentrations and satellite column loadings over China,
None,True,Remote Sensing of Environment,该论文研究了如何优化1D-Var算法以从SSMIS和RapidScat卫星数据中获取近地表风速，这与大气环境遥感技术中的风场监测和卫星遥感数据应用密切相关，因此与主题强相关。,"['1D-Var', 'SSMIS', 'RapidScat', 'near-surface wind speed', 'atmospheric remote sensing']",Sisma Samuel;Anton Verhoef;Ad Stoffelen,Optimizing 1D-Var near-surface wind speed from SSMIS with RapidScat,
None,True,Remote Sensing of Environment,该论文研究利用EMIT光谱技术和机器学习估算尘源地区的土壤质地和颗粒粒度，涉及遥感技术（EMIT）和大气环境中的尘埃成分分析，与大气环境遥感技术（如空气质量监测、卫星观测、大气成分分析、气溶胶反演）密切相关。,"['EMIT spectroscopy', 'machine learning', 'soil texture', 'particle grain size', 'dust-producing regions']",Gregory S. Okin;Bo Zhou;Philip G. Brodrick;Francisco Ochoa;María Gonçalves Ageitos;Roger N. Clark;Michael R. Fischella;Carlos Pérez García-Pando;Longlei Li;Natalie Mahowald;David R. Thompson;Robert O. Green,Leveraging EMIT spectroscopy and machine learning to estimate soil texture and particle grain size in dust-producing regions,
None,True,Remote Sensing of Environment,该论文研究的热红外波段下的统一核驱动建模框架，涉及连续、离散和行列种植的冠层，与大气环境遥感技术中的空气质量监测、卫星观测和大气成分分析高度相关，特别是冠层遥感反演技术。,"['kernel-driven modeling', 'thermal infrared', 'canopies']",Biao Cao;Yingjie Wang;Jean-Philippe Gastellu-Etchegorry,"A unified kernel-driven modeling framework adapted to continuous, discrete and row-planted canopies in the thermal infrared domain",
None,True,Remote Sensing of Environment,该论文研究的是SAR altimetry（合成孔径雷达测高技术），这是一种大气环境遥感技术，用于通过卫星观测大气成分和范围。因此，它与大气环境遥感技术密切相关。,"['SAR altimetry', 'waveform decontamination', 'atmospheric remote sensing']",Shahin Khalili;Mohammad J. Tourian;Omid Elmi;Johannes Engels;Uwe Soergel;Nico Sneeuw,A 4D look–bin–space–time (LBiST) approach for waveform decontamination and range determination in SAR altimetry,
None,False,Remote Sensing of Environment,该论文主要关注的是使用深度学习和Landsat数据生成全球农田地图，与大气环境遥感技术（如空气质量监测、卫星观测、大气成分分析、气溶胶反演等）关系不大。,"['cropland map', 'deep learning', 'Landsat data']",Qiong Hu;Zhiwen Cai;Liangzhi You;Steffen Fritz;Xinyu Zhang;He Yin;Haodong Wei;Jingya Yang;Zexuan Li;Qiangyi Yu;Hao Wu;Baodong Xu;Wenbin Wu,Hcropland30: A hybrid 30-m global cropland map generated by leveraging global land cover products and Landsat data via deep learning,
None,True,Remote Sensing of Environment,该论文使用MODIS和VIIRS卫星数据对南加州未烧毁的灌木丛地区进行活燃料湿度制图。活燃料湿度是影响野火发生和传播的关键因素，而卫星遥感技术（如MODIS和VIIRS）在监测大气环境（特别是野火风险和空气质量）方面具有重要应用，因此该研究与大气环境遥感技术密切相关。,"['MODIS', 'VIIRS', 'fuel moisture mapping']",Yanni Zhan;Seth H. Peterson;Dar A. Roberts;Charles Jones;Alan T. Murray,Live fuel moisture mapping in unburned chaparral areas of Southern California with MODIS and VIIRS,
None,True,Remote Sensing of Environment,该论文研究利用多传感器融合和自监督学习方法进行高分辨率L波段植被含水量（VOD）反演，涉及GNSS-T校准技术，与大气环境遥感技术（如卫星观测和大气成分分析）密切相关。,"['L-band VOD retrieval', 'GNSS-T', 'multi-sensor fusion', 'self-supervised learning']",Mahya G.Z. Hashemi;John D. Bolten;Alexandra G. Konings;Thomas R. Holmes;Vincent Humphrey;Andrew F. Feldman;Yitong Yao;Michael Niederberger;Alexander Damm,High-resolution L-band VOD retrieval using GNSS-T–calibrated multi-sensor fusion and self-supervised learning,
None,True,Remote Sensing of Environment,该论文研究了使用光学、雷达和混合指数来检测欧洲的农业实践，这些技术通常用于大气环境遥感，如空气质量监测和卫星观测。因此，它与大气环境遥感技术密切相关。,"['Optical', 'radar', 'hybrid indices', 'farming practices', 'Europe']",Paolo Dal Lago;Lammert Kooistra;Nandika Tsendbazar;Kirsten de Beurs,"Optical, radar, and hybrid indices to detect farming practices in Europe",
None,False,Remote Sensing of Environment,该论文主要研究利用高分辨率热成像技术评估橡树的水分胁迫情况，与大气环境遥感技术（如空气质量监测、卫星观测、大气成分分析、气溶胶反演）关系不大。,"['thermal images', 'water stress', 'oak trees']",A. Hornero;J.L. Quero;P.J. Zarco-Tejada;V. González-Dugo;F. Tomás Riera;M.J. Marcos;R. Hernandez-Clemente,Assessing CWSI as an indicator of water stress in oak trees based on high-resolution thermal images,
None,True,Remote Sensing of Environment,该论文研究利用卫星数据获取青藏高原地区的日短波辐射数据，并考虑地形效应，这与大气环境遥感技术中的卫星观测和辐射传输分析高度相关。,"['satellite-derived', 'shortwave radiation', 'Tibetan Plateau', 'topographic effects']",Yuyang Xian;Tianxing Wang;Gaofeng Wang;Pei Yu;Yihan Du;Husi Letu;Jinhu Bian;Wanchun Leng;Hongji Yang,Satellite-derived daily shortwave radiation over the Tibetan Plateau considering topographic effects: Method and products,
None,True,Remote Sensing of Environment,该论文使用Sentinel-2卫星数据和时间序列分析方法，结合机载LiDAR高精度参考数据，进行城市地区的冠层高度测绘。这涉及到利用遥感技术（包括卫星和机载传感器）分析大气环境中的植被和地表特征，与大气环境遥感技术（如空气质量监测、卫星观测、大气成分分析等）密切相关。,"['Sentinel-2', 'airborne LiDAR', 'canopy height mapping', 'atmospheric remote sensing']",Ekaterina Kalinicheva;Florian Helen;Stéphane Mermoz;Florian Mouret;Milena Planells,Super-resolved canopy height mapping from Sentinel-2 time series using airborne LiDAR HD reference data across metropolitan France,
None,True,Remote Sensing of Environment,该论文使用Sentinel-2卫星数据和时间序列光谱特征进行草地管理，涉及遥感技术和植被指数分析，与大气环境遥感技术（如卫星观测和植被监测）密切相关。,"['Sentinel-2', 'vegetation indices', 'time series spectral signature']",A. Farbo;D. Parsons;E. Borgogno-Mondino;J. Oliveira,DeepGrass: A transformer-based approach for enhanced grassland management through Sentinel-2 time series spectral signature and vegetation indices forecasting,
None,True,Remote Sensing of Environment,该论文标题和摘要中提到了spaceborne lidar（星载激光雷达）和TanDEM-X InSAR（干涉合成孔径雷达），这些都是与大气环境遥感技术相关的技术。论文还涉及了地面高程和冠层高度测绘，这与大气环境监测和遥感数据解析密切相关，因此该论文与大气环境遥感技术密切相关。,"['spaceborne lidar', 'TanDEM-X', 'InSAR', 'canopy height mapping', 'atmospheric remote sensing']",Yanghai Yu;Yang Lei;Robert Treuhaft;Stefano Tebaldini;Fabio Gonçalves;Chuanjun Wu;Wenli Huang,A spaceborne lidar guided TanDEM-X InSAR phase height histogram approach for robust ground elevation and canopy height mapping considering canopy penetration capability,
None,False,Remote Sensing of Environment,该论文的主题是使用光学卫星图像重建国家级潮汐地貌的数字高程模型（DEM），主要关注的是海岸带地理信息，而非大气环境遥感技术，如空气质量监测、卫星观测、大气成分分析或气溶胶反演。,"['DEM', 'optical satellite imagery', 'tidal flat']",Yukui Min;Yongxue Liu;Yuxuan Wang;Yinghai Ke;Pu Liu;Xiaoxiao Guo,National-scale tidal flat DEM reconstruction using optical satellite imagery,
None,True,Remote Sensing of Environment,该论文研究如何通过结合机载光学反射率数据和激光雷达数据来获取森林叶面积指数（fAPAR）的垂直分布。这属于大气环境遥感技术领域，具体涉及大气成分分析和气溶胶反演，因此与题目要求的领域高度相关。,"['airborne optical reflectance', 'LiDAR', 'forest fAPAR', 'vertical profiles', 'atmospheric composition analysis']",Dalei Han;Jing Liu;Peiqi Yang,Retrieving vertical profiles of forest fAPAR by integrating airborne optical reflectance and LiDAR data,
None,True,Remote Sensing of Environment,该论文使用GEDI数据（地球辐射收支成像仪）来估算亚马逊雨林中树冠的高度，这属于大气环境遥感技术中的卫星观测和森林生态学应用，因此与大气环境遥感技术 strongly related。,"['GEDI', 'canopy heights', 'Amazonian forests', 'remote sensing']",Tianyu Yu;Wenjian Ni;Zhiyu Zhang;Jie Wang;Chuan Wang;Zhifeng Guo,Waveform-adaptive estimation of canopy heights using GEDI data in dense Amazonian forests,
None,True,Remote Sensing of Environment,该论文与大气环境遥感技术密切相关，因为它是关于使用遥感技术监测非洲地区烧毁面积的研究。烧毁面积是大气成分和空气质量的重要指标，而遥感技术（如卫星观测）是监测这种变化的主要手段。,"['burned area', 'Africa', 'monthly products']",Shunguo Huang;Zhaoming Zhang;Tengfei Long;Guojin He;Guizhou Wang;Hongxuan Zhang;Hailong Yu,Developing 30 m resolution monthly burned area products in Africa (2017–2025),
None,True,Remote Sensing of Environment,该论文涉及使用无人机激光雷达和多视角影像进行树木冠干组件的细粒度分割，这属于遥感技术在植被分析中的应用，与大气环境遥感技术（如空气质量监测、大气成分分析）有一定的关联性，但主要聚焦于地面植被结构，而非大气污染物或大气成分的直接监测。,"['UAV LiDAR', 'multi-view imagery', 'tree crown-trunk segmentation']",Li Li;Xiangjun Wang;Guoxiong Zhou;Huaiqing Zhang;Hengrui Wang;Ningjing Tao,A boundary-aware heterogeneous graph framework for fine-grained segmentation of tree crown-trunk components using UAV LiDAR and multi-view imagery,
None,False,Remote Sensing of Environment,该论文主要关注土壤湿度产品，使用地面和机载观测数据进行独立评估，与大气环境遥感技术（如空气质量监测、卫星观测、大气成分分析、气溶胶反演）关系不大。,"['soil moisture', 'in-situ observations', 'airborne observations']",Yilin Ma;Liujun Zhu;Shanshui Yuan;Junliang Jin;Zhengyang Tang;Jeffrey P. Walker,An independent evaluation of global 1 km soil moisture products using in-situ and airborne observations,
None,True,Remote Sensing of Environment,该论文标题和摘要涉及遥感技术在环境监测中的应用，特别是大气环境的建模和性能预测，这与大气环境遥感技术密切相关。,"['remote sensing', 'model performance', 'atmospheric mapping']",Yuanhong Liao;Yuqi Bai;Shuang Chen;Jie Wang;Yanping You;Zhou Chen;Haoru Wu;Huabing Huang;Wenrui Li;Mingrun Zang;Zimeng Wang;Xinan Zhang;Bing Xu;Peng Gong,The Scaling Law in remote sensing mapping for model performance forecasting and reference sample optimization,
None,True,Remote Sensing of Environment,该论文与大气环境遥感技术密切相关，因为它涉及使用卫星观测（Himawari卫星）来评估地表太阳能辐照度产品，这与大气成分分析和空气质量监测相关。,"['CAMS', 'Himawari', 'surface solar irradiance', 'satellite observations']",Faiza Azam;Diego Rodrigues de Miranda;Marion Schroedter-Homscheidt;Mireille Lefèvre;Laurent Saboret;Yves-Marie Saint-Drenan,CAMS radiation service v4.6 for solar energy: Evaluation of Himawari based surface solar irradiance products,
None,True,Remote Sensing of Environment,该论文研究了基于空间非平稳性的数据融合方法，用于生成高分辨率的陆地表面温度。虽然主要关注点是陆地表面温度，但这种方法在遥感技术中具有应用潜力，例如在卫星观测和大气成分分析中，可以通过融合多源数据提高监测精度。因此，它与大气环境遥感技术有较强的相关性。,"['data fusion', 'land surface temperature', 'spatial non-stationarity']",Laifu Zhang;Na Li;Sensen Wu;Haoyu Jing;Jihan Wang;Fanen Meng;Yiming Yan;Huanfeng Shen;Bo Huang;Zhenhong Du,SNSTFM: A novel data fusion approach based on spatial non-stationarity to generate fine-resolution land surface temperature,
None,True,Remote Sensing of Environment,该论文研究了使用成像光谱技术对森林生态系统中的冠层叶片水分势进行制图，这与大气环境遥感技术中的空气质量监测和大气成分分析相关，因为成像光谱技术可以用于遥感大气和地表参数。,"['imaging spectroscopy', 'canopy leaf water potential', 'forest ecosystem']",Ryan S. Haynes;Arko Lucieer;Darren Turner;Emiliano Cimoli;Poornima Sivanandam;Timothy J. Brodribb,UAS ecophysiology: Imaging spectroscopy can map canopy leaf water potential in a diverse forest ecosystem,
None,True,Remote Sensing of Environment,该论文与大气环境遥感技术密切相关，因为它涉及使用Himawari-8/9卫星进行野火检测，这属于卫星观测和大气环境监测的范畴。,"['Himawari-8/9', 'wildfire detection', 'remote sensing', 'satellite observations']",Baomo Zhang;Qiang Zhang;Zishuo Wang;Tongde Yang,Immediate remote sensing: Dynamic context-adaptive fusion for himawari-8/9 10-minute wildfire detection,
None,True,Remote Sensing of Environment,该论文标题和摘要中明确提到了使用中分辨率遥感技术来约束热力学表面能量平衡，并进行高效的蒸散量制图。这与大气环境遥感技术密切相关，特别是与大气成分分析和空气质量监测相关，因为蒸散量是大气环境的重要参数之一。,"['remote sensing', 'evapotranspiration', 'surface energy balance']",Yeonuk Kim;Justin L. Huntington;Bruno Comini de Andrade;Mark S. Johnson;John M. Volk;Sayantan Majumdar;Charles Morton;Peter ReVelle,Thermodynamically constrained surface energy balance using medium-resolution remote sensing for efficient evapotranspiration mapping,
None,False,Remote Sensing of Environment,该论文主要关注的是从集成的高光谱EnMAP数据和多光谱Sentinel-2时间序列中进行细粒度分层作物类型分类，虽然涉及卫星观测技术，但其核心应用领域是农业和地物分类，而非大气环境遥感技术，如空气质量监测、大气成分分析等。,"['hyperspectral', 'EnMAP', 'Sentinel-2', 'crop type classification', 'dual-stream transformer']",Wenyuan Li;Shunlin Liang;Yuxiang Zhang;Liqin Liu;Keyan Chen;Yongzhe Chen;Han Ma;Jianglei Xu;Yichuan Ma;Shikang Guan;Zhenwei Shi,Fine-grained hierarchical crop type classification from integrated hyperspectral EnMAP data and multispectral sentinel-2 time series: A large-scale dataset and dual-stream transformer method,
None,True,Remote Sensing of Environment,该论文研究使用无人机激光雷达系统获取离散点云数据来估算森林叶面积指数，这与大气环境遥感技术中的植被参数监测和大气成分分析相关，属于遥感技术在生态和环境监测中的应用范畴。,"['UAV-LiDAR', 'leaf area index', 'canopy penetration']",H.D. Zeng;Y.F. Li;J.M. Chen;G.F. Miao;R. Wang;J.F. Xiong,Estimating forest leaf area index using discrete point clouds from UAV-LiDAR systems with different canopy penetration capacities,
None,True,Remote Sensing of Environment,该论文的标题和摘要都与大气环境遥感技术密切相关。具体来说，研究内容包括利用CIMR L波段进行土壤湿度和VOD（植被有机物水）反演，这些都是大气环境遥感技术的重要应用领域。因此，该论文与大气环境遥感技术（如空气质量监测、卫星观测、大气成分分析、气溶胶反演）密切相关。,"['soil moisture', 'VOD retrievals', 'L-band', 'atmospheric remote sensing']",Debolina Mondal;Lanka Karthikeyan;Preethi Konkathi;Moritz Link;Roberto Fernández-Moran;Maria Piles;Xiaojun Li;Jean-Pierre Wigneron,Towards physically consistent soil roughness for CIMR L-band soil moisture and VOD retrievals,
None,True,Remote Sensing of Environment,该论文使用Tianmu-1 GNSS-R技术对南极地表融化进行制图，涉及卫星观测和大气遥感技术，与大气环境遥感技术（如空气质量监测、卫星观测、大气成分分析、气溶胶反演）密切相关。,"['Antarctic surface melt', 'Tianmu-1 GNSS-R', 'satellite observations', 'atmospheric remote sensing']",Baojian Liu;Pierre Zeiger;Yue Xu;Cong Yin;Ghislain Picard;Ruibo Lei;Wei Wan,Antarctic surface melt mapping using Tianmu-1 GNSS-R observations,
None,False,Remote Sensing of Environment,该论文的标题和摘要主要涉及数字高程模型（DEM）的空洞填充技术，使用光学影像引导的扩散方法。这与大气环境遥感技术（如空气质量监测、卫星观测、大气成分分析、气溶胶反演）没有直接关系。,"['DEM', 'optical imagery', 'diffusion']",Ji Zhao;Zhengxiao Ji;Yingying Yuan;Xiaoyan Lu;Changliang Shao;Yuting Dong,Structure-preserving DEM void filling via optical imagery-guided diffusion,
None,False,Remote Sensing of Environment,该论文研究的是青藏高原上的退化沼泽斜坡识别问题，主要涉及的是地理信息系统和遥感技术在地质环境监测中的应用，与大气环境遥感技术（如空气质量监测、卫星观测、大气成分分析、气溶胶反演）没有直接关系。,"['remote sensing', 'atmospheric environmental', 'air quality monitoring', 'satellite observations']",Taorui Zeng;Xiao Feng;Yuanming Lai;Thomas Glade,Multi-source heterogeneous feature fusion framework for identifying retrogressive thaw slumps on the Qinghai-Tibet plateau,
None,False,Remote Sensing of Environment,该论文主要关注异构图聚合框架和加权空间关系在城市功能区映射中的应用，与大气环境遥感技术（如空气质量监测、卫星观测、大气成分分析、气溶胶反演）的关联性较弱。,"['heterogeneous graph aggregation', 'urban functional zone mapping', 'spatial relationships']",Tianzhuo Guo;Shouhang Du;Shaoyu Wang;Zhanying Liu;Li Zhu;Jieyi Zhang;Xiuyuan Zhang;Shihong Du,A function-semantic oriented heterogeneous graph aggregation framework with weighted spatial relationships for urban functional zone mapping,
None,True,Remote Sensing of Environment,该论文研究使用多分辨率光学遥感技术改进北极地区土地覆盖的制图和土地覆盖变化监测，这与大气环境遥感技术中的卫星观测和土地覆盖分析直接相关，属于大气环境遥感技术的研究范畴。,"['Arctic', 'land cover', 'optical remote sensing']",Xiaoran Zhu;Jonathan A. Wang;Oliver Sonnentag;Isla H. Myers-Smith;Daryl Yang;Kathleen M. Orndahl;Leon Nill;Antoine Caron-Guay;Etienne Laliberté;Mark A. Friedl,Improved mapping of Arctic fractional land cover and land cover change from multi-resolution optical remote sensing,
None,True,Remote Sensing of Environment,该论文研究了将非光化学猝灭（NPQ）纳入从太阳诱导叶绿素荧光（SIF）估算光合碳同化过程中的方法。这与大气环境遥感技术相关，因为SIF是卫星遥感中用于监测植被活动和大气成分的重要指标，而NPQ是影响光合作用和荧光发射的关键生理过程。这些技术在空气质量和大气成分分析中具有重要应用。,"['photosynthetic carbon assimilation', 'solar-induced chlorophyll fluorescence', 'non-photochemical quenching']",Jiale Chen;Zhunqiao Liu;Wenyan Xiao;Chenhui Guo;Gaoxiang Zhou;Yanan Wang;Longcai Zhao;Jincheng Liu;Yao Li;Peng Zhu;Zhigang Sun;Xiaoliang Lu,Incorporating non-photochemical quenching (NPQ) into estimating photosynthetic carbon assimilation from solar-induced chlorophyll fluorescence (SIF),
None,False,Remote Sensing of Environment,标题和摘要内容缺失，无法判断其与大气环境遥感技术的相关性。,[],,Editorial Board,
None,True,International Journal of Applied Earth Observation and Geoinformation,该论文研究了使用微卫星观测的双极化GNSS反射计技术，用于FYI-MYI海冰类型的分类。这与大气环境遥感技术密切相关，特别是卫星观测和大气成分分析领域。,"['GNSS reflectometry', 'sea ice classification', 'microsatellite observations']",Runchuan Li;Fei Guo;Wentao Yang;Weiqiang Li;Xiaohong Zhang;Estel Cardellach,Dual-polarization GNSS reflectometry for FYI–MYI sea ice type classification using microsatellite observations,
None,True,International Journal of Applied Earth Observation and Geoinformation,该论文研究波兰针叶林的空间变化NDVI-林分结构关系，使用了HLS、LiDAR指标和GGP-GAM方法。虽然主要关注森林结构和遥感技术，但NDVI（归一化植被指数）和LiDAR（激光雷达）是大气环境遥感技术中常用的工具，用于监测植被覆盖和大气成分。因此，该研究与大气环境遥感技术有较强的相关性。,"['NDVI', 'LiDAR', 'atmospheric composition']",Luiza Tymińska-Czabańska;Piotr Janiec;Michał Lupa;Vahid Nasiri;Franciszek Błaś;Adam Ziółkowski;Paweł Hawryło;Jarosław Socha,"Spatially varying NDVI–stand structure relationships in Scots pine forests across Poland using HLS, LiDAR metrics and GGP-GAM",
None,False,International Journal of Applied Earth Observation and Geoinformation,该论文的标题和摘要主要关注农业和城市扩张对干旱地区生态水文的影响，未涉及大气环境遥感技术，如空气质量监测、卫星观测、大气成分分析或气溶胶反演等。,"['air quality monitoring', 'satellite observations', 'atmospheric composition analysis', 'aerosol retrieval']",Ran Wang;Wei Zhou;Tao Lin;Zhe Hao;Shibin Zhang;Conghong Huang,Divergent ecohydrological impacts of agricultural and urban expansions across global drylands,
None,True,International Journal of Applied Earth Observation and Geoinformation,该论文使用Sentinel-2和ERA5-Land数据估算瑞典湖泊溶解有机碳，涉及地球观测技术和卫星遥感数据，与大气环境遥感技术中的卫星观测和水质监测相关，因此是强相关的。,"['Sentinel-2', 'ERA5-Land', 'dissolved organic carbon', 'Earth observation']",Xufeng Wei;Wenbo Xu;Lanhui Wang;Renkui Guo;Zheng Duan,An interpretable Earth observation framework for estimating lake dissolved organic carbon in Sweden using Sentinel-2 and ERA5-Land data,
None,False,International Journal of Applied Earth Observation and Geoinformation,该论文标题和摘要主要关注虚拟现实城市建模中的细节保真度和真实感问题，涉及的是计算机图形学和虚拟现实技术，而非大气环境遥感技术，如空气质量监测、卫星观测、大气成分分析或气溶胶反演等。因此，与大气环境遥感技术无关。,[],Yunlei Su;Guosheng Yang;Wufan Zhao;Cai Wu,Beyond fidelity: Rethinking realism through human behavior in VR city modeling LOD design,
None,False,International Journal of Applied Earth Observation and Geoinformation,该论文研究的是从火星撞击坑数据中提取信息的技术，与大气环境遥感技术（如空气质量监测、卫星观测、大气成分分析、气溶胶反演）没有直接关系。,"['impact craters', 'martian', 'bimodal dataset']",Chang Li;Haoyan Ma;Yi He;Zhizhong Kang,BQEL-Net: A bimodal quantitative ensemble learning network with uncertainty-aware for vectorized extraction of martian impact craters from bimodal catalogic-and-quantitative dataset (BCQDS),
None,True,International Journal of Applied Earth Observation and Geoinformation,该论文研究了融合高分辨率航空图像与Sentinel-1和Sentinel-2时间序列数据以提高果园类型分类的多年精度。虽然主要关注点在于土地覆盖分类，但使用了Sentinel系列卫星数据，这与大气环境遥感技术中的卫星观测和数据分析密切相关，因此可以认为与大气环境遥感技术相关。,"['Sentinel-1', 'Sentinel-2', 'aerial imagery', 'orchard type classification']",Lior Fine;Tarin Paz-Kagan;Offer Rozenstein,Fusing very high-resolution aerial imagery with Sentinel-1 and Sentinel-2 time series improves multi-year orchard type classification,
None,False,International Journal of Applied Earth Observation and Geoinformation,该论文主要关注的是基于遥感技术和集成模型对蝗虫（Calliptamus italicus）风险区域的识别和分类，考虑了人口密度和栖息地适宜性等因素。虽然使用了遥感技术，但其主要应用领域是生态学或灾害管理，而非大气环境遥感技术（如空气质量监测、卫星观测、大气成分分析或气溶胶反演）。因此，它与大气环境遥感技术的相关性较弱。,"['remote sensing', 'ensemble modeling', 'population density', 'habitat suitability']",Junteng Luo;Liang Liu;Jianghua Zheng;Jun Lin;Wanqiang Han;Yang Yan;Jianhao Li;Feifei Zhang;Zhong Liang;Qige Qi,Identification and classification of risk zones for <em>Calliptamus italicus</em> based on remote sensing and ensemble modeling: considering population density and habitat suitability,
None,True,International Journal of Applied Earth Observation and Geoinformation,该论文标题和摘要明确涉及地球观测技术和机器学习，用于预测有害藻华。虽然主题是海洋环境，但地球观测技术（如卫星观测）是大气环境遥感技术的一部分，因此与大气环境遥感技术有一定相关性。,"['Earth Observation', 'Machine learning', 'harmful algal blooms', 'Arabian Gulf', 'Sea of Oman']",Kaltham A. Ismail;Roqaya A. Ismail;Mohammed Salim,Earth Observation–Based Machine learning for operational forecasting of harmful algal blooms in the Arabian Gulf and Sea of Oman,
None,True,International Journal of Applied Earth Observation and Geoinformation,该论文标题和摘要明确涉及 GNSS-R（全球导航卫星系统后向散射探测技术）和大气风速反演，属于大气环境遥感技术的范畴。具体技术名称如“PLGF-NET”和“Physics-Guided Local-Global fusion”也表明其与遥感数据处理和分析相关，因此与大气环境遥感技术高度相关。,"['PLGF-NET', 'Physics-Guided', 'Local-Global fusion', 'GNSS-R', 'high wind speed retrieval']",Xinzhe Xu;Minfeng Song;Xiufeng He;Jinsheng Tu;Xiaolei Wang;Jinwen Zeng;Hao Yang;Wei Zhan,PLGF-NET: A Physics-Guided Local-Global fusion network for GNSS-R high wind speed retrieval,
None,False,International Journal of Applied Earth Observation and Geoinformation,该论文主要关注利用无人机时间序列数据和基础模型进行苜蓿的时空生长和功能表征，与大气环境遥感技术（如空气质量监测、卫星观测、大气成分分析、气溶胶反演等）相关性较弱。,[],Tao Cheng;Zhangru Gao;Ziyu Ding;Dong Han;Yaling Liu;Ruopu Zan;Xinyuan He;Shibo Yang;Feng Yuan;Weibo Ren;Dongyan Zhang,DINO-Pheno-Cluster: Integrating few-shot foundation models and UAV time-series for spatiotemporal growth and functional characterization of alfalfa,
None,True,International Journal of Applied Earth Observation and Geoinformation,该论文研究了使用Landsat 8/9卫星数据通过RF-XGBoost模型反演总氮浓度，这属于大气环境遥感技术中的大气成分分析领域，与空气质量和卫星观测密切相关。,"['total nitrogen', 'Landsat 8/9', 'RF-XGBoost', 'atmospheric retrieval']",Yuanyuan Zhang;Shuanggen Jin,MFRXG: A multi-feature stacking ensemble RF-XGBoost model for total nitrogen retrieval in the Yellow River from Landsat 8/9 data,
None,True,International Journal of Applied Earth Observation and Geoinformation,该论文研究的是使用单目遥感图像进行高度估计的视觉语言网络技术，这与大气环境遥感技术中的卫星观测和图像分析密切相关，属于大气环境遥感技术的一个分支。,"['monocular remote sensing imagery', 'height estimation', 'vision-language network']",Tao Zhang;Furong Shi;Yuanping Zhu;Xin Huang,HeightCLIP: A vision-language network for height estimation from monocular remote sensing imagery,
None,False,International Journal of Applied Earth Observation and Geoinformation,该论文主要关注城市数字孪生技术在环境敏感的移动性规划中的应用，虽然与环境监测有关，但并未涉及大气环境遥感技术，如空气质量监测、卫星观测或大气成分分析等。,"['urban digital twin', 'environmentally sensitive mobility planning', 'Leipzig']",Thomas Trabert;Elmar Brockfeld;Alexander Sohr;Kerstin Krellenberg;Jakob Erdmann;Xiaoxu Bei;Carsten Dalaff;Timo Houben;Jan Bumberger,Urban digital twin for environmentally sensitive mobility planning: conceptual framework and application in pilot region Leipzig,
None,True,International Journal of Applied Earth Observation and Geoinformation,该论文研究了SuperDove卫星如何检测带有物质的堆积物，并关注极端环境事件。这涉及到卫星观测技术，与大气环境遥感技术（如空气质量监测和大气成分分析）相关，因为卫星是监测和收集大气环境数据的重要工具。,"['SuperDove', 'satellite', 'windrows', 'environmental events']",Dimitris Papageorgiou;Stefano Aliani;Andrés Cózar;Konstantinos Topouzelis,SuperDove satellite detection of matter-loaded windrows with a focus on extreme environmental events,
None,False,International Journal of Applied Earth Observation and Geoinformation,该论文主要关注的是基于开源多模态数据和形态感知UDASS的屋顶植被映射框架，虽然涉及城市环境和遥感技术，但主要目标不是大气环境监测或大气成分分析，因此与大气环境遥感技术相关性不强。,"['roof vegetation', 'open-source multimodal data', 'morphology-aware UDASS']",Jinhui Liu;Mi Zhang;Lina Tang;Guofan Shao;Huiwei Jiang;Xiangyun Hu;Yibing Xiong;Jiongwei Wang,A transferable framework for roof vegetation mapping across tropical cities based on open-source multimodal data and morphology-aware UDASS,
None,False,International Journal of Applied Earth Observation and Geoinformation,该论文的标题和摘要主要关注土壤适宜性评价，涉及模糊熵、MAIRCA和TOPSIS框架，与大气环境遥感技术（如空气质量监测、卫星观测、大气成分分析、气溶胶反演）没有直接关系。,[],Karthik Subramani;Deva Nithyanandham;Felix Augustin;Saravanakumar Ramasamy;Ajeesh Puthusserry Paulose;Pandiyaraju V,An integrated picture fuzzy entropy–MAIRCA–TOPSIS framework for sustainable soil suitability evaluation,
None,True,International Journal of Applied Earth Observation and Geoinformation,该论文研究利用多颗卫星平台在没有地面参考数据的情况下进行玉米种植区 mapping，这与遥感技术在农业监测和环境分析中的应用密切相关，属于大气环境遥感技术领域。,"['maize mapping', 'satellite platforms', 'ground reference data']",Ryoungseob Kwon;Youngryel Ryu;Philippe Ciais;David Makowski;Changhyun Choi;Huaize Feng;Sungchan Jeong;Pengfei Tang;Kyungdo Lee,Enabling maize mapping in double-cropping regions of Argentina and Brazil without ground reference data by leveraging multiple satellite platforms,
None,False,International Journal of Applied Earth Observation and Geoinformation,该论文主要关注蝗虫栖息地的时空动态变化，涉及未来气候变化、植被生长和土地利用变化等环境因素，但未明确提及大气环境遥感技术，如空气质量监测、卫星观测、大气成分分析或气溶胶反演等。,"['grasshopper habitats', 'climate projections', 'vegetation growth']",Jing Guo;Wenjiang Huang;Yingying Dong;Qiaoyun Xie;Guofei Fang;Fangzheng Yue;Kun Wang;Zhuoqing Hao;Yan Zhang;Xiangzhe Cheng;Yue Shi;Bing Zhang,"Spatiotemporal dynamics of grasshopper habitats under future climate projections, vegetation growth, and land use change",
None,True,International Journal of Applied Earth Observation and Geoinformation,该论文使用Sentinel-5 Precursor卫星数据和高斯烟羽模型量化大型煤矿的甲烷排放，这与大气环境遥感技术（如空气质量监测、卫星观测、大气成分分析、气溶胶反演）密切相关。,"['Sentinel-5 Precursor', 'methane emissions', 'Gaussian plume model', 'satellite data']",Yuanyuan Chen;Yi Li;Lixia Tan;Yufan Qian;Shuangxi Fang,Quantifying methane emissions from large coal mine using Sentinel-5 Precursor satellite data and Gaussian plume model,
None,True,International Journal of Applied Earth Observation and Geoinformation,该论文标题和摘要中提到的“光谱解混”和“深度先验”技术是遥感领域中的常用方法，用于从多光谱或高光谱数据中提取地物信息，这与大气环境遥感技术（如空气质量监测和卫星观测）密切相关。,"['spectral unmixing', 'deep priors', 'remote sensing']",Soorya Suresh;Shri Charan Ramesh;Arun Pattathal Vijayakumar;Vandita Srivastava;Krishna Mohan Buddhiraju,Self-supervised spectral unmixing using scene-aware deep priors,
None,True,International Journal of Applied Earth Observation and Geoinformation,该论文研究Sentinel-2卫星数据用于叶绿素a反演，以揭示中国湖泊富营养化动态，这与大气环境遥感技术中的卫星观测和水质监测密切相关，属于环境遥感领域。,"['Sentinel-2', 'chlorophyll-a', 'lake eutrophication', 'remote sensing', 'Test-Time training']",Zhen Zhang;Cuilin Yang;JiaJia Yuan;Lehao Huang;Zhongxi Ge;Zhitao Fu;Bo-Hui Tang,Pioneering Test-Time training for robust Fine-Grained chlorophyll-a retrieval from Sentinel-2: Unveiling China’s lake eutrophication dynamics (2018–2025),
None,True,International Journal of Applied Earth Observation and Geoinformation,该论文的标题和摘要明确涉及从微波影像生成高精度水汽产品，这直接关联到大气环境遥感技术，特别是大气成分分析和卫星观测。,"['precipitable water vapor', 'microwave imagery', 'atmospheric remote sensing']",Yuhao Wu;Bao Zhang;Yibin Yao;Zheng Du;Hongming Li;Quanyu Chen,Generation of high-precision precipitable water vapor products from morphed integrated microwave imagery,
None,False,International Journal of Applied Earth Observation and Geoinformation,该论文主要研究冰川泥石流的产生频率和极端气候的影响，与大气环境遥感技术（如空气质量监测、卫星观测、大气成分分析、气溶胶反演等）没有直接关系。,"['glacial debris flows', 'Parlung Tsangpo Basin', 'Southeastern Tibetan Plateau']",Sen Zhang;Bochuan Zhang;Da Huang;Yongji Chen;Bei Zhang;Jianbing Peng,"Extreme climate effects on the occurrence and frequency of glacial debris flows: evidence from the Parlung Tsangpo Basin, Southeastern Tibetan Plateau",
None,True,International Journal of Applied Earth Observation and Geoinformation,该论文研究了无人机图像时间序列与多源环境特征相结合的野火蔓延预测方法，涉及遥感技术（无人机图像获取）和环境监测（环境特征分析），因此与大气环境遥感技术相关。,"['UAV image', 'wildfire spread prediction', 'multi-source environmental features']",Jiahao Zhou;Sen He;Shanjunxia Wu;Qiuhua Wang;Fei Wang,Integrating UAV image time-series with multi-source environmental features for sequential wildfire spread prediction,
None,True,International Journal of Applied Earth Observation and Geoinformation,该论文的主题是使用深度学习框架从卫星图像中进行大规模土地覆盖分类，这与大气环境遥感技术中的卫星观测和土地覆盖分析密切相关，因此被认为是相关的。,"['satellite imagery', 'land cover classification', 'deep learning']",Johannes Leonhardt;Juergen Gall;Ribana Roscher,LC-SLab — An object-based deep learning framework for large-scale land cover classification from satellite imagery and sparse in-situ labels,
None,True,International Journal of Applied Earth Observation and Geoinformation,该论文研究的是利用PROSPECT指导的多任务学习混合框架同时检索叶绿素和类胡萝卜素，这属于植物生理参数遥感反演的范畴。虽然不直接涉及空气质量和大气成分等典型的环境遥感技术，但其利用遥感技术和机器学习算法进行生物参数反演的研究方法与环境遥感领域的技术有交叉，因此可以认为与大气环境遥感技术有一定相关性。,"['leaf chlorophyll', 'carotenoids', 'multi-task learning', 'hybrid framework']",Weilin Hao;Jia Sun;Kan Zhang;Shilin Yang;Feng Qiu;Jin Xu,A PROSPECT-guided multi-task learning hybrid framework for simultaneous retrieval of leaf chlorophyll and carotenoids,
None,True,International Journal of Applied Earth Observation and Geoinformation,该论文使用卫星观测数据研究了澳大利亚北部地区火灾后植被对干旱的抵抗力变化，涉及卫星遥感技术和大气环境监测，因此与大气环境遥感技术相关。,"['satellite', 'rainfall gradient', 'water stress', 'fire']",Huanhuan Wang;Qiaoyun Xie;Sally E. Thompson;Caitlin E. Moore,Satellite evidence of reduced resistance and resilience to water stress after antecedent fire across a rainfall gradient in northern Australia,
None,True,International Journal of Applied Earth Observation and Geoinformation,该论文研究了覆盖作物生物量对卫星检测覆盖作物的影响，涉及卫星观测技术，与大气环境遥感技术（如卫星观测、大气成分分析）密切相关。,"['cover crop biomass', 'satellite-based detectability', 'satellite observations']",Yide Xu;Qu Zhou;Kaiyu Guan;Sheng Wang;W. Dean Hively;Jyoti Jennewein;Alison Thieme;Steven Mirsky;Zhangliang Chen,The impacts of cover crop biomass on satellite-based detectability of cover crops in Maryland,
None,True,International Journal of Applied Earth Observation and Geoinformation,该论文研究了利用卫星监测洪水的技术，并将洪水类型分类整合到卫星遥感监测中，这与大气环境遥感技术（如卫星观测和大气成分分析）密切相关。,"['satellite-based flood monitoring', 'flood extent mapping', 'atmospheric remote sensing']",Ziming Wang;Jeffrey Neal;Peter M. Atkinson;Ce Zhang,From flood extent mapping to mechanism-aware flood products: integrating flood type classification into satellite-based flood monitoring,
None,False,International Journal of Applied Earth Observation and Geoinformation,该论文的标题和摘要主要关注的是一种高分辨率的交换分类模型，通过多尺度几何结构特征融合进行增强。虽然这种技术可能对环境监测领域有一定应用价值，但内容并未明确涉及大气环境遥感技术，如空气质量监测、卫星观测、大气成分分析或气溶胶反演等。因此，它与大气环境遥感技术的关系不强。,"['interchange classification model', 'multi-scale geometric structural feature fusion']",Wan’er Yu;Gang Liu;Jing He;Zhiyong Luo,A high-resolution interchange classification model enhanced by multi-scale geometric structural feature fusion,
None,True,International Journal of Applied Earth Observation and Geoinformation,该论文研究了OCO-2卫星获取的XCO2数据与TCCON地面观测数据的时空偏差，OCO-2是用于大气成分分析的卫星，XCO2是指二氧化碳浓度，TCCON是用于验证卫星观测的地面观测网络。这些内容与大气环境遥感技术，特别是大气成分分析和卫星观测密切相关。,"['OCO-2', 'XCO2', 'TCCON', 'atmospheric composition', 'satellite observations']",Tslil Nacson;David M. Broday;Fadi Kizel,Spatiotemporal bias in OCO-2 XCO<sub>2</sub> retrievals relative to TCCON observations,
None,True,International Journal of Applied Earth Observation and Geoinformation,该论文研究利用街景图像和地理信息系统（GIS）数据来检测和识别城市街道树木及其种类，这与大气环境遥感技术中的空气质量监测和城市环境分析相关，因为树木可以影响空气质量（例如通过吸收污染物），并且遥感技术常用于城市环境监测。,"['street-view images', 'GIS data', 'urban street tree detection']",Weijia Li;Xinjie Huo;Junyan Ye;Jinhua Yu;Hanxi Wang;Juepeng Zheng;Xiang Zhang;Haohuan Fu,Individual urban street tree detection and species-level mapping from street-view images and GIS data,
None,True,International Journal of Applied Earth Observation and Geoinformation,"该论文标题和摘要明确涉及使用卫星遥感技术（hyperspectral, satellite-scale）对水稻白叶枯病（rice bacterial leaf blight）的严重程度进行表征，这与大气环境遥感技术中的大气成分分析（atmospheric composition analysis）和遥感监测（remote sensing）密切相关，因此该论文与大气环境遥感技术密切相关。","['hyperspectral', 'satellite-scale', 'rice bacterial leaf blight', 'remote sensing', 'atmospheric composition analysis']",Weiwei Liu;Xin Zhang;Gang Yang;Jingfeng Huang;Weiwei Sun;Luming Liu,BLB_TVI: A hyperspectral triangular index for satellite-scale characterization of rice bacterial leaf blight severity,
None,False,International Journal of Applied Earth Observation and Geoinformation,这篇论文的主题是利用混合监督和特征掩码恢复技术对未受监管的垃圾堆进行标签高效的映射，这与大气环境遥感技术（如空气质量监测、卫星观测、大气成分分析、气溶胶反演）没有直接关系。,"['waste dumps', 'mixed supervision', 'feature masked recovery']",Li Shen;Xinyu Liu;Geding Yan;Daoping Peng;Zhilin Li,Label-efficient mapping of unregulated waste dumps via mixed supervision with feature masked recovery,
None,False,International Journal of Applied Earth Observation and Geoinformation,该论文主要关注使用自主水面车辆和深度学习技术进行海洋生物多样性的可重复性制图，与大气环境遥感技术（如空气质量监测、卫星观测、大气成分分析、气溶胶反演）没有直接关系。,"['autonomous surface vehicles', 'deep learning', 'marine biodiversity']",Matteo Contini;Victor Illien;Mohan Julien;Sylvain Poulain;Mervyn Ravitchandirane;Victor Russias;Arthur Lazennec;Sarah Hamylton;Tom Spencer;Anna Koester;Pierre Gogendeau;Thomas Chevrier;Justine Talpaert Daudon;Annabelle Constance;Christopher Jones;Frauke Fleischer-Dogley;Serge Bernard;Alexis Joly;Julien Barde;Sylvain Bonhommeau,Reproducible mapping of marine biodiversity using autonomous surface vehicles and deep learning,
None,True,International Journal of Applied Earth Observation and Geoinformation,该论文研究了利用GOCI卫星观测数据，通过机器学习框架重建和预测富营养化湖泊中的叶绿素a浓度。这属于大气环境遥感技术领域，特别是卫星遥感在水质监测方面的应用。,"['Chl-a', 'GOCI', 'machine learning', 'eutrophic lakes', 'remote sensing']",Zehui Huang;Ronghua Ma;Xinhui Chen;Kun Xue;Minqi Hu;Haoze Liu,A two-stage machine learning framework for Chl-a reconstruction and short-term prediction in eutrophic lakes using GOCI observations,
None,True,International Journal of Applied Earth Observation and Geoinformation,该论文标题和摘要中明确提到了遥感图像分割方法，并涉及场景感知引导网络模型，这与大气环境遥感技术（如空气质量监测、卫星观测、大气成分分析、气溶胶反演）密切相关。遥感图像分割是大气环境遥感数据解译和监测的重要技术手段。,"['Remote Sensing', 'Image Segmentation', 'Scene-Aware Guided Network']",Kai Tan;Hui Xia;Kaikai Tian;Hui Yang;Yanlan Wu;Peng Zhang;Yongchuang Wu,Referring Remote Sensing Image Segmentation method based on Scene-Aware Guided Network model,
None,False,International Journal of Applied Earth Observation and Geoinformation,该论文主要关注城市洪涝风险评估，虽然提到了卫星土壤湿度，但并未涉及大气环境遥感技术，如空气质量监测、卫星观测或大气成分分析。,"['satellite soil moisture', 'urban flood risk', 'rainfall']",Sang Yeob Kim,Time-series framework integrating rainfall and satellite soil moisture for multi-scale urban flood risk assessment,
None,True,International Journal of Applied Earth Observation and Geoinformation,该论文标题和摘要中提到了SIF（太阳诱导荧光）和Noah-MP陆地表面模型，这些都与大气环境遥感技术相关，特别是与大气成分分析和水汽循环监测有关。虽然论文主要关注陆地表面模型和干旱恢复力，但其应用领域（半干旱盆地）与大气环境遥感技术密切相关，因为遥感技术常用于监测此类地区的地表水使用效率和大气成分变化。,"['SIF', 'Noah-MP', 'land surface model', 'water use efficiency', 'atmospheric composition']",Tewekel Melese Gemechu;Huifang Zhang;Jialong Sun;Baozhang Chen,A SIF-Constrained Noah-MP land surface model for simulating water use efficiency and drought Resilience: Application in a Semi-Arid Basin,
None,False,International Journal of Applied Earth Observation and Geoinformation,该论文主要研究无人机图像匹配技术，涉及深度学习和计算机视觉算法，与大气环境遥感技术（如空气质量监测、卫星观测）的直接关联性较弱。,"['UAV', 'cycle-consistency', 'channel-separation']",Jingru Li;Kun Sun;Wen Dai;Chang Tang;Kunqian Li;Wenhao Bao;Xiongwu Xiao;Deren Li,C2D2: Matching UAV images with cycle-consistency and channel-separation for joint detector and descriptor,
None,True,International Journal of Applied Earth Observation and Geoinformation,该论文研究利用雷达后向散射进行时空融合，以增强监测南极冰架的表面融化动态。这与大气环境遥感技术密切相关，特别是卫星观测和大气成分分析，因为雷达后向散射是遥感技术中用于监测冰盖和积雪的一种重要手段。,"['radar backscatter', 'Antarctic ice shelves', 'surface melt dynamics']",Chengyu Pu;Lei Zheng;Jingan Wu;Qi Liang;Teng Li;Gang Li;Xiao Cheng,Spatiotemporal fusion of radar backscatter for enhanced monitoring of surface melt dynamics over Antarctic ice shelves,
None,True,International Journal of Applied Earth Observation and Geoinformation,该论文研究了利用空间遥感技术检测北方农业地区CO2和N2O交换的可行性，涉及卫星观测和大气组成分析，与大气环境遥感技术密切相关。,"['space-borne remote sensing', 'CO2', 'N2O', 'boreal agricultural fields']",Miia Salminen;Liisa Kulmala;Tuomas Laurila;Olli Nevalainen;Stephanie Gerin;Laura Heimsch;Henriikka Vekuri;Juval Cohen;Matias Takala;Kimmo Rautiainen;Narasinha Shurpali;Maarit Liimatainen;Jari Liski;Jouni Pulliainen,Feasibility of space-borne remote sensing to detect features related to CO<sub>2</sub> and N<sub>2</sub>O exchange of boreal agricultural fields,
None,True,International Journal of Applied Earth Observation and Geoinformation,该论文使用多源数据集成遥感技术来绘制澳大利亚和新西兰的海岸沙丘的范围、类型和残留区域，这与大气环境遥感技术中的卫星观测和地表特征分析密切相关，属于环境遥感应用领域。,"['multi-source data', 'coastal dunes', 'remote sensing']",Zhijia Zheng;Guanli Li;Chenjun Wang;Xiuyuan Zhang;Noam Levin,"Mapping the extent, type and remnant areas of the coastal dunes of Australia and New Zealand by integrating multi-source data",
None,False,International Journal of Applied Earth Observation and Geoinformation,该论文研究的是利用地形学约束的海底地形反演技术，以及机器学习在浑浊潮汐水道中的应用。这与大气环境遥感技术（如空气质量监测、卫星观测、大气成分分析、气溶胶反演等）没有直接关系。,"['geomorphology', 'bathymetric inversion', 'turbid tidal channels', 'machine learning']",Jianchun Chen;Chao Gao;Yan Gu;Xiangyu Ou;Xiaoyi Cheng;Shibing Zhu;Ya Ping Wang,Geomorphology-constrained bathymetric inversion of turbid tidal channels using centerline-network priors and machine learning,
None,False,International Journal of Applied Earth Observation and Geoinformation,该论文的标题和摘要专注于地质岩性的解释，与大气环境遥感技术（如空气质量监测、卫星观测、大气成分分析、气溶胶反演等）无关。,[],Ying Cao;Diming Wu;Yilong Li;Qing Cheng,Multi-source complementary feature self-integration network for geological lithology interpretation,
None,False,International Journal of Applied Earth Observation and Geoinformation,该论文标题和摘要主要关注红树林湿地在 sea level rise 和人类活动影响下的潜在迁移模式，与大气环境遥感技术（如空气质量监测、卫星观测、大气成分分析、气溶胶质询）无明显相关性。,[],Zhaoxuan Ding;Bin Ai;Jiali Zeng;Yuchao Sun;Xiaoping Liu;Zhuokai Jian;Zhenlin Lai;Poyuan Ou,Simulating potential landward migration pattern of mangrove wetlands under the ‘two-way squeeze’ from sea level rise and human activities,
None,True,International Journal of Applied Earth Observation and Geoinformation,该论文研究了从遥感图像中进行目标检测的精度评估框架，这与大气环境遥感技术中的卫星观测、图像分析等技术密切相关，因此属于强相关领域。,"['remotely sensed images', 'target detection', 'accuracy assessment']",Yingfan Zhang;Weiyi Hou;Lyndon Estes;Rui Lu;Shijie Zhu;Aiyin Zhang;Zhou Shi;Su Ye,A novel edge-based accuracy assessment framework for target detection from remotely sensed images,
None,False,International Journal of Applied Earth Observation and Geoinformation,该论文主要关注的是使用机器学习技术预测农业梯田的适宜性，应用对象是塞浦路斯的托罗多斯山脉。这与大气环境遥感技术（如空气质量监测、卫星观测、大气成分分析、气溶胶反演等）没有直接关联，因此不相关。,"['machine learning', 'agricultural terrace', 'positive and unlabelled datasets']",Aman Kumar Meena;Christos Zoumides;Hakan Djuma;Ioannis Sofokleous;Corrado Camera;Adriana Bruggeman,"A machine learning framework for predicting agricultural terrace suitability using positive and unlabelled datasets: an application for the Troodos Mountains, Cyprus",
None,True,International Journal of Applied Earth Observation and Geoinformation,该论文使用LiDAR技术评估树木顶部的死亡情况，以检测亚洲长角甲虫对杨树林的损害，属于大气环境遥感技术中森林健康监测和病虫害检测的范畴，与大气环境遥感技术相关。,"['LiDAR', 'treetop dieback', 'Asian longhorned beetle']",Quan Zhou;Rui Tang;Linfeng Yu;Peiyun Bi;Lili Ren;Youqing Luo,LiDAR-based assessment of treetop dieback to detect asian longhorned beetle damage in poplar forests,
None,True,International Journal of Applied Earth Observation and Geoinformation,该论文评估和排名了针对中国的28种降水产品，属于大气环境遥感技术中的降水监测领域，因此与大气环境遥感技术（如卫星观测、大气成分分析）相关。,"['precipitation', 'products', 'China']",Le Xinlong;Kang Ling;Zhou Liwei;Wei Junfang;Chen Hao,Multi-Criteria evaluation and ranking of 28 precipitation products over China,
None,False,International Journal of Applied Earth Observation and Geoinformation,该论文主要关注农业用地地表温度的降尺度问题，虽然涉及遥感技术（NDVI），但重点在于温度预测和建模，而非大气环境遥感技术（如空气质量监测、卫星观测或大气成分分析）。,"['NDVI', 'land surface temperature', 'downscaling']",Jamal Elfarkh;Nadia Ouaadi;Said Grich;Abderrahman Liblab;Abdelghani Chehbouni,Stratified and adaptive regression for NDVI-based land surface temperature downscaling over agricultural fields,
None,False,International Journal of Applied Earth Observation and Geoinformation,该论文标题和摘要主要关注联邦学习在森林资源建模和监测中的应用，强调数据保密性和协作研究，与大气环境遥感技术（如空气质量监测、卫星观测、大气成分分析、气溶胶反演等）没有直接关系。,[],Johannes Schumacher;Alessandro Cescatti;Gherardo Chirici;Giovanni D’Amico;Saverio Francini;Johannes Hertzler;Lauri Mehtätalo;Gert-Jan Nabuurs;Mats Nilsson;Juho Pitkänen;Johannes Breidenbach,Federated learning in forest resource modelling and monitoring: Bridging data confidentiality and collaborative research,
None,True,International Journal of Applied Earth Observation and Geoinformation,该论文研究了SAR图像和LiDAR点云之间的跨模态匹配框架，利用深度学习技术。虽然不直接涉及大气成分分析或空气质量监测，但SAR和LiDAR技术常用于大气环境遥感，因此与大气环境遥感技术有间接关联。,"['SAR images', 'LiDAR point clouds', 'deep learning', 'cross-modal matching']",Yifan Zhang;Jordi J. Mallorqui;Wen Wang,SAR2LiDAR: A deep learning-based cross-modal matching framework between SAR images and LiDAR point clouds,
None,False,International Journal of Applied Earth Observation and Geoinformation,该论文研究的是利用合成孔径雷达（SAR）图像进行水体提取的技术，主要关注的是图像处理和机器学习算法，而非大气环境遥感技术，如空气质量监测、卫星观测或大气成分分析。,"['SAR imagery', 'water extraction', 'weakly supervised network']",Kai Wang;Weicheng Zang;Zhongle Ren;Biao Hou;Jiawei Ning;Xi Li;Shulin Gao;Weibin Li;Licheng Jiao,WaterPLNet: A noise-robust weakly supervised network for water extraction from SAR imagery using point labels,
None,True,International Journal of Applied Earth Observation and Geoinformation,该论文研究了如何通过基线框架推断城市兴趣点（POI）的楼层，以增强三维城市垂直分析。这与大气环境遥感技术中的空气质量监测和城市垂直分析相关，因为了解城市中不同楼层的POI分布有助于监测和预测大气污染物（如颗粒物）的分布情况。,"['POI floors', 'urban vertical analytics', 'Shanghai', '3D urban analytics', 'air quality monitoring']",Liu Liu;Jiali Yang;Xiang Chen;Yao Shen;Mila Koeva,Baseline framework for inferring POI floors to enhance 3D urban vertical analytics: A comparative study in Shanghai,
None,True,International Journal of Applied Earth Observation and Geoinformation,该研究使用Landsat卫星数据的时间序列来量化新foundland林地中苔藓体积的变化，这与大气环境遥感技术中的卫星观测和植被分析相关，因为Landsat是一种常用的卫星传感器，用于监测地表覆盖和环境变化。,"['Landsat', 'time series', 'lichen volume']",Catherine Beaulieu;Nicholas C. Coops;Alexandre Morin-Bernard;Steeve D. Côté;Alexis Achim,Quantifying changes in annual lichen volume for woodland caribou in Newfoundland using Landsat time series,
None,True,International Journal of Applied Earth Observation and Geoinformation,该论文研究的是人为热通量的估算方法，涉及地表能量平衡扰动，这与大气环境遥感技术中的空气质量监测和地表参数反演密切相关，因此是相关的。,"['anthropogenic heat flux', 'surface energy balance', 'remote sensing']",Yu Zhou;Deyong Hu;Tianhan Li,A double-temperature-difference framework for anthropogenic heat flux estimation accounting for surface energy balance perturbations,
None,False,International Journal of Applied Earth Observation and Geoinformation,该论文主要关注使用机载激光雷达和植被过滤技术来研究加州海岸悬崖的形态动力学，虽然涉及遥感技术，但与大气环境遥感技术（如空气质量监测、卫星观测、大气成分分析、气溶胶反演）关系不大。,"['airborne lidar', 'vegetation filtering', 'California coastal cliff']",Danghan Xie;Hironori Matsumoto;Zuzanna M. Swirad;Luc Lenain;Adam P. Young,Improved understanding of California coastal cliff morphodynamics using airborne lidar and vegetation filtering (2016–2023),
None,True,International Journal of Applied Earth Observation and Geoinformation,该论文标题和摘要明确涉及通过基于Unet的框架进行水散射辐射斯托克斯向量的全球检索，这与大气环境遥感技术密切相关，特别是涉及卫星观测和大气成分分析。,"['stokes vector', 'water-leaving radiance', 'Unet-based framework', 'atmospheric remote sensing']",Jia Liu;Chunxia Li;Tieqiao Chen;Xinyin Jia;Siyuan Li;Bingliang Hu;Xianqiang He;Delu Pan,Global retrieval of stokes vector of water-leaving radiance via Unet-based framework,
None,True,International Journal of Applied Earth Observation and Geoinformation,该论文研究了基于知识驱动的图网络对遥感图像进行语义分割的方法，而遥感图像通常用于大气环境监测和成分分析，因此与大气环境遥感技术密切相关。,"['Remote Sensing Imagery', 'semantic segmentation', 'atmospheric composition']",Wenqi Cui;Peng Luo;Weisong Li;Xing Xu;Jiale Chen;Chuan Chen,Navigating Hierarchies in Hyperbolic Space: A Knowledge-Driven Graph Network for Semantic Segmentation of Remote Sensing Imagery,
None,False,International Journal of Applied Earth Observation and Geoinformation,该论文主要关注的是基于SAM模型的农田地块识别方法，与大气环境遥感技术（如空气质量监测、卫星观测、大气成分分析、气溶胶反演等）没有直接相关性。,"['cropland parcel recognition', 'segment anything model (SAM)']",Qing Geng;Kaiqi Ye;Fan Xu;Yu Meng;Miao Huang;Chunyan Yuan;Li Li;Bingbo Gao;Hu Zhou;Jianyu Yang;Ying Li;Jianxi Huang;Xiaochuang Yao,A data- and knowledge-driven cropland parcel recognition method based on segment anything model (SAM),
None,True,International Journal of Applied Earth Observation and Geoinformation,该论文研究了基于MoE（Mixture of Experts）的优化AI模型，用于获取地表温度和发射率。这些参数对于大气环境遥感技术中的地表能量平衡、热红外遥感、大气成分分析以及空气质量监测具有重要意义。因此，该论文与大气环境遥感技术密切相关。,"['land surface temperature', 'emissivity', 'AI model', 'MoE']",Liu Ma;Kebiao Mao;Jiancheng Shi;Sayed M. Bateni;Zhonghua Guo;Zijin Yuan,An optimization AI model based on MoE for retrieving land surface temperature and emissivity,
None,True,International Journal of Applied Earth Observation and Geoinformation,该研究使用Sentinel-1雷达观测数据监测了喜马拉雅山脉的干雪，属于利用遥感技术进行大气环境监测的范畴，特别是对高山区域的冰雪覆盖进行大范围监测，这与大气环境遥感技术（如卫星观测和大气成分分析）密切相关。,"['Sentinel-1 SAR', 'dry snow', 'High Mountain Asia']",Ying Huang;Lei Huang;Tobias Bolch,Large-Scale monitoring of dry snow in High Mountain Asia (2015–2024) from Sentinel-1 SAR observations,
None,True,International Journal of Applied Earth Observation and Geoinformation,该论文研究的是利用轨道卫星检测火灾的技术，具体关注印度西北地区水稻秸秆焚烧是否减少，这与大气环境遥感技术（如空气质量监测、卫星观测、大气成分分析）密切相关，因此相关性较强。,"['satellite-based fire detection', 'crop residue burning', 'rice straw burning']",Prakhar Misra;Sachiko Hayashida;Masao Moriyama;Hikaru Araki,Limitations of interpreting orbiting satellite-based fire detection for crop residue burning: Has rice straw burning in northwest India decreased in recent years?,
None,True,International Journal of Applied Earth Observation and Geoinformation,该论文标题和摘要中提到“spaceborne imaging spectroscopy”（空间成像光谱学），这是一种用于大气环境遥感的技术，可以用于监测大气成分、分析大气状态等。虽然主要关注的是草食动物资源选择，但其研究方法涉及大气建模和遥感技术，因此与大气环境遥感技术密切相关。,"['spaceborne imaging spectroscopy', 'atmospheric modeling', 'resource selection']",Hamed Gholizadeh;Aisha Sams;M. Ny Aina Rakotoarivony;Nimalka Weerasuriya;Elizabeth Struble;Clara Freese;Andrew Shepard;Saiful Islam;Ehsan Foroutan;Tony Brown;Christian Rossi;Robert Hamilton;Samuel Fuhlendorf;Nicholas McMillan;Ran Wang;Benedicte Bachelot;John Gamon,Spaceborne imaging spectroscopy advances modeling of grazer resource selection,
None,True,International Journal of Applied Earth Observation and Geoinformation,该论文研究的是使用P波段PolInSAR技术进行森林高度反演的前瞻约束回波框架，这与大气环境遥感技术中的卫星观测和大气成分分析密切相关，属于遥感技术在森林生态和环境监测中的应用。,"['P-band PolInSAR', 'forest height inversion', 'backscatter framework']",Lei Wang;Linping Yang;Gaoyun Shen;Junyi Liu;Junnan Xiong;Lin Fu;Li Zeng;Bing Yu;Chongchong Ye,PG-GVB: A prior constrained backscatter framework for P-band PolInSAR forest height inversion,
None,False,International Journal of Applied Earth Observation and Geoinformation,该论文主要关注利用神经网络自动设计高效SAR（合成孔径雷达）船舶检测网络，应用于大规模场景。虽然SAR技术可用于大气环境遥感（如监测大气中的气溶胶），但该研究的重点在于船舶检测，而非大气环境监测或成分分析。因此，它与大气环境遥感技术的直接相关性较弱。,"['SAR', 'ship detection', 'neural architecture search']",Huiyao Wan;Zutong Wen;Pazlat Nurmamat;Jie Chen;Yice Cao;Hongcheng Zeng;Shuai Wang;Wei Yang;Jie Chen;Zhixiang Huang;Jin Tang,Automatic design of efficient SAR ship detection networks for large-scale scenes via neural architecture search,
None,False,International Journal of Applied Earth Observation and Geoinformation,该论文的标题和摘要主要关注于城市村庄的语义嵌入和双分支融合网络，与大气环境遥感技术（如空气质量监测、卫星观测、大气成分分析、气溶胶反演等）没有直接关联。,"['urban villages', 'semantic embedding', 'dual branch fusion']",Shaobo Qiu;Shi Shen;Changqing Song;Cansong Li,UVSENet: A Semantic-Embedded dual branch fusion network for urban villages mapping,
None,True,International Journal of Applied Earth Observation and Geoinformation,该论文使用卫星遥感技术获取NO2数据，分析非洲次国家级地区的污染物暴露和不等性问题，这与大气环境遥感技术（如空气质量监测和大气成分分析）密切相关。,"['Satellite-derived', 'NO2', 'air quality monitoring']",Jingru Wang;Dong Liu;Tim Schwanen;Tomoki Nakaya;Ernest Agyemang;Jason Gilliland,Satellite-derived population-weighted NO<sub>2</sub> exposure and inequality across African subnational regions for SDGs 3 and 11,
None,False,International Journal of Applied Earth Observation and Geoinformation,该论文标题和摘要主要关注的是时空网络流L函数识别多尺度人流簇，与大气环境遥感技术（如空气质量监测、卫星观测、大气成分分析、气溶胶反演等）没有直接关系。,[],Zilong Zhao;Mei-Po Kwan;Zihan Kan,Identifying multi-scale human flow clusters via spatiotemporal network flow L function,
None,False,International Journal of Applied Earth Observation and Geoinformation,该论文的主题是利用低秩判别字典和全局-局部显著性权重进行鲁棒的hyperspectral异常检测，这主要涉及图像处理和计算机视觉领域，而不是大气环境遥感技术，如空气质量监测、卫星观测或大气成分分析。,"['hyperspectral', 'anomaly detection', 'low-rank discriminative dictionary', 'global-local saliency weight']",Yufan Yang;Hongjun Su;Zhaoyue Wu;Hui Yang;Qian Du,Robust hyperspectral anomaly detection via low-rank discriminative dictionary and global-local saliency weight,
None,True,International Journal of Applied Earth Observation and Geoinformation,该论文标题和摘要中提到了卫星视频和一种用于追踪的算法，这表明它与卫星遥感技术相关，特别是与大气环境监测和卫星观测有关。,"['satellite videos', 'Geo-Semantic Regularized Sparse tracker', 'remote sensing']",Xin Huang;Wei Qin;Yifan Liao;Pengjie Tao,GSR-Track: A Geo-Semantic Regularized Sparse tracker for satellite videos,
None,True,International Journal of Applied Earth Observation and Geoinformation,该论文研究了利用多分类浮游植物密度反演技术评估东北部湖泊蓝藻水华严重程度的方法。虽然主要对象是水体中的蓝藻，但该方法依赖于遥感技术（如卫星观测）获取图像数据，这与大气环境遥感技术中的卫星观测和成分分析有密切联系，因此属于相关领域。,"['Multi-Class', 'phytoplankton density retrieval', 'cyanobacterial bloom', 'satellite observations', 'lake monitoring']",Zhaojiang Yan;Chong Fang;Kaishan Song;Ge Liu;Yunfeng Lyu;Jinpeng Shen;Shizhuo Liu,From pixels to Algae: Assessing cyanobacterial bloom severity in Northeastern lakes through Multi-Class phytoplankton density retrieval,
None,True,International Journal of Applied Earth Observation and Geoinformation,该论文标题和摘要中明确提到了“remote sensing”（遥感技术）和“multimodal data fusion”（多模态数据融合），这与大气环境遥感技术密切相关。虽然主要关注点是“residential building damage estimation”（住宅建筑损坏评估），但遥感技术在获取和分析大气环境数据（如空气质量、大气成分、气溶胶等）中具有重要应用，因此该论文与大气环境遥感技术具有强相关性。,"['remote sensing', 'multimodal data fusion', 'AI system']",Edmund Robbins;Nezamoddin N. Kachouie,An AI system for residential building damage estimation using multimodal remote sensing data fusion,
None,True,International Journal of Applied Earth Observation and Geoinformation,该论文标题和摘要明确涉及气溶胶特性反演算法、卫星传感器（AMI/GK-2A）以及深度学习和辐射传输模拟器，这些都是大气环境遥感技术中的关键内容，因此与该领域密切相关。,"['aerosol property retrieval', 'AMI/GK-2A', 'deep learning', 'radiative transfer emulator']",Minseok Kim;Jhoon Kim;Hyunkwang Lim;Seoyoung Lee;Hyeji Cha;Yujin Chai;Sang Seo Park;Jun Wang,Hybrid physics–AI aerosol property retrieval algorithm for AMI/GK-2A with a deep learning radiative transfer emulator,
None,True,International Journal of Applied Earth Observation and Geoinformation,该论文研究了利用机器学习技术校正C2-Net模型，以在小规模光学复杂的湖泊中反演叶绿素a浓度。这与大气环境遥感技术中的水质监测和光学遥感方法密切相关，属于环境遥感应用范畴。,"['chlorophyll-a', 'optically complex', 'machine learning']",Jesús A. Torrecilla-Pinero;Aurora Cuartero;José Cáceres-Merino;Victoria Amores-Chaparro;Fernando Broncano,Machine learning correction of C2-Net for chlorophyll-a retrieval in optically complex small reservoirs,
None,False,International Journal of Applied Earth Observation and Geoinformation,该论文主要关注的是通过Landsat和Sentinel卫星数据融合以及集成机器学习方法重建近30年的沿海水质，虽然使用了卫星遥感技术，但其核心内容是水质监测而非大气环境遥感技术，如空气质量监测、大气成分分析等。,"['Landsat', 'Sentinel', 'ensemble machine learning']",Zihan Chen;Peng Chen;Siqi Zhang;Yunzhou Li;Delu Pan,High-resolution (30-m) multi-decadal reconstruction of coastal water quality via Landsat-Sentinel fusion and ensemble machine learning (1985–2024),
None,True,International Journal of Applied Earth Observation and Geoinformation,该论文研究瑞士欧洲山毛榉林的早期叶片褪色现象，涉及空间和时间分布模式，虽然不直接提及大气环境遥感技术，但叶片褪色可能与空气质量和大气成分有关，因此与大气环境遥感技术有一定关联。,"['leaf discoloration', 'European beech forests', 'spatial patterns', 'temporal patterns']",Colin K. Bloom;Tiziana L. Koch;Arun K. Bose;Romana Paganini;Daniel Scherrer;Katrin Meusburger;Lorenz Walthert;Brigitte Rohner;Esther R. Frei;Philipp Brun;Thomas Wohlgemuth;Marco Ferretti;Andri Baltensweiler,Spatial and temporal patterns of early leaf discoloration in Switzerland’s European beech forests,
None,False,International Journal of Applied Earth Observation and Geoinformation,该论文主要关注利用探地雷达（GPR）和合成孔径雷达（SAR）技术进行考古学分析，研究阿拉伯联合酋长国Umm Al-Quwain的古代Siniyah岛的历史重建。这与大气环境遥感技术（如空气质量监测、卫星观测、大气成分分析、气溶胶反演等）没有直接关联。,"['GPR', 'SAR', 'archaeology', 'ancient Siniyah Island']",Sonia Santos-Assunção;Diana Francis;Charfeddine Cherif;Moamen Ali;Mohammed Y. Ali,"Reconstructing history: 3D high-resolution GPR analysis based on SAR discoveries in the ancient Siniyah Island of Umm Al-Quwain, United Arab Emirates",
None,False,International Journal of Applied Earth Observation and Geoinformation,该论文标题和摘要主要关注的是构建逼真的3D自然场景的参数化方法，与大气环境遥感技术（如空气质量监测、卫星观测、大气成分分析、气溶胶反演）没有直接关联。,[],Chen Zhang;Ding Ma;Renzhong Guo;Kai Chen,Infinite details: A cartography-informed parametric method for constructing realistic 3D natural scenes,
None,True,International Journal of Applied Earth Observation and Geoinformation,该论文使用多源遥感技术和深度学习模型对澳大利亚维多利亚州的草地枯黄进行时空预测，这与大气环境遥感技术中的遥感数据处理和模型应用密切相关，但主要关注的是植被监测而非空气质量、卫星观测或大气成分分析等领域。,"['Multi-Source remote sensing', 'deep learning models', 'grass curing']",Liangwei Liao;Xuan Zhu,"Spatiotemporal prediction of grass curing in Victoria, Australia using Multi-Source remote sensing and deep learning models",
None,False,International Journal of Applied Earth Observation and Geoinformation,该论文的标题和摘要主要关注场景文本与街景图像和POI数据的跨模态语义一致性验证，与大气环境遥感技术（如空气质量监测、卫星观测、大气成分分析、气溶胶反演）无关。,[],Pengpeng Li;Biao Pei;Yuting Zhang;Qing Zhu;Tao Liu;Jiping Liu;Ping Du,SignSpotter: scene text-informed cross-modal semantic consistency verification for street view images and POI data,
None,True,International Journal of Applied Earth Observation and Geoinformation,该论文研究了利用多源遥感数据评估地表生物量损失引起的降雨极端事件，涉及遥感技术和大气环境监测，因此与大气环境遥感技术相关。,"['rainfall extremes', 'aboveground biomass loss', 'multisource remote sensing data']",Jiaxi Wang;Xiaoqing Luo;Yayi Li;Xinhao Li;Na Deng;Shouzhang Peng;Feng Yang;Jinshi Jian;Juying Jiao,A framework for assessing rainfall extremes induced aboveground biomass loss from multisource remote sensing data,
None,False,International Journal of Applied Earth Observation and Geoinformation,该论文的研究主题是土壤肥力指标中的高光谱特征选择，使用了生物启发算法（ slime mould algorithm），与大气环境遥感技术（如空气质量监测、卫星观测、大气成分分析、气溶胶反演等）没有直接关联。,"['hyperspectral', 'slime mould algorithm', 'soil fertility']",Lijun Tian;Chao Niu;Xue Wang;Yayu Yang;Kun Tan;Xiaojun Xu;Wen Zhang,An improved slime mould algorithm applied to hyperspectral feature selection in soil fertility indicators,
None,True,International Journal of Applied Earth Observation and Geoinformation,该论文使用地球观测数据和多元机器学习模型，评估了气候变化对植被影响的滞后和累积效应，这与大气环境遥感技术（如卫星观测和植被监测）密切相关。,"['Earth Observation data', 'vegetation', 'machine learning models']",Zhuqing Miao;Cheng Li;Tao Su;Yongping Wu,Global assessment of climate-driven lag and cumulative effects on vegetation using Earth Observation data and multivariable machine learning models,
None,True,International Journal of Applied Earth Observation and Geoinformation,该论文研究了热带环境中干旱对光谱响应和火灾评估的影响，这与大气环境遥感技术中的空气质量监测和卫星观测直接相关，因为光谱响应和火灾评估是遥感技术中常用的分析方法。,"['drought', 'spectral response', 'burn assessments']",Merly Rocio Vasquez Hernandez;Hélio Garcia Leite;João Flávio Costa dos Santos;José Ivo Ribeiro Júnior;Diogo Nepomuceno Cosenza;José Marinaldo Gleriani,Drought effect on spectral response and burn assessments in tropical environments,
None,False,International Journal of Applied Earth Observation and Geoinformation,该论文的标题和摘要主要关注无人机生成的现实网格到体积地质模型的转换，涉及计算和地质学领域，与大气环境遥感技术（如空气质量监测、卫星观测、大气成分分析、气溶胶检索）没有直接关联。,[],Zhibin Liu;Jiateng Guo;Yuxin Peng;Zirui Zhang;Xulei Wang;Hongwei Li;Luyuan Wang;Liangkai Cheng;Kangning Li,Bridging the visual-computational gap: transforming UAV reality meshes into volumetric geological models via explicit-implicit integration,
None,False,International Journal of Applied Earth Observation and Geoinformation,该论文研究的是基于光学-合成孔径雷达（optical-SAR）的土地覆盖分类，虽然涉及遥感技术，但主要关注的是土地覆盖分类，而非大气环境遥感技术，如空气质量监测、卫星观测或大气成分分析。,"['optical-SAR', 'land cover classification', 'hybrid Mamba–CNN']",Bo Ren;Jin Gu;Chen Yang;Biao Hou;Qianfang Wang;Zitong Wu;Licheng Jiao,AFDINet: Adaptive frequency disentanglement and interaction in hybrid Mamba–CNN for optical-SAR land cover classification,
None,True,International Journal of Applied Earth Observation and Geoinformation,该论文研究的是大规模ALB（大气边界层）和MBES（机载激光雷达测深系统）点云配准的分层框架和投票机制，这与大气环境遥感技术中的空气质量监测和大气成分分析密切相关。点云配准技术是大气遥感数据处理中的重要环节，用于提高观测数据的精度和分辨率。,"['point cloud registration', 'air quality monitoring', 'atmospheric composition analysis']",Dongdong Pu;Hongzhou Chai;Chao Dong;Yongzhong Ouyang,A hierarchical framework employing voting mechanism for large-scale ALB and MBES point cloud registration,
None,True,International Journal of Applied Earth Observation and Geoinformation,该研究涉及从复杂海岸水域中检索颗粒有机碳，这属于大气环境遥感技术中的空气质量监测和大气成分分析范畴。,"['particulate organic carbon', 'adaptive hybrid algorithm', 'coastal waters']",Tao Zhou;Wen Zhou;Weilang Xie;Cai Li;Zhantang Xu;Xiankun Yang,An adaptive hybrid algorithm for retrieving particulate organic carbon in complex coastal waters,
None,False,International Journal of Applied Earth Observation and Geoinformation,该论文主要关注的是滑坡检测，虽然与遥感技术有关，但并非直接涉及大气环境遥感技术，如空气质量监测、卫星观测或大气成分分析等。,"['landslide detection', 'multi-scale frequency-aware feature learning', 'RT-DETR']",Hanyu Song;Hui Yang,ASA-DETR: Adaptive sparse attention enhanced RT-DETR for remote sensing landslide detection with multi-scale frequency-aware feature learning,
None,False,International Journal of Applied Earth Observation and Geoinformation,该论文主要关注无人机图像中的微小目标检测，虽然涉及图像处理技术，但与大气环境遥感技术（如空气质量监测、卫星观测、大气成分分析、气溶胶反演等）的直接相关性较弱。,"['tiny object detection', 'UAV imagery', 'multi-scale adaptive fusion network']",Weiguo Yi;Jiahui Gao;Longteng Wang,MS-AFNet: A multi-scale adaptive fusion network with high-resolution feature enhancement for tiny object detection in UAV imagery,
None,True,International Journal of Applied Earth Observation and Geoinformation,该论文研究的是基于多无人机（multi-UAV）的实时密集地图构建系统，用于低空遥感（low-altitude remote sensing），这与大气环境遥感技术中的空气质量监测、卫星观测和大气成分分析密切相关。,"['multi-UAV', 'dense mapping', 'low-altitude remote sensing']",Bing Du;Xiaohan Liao;Huanyin Yue;Yuyu Zhang;Huping Ye;Jianli Liu,MSRS-SLAM: A real-time multi-UAV dense mapping system for efficient low-altitude remote sensing,
None,False,International Journal of Applied Earth Observation and Geoinformation,该论文主要关注无人机正射影像地图技术，使用单目SLAM进行地形约束的无GPS实时测绘，与大气环境遥感技术（如空气质量监测、卫星观测、大气成分分析、气溶胶反演）关系不大。,"['UAV', 'orthophoto mapping', 'monocular SLAM']",Fushan Yao;Chaozhen Lan;Zijun Wei;Tian Gao;Longhao Wang;Yiqiao Wang,GROMS: GPS-free real-time UAV orthophoto mapping via terrain constraint monocular SLAM,
None,False,International Journal of Applied Earth Observation and Geoinformation,该论文主要关注树木冠层形态的全球数据集，用于植被建模和管理，与大气环境遥感技术（如空气质量监测、卫星观测、大气成分分析、气溶胶反演）没有直接相关性。,"['tree crown morphology', 'vegetation modeling', 'atmospheric']",Jiayi Xiang;Hua Yuan;Wenzong Dong;Zhongwang Wei;Wei Shangguan;Wanyi Lin;Zhuo Liu;Xinran Yu;Yongjiu Dai,A global 500 m dataset of tree crown morphology to advance vegetation modeling and management,
None,False,International Journal of Applied Earth Observation and Geoinformation,该论文的主题是利用无缝时空洪水监测技术填补观测数据空白，虽然涉及遥感技术（如卫星观测）的应用，但其主要关注点在于洪水监测而非大气环境遥感技术（如空气质量监测、大气成分分析、气溶胶反演等）。因此，它与大气环境遥感技术的关联性不强。,"['flood monitoring', 'observational gaps', 'Bangladesh flood']",Zhijun Jiao;Pengtianhao Wu;Biyan Chen;Zhimei Zhang;Syed Amer Mahmood;Lixin Wu,Enabling seamless spatiotemporal flood monitoring via bridging observational gaps with a case study on the 2024 Bangladesh flood,
None,False,International Journal of Applied Earth Observation and Geoinformation,该论文的标题和摘要主要关注的是管道引起的堤坝失效问题，涉及的是地质工程和水力学领域，与大气环境遥感技术（如空气质量监测、卫星观测、大气成分分析、气溶胶反演等）没有直接相关性。,[],Sang Yeob Kim,Multi-scale time-series framework for piping-induced levee failure using a piping potential index,
None,False,International Journal of Applied Earth Observation and Geoinformation,该论文的标题和摘要主要关注的是植被在露天矿复垦过程中的异质性恢复轨迹，这一主题与环境遥感技术中的空气质量监测、卫星观测或大气成分分析等没有直接关联。,[],Hui Wang;Jun Li;Ruwen Zhang;Yuli Lan;Jinhe Zhang;Peng Chen;Lu Wang;Chengye Zhang,Heterogeneous vegetation resilience trajectories beneath greening during open-pit mine reclamation,
None,True,International Journal of Applied Earth Observation and Geoinformation,该论文使用遥感技术和深度学习融合方法对黄海绿潮进行时空分析，涉及遥感技术在海洋环境监测中的应用，与大气环境遥感技术（如卫星观测、环境监测）相关。,"['remote sensing', 'deep learning', 'Southern Yellow Sea']",Hongyu Kan;Mengquan Wu;Lingyi Meng;Longxing Liu;Yuhong Shan;Jinyi Lv;Gang Chen;Yijie Tang,Advancing green tide monitoring: a spatiotemporal analysis in the Southern Yellow Sea using a novel deep learning and remote sensing fusion approach,
10.1016/j.atmosenv.2026.122246,True,Atmospheric Environment,该论文研究意大利博洛尼亚地区热浪和颗粒物增加的复合事件，使用了气象、物理和化学数据集以及卫星和地面遥感数据，涉及空气质量和大气成分分析，与大气环境遥感技术密切相关。,"['particulate matter', 'aerosol particle size distribution', 'remote sensing data']",Andrea Faggi;Laura Tositti;Alessandro Zappi;Tiziano Maestri;Giorgia Proietti Pelliccia;Michele Martinazzo;Francesca Barnaba;Alessandro Bracci;Silvana Di Sabatino;Erika Brattich,Heatwaves and particulate matter increases: An Italian case study,"•A method for identifying compound events, particularly for PM increases, is defined. •Compound HW-PM events are frequent, occurring on approximately 25% of study days (85 out of 334). •Aerosol particle concentrations increase across all size classes during the event. •The African anticyclone drives both the HW and the PM enhancements in the case study. 
 Amongst extreme weather events, heatwaves are one of the most worrying phenomena because of their numerous social, health and economic impacts. Besides direct effects emerging from reduced thermal comfort, indirect synergistic effects also result from the concurrent air quality deterioration. So far, many studies have highlighted the association between heatwaves and high concentrations of tropospheric ozone in urban areas, all concerning the ozone budget affected by formation and destruction processes. On the other hand, the association between particulate matter enhancements and heatwaves is less known and investigated. This paper provides the detection and the analysis of this kind of events occurred in Bologna (Italy) in the period January–November 2023. The investigation points out the identification of 7 events, corresponding to the 25% of days investigated (85 out of 334). A multidisciplinary approach, including combined analysis of meteorological, physical and chemical datasets, as well as satellite and ground based remote sensing data, is used in this work to characterize a case study identified in the period from 11th to 20th July 2023. The analysis highlights the role of the African anticyclone as responsible of the blocking pattern causing both the heatwave and the dust advection towards the study site, as evidenced by the analysis of measurements of PM10 concentrations and of the aerosol particle size distribution. Given the significant public health implications of concurrent heatwaves and particulate matter enhancements, improved understanding is critical to inform mitigation strategies, thereby reducing related morbidity and mortality."
10.1016/j.atmosenv.2026.122257,True,Atmospheric Environment,该论文研究了热带城市大气中汞的沉积，涉及空气质量和大气组成分析，与大气环境遥感技术密切相关。,"['mercury', 'atmospheric deposition', 'urban megacity']",Ly Sy Phu Nguyen;Le Quoc Hau;Nguyen Thi Thuy;To Thi Hien,"Multi-year assessment of atmospheric mercury deposition in a tropical urban megacity: Flux variability, driving factors, and washout processes","•First multi-year Hg deposition study from a tropical megacity in Southeast Asia. •Hg flux observed in HCMC (27.6 μg m−2yr−1), among the highest in urban sites. •Over 78% of Hg flux linked to south–southwest air masses under monsoon flow. •Event-based results highlight washout processes and in-cloud scavenging roles. 
 Atmospheric deposition is a critical process in the global mercury (Hg) cycle, particularly in tropical regions with intense precipitation. However, observational data of Hg deposition remains scarce, particularly across the tropical Southeast Asia region. This study presents two years of wet deposition measurements in Ho Chi Minh City (HCMC), a tropical urban megacity in southern Vietnam. THg concentration ranged from 1.87 to 47.1 ng L−1, with the volume-weighted mean (VWM) THg concentration of 14.5 ng L−1. The annual Hg deposition flux was estimated to be 27.6 μg m−2 yr−1, indicating substantial atmospheric Hg input to HCMC. Seasonal variations were evident, with significantly higher THg concentrations observed during the dry season (December-April). In contrast, deposition fluxes peaked during the rainy season (May-November), driven by enhanced precipitation amount despite lower concentrations. Approximately 78.3% of Hg deposition in HCMC was attributed to south-southwest transport pathways associated with the East Asian monsoon, as indicated potential source contribution function. Principal component analysis revealed that Hg originates from multiple sources, dominated by anthropogenic combustion and influenced by meteorological conditions. A marked decline in THg concentrations within the first 5-10 min of precipitation indicated the importance of below-cloud scavenging. This phase was typically followed by a relatively stable THg concentration period, during which differences among events suggested variation in cloud scavenging efficiencies. The estimated precipitation depth required for full washout efficiency was 6-7 mm. Our study provides critical insights for supporting the development of Hg emission mitigation strategies in rapidly urbanizing tropical urban environments."
None,True,Atmospheric Research,该论文研究了基于U-Net的空间协同校正技术，用于改进中国中部地区的夏季降水预报。虽然主要关注降水预报，但该方法与大气环境遥感技术相关，因为降水是大气成分的重要部分，且遥感技术在降水监测和空气质量预报中扮演重要角色。,"['U-Net', 'spatial correction', 'precipitation forecasts', 'atmospheric remote sensing', 'air quality monitoring']",Guangxin He;Wei Wu;Zhigang Zhang;Zhanshan Ma;Juanzhen Sun;Haonan Chen;Jingjia Luo,U-Net-based spatial synergistic correction of gridded summer precipitation forecasts for CMA-MESO in Central China,
None,True,Atmospheric Research,该论文研究了东北中国冷涡的结构和能量转换，特别是受干侵入影响的不同强降水分布类型。虽然不直接提及遥感技术，但研究大气现象（如冷涡和降水）与遥感观测大气成分和空气质量密切相关，因此属于大气环境遥感技术的范畴。,"['cold vortices', 'heavy rainfall', 'dry intrusion']",Yining Shen;Lijuan Wang;Zhaoyong Guan;Weijie Zeng;Xiaowen Zhao,Structure and energy conversion of Northeast China cold vortices with different distribution types of heavy rainfall influenced by dry intrusion,
None,True,Atmospheric Research,该论文研究了地表放射性对大气电性的影响，特别是在稳定边界层条件下的情况。这与大气环境遥感技术中的大气电性监测、边界层分析以及放射性物质在大气中的传播和影响相关，因此与大气环境遥感技术有较强的关联性。,"['atmospheric electricity', 'stable boundary layer', 'radioactivity']",K.A. Nicoll;O. O'Neill;C. Miller;J. Paatero;T. Ulich,Surface radioactivity influences on atmospheric electricity during stable boundary layer conditions,
None,True,Atmospheric Research,该论文与大气环境遥感技术有强相关性，因为它涉及使用ICON模型进行对流风暴的预报，而ICON模型是一种高分辨率数值天气预报模型，常用于大气成分分析和空气质量监测。,"['convective storm', 'ICON', 'hectometric-scale ensembles']",Matteo Siena;Thomas Gastaldo;Chiara Marsigli;Paolo Ruggieri;Silvana Di Sabatino,Improving forecast skill of a convective storm using ICON hectometric-scale ensembles,
None,True,Atmospheric Research,该论文利用卫星技术评估来自伊朗东部的沙尘暴，并关注其对跨区域的影响，这与大气环境遥感技术中的空气质量监测和大气成分分析密切相关。,"['satellite-based', 'dust storms', 'Eastern Iran', 'transboundary impacts']",Ali Darvishi Boloorani;Masoud Soleimani;Nastaran Nasiri;Fatemeh Amiri;Najmeh Neysani Samany;Ali Al-Hemoud;Iraj Gholami;Kan Huang,Satellite-based assessment of dust storms originating from Eastern Iran with measurable transboundary impacts,
None,False,Atmospheric Research,该论文研究的是土壤湿度对夏季中国北方亚季节性降水预报的影响，使用了CWRF模型。虽然涉及大气科学和降水预测，但主要关注点不是大气环境遥感技术，如空气质量监测、卫星观测、大气成分分析或气溶胶反演等，因此与所要求的主题相关性不高。,[],Chenyi Zhang;Minghao Wang;Yong Luo;Qingquan Li;Lili Dong;Kailu Yu,Effects of soil moisture on subseasonal precipitation forecasts in North China during summer: A study using CWRF model,
None,True,Atmospheric Research,该论文研究了中国大气氮沉降的长期变化，重点关注了特定行业的沉积效率，这与大气环境遥感技术中的空气质量监测和大气成分分析密切相关。,"['atmospheric nitrogen deposition', 'sector-specific deposition efficiency', 'China']",Shangyi Wang;Yiheng Wang;Guochao Chen;Yuhao Wang;Zimeng Wang;Chenliang Tao;Hongliang Zhang,Sector-specific deposition efficiency shapes long-term changes in atmospheric nitrogen deposition in China,
None,True,Atmospheric Research,该研究关注闪电发生区域的垂直反射率特征，涉及大气环境中的电离层和粒子分布，与大气环境遥感技术（如大气成分分析和电离层监测）相关。,"['vertical reflectivity', 'lightning', 'atmospheric', 'Guangzhou']",Fei Wang;Wen Yao;Yang Zhang;Dong Zheng,"Characteristics of vertical reflectivity cores at lightning initiation regions over Guangzhou, China",
None,True,Atmospheric Research,该论文研究北京北部山前地区的冬季山地-平原风循环结构，涉及行星边界层方案模拟的不确定性，这与大气环境遥感技术（如大气成分分析、风场监测）密切相关，因此相关性强。,"['planetary boundary layer', 'wind circulation', 'atmospheric modeling']",Lei Zhang;Jinyuan Xin;Yongjing Ma;Xinbing Ren;Kecheng Peng;Luoqi Yang,Winter mountain-plain wind circulation structures at a Northern Beijing piedmont site: Characteristics and simulation uncertainties associated with planetary boundary layer schemes,
None,False,Atmospheric Research,该论文研究的是中太平洋年代际振荡和北大西洋海表温度对华中九月降水的影响，主要涉及气候学和气象学中的海洋-大气相互作用，而非大气环境遥感技术，如空气质量监测、卫星观测或气溶胶反演等。,"['Pacific Decadal Oscillation', 'North Atlantic Sea surface temperatures', 'September precipitation']",Yuanyuan Zhou;Jianqi Sun;Mengqi Zhang;Yixi Liu,Interdecadal changes of September precipitation over Central China: The synergistic effect of Pacific Decadal Oscillation and North Atlantic Sea surface temperatures,
None,False,Atmospheric Research,该论文主要关注的是Patagonia地区月度网格化降水产品的时空性能，这与大气环境遥感技术（如空气质量监测、卫星观测、大气成分分析、气溶胶反演等）没有直接关联。尽管降水数据在大气研究中有一定意义，但论文的核心内容并未涉及遥感技术或其应用。,"['precipitation', 'Patagonia', 'monthly gridded products']",Santino Adduca;Santiago I. Hurtado;Natalia L. Pessacg;Leandro B. Díaz;Lorenzo Ricetti;Martín Jacques-Coper,Spatio-temporal performance of monthly gridded precipitation products in Patagonia,
None,True,Atmospheric Research,该论文研究了中国东南沿海锋面和暖区暴雨的微物理机制，涉及雨滴大小分布，这与大气环境遥感技术中的大气成分分析和降水监测密切相关，因此相关性强。,"['raindrop size distribution', 'frontal', 'warm-sector', 'heavy rainfall', 'Coastal Southeast China']",Mingrui Guo;Wen Lin;Jingjing Lv;Chenglong Gong;Qing Duan;Jingxi Sun;Pengcheng Lin;Chunsong Lu;Yiqi Chen,Distinct raindrop size distribution microphysical mechanisms of frontal and warm-sector heavy rainfall in Coastal Southeast China,
None,True,Atmospheric Research,该论文研究了南极Belgrano II站的平流层臭氧长期变化的主要驱动因素，这属于大气环境遥感技术领域，特别是大气成分分析和空气质量监测。,"['tropospheric ozone', 'atmospheric composition', 'Belgrano II station', 'Antarctica', 'air quality monitoring']",J.A. Adame;M. Navarro-Comas;H. Ochoa;C. Prados-Roman;M. Yela,"Synoptic-scale drivers of long-term tropospheric ozone variability at Belgrano II station, Antarctica",
None,True,Atmospheric Research,该论文研究了中国南部夏季气温异常的 主要次季节性模态及其对应的可预测信号，这与大气环境遥感技术密切相关，特别是与大气成分分析和空气质量监测相关。,"['air temperature anomalies', 'Southern China', 'atmospheric composition analysis']",Zikang Jia;Zhihai Zheng;Guolin Feng,The main intraseasonal modes of summer air temperature anomalies in Southern China and their corresponding predictable signals,
None,True,Atmospheric Research,该论文研究中央欧洲地区风力涡轮机相关的季节性闪电现象，涉及大气现象的观测和分析，与大气环境遥感技术（如闪电监测、大气现象分析）相关。,"['lightning', 'wind turbine', 'Central Europe']",M. Kákona;R. Duspara;Z. Sokol;J. Popová;J. Chum;J. Šlegl;M. Sommer;M. Lužová;R. Dvořák;V. Hanousek;J. Kákona;A. Kostinsky;I. Ambrožová;O. Ploc,Seasonal wind turbine-associated lightning in Central Europe,
None,False,Atmospheric Research,该论文研究的是北印度洋热带风暴活动对东亚和西太平洋环流异常的影响，主要涉及气象学中的环流异常和风暴活动，与大气环境遥感技术（如空气质量监测、卫星观测、大气成分分析、气溶胶反演等）关系不大。,[],Hua Chen;Xueying Meng;Boqing Wang;Tianhao Chen,Circulation anomalies over East Asia and the Western Pacific induced by tropical storm activity in the North Indian Ocean: Observational analysis,
None,True,Atmospheric Research,该论文研究了由空间双频降水雷达揭示的各种极端降水类型的全球独特微物理特征，涉及大气成分分析和卫星观测技术，与大气环境遥感技术密切相关。,"['dual-frequency precipitation radar', 'extreme precipitation', 'spaceborne', 'atmospheric microphysical characteristics']",Yanghua Liu;Zinian Wang;Xiang Ni,Global distinct microphysical characteristics of various extreme precipitation types revealed by the spaceborne dual-frequency precipitation radar,
None,True,Atmospheric Research,该论文研究的是中亚地区云水路径的时空特征和长期趋势，云水路径是大气环境遥感技术中的一个重要参数，用于分析大气成分和空气质量，因此与大气环境遥感技术密切相关。,"['cloud water path', 'Central Asia', 'atmospheric environmental remote sensing']",Zepeng Tong;Ping Chen;Yong Zeng;Ali Mamtimin;Zhanshan Ma;Zhigang Zhang,The temporal and spatial characteristics and long-term trends of cloud water path in Central Asia,
None,False,Atmospheric Research,该论文研究的是巴西马拉尼昂州雨季干旱期的时空变化，主要关注气候和气象现象，而非大气环境遥感技术，如空气质量监测、卫星观测或大气成分分析。,[],Wellington Cruz Corrêa;Andreza Maciel de Sousa;João Valério de Souza Neto;Andressa Carvalho de Sousa;Edvaldo Sagrilo;José Oscar Lustosa de Oliveira Júnior;José Francisco de Oliveira-Júnior;Nítalo Andre Farias Machado,"Spatiotemporal variability of dry spells during the rainy season in Maranhão state, Brazil",
None,True,Atmospheric Research,该论文使用深度学习技术对海面风场进行偏差校正，这属于大气环境遥感技术中的气象观测领域，与卫星观测和大气成分分析有一定关联，但主要聚焦于风场数据。,"['sea surface wind field', 'bias correction', 'deep learning']",Chen Zhang;Shuqin Liang;Jianxin Wang;Bo Liu;Yahui Liu;Tao Song;Yuhang Zhu,WindFormer: Spatio-temporal deep learning for refined sea surface wind field bias correction,
None,True,Atmospheric Research,该论文标题和摘要明确涉及微波卫星观测和微米级水滴吸收，这与大气环境遥感技术（如卫星观测和大气成分分析）密切相关。,"['microwave satellite observation', 'water droplet absorption', 'atmospheric remote sensing']",Yuxuan Feng;Jieying He;Gang Ma;Zongru Yang;Chao Zhang,The impact of minute water droplet absorption on microwave satellite observation simulation,
None,True,Atmospheric Research,该研究涉及使用人工智能模型对卫星降水数据进行偏差校正和区域化，这属于大气环境远程 sensing 技术的范畴，特别是与卫星观测和大气成分分析相关。,"['satellite precipitation', 'bias correction', 'regionalization']",Moein Tosan;Vahid Nourani;Vijay P. Singh;Ozgur Kisi;Jan Franklin Adamowski;Yongqiang Zhang;Mohammad Reza Alizadeh,Synoptic-aware explainable artificial intelligence (SA-XAI) model for bias correction and regionalization of satellite precipitation over complex terrain,
None,True,Atmospheric Research,该论文的标题和摘要明确涉及卫星遥感技术，具体是关于全球小时和每日降水估算的不确定性下降，这与大气环境遥感技术（如卫星观测、大气成分分析）密切相关，属于该领域的研究范畴。,"['satellite-based', 'global precipitation estimates', 'atmospheric remote sensing']",Pengsheng Li;Xiao-Feng Li;Jingjing Yu;Song Yang,Declining uncertainties in satellite-based global hourly and daily precipitation estimates,
None,True,Atmospheric Research,该论文研究了城市扬尘事件，这是大气环境中的一个重要问题，与空气质量监测和大气成分分析密切相关。论文使用了观测证据和逆CFD分析，这些都是大气环境遥感技术中常用的研究方法。,"['urban dust', 'wind induced resuspension', 'CFD analysis']",Jakub Linda;Miroslav Šinger;Amra Hasečić;Dávid Frnda;Jiří Pospíšil,Short duration urban dust events driven by wind induced resuspension: observational evidence from a European city and inverse CFD analysis,
None,True,Atmospheric Research,该论文研究的是干旱环境中极端降水行为的特征，虽然不直接涉及空气质量和遥感技术，但极端降水行为与大气环境密切相关，例如由气溶胶和污染物引起的降水变化，因此与大气环境遥感技术有一定关联。,"['extreme precipitation', 'arid environment', 'characterizing']",Mohammad Reza Nikoo,From stationary to non-stationary: Characterizing extreme precipitation behavior in an arid environment,
None,True,Atmospheric Research,该论文研究的是利用低层变形动力学定义东亚夏季锋面，这与大气环境遥感技术中的大气动力学和季节性气象现象监测密切相关，因此与大气环境遥感技术（如空气质量监测、卫星观测、大气成分分析）具有较强关联性。,"['East Asian summer monsoon', 'low-level deformation', 'atmospheric dynamics']",Minwoo Kim;Eun-Chul Chang;Joowan Kim;Seok-Woo Son;Hee Choon Lee;Hyun-Suk Kang,Dynamical definition of the East Asian summer monsoon front using low-level deformation,
None,True,Atmospheric Research,该论文研究了热带气旋增强西南季风带来的强降水事件，这涉及到大气环境中的降水监测和气象现象分析，与大气环境遥感技术中的气象观测和降水分析相关。,"['tropical cyclone', 'southwest monsoon', 'precipitation events']",Alwin Andriel L. Bathan;Lyndon Mark P. Olaguera;Faye Abigail T. Cruz;Jose Ramon T. Villarin;John A. Manalo;Jun Matsumoto,Synoptic conditions favoring tropical cyclone-enhanced southwest monsoon high precipitation events in the Philippines,
None,True,Atmospheric Research,该论文研究了硝酸盐光解对东南沿海地区夏季白天环境中亚硝酸氢根（HONO）生成的影响，涉及大气成分分析和污染物来源，与大气环境遥感技术中的空气质量监测和成分分析密切相关。,"['nitrate', 'HONO', 'atmospheric composition']",Ziying Chen;Feng Zhang;Lingling Xu;Ziyi Lin;Xiuwen Yong;Yuping Chen;Gaojie Chen;Xiaoting Ji;Xiaolong Fan;Lingjian Wang;Mengren Li;Jinsheng Chen,Nitrate photolysis as major summer daytime sources of ambient HONO in Southeastern Coastal China,
None,True,Atmospheric Research,该论文研究台风Muifa的眼壁在增强和减弱过程中的微物理演变，这与大气环境遥感技术中的卫星观测和大气成分分析密切相关，因此具有相关性。,"['Typhoon Muifa', 'eyewall', 'atmospheric evolution']",Dongdong Wang;Sheng Chen;Haiyang Zhang;Wenjuan Li;Xiaoping Tu;Xiaolin Lan;Haohao Xu,Microphysical evolution of the eyewall during intensification and weakening of Typhoon Muifa (2022),
None,True,Atmospheric Research,该论文与大气环境遥感技术相关，因为它研究了半干旱城市中的降水化学成分，特别是酸度及其驱动因素。虽然未明确提及遥感技术，但降水化学成分的分析通常需要大气监测和遥感手段，例如通过卫星或地面观测站获取数据。,"['precipitation chemistry', 'semi-arid', 'acidity']",Dongqi Chen;Bing Sun;Haijun Zhou;Wenjing Sun;Huifang Ren;Ying Sun;Xiaoqin Zhao;Xiaotao Fu;Zhonghua Li,Precipitation chemistry in a semi-arid city: Insights from the driving factors of acidity,
None,True,Atmospheric Research,该论文研究了波河平原的强冰雹事件，使用了观测数据和WRF模型，虽然不直接涉及空气质量监测或卫星遥感，但与大气环境研究相关，特别是对极端天气事件的分析。,"['hail event', 'Po Valley', 'WRF model']",Antonio Ricchi;Olivia Vashti Ayim;Pier Paolo Alberoni;Rossella Ferretti,Analysis of an intense hail event in the Po Valley using observation and WRF model,
None,True,Atmospheric Research,该论文研究了青藏高原城市站点的有机气溶胶的季节性差异、分子驱动因素和光吸收特性，这与大气环境遥感技术中的气溶胶检索和空气质量监测密切相关。,"['organic aerosols', 'Tibetan Plateau', 'light absorption properties']",Lijuan Qi;Yanhui Ha;Xiaotong Wang;Junchao Zhao;YanLin Zhang;Huan Liu;Rong Chen,Distinct seasonality of organic aerosols at a high-altitude Tibetan Plateau urban site: Molecular drivers and light absorption properties,
None,True,Atmospheric Research,该论文研究了墨西哥北部半岛的海 breeze 动力学对均匀和局部海表温度异常的敏感性，这与大气环境遥感技术中的大气动力学和海表温度监测密切相关。,"['sea breeze', 'SST anomalies', 'atmospheric dynamics']",E. Salcedo;J.C. Cajas;C. Treviño;I. Mariño-Tapia;L. Martínez-Suástegui,Sensitivity of sea breeze dynamics to uniform and localized SST anomalies over the Northern Yucatán Peninsula,
None,True,Atmospheric Research,该论文研究了使用WRF模型和尺度感知积云方案对东亚夏季降雨预报的影响，涉及大气模型的分辨率和降水预报技术，与大气环境遥感技术中的空气质量监测和大气成分分析有一定相关性，但更侧重于气象学和气候学领域。,"['WRF', 'scale-aware cumulus schemes', 'summer rainfall forecast']",Weiguang Liu;Xin Li;Hao Miao;Shiwei Sun;Wenru Shi;Kefeng Zhu,Sensitivity of summer rainfall forecast over eastern China to horizontal resolutions: A study using scale-aware cumulus schemes in WRF,
None,False,Atmospheric Research,该论文的研究主题是热带南大西洋对热带北大西洋海表面温度的调制作用，以及其对西太平洋热带气旋生成的关系，这与大气环境遥感技术（如空气质量监测、卫星观测、大气成分分析、气溶胶反演）关系不大，因此不相关。,[],Lingling Zhang;Jinjie Song;Philip J. Klotzbach;Qingyuan Liu,Tropical South Atlantic modulation of the tropical North Atlantic sea surface temperature – western North Pacific tropical cyclone genesis relationship,
None,True,Atmospheric Research,该论文研究了华北地区层积云降水事件中的 riming 和 melting 过程的微物理特性，这与大气环境遥感技术密切相关，特别是云和降水过程的分析，属于大气成分分析和卫星观测的范畴。,"['stratocumulus cloud', 'riming', 'melting processes', 'North China', 'precipitation event']",Zhuoxuan Shen;Xiaoli Liu;Yan Li;Jingyuan Xiong;Kerui Min;Hengjia Cai;Nan Wang,Distinct microphysical characteristics of riming and melting processes in a stratocumulus cloud precipitation event over North China,
None,True,Atmospheric Research,该论文研究了使用雷达技术对印度核心季风区强降雨事件进行分类，涉及垂直结构和时间演变，这与大气环境遥感技术（如气象雷达观测、降水监测）密切相关，因此是相关的。,"['radar', 'rain-type classification', 'heavy-rain', 'Indian Core Monsoon Zone', 'atmospheric structure']",Harshad S. Hanmante;Sachin M. Deshpande;Subrata Kumar Das;Medha Deshpande,Radar-derived rain-type classification for heavy-rain episodes over the Indian Core Monsoon Zone: Insights into vertical structure and temporal evolution,
None,False,Atmospheric Research,该论文研究的是北大西洋冷水异常对南亚高压中心长期东移的影响，主要涉及气候和气象学领域，而非大气环境遥感技术，如空气质量监测、卫星观测或大气成分分析。,"['cold SST anomaly', 'South Asian High', 'atmospheric shift']",Ran Duan;Kai Qie;Tao Wang;Jiakang Duan;Mingzhen Gu;Jiali Luo,North Atlantic cold SST anomaly contributes to the long-term eastward shift of the South Asian High center,
None,True,Atmospheric Research,该论文研究亚洲季风前体对西太平洋台风活动的影响，涉及大气环境监测和台风活动分析，与大气环境遥感技术（如卫星观测和大气成分分析）密切相关。,"['Asian-jet', 'western North Pacific typhoon', 'observability']",Zi-Liang Li;Xiao-Ran Wu,Pathway-dependent observability of a spring Asian-jet precursor for western North Pacific typhoon activity,
None,True,Atmospheric Research,该论文研究的是长江三角洲过去十年PM2.5污染事件与主导天气模式的关系，涉及空气质量和大气组成分析，因此与大气环境遥感技术密切相关。,"['PM2.5', 'synoptic weather patterns', 'Yangtze River Delta']",Zhongrui Xie;Lili Shi;Xianman Ye;Qifan Shuai;Yaofu Zhu;Xiyao Chen;Ben Ye;Liang Xu;Min Gao;Shupeng Zhu;Shoujuan Shu;Renguang Wu;Weijun Li,Evolution of dominant synoptic weather patterns associated with PM<sub>2.5</sub> pollution events in the Yangtze River Delta over the past decade,
None,True,Atmospheric Research,该论文研究了利用耦合三维变分同化和深度学习代理框架进行中国近实时二氧化硫排放反演的技术，这与大气环境遥感技术（如空气质量监测和大气成分分析）密切相关。,"['SO₂', 'emission', 'variational assimilation', 'deep learning']",Hancheng Ye;Zengliang Zang;Yiwen Hu;Ning Liu,Near-real-time inversion of SO₂ emission via coupled three-dimensional variational assimilation and deep learning surrogate framework over China,
None,True,Atmospheric Research,该论文研究堪察加半岛的下游环流异常，以及这些异常对东亚（尤其是中国东部）极端寒冷事件的影响。这涉及到大气环流和区域气候模式，与大气环境遥感技术中的空气质量和气候监测相关，因此具有相关性。,"['atmospheric circulation', 'Kamchatka Peninsula', 'Eastern China']",Wencai Liu;Ning Shi;Huijun Wang,Contrasting downstream Kamchatka Peninsula circulation anomalies during extreme cold events over Eastern China and the upstream influence of these anomalies,
None,True,Atmospheric Research,该论文研究气溶胶到云凝结核（CCN）的活化过程，涉及气溶胶的大小和组成效应，使用来自印度西高止山脉高海拔站点的长期数据集。这与大气环境遥感技术密切相关，特别是空气质量监测和大气成分分析。,"['Aerosol', 'CCN', 'size', 'composition', 'atmospheric remote sensing']",Sachin S. Patil;Subrata Mukherjee;V. Anil Kumar;P.P. Leena;Vinayak Waghamare;M.Y. Aslam;V.S. Arun;Lalit Chaudhari;Ajit Waware;Sunil M. Sonbawne;G. Pandithurai;B. Padma Kumari,"Decoding Aerosol-to-CCN activation: Insights into size and composition effects using a long-term dataset from a high-altitude site in the Western Ghats, India",
None,True,Atmospheric Research,该论文研究了青藏高原夏季水分的年际变化机制，从拉格朗日路径的角度进行了分析，这与大气环境遥感技术中的大气组成分析和空气质量监测密切相关，因此具有相关性。,"['Tibetan Plateau', 'moisture', 'Lagrangian pathways']",Hongwen Liu;Wenshou Tian;Hao Wu;Li He;Hua Qin;Hongying Tian;Tao Wang,A mechanism of interannual variations in summer moisture over the Tibetan Plateau from the perspective of Lagrangian pathways,
None,True,Atmospheric Research,该研究探讨了东亚洲季风区热带夜间主导的环流模式，这与大气环境遥感技术中的空气质量监测和大气成分分析密切相关，因为环流模式直接影响污染物扩散和空气质量分布。,"['tropical night', 'East Asian monsoon', 'atmospheric circulation', 'air quality monitoring']",Ruidan Chen;Wenting Lin;Siao Tang;Lan Wei,Dominant circulation patterns influencing the tropical night in the East Asian monsoon region,
None,False,Atmospheric Research,该论文研究雨滴碰撞的结果，涉及的是气象学中的液态水过程，与大气环境遥感技术（如空气质量监测、卫星观测、大气成分分析、气溶胶反演等）没有直接关系。,"['raindrop collision', 'field observations', 'T09 theoretical regime diagram']",Kalimur Rahman;Firat Y. Testik,Raindrop collision outcomes: Field observations and validation of the T09 theoretical regime diagram,
None,True,Atmospheric Research,该论文研究了乌兰巴托市可溶性棕碳的光学特性及其季节变化，并探讨了住宅固体燃料燃烧的影响。这与大气环境遥感技术密切相关，因为棕碳是一种重要的大气污染物，其光学特性可以通过卫星观测和空气质量监测技术进行分析，有助于理解和改善空气质量。,"['brown carbon', 'optical properties', 'residential solid-fuel combustion', 'Ulaanbaatar', 'atmospheric composition']",Hyeyeon Lee;Sumin Ok;Tsatsral Batmunkh;Jinsang Jung,"Seasonal variability and residential solid-fuel combustion influence on the optical properties of water-soluble brown carbon in Ulaanbaatar, Mongolia",
None,True,Atmospheric Research,该论文研究的是印度洋偶极子对黎凡特地区冬季持续干旱的影响，涉及大气环境变化和遥感技术，与大气环境遥感技术（如大气成分分析、干旱监测）密切相关。,"['Indian Ocean dipole', 'atmospheric variability', 'dry spells', 'Levant', 'remote sensing']",Sigalit Berkovic;Victor Murphy;Assaf Hochman,Unraveling the variability of winter persistent dry spells in the levant via the Indian Ocean dipole,
None,False,Atmospheric Research,该论文主要研究帕米尔高原复杂地形中降水随海拔的变化特征和机制，虽然涉及大气现象，但并未直接关联大气环境遥感技术，如空气质量监测、卫星观测、大气成分分析或气溶胶反演等。,"['precipitation', 'Eastern Pamir Plateau', 'terrain']",Mengying Yao;Junqiang Yao;Weiyi Mao;Jing Chen;Jiangang Li,Elevation-dependent precipitation in the complex Terrain of Eastern Pamir Plateau: Characteristics and mechanisms,
None,False,Atmospheric Research,该论文主要关注干旱热事件对全球河流流域的影响，虽然涉及大气环境（如干旱和热事件），但并未明确涉及遥感技术、空气质量监测、卫星观测或大气成分分析等具体技术领域。,"['drought', 'heat events', 'river basins']",Xin Feng;Weizhi Gao;Zhaoli Wang;Xushu Wu;Yuxiang Zhao;Jiajin Feng;Josep Peñuelas;Jordi Sardans,Quantifying drivers and compound effects of multivariate drought heat events in global river basins,
None,True,Atmospheric Research,该论文研究了西北地区背景区域的垂直气溶胶剖面和区域传输的影响，使用了地面激光雷达技术，这与大气环境遥感技术（如空气质量监测、大气成分分析）密切相关，因此高度相关。,"['vertical aerosol profiles', 'ground-based lidar', 'regional transport']",Kai Cheng;Xia Li;Yaqiong Kuang;Yuting Zhong;Haiyang Cai;Shuting Li,Vertical aerosol profiles and the impact of regional transport in a background region of Northwest China: Insights from ground-based lidar,
None,True,Atmospheric Research,该论文研究拉普拉塔盆地雷暴的短期可预测性，涉及大气现象和区域分析，与大气环境遥感技术（如雷暴监测、大气成分分析）有一定关联，但主要关注点在气象学而非遥感技术本身。,"['thunderstorms', 'La Plata Basin', 'atmospheric predictability']",Gabriel Elias Mandanda;Maria Assunção Faus da Silva Dias;Marlon Sproesser Mathias,Short-term predictability of thunderstorms in the La Plata Basin,
None,True,Atmospheric Research,该论文研究沙特阿拉伯雷暴环境的变化频率、变异性及其驱动因素，虽然未明确提及遥感技术，但雷暴与环境监测密切相关，属于大气环境研究领域，因此与大气环境遥感技术有一定关联。,"['thunderstorms', 'atmospheric variability', 'Saudi Arabia']",Moutassem El Rafei;Andrew Dowdy;Mazen E. Assiri;Md. Arfan Ali;Muhammad Haroon Siddiqui;Sajjad Saeed;Saeed Ahmad Alghamdi;Shamsuddin Shahid,"Changing thunderstorms environments in Saudi Arabia: Frequency, variability and drivers of change",
None,True,Atmospheric Research,该论文研究的是印度恒河和亚穆纳河流域极端降雨事件在近几十年的时空连接和同步变化，这与大气环境遥感技术中的大气成分分析和事件监测密切相关，因此具有相关性。,"['extreme rainfall', 'river basins', 'atmospheric events']",Ripunjay Pandey;Pragati Prajapati;Ashish Kumar Meena;Akshay Singhal;Sanjeev Kumar Jha;Kundan Kandhway,Changes in the spatial connection and synchronization of extreme rainfall events in recent decades over the Ganga and Yamuna River Basins of India,
None,True,Atmospheric Research,该论文研究了气溶胶散射的辐射效应对臭氧垂直结构的影响，涉及大气成分分析和空气质量的监测，因此与大气环境遥感技术密切相关。,"['aerosol scattering', 'radiative effect', 'ozone vertical structure', 'Pearl River Delta', 'China']",Boru Mai;Xuejiao Deng;Ying Li;Tao Deng;Tushi Yang;Haoxiang Xu;Xia Liu;Tingyuan Li;Naixiu Sun;Jun Zhou;Qibin Sun;Guowen He;Jieyi Li,The aerosol scattering radiative effect significantly impacts the ozone vertical structure: A case study in the Pearl River Delta region of China,
None,True,Atmospheric Research,该论文研究了非洲地区的复合气候极端事件及其时空变化和相关的大气环流，这与大气环境遥感技术（如大气成分分析、空气质量和卫星观测）密切相关。,"['climate extremes', 'atmospheric circulations', 'spatiotemporal variability']",Mhenzi Fredy;Huixin Li;Jiani Zeng;Anqin Tan;King’uza Henry;Mtupili Msafiri;Semgomba Daniel;Madundo Albert;Bakar Mohammed,Compound climate extremes in Africa: Spatiotemporal variability and associated atmospheric circulations,
None,True,Atmospheric Research,该论文研究的是东亚夏季降水模拟，涉及大气模拟方案，与大气环境遥感技术中的大气成分分析和降水监测有一定关联，但核心更偏向气候模型和气象学，而非直接的遥感技术。,"['East Asian summer precipitation', 'Arakawa–Schubert convection scheme', 'atmospheric simulation']",Shu Gui;Ruowen Yang;Lei Cai;Yali Yang;Ying Ming;Yu Lian;Meng Li;Kexu Zhu;Hao Zeng,Enhanced simulation of East Asian summer precipitation with a revised simplified Arakawa–Schubert convection scheme,
None,True,Atmospheric Research,该论文研究的是比利牛斯山脉地区冬季雨雪事件的频率变化，这属于大气环境变化的研究范畴，与大气环境遥感技术中的气象观测和事件监测相关。,"['Pyrenees', 'rain-on-snow', 'atmospheric events']",Josep Bonsoms,Toward more frequent winter rain-on-snow events in the Pyrenees,
None,True,Atmospheric Research,该论文研究的是北大西洋和北太平洋上层海洋热含量的变化及其对欧亚冬季变暖的影响，涉及气候和环境科学领域，与大气环境遥感技术中的海洋热含量监测和气候变化分析相关，因此属于强相关领域。,"['upper ocean heat content', 'Eurasian winter warming', 'North Atlantic', 'North Pacific']",Jianghan Zhao;Bingyi Wu,Synchronized subpolar North Atlantic and North Pacific upper ocean heat content transition has driven Eurasian winter warming since 2013,
None,True,Atmospheric Research,该论文研究了北美夏季气溶胶的时空分布及其对云宏观物理性质的影响，这与大气环境遥感技术（如空气质量监测、卫星观测、大气成分分析、气溶胶反演）密切相关，因此高度相关。,"['Aerosol', 'Cloud macrophysical properties', 'North America']",Cheng-Hsiang Chang;W. Patrick Arnott;Xiyue Zhang,Aerosol spatiotemporal patterns and their impacts on cloud macrophysical properties during summer in North America,
None,True,Atmospheric Research,该论文研究西北中国夏季降水日变化的相位分类及其与地形的关系，涉及大气成分和降水监测，与大气环境遥感技术（如卫星观测和大气组成分析）密切相关。,"['precipitation', 'diurnal cycle', 'topography']",Zixing Kang;Ya Huang;Yanping Li;Dingjia Ye;Guiping Li,Phase-based classification of the diurnal cycle of summer precipitation over Northwest China and its coupling with topography,
None,True,Atmospheric Research,该论文研究了勒瓦德西高斯地区的近地面大气层动力学，使用了SODAR（声雷达）观测技术，这与大气环境遥感技术（如空气质量监测和大气成分分析）密切相关。,"['atmospheric boundary layer', 'SODAR observations', 'Leeward Western Ghats']",Rani P. Pawar;Dada P. Nade;Omkar M. Patil;Ravi T. Waghmare;Thiyagesan Dharmaraj;Sambhaji M. Pawar;Hamza Varikoden;Sachin S. Panhalkar,Initial results on atmospheric boundary layer dynamics over the Leeward Western Ghats from SODAR observations at Atigre,
None,True,Atmospheric Research,该论文使用GPM DPR观测数据研究天山地区的降雪云的微物理特性，涉及卫星观测和大气成分分析，与大气环境遥感技术（如卫星观测和大气成分分析）密切相关。,"['GPM DPR', 'snowfall clouds', 'Tianshan mountains']",Jiangeng Wang;Ziyan Luo;Li Guan;Chang He;Hanyu Hu;Chao Lv;Xingyu Yang;Hanshan Bao,Microphysical characteristics of snowfall clouds over the Tianshan mountains based on GPM DPR observations,
None,True,Atmospheric Research,该论文研究高海拔气溶胶的吸湿性对华北平原云微物理过程的影响，涉及气溶胶和云的相互作用，与大气环境遥感技术中的空气质量监测和大气成分分析密切相关。,"['aerosol hygroscopicity', 'cloud microphysics', 'North China Plain', 'WRF fast-SBM']",Qian Gao;Hui He;Xiang'e Liu;Yan Yang;Rong Yuan;Ping Tian;Kai Bi;Fei Wang;Jiujiang Sheng;Yongqing Wang,Impacts of high-altitude aerosol hygroscopicity on cloud microphysics in the North China Plain: A WRF fast-SBM modeling study,
None,False,Atmospheric Research,该论文研究的是ENSO与季风 teleconnections（远程连接）的多尺度诊断，涉及印度降雨和温度变异性，主要关注气候和气象学领域，而非大气环境遥感技术（如空气质量监测、卫星观测、大气成分分析或气溶胶反演）。,"['ENSO', 'monsoon', 'spectral', 'coherence', 'wavelet']",Guhan Velusamy;Dharma Raju Akasapu;Nagaratna Kopparthi;Sheshakumar Goroshi,"Multi-scale diagnostics of ENSO–monsoon teleconnections: Spectral, coherence, and wavelet insights from Indian rainfall and temperature variability",
None,True,Atmospheric Research,该论文研究了青藏高原东部云底高度的季节和日变化特征，并比较了地面激光雷达和ERA5再分析数据，这与大气环境遥感技术（如大气成分分析、激光雷达技术）密切相关。,"['cloud base height', 'ground-based lidar', 'ERA5 reanalysis']",Hongmei Ji;Jian Li;Dan Li;Hao Wu;Jian Li,Diurnal and monthly characteristics of cloud base height over the Eastern Tibetan Plateau: An intercomparison of ground-based lidar and ERA5 reanalysis,
None,False,Atmospheric Research,该论文主要研究半干旱地中海地区降雨格局和季节性变化，虽然涉及大气环境，但并未明确提及远程传感技术，如空气质量监测、卫星观测、大气成分分析或气溶胶反演等。,[],Matteo Ippolito;Paolo Nasta;Andreas Langousis;Marcella Cannarozzo;Nunzio Romano;Roberto Deidda;Dario Pumo,Rainfall regime and seasonality changes in semi-arid Mediterranean areas: Evidence from three regions of southern Italy (1922–2022),
None,True,Atmospheric Research,该论文研究了秘鲁伊卡地区极端沙尘暴入侵过程中的电气提前期现象，涉及沙尘暴（一种大气现象）和空气质量监测，与大气环境遥感技术中的空气质量和大气成分分析相关。,"['haboob', 'dust-front', 'air quality']",Rubén M. Romero;Rene Loayza;Gustavo Huaman;Dante Calderón;Yovanny Buleje;Joseph Arroyo;Miguel Tasayco;Cesar Torres;José Tacza;Sergio Szpigel;Jean-Pierre Raulin,"Electrical lead time during an extreme haboob-like dust-front intrusion in Ica, Peru",
None,False,Atmospheric Research,该论文关注的是西欧地区低对流有效位势能量区域内的强秋季和冬季龙卷风，主要涉及气象学和环境科学，但与大气环境遥感技术（如空气质量监测、卫星观测、大气成分分析、气溶胶反演等）关系不大。,[],Matthieu Lacroix;Flavio Tiago Couto;Yanni Gunnell,Intense autumn and winter tornadoes in a region of low convective available potential energy: Insights from western continental Europe (1940–2022),
None,True,Atmospheric Research,该论文研究大气湿度对喜马拉雅山脉南部锋面雷暴顶高的控制机制，涉及大气成分和现象，与大气环境遥感技术（如大气成分分析、气象观测）密切相关。,"['atmospheric moisture', 'thunderstorm', 'Southern Himalayan Front']",Xiaoteng Huang;Xueke Wu;Zihao Zhang;Yuhang Hu;Jianwei Li;Xiaotong Li;Jiankai Zhang;Yifan Cheng,Atmospheric moisture controls thunderstorm top height along the Southern Himalayan Front: A dual-regime mechanism,
None,True,Atmospheric Research,该论文研究青藏高原夏季强降水的形成机制，涉及大气环流模式，与大气环境遥感技术中的大气成分分析和降水监测密切相关，因此相关性较高。,"['Tibetan Plateau', 'heavy precipitation', 'circulation patterns']",Yu Geng;Hong-Li Ren,Distinct large-scale circulation patterns shaping summer heavy precipitation in the Tibetan Plateau,
None,True,Atmospheric Research,该论文研究了GPM IMERG降水估算在不同降雨类型（季风、对流和气旋）下的表现，涉及卫星观测技术和降水估算，与大气环境遥感技术（如卫星观测）密切相关。,"['GPM IMERG', 'precipitation estimates', 'rainfall regimes', 'Oman', 'atmospheric remote sensing']",Badriya Al Mawali;Issam Ali;Alaa Ibrahim;Sultan Al Yahyai,"Evaluation of GPM IMERG precipitation estimates across contrasting rainfall regimes in Oman: Monsoonal, convective, and cyclonic (Shaheen) events",
None,True,Atmospheric Research,该研究对比了城市和高海拔山区在雨季期间冰核颗粒的能力，这与大气环境遥感技术中的空气质量监测和大气成分分析密切相关，因为冰核颗粒是影响空气质量和云形成的重要因素。,"['ice nucleating particles', 'urban', 'high-altitude mountain', 'rainy season']",Emma Negrete-Harper;Graciela B. Raga;Rocío García;Sebastián Mendoza-Téllez;Luis A. Ladino,Contrasting ice nucleating particles abilities in urban and high-altitude mountain sites during the rainy season,
None,True,Atmospheric Research,该论文研究了华北地区春季粉尘气溶胶的趋势，使用了CMIP6历史模拟和多源观测数据，这与大气环境遥感技术（如空气质量监测、卫星观测、大气成分分析、气溶胶反演）密切相关。,"['dust aerosol', 'North China', 'CMIP6', 'observations']",Tong Sha;Haoxuan Li;Jingda Liu;Guiqian Tang;Yuesi Wang,Insights into spring dust aerosol trends over North China from CMIP6 historical simulations and multi-source observations,
None,True,Atmospheric Research,该论文的标题和摘要都与大气环境遥感技术相关，特别是关于雾气与气溶胶的相互作用以及雾气引起的大气成分变化，这与空气质量监测、卫星观测和大气成分分析等领域密切相关。,"['aerosols', 'fog interactions', 'atmospheric composition']",Jayaraju Pakki;Abhishek Chakraborty,Dense vs light fog: New insights into aerosols-fog interactions and fog driven changes,
None,True,Atmospheric Research,该论文研究了中国南部和内陆高原八个地区的雷暴细胞的特征，包括环境参数和云地闪电。虽然主题不是直接针对大气环境遥感技术，但雷暴和闪电现象与大气成分和空气质量密切相关，因此与大气环境遥感技术具有一定的相关性。,"['thunderstorm cells', 'environmental parameters', 'cloud-to-ground lightning']",Jie Deng;Fengxia Guo;Ke Chen;Qingyuan Wang;Miao He;Hanghang Fu;Yutan Chen,The characteristics of environmental parameters and cloud-to-ground lightning of thunderstorm cells in eight regions of South and Inland Plateau in China,
None,False,Atmospheric Research,该论文的标题和摘要主要关注降雨强度-历时-频率曲线的不确定性量化，使用贝叶斯框架进行分析。虽然降雨是大气环境的一部分，但该研究并未涉及大气环境遥感技术，如空气质量监测、卫星观测、大气成分分析或气溶胶反演等。因此，它与大气环境遥感技术的关系不强。,"['Bayesian framework', 'rainfall Intensity–Duration–Frequency (IDF) curves']",Bijoychandra S. Takhellambam;Puneet Srivastava;Jasmeet Lamba;Hemendra Kumar;Roberto Molinari,A Bayesian framework for uncertainty quantification of rainfall Intensity–Duration–Frequency (IDF) curves,
None,True,Atmospheric Research,该论文研究京津冀地区的PM2.5污染关联网络及其气象驱动因素，涉及大气环境污染监测和气象因素分析，与大气环境遥感技术（如空气质量监测和大气成分分析）密切相关。,"['PM2.5', 'atmospheric pollution', 'meteorological drivers']",Bin Chen;Lin Ma;Qia Ye;Qian Li;Ruiyun Huang;Xiaodan Guan;Mingxiang Hao,Characteristics of the PM<sub>2.5</sub> pollution association network and its meteorological drivers in the Beijing–Tianjin–Hebei Region: A complex network perspective,
None,True,Atmospheric Research,该论文研究青藏高原的干湿转变的空间和时间异质性及其远程连接驱动因素，这与大气环境遥感技术密切相关，例如大气成分分析和卫星观测。,"['Tibetan Plateau', 'dry–wet transitions', 'atmospheric composition']",Qiman Gong;Xingjiao Zhang;Shiqi Ao;Yuanwei Wang;Lei Wang;Xiaoyu Guo;Ting Li;Zhaoyan Xie;Sichen Lin;Lin Zhao,Spatiotemporal heterogeneity and teleconnection drivers of abrupt dry–wet transitions across the Tibetan Plateau,
None,True,Atmospheric Research,该论文的标题和摘要涉及中尺度对流系统、闪电和降雨，这些都属于大气环境研究范畴。虽然论文的重点是南部非洲的夏季天气现象，但其研究内容与大气环境遥感技术（如大气成分分析、卫星观测）有一定关联，尤其是在监测和理解大气电离层和降水分布方面。因此，该论文与大气环境遥感技术是相关的。,"['mesoscale convective systems', 'lightning', 'rainfall', 'atmospheric systems', 'southern Africa']",Ross C. Blamey;Mulalo Maphugwi;Cornelia Klein;Morne Gijben;Chris J.C. Reason,The importance of mesoscale convective systems for summer lightning and rainfall over southern Africa,
None,True,Atmospheric Research,该论文研究了关中平原城市群地表能量平衡的季节差异，涉及热环境分析，与大气环境遥感技术中的大气成分分析、空气质量监测等领域相关。,"['surface energy budget', 'thermal environment', 'atmospheric composition']",Shuang Wang;Shenghui Zhou;Xiao Zhao;Peijun Shi,"Driving mechanisms of seasonal differences in the regional thermal environment from the perspective of surface energy budget: A case study of the Guanzhong Plain Urban Agglomeration, China",
None,True,Atmospheric Research,该论文研究了沿海地区对流性降雨期间核态粒子的爆发与臭氧入侵的关系，涉及大气成分分析和空气质量监测，因此与大气环境遥感技术密切相关。,"['ozone', 'convective rainfall', 'atmospheric composition']",Lanxin Zhang;Yujiao Zhu;Can Cui;He Meng;Xuelian Zhong;Yanxia Li;Liubin Huang;Hengqing Shen;Likun Xue,Nucleation-mode particles burst during convective rainfall linked to ozone intrusions at a coastal site in Eastern China,
None,True,Atmospheric Research,该论文使用机器学习方法改进台湾的降雨率和动能估计，这与大气环境遥感的空气质量监测、卫星观测和大气成分分析密切相关，因为降雨率和动能是大气环境的重要参数，机器学习方法在遥感数据分析和预测中广泛应用。,"['machine learning', 'rainfall rate', 'kinetic energy']",Balaji Kumar Seela;Jayalakshmi Janapati;Pay-Liam Lin;Everette Joseph;Spandana Vadloori;Chuan-Chi Tu,Improving the rainfall rate and kinetic energy estimation in Taiwan using machine learning approaches,
None,True,Atmospheric Research,该论文研究了喜马拉雅山脉森林火灾的陆地和大气前体，涉及大气成分分析和监测，与大气环境遥感技术（如空气质量监测和卫星观测）密切相关。,"['forest fire', 'Himalayas', 'atmosphere precursors']",Kumari Aditi;Oluwafemi E. Adeyeri;Tirthankar Banerjee,Observational evidence of land and atmosphere precursors regulating forest fire in the Himalayas,
None,True,Atmospheric Research,该论文研究了西北半干旱地区典型城市中的尺寸分辨大气冰核粒子，这与大气环境遥感技术（如大气成分分析和空气质量监测）密切相关，因为冰核粒子是影响大气化学和空气质量的重要因素。,"['ice-nucleating particles', 'atmospheric ice', 'city atmosphere', 'semi-arid region']",Jiayun Li;Dantong Chen;Yiyang Gao;Zhijun Wu;Jiawei Yang;Pengfei Tian;Yuan Wang;Zirui Liu;Lei Zhang;Zhongwei Huang,Size-resolved atmospheric ice-nucleating particles in a typical city located in a semi-arid region of Northwestern China,
None,True,Atmospheric Research,该论文标题和摘要涉及夏季青藏高原西部地表臭氧增强现象的研究，这与大气环境遥感技术中的空气质量监测和大气成分分析密切相关。臭氧是一种重要的空气污染物，青藏高原的特殊地理和气候条件使其成为研究臭氧变化的重要区域。因此，该论文与大气环境遥感技术具有强相关性。,"['ozone', 'Tibetan Plateau', 'summer']",Yuting Sun;Chunhua Shi;Jian Rao;Lixin Han,What causes the summer surface ozone enhancement over the western Tibetan Plateau?,
None,True,Atmospheric Research,该论文研究了气溶胶对华南极端降雨事件中微物理过程和降水的影响，涉及气溶胶和大气成分分析，与大气环境遥感技术（如空气质量监测、卫星观测、大气成分分析）密切相关。,"['aerosol', 'microphysical processes', 'precipitation', 'South China', 'numerical study']",Hong Wang;Ming Xue;Jinfang Yin;Hua Deng,Effects of aerosol on microphysical processes and precipitation in an extreme rainfall case of South China: A numerical study,
None,True,Atmospheric Research,该研究涉及雾的微物理特性，这属于大气环境遥感技术的研究范畴，特别是大气成分分析。研究地点为城市沿海地区，与空气质量监测和大气成分分析密切相关。,"['fog microphysics', 'urban coastal site', 'atmospheric composition']",Joelle Dionne;Felicity Merrick;Baban Nagare;Cameron Power;Aldona Wiacek;Wanmin Gong;Rachel Y.-W. Chang,Characterizing two regimes of fog microphysics at an urban coastal site in Atlantic Canada,
None,True,Atmospheric Research,该论文研究黄河积石峡地区过去70年的大气沙尘活动及其多时间尺度变化和驱动因素，涉及大气成分分析和沙尘监测，与大气环境遥感技术（如空气质量监测和卫星观测）密切相关。,"['atmospheric dust', 'Yellow River', 'dust activity', 'multi-timescale', 'drivers']",Rongwu Wang;Xiaodong Liu;Wanquan Ta;Hui Sun;Yan Peng,Multi-timescale variations and drivers of atmospheric dust activity in the Yellow River Jiziwan region over the past 70 years,
None,True,Atmospheric Research,该论文与大气环境遥感技术相关，因为它涉及极端降水事件中的水分运动分析，这可以通过遥感技术进行监测和研究。,"['moisture movement', 'extreme precipitation events', 'Python-based framework']",Manish Shukla;Sree Anusha Ganapathiraju;Albenis Pérez-Alarcón;Maheswaran Rathinasamy,Hybrid Parcel Tracker (HPT) – A Python-based framework to analyse moisture movement during extreme precipitation events,
None,True,Atmospheric Research,该论文研究了西南中国双重核心西南涡的兄弟状结构，这属于大气环境遥感技术中的大气成分分析和卫星观测领域，因此与题目要求的领域相关。,"['dual-core southwest vortex', 'Southwest China', 'atmospheric structure']",Kuo Zhou;Xuezheng Shi;Haiwen Liu;Di Wu;Lei Chen,Case study of the fraternal twin-like structure of dual-core southwest vortex over Southwest China,
None,True,Atmospheric Research,该论文研究使用雨滴谱仪（disdrometer）十年数据对中纬度地区降雨间歇性的高分辨率分析。虽然主要关注降雨现象，但其涉及大气和遥感技术，与大气环境遥感技术（如空气质量监测、卫星观测、大气成分分析、气溶胶反演）有一定关联，因此认为相关。,"['disdrometer', 'rainfall intermittency', 'mid-latitude', 'atmospheric', 'remote sensing']",Ravi Shankar Pandey;Alberto Carrassi;Federico Porcù;Elisa Adirosi,High resolution analysis of rainfall intermittency at mid-latitude using disdrometer decade-long data,
None,True,Atmospheric Research,该论文标题和摘要中明确提到了“大气特征”、“全天像”和“云覆盖框架”，这些关键词都与大气环境遥感技术相关，特别是涉及大气成分分析和云监测，因此该论文与大气环境遥感技术密切相关。,"['atmospheric signatures', 'all-sky imagery', 'cloud-cover framework']",Pedro C. Valdelomar;José Luis Gómez-Amo;Pedro Díaz-Villarroya;Gonzalo Enguix;Carmen Dameto de España;M. Pilar Utrillas,"A comprehensive analysis of blue-to-red atmospheric signatures from all-sky imagery: CLARIS, an adaptive cloud-cover framework",
None,True,Atmospheric Research,该论文使用MODIS/MAIAC卫星数据评估中国的气溶胶光学厚度（AOD），并利用地面观测数据（SONET）作为参考。这与大气环境遥感技术密切相关，特别是空气质量监测和卫星观测领域。,"['MODIS', 'MAIAC', 'AOD', 'SONET', 'China']",Gerrit de Leeuw;Cheng Fan;Jiantao Dong;Li Li;Xiaoxi Yan;Zhengqiang Li;Shuai Luo;Ying Zhang,MODIS/MAIAC C6.1 AOD evaluation across China using SONET data as reference,
None,False,Atmospheric Research,该论文主要研究中国西南地区降水浓度和干旱的非线性耦合关系，与大气环境遥感技术（如空气质量监测、卫星观测、大气成分分析、气溶胶反演等）的关联性较弱。,"['precipitation concentration', 'drought', 'Southwest China']",Yinhong Kang;Tiefeng Ni;Zihua Cao;Guixiong Wu;Shuai He;Qiang Liu;Yuejing Wang,Multi-scale variability of precipitation concentration and its nonlinear coupling with drought in Southwest China,
None,True,Atmospheric Research,该论文的标题和摘要明确涉及使用卫星数据获取云参数的方法、进展和挑战，这与大气环境遥感技术密切相关，特别是卫星观测和大气成分分析领域。,"['cloud parameter retrieval', 'satellite data', 'atmospheric remote sensing']",Zhihui Li;Weihua Ai;Zhuohan Jiang;Zhonghui Tan;Fei Zhang;Zia Ahmed,"Cloud parameter retrieval based on satellite data: A review of methods, advances, and challenges",
None,True,Atmospheric Research,该论文研究雷暴闪电对低电离层的影响，涉及大气环境中的电离层现象，与大气环境遥感技术（如大气成分分析、电离层监测）相关。,"['thunderstorm lightning', 'lower ionosphere', 'atmospheric effects']",Jing Yang;Xiushu Qie;Rubin Jiang;Hongbo Zhang;Steven Cummer,"Observations and mechanisms of thunderstorm lightning effects in the lower ionosphere<a href=""https://rss.sciencedirect.com/publication/science/01698095#fn0005"" id=""cf0050"" name=""bfn0005""><sup>1</sup></a>",
None,True,Atmospheric Research,该论文与大气环境遥感技术密切相关，因为它涉及使用WRF模型进行极端降雨模拟，并探讨集成大气-化学-水文框架。这些研究直接关系到大气成分分析和空气质量监测，是遥感技术在环境科学中的应用。,"['WRF', 'extreme rainfall', 'atmosphere-chemistry-hydrology']",Saurabh Maurya;Pramod Soni,Modelling uncertainty in WRF-based extreme rainfall simulations over India: A review toward integrated atmosphere-chemistry-hydrology frameworks,
None,True,Atmospheric Research,该论文的标题和摘要明确涉及了大气环境中的挥发性有机物（VOCs）及其在喜马拉雅-青藏高原地区的观测、来源和大气过程，这与大气环境遥感技术（如空气质量监测、卫星观测、大气成分分析、气溶胶反演）密切相关，因此该论文与该领域高度相关。,"['VOCs', 'Himalayan-Tibetan Plateau', 'atmospheric processes']",Danying Shan;Xin Wan;Jing Lai;Duo Bu;Ting Zhang;Likun Xue;Kirpa Ram;Zhenhao Ling;Shuzheng Guo;Chunxiang Ye;Shuo Yang;Zhiyuan Cong,"VOCs over the Himalayan-Tibetan Plateau: A review of observations, sources, and atmospheric processes",
None,True,Atmospheric Research,该论文研究了二次有机气溶胶的光学性质，这直接与大气环境遥感技术相关，特别是空气质量和大气成分分析。二次有机气溶胶是大气污染物的重要组成部分，其光学性质对于理解其在大气中的行为和遥感监测至关重要。,"['secondary organic aerosols', 'optical properties', 'laboratory simulations']",Shudan Wei;Junling Li;Yufei Song;Yushi Gong;Maofa Ge;Hong Li;Wei Wei,Research on the optical properties of secondary organic aerosols based on laboratory simulations: progress and prospects,
10.1126/science.aek0526,False,Science,该论文标题和摘要与大气环境遥感技术无关。标题“Crick: A Mind in Motion”暗示可能涉及心理学或认知科学，而摘要未提供任何与空气质量监测、卫星观测、大气成分分析或气溶胶反演相关的关键词或内容。,[],Authors not available,Crick: A Mind in Motion,
10.1126/science.aei1519,False,Science,标题和摘要内容与大气环境遥感技术无关，其中提到的“怀疑的乐观”是一种哲学或心理学的概念，不涉及空气质量监测、卫星观测、大气成分分析或气溶胶反演等技术领域。,[],Sorin M. S. Krammer,The optimism of doubt,
10.1126/science.adq7402,False,Science,该论文研究的是Kondo效应，这是一个典型的量子现象，涉及磁性杂质中的局域电子与金属基质中迁移电子的相互作用。虽然Kondo效应是量子多体方法的测试平台，但其具体描述仍然具有挑战性。论文主要探讨如何通过从头算起的方法精确描述Kondo相关性，并提取一系列3d过渡金属的Kondo温度。这与大气环境遥感技术（如空气质量监测、卫星观测、大气成分分析、气溶胶反演等）没有直接关系。,"['Kondo effect', 'quantum many-body', 'magnetic impurity']",Tianyu Zhu;Linqing Peng;Huanchen Zhai;Zhi-Hao Cui;Runze Chi;Garnet Kin-Lic Chan,Toward an exact quantum many-body treatment of Kondo correlation in magnetic impurities,"The Kondo effect is a prototypical quantum phenomenon arising from the interaction between localized electrons in a magnetic impurity and itinerant electrons in a metallic host. Although this phenomenon has served as the testing ground for quantum many-body methods for decades, the precise description of Kondo physics with material specificity remains challenging. Here, we present a systematic ab initio approach to converge toward an exact zero-temperature electronic treatment of Kondo correlations. Across a series of 3d transition metals, we extracted Kondo temperatures matching subtle experimental trends, with accuracy exceeding that of standard models. We further obtained microscopic insight into the origin of these trends. More broadly, we demonstrate the possibility to start from fully ab initio many-body simulations and push toward the realm of converged predictions."
10.1126/science.ads5397,False,Science,该论文研究的是细胞内血红素生物合成的反馈调控机制，涉及的是生物化学和细胞生物学领域，与大气环境遥感技术（如空气质量监测、卫星观测、大气成分分析、气溶胶反演等）没有直接关联。,"['heme biosynthesis', 'CLPXP', 'POLDIP2']",Thomas Cottle;Lydia Joh;Cori Posner;Adam DeCosta;Dean R. Campagna;Mark D. Fleming;Sarah Ducamp;Julia R. Kardon,An adaptor for feedback regulation of heme biosynthesis by a mitochondrial protease,"Heme biosynthesis is tightly coordinated to support essential functions without accumulating toxic porphyrins and depleting cellular iron. Heme induces degradation of the heme biosynthetic enzyme, 5-aminolevulinate synthase (ALAS), by the mitochondrial caseinolytic protease complex CLPX-CLPP (CLPXP), but the mechanism for heme-triggered degradation had not been elucidated. We found that polymerase delta-interacting protein 2 (POLDIP2) is a heme-sensing adaptor protein sufficient to reconstitute negative feedback degradation of ALAS by CLPXP. POLDIP2 was necessary to support ALAS turnover in cells and regulate heme production during erythropoiesis. POLDIP2 directly recognized and recruited heme-bound ALAS to CLPXP. Degradation initiation required a carboxyl-terminal element of ALAS, truncations of which cause an erythropoietic protoporphyria. Our findings establish a mechanism for conditional degradation by CLPXP that underlies erythropoietic protoporphyrias linked to CLPX and ALAS."
10.1126/science.ady0832,False,Science,该论文主要研究溶酶体衰老及其代谢物变化，与大气环境遥感技术（如空气质量监测、卫星观测、大气成分分析、气溶胶反演）没有直接关系。,[],Anna M. Puszynska;Thao P. Nguyen;Andrew L. Cangelosi;Andrea Armani;Justin M. Roberts;Kristin A. Singh;James C. Cameron;Tenzin Tseyang;Grace Y. Liu;Steven Lai;Hans-Georg Sprenger;Jason Yang;William N. Colgan;Jibril F. Kedir;Kathrin M. Kajderowicz;Theodore K. Esantsi;Yuancheng Ryan Lu;Millenia Waite;Tenzin Kunchok;Caroline A. Lewis;Fabian Schulte;George W. Bell;David M. Sabatini;Jonathan S. Weissman,Atlas of lysosomal aging reveals a metabolite signature shared with lysosomal storage disorders,"Lysosomal dysfunction is a well-recognized feature of aging. Here, we used a suite of tools for rapid lysosomal isolation to construct a multitissue atlas of the metabolite changes lysosomes undergo during aging. Aged lysosomes in brain, heart, muscle, and white adipose tissue accumulated glycerophosphodiesters and cystine, metabolites that are causally linked to juvenile lysosomal storage disorders, Batten disease, and cystinosis. Levels of these metabolites increased linearly with age, preceding organismal decline. Caloric restriction, a lifespan-extending intervention, mitigated these changes in the heart and muscle but not the brain. Our findings link lysosomal storage disorders to aging-related dysfunction and open avenues for the mechanistic investigation of how lysosomal functions deteriorate during aging and in age-associated diseases."
10.1126/science.adz8081,False,Science,该论文研究的是X染色体失活与L1转座子元素的关系，属于遗传学和基因组学领域，与大气环境遥感技术（如空气质量监测、卫星观测、大气成分分析、气溶胶反演）无关。,[],Jose de los Rios Barreda;Maria E. Ferreiro;Natasha Jansz;Charles C. Bell;Juan M. Botto;Trung V. Nguyen;Barun Pradhan;Minchun Chen;Ana Colomer-Boronat;Darwin J. Da Costa Guevara;Diane A. Flasch;Sabrina Gericke;Thomas E. Wilson;Adam D. Ewing;Sara R. Heras;Francisco J. Sanchez-Luque;Ryan Lister;John V. Moran;Geoffrey J. Faulkner,X-chromosome inactivation draws L1 mutagenesis to the human X chromosome,"X-chromosome inactivation (XCI) enables gene dosage compensation in XX eutherians. Long interspersed element-1 (LINE-1 or L1) retrotransposons are unusually abundant on the human X chromosome and are hypothesized to facilitate XCI. Here, we used long-read DNA sequencing to conduct a haplotype-aware analysis of engineered L1 integration preferences in the PA-1 human embryonic carcinoma cell line. Crucially, clonal XCI in PA-1 cells enabled derivation of active (Xa) and inactive (Xi) X-chromosome haplotypes. L1 integration strongly favored the Xi and other genomic regions that undergo DNA replication late in S-phase. These results suggest that the X chromosome is L1 rich because of XCI and imply that L1 integration preference for the Xi in XX individuals could potentially double the frequency of X-linked pathogenic L1 mutations in their XY descendants."
10.1126/science.aed8175,False,Science,该论文主要研究的是钙钛矿太阳能电池，特别是n型聚合物层的应用，与大气环境遥感技术（如空气质量监测、卫星观测、大气成分分析、气溶胶反演）没有直接关系。,"['perovskite solar cells', 'electron transport layers', 'power conversion efficiency']",Danpeng Gao;Jie Gong;Lei Yang;Ning Wang;Bohong Chang;Liangchen Qian;Francesco Vanin;Chunlei Zhang;Zexin Yu;Shuai Li;Jianqiu Gong;Zonglong Zhu,"n-Type polymer layers enable efficient, scalable, and thermally stable perovskite solar modules","Fullerene-based electron transport layers (ETLs) used in inverted (p-i-n) perovskite solar cells face issues regarding cost, scalability, and instability, whereas highly stable inorganic oxides feature unfavorable energy alignment and enhance hysteresis, which reduce power conversion efficiency (PCE). We report a nonfullerene conjugated polymer, 2PB-T, that incorporates coplanar and electron-withdrawing perylene bisimide (PBI) units into its backbone. The PBI polymeric backbone and side-chain engineering address the instability of small-molecule ETLs by optimizing electron transport properties, film uniformity, and interfacial binding. Small-area devices achieved a champion PCE of 27.8%, with a certified maximum power point tracking (MPPT) efficiency of 27.3%. Perovskite modules with areas of 20.6 and 625 square centimeters reached PCEs of 24.4 and 22.5%, respectively. Small-area devices retained more than 98.6% of their initial PCE after 1752 hours of continuous MPPT at 85°C in air, and the 625-square-centimeter module maintained 96.9% of its initial PCE after 5900 hours of outdoor operation."
10.1126/science.aed9359,False,Science,该论文主要研究的是海洋酸化与有孔虫灭绝的关系，涉及钙同位素分析和古生物学，虽然与大气环境有一定间接联系（如海洋酸化对大气CO2的影响），但并非直接研究大气环境遥感技术，如空气质量监测、卫星观测或大气成分分析。,"['ocean acidification', 'calcium isotopes', 'foraminifera']",Jonathan Chen;Andrew D. Jacobson;Brian T. Huber;Kenneth G. MacLeod;Chuyan Wan;Anna R. Waldeck;Barbara Balestra;Bradley B. Sageman,Calcium isotopes link ocean acidification to Aptian–Albian foraminiferal extinctions,"The second-largest extinction event in the evolutionary history of planktic foraminifera occurred at the Aptian–Albian boundary. This extinction may reflect ocean acidification (OA) associated with Oceanic Anoxic Event 1b. As calcium isotope ratios (δ44/40Ca) can track how biocalcification rates respond to OA, we measured δ44/40Ca records for planktic and benthic foraminifera, bulk carbonates, and authigenic calcite across the Aptian–Albian boundary in the South Atlantic. Benthic and bulk δ44/40Ca data display a distinct sequence of negative and positive excursions, similar to δ44/40Ca variations across other OA events. Planktic δ44/40Ca values increase markedly, tracking a reduction in calcification rates coincident with decreases in the size, diversity, and shell thickness of planktic foraminifera. These results suggest that OA drove extinctions of planktic foraminifera at the Aptian–Albian boundary."
10.1126/science.aef2893,False,Science,该论文研究的是生物地理学，特别是北美和南美之间物种交换的历史，与大气环境遥感技术（如空气质量监测、卫星观测、大气成分分析、气溶胶反演）无关。,[],Z. Jack Tseng;Leah X. Kahn;Adolfo Pacheco-Castro;Oscar Carranza-Castañeda;José Jorge Aranda-Gomez;Yang Wang;Julio César Chávez-Ambriz;Chance Hannold;H. Gregory McDonald;Xiaoming Wang,A 10-million-year biogeographic holding pen primed the Great American Biotic Interchange,"The movement of taxa between North and South America across the Panamanian land bridge, known as the Great American Biotic Interchange (GABI), established modern-day mammal assemblages in the Americas, heralding the decisive end of what has been called the “splendid isolation” of the South American fauna. Lacking substantive low-latitude records, previous work on this pattern relied on South American and temperate North American fossils to conclude that pulsed interchanges began about 2.8 million years ago (mya). Based on new low-latitude fossil data from México, we found evidence for a prolonged, triphasic interchange. Phase 1 consisted of the initial accumulation of northern higher-latitude mammals in a Mexican “holding pen” beginning 10 mya. Dispersal began in phase 2, with a strong north-south gradient and increasing biogeographic connections (7 to 3 mya). The final phase consisted of the already well-described taxonomic pulses (from ~2.8 mya)."
10.1126/science.aef5438,False,Science,该论文主要研究利用酵母生产抗癌药物，与大气环境遥感技术（如空气质量监测、卫星观测、大气成分分析、气溶胶反演）无关。,[],Siyu Shen;Xue Hu;Dan Li;Yuru Tong;Yunpeng Lv;Zhenjiang Tian;Jiadian Wang;Hao Tang;Yapeng Wang;Lan Kang;Jens Nielsen;Luqi Huang;Yating Hu,Enabling sustainable supply of the essential cancer medicines etoposide and teniposide in yeast,"Lignans constitute a diverse family of plant metabolites with therapeutic potential. Among them, podophyllotoxin-type aryltetralin lignans serve as precursors for etoposide and teniposide. Etoposide is an essential anticancer medicine approved for first-line treatment of small cell lung cancer, whereas teniposide is used for treatment of leukemia and some brain tumors. Currently, these drugs depend on extraction of precursors from the endangered plantSinopodophyllum hexandrum, followed by chemical transformations. By identifying key glycosyltransferases and executing more than 60 genetic edits involving 45 heterologous enzymes, the complex biosynthetic pathway of podophyllotoxin-type lignans was reconstructed in yeast. In this study, we established a chemoenzymatic route that streamlines the synthesis of etoposide and teniposide through a single chemical step from biosynthetic precursor 4′-demethyl-epipodophyllotoxin-4-O-glucoside, which enables a secure supply chain of these essential medicines."
10.1126/science.aeg1730,False,Science,该论文主要研究等离子体表面工程技术在钙钛矿太阳能电池中的应用，以提高其效率和稳定性。虽然太阳能电池与环境科学有一定关联，但论文内容并未涉及大气环境遥感技术，如空气质量监测、卫星观测、大气成分分析或气溶胶反演等。因此，该论文与大气环境遥感技术的关系不强。,"['perovskite solar cells', 'plasma surface engineering', 'interfacial defects']",Rundong Fan;Yue Ma;Shuoyang Xu;Liang Cheng;Zhongyang Zhang;Yan Li;Huijun Liu;Zhaoboxun Bao;Guilin Liu;Yuetong Wu;Xinmeng Zhuang;Kailin Li;Yanrun Chen;Jackson Tze Fung Ng;BoShiun Huang;Wentao Zhou;Yu Zhang;Ying Han;Ruiyang Yin;Shaocheng Liu;Tianhao Xia;Mengqi Xiao;Xiaowei Zhan;Xiaoxu Zhao;Qi Chen;Huanping Zhou,Plasma surface engineering for efficient and stable perovskite solar cells and modules,"The instability of perovskite solar cells (PSCs) stems largely from the formation and evolution of interfacial defects associated with the soft, multicomponent perovskite lattice. We report a scalable, plasma-based passivation strategy that forms conformal, uniform, and strong-bonded heterostructure through in situ chemical reactions on large-area perovskite films. This approach also mitigates defect accumulation within the laser-scribed interconnection regions, where localized damage often dominates module-level performance losses. We achieved a power conversion efficiency (PCE) of 27.2% in small-area devices (active area 8.313 square millimeters) and 24.0% (certified efficiency of 23.5%) in 100-square-centimeter (cm2) modules (aperture area 65.05 cm2). The small-area device retained 98.1% of its initial PCE after 2000 hours of maximum power point tracking at 85°C under 1-sun illumination, and the 100-cm2module retained 99.3% of its initial PCE after 1600 hours at 65°C under 1-sun illumination."
10.1126/science.adz7928,False,Science,该论文研究的是肿瘤生态系统动力学，涉及单细胞和空间分析，与大气环境遥感技术无关。,[],";;;;;;;;;;;;;;;;;;;;;;;;;;;;;;;;;;;Miguel A. Esteban;;;;;;;;,",Spatiotemporal multiomics uncover tumor ecosystem dynamics during metastatic colonization,"The mechanisms underlying the interactions between disseminated tumor cells (DTCs) and their tissue microenvironment during metastatic colonization are currently poorly understood. We integrated multimodal single-cell and spatial profiling from liver cancer mouse models and human metastases to track the spatiotemporal dynamics of DTCs and their microenvironments from single-cell seeding to overt lung metastasis. We identified a residual population of quiescentPhgdhhighDTCs that survived initial innate immune clearance and became transiently enriched in micrometastases. These cells shaped an immune-scarce microenvironment through PHGDH-dependent, H3K27me3-mediated epigenetic silencing of chemokine transcription, thereby promoting metastatic expansion.Cx3cr1highinterstitial macrophages were also transiently enriched before DTC expansion, creating an immune-privileged niche for metastatic outgrowth by recruiting immunosuppressive cells. Inactivating the PHGDH-H3K27me3 axis in DTCs or depleting interstitial macrophages restored immune surveillance and inhibited metastatic colonization. These findings provide insights into the development of micrometastasis-targeting regimens."
10.1126/science.aef3178,False,Science,该论文研究的是DNA聚合酶激活RNA切割的逆转录酶类抗病毒酶，与大气环境遥感技术（如空气质量监测、卫星观测、大气成分分析、气溶胶检索）无关。,[],";;;;;;;;;;;;,",DNA polymerization activates RNA cleavage of a reverse transcriptase–like antiviral enzyme,"Defense-associated reverse transcriptases (DRTs) transcribe noncoding RNAs (ncRNAs) for antiviral defense, but the mechanisms of ncRNA-independent DRTs remain unclear. In this work, we show that a single DRT4 mediates RNA-targeting antiphage defense by integrating DNA polymerase, exonuclease, and RNA endonuclease activities. First, through an equilibrium between its DNA polymerase and exonuclease activities, DRT4 senses phage infection, as elevated deoxynucleotide triphosphate levels shift the equilibrium toward polymerase activity, thereby promoting protein-primed single-stranded DNA (ssDNA) synthesis. Second, ssDNA of sufficient length, phage DNA binding proteins, and deoxyguanosine triphosphate collectively activate an unusual RNA endonuclease activity of DRT4, excising guanosine 3′-monophosphate from both phage and host RNA to terminate infection. These findings reveal a distinctive immune strategy combining nucleic acid synthesis and degradation, expanding the functional landscape of DRTs for new DNA- and RNA-processing technologies."
10.1126/science.aec6298,False,Science,该论文研究的是有机化学中的催化氟化反应，与大气环境遥感技术（如空气质量监测、卫星观测、大气成分分析、气溶胶检索）无关。,[],Anirban Mondal;Job J. C. Struijs;Caleb J. N. Doyle;Zijun Chen;Zian Wang;Worawit Tangamornchaipattana;Christophe Allais;Paul F. Richardson;Jared Piper;Robert S. Paton;Simon Aldridge;Véronique Gouverneur,Catalytic Appel fluorination of alcohols with potassium fluoride,"Appel halogenation reactions are widely used to convert alcohols to alkyl halides but are not suitable to prepare alkyl fluorides because fluoride is sequestered as a difluorophosphorane. In this work, we introduce bench-stable neopentoxyphosphonium salts to solve this enduring challenge. With these reagents, various alcohols undergo fluorination with potassium fluoride under hydrogen bonding phase-transfer catalysis, a manifold offering a pathway to enantioselective fluorination of alcohols. Mechanistically, a neopentoxyfluorophosphorane is formed, which undergoes reversible exchange with the alcohol substrate in preference to difluorophosphorane formation. The catalyst assists with potassium fluoride solubilization and with phosphorus–fluorine bond dissociation, leading to the alkoxyphosphonium fluoride ion pair undergoing stereoinvertive fluorination. Turnover results from stronger binding of the catalyst to fluoride than phosphine oxide, the by-product of the reaction, which is recyclable as starting material for the synthesis of the phosphonium reagents."
10.1126/science.aec2906,False,Science,该论文研究的是哺乳动物玻璃体中的胶原蛋白分子结构，与大气环境遥感技术（如空气质量监测、卫星观测、大气成分分析、气溶胶反演）无关。论文主题属于生物材料科学领域，而非环境科学或遥感技术。,[],Xinyao Lou;Ye Cong;Yuqian Xu;Yazhao Liu;Ying Li;Chuangye Yan,The molecular architecture of mammalian vitreous body collagen fibrils,"Collagen, a fundamental constituent of the extracellular matrix, has long remained elusive to high-resolution structural characterization. Using a tailored system and optimized cryo–electron microscopy processing for long-period filaments, we determined the structure of native collagen fibrils from the porcine vitreous body, with local resolutions extending from 2.6 to 7 angstroms. Each 67-nanometer periodic unit contains type II, V/XI, and IX collagen triple helices together with opticin, at a stoichiometry of 8:4:4:4, which reveals their detailed higher-order molecular packing. Abundant galactose-glucose disaccharides modify hydroxylysine residues in conserved -glycine-X-hydroxylysine- motifs, mediating fibril packing and structural stability. Our structure uncovers the glycan-mediated assembly principle of collagen fibrils and clarifies the structure-function basis of collagens in the vitreous body."
10.1126/science.aeb1157,False,Science,该论文研究的是植物基因如何控制镜像花朵的螺旋结构，与大气环境遥感技术（如空气质量监测、卫星观测、大气成分分析、气溶胶反演）无关，因此不相关。,[],Haoran Xue;Marco Saltini;Nicola Illing;Kelly Shepherd;Olivia Page-Macdonald;Oliver Marketos;Caroline Robertson;Anand Shankar;Sarah Süß;Christian Kappel;Saleh Alseekh;Eva E. Deinum;Robert A. Ingle;Michael Lenhard,Supergene control of chiral development in mirror-image flowers,"How genes determine the development of chiral structures is a fascinating question. The reciprocal placement of female and male organs on opposite sides of mirror-image flowers promotes efficient cross-pollination. Here, we identified that in butterfly lilies, female and male organs deflect by a combination of genetically controlled chirality and gravitropism, orienting left and right with respect to an external rather than internal reference axis. We found coordinated organ placement to be controlled by a hemizygous supergene containing two candidate causal loci,MIR156-RandYUCCA-R, that are responsible for opposite female and male organ orientation, respectively. The resulting differential placement of pollen carrying the two supergene alleles on pollinators’ bodies leads to their transfer to the stigmas of flowers with opposite handedness and maintenance of the reproductive polymorphism."
10.1126/science.aee6957,False,Science,该论文与大气环境遥感技术无关，研究的是美洲早期天花病毒的基因组，属于生物学和遗传学领域。,[],Bruno Romero González;Margarita Reyes-Madrid;Bernardo Arriaza;Lara M. Cassidy;Mauricio Moraga;Constanza de la Fuente Castro;Shigeki Nakagome,The genomic identity of early smallpox in South America,"Smallpox was a major driver of population collapse in the Americas after European contact, yet the genetic identity of the causal strains remains unknown. Here, we report the first ancient smallpox genomes in the Americas, dating to approximately 1492–1631 common era (CE), recovered from two Inca-Colonial individuals in northern Chile. These genomes form a now-extinct lineage that diverged around 1296 CE, after the splitting of early medieval European strains but before the emergence of modern variola lineages, providing direct molecular evidence for smallpox introduction through European colonization. We further identify a constant tempo of gene inactivation until the late 16th century, followed by a phase of constraint and a subsequent rebound in substitution rates, linking variola virus evolution to major shifts in human demography and epidemiology."
10.1126/science.aeg0333,False,Science,该论文主要关注海洋考古基因组学在渔业保护与恢复中的应用，涉及古DNA和全基因组测序技术，但与大气环境遥感技术（如空气质量监测、卫星观测、大气成分分析、气溶胶反演）无关。,"['ancient DNA', 'whole-genome sequencing', 'fisheries', 'marine ecosystems']",Lane M. Atmore and Bastiaan Star,Beyond the scales: Marine archaeogenomics for the conservation and restoration of fisheries,"Protection and restoration of marine environments are essential for food security and climate change mitigation. Yet historical and archaeological research have shown that conservation and management often rely on arbitrary ecological baselines in ecosystems already shaped by long-term human impacts. Archaeogenomics, the combination of ancient DNA (aDNA) and whole-genome sequencing, provides invaluable insights into these impacts. Recent improvements in laboratory and computational techniques enable the assessment of past fish population dynamics, migration patterns, historical trade routes, long-term anthropogenic pressures, and responses to environmental change. This Review compiles aDNA research on archaeological fish remains, emphasizing studies from 2020 to 2025 that used whole-genome analysis to investigate historical fisheries and marine ecosystem change. We highlight the growing potential of archaeogenomics to inform restoration, conservation, sustainable fisheries management, and climate adaptation strategies worldwide."
10.1126/science.aek9789,False,Science,标题和摘要内容不明确，无法确定与大气环境遥感技术的相关性。,[],Corinne Simonti;Jesse Smith;Phil Szuromi;Mattia Maroso;Cheri Sirois;Keith T. Smith;Melissa McCartney;Joana Osório;Yevgeniya Nusinovich,In Other Journals,
10.1126/science.aek9790,False,Science,标题和摘要内容与大气环境遥感技术无关，讨论的是流利性的风险。,[],Seungyeon Lee,The perils of fluency,
10.1126/science.aej5901,False,Science,该论文标题和摘要内容涉及单个细胞器的衰老和疾病特征，与大气环境遥感技术（如空气质量监测、卫星观测、大气成分分析、气溶胶反演等）无关。,[],Jeeyoon Na and Anne Brunet,Signatures of aging and disease in a single organelle,
10.1126/science.aei5362,False,Science,该论文标题和摘要内容与大气环境遥感技术无关，属于生物地理学和古生物学领域的研究，讨论的是哺乳动物跨大陆迁徙的历史事件。,[],Jenny L. McGuire and Claire M. Williams,When mammals crossed between continents,
10.1126/science.aej3543,False,Science,该论文的标题和摘要内容与大气环境遥感技术无关。标题讨论的是X染色体中L1移动元件的丰富性，而摘要内容未提及任何与空气质量监测、卫星观测、大气成分分析或气溶胶检索相关的术语或主题。,[],Aurélien J. Doucet and Gael Cristofari,Why the X chromosome is rich in L1 mobile elements,
10.1126/science.aek2948,False,Science,标题和摘要中提到的内容主要关注海洋酸化问题，而非大气环境遥感技术，如空气质量监测、卫星观测、大气成分分析或气溶胶反演等。,"['ocean acidification', 'atmospheric environmental remote sensing', 'air quality monitoring']",R. Mark Leckie,Witness to ocean acidification,
10.1126/science.aeh0950,False,Science,该论文标题和摘要内容与大气环境遥感技术（如空气质量监测、卫星观测、大气成分分析、气溶胶反演等）无关。,[],Kusha Gurung,Making antimicrobial knowledge contagious,
10.1126/science.aek4288,False,Science,该论文标题和摘要均与大气环境遥感技术无关，主要讨论的是埃博拉病毒的宿主遗传多样性与疾病发病机制，属于生物学和医学领域。,[],H. Holden Thorp,Editor’s Note for the Report “Host genetic diversity enables Ebola hemorrhagic fever pathogenesis and resistance”,
10.1126/science.aej6290,False,Science,该论文标题和摘要主要讨论的是中国海滩茅草的移除对侵蚀的影响，与大气环境遥感技术（如空气质量监测、卫星观测、大气成分分析、气溶胶反演等）无明显关联。,[],Wei Zhang and Hao Li,China’s cordgrass removal increases erosion,
10.1126/science.ael0160,False,Science,标题和摘要中没有提及与大气环境遥感技术相关的关键词，如空气质量监测、卫星观测、大气成分分析或气溶胶反演。,[],Jon Cohen,A rocky rollout,
10.1126/science.ael0162,False,Science,该论文标题和摘要与大气环境遥感技术无关。标题'How black holes get hitched'涉及黑洞，而摘要未提及任何与大气环境监测、卫星观测、大气成分分析或气溶胶检索相关的术语。,[],Adrian Cho,How black holes get hitched,
10.1126/science.ael0163,False,Science,该标题和摘要内容与大气环境遥感技术无关。标题涉及NIH终止政治敏感拨款，摘要未提及任何与空气质量监测、卫星观测、大气成分分析或气溶胶反演相关的内容。,[],Jocelyn Kaiser and Sara Reardon,NIH is again terminating politically sensitive grants,
10.1126/science.ael0164,False,Science,该论文的标题和摘要没有提及与大气环境遥感技术相关的关键词，如空气质量监测、卫星观测、大气成分分析或气溶胶反演等。,[],Celina Zhao and Adrian Cho,U.S. unveils first Genesis Mission grants for AI in research,
10.1126/science.ael0166,False,Science,该论文标题和摘要内容主要关注人工智能初创公司的研究发表情况，与大气环境遥感技术（如空气质量监测、卫星观测、大气成分分析、气溶胶反演）没有直接关联。,[],Celina Zhao,AI’s top startups are barely publishing their research,
10.1126/science.ael0167,False,Science,该论文的标题和摘要主要涉及古代DNA研究，探讨天花病毒如何传播到美洲，与大气环境遥感技术（如空气质量监测、卫星观测、大气成分分析、气溶胶反演等）无关。,[],Lizzie Wade,Ancient DNA shows how smallpox got to the Americas,
10.1126/science.ael0161,False,Science,该论文标题和摘要内容与大气环境遥感技术（如空气质量监测、卫星观测、大气成分分析、气溶胶反演等）无关。标题和摘要主要涉及隐私保护工具在人口普查中的应用，与大气环境遥感技术的主题不相关。,[],Jeffrey Mervis,Privacy-preserving tools banned in census,
10.1126/science.ael0165,False,Science,标题和摘要内容与大气环境遥感技术无关，不含具体领域术语。,[],Jeffrey Mervis,"Golden Age report is a missed opportunity, critics say",
10.1126/science.aej7915,False,Science,该论文标题和摘要内容与大气环境遥感技术（如空气质量监测、卫星观测、大气成分分析、气溶胶反演）无明显关联，标题和摘要更偏向于哲学或社会科学领域。,[],Anne Goujon,When the future loses its voice,
10.1126/science.aek8701,False,Science,标题和摘要内容与大气环境遥感技术无关，而是关于英国科学的财政和政治问题。,[],Geraint Rees and James Wilsdon,"Churn, not crisis, for UK science",
10.1126/science.aej5902,False,Science,该论文标题和摘要内容与大气环境遥感技术无关，主要涉及的是脑刺激技术，与空气质量监测、卫星观测、大气成分分析或气溶胶检索等主题无关。,[],Jianxun Ren,Surfacing brain stimulation,
10.1126/science.aej5900,False,Science,该标题和摘要内容涉及神经科学和医学领域，关于身体瘫痪和错误警报的研究，与大气环境遥感技术（如空气质量监测、卫星观测、大气成分分析、气溶胶反演等）无关。,[],Jan Elaine Soriano,Rewiring the paralyzed body’s false alarm,
10.1126/science.aef3529,False,Science,该论文的标题和摘要内容主要关注政策制定中的证据基础和严谨性框架，与大气环境遥感技术（如空气质量监测、卫星观测、大气成分分析、气溶胶反演等）无关。,[],Christopher Cotton,Rigor is not readiness: The PERL framework for evidence-based policy,
10.1126/science.aek9788,False,Science,标题和摘要中未提及与大气环境遥感技术相关的任何内容，如空气质量监测、卫星观测、大气成分分析或气溶胶反演等。,[],Michael Funk;Unnati Sonawala;Madeleine Seale;Phil Szuromi;Corinne Simonti;Michael A. Funk;Jelena Stajic;Yi Yin;Annalisa VanHook;Jake S. Yeston;Sacha Vignieri;L. Bryan Ray;Di Jiang;Priscilla N. Kelly;Stella M. Hurtley;Jesse Smith;Dorothy Hallberg;Christiana N. Fogg,In Science Journals,
10.1126/science.aek6646,False,Science,该论文标题和摘要内容与大气环境遥感技术（如空气质量监测、卫星观测、大气成分分析、气溶胶反演等）无关，而是关于弹性冰微纤维的研究。因此，不相关。,[],H. Holden ThorpH. Holden Thorp,Erratum for the Research Article “Elastic ice microfibers”,
