doi,is_relevant,journal,explanation,topic_words,authors,title,abstract
10.1088/1748-9326/ae9781,False,Environmental Research Letters,该论文主要关注森林管理强度对生物多样性的影响，以及社会经济发展和气候变化背景下的生物多样性变化。虽然涉及土地使用和森林扩张等环境因素，但并未直接涉及大气环境遥感技术，如空气质量监测、卫星观测、大气成分分析或气溶胶反演等技术。因此，该论文与大气环境遥感技术的关系较弱。,"['forest management', 'biodiversity', 'land use']",Joanna Raymond;Hanneke van 't Veen;Calum Brown;Mohamed Byari;Anna Repo;Rob Alkemade;Yongchao Zeng;Mark Rounsevell,Shifts in forest management intensity mediate biodiversity outcomes under contrasting socio-economic and climate scenarios,"Forest extent and forest management are both important in shaping biodiversity responses to climate and land use changes. Yet biodiversity impact models typically represent managed forests as an aggregated category despite advances in land use models that differentiate between forest management practices. This limits the ability to assess how shifts between management practices impact biodiversity under future scenarios. We addressed this gap by coupling the biodiversity model GLOBIO with the agent-based land use model CRAFTY-EU. GLOBIO simulates changes in mean species abundance (MSA) in response to drivers of biodiversity loss. CRAFTY-EU allocates land uses including six forest management practices with different timber harvesting intensities based on societal demands and socioeconomic and biophysical suitability. We integrated GLOBIO’s climate change, land use, and updated forest management MSA estimates to evaluate biodiversity outcomes under three socioeconomic and climate scenarios (SSP1-RCP2.6, SSP3-RCP7.0, and SSP5-RCP8.5). Forest expansion partially buffered biodiversity loss only where agricultural abandonment was substantial and climate impacts were moderate. This effect was strongest under SSP1-RCP2.6, weaker under SSP5-RCP8.5 because climate losses dominated, and largely absent under SSP3-RCP7.0 due to limited abandonment and forest decline. Across all scenarios, shifts towards intensive forest management reduced MSA, showing that forest expansion alone does not guarantee biodiversity benefits, especially under management intensification and strong climate change. Land use and forestry policies that promote forest recovery while avoiding management intensification can moderate biodiversity losses, but are unlikely to compensate for strong climate-driven declines. Such policies align with the EU’s Nature Restoration Regulation, which proposes planting 3 billion trees and restoring 20% of land by 2030. Successful implementation requires consideration of prior land use to avoid converting biodiversity-rich areas and planting and management strategies that ensure positive biodiversity outcomes."
10.1088/1748-9326/ae9b23,True,Environmental Research Letters,该研究涉及森林对环境变化的适应能力，特别是大气因素（如温度、蒸汽压亏缺）和水分因素对森林恢复力的影响，这与大气环境遥感技术中的空气质量监测和植被分析密切相关。,"['atmospheric stress', 'vegetation structural factors', 'water availability']",Feifei Fan;Mei Liang;Ruonan Li;Yanzheng Yang;Jingwen Li;Lingxiao Ying;Yuan Huang;Jian Zhang;Binbin Huang;Hua Zheng,Rising resilience in natural forests and declining resilience in planted forests in China,"Forest resilience is vital for ecosystem sustainability under environmental changes. While planted forests show lower resilience than natural forests, their response mechanisms remain unclear. We assess the resilience dynamics of natural and planted forests across China from 2001 to 2020 using lag-1 month autocorrelation. Natural forests showed a significant resilience increase (+0.0057 yr−1), while planted forests declined (−0.0038 yr−1). This contrast stems from distinct responses to key environmental drivers, including water availability factors (precipitation/PRE, soil moisture/SM), atmospheric stress factors (temperature/TEM, vapor pressure deficit/VPD) factors, and vegetation structural factors (vegetation continuous fields /VCF). In water availability-dominated regions, natural forest resilience adapted to lower water, while planted forests depended on higher water. This arose from the positive regulation of resilience by PRE and SM, forming a stable moisture buffer. In planted forests, the path effects from PRE to SM and from SM to resilience were relatively weak, and VPD had a stronger negative impact. In atmospheric stress-dominated regions, natural forest resilience was sensitive to TEM and VPD but maintained broad tolerance through multi-pathway regulation, with positive effects from TEM, SM, and VCF. Planted forest resilience lagged behind and lacked moisture buffering, resulting in a sharper decline in response to TEM and VPD changes. In vegetation structure-dominated regions, moderate VCF (40%–70%) enhanced resilience, with natural forest resilience enhancing by VCF through direct effects and VPD buffering via SM. Planted forests relied more on climate-driven VPD mitigation, with weaker VCF effects and a stronger dependence on TEM and PRE for resilience. This study highlights climate-vegetation resilience pathways in natural and planted forests, emphasizing the role of moisture buffering and vegetation in enhancing resilience."
10.1088/1748-9326/ae9b25,False,Environmental Research Letters,该论文主要关注森林文化生态系统服务的货币价值变化，属于环境经济学和生态价值评估领域，不直接涉及大气环境遥感技术、空气质量监测、卫星观测或大气成分分析等相关技术或领域。,[],Maximilian Nawrath;Martin Dallimer;Peter King;Gail E Austen;Katherine N Irvine;Robert D Fish;Jessica C Fisher;Zoe G Davies,Quantifying temporal changes in the monetary value of forest cultural ecosystem services globally: a meta-analysis,"The world’s forests, and the biodiversity they contain, provide multiple cultural ecosystem services that are essential to people’s well-being. However, interactions between people and forests evolve alongside broader societal and environmental change, raising questions about whether the values associated with forest cultural ecosystem services have shifted over time. To examine this, we conducted a global meta-analysis of 137 economic valuation studies comprising 705 observations gathered over the four decades between 1980 and 2019. Our results did not provide evidence of statistically significant temporal trends for travel cost, contingent valuation, choice experiment, or hedonic pricing estimates. Likewise, a recreation-only subsample did not provide evidence of a statistically significant temporal trend in monetary values over time. Although a diversity of cultural ecosystem service classes and forest types were examined, the existing evidence base is biased towards high-income countries, and valuation studies remain heavily concentrated on recreational interactions with forests, while spiritual and symbolic interactions are rarely quantified. Such gaps in our knowledge limit our ability to quantify the monetary value of forest cultural ecosystem services globally. Although we did not find evidence of temporal trends in the value people place on forest cultural ecosystem services, the substantial heterogeneity and method-specific patterns observed in our models suggest that temporal stability should not be assumed when undertaking benefit transfers. Given these findings, methodological heterogeneity and contextual differences should be considered when applying benefit transfer methods in environmental decision-making. The scarcity of studies in low- and middle-income countries, combined with a strong focus on recreation, underscores the need for broader and geographically diverse valuation research. Addressing these gaps may support more context-sensitive approaches to forest management and conservation."
10.1088/1748-9326/ae9bd7,False,Environmental Research Letters,该论文主要关注地下水位深度的高分辨率估算，涉及水文地质和机器学习模型，但与大气环境遥感技术（如空气质量监测、卫星观测、大气成分分析、气溶胶反演）无明显关联。,"['groundwater', 'random forest model', 'hydrogeology']",Maria P Fleury;Yueling Ma;Reed M Maxwell,High resolution estimates of water table depth across Brazil: insights into model behavior and data challenges,"Groundwater plays an important role in sustaining Brazil’s ecosystems and growing commercial agriculture. However, national-scale understanding remains limited due to sparse monitoring (<0.02 wells per km2). This study develops the first high-resolution (90 m) national-scale map of water table depth (WTD) over Brazil using a random forest model and characterizes model behavior and data challenges. Trained on available groundwater observations and datasets on climatology, topography, hydrogeology, and soil characteristics, the model achieves moderate predictive skill (test r = 0.61; RMSE = 19 m; MAE = 10.41 m) and reproduces known hydrologic patterns in major basins. We provide an estimate of model uncertainty for each prediction at the grid cell level, showing deeper water tables carry greater uncertainty. Permutation feature importance and SHapley Additive exPlanations show that height above nearest drainage, hydraulic conductivity and elevation are key in WTD predictions and that the model captures important physical relationships (e.g. predicted WTD increases with elevation). Feature analysis also allows us to identify that the hydraulic conductivity dataset used—derived from a global product—is not representative of hydrogeologic realities in Brazil. In addition, we show how model performance scales with the amount of training data, but where these observations are matters more. We highlight the need for more groundwater monitoring wells, particularly in sparsely monitored regions. This national-scale, high-resolution map of WTD advances our understanding of the spatial variability in Brazil’s groundwater resources. The work also offers insights into improving machine learning model interpretability and highlights the potential of data-driven models to help improve global WTD estimates, particularly in other data-limited geographies."
10.1088/1748-9326/aea0f0,True,Environmental Research Letters,该论文研究了热带波（特别是 Rossby 波）在印度季风爆发中的作用，涉及大气环流、对流和降水等大气环境现象，与大气环境遥感技术（如卫星观测和大气成分分析）密切相关。,"['Indian summer monsoon', 'convectively coupled equatorial Rossby waves', 'low-level jet', 'moisture transport', 'atmospheric waves']",Prajwal Koovekallu;Ajil Kottayil;Prince Xavier;Aadithyapranavraj K S;Sruthi P,Do tropical waves play a role in modulating monsoon onset?,"The onset of the Indian summer monsoon (ISM) marks a rapid transition from dry to wet conditions, yet the role of tropical equatorial waves in initiating this transition remains poorly understood. Here, we investigate this process in detail using observational and reanalysis datasets for the period 2001–2023. Our results demonstrate that convectively coupled equatorial Rossby (ER) waves play a pivotal role in modulating the onset and early evolution of the ISM over Kerala. Monsoon onset occurring during the cyclonic phase of ER waves is characterized by a strengthened low-level jet, enhanced moisture transport, organized deep convection, and widespread rainfall over the southwest coast of India. In contrast, onset during the anticyclonic phase is associated with suppressed convection, a 4–6-d delay in widespread rainfall, and weakened low-level circulation until the arrival of a cyclonic ER wave. The results show that the cyclonic phase of ER waves facilitates the northward propagation of monsoon convection, whereas such propagation is absent during the anticyclonic phase of ER waves. These findings identify ER waves as a key modulator of monsoon onset and imply that monitoring their phase could improve short-range predictions of onset timing and the subsequent evolution of monsoon rainfall."
10.1088/1748-9326/aea107,False,Environmental Research Letters,该论文主要关注基于自然的解决方案（NbS）在应对复合灾害方面的有效性，涉及气候适应和地理分布等，与大气环境遥感技术（如空气质量监测、卫星观测、大气成分分析、气溶胶反演）没有直接关联。,"['Nature-based solutions', 'compound hazards', 'climate adaptation']",Sina Razzaghi Asl;Anahita Azadgar,Global evidence on scaling nature-based solutions for compound hazards,"Nature-based solutions (NbS) are increasingly promoted for climate adaptation to compound hazards, but systematic evidence of their effectiveness is still scarce. We address this gap with a systematic review of 38 studies. Each study was sorted by what its measurement design can support, not by what its authors claim. This produced four groups. Direct studies attribute a measured hazard reduction to the intervention, proxy studies infer protection from ecosystem condition, prioritization studies map suitable locations without estimating performance, and qualitative studies describe effectiveness without measuring it. We detect trends in geographic distribution, hazard combinations, intervention types, methodological approaches, and strength of evidence. Six studies directly measured attributable hazard reduction, and the remaining 32 studies fell into the proxy, prioritization, or qualitative classes, none of which can separate an ecosystem that buffers a hazard from one that receives it. The evidence concentrates on coastal flooding, with urban heat second. The most common hazard combination, compound drought and heat, yielded no direct evidence of hazard reduction, and only one of the five studies addressing cascading hazards did so. Research priorities include direct assessment of vegetation-based NbS under compound drought and heat, attributable measurements for cascading hazards, and long-term monitoring of hazard outcomes. As NbS are scaled, confidence in them should be scaled with the strength of the evidence base."
10.1088/1748-9326/aea178,True,Environmental Research Letters,该论文研究大西洋东部的冷锋云层，涉及雷达观测和气团轨迹分析，与大气环境遥感技术（如空气质量监测和卫星观测）密切相关。,"['low-cloud regimes', 'Eastern North Atlantic', 'radar observations', 'atmospheric composition', 'cold-advection']",Shang Wu;Chunsong Lu;Jiandong Wang;Junjun Li;Yuzhi Jin,Pathway-dependent thermodynamic adjustment shapes cold-advection low-cloud regimes over the Eastern North Atlantic,"Marine low clouds strongly affect Earth’s radiation budget, yet climate models continue to underestimate shallow cumulus and misrepresent low-cloud regimes in cold-advection environments. Here, we combine five years of radar observations from the Atmospheric Radiation Measurement Eastern North Atlantic site with 36 h backward trajectories to examine how upstream air-mass pathways shape stratocumulus-related cloud states and vigorous shallow cumulus. Our results show that cold-advection strength alone cannot fully explain the cloud state observed at trajectory arrival; pathway-dependent thermodynamic and dynamical adjustment along the air-mass pathway must also be considered. The Sc-related states exhibit near-surface warming that outpaces moistening, whereas vigorous shallow Cu maintains a more coordinated near-surface warming and moistening pathway. This coordinated adjustment favors a relatively lower lifting condensation level and, together with stronger surface buoyancy flux, provides a favorable environment for active shallow convection. These findings highlight the importance of pathway-dependent warming–moistening adjustment for understanding differences in low-cloud development under cold-advection conditions. They also provide an observational reference for the near-surface thermodynamic conditions and surface forcing accompanying low-cloud evolution in climate-model simulations under cold-advection conditions."
10.1088/1748-9326/aea238,False,Environmental Research Letters,该论文主要研究半干旱草原物种的物候模型，涉及温度和降水对物候的影响，与大气环境遥感技术（如空气质量监测、卫星观测、大气成分分析、气溶胶反演）没有直接关系。,"['phenology', 'grassland', 'temperature', 'precipitation']",Kaijing Liu;Haojun Zheng;Zhigang Hu;Zhangcai Qin;Guocheng Wang,Stage-dependent temperature–precipitation model structures in full-season phenology modelling of semi-arid grassland species,"Accurate phenological model predictions are needed for assessing grassland ecosystem dynamics under climate change. However, most phenological models for arid and semi-arid grasslands remain temperature-based and have rarely been evaluated across the full growing season. Using long-term phenological and meteorological observations from 26 sites in the Inner Mongolian grassland, we compared five candidate model formulations for four dominant grassland species across five phenological stages: green-up, heading, flowering, fruiting, and brown-down. These formulations included the traditional thermal-time model (M_t) and four temperature–precipitation models differing in precipitation metric (cumulative amount or frequency) and accumulation structure (parallel or sequential). Compared with M_t, precipitation-inclusive formulations had the lowest AICc in 15 of the 19 species–stage combinations; absolute RMSE reductions ranged from 0.18 to 7.39 d, with a median of 1.05 d, and 7 of the 15 reductions were <1 d. However, this improvement did not identify a single generally superior temperature–precipitation formulation. Parallel formulations were mainly top-ranked at green-up, whereas M_t was top-ranked for flowering in three species and sequential formulations were top-ranked for all fruiting combinations. Seven of the 19 combinations retained competing alternatives (runner-up ΔAICc < 2), whereas all four brown-down combinations showed clear model separation (runner-up ΔAICc > 10). Precipitation-frequency formulations were supported in selected combinations, particularly for Stipa krylovii and Artemisia frigida, but did not consistently outperform cumulative precipitation amount. These results support a stage-specific modelling strategy for semi-arid grassland phenology, in which precipitation information should generally be considered, but precipitation metric and temperature–precipitation structure should be selected according to phenological stage and species rather than applied uniformly across the growing season."
10.5194/acp-26-12729-2026,True,Atmospheric Chemistry and Physics,该论文研究了撒哈拉尘暴对巴黎地区辐射、城市气候和热舒适度的影响，涉及气溶胶（特别是撒哈拉尘）对大气组成和地面辐射的影响，这与大气环境遥感技术（如空气质量监测、卫星观测、大气成分分析、气溶胶反演）密切相关。,"['Saharan dust', 'Aerosol Optical Depth', 'radiation', 'air temperature', 'thermal comfort']",Jérémy Bernard;Tim Nagel;Valéry Masson;Aude Lemonsu;Jean Wurtz;Pierre Tulet;Quentin Rodier,"Numerical study of a Saharan dust plume impact on radiation, urban climate and thermal comfort in the Paris region during an heatwave event","Cities are particularly vulnerable to heat-waves because of their dense population combined with an amplification of the heat hazard caused by the urban heat island phenomenon. Heat event are sometimes associated with aerosol plume in the atmosphere, which affect the thermal comfort. This study shows that aerosol plumes can result in a heat stress reduction of up to 1 °C in sunny areas in cities while no difference in the shade of suburban areas. 
 In Europe, heatwave conditions associated with southern synoptic flows can sometimes be combined with episodes of dust plumes coming from the Saharan desert. Change in the atmospheric composition of aerosols alters the radiation observed near the ground, resulting in impacts on other variables such as air temperature. This study focuses on the heatwave experienced by the Paris region from 15 to 19 June 2022, combined with the passage of a Saharan dust plume. To investigate the aerosols impact on local weather conditions and thermal comfort, three Meso-NH atmospheric numerical simulations are used: one without dust aerosol (C0), one with dust aerosols defined from CAMS reanalysis (C1), and one with twice the concentration of CAMS dust aerosols (C2). Simulation C1 is validated against observations from the PANAME-Urban experimental campaign. The time evolution of Aerosol Optical Depth and incoming solar radiation at the surface is well reproduced, with improvement in the resulting air temperature and boundary layer height when taking aerosols into consideration. The radiative effect of dust aerosols results in a decrease in incoming solar radiation and air temperature of up to 75 W m−2 and 1 °C, respectively. At 16:00 UTC, it results in a thermal comfort improvement of up to 1 °C in sunny urban and suburban areas. However, in shaded suburban areas, the increase in diffuse solar radiation and humidity and the decrease in wind speed induced by the dust aerosols counterbalance the air temperature decrease, resulting in no thermal comfort improvement. This result highlights the need to integrate these insights into operational heat-health warning systems – by coupling aerosol forecasts with bioclimatic indices."
10.5194/amt-19-5729-2026,True,Atmospheric Measurement Techniques,该论文与大气环境遥感技术密切相关，因为它探讨了通过新型测量和建模方法以及公民科学来增强城市空气质量映射的方法。研究中使用了便携式传感器、移动测量和公众参与等手段，这些都与空气质量监测和环境分析直接相关。,"['air quality monitoring', 'urban air pollution', 'novel measurement methodologies']",Dimitrios Bousiotis;Francis D. Pope;Jelle Hofman;Martine Van Poppel;Jules Kerckhoffs;Roy M. Harrison,"Enhancing Urban Air Quality Mapping through Novel Measurement and Modelling approaches, and Citizen Science: Actionable Insights from the RI-URBANS Project","This study explores new ways to better understand urban air pollution by combining traditional monitoring with portable sensors, mobile measurements, and public participation. Using European city case studies, the research shows that these approaches can identify pollution hotspots in greater detail and make air quality information more accessible to communities and decision-makers. The work highlights how improved monitoring supports healthier cities and more effective environmental policies. 
 Air Quality is among the most pressing environmental issues impacting upon urban populations. Traditional air quality networks can assess time trends and assess compliance to air quality regulations, but lack the spatial and temporal resolution to understand individual exposure to air pollution. The RI-URBANS project is a European initiative aiming to develop new strategies and enhance the existing tools to address the air quality challenges and societal needs in European cities. This paper presents an overview of the pilots of the RI-URBANS project associated with air quality mapping and pollution hotspot identification using modelling, novel measurement methodologies and mapping techniques. Special focus is given on the discussion of the novel measurement methodologies introduced with the use of low-cost sensors, mobile measurements and citizen participation in the data collection process. The findings highlight the significance of participatory science, technological advancements in air quality measurement, adoption of novel measurement and modelling strategies and the potential for policy integration. The project's outcomes suggest that integrating stationary sensor networks, mobile monitoring platforms, and citizen engagement can significantly enhance urban air quality management alongside traditional monitoring and modelling approaches. However, harmonisation of data collected using these different methods is essential to ensure comparable outcomes across projects, which was one of the primary aims of RI-URBANS. The project also highlights several practices that improve both data collection and citizen participation. In particular, it emphasises the importance of careful campaign design and clear, direct communication with citizen scientists throughout both the monitoring process and the dissemination of project outcomes. This study highlights the important work undertaken by the participating cities and the novel approaches used to disentangle the complicated air pollution patterns and improve the air quality for everyone, while making this crucial information easily obtainable."
10.5194/essd-18-6589-2026,True,Earth System Science Data,该论文使用卫星重力数据（GRACE）来量化地球质量变化，这与大气环境遥感技术中的卫星观测和大气成分分析密切相关。论文涉及的数据产品和研究方法（如瞬时质量变化监测）对于空气质量监测和环境动态分析具有重要价值。,"['GRACE', 'gravity data', 'satellite observations', 'mass change', 'atmospheric remote sensing']",Miao Tang;Shin-Chan Han;In-Young Yeo;Mehdi Khaki;Thomas Loudis Papanikolaou;Xinghai Yang,Global satellite gravity data products for prompt detection of short-term Mass Change (MC),"This study presents a new global dataset that quantifies Earth’s mass changes by using gravity signals recorded from the GRACE (Gravity Recovery and Climate Experiment) spacecrafts. This dataset captures instantaneous mass changes and can reveal short-term dynamics that standard monthly data products do not provide. This enables prompt detection of rapid events such as flash droughts and floods and offers critical information to support improved monitoring of short-term water and mass variations. 
 We present the globally available dataset of Line-of-sight Gravity Differences (LGD) as a new data product to fill the long-standing gap of investigating sub-monthly surface mass change from the satellite gravimetry along-track perspective. The dataset is generated directly from Gravity Recovery and Climate Experiment Follow-on (GRACE-FO) Level-1B intersatellite ranging observations, positioned conceptually between Level-1B measurements and Level-2 monthly gravity field solutions. Provided as along-track time series, LGD delivers instantaneous gravity change at satellite altitude, thus ensuring the fidelity of measurements by avoiding the complex preprocessing, regularization, and filtering applied to monthly products. The instantaneous LGD measurements enable monitoring of sub-monthly terrestrial water storage variability and provide accurate information on timing and magnitude of water mass changes. GRACE-FO's ground track allows LGD retrievals every 5–6 d in most low and mid latitude regions, while the revisit interval becomes shorter toward higher latitudes. Our LGD data products also contain climatology in the form of along-track gravity variations. We demonstrate its potential through case studies, including along-track diagnosis of flash drought evolution in the southeastern United States and the characterization of sub-monthly hydrological extremes in global hotspots. Results show that the LGD dataset has the potential to resolve the critical timing (e.g., onset and peak) of hydrological extremes, which is unattainable from monthly products. The LGD dataset is available at https://doi.org/10.5281/zenodo.17766177 (Tang et al., 2025a), which is expected to pave the way for advances in sub-monthly hydrological monitoring and can serve as a unique constraint for hydrological and geophysical models, opening new opportunities for Earth system sciences."
10.5194/essd-18-6613-2026,True,Earth System Science Data,该论文研究的是植被光合作用（总初级生产力GPP），并开发了全球小时GPP数据集（EGO），用于监测昼夜光合作用动态。虽然主要关注陆地生态系统过程，但其涉及大气与陆地的相互作用（如碳水通量、水汽交换），与大气环境遥感技术中的空气质量监测、大气成分分析等领域有间接关联。,"['Gross Primary Productivity', 'Eddy covariance', 'Artificial Intelligence', 'Photosynthesis dynamics', 'Land-atmosphere exchanges']",Xi Liu;Xing Li;Dalei Hao;Jingfeng Xiao;Yanan Zhou;Cenliang Zhao;Zikang Diao;Fuqiang Qu;Shangrong Lin;Xiangzhuo Liu;Zhaoying Zhang;Xinjie Liu;Helin Zhang,EGO: a global 0.05° hourly GPP dataset for monitoring diurnal photosynthesis dynamics,"Vegetation photosynthesis, quantified as Gross Primary Productivity (GPP), changes rapidly throughout the day. We developed a global hourly GPP dataset called EGO (Eddy covariance site-based Global hOurly) by combining tower observations with advanced artificial intelligence that accounts for causal effects, outperforms existing hourly GPP products and well captures diurnal photosynthesis dynamics. It will provide a reliable foundation for investigating sub-daily ecosystem processes and benchmarking Earth system models. 
 Vegetation photosynthesis, quantified as gross primary productivity (GPP), regulates the terrestrial carbon sink and land–atmosphere exchanges. At sub-daily scales, diurnal GPP dynamics reveal rapid adjustments to changing light, temperature and water conditions that are largely obscured in daily-to-annual aggregates, underscoring the need for developing global hourly GPP products. However, existing hourly products mostly rely on traditional machine-learning schemes that lack explicit biophysical constraints and an adequate representation of water limitation, leading to large uncertainties, especially in dryland regions. Besides, the added value of hourly products for resolving diurnal behavior and responses to environmental stress remains poorly quantified. Here, we develop a causal knowledge-driven upscaling framework that couples the Peter and Clark Momentary Conditional Independence guided causal weights with ensemble learning strategies. Based on eddy-covariance measurements and multi-source meteorological variables, vegetation properties, and land-cover fields, we generated a global 0.05° monthly-averaged hourly GPP product covering 06:00–18:00 LST from 2000 to 2022, named EGO (Eddy covariance site-based Global hOurly) GPP, and then evaluated how well EGO reproduces observed diurnal cycles and their responses to extreme events. EGO GPP achieves an R2 of 0.76 and an RMSE of 4.17 µmol CO2 m−2 s−1 on independent test sites, and outperforms two hourly upscaling products (FLUXCOM and X-BASE; R2 ≈ 0.60 and RMSE ≈ 5.5 µmol CO2 m−2 s−1), with large improvement in drylands. EGO GPP clearly illustrates the diurnal progression of photosynthesis and captures observed diurnal metrics across diverse biomes, revealing strong midday depression and morning-skewed curves in drylands but near-symmetric cycles in high-latitude and humid tropical regions. Analyses of the June 2021 central North America drought and the August 2003 European heatwave further show that EGO reliably tracks diurnal photosynthetic responses to extremes, including GPP reductions, earlier centroid/peak times and intensified midday depression, consistent with tower-based results. Looking ahead, EGO GPP provides a reliable foundation for investigating diurnal photosynthetic behavior, exploring vegetation–climate interactions and benchmarking Earth system models at a sub-daily scale. EGO GPP is available at https://doi.org/10.5281/zenodo.18253238 (Liu and Li, 2026)."
10.5194/essd-18-6565-2026,True,Earth System Science Data,该论文研究了GOSAT-2卫星监测大气甲烷并估计全球排放的能力，涉及卫星观测技术、大气成分分析和全球排放估算，与大气环境遥感技术密切相关。,"['GOSAT-2', 'methane fluxes', 'satellite observations', 'atmospheric inversion']",Makoto Saito;Yosuke Niwa;Yukio Yoshida;Hiroshi Suto;Kei Shiomi;Akihide Kamei;Fumie Kataoka;Isamu Morino;Hibiki M. Noda;Hirofumi Ohyama;Tazu Saeki;Yu Someya;Hisashi Yashiro;Tsuneo Matsunaga,Satellite-based inversion of global methane fluxes: capabilities and implications of GOSAT-2 measurements,"This study evaluates the ability of the GOSAT‑2 satellite to observe atmospheric methane and estimate global emissions. Using a global analysis, we show that GOSAT‑2 provides wider coverage than earlier missions and produces emission estimates consistent with independent references. The results demonstrate that satellite data offer useful information on methane sources, especially in regions with few ground measurements. 
 Methane (CH4) is a key greenhouse gas with a strong climate impact and a relatively short atmospheric lifetime, making accurate monitoring essential for mitigation strategies. Satellite observations provide global coverage and independent constraints on CH4 emission estimates, and GOSAT-2, launched in 2018 as the successor to GOSAT, was designed to improve retrieval accuracy and enhance flux estimation. This study presents an evaluation of the GOSAT-2 Level 4 (G2L4) CH4 flux product, supported by analysis of the underlying Level 2 (L2) XCH4 retrievals, and summarizes key findings on global and regional CH4 budgets. Using an atmospheric inversion framework, we generated G2L4 posterior CH4 fluxes and assessed their consistency by comparing them with inversions constrained by alternative observational datasets, including GOSAT L2 retrievals and ground-based and aircraft measurements. GOSAT-2 achieved substantial improvements in observational coverage and data density compared to its predecessor, particularly in tropical and high-latitude regions. Posterior flux estimates derived from G2L4 are broadly consistent with global CH4 budgets reported in synthesis studies, while prior-to-posterior differences reveal positive corrections in tropical regions and negative adjustments in several mid-latitude industrial areas. A preliminary sector-focused assessment further demonstrates the potential of GOSAT-2 to inform anthropogenic CH4 emission evaluations in regions where such sources dominate. These findings highlight the value of GOSAT-2 observations for improving regional and global CH4 emission estimates and underscore priorities for future improvements in retrieval algorithms, observation strategies, and integration with complementary datasets. The analysis-ready subsets of the GOSAT and GOSAT-2 data used in this study are available from Zenodo (https://doi.org/10.5281/zenodo.18883060, Saito, 2026)."
10.5194/essd-18-6637-2026,False,Earth System Science Data,该论文主要关注气候影响评估，特别是亚日尺度气候数据对健康、水资源和能源的影响，虽然涉及气候和环境领域，但并未直接涉及大气环境遥感技术，如空气质量监测、卫星观测或大气成分分析等。,"['climate forcing', 'hourly data', 'renewable energy']",Michel Bechtold;Benjamin Poschlod;Christian Otto;Jan Volkholz;Matthias Büchner;Florian Zabel,A global hourly ISIMIP3 climate forcing  dataset for impact modeling,"Many climate impacts depend on what happens within a day: heat stress peaks in the afternoon and solar or wind power rise and fall hour by hour. Yet global climate projections are usually published only as daily averages. We converted them into hourly data for global land areas, covering 1850 to 2100 and several future scenarios. The dataset is freely available and lets researchers estimate impacts on health, water and energy far more realistically. 
 Sub-daily climate data are increasingly important for climate-impact assessments because many processes, such as heat stress, hydrological extremes, land–surface energy balance, and renewable-energy production, respond non-linearly to intra-day variability. Daily data miss short-duration events and obscure sub-daily inter-variable interactions, creating biases in impact estimates. To address these limitations and provide consistent forcing across sectors, we generated a global hourly climate dataset by temporally disaggregating the Inter-Sectoral Impact Model Intercomparison Project Phase 3 (ISIMIP3) daily climate archives using the Temporal Disaggregation Tool (Teddy). The approach uses analogue-based hourly profiles from the bias-corrected WFDE5 (WATCH Forcing Data methodology applied to ERA5) reanalysis, preserves daily mass and energy, and maintains temporal coherence between variables. We illustrate the utility of the hourly data with four applications using the MPI Earth System Model (MPI-ESM) under ScenarioMIP pathway SSP3–7.0: (1) the fraction of wet hours, revealing rainfall intermittency not captured by daily wet-day metrics; (2) the number of hours with dangerous heat-index values, capturing joint diurnal cycles of temperature and humidity; (3) hours with wind speeds suitable for onshore wind-power generation; and (4) photovoltaic power potential calculated from radiation, temperature, and wind speed at hourly resolution. We discuss the benefits of preserving inter-variable timing, along with limitations such as reduced spatial coherence at sub-daily scales and potential constraints under strong climate-change signals. The resulting hourly ISIMIP3 dataset provides a harmonized foundation for more realistic sub-daily climate-impact modeling across sectors. The dataset is openly available through the ISIMIP repository under the following DOIs: https://doi.org/10.48364/ISIMIP.736682 (Bechtold et al., 2026a) and https://doi.org/10.48364/ISIMIP.170328 (Bechtold et al., 2026b)."
10.5194/essd-2026-512,False,Earth System Science Data Discussions,该论文主要关注海洋生态系统，包括海洋环境、生物和相互作用的研究，而非大气环境遥感技术，如空气质量监测、卫星观测、大气成分分析或气溶胶反演。,"['marine ecosystem', 'ocean physics', 'acoustics']",Arnaud Bertrand;Monique Simier;Gabriel Vinicius Felix Afonso;Gael Alory;Alejandro Ariza;Ramilla Assunção;Jean-Christophe Auguet;François Baurand;Beatrice Bec;Delphine Bonnet;Léandro Ferreira Cabanez;Claire Carré;Alexis Chaigneau;Adilma de Lourdes Montenegro Cocentino;Isis Amalia Cordeiro;Alex Costa da Silva;Martin Coubard;Mauro de Melo Junior;Juan-Carlos Molinero;Jeremy Devesa;Gilles Domalain;Leandro Nole Eduardo;Gérard Eldin;Gabriel Bittencourt Farias;Guilherme Ferreira;Gabriela Guerra Araújo Abrantes Figueiredo;Thierry Frédou;Diaz Xiomara Garcia;Everton Giachini Tosetto;Júlio Guazzelli Gonzalez;Jacques Grelet;Sandrine Hillion;Anne Justino;Marina Cavalcanti Jales;Sírleis Rodrigues Lacerda;François Le Loc'h;Anne Lebourges-Dhaussy;Rayssa Siqueira Lima;Nathalia Lins-Silva;Alex Souza Lira;Simone Maria de Albuquerque Lira;Catarina Marcolin da Rocha;Júlia Rodrigues Martins;Anais Médieu;Catarina Melo;Pedro Augusto Mendes de Castro Melo;Michael Maia Mincarone;Magali Monnier;Jean-Marie Munaron;Sigrid Neumann-Leitão;Junior Miodeli Nogueira;Matheus Oliveira;Beatrice Padovani Ferreira;Latifa Pelage;David Point;Ulisses Pinheiro;Fabrice Roubaud;Gildas Roudaut;Pierre Rousselot;Julianna de Lemos Santana;Ralf Schwamborn;Maria da Glória Gonçalves Silva-Cunha;Andrey Soares;Jesser Fidelis Souza Filho;Jean-François Ternon;Paulo Travassos;Gary Vargas;Teodoro Vaske Jr.;Renata P. S. Campelo;Bárbara Teixeira Villarins;Flávia Lucena-Frédou,The ABRACOS dataset: a multidisciplinary marine ecosystem baseline for the western tropical Atlantic (2015–2017),"Understanding marine ecosystems requires observing environment, organisms, and interactions. Off Northeast Brazil, we conducted expeditions in 2015 and 2017 to measure ocean conditions, map distributions with acoustics, and sample from plankton to deep-sea fish. We identified 172,000 specimens, analysed food webs using chemical tracers, and measured contaminants. This dataset connects ocean physics to biodiversity across depths, providing an integrated view of a tropical marine ecosystem. 
 The western tropical Atlantic off Northeast Brazil is a dynamically complex region where major current systems contribute to interhemispheric exchanges, yet it remains one of the least observed ocean areas in terms of integrated, depth-resolved, and ecosystem-wide measurements. The two ABRACOS (Acoustics along the BRAzilian COaSt) surveys, conducted during austral spring 2015 (ABRACOS 1) and austral autumn 2017 (ABRACOS 2) aboard the R/V ANTEA, were designed to address this gap through coordinated multidisciplinary observations spanning the continental shelf, slope, seamounts, and open ocean along the Fernando de Noronha Ridge. Although each survey represents a synoptic seasonal snapshot, hydrographic and current observations from both campaigns have been shown to be representative of canonical spring and autumn conditions in the region."
10.5194/essd-2026-513,False,Earth System Science Data Discussions,该论文主要关注意大利南部阿平宁地块的地球壳层模型构建，涉及地质、地球物理和岩石物理数据的综合分析，与大气环境遥感技术（如空气质量监测、卫星观测、大气成分分析、气溶胶反演）无直接关联。,"['crustal model', 'geological', 'geophysical', 'petrophysical']",Maddalena Perrini;Grazia De Landro;Gianluca Gola;Filippo Accomando;Maurizio Fedi;Vanja Kastelic;Pietro Tizzani;Deborah Di Naccio;Michele Matteo Cosimo Carafa;Giuseppe Falcone;Matteo Taroni;Aldo Zollo;Raffaele Castaldo,"3D crustal model of Southern Apennines (Italy) by integrating geological, geophysical and petrophysical constraints","We present a freely available three-dimensional model of the Earth’s crust beneath the Southern Apennines, Italy, created by combining geological maps, geophysical observations, laboratory measurements, and borehole data. The dataset is fully documented and openly accessible, allowing researchers to reproduce the model and reuse it for studies of earthquakes, natural resources, geothermal energy, and the geological evolution of the region. 
 The Southern Apennines in Italy represent a geologically complex and seismically active region shaped by the ongoing convergence between the African and Eurasian plates. In this study, we present a high-resolution 3D crustal model of the Southern Apennines, parameterized on a 5 × 5 × 1 km³ grid and constructed through the systematic integration of geological, geophysical, and petrophysical data. The considered dataset includes laboratory velocity measurements (vp) under different pressure and temperature conditions, stratigraphic well logs, seismic tomography (vp), and geophysical models from inversion of gravimetric and magnetic data. Pressure- and temperature-dependent corrections were applied to P-wave velocities derived from regional seismic tomography, enabling us to delineate key intra-crustal boundaries, including the top of the Mesozoic limestones, the base of the Mesozoic sedimentary succession, the onset of the felsic crystalline basement, and the deeper transition to mafic, gabbroic lower-crustal units, within a 3D volume extending down to the Moho discontinuity. This modelling strategy ensures full internal consistency across spatial scales and tectonic domains, and is validated using independent borehole data, receiver functions, and other geophysical interpretations. The resulting 3D volume offers a robust framework for investigating crustal architecture and supports applications in geophysical modeling and seismic hazard assessments. All datasets are openly accessible under FAIR principles, promoting transparency, reproducibility, and interdisciplinary reuse of the results."
10.5194/essd-2026-710,True,Earth System Science Data Discussions,该论文研究的是高分辨率城市冠层参数，这些参数用于天气预报模型（WRF）中的城市模拟。虽然论文的重点是城市模拟和气象研究，但其研究内容（如建筑高度、热辐射特性、空气流动等）与大气环境遥感技术中的空气质量监测、大气成分分析等密切相关，因为这些都依赖于高分辨率的城市地理和环境数据。因此，该论文与大气环境遥感技术有较强的相关性。,"['urban canopy', 'WRF model', 'air flow', 'building heights', 'atmospheric modeling']",Melissa R. Allen-Dumas;Pouya Vahmani;Bhartendu Pandey;Chris Vernon;Levi T. Sweet-Breu;Em Rexer,High-Resolution Wide-Coverage Urban Canopy Parameters for Urban Simulations in Weather Research and Forecasting Models,"The four data sets presented here are the first city to multi-county extent data sets to include 132 urban parameters at 100-meter resolution for use in the Weather Research and Forecasting (WRF) model. Extents of each data set span cities to multiple counties. They were generated using our Neighborhood Adaptive Tissues for Urban Resilience Futures (NATURF) tool, which allows user specification of the output resolution of the parameters needed for a given research problem. 
 Cross-disciplinary researchers focusing on connected urban processes, especially those running numerical weather simulations at microscales, require reliable data on building footprints, heights and locations. For example, quantifying the impact of the thermal radiative properties of buildings on urban heating during a heat wave benefits from representation of the 3-dimensional physical characteristics of buildings within the urban location studied. Additionally, understanding how and where urban pollution travels within a city depends on how the buildings from ground level to building tops distort the air flow throughout the city. Even knowledge about which buildings may be susceptible to flooding given the magnitude of a recent rainstorm can be clarified by knowing where buildings are located with respect to the elevation of the earth beneath and surrounding them. As urban micrometeorological modeling helps answer more local scientific questions, high resolution data with wide coverage are needed. Previous research into these issues has yielded useful products for simulating these effects at resolutions of 1 kilometer and coarser; however, no regional-weather-model-readable data products are available at block level resolution for the full extent of any city, county, or wider region. To address this gap, four data sets are presented here: 1) Chicago, 2) Washington, DC, 3) Los Angeles County, and 4) the Arizona “urban corridor.” Parameters include, at 100-meter resolution, frontal area density, plan area density, rooftop area density, plan area fraction, mean building height, standard deviation of building heights, area weighted mean of building heights, building surface area to plan area ratio, height to width ratio, sky view factor and roughness length calculations. These data sets were generated using a new Python tool and validated using statistical and visual methods."
10.5194/gmd-19-8321-2026,True,Geoscientific Model Development,该论文研究了数据同化技术在地球科学中的应用，特别是提出了一种名为Gauss-Hermite高阶采样混合集合滤波器（GHOSH）的新型数据同化方法。虽然论文主要关注地球科学领域，但数据同化技术在空气质量监测、卫星观测和大气成分分析等方面有广泛应用，因此与大气环境遥感技术有较强的相关性。,"['data assimilation', 'ensemble DA', 'Gauss-Hermite High-Order Sampling Hybrid filter']",Simone Spada;Anna Teruzzi;Stefano Maset;Stefano Salon;Cosimo Solidoro;Gianpiero Cossarini,A novel Gauss-Hermite High-Order Sampling Hybrid ensemble filter for computationally efficient data assimilation in geosciences – Part 1: Application to Lorenz-96 in PythonDA v1.2.2,"In geosciences, data assimilation (DA) combines modeled dynamics and observations to reduce simulation uncertainties. Uncertainties can be dynamically and effectively estimated in ensemble DA methods. With respect to current techniques, the novel Gauss-Hermite High-Order Sampling Hybrid filter (GHOSH) ensemble DA scheme is designed to improve accuracy by reaching a higher approximation order, without increasing computational costs, as demonstrated in idealized Lorenz96 tests. 
 Data assimilation is used in a number of geophysical applications to optimally integrate information from observations and models. Providing an estimation of both state and uncertainty, ensemble algorithms are among the most successful data assimilation approaches. Since the estimation quality depends on the ensemble, the sampling method is a crucial step in ensemble data assimilation. This work introduces a sampling method featuring a higher polynomial order of approximation, and an ensemble filter, the Gauss-Hermite High-Order Sampling Hybrid filter (GHOSH), which exploits the higher order of the novel sampling method. In contrast, the order of the most frequently adopted ensemble algorithms in geosciences is usually equal to or lower than 2. In the directions where the uncertainty is larger, the GHOSH filter's sampling method achieves a higher order of approximation than in other ensemble-based filters, without increasing the asymptotic computational complexity that is comparable to that of second-order deterministic filters. To evaluate the benefits of the higher approximation order, a set of twin experiments of Lorenz96 simulations has been carried out using the GHOSH filter and a second-order ensemble Kalman filter (SEIK; singular evolutive interpolated Kalman filter). The twin-experiment results show that GHOSH outperforms SEIK in most of the assimilation settings, with up to a 56 % reduction of the root mean square error on assimilated and non-assimilated variables when best-tuned forgetting factors are adopted for each filter."
10.5194/gmd-19-8367-2026,True,Geoscientific Model Development,该论文使用统一的同化框架评估大气成分模型，明确提及了卫星仪器（如TEMPO、TROPOMI）和地面观测网络（如AERONET），涉及大气成分分析、卫星观测和气溶胶检索，与大气环境遥感技术密切相关。,"['atmospheric composition', 'satellite instruments', 'TEMPO', 'TROPOMI', 'AERONET']",Shih-Wei Wei;Jérôme Barré;Soyoung Ha;Maryam Abdi-Oskouei;Benjamin Ménétrier;Cheng Dang;Cheng-Hsuan Lu,Leveraging JEDI for atmospheric composition: a unified framework for evaluating observations and model forecasts,"This paper presents a flexible workflow using a unified data assimilation framework to evaluate atmospheric composition models. It enables comparison of observations with forecasts of trace gases and aerosols from different models. The system is consistent and adaptable, reducing repetitive work, supporting model validation and observation assessment, and aligning evaluation with operational data assimilation for research and practical applications. 
 Accurate evaluation of both observations and forecasts is essential for advancing atmospheric composition research and improving operational prediction. Traditionally, this has relied on separate workflows with product-specific preprocessing, often limiting reproducibility and creating inconsistencies between models and observational datasets or across different products. Modern data assimilation systems provide precise observation operators for mapping model variables into observation space, yet these capabilities remain underutilized outside assimilation. Here, we demonstrate how the Joint Effort for Data assimilation Integration (JEDI) framework addresses this gap by offering a unified, modular, and model-agnostic system that integrates data assimilation with systematic evaluation. JEDI enables consistent intercomparisons of observations, forecasts, and reanalyses by interfacing with diverse forecast models and gridded datasets, while leveraging carefully designed observation operators to compute model equivalent quantities for a wide range of observation products. These include satellite instruments such as Tropospheric Emissions: Monitoring of Pollution (TEMPO), The TROPOspheric Monitoring Instrument (TROPOMI), Moderate Resolution Imaging Spectroradiometer (MODIS), Visible Infrared Imaging Radiometer Suite (VIIRS), and Plankton, Aerosol, Cloud, and ocean Ecosystem (PACE), as well as ground-based networks like Aerosol Robotic Network (AERONET), Pandora, and U.S. Environmental Protection Agency (EPA) AirNow. Case studies illustrate the flexibility of this workflow: (1) NO2 forecasts from the Weather Research and Forecasting model coupled with Chemistry (WRF-Chem) evaluated against TEMPO, TROPOMI, and Pandora retrievals; (2) surface fine particulate matter and ozone forecasts from WRF-Chem assessed against AirNow measurements using EPA regulatory thresholds; and (3) aerosol optical depth (AOD) retrievals from multiple satellites compared with Modern-Era Retrospective analysis for Research and Applications, Version 2 (MERRA-2) and validated against AERONET. These examples highlight JEDI's ability to detect systematic regional biases, reconcile complementary sampling characteristics across platforms, and assess the added value of unified observation operators for cross-comparison. Overall, JEDI provides a consistent and extensible framework for model validation and observation assessment, reducing redundant preprocessing and aligning evaluation with operational data assimilation practices, and ultimately advancing both research and operational applications in atmospheric composition."
10.5194/gmd-19-8385-2026,True,Geoscientific Model Development,该论文研究使用多普勒激光雷达观测来评估德国天气预报模型在最低600米大气层中对风和湍流的预测准确性。研究涉及大气湍流参数化、风能规划和空气中颗粒物的风传输，这些都与大气环境遥感技术密切相关，例如空气质量和大气成分分析。,"['Doppler lidar', 'atmospheric turbulence', 'ICON model', 'wind energy', 'airborne particles']",Maike Ahlgrimm;Eileen Päschke,Wind and turbulence evaluation of the ICON model (icon-2026.04) using Doppler lidar observations,"This study uses a new type of observation of wind and turbulence to investigate the accuracy with which the German weather forecasting model predicts these variables in the lowest 600 m of the atmosphere. The model performs adequately during the day, but struggles with both wind and turbulence at night. This is important for wind energy planning and understanding how airborne particles are transported by the wind. The study suggests ways in which the model could be further improved. 
 Turbulence parameterization in numerical weather prediction (NWP) models remains a challenge, particularly as resolution continues to increase. Existing turbulence evaluation methods often rely on high-resolution benchmark simulations which commonly depend on idealized assumptions and boundary conditions. An alternative evaluation method is presented here, based on Doppler lidar (DL) retrievals of wind and turbulent properties in the lower atmospheric boundary layer providing a more realistic representation of atmospheric turbulence. Modern DL retrieval methods enable the derivation of spatio-temporal and physically consistent profiles for wind and turbulence variables, including the turbulent kinetic energy (TKE), eddy dissipation rate (EDR) and turbulent length scale, which are key parameters commonly used in turbulence parameterization. These can be directly compared to their model equivalents, yielding insights into model deficiencies. The evaluation method is demonstrated here by applying it to the TKE scheme “Turbdiff” used in the ICOsahedral Nonhydrostatic (ICON) model, run with 2.1 km horizontal mesh size in the regional NWP configuration at the German Weather Service. Diagnostics for an equitable comparison of observed and simulated TKE are applied, accounting for model contributions on scales equivalent to those of the DL retrieval.Results show that the model successfully represents the broad patterns of the boundary layer temporal evolution over a five-day summer period with convective days and stable nights. Discrepancies are mainly found at night for near-surface layers below the low level jets that form under stable conditions. Here, excessive mixing leads to an overestimate of wind speed, TKE and EDR. Errors in winds are smaller than in TKE and EDR, as expected given the higher uncertainty of parameterized turbulence. The turbulent length scale formulation, stability functions and prescribed minimum diffusivity are identified as potential candidates contributing to this model bias. The TKE diagnostics applied to the model to approximate the scales sampled by the DL retrieval also allow insights into the relative contribution from subgrid-scale and grid-scale processes and indicate that the model is able to flexibly re-partition these contributions according to the dominant scales of the flow.Lastly, the relevance of the demonstrated model performance is illustrated for two applications: the estimation of mixing layer height from EDR for dispersion modeling, and turbulence intensity derived from TKE for applications in the wind energy sector."
10.5194/gmd-19-8349-2026,False,Geoscientific Model Development,该论文主要关注海洋浮游生物动力学模拟，特别是低中营养级层的生物模型（SEAPODYM-LMTL）及其Python实现（SeapoPym）。虽然涉及海洋环境，但与大气环境遥感技术（如空气质量监测、卫星观测、大气成分分析、气溶胶反演）无直接关联。,"['zooplankton', 'ocean temperature', 'biogeochemical forcing', 'SEAPODYM-LMTL', 'SeapoPym']",Jules Victor Lehodey;Alexandre Mignot;Alexandre Ganachaud;Sarah Albernhe;Simon Nicol,SeapoPym v0.1: implementation of the SEAPODYM low and mid trophic levels in Python with a flexible optimization framework,"Marine zooplankton transfer energy from microscopic algae to fish and larger predators. Understanding their distribution helps predict how oceans respond to climate change. We developed SeapoPym, a freely available model that simulates zooplankton using ocean temperature and plant productivity. This tool lets scientists test biological hypotheses and estimate parameters from observations. 
 SEAPODYM-LMTL, the low and mid trophic level component of SEAPODYM, simulates mesozooplankton and micronekton biomass globally as an advection-diffusion-reaction system driven by physical and biogeochemical forcing. Its mesozooplankton parameterization remains incompletely calibrated, and its operational implementation couples the biological equations to spatial transport, so evaluating a parameter set requires running the full spatial model, which makes automated calibration costly. We present SeapoPym v0.1, an open-source Python re-implementation of the SEAPODYM-LMTL biological model that solves the dynamics locally, without transport. We apply it to the single epipelagic mesozooplankton group and estimate its five biological parameters with a covariance matrix adaptation evolution strategy (CMA-ES). Comparison with the operational product shows that omitting transport matters most in strongly advective regions and in cold high-latitude waters, where the long zooplankton life cycle keeps the biomass exposed to advection. At six contrasting stations the difference between the two models stays between 6 % and 12 % of the simulated biomass, five to seven times smaller than the model-observation gap where in-situ records allow that comparison. A Sobol analysis attributes the magnitude of the biomass to the energy-transfer and mortality parameters, and the timing of the seasonal peak to the recruitment parameters. Twin experiments then show that parameter identifiability depends on the environmental regime sampled. Wherever the search converged, energy transfer and mortality were recovered, whereas recruitment was recovered only in cold water. A single cold station constrained all five parameters as well as the six stations combined, so recovery follows the information content of the sampled regime rather than the number of stations. These results hold for noise-free synthetic observations generated by the transport-free model itself and driven by the exact forcing. The next step is to repeat them under realistic sampling and forcing error, then calibrate the model against in-situ records."
10.1029/2026GL124481,True,Geophysical Research Letters,该论文研究的是利用地震噪声进行地下监测的技术，虽然主要关注的是地下结构变化，但地震噪声本身就是一种环境信号，与大气环境中的噪声监测有间接关联。特别是在城市和工业环境中，人为噪声对地下监测的影响需要考虑，这与大气环境监测中的人为干扰问题有相似之处。,"['seismic noise', 'subsurface monitoring', 'REFTION', 'anthropogenic noise', 'seismic velocity change']",Pilar Sánchez‐Pastor;Martin Schimmel;Samuel Jorde;Helena Seivane;Jordi Díaz;Abraham Balaguera;Susana Rodríguez;Montserrat Torné,Source‐Unbiased Subsurface Monitoring With Seismic Noise,"This study addresses a key limitation of seismic noise interferometry for subsurface monitoring: the impact of non‐stationary sources on seismic velocity change estimates. Conventional methods rely on time‐period references, which can inherit source‐related effects when source conditions vary, biasing the estimated velocity changes. This is particularly relevant in urban and industrial environments, where quasi‐monochromatic sources are often present. We show that frequency variations in such signals can produce apparent seismic velocity changes of equivalent magnitude through analytical and numerical analyses. To address this issue, we introduce REFTION, a spatial‐reference approach based on synchronous comparison of correlation functions across seismic stations. We demonstrate its performance in an active open‐pit mine, successfully monitoring a tailings dam under complex noise conditions. By reducing sensitivity to source variability, REFTION enables reliable subsurface monitoring in challenging environments, where anthropogenic noise can be transformed into a valuable monitoring tool."
10.1029/2026GL123183,True,Geophysical Research Letters,该论文研究了利用卫星观测和模型模拟的土壤湿度差异来检测灌溉的方法，这与大气环境遥感技术中的卫星观测、土壤湿度分析、以及地表水循环监测密切相关。虽然主要关注灌溉检测，但其方法和应用背景与大气环境遥感技术有较强的关联性。,"['satellite observations', 'soil moisture', 'air quality monitoring', 'NOAH-MP', 'SMOS']",Christian Massari;Sara Modanesi;Zdenko Heyvaert;Louise Busschaert;Pierre Laluet;Martina Natali;Jacopo Dari;Luca Brocca;Wouter Dorigo;Clement Albergel;Gabriëlle De Lannoy,Detecting Irrigation From Spectral Differences Between Satellite and Modeled Soil Moisture Across the Contiguous United States,"Irrigation alters the terrestrial water cycle, yet its spatial distribution and temporal variability remain poorly constrained because existing data sets often rely on indirect proxies or inventories rather than observations tied to land‐surface water‐balance dynamics. Here, we introduce a wavelet‐based method to detect irrigation from spectral differences between modeled and satellite‐observed soil‐moisture time series, implemented using Noah–MP simulations and Soil Moisture and Ocean Salinity (SMOS) observations. The method, applied across the contiguous United States, exploits differences in seasonal to sub‐seasonal soil‐moisture variability between irrigation‐off model simulations and satellite observations, particularly in the 6–18‐month band, enabling irrigation detection. The resulting soil‐moisture‐based irrigation classification complements high‐resolution optical irrigation data sets, while reflecting the coarse‐scale information contained in SMOS soil moisture. When incorporated into Noah–MP simulations, it improves the distribution of simulated irrigation water use. This framework supports scalable irrigation detection from satellite soil moisture and improved irrigation representation in Earth system models."
10.1029/2026GL122236,False,Geophysical Research Letters,该论文主要研究淡水对北大西洋副极地海表冷却的影响，涉及海洋动力学和气候模型，但与大气环境遥感技术（如空气质量监测、卫星观测、大气成分分析、气溶胶反演）关系不大。,"['sea surface salinity', 'freshwater fluxes', 'ocean dynamics']",Holly C. Ayres;Marilena Oltmanns,"Freshwater‐Induced Surface Cooling of the Subpolar North Atlantic in a Large‐Ensemble, High‐Resolution, Coupled Model","As a gateway between the Arctic and subtropics, the subpolar North Atlantic plays a key role in large‐scale climate variability. In recent decades, the region has experienced pronounced freshening. While much attention has been paid to the expected long‐term weakening of the Atlantic Meridional Overturning Circulation, the impact of freshwater on surface fluxes and seasonal to decadal air‐sea coupling remains poorly understood. Here, we explore the detailed mechanism by which the sea surface salinity in the subpolar gyre is linked to the local sea surface cooling with the CANARI Large Ensemble of the HadGEM3‐GC3.1 climate model. Our analyses suggest that freshwater fluxes modulate upper ocean dynamics, which enhance local cooling in winter and can explain the North Atlantic warming hole without the need to invoke large‐scale ocean circulation changes as a driver. Moreover, by shaping the local air‐sea heat fluxes, the freshening can have further‐reaching implications."
10.1029/2026GL124281,True,Geophysical Research Letters,该论文研究了使用热红外（TIR）和被动微波（MW）观测数据联合反演云光学厚度（COT）的技术，旨在解决仅使用TIR数据时云顶辐射的物理模糊性问题。这与大气环境遥感技术密切相关，特别是云层监测和卫星观测领域。,"['thermal infrared (TIR)', 'passive microwave (MW)', 'cloud optical thickness (COT)', 'machine learning', 'satellite observations']",Chao Liu;Xiaoou Sun;Yikun Yang;Quan Wang;Chen Zhou;Bo Li;Xiuqing Hu;Byung‐Ju Sohn;Jonathan H. Jiang;Peng Zhang,Resolving the Physical Ambiguity of Passive Infrared Cloud Optical Thickness Retrievals With Microwave Observations,"Satellite thermal infrared (TIR) observations, combined with machine‐learning methods, enable nighttime retrievals of cloud optical thickness (COT), but their cloud‐top‐dominated radiances provide ambiguous information for optically thick clouds. Passive microwave (MW) observations provide complementary sensitivity to column‐integrated liquid/ice clouds. Here we quantify this benefit by combining TIR and MW brightness temperatures within a U‐Net COT retrieval framework. Relative to a TIR‐only baseline, adding MW channels (TIR‐MW) increases the correlation with MODIS MYD06 COT from 0.70 to 0.77, and reduces mean absolute error by 18.3% on an independent test set. Improvements are largest for optically moderate‐to‐large clouds, where TIR‐only retrievals suffer from cloud‐top saturation and structural ambiguity. Results demonstrate that TIR‐MW synergy provides physically complementary, column‐integrated constraints that improve passive COT retrievals, strengthen the physical basis of machine‐learning cloud property retrievals, and reduce their tendency to underestimate optically thick clouds. This TIR‐MW integration strategy provides a physically grounded pathway for all‐day cloud‐property retrievals."
10.1029/2026GL122871,True,Geophysical Research Letters,该论文研究了SWOT卫星任务在全球范围内对河流排水的估计精度，并与大规模水动力模型和现场观测进行了比较，这与大气环境遥感技术中的空气质量监测、卫星观测和大气成分分析密切相关。,"['SWOT', 'river discharge', 'satellite mission', 'atmospheric composition analysis']",Laila Jover;Augusto Getirana;Colin Gleason;Heejin An;Sydney Crisanti;Eduardo Dose;John B. Eylander;Iván Hellwig;Waldo Lavado;Jean‐Michel Martinez;Jorge Luis Sanchez Lozano;William Santini;Mariana Sosa;Venkataraman Lakshmi,SWOT Discharge Accuracy Benchmarked in South America,"The Surface Water and Ocean Topography (SWOT) satellite mission offers unprecedented estimates of global river discharge. This study provides a first continental‐scale assessment of SWOT Consensus discharge performance across South America and compares it with a large‐scale hydrodynamic model and in situ observations. Consensus generally exhibits higher skill with a median Kling‐Gupta Efficiency (0.43) across the 569 benchmarked reaches. Performance varies systematically with physiographic settings. Random Forest and Spearman correlation analyses identify slope and distance to outlet as the top‐ranked controls among the variables tested, though no single variable explains performance, reflecting its multi‐dimensional nature. Consensus discharge inherits systematic bias from its machine learning prior, and substantial unexplained variability highlights that further work is needed to fully diagnose low‐skill reaches."
10.1029/2026GL122836,False,Geophysical Research Letters,该论文研究的是 Lipari 岛下的火山 plumbing 系统，主要使用地震矩阵成像技术来分析地下的结构和构造，与大气环境遥感技术（如空气质量监测、卫星观测等）没有直接关系。,"['seismic matrix imaging', 'fault zone', 'hydrothermal system']",Jia Wei;Qiancheng Liu;Ling Chen,Fault‐Controlled Plumbing System Beneath Lipari Volcanic Island Revealed by Seismic Matrix Imaging,"Lipari Island hosts an active magmatic–hydrothermal system, but its deep plumbing architecture remains poorly resolved due to strong seismic scattering. We apply passive seismic matrix imaging to public vertical‐component cross‐correlation functions from the dense 2018 Lipari nodal array, recovering relative‐reflectivity structures to ∼10 km depth. The images delineate steep reflectors aligned with the Tindari–Letojanni fault, consistent with a damage‐zone geometry that may focus magma and fluid transfer. Beneath the San Calogero hydrothermal field, a continuous reflector at 1–2 km depth is consistent with a contact between an altered shallow cap and a more competent intrusion complex, as suggested by reflectivity and published velocity constraints. Together, these features define a structural framework in which tectonically guided vertical transfer may connect with laterally partitioned shallow storage and possible hydrothermal sealing. This architecture provides a basis for interpreting magma–fluid transfer and identifies targets for monitoring hydrothermal pressure changes and fault‐zone seismicity."
10.1029/2026GL123300,True,Geophysical Research Letters,该论文研究厄尔尼诺-南方涛动（ENSO）对欧亚大西洋环流的影响，涉及热带海表温度异常和大气角动量等大气环境参数，与大气环境遥感技术（如卫星观测和大气成分分析）密切相关，因此相关性较强。,"['ENSO', 'Euro‐Atlantic Circulation', 'tropical SST anomalies', 'atmospheric angular momentum']",Christopher H. O’Reilly;Paul‐Henri Haderle;Laura Baker,The Impact of ENSO on Euro‐Atlantic Circulation a Year Later via Long‐Lived Tropical SST Anomalies,"The second winter response to ENSO in the Euro‐Atlantic sector is a surprising recent discovery, however, the underlying mechanisms remain uncertain and are challenging to determine from observations. Here we revisit the second winter response to ENSO using multiple large ensemble climate model simulations to examine its robustness and possible causes. Almost all the models demonstrate a significant second winter response in the Euro‐Atlantic sector, typically resembling positive phases of the North Atlantic Oscillation and/or East Atlantic pattern, but with a large variation across models. The models have strong, long‐lived anomalies in both tropical SSTs and atmospheric angular momentum into the second winter also with variation across models. A maximum covariance analysis approach shows that the preceding tropical SST anomalies explain almost the entire Euro‐Atlantic circulation anomalies. Further analysis reveals that the long‐lived SST anomalies generate substantial tropical precipitation anomalies and associated large‐scale teleconnection patterns in the northern extratropics."
10.1029/2026GL125818,False,Geophysical Research Letters,该论文研究的是粗糙裂隙中的流体惯性对流动图和晚溶质路径的影响，主要涉及流体力学和裂隙介质中的传输过程，与大气环境遥感技术（如空气质量监测、卫星观测、大气成分分析、气溶胶反演等）关系不大。,"['fracture', 'flow', 'recirculation']",Xiaoli Liu;Shuai Zhang;Jianguo Wang;Wenxi Fu;Fei Ye,Fluid Inertia Rewires Flow Graphs and Selects Late Solute Paths in a Rough Fracture,"Graph models of fractured media commonly vary edge weights while retaining one directed topology. We tested this assumption in a measured three‐dimensional rough fracture using steady Navier‐Stokes flow, flux‐closure recirculation zones, directed voxel graphs, and conservative graph transport. As the Reynolds numbers increased from 5 to 400, 11.9% of common edges reversed direction, cyclic nodes expanded from 0.073% to 14.35%, and the number of significant recirculation zones increased from 0 to 65. Median and 90th‐percentile travel times changed little, but the 99th percentile increased by 16.8% as late paths increasingly accessed recirculation‐linked strongly connected components. At the high flow rate, a uniformly scaled low‐inertia graph underpredicted the 99th percentile by 16.1%; matching the global Peclet number also failed to collapse transport. The results show that edge directions vary with Reynolds number and carry information about late retention associated with inertial recirculation."
10.1029/2026JD046694,True,Journal of Geophysical Research: Atmospheres,该论文研究黑碳（BC）的混合状态异质性，涉及大气成分分析和全球气候模型，与大气环境遥感技术密切相关，特别是空气质量监测和大气成分分析。,"['black carbon', 'machine learning', 'atmospheric composition', 'global climate models', 'RBC']",Junchang Wang;Wenxiang Shen;Minghuai Wang;Zhonghua Zheng;Fei Jiang;Te Li;Yawen Liu;Man Yue;Xinyi Dong;Hanzheng Zhu;Xinyue Shao;Chenchao Zhan;Xiaotian Xu,Quantifying Black Carbon Mixing State Heterogeneity Using a Machine Learning Model,"The climate impact of black carbon (BC) is strongly sensitive to the mass ratio of non‐BC coatings to BC (RBC). However, current global climate models (GCMs) typically assume a uniform composition within individual BC‐containing particle populations, neglecting the significant particle‐to‐particle RBC heterogeneity. To address this, we train a machine learning (ML) emulator using high‐fidelity particle‐resolved model (PartMC‐MOSAIC) simulations, and then integrate the ML emulator with the Community Atmosphere Model version 6 (CAM6) to quantify global RBC distributions. By integrating k‐means clustering with multi‐metric cross‐validation on PartMC‐MOSAIC data, we identify three distinct patterns corresponding to progressive aging: long‐tailed (fresh BC), bimodal (transitional BC), and unimodal (aged BC), accurately fitted using Gamma, Bi‐Gaussian, and Gaussian functions, respectively. Our trained ML emulator predicts both the RBC pattern categories (81% overall accuracy) and their specific function parameters with coefficients of determination (R2) above 0.62 for all the parameters. We utilize offline CAM6 outputs to drive the ML emulator for global predictions, yielding RBC distributions highly consistent with multi‐site field observations (R2 > 0.74). Ultimately, global quantification reveals three distinct regimes with the following occurrence frequencies: the bimodal regime (16%) with the strongest heterogeneity (coefficient of variation, CV > 1), the unimodal distribution (70%) with the highest homogeneity (CV < 0.4), and the long‐tailed regime (14%, CV < 0.6). This study establishes a robust ML framework for BC mixing state heterogeneity, providing a critical tool for improving BC parameterizations and radiative forcing assessments within GCMs."
10.1029/2025JD045827,True,Journal of Geophysical Research: Atmospheres,该论文研究了喷雾在高风速环境下对海-气通量的影响，涉及大气边界层和湍流相互作用，这与大气环境遥感技术中的空气质量监测和大气成分分析密切相关。,"['air-sea fluxes', 'spray', 'hurricane boundary layer', 'large-eddy simulation', 'atmospheric composition']",David H. Richter;George Bryan;John Dennis;Jian Sun;Sheri Voelz,Large‐Eddy Simulation of the Spray‐Laden Hurricane Boundary Layer: II. Spray Impacts on Air‐Sea Fluxes,"The effects of spray on air‐sea fluxes in high‐wind environments have been studied for decades, and several models have been developed and implemented. Owing to the difficulties in making direct measurements in these conditions, however, many process‐level details of spray‐turbulence interaction remain unknown, and certain assumptions must often be made regarding droplet lifetimes and their interaction with background conditions. This work represents Part II of a study where the spray‐laden hurricane boundary layer is resolved using large‐eddy simulation. Here we focus on the effects of spray on air‐sea fluxes of heat, moisture, and momentum, and investigate the potential modifications to the bulk flux coefficients CD ${C}_{D}$, CH ${C}_{H}$, and CE ${C}_{E}$. The simulations show an increase in the drag coefficient CD ${C}_{D}$—a numerical artifact reflecting the fact that the winds must accelerate all newly formed droplets. Unresolved wave breaking and near‐surface turbulence are likely important factors not contained in the simulations. Spray impacts on thermodynamic fluxes, on the other hand, are largely controlled by background humidity and suspended spray mass, and we demonstrate a process where spray can actually limit its own influence by saturating the boundary layer. The simulations are also used to show that bulk models which rely on assuming that all spray‐mediated fluxes are caused by re‐entrant droplets might be inaccurate, since they do not account for the vertically distributed source/sink of heat and moisture caused by the potentially large number of small droplets which have escaped the surface layer."
10.1029/2025JD045656,True,Journal of Geophysical Research: Atmospheres,该论文研究了北极海面近地面风速的变化及其驱动因素，涉及大气环境的长期变化和趋势，与大气环境遥感技术（如空气质量监测、卫星观测、大气成分分析、气溶胶反演）密切相关。,"['near surface wind speed', 'Arctic Ocean', 'ERA5 reanalysis', 'CESM2 simulations']",Xingmei Li;Shixuan Song;Yetang Wang;Zhaosheng Zhai;Yulun Zhang;Shugui Hou,Attributing Variations of Winter and Summer Near Surface Wind Speeds Over the Arctic Ocean,"Changes in near surface wind speeds (NSWS) over the Arctic Ocean play a critical role in regulating sea ice drift, the surface energy budget, and sea ice‐atmosphere interactions. However, the drivers behind their long‐term variability and trends remain poorly understood. Here, we use ERA5 reanalysis and CESM2 simulations to quantify the relative contributions of internal variability and external forcing to winter and summer NSWS changes since 1940. While NSWS in both seasons exhibit significant increasing trends during 1940–2014, their underlying mechanisms differ. External forcing explains about 60% of winter NSWS variations. In contrast, summer NSWS variability is largely controlled by internal climate variability. Furthermore, the dominant external forcing affecting winter NSWS shifts around 1970: anthropogenic aerosols are the main driver before 1970, whereas greenhouse gases prevail afterward. These findings underscore that the distinct physical processes govern seasonal Arctic NSWS variability, thereby improving our understanding of regional climate evolution."
10.1029/2025GH001799,False,GeoHealth,该论文主要关注环境正义研究趋势和地球科学学科参与的障碍，并未涉及大气环境遥感技术，如空气质量监测、卫星观测、大气成分分析或气溶胶反演等。,[],Omar Rosales Cortez;Catherine Chen,Where on Earth Are the Earth Sciences? A Mixed‐Methods Study of Environmental Justice Research Trends and Roadblocks to Engagement,"Environmental justice (EJ) research relies on expertise from multiple disciplines to address community‐specific health risks and inequities. EJ is an inherently transdisciplinary framework, yet the expansion of EJ scholarship has not occurred evenly across academic disciplines. Understanding disciplinary contributions is essential for identifying gaps in knowledge and practice. This research employed a mixed‐method approach to investigate EJ research trends and roadblocks to engagement. Study 1 used a bibliometric analysis of Scopus‐indexed publications and found that Environmental science and Social sciences were the leading contributors to EJ scholarship. Earth sciences ranked only seventh in EJ research volume by proportion and exhibited comparatively stagnant growth. Study 2 investigated this discrepancy through a survey of Earth scientists (N = 460) examining perceived barriers to EJ engagement. Results indicated that career stage was a significant predictor of EJ familiarity and community involvement: early‐career Earth scientists were more familiar with EJ but were less involved in their communities' environmental issues than their late‐career counterparts. Race and ethnicity were also associated with differences in perceived funding difficulty, with White respondents reporting fewer challenges in securing support for EJ‐related projects. Taken together, these studies assess EJ engagement within the Earth sciences and identify structural and experiential factors that may limit participation. Identifying disciplinary gaps and roadblocks helps integrate Earth sciences into EJ scholarship and increase research on environmental health and equity."
10.1038/s41586-026-11118-x,False,Nature,该论文主要研究的是基因编辑技术在人类胚胎中的应用，特别是针对PCSK9基因的碱基编辑及其对胚胎发育的影响，与大气环境遥感技术无关。,"['PCSK9', 'base editing', 'human embryo']",Stepan Jerabek;Chanju Jung;Michelle Kappy;Qiaojin Zhao;Julie Sung;Ning Wang;Euihyun Kim;Jimin Kim;Marcos Iuri Roos Kulmann;Madeleine Bliss King;Mitchell John McAndrew;Meng Li;Sakshi Bhatele;Melisa Isado;Hong-Su Jang;Michal Dolezal;Robert Prosser;Shuangyi Xu;Gue-Ho Hwang;Iva Pichova;Jia Xu;Diego Marin;Jae-Sung Woo;Sangsu Bae;Nathan Treff;Audrone Lapinaite;Dieter Egli,Highly efficient base editing at <i>PCSK9</i> and normal human embryo development,"Highly efficient base editing at <i>PCSK9</i> and normal human embryo development 
 Cas9-based tools enable programmable DNA lesions for studying repair outcomes, gene function, and genome correction. In human embryos, Cas9-induced DNA double-strand breaks are genotoxic, causing frequent aneuploidy and large deletions1,2. Here, we evaluate DNA repair outcomes at nicks and mismatches introduced by base editors at the PCSK9 and HBG loci in human embryos. Delivering ABE8e-V106W as a protein at fertilization achieved editing at all PCSK9 alleles, supporting development to the blastocyst stage and the derivation of homozygous edited stem cell lines. No insertions or deletions were detected, although rare on-target chromosome breakage and chromosomal abnormalities occurred. Nevertheless, editing at bystander and off-target sites was mosaic, and the introduction of the editor as mRNA caused frequent embryo arrest due to guide-independent deaminase activity. Thus, unlike Cas9-induced DNA breaks, base editor-induced lesions are efficiently repaired. However, undesirable consequences for the genome and development can occur, currently precluding clinical use in reproduction."
10.1038/d41586-026-02843-4,False,Nature,这篇论文的主题是关于电话辅导对学生在学校关闭时数学成绩的影响，与大气环境遥感技术（如空气质量监测、卫星观测、大气成分分析、气溶胶反演）无关。,[],Benjamin Thompson,Phone tutoring boosts math scores when schools are forced to close,"Evidence suggests that regular calls can keep kids learning when schooling is disrupted — plus, why a familiar world map may be about to change. 
 Evidence suggests that regular calls can keep kids learning when schooling is disrupted — plus, why a familiar world map may be about to change. Hear the biggest stories from the world of science | 09 September 2026"
10.1038/d41586-026-02751-7,False,Nature,该论文标题和摘要主要讨论人工智能如何影响博士项目，以及使用人工智能进行研究的潜在风险，没有涉及大气环境遥感技术相关的具体内容，如空气质量监测、卫星观测、大气成分分析或气溶胶反演等。,[],David Payne,How AI is changing PhD programmes: join our free webinar,"Learn how artificial intelligence can hone your research skills as well as the potential pitfalls of relying too heavily on it. 
 Learn how artificial intelligence can hone your research skills as well as the potential pitfalls of relying too heavily on it."
10.1038/d41586-026-02823-8,False,Nature,该论文的标题和摘要主要讨论的是使用修改后的微生物制造和递送抗癌药物，这与大气环境遥感技术（如空气质量监测、卫星观测、大气成分分析、气溶胶反演）无关。,[],,Bacteria recruited to treat cancer,"Anticancer drugs could be manufactured and delivered by modified microorganisms. 
 Anticancer drugs could be manufactured and delivered by modified microorganisms."
10.1038/s41586-026-11025-1,False,Nature,该论文主要关注生物分子构象转变的计算模拟方法，涉及蛋白质折叠、变构和膜转运等生物功能，不直接涉及大气环境遥感技术，如空气质量监测、卫星观测或大气成分分析等。,"['biomolecular', 'transition pathways', 'computational cost']",Chenyu Tang;Mayank Prakash Pandey;Cheng Giuseppe Chen;Alberto Megías;François Dehez;Christophe Chipot,Breaking timescales with generative sampling of conformational transitions,"A generative committor-guided path-sampling framework reconstructs rare biomolecular transition pathways and reveals the underlying thermodynamics and kinetics without using predefined collective variables or brute-force sampling, at an acceptable computational cost. 
 Molecular transitions, including protein folding, allostery and membrane transport, are central to biological functions, yet remain notoriously difficult to simulate. Their intrinsic rarity places them beyond the reach of standard molecular dynamics, whereas enhanced-sampling strategies are computationally demanding and often depend on arbitrarily chosen parameters and variables that bias outcomes1–3. Here we introduce Gen-COMPAS, a generative committor-guided path-sampling framework that reconstructs transition pathways without predefined collective variables and at acceptable computational cost. Gen-COMPAS couples a denoising diffusion probabilistic model, which produces structurally plausible intermediate targets, with committor-based filtering to identify transition states4,5. Short unbiased simulations from these intermediates yield transition-region ensembles at nanosecond-to-submicrosecond aggregate sampling scales for which conventional approaches require orders of magnitude more sampling. Applied to systems ranging from a miniprotein to a pentameric, ligand-gated ion channel, Gen-COMPAS recovers committors, transition states and free-energy landscapes from known end-point structures alone, without predefined reaction coordinates or prior mechanistic knowledge, thereby providing a computationally tractable route to mechanistic insight in biomolecular systems that have so far resisted conventional simulation approaches. A generative committor-guided path-sampling framework reconstructs rare biomolecular transition pathways and reveals the underlying thermodynamics and kinetics without using predefined collective variables or brute-force sampling, at an acceptable computational cost."
10.1038/s41586-026-11039-9,False,Nature,该论文研究的是家族内部基因 ancestry 对复杂性状（如身高和 2 型糖尿病）的影响，与大气环境遥感技术（如空气质量监测、卫星观测、大气成分分析、气溶胶反演）无关。,[],Siqi Wang;Jaime Berumen;Alejandra Vergara-Lope;Paulina Baca;Elizabeth Barrera;Fernando Rivas;Diego Aguilar-Ramirez;Rory Collins;Jonathan R. Emberson;Michael Hill;Michael E. Goddard;Loic Yengo;Alexander Strudwick Young;Jesus Alegre-Díaz;Pablo Kuri-Morales;Roberto Tapia-Conyer;Jason M. Torres;Peter M. Visscher,Within-family effect of ancestry on complex traits in a Mexican population,"This study uses a within-family design to identify significant ancestry differences in complex traits such as height and type 2 diabetes in a genetically diverse population from Mexico City. 
 Human populations differ in disease prevalence and phenotypes, but the extent to which differences are caused by genetic factors is unknown for most complex traits. Comparing phenotypic means across populations is confounded by environmental differences and using polygenic predictors can lead to biased inference1,2. Family-based analyses of people of genetically admixed ancestry enable estimation of ancestry effects unconfounded by ancestry–environment correlations. Here we leverage genetic data from admixed adults in the Mexico City Prospective Study3,4 to estimate within-family ancestry effects5. We assessed genetic ancestry and 15 complex traits in 52,583 unrelated people and 39,714 relatives from 17,627 families. At the population level, relative to European ancestry, the effect of Indigenous American ancestry was −1.98 s.d. (P < 2 × 10−16) for height and a natural log odds ratio of 1.73 (95% confidence interval, 1.54–1.92) for type 2 diabetes. Within families, the effect of Indigenous American ancestry was −1.51 s.d. (P = 10−8) for height and natural log odds ratio of 5.13 (95% confidence interval, 2.48–7.78) for type 2 diabetes. These effects are supported by between-ancestry differences in trait-increasing allele counts and evidence of selection at trait-associated loci. We found no within-family ancestry effect on educational attainment or other traits despite significant associations at the population level, implying environmental causes or confounding. Overall, this study provides an experimental design to study between-ancestry genetic effects and identifies significant ancestry differences for height, type 2 diabetes and metabolic traits in a genetically diverse population from Mexico City. This study uses a within-family design to identify significant ancestry differences in complex traits such as height and type 2 diabetes in a genetically diverse population from Mexico City."
10.1038/s41586-026-10876-y,False,Nature,该论文研究的是神经科学领域，具体探讨的是小鼠大脑皮层中的长程抑制神经元如何促进皮质同步和睡眠，与大气环境遥感技术（如空气质量监测、卫星观测、大气成分分析、气溶胶反演等）无关。,[],Jacob M. Ratliff;Geoffrey Terral;Arenski Vazquez;Stefano Lutzu;Arena Manning;Nelson Perez-Catalan;Gabriela Neubert da Silva;Soyoun Kim;Julie Mota;Matt Mallory;Bianca Stith;Charu Ramakrishnan;Gianna Mattessich;Lief E. Fenno;Tanya Daigle;David A. Stafford;Hongkui Zeng;Bosiljka Tasic;Staci Sorensen;Karl Deisseroth;John Ngai;Thomas S. Kilduff;Lucas Sjulson;Stephanie Rudolph;Renata Batista-Brito,Neocortical long-range inhibition promotes cortical synchrony and sleep,"In mice, a sparse population of sleep-active long-range inhibitory neurons in the neocortex promote widespread cortical synchronization and sleep, revealing a cortical mechanism that contributes to the regulation of sleep. 
 Sleep and wakefulness are associated with distinct cortical patterns of rhythmic activity1. During low-arousal states such as slow-wave sleep, synchronous low-frequency rhythms dominate activity across widespread cortical regions. Although inhibitory neurons are increasingly recognized as key regulators of cortical state2–4, the circuit mechanisms that coordinate synchronized activity across local and distant neocortical networks in vivo remain poorly understood. Here we show in mice that cells co-expressing somatostatin (Sst) and chondrolectin (Chodl)—which constitute a sparse and genetically distinct class of neocortical GABAergic inhibitory neurons—are selectively active during low-arousal states and mostly silent during periods of high arousal. In contrast to most neocortical inhibitory neurons, Sst-Chodl cells, despite being extremely sparse, exert widespread influence across the neocortex, through long-range axons that target multiple regions simultaneously. Selective activation of Sst-Chodl cells is sufficient to promote the multi-region cortical synchronization that is characteristic of low-arousal states and to induce sleep. Together, these findings show that long-range Sst-Chodl inhibitory neurons not only track behavioural state, but can also actively promote synchronized cortical activity and sleep behaviour, highlighting that cortical circuits have a key role in sleep regulation, alongside established subcortical mechanisms. In mice, a sparse population of sleep-active long-range inhibitory neurons in the neocortex promote widespread cortical synchronization and sleep, revealing a cortical mechanism that contributes to the regulation of sleep."
10.1038/s41586-026-11001-9,False,Nature,该论文主要关注的是基于蛋白质组学的虚拟细胞模型，用于药物发现，与大气环境遥感技术（如空气质量监测、卫星观测、大气成分分析、气溶胶反演）没有直接关系。,"['virtual cell model', 'drug discovery', 'proteomics']",Rui Sun;Liujia Qian;Yongge Li;Tong Liu;Honghan Cheng;Xuedong Zhang;Xueya Zhou;Yuecheng Zhan;Guangmei Zhang;Zhengchao Luo;Kunpeng Ma;Chunlong Wu;Dongchen Ji;Zhangzhi Xue;Hongxue Meng;Yuhang Xiang;Dingwei Lei;Qianhe Zhou;Wenbin Hu;Yuhan Deng;Lingling Tan;Qi Xiao;Zhiwei Liu;Lei Zeng;Liqin Qian;Xuan Zheng;Qiong Hu;Nianzi Luo;Weinan E;Peijie Zhou;Han Wen;Yi Zhu;Tiannan Guo,An operational perturbation proteomics-based virtual cell model,"Temporal protein-abundance measurements from systematically perturbed breast cancer cell lines were generated to develop ProteinTalks, a virtual cell model that functions as an operational tool for diverse drug discovery tasks. 
 Artificial intelligence-empowered virtual cell models represent an emerging approach for in silico drug discovery1–3, yet most existing approaches lack large-scale, time-resolved perturbation proteomics data and interpretable frameworks for predicting therapeutic responses. Here we generated more than 38 million temporal protein-abundance measurements from systematically perturbed breast cancer cell lines, and developed ProteinTalks, a virtual cell model. Central to ProteinTalks is the synergy of this large-scale dynamic proteomic resource and the model architecture, enabling a new pretraining framework that learns transferable dynamical latent representations from temporal proteome trajectories. By modelling how proteins respond conditionally to different perturbations, this approach enables the model to function as an operational tool for diverse drug discovery tasks: predicting drug efficacy and synergy, discovering new drug combinations, probing proteins associated with drug resistance, stratifying patient responses and prioritizing drug candidates for patient organoids. It also shows robust transferability, extending beyond cell lines to patient-derived organoids and clinical biopsies, generally achieving higher performance than the selected benchmark implementations under the evaluated protocols. Together, ProteinTalks shows how scalable pretraining of transferable dynamic representations enables operational, dynamics-aware, proteomics-based virtual cell models to advance in silico drug discovery. Temporal protein-abundance measurements from systematically perturbed breast cancer cell lines were generated to develop ProteinTalks, a virtual cell model that functions as an operational tool for diverse drug discovery tasks."
10.1038/s41586-026-10954-1,False,Nature,该论文研究的是肿瘤相关免疫调节机制，涉及巨噬细胞和免疫检查点，与大气环境遥感技术无关。,"['macrophages', 'PLA2G2D', 'tumour-draining lymph nodes', 'anti-tumour immunity']",Anneloes van Krimpen;Julie Huang;Mike Eterman;Vivian Gerretsen;Michihisa Umetani;Josephine C. Janssen;Menno van Nimwegen;Nina Rozendaal;Thierry P. P. van den Bosch;Xinguo Jiang;Kathryn Logronio;Angela Z. Liu;Yun-Ru Liu;Yuki Nagasaki;Makoto Murakami;Anne Onrust-Van Schoonhoven;Asabi Leliveld;Disha Vadgama;Hedwig Langeveld;Rogier van Wijck;Eric Bindels;Jan von der Thüsen;Antien Mooyaart;Febe van Maldegem;Claudia M. Brenis;Stijn Verwaerde;Rudi W. Hendriks;Bart N. Lambrecht;Dirk J. Grünhagen;Cornelis Verhoef;Joachim G. J. V. Aerts;Li-Fen Lee;Kan V. Lu;Ralph Stadhouders;Floris Dammeijer,PLA2G2D in tumour-draining lymph nodes regulates anti-tumour immunity,"A specific population of macrophages that express high levels of the enzyme PLA2G2D in tumour-draining lymph nodes is associated with poor prognosis in patients, and inhibiting PLA2G2D improves anti-tumour immunity in mouse models. 
 Systemic anti-tumour immunity results from T cell priming in tumour-draining lymph nodes (TDLNs)1–4. Although the suppression of T cells in tumours is well characterized5–8, whether this occurs in TDLNs—and if so, through which mechanisms—remains poorly understood. Here, using imaging mass cytometry of TDLNs from patients with melanoma, we identify a spatial neighbourhood in the TDLN paracortex that is linked to the development of distant metastases. Targeted spatial transcriptomics of cells inside this neighbourhood revealed activated CD8+ T cells engaging with myeloid cells that expressed high levels of the immunosuppressive secretory phospholipase PLA2G2D. PLA2G2D+ myeloid cells were substantially more abundant in TDLNs than they were in primary tumours or metastases. Genetic loss-of-function or antibody-mediated inhibition of PLA2G2D reduced tumour growth markedly, and single-cell transcriptomics in melanoma-bearing mice revealed that expression of Pla2g2d is confined to lymph-node macrophages. Mechanistically, PLA2G2D directly suppressed the early proliferation of T cells in vitro, and inhibiting PLA2G2D resulted in an expansion of tumour-specific T cells in TDLNs, leading to an increase in these T cells in the circulation and subsequently in tumours. Notably, PLA2G2D and PD-1 act as non-redundant immune checkpoints, with combination treatment showing additive or synergistic efficacy in humanized mice treated with human-specific antibodies. Collectively, our in-depth spatial profiling identifies PLA2G2D as a TDLN-centred targetable immune checkpoint for cancer immunotherapy. A specific population of macrophages that express high levels of the enzyme PLA2G2D in tumour-draining lymph nodes is associated with poor prognosis in patients, and inhibiting PLA2G2D improves anti-tumour immunity in mouse models."
10.1038/s41586-026-10968-9,False,Nature,该论文主要研究的是一种基于光控制聚合物发泡的高分辨率生物模拟印刷平台，涉及光化学、微结构制造等领域，与大气环境遥感技术（如空气质量监测、卫星观测等）没有直接关系。,"['photopolymers', 'foaming', 'microstructures']",Detao Qin;Xianghui Liu;Baian Kuang;Yuzhe Zhang;Masateru Ito;Tatsuya Katsuno;Yuan Liu;Jianduo Zhang;Claudia Rosa;Meifang Zhu;Mikihito Takenaka;Hiroshi Imahori;Ganesh N. Pandian;Taiki Yanagishima;Easan Sivaniah,Foaming photopolymers as a high-resolution biomimetic printing platform,"Deep-foam photolithography uses light-controlled polymer foaming to create high-resolution, multifunctional microstructures with tunable optical, wetting and fluid-handling properties for advanced manufacturing applications. 
 Nature creates a diverse range of foam-like materials, from bones to banana peels, through a rich orchestration of physical and biochemical processes across hierarchical length scales1. Here, we introduce deep-foam photolithography, a spatially controlled, light-induced foaming process in which a photosensitized polymer film is exposed to deeply penetrating UV-A light, which initiates the production of both scission and crosslinked polymers throughout the depth of the film. Hypotonically driven case II permeation2 of a weak solvent triggers pore nucleation, expansion and a controllable viscoelastic collapse to create foams through a localized solubilization of polymer fragments within a crosslinked network. The resemblance to amorphous structural whites in nature enables inkless printing in white and greyscale; the resolution is high enough (about 20,000 dots per inch) to generate diffractive colour. This uniquely allows the printing of mechanically expanded and collapsed foams with high aspect ratios (20×); controlled collapse creates hierarchically rough surfaces with lotus-like super-hydrophobicity. Deep-foam photolithography is applied to both films and fibres, using a range of amorphous and semi-crystalline polymeric materials. Patterning μm-level spatial differences in foamability, wettability, optical properties and local thickness enables high-resolution printing, microfluidics and picolitre capture of liquids and colloidal matter. Deep-foam photolithography uses light-controlled polymer foaming to create high-resolution, multifunctional microstructures with tunable optical, wetting and fluid-handling properties for advanced manufacturing applications."
10.1038/s41586-026-11004-6,False,Nature,该论文主要关注使用卫星数据研究冲突和暴力，而不是大气环境遥感技术，如空气质量监测、卫星观测或大气成分分析。,"['satellite-derived data', 'war-damage', 'conflict research']",Valerie Sticher;Corinne Bara;Jenniina Kotajoki;Lars Bromley;Thierry Crevoisier;Emanuele Dalsasso;Olivier Dietrich;Karsten Donnay;Filip Dorm;Manuel Fiol;Xi Li;Mikael Hiberg Naghizadeh;Corey Scher;Jamon Van Den Hoek;Konrad Schindler;Devis Tuia;Jan Dirk Wegner,Advancing conflict research and response through satellite-derived data,"Integrating satellite-derived war-damage data with text-based fatality records through improvement, enrichment and fusion mitigates limitations inherent in each source, revealing complex violence dynamics beyond fatality-centric paradigms, as case studies from Ukraine and Myanmar illustrate. 
 With armed conflicts at a historic high and attacks on civilians rising1, understanding the evolving nature of conflict is a critical research priority. The current paradigm in conflict research relies heavily on text-based data, using fatalities as the primary—and often sole—proxy for violence intensity. Although these data have expanded our ability to study armed conflict, they exhibit inherent limitations due to uneven human reporting2–6. War damage assessments based on satellite data7–13 offer a complementary perspective. Satellite-derived data have their own limitations, but these arise from different mechanisms, creating distinct, complementary strengths that can be leveraged through data integration. Here we propose three concrete approaches to integration: improvement, enrichment and fusion. Each bridges a different gap in the underlying data sources. We use case studies from Ukraine and Myanmar to illustrate how integration can be implemented in practice and the novel analytical insights that emerge. Prioritizing data integration enables a paradigm shift away from fatality-centric research towards a broader spectrum of violence, revealing the complexity of conflict dynamics. Integrating satellite-derived war-damage data with text-based fatality records through improvement, enrichment and fusion mitigates limitations inherent in each source, revealing complex violence dynamics beyond fatality-centric paradigms, as case studies from Ukraine and Myanmar illustrate."
10.1038/s41586-026-10997-4,False,Nature,该论文主要研究的是 Denisovan 人的生态、行为和文化遗产，与大气环境遥感技术（如空气质量监测、卫星观测、大气成分分析、气溶胶反演）无关。,[],Qijun Ruan;Hao Li;Song Xing;Keliang Zhao;Jianhui Liu;Clément Zanolli;Luc Doyon;Davide Delpiano;Marco Peresani;Francesco d’Errico;Fabrice Demeter;Jean-Jacques Hublin;Peiyuan Xiao;Yuqing Wang;Zhenxiu Jia;Qingjiang Yang;Qiaomei Fu;Qiyahui Sun;Yuhao Zhao;Sungui Lin;Anchuan Fan;Youping Wang;Qingfeng Shao;Bo Li;Fahu Chen,Denisovans from southwestern China and their subsistence strategies,"Evidence from Bianfu Cave shows specialized hunting, expedient stone-tool production and extensive bone use of Denisovans, providing new insights into their ecology, behaviour and cultural legacy in eastern Asia. 
 Growing fossil and genomic evidence has substantially advanced our understanding of Denisovans’ evolutionary history1–9, yet their technological behaviours and subsistence strategies remain poorly documented. Here we present a comprehensive analysis of hominin fossils and associated archaeological remains from Bianfu Cave, Yunnan Province, southwestern China. The hominin fossils are dated to about 167–134 thousand years ago (ka), whereas the cultural sequence spanned from about 190 ka to 70 ka, representing one of the longest cultural records most parsimoniously attributed to Denisovans—identified through enamel–dentine junction morphology and palaeoproteomic analyses10. The new fossils include four teeth that expand the known dental variation of this group, two cranial fragments and a radius. Faunal and pollen records indicate a conifer-dominated forest or forest-steppe environment across Marine Isotope Stages 6 to 4. The inhabitants of Bianfu Cave practised specialized hunting of medium- to large-bodied prey and used a technological strategy characterized by expedient core reduction and tool production, alongside pervasive use of unmodified bones. This pattern suggests an adaptive system prioritizing the exploitation of object affordance over intensive tool manufacture. Bianfu Cave provides unprecedented insights into Denisovan biology, behaviour and ecology in eastern Asia and points to a substantial genetic and cultural legacy in later populations in Southeast Asia and Oceania. Evidence from Bianfu Cave shows specialized hunting, expedient stone-tool production and extensive bone use of Denisovans, providing new insights into their ecology, behaviour and cultural legacy in eastern Asia."
10.1038/s41586-026-11002-8,False,Nature,该论文的主题是胰腺癌的异质性和免疫逃逸，与大气环境遥感技术（如空气质量监测、卫星观测、大气成分分析、气溶胶反演）无关。,[],Chiara Falcomatà;Maximilian M. Schaefer;Bhavya Singh;Divya Chhamalwan;Alexander Tepper;Sebastian R. Nielsen;Hunter T. Potak;Maxime Dhainaut;Gurkan Mollaoglu;Matthew D. Park;Miriam Merad;Alessia Baccarini;Brian D. Brown,A serpin–myeloid axis in pancreatic cancer heterogeneity and immune evasion,"SERPINE1 and SERPINB2-driven fibrin-rich niches locally programme immunosuppressive macrophages and exclude T cells, enabling spatially organized immune evasion in pancreatic ductal carcinoma. 
 Pancreatic ductal carcinoma (PDAC) is characterized by a highly immunosuppressive, extracellular matrix-rich microenvironment, yet tumours display marked heterogeneity1–4. This raises the question of whether immune resistance is a global tumour property or is organized within spatially restricted niches. Here, using Perturb-map spatial functional genomics, we determine how different genes shape the growth and cellular environments of PDAC clones across space and time. This analysis revealed early gene-driven remodelling of local immune neighbourhoods preceding late-stage spatial clonal dominance. We identify SERPINE1 (encoding plasminogen activator inhibitor 1 (PAI1)) and SERPINB2 (encoding PAI2) as dominant regulators of tumour microenvironment control and immune evasion. These serpins promote stabilization of fibrin-rich extracellular matrix niches that spatially retain and programme macrophages towards immunosuppressive states while excluding cytotoxic T cells. Loss of Serpine1 or Serpinb2, or pharmacological inhibition of PAI1 or CD18, improves tumour control in mice and synergizes with anti-PD-1. Multimodal spatial analysis of patient tumours revealed that immunosuppressive niches form around rare SERPINB2- and SERPINE1-expressing PDAC subpopulations, dominated by SPP1+/MARCO+ macrophages. These findings identify cancer-derived SERPINE1 and SERPINB2 as local spatial organizers of immune suppression, linking tumour-intrinsic heterogeneity to local microenvironmental control and immunotherapy resistance in PDAC. SERPINE1 and SERPINB2-driven fibrin-rich niches locally programme immunosuppressive macrophages and exclude T cells, enabling spatially organized immune evasion in pancreatic ductal carcinoma."
10.1038/s41586-026-10990-x,False,Nature,该论文主要关注远程教育技术在紧急情况下对学习效果的影响，与大气环境遥感技术（如空气质量监测、卫星观测、大气成分分析、气溶胶反演）无关。,[],Noam Angrist;Micheal Ainomugisha;Sai Pramod Bathena;Peter Bergman;Colin Crossley;Claire Cullen;Thato Letsomo;Moitshepi Matsheng;Rene Marlon Panti;Shwetlena Sabarwal;Tim Sullivan,Mobile education builds resilience during shocks in five countries,"Remote phone-based targeted tutoring in five countries produced large, cost-effective learning gains during school closures, outperforming text messaging and working effectively when delivered by governments or non-governmental organizations to strengthen education resilience. 
 Education systems need to withstand frequent shocks, including disease and climate events, which close schools for more than 222 million children1. During these emergencies, alternative models are needed to deliver education. However, rigorous evaluation of effective educational approaches in these settings is challenging and rare, especially across multiple countries. Here we present results from five randomized trials in India, Kenya, Nepal, the Philippines and Uganda to evaluate the provision of education in emergency settings. We test multiple scalable models of remote targeted tutoring instruction, comparing delivery by governments and non-governmental organizations (NGOs). Whereas text messages have mixed results, tutorials conducted via phone call show effectiveness across diverse settings. We find large and robust effect sizes on learning. These effects are highly cost-effective, and deliver approximately 4 years of high-quality instruction per US$100 spent. Results show large effects when delivered by government teachers or NGO instructors. Together, our results reveal that it is possible to strengthen the resilience of education systems, enabling education provision amid disruptions, and to deliver cost-effective learning gains across contexts and with governments. Remote phone-based targeted tutoring in five countries produced large, cost-effective learning gains during school closures, outperforming text messaging and working effectively when delivered by governments or non-governmental organizations to strengthen education resilience."
10.1038/s41586-026-10976-9,False,Nature,该论文主要研究的是古蛋白质分析，通过骨头和牙齿的蛋白质分析来确定德尼索瓦人的演化和表型，与大气环境遥感技术（如空气质量监测、卫星观测、大气成分分析、气溶胶反演）无关。,"['Denisovan', 'proteomic analysis', 'bone fragments']",Huiyun Rao;Song Xing;Qijun Ruan;Fan Bai;Yuhao Zhao;Zhongyou Wu;Siyuan Tang;E. Andrew Bennett;Xiaotian Feng;Sungui Lin;Qingfeng Shao;Xiong Yang;Zitao Li;Kai Zhou;Feng Liu;Qiaomei Fu,Ancient proteins identify various Denisovan remains from Southwest China,"Identification and proteomic analysis of bone fragments and teeth from an excavation in Southwest China provide insight into the evolution and phenotype of Denisovans and fill a geographical gap in their documented distribution. 
 More than a decade of multidisciplinary research has identified a collection of cranial, facial and dental remains of Denisovans from across Asia, providing insight into their cranial capacity, appearance, diet and evolutionary history. However, our understanding of their spatiotemporal dispersal and morphological phenotype is limited by a conspicuous distribution gap in Southwest China and the scarcity of postcranial remains, in particular, the absence of long bones with diagnostic characteristics. To identify further hominin long bones, we morphologically screened more than 60,000 bone fragments from Bianfu Cave in Southwest China, of which 76 were selected for zooarchaeology by mass spectrometry and 17 for proteomic sequencing analysis. These analyses identified three hominin fossils, comprising two parietal bone fragments and one proximal radial fragment, from layers dated to approximately 167–134 thousand years ago1. Subsequent proteomic analysis confirmed the taxonomic affiliation of these newly identified hominin bones, as well as that of two hominin teeth discovered during the excavation, as Denisovan. These findings establish Bianfu Cave as a Denisovan locality yielding the most abundant remains of this hominin group outside Denisova Cave in Siberia. The results also fill a critical geographic gap in the documented distribution of Denisovans and refine our understanding of their evolutionary history. Furthermore, this study provides direct information on the radial morphology of Denisovans, providing insight into their postcranial phenotype. Identification and proteomic analysis of bone fragments and teeth from an excavation in Southwest China provide insight into the evolution and phenotype of Denisovans and fill a geographical gap in their documented distribution."
10.1038/s41586-026-11005-5,False,Nature,该论文主要关注基因组语言模型（GPN-Star）在预测基因组功能约束方面的应用，涉及生物信息学和遗传学领域，与大气环境遥感技术（如空气质量监测、卫星观测、大气成分分析、气溶胶反演等）无明显关联。,"['基因组', '语言模型', '进化关系', '变异预测']",Chengzhong Ye;Gonzalo Benegas;Carlos Albors;Jianan Canal Li;Sebastian Prillo;Peter D. Fields;Brian Clarke;Yun S. Song,Predicting genome-wide functional constraints with GPN-Star,"GPN-Star, a genomic language model with a phylogeny-aware architecture for whole-genome alignment data, is shown to be a scalable and flexible tool for genetic variant effect prediction across species. 
 Genomic language models have emerged as a powerful approach for learning genome-wide functional constraints directly from DNA sequences1. However, standard genomic language models adapted from natural language processing often require large model sizes and computational resources, yet still fall short of classical evolutionary models in predictive tasks2–4. Here we introduce a genomic pretrained network with species tree and alignment representations (GPN-Star), which is a biologically grounded genomic language model featuring a phylogeny-aware architecture that leverages whole-genome alignments and species trees to model evolutionary relationships explicitly. Trained on alignments spanning vertebrate, mammal and primate evolutionary timescales, GPN-Star achieves state-of-the-art performance across a wide range of variant effect prediction tasks in both coding and non-coding regions of the human genome. Analyses across timescales show task-dependent advantages of modelling more recent versus deeper evolution. To demonstrate its potential to advance human genetics, we show that GPN-Star substantially outperforms previous methods in prioritizing pathogenic and fine-mapped genome-wide association study variants, yields strong enrichments of complex trait heritability and improves power in rare variant association testing5. Extending beyond humans, we train GPN-Star for five model organisms—Mus musculus, Gallus gallus, Drosophila melanogaster, Caenorhabditis elegans and Arabidopsis thaliana—demonstrating the robustness and generalizability of the framework. Taken together, these results position GPN-Star as a scalable, powerful and flexible tool for genome interpretation, well suited to leverage the growing abundance of comparative genomics data. GPN-Star, a genomic language model with a phylogeny-aware architecture for whole-genome alignment data, is shown to be a scalable and flexible tool for genetic variant effect prediction across species."
10.1038/s41586-026-10979-6,False,Nature,该论文研究的是一种用于记录斑马鱼全身细胞活动的成像系统，旨在揭示跨器官的细胞动力学和分布电路，与大气环境遥感技术（如空气质量监测、卫星观测、大气成分分析、气溶胶反演）无关。,"['air quality', 'satellite observations', 'atmospheric composition', 'aerosol retrieval']",Virginie M. S. Ruetten;Wei Zheng;Igor Siwanowicz;Brett D. Mensh;Mark Eddison;Amy Hu;Yunfeng Chi;Andrew L. Lemire;Caiying Guo;Mykola Kadobianskyi;Marc Renz;Sara Lelek-Greskovic;Yisheng He;Kari Close;Gudrun Ihrke;Aparna Dev;Alyson Petruncio;Yinan Wan;Rongwei Zhang;Mark C. Fishman;Florian Engert;Benjamin Judkewitz;Mikail Rubinov;Philipp J. Keller;Chie Satou;Guoqiang Yu;Paul W. Tillberg;Maneesh Sahani;Misha B. Ahrens,Imaging cellular activity across all organs reveals body-wide circuits,"An imaging system developed to record cellular activity throughout the whole body of zebrafish captures cellular organ dynamics and identifies multiple distributed circuits. 
 An animal’s ability to survive and thrive—whether fleeing from danger, eating a meal, or fighting an infection—arises from the collective moment-to-moment activity of many interacting cell types throughout the body. Physiology seeks to elucidate these cellular interactions that span organs, cell types and timescales, but has been limited by the inability to record this time-varying cellular activity simultaneously throughout the entire body. Here we develop WHOLISTIC (WHole-Organism Live-Imaging System for recording Tissue and IntraCellular activity), a method to image second-timescale activity of cells across the entire vertebrate body at cellular resolution. WHOLISTIC advances and integrates volumetric fluorescence microscopy, machine learning, and pancellular transgenic expression of calcium sensors1, demonstrated in larval zebrafish, with proof of concept in adult Danionella cerebrum. To access information about the molecular and ultrastructural substrates for the measured dynamics, we advanced whole-body expansion microscopy2. At the cellular scale, body-wide screening revealed unexpected responses, including chondrocyte reactions to cold and meningeal responses to ketamine. At the organ scale, WHOLISTIC identified rhythmic travelling waves along the renal nephron. At the multi-organ scale, it revealed unknown muscle synergies and muscle–organ interactions. At the whole-organism scale, the method captured brainstem-controlled redistribution of body-wide blood flow. Combining optogenetics with WHOLISTIC enabled all-optical causal dissection of brain–body interactions. These advances establish a paradigm for systems biology that bridges cellular and organismal physiology, enabling comprehensive discovery across scales—from fundamental mechanisms to therapeutic targets. An imaging system developed to record cellular activity throughout the whole body of zebrafish captures cellular organ dynamics and identifies multiple distributed circuits."
10.1038/s41586-026-10998-3,False,Nature,该论文主要研究TRI-611分子胶粘剂降解ALK融合蛋白的机制及其在治疗ALK阳性非小细胞肺癌的潜力，与大气环境遥感技术（如空气质量监测、卫星观测、大气成分分析、气溶胶反演）无关。,"['ALK', 'non-small-cell lung cancer', 'molecular glue degrader']",Andrew R. Conery;Daniel S. La;Artyom A. Alekseyenko;David Marcoux;Aaron G. Bart;Matt L. Harlow;Patrick R. Arsenault;Nico R. Cantone;Rebecca L. Casaubon;Alexander Constan;Hari B. Kamadurai;Aravind Prasad Medikonda;Duncan E. Nunes;Hannah Szeto;Tim J. Wigle;Maolin Yu;Aleksandra Zagulyaeva;Christine M. Zarate;Lauren Highfield;Nobuyuki Kondo;Aaron N. Hata;Kenneth Ngo;Jisu Lee;Prafulla C. Gokhale;Caroline Germa;Kathleen I. Seyb;Patrick Trojer;Vito J. Palombella,"TRI-611, a selective, brain-penetrant molecular glue degrader of ALK","TRI-611 induces the degradation of ALK fusion proteins via a previously undescribed CRBN recruitment motif, and its preclinical anti-tumour activity highlights TRI-611 as a potential new way of treating ALK-positive non-small-cell lung cancer. 
 Tyrosine kinase inhibitors (TKIs) targeting anaplastic lymphoma kinase (ALK) have transformed the treatment landscape of ALK fusion-positive non-small-cell lung carcinoma (ALK-positive NSCLC), but the limited options for patients who progress on approved TKIs highlight a continued need for an orthogonal therapeutic approach1,2. TRI-611 is a potent, brain-penetrant molecular glue degrader of ALK fusion proteins with the potential to address this need. TRI-611 promotes the proximity of the ALK kinase domain and CRL4 substrate adaptor CRBN through a unique degron interface distal from the kinase active site. The unique binding interface of TRI-611 leads to selectivity across the proteome including known CRBN neosubstrates and other kinases. TRI-611 treatment induces degradation of all forms of ALK fusion proteins, including wild-type and ALK TKI-resistant versions, leading to regression of cell line and patient-derived subcutaneous and intracranial tumour models of ALK-positive NSCLC. TRI-611 can be combined with orthosteric ALK TKIs, achieving synergistic and durable tumour regressions. TRI-611 represents to our knowledge the first clinical-stage molecular glue degrader targeting an oncogenic gene fusion and has the potential to expand the arsenal of therapeutic options for patients with ALK-positive NSCLC . TRI-611 induces the degradation of ALK fusion proteins via a previously undescribed CRBN recruitment motif, and its preclinical anti-tumour activity highlights TRI-611 as a potential new way of treating ALK-positive non-small-cell lung cancer."
10.1038/s41586-026-11008-2,False,Nature,该论文主要研究的是利用钯膜和熔融氢氧化物电解池进行氢气提取，以促进脱氢反应，这与大气环境遥感技术（如空气质量监测、卫星观测、大气成分分析、气溶胶反演等）没有直接关系。,"['Pd membrane', 'H2 extraction', 'dehydrogenation']",Rui Zeng;Julian Ufert;Bryan Y. Tang;Ryan P. Bisbey;Yogesh Surendranath,Anodic Pd membrane H<sub>2</sub> extraction enhances thermochemical dehydrogenation,"An electrochemical cell with molten hydroxide and a Pd membrane actively extracts H2 and thereby boosts ammonia and methylcyclohexane conversion, while also delivering purified H2 ready for use. 
 Dehydrogenation reactions underpin fuel processing1, chemical synthesis2 and hydrogen storage and transport3. Many are endothermic and kinetically inhibited by H2, leading to low single-pass yields at moderate temperatures4. These reactions can be promoted by integrating the catalyst with a hydrogen-selective membrane, which relies on an H2 partial pressure differential to drive in situ hydrogen removal5. However, this approach often results in limited hydrogen flux, reduced mechanical stability and low recovered hydrogen partial pressures6. Here we use a hydrogen-selective Pd-based membrane as the anode of a molten-hydroxide electrochemical cell with a hydrogen-evolving cathode. This construct enables electrochemically driven H2 separation at dehydrogenation temperatures without a pressure differential. We demonstrate that low anode potentials of <0.3 V versus the reversible hydrogen electrode are sufficient to drive diffusion-limited H transport across the membrane. Compared with pressure-driven processes, this approach enables a 4-fold enhancement in the hydrogen separation rate at 300 °C, while enriching H2 from 0.05 atm (balance Ar) to a pure 1.0 atm H2 stream. Interfacing the anode with a dehydrogenation catalyst enables the conversion of ammonia and methylcyclohexane at 250 °C up to 91% and 94%, respectively. This work provides a proof-of-concept demonstration for electrochemically assisted hydrogen removal to enhance selected dehydrogenation reactions. An electrochemical cell with molten hydroxide and a Pd membrane actively extracts H2 and thereby boosts ammonia and methylcyclohexane conversion, while also delivering purified H2 ready for use."
10.1038/s41586-026-10468-w,False,Nature,该论文主要研究前列腺癌的突变过程，与大气环境遥感技术（如空气质量监测、卫星观测、大气成分分析、气溶胶反演）无关。,[],Andreas J. Gruber;André V. Olsen;Barbara Hernando;Kevin C. L. Cheng;Clarissa Gerhäuser;Marina Torres;Francesco Favero;Daria Kiriy;Ángel Fernández-Sanromán;Juan Maria Roldan-Romero;Lucy Barton;Diogo Pellegrina;G. Steven Bova;Daniel S. Brewer;Mark N. Brook;Benedikt Brors;Adam Butler;Géraldine Cancel-Tassin;Niall M. Corcoran;Olivier Cussenot;Abraham Gihawi;Etsehiwot G. Girma;Vincent J. Gnanapragasam;Anis A. Hamid;Vanessa M. Hayes;Housheng Hansen He;Christopher M. Hovens;Eddie L. Imada;G. Maria Jakobsdottir;Chol-Hee Jung;Francesca Khani;Zsofia Kote-Jarai;Philippe Lamy;Gregory Leeman;Massimo Loda;Pavlo Lutsik;Luigi Marchionni;Ramyar Molania;Anthony T. Papenfuss;Bernard Pope;Lucio R. Queiroz;Tobias Rausch;Brian Robinson;Atef Sahli;Karina D. Sørensen;Takafumi N. Yamaguchi;Sebastian Uhrig;Yaobo Xu;Claudio Zanettini;Alain Bergeron;Alan F. Rubin;Alastair D. Lamb;Alejandro Berlin;Aleksandra S. Ziuboniewicz;Andrew Erickson;Andrew Ryan;Andy G. Lynch;Angelo Corso Faini;Anne Nguyen;Anne Warren;Aravind Sankar;Arfa Mehmood;Balthasar C. Schlotmann;Beng Lim;Bethany K. Campbell;Breon Feran;Charlie E. Massie;Chen Hong;Chris Foster;Christoph Plass;Christopher Wirth;Colin Collins;Corinna Grima;Dan J. Woodcock;Daniel Barrowdale;Daniel J. Park;Emre Esentürk;Esther Baena;Fabian Falkenbach;Filippo Pederzoli;Giselle Kerry;Giuseppe N. Fanelli;Grace Hall;Harveer Dev;Holger Sültmann;Hubert Pakula;Ian Mills;Jan Korbel;Jennifer Ureta;Jessica Heilmann;Jingjing Zhang;Jocelyn Sietsma Penington;Jue Jiang;Justin Bedő;Justin S. Peters;Keiran Raine;Ken Chow;Kira Furlano;Lars Feuerbach;Lena Voith von Voithenberg;Marek Cmero;Markus Graefen;Matthew K. H. Hong;Matthew Wakefield;Matti Nykter;Melissa Cheung;Michael Borre;Michael J. Clarkson;Michael Kerger;Michael Scherer;Mohamed Omar;Nana Mensah;Natalie Kurganovs;Nening Dennis;Noora Al-Muftah;Parsa Pirhady;Patrick McCoy;Peter Georgeson;Peter Van Loo;Philip Dundee;Pier Vitale Nuzzo;Pierre Tennstedt;Pramit M. Phal;Radoslaw Lach;Rajbir N. Batra;Simon Pacey;Ronnie Rodrigues Pereira;Ruining Dong;Ryan Carelli;Ryan Stuchbery;Sam Norden;Samson Olofinsae;Silvia Rodrigues;Stefano Mangiola;Thomas Keane;Toby Milne-Clark;Tony Costello;Valeriia Haberland;Vivien Holmes;Weerachai Jaratlerdsiri;Wi Burns;Wikum Dinalankara;William J. Hutchison;Xiaotong He;Yidan Pan;Yong-Jie Lu;Yunfan Fu;Yves Fradet;Ronald Simon;Guido Sauter;Ros A. Eeles;Colin S. Cooper;Robert G. Bristow;David C. Wedge;Thorsten Schlomm;Geoff Macintyre;Jüri Reimand;Joachim Weischenfeldt,Integrated signatures define mutational processes in prostate cancer,"Eight integrated mutational footprints collectively explain the mutational processes in 85% of primary prostate cancer genomes. 
 Prostate cancer follows a long and heterogeneous disease course with incompletely understood aetiology1. Here we dissect the mutational processes shaping the genomes of 959 donors from the Pan Prostate Cancer Group and assess their clinical relevance. By integrating de novo extracted single-base substitution, insertion–deletion and copy-number signatures with six novel complex structural variant signatures, we identify eight integrated mutational footprints (IMFs) that collectively explain the mutational processes in 85% of primary prostate cancer genomes. IMFs were strongly influenced by regional biases in the genome, most prevalently androgen receptor-mediated mutagenesis and replication stress. Four IMFs, present in 37% of primary tumours, were significantly associated with shorter time to metastasis. These included reactive oxygen-species-driven mutagenesis and both canonical and non-canonical homologous recombination deficiency, the latter being enriched in patients of African ancestry. Extending to the metastatic setting, we found that IMFs predicted sensitivity to androgen receptor pathway inhibitors. Taken together, our study delineates the aetiologies and mutational processes that drive the genomic and clinical heterogeneity of prostate cancer, introduces IMFs as a unifying framework, and highlights their potential to improve both risk stratification and biomarker-guided treatment selection. Eight integrated mutational footprints collectively explain the mutational processes in 85% of primary prostate cancer genomes."
10.1038/s41586-026-10993-8,False,Nature,该论文研究的是TM184C蛋白，一种与细胞自噬、细胞间连接和物质交换相关的GPCR样超暗蛋白。论文内容涉及蛋白质组学和细胞生物学，与大气环境遥感技术（如空气质量监测、卫星观测、大气成分分析、气溶胶反演）无关。,[],Kyutae D. Lee;Samuel Taylor;Jennifer Arcuri;Shraddha Chandthakuri;Jacinda Pujols;Bruno Colon;Qiang Wang;Chenzhou Wu;Zhipeng Meng;Sebastian J. Thompson-Ceccato;Jonathan Mitchell;Defne Bayik;Alexandra Carbone;Vladlen Slepak;Tatiana I. Slepak;Scott M. Welford;Michael E. Ivan;Dazhi Wang;Blake O. Goldberg;Warner Baringer;Elvis Maradzike;Daniel G. Isom,TM184C is a GPCR-like regulator of intercellular exchange and autophagy,"TM184C—an ancient G-protein-coupled receptor-like superdark protein involved in regulation of autophagy, intercellular connectivity and material exchange—underscores the promise of exploring the understudied human proteome and beyond. 
 Sequence similarity underlies most protein annotation, yet many functions remain hidden beyond detectable homology1–3. By mining millions of AlphaFold2 models4,5, we identify two human families of ‘superdark’ seven-transmembrane proteins—TM184 and PRRT—with structural homology to G-protein-coupled receptors (GPCRs). These proteins exhibit hallmark GPCR activities, including β-arrestin recruitment and GPCR kinase (GRK)-dependent phosphorylation. Here we focus on TM184C—the most broadly expressed and evolutionarily conserved superdark GPCR-like protein, which localizes to highly dynamic intracellular vesicles rather than the plasma membrane. These vesicles move along microtubules, accumulate in cell projections and promote the formation of tunnelling nanotube- and tumour microtubule-like intercellular connections. These bridges mediate organelle sharing through a process that requires the TM184C C-terminal tail and its arrestin code motif6, linking GPCR-like β-arrestin and GRK regulation to vesicle function and intercellular connectivity. TM184C also constrains autophagic flux by limiting LC3B lipidation and autophagosome accumulation—a role that is deeply conserved, as human TM184C restores autophagic body homeostasis in yeast lacking its homologue, Hfl1. Together, these findings illustrate how structure-based protein discovery can illuminate the dark proteome and identify TM184C as an ancient GPCR-like regulator of autophagy, intercellular connectivity and material exchange. TM184C—an ancient G-protein-coupled receptor-like superdark protein involved in regulation of autophagy, intercellular connectivity and material exchange—underscores the promise of exploring the understudied human proteome and beyond."
10.1038/s41586-026-11003-7,False,Nature,该论文主要研究肿瘤相关近邻抗原和膜蛋白的空间组织，与大气环境遥感技术（如空气质量监测、卫星观测、大气成分分析、气溶胶反演）无关。,"['tumour-associated proximity antigens', 'EGFR–CDCP1', 'multispecific therapeutics']",Cody Scandore;Clare F. Malone;Christopher K. May;Anna K. de Regt;Jeff Guernsey;Hayley Ma;Noah Dephoure;Ben Setter;Rebecca A. Howell;Kendall R. Johnson;Carol L. Farr;Sophia Romero;Lydia Vignale;Tali Vittum;Emma Dawson;Tsadik Habtetsion;Francesca Nardi;Brian Woodruff;Martin Mathay;Julia Swanson;Mikaela Rusnak;Quynh Ton;Payam E. Farahani;Robert W. Gene;Jason Misurelli;Zach Caldwell;Hengyu Xu;Michael Hornsby;Marc A. Gavin;Heath E. Klock;Ertan Eryilmaz;Pamela M. Holland;Scott A. Lesley;Rob C. Oslund;Olugbeminiyi O. Fadeyi,Proximity-guided graph learning reveals tumour-associated proximity antigens,"A proximity-mapping atlas defines tumour-associated proximity antigens, revealing disease-associated membrane spatial communities, and identifies EGFR–CDCP1 as a co-target pair that enhances tumour killing by multispecific therapeutics. 
 The spatial organization of membrane proteins is an underexplored dimension of cell surface biology1,2. Spatial proximity shapes cellular function and therapeutic targetability2,3, yet efforts to identify tumour-associated antigens (TAAs) have largely focused on expression alone4. Here, we developed an industrialized surface protein proximity-mapping workflow to interrogate TAAs within their membrane microenvironments. Using this workflow, we generated 248 proximity maps across 12 receptor tyrosine kinases and 28 tumour cell systems. The resulting atlas enabled the development of MetaMap, a correlation-based analytical framework that defines spatial protein communities and infers conserved proximity relationships among non-targeted proteins, and establishes the concept of tumour-associated proximity antigens (TAPAs), a class of co-targets defined by disease-specific spatial proximity to TAAs rather than expression alone. Integrating these proximity-derived relationships within a multimodal prioritization framework, we identified and validated EGFR–CDCP1 as a TAA–TAPA pair that enhances tumour cell killing across therapeutic modalities. Together, this work advances disease-associated membrane proximity as a guiding principle for the design of precision multispecific therapeutics. A proximity-mapping atlas defines tumour-associated proximity antigens, revealing disease-associated membrane spatial communities, and identifies EGFR–CDCP1 as a co-target pair that enhances tumour killing by multispecific therapeutics."
10.1038/d41586-026-02416-5,False,Nature,标题和摘要内容过于抽象和模糊，没有明确提及与大气环境遥感技术相关的具体内容，如空气质量监测、卫星观测、大气成分分析或气溶胶反演等。,[],Carol Scheina,In the basement of miniaturized relics,"Thinking small. 
 Thinking small."
10.1038/d41586-026-02845-2,False,Nature,该论文的主题是人工智能预测乳腺癌药物的效果，与大气环境遥感技术（如空气质量监测、卫星观测、大气成分分析、气溶胶反演）无关。,[],Miryam Naddaf,AI model predicts which breast-cancer drugs work best,"Model trained on millions of protein measurements can gauge drug effectiveness in tissue samples taken from people with triple-negative breast cancer. 
 Model trained on millions of protein measurements can gauge drug effectiveness in tissue samples taken from people with triple-negative breast cancer."
10.1038/d41586-026-02793-x,False,Nature,该论文的标题和摘要主要讨论的是搞笑诺贝尔奖的价值，与大气环境遥感技术（如空气质量监测、卫星观测、大气成分分析、气溶胶反演）无关。,[],,Why the super-fun Ig Nobel prizes bring serious value to science,"Awards that celebrate humour, curiosity and irreverence are a balm in hard times. 
 Awards that celebrate humour, curiosity and irreverence are a balm in hard times."
10.1038/d41586-026-02654-7,False,Nature,该论文标题和摘要主要涉及药物输送技术，特别是基于生物钟和DNA的自组装系统，与大气环境遥感技术（如空气质量监测、卫星观测、大气成分分析、气溶胶反演）无关。因此，它不属于强相关领域。,[],Nic Fleming,These six advances could change how drugs are delivered,"Medication triggered by your circadian clock, self-assembling delivery systems based on DNA and other highlights from studies and trials. 
 Medication triggered by your circadian clock, self-assembling delivery systems based on DNA and other highlights from studies and trials."
10.1038/d41586-026-02840-7,False,Nature,该论文的主题是基因编辑技术在早期人类胚胎中的研究，与大气环境遥感技术（如空气质量监测、卫星观测、大气成分分析、气溶胶反演等）无关。,[],Sherif Khodeer;Vincent Pasque,DNA-editing ‘pencils’ probe early human development,"A genome-rewriting approach known as adenine base editing offers a precise way to investigate gene function in early human embryos. 
 A genome-rewriting approach known as adenine base editing offers a precise way to investigate gene function in early human embryos."
10.1038/d41586-026-02598-y,False,Nature,该论文标题和摘要主要关注开放科学平台的政策变化及其对研究人员工作流程的影响，与大气环境遥感技术（如空气质量监测、卫星观测、大气成分分析、气溶胶反演）没有直接关联。,[],Dalmeet Singh Chawla,Popular open-science platform to stop hosting data and code amid funding concerns,"Changes to the Open Science Framework’s policies will come into effect in November, forcing researchers to reconsider their workflows. 
 Changes to the Open Science Framework’s policies will come into effect in November, forcing researchers to reconsider their workflows."
10.1038/d41586-026-02657-4,False,Nature,该论文标题和摘要主要讨论微生物在肿瘤治疗中的应用，与大气环境遥感技术（如空气质量监测、卫星观测、大气成分分析、气溶胶检索）无关。,[],Liam Drew,Special delivery: bacterial couriers are smuggling drugs into cancers,"Microorganisms that deliver treatments to tumours could make chemotherapy, radiotherapy and immunotherapy safer and more effective. 
 Microorganisms that deliver treatments to tumours could make chemotherapy, radiotherapy and immunotherapy safer and more effective."
10.1038/d41586-026-02709-9,True,Nature,该论文研究了混合卤化物钙钛矿薄膜在太阳能电池中的应用，涉及材料科学和能源技术，与大气环境遥感技术中的大气成分分析有一定关联，但并非直接相关。,"['perovskite', 'solar cells', 'atmospheric composition']",,Uniform film formation helps tandem solar cells work better for longer,"When making mixed-halide perovskite films for use in solar cells, bromide-rich domains crystallize faster than iodide-rich ones do, leading to defects. Adding a molecule tuned to bind selectively to bromide-bound lead synchronizes the crystallization rates, yielding uniform films, better operating stability and a more-efficient perovskite–organic tandem. 
 When making mixed-halide perovskite films for use in solar cells, bromide-rich domains crystallize faster than iodide-rich ones do, leading to defects. Adding a molecule tuned to bind selectively to bromide-bound lead synchronizes the crystallization rates, yielding uniform films, better operating stability and a more-efficient perovskite–organic tandem. An additive helps a layer of perovskite material to form with fewer defects, making the resulting solar cell more durable."
10.1038/d41586-026-02846-1,False,Nature,该论文的标题和摘要主要讨论人工智能在科学领域的应用以及大学教育如何让学生挑战和评估人工智能系统，与大气环境遥感技术（如空气质量监测、卫星观测、大气成分分析、气溶胶反演）没有直接关联。,[],Marc Schmitt,"Use AI as a sparring partner, not an oracle","As artificial-intelligence tools become crucial collaborators in science, universities must teach students to challenge such systems and assess their ability to do so. 
 As artificial-intelligence tools become crucial collaborators in science, universities must teach students to challenge such systems and assess their ability to do so."
10.1038/d41586-026-02810-z,False,Nature,该论文与大气环境遥感技术无关。它涉及的是古代人类化石和工具的研究，而不是空气质量监测、卫星观测、大气成分分析或气溶胶检索等。,[],Dyani Lewis,Who were the Denisovans? Rich trove of fossils and tools paints new picture,"Objects found in a cave in southwestern China suggest that these enigmatic ancient humans were accomplished hunters. 
 Objects found in a cave in southwestern China suggest that these enigmatic ancient humans were accomplished hunters."
10.1038/d41586-026-02523-3,False,Nature,该论文的主题是战争记录和卫星图像对暴力研究的意义，与大气环境遥感技术（如空气质量监测、卫星观测、大气成分分析、气溶胶反演）无关。,[],Hannes Mueller,Combined satellite and news data capture unseen aspects of war,"Records of war extracted from news reports have shaped what researchers know about violence. Satellite images could transform that understanding — if access stays open. 
 Records of war extracted from news reports have shaped what researchers know about violence. Satellite images could transform that understanding — if access stays open."
10.1038/d41586-026-02655-6,False,Nature,该论文主要关注的是药物递送技术，特别是利用纳米颗粒和细胞外囊泡来突破血脑屏障，这与大气环境遥感技术（如空气质量监测、卫星观测、大气成分分析、气溶胶反演）无关。,[],Simon Makin,Drug-delivering particles aim to breach the blood–brain barrier,"The inability to get drugs into the brain has impeded the treatment of cancer and neurodegenerative diseases for decades. Techniques based on nanoparticles and exosomes are vying to provide a solution. 
 The inability to get drugs into the brain has impeded the treatment of cancer and neurodegenerative diseases for decades. Techniques based on nanoparticles and exosomes are vying to provide a solution."
10.1038/d41586-026-02471-y,False,Nature,该论文的主题是关于使用电话进行辅导以提高学生的学习成绩，与大气环境遥感技术（如空气质量监测、卫星观测、大气成分分析、气溶胶反演）无关。,[],Felipe Barrera-Osorio,Phone-based tutoring improves learning during school closures,"One-to-one phone sessions substantially increased students’ numeracy test scores in low- and middle-income countries that experience emergencies that disrupt schooling. 
 One-to-one phone sessions substantially increased students’ numeracy test scores in low- and middle-income countries that experience emergencies that disrupt schooling."
10.1038/d41586-026-02658-3,False,Nature,该论文的主题是健康心理学和药物依从性，与大气环境遥感技术（如空气质量监测、卫星观测、大气成分分析、气溶胶反演）无关。,[],Laura Vargas-Parada,Medicines do no good if people don’t take them,"Health psychologist Rob Horne explains why medication non-adherence is such a problem, and how behavioural science can help to address it. 
 Health psychologist Rob Horne explains why medication non-adherence is such a problem, and how behavioural science can help to address it."
10.1038/d41586-026-02820-x,False,Nature,该论文标题和摘要主要讨论的是联合国投票放弃墨卡托投影对教育、导航和公众认知的影响，与大气环境遥感技术（如空气质量监测、卫星观测、大气成分分析、气溶胶反演）没有直接关系。,[],Dhruv Shenai,Hello Equal Earth: what the UN’s new world map will change,"What the UN vote to ditch the Mercator projection means for education, navigation and public perception. 
 What the UN vote to ditch the Mercator projection means for education, navigation and public perception."
10.1038/d41586-026-02806-9,False,Nature,该论文的主题是关于收入和财富不平等的问题，以及建立一个国际小组来评估和处理这些不平等。这与大气环境遥感技术（如空气质量监测、卫星观测、大气成分分析、气溶胶反演）没有直接关系。,[],Joseph E. Stiglitz;Adriana E. Abdenur;Winnie Byanyima;Jayati Ghosh;Imraan Valodia;Wanga Zembe-Mkabile,Why we need an International Panel on Inequality,"Disparities in income and wealth are growing. A scientific assessment process can give governments the information they need to tackle them. 
 Disparities in income and wealth are growing. A scientific assessment process can give governments the information they need to tackle them."
10.1038/d41586-026-02825-6,False,Nature,该论文的标题和摘要内容与大气环境遥感技术无关。标题提到的是与导师的电话沟通，摘要则描述了一种低成本干预措施在COVID-19疫情期间的试验，这些内容均不属于大气环境遥感技术领域。,[],Mohana Basu,Pick up the phone! Phone calls with tutors keep kids learning when schools shut down,"The low-cost intervention was trialled in five countries during the COVID-19 pandemic. 
 The low-cost intervention was trialled in five countries during the COVID-19 pandemic."
10.1038/d41586-026-02700-4,False,Nature,该论文与大气环境遥感技术无关。它主要关注的是通过手机电话教程提高学习效果，特别是在教育紧急情况下。文中没有提及任何与空气质量监测、卫星观测、大气成分分析或气溶胶检索相关的技术或概念。,[],Noam Angrist;Micheal Ainomugisha;Peter Bergman;Colin Crossley;Claire Cullen;Thato Letsomo;Moitshepi Matsheng;Rene Marlon Panti;Shwetlena Sabarwal;Tim Sullivan,Phone-call tutorials improve learning cost-effectively during education emergencies,"Across five randomized trials in India, Kenya, Nepal, the Philippines and Uganda, weekly 20-minute mobile-phone-call tutorials produced large learning gains for primary-school children during school closures caused by the COVID-19 pandemic. Governments can keep children learning through societal shocks using this approach, which combines low-cost, high-access mobile-phone technology with high-quality tutoring targeted to each child’s learning level. 
 Across five randomized trials in India, Kenya, Nepal, the Philippines and Uganda, weekly 20-minute mobile-phone-call tutorials produced large learning gains for primary-school children during school closures caused by the COVID-19 pandemic. Governments can keep children learning through societal shocks using this approach, which combines low-cost, high-access mobile-phone technology with high-quality tutoring targeted to each child’s learning level. The eight-week programme led to triple the learning gains of average learning interventions during school closures."
10.1038/d41586-026-02653-8,False,Nature,这篇论文的主题是药物在体内的靶向性，与大气环境遥感技术（如空气质量监测、卫星观测、大气成分分析、气溶胶反演）无关。,[],Richard Hodson,A good drug is useless if it misses its target,"The best medicines go exactly where they’re needed in the body— and nowhere else. 
 The best medicines go exactly where they’re needed in the body— and nowhere else."
10.1038/d41586-026-02804-x,False,Nature,该论文探讨的是人工智能在重发现相对论方面的能力，与大气环境遥感技术（如空气质量监测、卫星观测、大气成分分析、气溶胶反演）无关。,[],Philip Ball,The Einstein test: what happens when AI tries to rediscover relativity?,"Scientists are probing whether language models trained on historical data can reproduce creative breakthroughs. 
 Scientists are probing whether language models trained on historical data can reproduce creative breakthroughs."
10.1038/d41586-026-02705-z,False,Nature,该研究主要探讨水滴带电对表面腐蚀的影响，虽然涉及环境中的物理化学过程，但与大气环境遥感技术（如空气质量监测、卫星观测、大气成分分析、气溶胶反演等）的直接关联性较弱。,"['water droplets', 'charge', 'corrosion']",,Electric charge makes drops of water more destructive,"In many real-world settings, water droplets can become slightly charged as they slide across solid surfaces. This charge has been found to enable water droplets to damage protective coatings more easily than uncharged droplets do, and to cause the underlying metal to corrode. 
 In many real-world settings, water droplets can become slightly charged as they slide across solid surfaces. This charge has been found to enable water droplets to damage protective coatings more easily than uncharged droplets do, and to cause the underlying metal to corrode. Sliding water droplets become charged, making them corrosive to surfaces."
10.1038/d41586-026-02689-w,False,Nature,该论文主要关注儿童遗传学对身高、教育成就、睡眠时间和抑郁症状的影响，与大气环境遥感技术（如空气质量监测、卫星观测、大气成分分析、气溶胶反演）无关。,[],,Family-based analyses show how children’s genetics shape key traits,"The Norwegian Mother, Father and Child Cohort Study, called MoBa, includes genetic data from around 230,000 parents and children. Using about 44,000 father–mother–child trios, child and parental genetics were modelled together to estimate the effects of the children’s own genetic differences on their height, educational achievement, sleep duration and depressive symptoms. 
 The Norwegian Mother, Father and Child Cohort Study, called MoBa, includes genetic data from around 230,000 parents and children. Using about 44,000 father–mother–child trios, child and parental genetics were modelled together to estimate the effects of the children’s own genetic differences on their height, educational achievement, sleep duration and depressive symptoms. The relative contributions of child and parental genetics to child development have been estimated using mother–father–offspring trios."
10.1038/d41586-026-02790-0,False,Nature,该论文研究的是人类DNA与五大性格特质之间的遗传关联，与大气环境遥感技术（如空气质量监测、卫星观测、大气成分分析、气溶胶反演）无关。,[],,Genetic associations with the Big Five personality traits probed in one million people,"Human DNA has been linked to personality traits — how individuals think, feel and act — thus identifying hundreds of genetic variants that contribute to the traits’ moderate heritability. The pathways from DNA to personality are robust yet complex, with widespread relevance for health, wealth, work and love. 
 Human DNA has been linked to personality traits — how individuals think, feel and act — thus identifying hundreds of genetic variants that contribute to the traits’ moderate heritability. The pathways from DNA to personality are robust yet complex, with widespread relevance for health, wealth, work and love. Links between genetic variants and personality differences are robust, complex and related to health, career and relationship outcomes."
10.1038/d41586-026-02660-9,False,Nature,该论文主题是关于药物工程，讨论的是药物在体内的持久性，与大气环境遥感技术（如空气质量监测、卫星观测、大气成分分析、气溶胶检索）无关。,[],Ben Deighton,"Dose once, treat forever: drugs are being engineered to last much longer","Medication that persists inside the body for months or years could transform the treatment and prevention of many conditions — especially in low- and middle-income countries. 
 Medication that persists inside the body for months or years could transform the treatment and prevention of many conditions — especially in low- and middle-income countries."
10.1038/d41586-026-02656-5,False,Nature,该论文的主题是鼻内疫苗的研发，旨在通过激发微生物入侵部位的免疫反应来预防疾病。这与大气环境遥感技术（如空气质量监测、卫星观测、大气成分分析、气溶胶反演等）无关。,[],Anthony King,Nasal vaccines could stop pandemics before they begin,"Sparking an immune response where microbes enter the body should not only stop a person getting sick, but also prevent them spreading the infection to others. 
 Sparking an immune response where microbes enter the body should not only stop a person getting sick, but also prevent them spreading the infection to others."
10.1038/d41586-026-02472-x,False,Nature,该论文研究的是一种蛋白质的结构和功能，与大气环境遥感技术（如空气质量监测、卫星观测、大气成分分析、气溶胶反演）无关。,[],Nil Casajuana-Martin;M. Madan Babu,‘Superdark’ protein looks like a G-protein-coupled receptor — but shows unconventional behaviour,"Mining millions of AI-predicted structures reveals an evolutionarily conserved protein that resembles a receptor family member but functions differently. 
 Mining millions of AI-predicted structures reveals an evolutionarily conserved protein that resembles a receptor family member but functions differently."
10.1038/d41586-026-02710-2,False,Nature,该论文主要研究昆虫的起源和进化，涉及古生物学和生物学领域，与大气环境遥感技术（如空气质量监测、卫星观测、大气成分分析、气溶胶反演）无关。,[],,Oddball fossils suggest that the first insects were a mixed bunch,"As the most diverse class of animals, insects have dominated terrestrial ecosystems for the past 320 million years. However, the origins of this successful group have faded into the abysses of geological time. A collection of fossils reveals the unusual body plans and evolutionary experiments that could have contributed to the success of insects. 
 As the most diverse class of animals, insects have dominated terrestrial ecosystems for the past 320 million years. However, the origins of this successful group have faded into the abysses of geological time. A collection of fossils reveals the unusual body plans and evolutionary experiments that could have contributed to the success of insects. Findings reveal that the ancestor of all insects might have had abdominal legs, unlike its living descendants."
10.1038/d41586-026-02659-2,False,Nature,该论文的标题和摘要主要讨论的是药物递送和细胞器靶向治疗，与大气环境遥感技术（如空气质量监测、卫星观测、大气成分分析、气溶胶反演）无关，因此不相关。,[],Katherine Bourzac,Drug delivery gets subcellular,"Therapies that target mitochondria and other organelles are being put to test in the clinic. 
 Therapies that target mitochondria and other organelles are being put to test in the clinic."
10.1038/d41586-026-02838-1,False,Nature,该论文标题和摘要与大气环境遥感技术无关，主要讨论基因治疗试验和AI系统在数学领域的应用。,[],Flora Graham,Daily briefing: Gene-therapy deaths put spotlight on trials in China,"The deaths of two children in separate gene-therapy trials could have a profound effect on China’s biomedical industry, say researchers. Plus, an AI system has formalized Fermat’s last theorem and the impact of Nancy Grace Roman. 
 The deaths of two children in separate gene-therapy trials could have a profound effect on China’s biomedical industry, say researchers. Plus, an AI system has formalized Fermat’s last theorem and the impact of Nancy Grace Roman."
10.1038/s41561-026-02116-9,False,Nature Geoscience,该论文标题和摘要均未提及大气环境遥感技术相关的内容，而是讨论了火星的哈德利环流及其对物质隔离和极间远程连接的影响，与大气环境遥感技术（如空气质量监测、卫星观测、大气成分分析、气溶胶反演等）无关。,[],Chen-Shuo Fan;Cong Sun;Zhiang Xie;Yangcheng Luo;Lixiang Gu;Siteng Fan,Publisher Correction: Hadley circulation drives material isolation and pole-to-pole teleconnection on Mars,"Publisher Correction: Hadley circulation drives material isolation and pole-to-pole teleconnection on Mars 
 "
10.1038/s41561-026-02088-w,False,Nature Geoscience,该论文研究的是地球深部水循环中的矿物运输问题，涉及地球物理学和地质学领域，与大气环境遥感技术（如空气质量监测、卫星观测、大气成分分析、气溶胶反演）没有直接关系。,"['iron oxyhydroxide', 'deep Earth', 'mantle']",Alfred J. Wilson,The Earth’s puzzling deep water cycle,"The minerals needed to transport water into the deepest parts of the Earth’s mantle remain unclear. High-pressure and -temperature experiments conducted at lower-mantle conditions suggest that iron oxyhydroxide phases may be important to such transport. 
 The minerals needed to transport water into the deepest parts of the Earth’s mantle remain unclear. High-pressure and -temperature experiments conducted at lower-mantle conditions suggest that iron oxyhydroxide phases may be important to such transport."
10.1038/s41561-026-02067-1,False,Nature Geoscience,该论文研究的是地球深部地幔中的铁 oxyhydroxides 相对与大气环境遥感技术无关。,[],Hongsheng Yuan;Lianjie Man;Ilya Kupenko;Yuqing Yin;Georgios Aprilis;Apostolos Pantousas;Anna Pakhomova;Wenju Zhou;Rémy Pierru;Ke Yang;Konstantin Glazyrin;Joao E. Rodrigues;Gaston Garbarino;James A. D. Ball;Elena Bykova;Qingyang Hu;Paolo A. Sossi;Daniel J. Frost;Leonid Dubrovinsky,Dense iron oxyhydroxides as possible reservoirs of water under deep mantle conditions,"Dense iron oxyhydroxide phases may form from an early basal magma ocean, trapping water and potentially contributing to the formation of thermochemical anomalies in the deep mantle, according to high-pressure and high-temperature experiments. 
 The chemical evolution of Earth’s mantle is governed by the interplay between primordial reservoirs formed during accretion and recycled components introduced by subduction. While helium and hydrogen isotopic anomalies strongly suggest the existence of primordial deep-water reservoirs, the mineral hosts capable of sequestering hydrogen during crystallization of basal magma ocean remain elusive. Here we use high-pressure and high-temperature experiments in laser-heated diamond anvil cells and report the synthesis of two hexagonal iron oxyhydroxides, Fe5O12Hx and Fe7O12Hx, under lowermost mantle conditions. We demonstrate that these phases can form under water-undersaturated conditions and exhibit high densities that facilitate gravitational settling. Capable of hosting both primordial and recycled water, these dense oxyhydroxides provide a plausible mineralogical basis for the seismically observed ultralow-velocity zones at the core–mantle boundary. Furthermore, their stability provides a mechanism for the transport of volatiles into Earth’s core or their episodic release into mantle plumes. Therefore, deep mantle iron oxyhydroxides may play a critical role in modulating planetary volatile cycles throughout geological time. Dense iron oxyhydroxide phases may form from an early basal magma ocean, trapping water and potentially contributing to the formation of thermochemical anomalies in the deep mantle, according to high-pressure and high-temperature experiments."
10.1038/s41561-026-02085-z,True,Nature Geoscience,该论文研究了自1750年以来大气中黑碳（一种短寿命气候强迫因子）的全球增温潜力的增加，重点关注了黑碳的亚型（如焦炭和烟灰）及其对气候的影响。这直接与大气环境遥感技术相关，尤其是空气质量和大气成分分析领域。,"['black carbon', 'atmospheric measurements', 'global warming potential']",Han Shen;Huizhong Shen;Yafang Cheng;Meinrat O. Andreae;Xiaoqiao Jiao;Xuyang Liang;Zelin Mai;Peng Guo;Lianming Zheng;Xiaocong Peng;Wei Du;Runyu Wang;Guohua Zhang;Jinghao Zhai;Yaling Zeng;Haitong Zhe Sun;Yilin Chen;Chen Wang;Tao Huang;Guofeng Shen;Xin Yang;Hang Su;Xinming Wang;Yingjun Chen;Gan Zhang,Increase in global warming potential of atmospheric black carbon since 1750,"The soot fraction of global black carbon emissions increased from 16% in 1750 to 35% in 2019, mainly driven by fossil fuel consumption, suggesting a higher warming potential per unit mass, according to an analysis of atmospheric measurements. 
 Black carbon is a short-lived climate forcer that occurs as a continuum of particulate matter with varying physical, chemical and optical properties. However, current global climate assessments treat black carbon as a single compound, overlooking the distinct properties of its subtypes and introducing substantial uncertainty in determining its climate impact. Here we evaluate the climate relevance of this overlooked heterogeneity using approximately 2,500 thermal–optical measurements of carbon fractions across emission sources to develop a global inventory distinguishing between less light-absorbing char and more light-absorbing soot from 1750 to 2019. We observed an increase in the soot fraction of total anthropogenic black carbon emissions, from 16% in 1750 to 35% in 2019, primarily driven by increased fossil fuel consumption. This shift, aligning with sediment records, suggests that contemporary black carbon emissions possess greater global warming potential per unit mass than those at the onset of the industrial era. Our findings underscore the need to resolve black carbon subtypes in climate models and prioritize soot-rich sources for mitigation. The soot fraction of global black carbon emissions increased from 16% in 1750 to 35% in 2019, mainly driven by fossil fuel consumption, suggesting a higher warming potential per unit mass, according to an analysis of atmospheric measurements."
10.1038/s41467-026-77418-y,False,Nature Communications,该论文主要关注线粒体基因组分析，使用长读序列和图工具进行基因组和表观遗传组分析，与大气环境遥感技术（如空气质量监测、卫星观测、大气成分分析、气溶胶反演）无关。,"['mitochondrial genome', 'long reads', 'graph-based toolkit']",Hang Su;Yongqing Huang;Timothy J. Durham;Nahyun Kong;Emma Casey;David Benjamin;Sheng Chih Jin;Namrata Gupta;Niall Lennon;Stacey Gabriel;Shawn Levy;Chelsea Berngruber;Jane Grimwood;Donna M. Muzny;Richard A. Gibbs;Ginger A. Metcalf;Fritz J. Sedlazeck;Joshua D. Smith;Evan E. Eichler;Kimberly F. Doheny;Kiran V. Garimella,Himito: a graph-based toolkit for mitochondrial genome analysis using long reads,"Himito is a graph-based toolkit for long-read mitochondrial genome analysis. It integrates NUMT filtering, haplotype assembly, variant calling, and methylation profiling, providing a comprehensive framework for studying mtDNA in aging and human disease. 
 Understanding the genetic and epigenetic regulation of mitochondrial DNA (mtDNA) is essential for elucidating mechanisms of aging and disease. Long-read sequencing can span the mitochondrial genome and capture base-modification signals, yet analytical tools remain limited. We developed Himito, a graph-based toolkit for analyzing mitochondrial genome using long reads. Himito filters reads originating from nuclear mitochondrial insertions (NUMTs), constructs a sequence graph to represent mtDNA diversity, assembles primary haplotypes, calls variants, and analyzes 5-methylcytosine (5mC) modifications within a unified framework. Benchmarking on reference datasets shows Himito achieves superior performance in assembly and variant calling compared with existing tools. Applied to the All of Us (AoU) v8 dataset, Himito identified pathogenic mtDNA variants, revealed population-scale haplogroup diversity, and uncovered age-related genetic and epigenetic patterns. These results demonstrate that long-read sequencing, combined with graph-based analysis, enables integrated characterization of mitochondrial genomic and epigenomic variation. Himito is available at https://github.com/broadinstitute/Himito. Himito is a graph-based toolkit for long-read mitochondrial genome analysis. It integrates NUMT filtering, haplotype assembly, variant calling, and methylation profiling, providing a comprehensive framework for studying mtDNA in aging and human disease."
10.1038/s41467-026-77695-7,False,Nature Communications,该论文的标题和摘要都集中在生物医学领域，特别是通过贻贝粘附介导的离子协调和分子点击技术来工程化免疫调节和骨诱导植入表面。这与大气环境遥感技术（如空气质量监测、卫星观测、大气成分分析、气溶胶反演）无关。,[],Tao Wang;Jiaxiang Bai;Min Lu;Chenglong Huang;Dechun Geng;Gang Chen;Lei Wang;Jin Qi;Wenguo Cui;Lianfu Deng,Author Correction: Engineering immunomodulatory and osteoinductive implant surfaces via mussel adhesion-mediated ion coordination and molecular clicking,"Author Correction: Engineering immunomodulatory and osteoinductive implant surfaces via mussel adhesion-mediated ion coordination and molecular clicking 
 "
10.1038/s41467-026-77343-0,False,Nature Communications,该论文研究的是一种通过矩阵三因子分解从少量观测样本中生成可解释数据的方法，主要应用于生物医学领域（如单细胞RNA测序/ATAC测序数据）的分类、聚类、特征选择和临界点预测等任务。虽然涉及高维数据处理技术，但与大气环境遥感技术（如空气质量监测、卫星观测、大气成分分析、气溶胶反演等）的主题关联性较弱。,"['matrix tri-factorization', 'explainable data generation', 'high-dimensional data']",Bin Zhang;Peng Tao;Jing Ren;Jiangyong Wei;Qiu Wang;Shangyan Cai;Weitian Huang;Peiluan Li;Hongmin Cai;Luonan Chen,Explainable data generation from observed small samples by matrix tri-factorization,"Here the authors propose an explainable data generation approach called EDG that operates under extreme sample scarcity by exploiting inherent low-dimensional principles contained in the observed high-dimensional data via matrix tri-factorization. 
 Data generation on small samples has exhibited great potential on real-world biomedical scenarios, especially on extreme cases such as early-stage or emerging biomedical conditions (e.g. Patient Zero of a brand-new disease with only one sample) because of insufficient sample information. Herein, we design an explainable data generation approach under extreme sample scarcity by exploiting inherent low-dimensional principles contained in observed high-dimensional data with comprehensive information, named by Explainable Data Generation (EDG) based on matrix tri-factorization. EDG aims to represent observed small high-dimensional samples by low-dimensional latent representation with a larger rather than equal sample size. This leads to explainable sample generation, due to transparency and interpretable process of decomposition and reconstruction. In experiments, EDG is tested on four tasks of classification, clustering, feature selection and tipping point prediction on simulated and real datasets (single-cell RNA-seq / ATAC-seq data) under extreme sample scarcity, with results demonstrating the superiority of EDG. Here the authors propose an explainable data generation approach called EDG that operates under extreme sample scarcity by exploiting inherent low-dimensional principles contained in the observed high-dimensional data via matrix tri-factorization."
10.1038/s41467-026-77623-9,True,Nature Communications,该论文研究了空气污染（如PM2.5、PM10和NO2）与先天性心脏病（CHD）之间的关系，探讨了空气污染暴露对孕妇和胎儿的影响，并分析了与空气污染相关的蛋白质特征。这与大气环境遥感技术中的空气质量监测和大气成分分析密切相关，因为论文中提到的污染物（如PM2.5和NO2）是常见的空气污染物，通常通过卫星或地面传感器进行监测。,"['air pollution', 'PM2.5', 'PM10', 'NO2', 'congenital heart defects']",Chen Liang;Ruiyang Ding;Shaofei Su;Shuanghua Xie;Jianhui Liu;Tianhe Li;Zhiwei Sun;Ruixia Liu;Junchao Duan;Chenghong Yin,A nested case-control study of air pollution and congenital heart defects via circulating proteins,"Prenatal exposure to air pollution has been linked to risk of congenital heart defects (CHD). Here the authors report that periconception exposure, especially to NO₂, is associated with higher CHD risk and distinct maternal and cord blood protein signatures. 
 Prenatal air pollution exposure is linked to congenital heart defects (CHD), while the underlying molecular mechanisms remain poorly understood. Here we showed that maternal exposure to PM2.5, PM10, and NO2 was significantly associated with increased CHD risk during the periconception period, with NO2 exhibiting the strongest effect. Moreover, a supervised sparse partial least square model identified pollutant-specific protein signatures in both maternal serum and umbilical cord serum. These protein fingerprints could effectively reflect the levels of air pollution and were significantly associated with CHD outcomes. Notably, our study revealed that FGF-4, VEGF-D, MSP, and Angiogenin may be involved in air pollution-associated cardiac malformations. Overall, this study promotes the understanding of the association between air pollution and CHD by identifying susceptible populations and underlying molecular mechanisms, providing a scientific basis for mitigation policies and prenatal healthcare. Prenatal exposure to air pollution has been linked to risk of congenital heart defects (CHD). Here the authors report that periconception exposure, especially to NO₂, is associated with higher CHD risk and distinct maternal and cord blood protein signatures."
10.1038/s41467-026-76836-2,False,Nature Communications,该论文研究的是小麦中氮利用效率的遗传调控，与大气环境遥感技术（如空气质量监测、卫星观测、大气成分分析、气溶胶反演）无关。,"['air quality monitoring', 'satellite observations', 'atmospheric composition analysis', 'aerosol retrieval']",Di Jiang;Chaojun Peng;Yan Li;Chen Gong;Yuhui Fang;Xingyu Zhang;Zhaoyang Wang;Xinnan Wang;Lin Hu;Xueli Qi;Weigang Xu,An elite allele <i>TaNPF7.6-A1</i><sup><i>mod</i></sup> enhances nitrogen use efficiency and grain yield in wheat,"Improving nitrogen use efficiency (NUE) is a key objective in wheat breeding. Here, the authors identify a superior allele, TaNPF7.6-A1mod, and its upstream regulatory factors, demonstrating their roles in enhancing NUE and increasing grain yield in wheat. 
 Breeding wheat varieties with a high nitrogen use efficiency (NUE) reduces both production costs and threats to the ecological environment. Here, using candidate-gene and genome-wide association studies, we identify TaNPF7.6-A1 as a positive regulator of NUE in wheat. A widely conserved polymorphism in the coding region of TaNPF7.6-A1 produces allele TaNPF7.6-A1mod with a higher transcription level and nitrate transport activity than TaNPF7.6-A1lan, resulting in a greater NUE. We also reveal the mechanism by which TaEIL3-TaJAZ1-TaNPF7.6-A1 regulates NUE in wheat. TaNPF7.6-A1mod interacts more strongly with TaJAZ1 than TaNPF7.6-A1lan and promotes the retention of nuclear-localized TaJAZ1 in the cytoplasm. TaJAZ1 interacts with TaEIL3 and represses TaEIL3, binding to the TaNPF7.6-A1mod promoter, influencing allele expression and causing phenotypic differences. TaNPF7.6-A1mod also shows significant geographical distribution aggregation globally and undergoes continuous positive selection during the breeding process. Overall, this study provides molecular and evolutionary insights into the regulation of NUE. Improving nitrogen use efficiency (NUE) is a key objective in wheat breeding. Here, the authors identify a superior allele, TaNPF7.6-A1mod, and its upstream regulatory factors, demonstrating their roles in enhancing NUE and increasing grain yield in wheat."
10.1038/s41467-026-77421-3,False,Nature Communications,该论文主要研究的是使用柔性微电极在非人灵长类动物中进行稳定的单神经元记录，与大气环境遥感技术（如空气质量监测、卫星观测、大气成分分析、气溶胶反演）没有直接关系。,"['microelectrodes', 'neurophysiological recordings', 'nonhuman primates']",Daniel P. Woods;Grace M. Adams;Rana Mozumder;Wenhao Dang;Andrew Y. Chen;Maxime Chevée;Christos Constantinidis;Daniel L. Gonzales,"Repeatable, low-drift recordings in behaving nonhuman primates using flexible microelectrodes","Stable single-neuron recordings are essential for understanding brain function and enabling future neurotechnologies. Here, the authors demonstrate that flexible polymer microelectrodes provide repeatable recordings in awake nonhuman primates with comparable yield and reduced electrode drift. 
 Neurophysiological recordings from nonhuman primates rely on rigid microelectrode arrays whose mechanical mismatch with brain tissue causes neuronal drift and unstable single-unit recordings. Here we present a flexible microelectrode platform for repeated recordings in awake rhesus macaques. We fabricated a 32-channel, 7-μm-thick Parylene-C array and developed a telescopic insertion method using concentric guide tubes and a retractable microwire shuttle to repeatedly deliver free-floating arrays through intact dura using standard recording chambers. Across two animals, we optimized the electrode geometry and insertion to achieve an 80% single-unit recording success rate. During an oculomotor delayed response task, we recorded stable task-responsive neurons from prefrontal and posterior parietal cortex. Compared with rigid probes in the same animals and recording chambers, flexible arrays achieved a comparable single-unit yield while reducing drift from hundreds to tens of micrometers. Our work establishes flexible microelectrodes as a practical and high-performing technology for primate neuroscience. Stable single-neuron recordings are essential for understanding brain function and enabling future neurotechnologies. Here, the authors demonstrate that flexible polymer microelectrodes provide repeatable recordings in awake nonhuman primates with comparable yield and reduced electrode drift."
10.1038/s41467-026-77454-8,False,Nature Communications,该论文研究的是小鼠神经科学领域，特别是子板神经元在感觉经验前的组织活动，与大气环境遥感技术（如空气质量监测、卫星观测、大气成分分析、气溶胶反演）无关。,"['subplate neurons', 'topographic protomap', 'sensory experience']",Travis A. Babola;Minzi Chang;Rachel Jun;Marina Cardoso de Oliveira;Jessica E. Messier;Yunru Chen;Lillian Choi;Dave R. Gutierrez;Patrick O. Kanold,A topographic protomap in mouse subplate neurons precedes the onset of sensory experience,"The authors find that subplate neurons receive organized eye- and ear-driven activity before sensory experience and maturation of layer 4 inputs in mice. They persist, receive thalamic inputs, and retain tonotopic responses, suggesting a role in sensory computation. 
 Within sensory systems, thalamic projections to layer 4 (L4) neurons establish precise neocortical topography. During development, thalamic axons first synapse onto subplate neurons (SPNs) beneath the cortical plate, however, how thalamic inputs are organized within the subplate is unknown. To examine SPN organization and activity, we generated an inducible Cplx3-CreER mouse driver line to examine SPNs during development. Before sensory onset, we found that Cplx3+ SPNs in the auditory and visual cortices exhibited topographically organized spontaneous activity. Stimulating thalamocortical afferents evoked robust responses in auditory cortex SPNs, indicating functional thalamic input, while cochlear ablation or enucleation dramatically reduced spontaneous activity among Cplx3+ SPNs, indicating that peripherally-generated activity propagates to the subplate. After ear canal opening, Cplx3+ SPNs responded reliably to sound with coarse tonotopy. Thus, Cplx3+ SPNs receive topographically organized input and integrate spontaneous and sensory-driven activity, which may shape refinement of nascent brain circuits. The authors find that subplate neurons receive organized eye- and ear-driven activity before sensory experience and maturation of layer 4 inputs in mice. They persist, receive thalamic inputs, and retain tonotopic responses, suggesting a role in sensory computation."
10.1038/s41467-026-77469-1,False,Nature Communications,该论文研究的是酵母杂交的基因组进化和表型变异，与大气环境遥感技术（如空气质量监测、卫星观测、大气成分分析、气溶胶反演）无关。,[],Artemiza A. Martínez;Gregory I. Lang,Pervasive weak incompatibilities shape phenotypic variation and genome evolution in yeast hybrids,"Species barriers maintain co-adapted genomes, while interspecific hybridization creates divergent mosaic genomes with uncertain evolutionary potential. This study uses recombinant yeast hybrids to reveal widespread weak interactions and distinct, background-dependent paths of adaptation. 
 Species barriers limit gene flow and maintain co-adapted genomes. Interspecific hybridization can break down species barriers, generating phenotypic variation and altering evolutionary potential. Although the phenotypic and genomic consequences of hybridization have been extensively studied in many systems, far less is known about the longer-term evolutionary dynamics of highly divergent, mosaic genomes and the extent to which genetic incompatibilities shape their adaptation. By suppressing anti-recombination genes in meiosis, we generate 20 haploid recombinant hybrids from a cross between Saccharomyces cerevisiae and Saccharomyces paradoxus. Across conditions, these hybrids are, on average, less fit than either parent and show broad phenotypic variation. Patterns of protein-complex inheritance reveal no evidence of strong pairwise lethality but support pervasive weak negative genetic interactions. Using laboratory evolution, we show that each recombinant genome follows a distinct adaptive trajectory, and that a small subset of hybrid protein complexes and loci show hybrid-specific mutational targeting. Species-of-origin alleles also bias evolutionary outcomes by reshaping selection on interacting genes. Together, these results indicate that strong pairwise incompatibilities are rare, while weak, background-dependent interactions are widespread and shape both phenotypic variation and genome evolution in hybrid genomes. Species barriers maintain co-adapted genomes, while interspecific hybridization creates divergent mosaic genomes with uncertain evolutionary potential. This study uses recombinant yeast hybrids to reveal widespread weak interactions and distinct, background-dependent paths of adaptation."
10.1038/s41558-026-02738-2,False,Nature Climate Change,该论文主要关注生物体的生理灵活性和气候变化对其影响，未涉及大气环境遥感技术相关内容，如空气质量监测、卫星观测、大气成分分析或气溶胶反演等。,"['physiological flexibility', 'ectothermic animals', 'climate change']",John S. Terblanche,Physiological flexibility in changing climates,"How much ectothermic animals can rely on plastic adjustments in their physiology remains a central challenge when forecasting climate change impacts. Here, I look back on a 2015 paper that examined the role of physiological plasticity in thermal performance and discuss subsequent research and broader conservation implications. 
 How much ectothermic animals can rely on plastic adjustments in their physiology remains a central challenge when forecasting climate change impacts. Here, I look back on a 2015 paper that examined the role of physiological plasticity in thermal performance and discuss subsequent research and broader conservation implications."
10.1038/s41893-026-01933-5,False,Nature Sustainability,该论文主要关注页岩气开采对地下水化学的影响，特别是表面泄漏可能导致的地下水污染问题。虽然与环境监测有关，但并不涉及大气环境遥感技术，如空气质量监测、卫星观测或大气成分分析等。,"['groundwater chemistry', 'shale gas spills', 'hydrologic vulnerability']",Mario A. Soriano Jr.;Joshua L. Warren;Yingcan Cathy Wang;David van Velden;Shuqi Lin;Reed M. Maxwell;James E. Saiers,Higher odds of produced-water-like chemistry in groundwater vulnerable to shale gas spills,"Horizontal drilling and hydraulic fracturing are a core part of the US domestic energy economy, particularly in the Appalachian region. However, surface spills occurring in areas of high hydrologic vulnerability could pose a risk to the drinking-water sources of more than 120,000 local residents. 
 Unconventional oil and gas development (UOGD), the extraction of hydrocarbons from shale and other low-permeability formations through horizontal drilling and hydraulic fracturing, has bolstered the USA’s domestic energy production and economy. These benefits have been accompanied by public concerns about the industry’s impacts on drinking-water resources, the environment and human health. Here we explore the association between observed groundwater chemistry and documented surface spills from UOGD in the northern Appalachian Basin. Using published data from over 16,000 groundwater samples and high-resolution, physically based groundwater flow and transport modelling, we find that areas with high hydrologic vulnerability to surface spills exhibit a threefold increase in the odds of detecting chemical signatures resembling produced water or deep formation brines in domestic well water, even when accounting for other factors that may explain such chemical imprints. Across our study region, we estimate that over 120,000 people served by domestic wells reside in locations where groundwater is vulnerable to contamination from UOGD activities. Horizontal drilling and hydraulic fracturing are a core part of the US domestic energy economy, particularly in the Appalachian region. However, surface spills occurring in areas of high hydrologic vulnerability could pose a risk to the drinking-water sources of more than 120,000 local residents."
10.1038/s41893-026-01931-7,True,Nature Sustainability,该研究关注的是全球石化行业的温室气体排放和脱碳路径，虽然未直接提及大气环境遥感技术，但其对排放清单的详细评估和情景分析对理解大气成分变化有间接贡献，因此与大气环境遥感技术有一定关联。,"['greenhouse gas emissions', 'petrochemical production', 'facility-level emissions inventory']",Fanran Meng;Luke Cullen;Philip Mitchell;Phillip Christopher;André Cabrera Serrenho;Eric Masanet;Anthony J. Ryan;Rick Lupton;Jonathan M. Cullen,Emissions and system-level decarbonization pathways for global petrochemical production,"The petrochemical sector is a major source of greenhouse gas emissions, yet a consistent facility-level emissions inventory is missing, hindering effective sectoral decarbonization. This study fills the gap through a bottom-up and detailed assessment of 37,379 facilities globally. 
 The petrochemical industry is responsible for 13% of global industrial and 3.5% of total greenhouse gas emissions, yet a globally consistent facility-level emissions inventory is lacking. Here we present a bottom-up assessment of historical, current and prospective emissions from 37,379 production facilities, covering 81 chemicals and 2,043 manufacturing processes. We estimate that petrochemical production emitted 2.0 ± 0.8 GtCO2e in 2023 and this could increase to 3.0 ± 1.2 GtCO2e by 2050 under a business-as-usual scenario. Emissions are highly concentrated, with 53% of 2023 emissions arising from 10% of facilities. Among primary chemicals, ethylene and ammonia were the largest emitters, at 290 ± 50 and 250 ± 50 MtCO2e, respectively, in 2023. Our scenario analysis indicates that decarbonization efforts should prioritize the highest-emitting facilities through efficiency improvements, alternative fuels and feedstocks, alongside broad demand reduction and power grid decarbonization. The analysis provides insights for industry, researchers and policymakers to target effective decarbonization in the petrochemical sector. The petrochemical sector is a major source of greenhouse gas emissions, yet a consistent facility-level emissions inventory is missing, hindering effective sectoral decarbonization. This study fills the gap through a bottom-up and detailed assessment of 37,379 facilities globally."
10.1038/s43247-026-04049-y,False,Communications Earth & Environment,该论文主要研究的是公民生成的洪水图像如何增强城市灾害后的监测，并揭示报告不平等问题，虽然涉及遥感技术（如社交媒体图像分析），但主要关注的是灾害监测和城市管理，而非大气环境遥感技术（如空气质量监测、卫星观测等）。,"['social media imagery', 'flood aftermath', 'vision-language model']",Zihua Zhu;Zhiyao Tian;Xianfei Yin,Citizen flood imagery enhances urban aftermath monitoring and exposes reporting inequities,"Citizen-generated flood images complement official records by revealing localized flood aftermath and additional hotspots, improving visibility in socially vulnerable areas according to flood-masked geolocation and a fine-tuned vision-language model applied to social media imagery. 
 Urban flood management requires street-level situational awareness, yet existing monitoring remains limited by overhead sensing constraints and socially uneven reporting. Here we show that citizen-generated flood imagery can complement official data by providing localized and interpretable evidence of flood impacts. We develop a two-stage framework that turns social media flood images into spatially explicit aftermath information. First, a flood-masked strategy improves street-level localization by focusing on stable urban features rather than temporary changes caused by flooding. Second, a fine-tuned vision-language model converts the images into standardized measures of flood aftermath. Applied in San Francisco, the framework shows strong agreement with institutional reporting in dense urban areas while revealing additional hotspots that deviate from official records. Furthermore, institutional reporting intensity declines with increasing social vulnerability, whereas social media signals do not show the same monotonic decline. These results demonstrate the potential of citizen-generated imagery to broaden flood visibility and reduce informational gaps in urban aftermath monitoring. Citizen-generated flood images complement official records by revealing localized flood aftermath and additional hotspots, improving visibility in socially vulnerable areas according to flood-masked geolocation and a fine-tuned vision-language model applied to social media imagery."
10.1038/s43247-026-04023-8,False,Communications Earth & Environment,该论文主要关注碳边境调节机制对中东和北非钢铁出口商的影响，涉及碳定价、脱碳化技术和国家电力部门转型，但与大气环境遥感技术（如空气质量监测、卫星观测、大气成分分析、气溶胶反演）没有直接关联。,"['carbon border', 'steel exporters', 'decarbonization']",Abdullah Demir;Ali Ersin Dinçer;Nazire Nergiz Dinçer;Ayça Tekin-Koru,Decarbonization reduces carbon border costs for Middle East and North African steel exporters,"Carbon border costs for Middle Eastern and North African steel exporters could nearly double under high carbon prices but fall by up to 56% with ambitious decarbonization, with priorities varying across countries, based on scenarios of trade, technology, and power-sector transitions through 2035. 
 The European Union’s Carbon Border Adjustment Mechanism is set to reshape trade in carbon-intensive goods and poses a major challenge for steel exporters in the Middle East and North Africa. Here we show how carbon prices, export responses, cleaner production routes and national power sector transitions shape the region’s exposure through 2035. Our analysis combines life-cycle emissions data with scenarios for carbon pricing, trade, technology adoption and power-sector decarbonization. Under high carbon prices, regional liabilities nearly double by 2035. Lower exports reduce these payments but also cut revenues. Ambitious decarbonization lowers liabilities by up to 56 percent compared with business as usual. The main route to lower exposure differs across countries: cleaner electricity is most important in Egypt and Morocco, while both grid reform and production modernization matter in Algeria and Türkiye. Türkiye has the largest absolute exposure, Egypt has the greatest dependence on the European market, and Saudi Arabia has the highest risk from carbon-intensive production. Carbon border costs for Middle Eastern and North African steel exporters could nearly double under high carbon prices but fall by up to 56% with ambitious decarbonization, with priorities varying across countries, based on scenarios of trade, technology, and power-sector transitions through 2035."
10.1038/s43247-026-04014-9,False,Communications Earth & Environment,该论文主要关注风力发电的碳强度和生命周期政策，虽然与环境科学相关，但并未涉及大气环境遥感技术，如空气质量监测、卫星观测、大气成分分析或气溶胶反演等具体技术或应用。,"['carbon intensity', 'life cycle analysis', 'engineering policies']",Jianjun Qin;Yue Pan;Baowen Zhou;Limao Zhang;Zhaoming Yang;Michael Havbro Faber,No genuinely green wind power without effective engineering policies,"Wind power is not automatically low-carbon and its carbon intensity is highly uncertain and strongly shaped by lifecycle policies; only the projects with low failure rates, rapid responses and high recycling can probably meet climate benchmarks. 
 Wind energy is widely regarded as a sustainable and low-carbon source of electricity. However, the assumption that wind power projects produce negligible or zero greenhouse gas emissions oversimplifies the complexities inherent in their life cycle. To investigate the carbon intensity reliably, we propose a probabilistic life cycle analysis framework that systematically accounts for variability in material inputs, energy consumption, and operational performance. Our analysis reveals pronounced variability in carbon emission factor definition, reflecting substantial uncertainty in the quantification of carbon footprint. Crucially, engineering policies across the full life cycle of wind power projects, from design and construction through operation to decommissioning, substantially influence both power generation and carbon emission. Only the projects characterized by low predefined annual failure rates, rapid failure response, and high material recycling rates can probably achieve carbon intensities aligned with Intergovernmental Panel on Climate Change benchmarks. Our findings highlight the critical role of the policies in ensuring wind energy’s contribution to a genuinely low-carbon transition. Wind power is not automatically low-carbon and its carbon intensity is highly uncertain and strongly shaped by lifecycle policies; only the projects with low failure rates, rapid responses and high recycling can probably meet climate benchmarks."
10.1038/s43247-026-04033-6,False,Communications Earth & Environment,该论文主要关注森林边缘效应及其受人类活动的影响，虽然涉及微气候变化等环境因素，但并未明确涉及大气环境遥感技术，如空气质量监测、卫星观测或大气成分分析等。因此，它与大气环境遥感技术的关联性不强。,"['forest edge', 'ecosystem productivity', 'microclimatic conditions']",Chen Chen;Jing Wang;Eduardo Eiji Maeda;Yuhao Feng;Yiwen Pan;Kun Zhang;William F. Laurance,Forest edge effects in China are strongly shaped by human activities,"Anthropogenic forest edges in China reduce ecosystem productivity and stability more strongly and over greater distances than natural edges, with effects linked to altered canopy structure and microclimatic conditions, based on a nationwide assessment of fragmented forests and edge dynamics. 
 Forest fragmentation has produced widespread edge zones, leading to declines in ecosystem functioning. Although human activities are the primary drivers of such ecological disturbance, how they modulate the depth and magnitude of edge effects remains insufficiently understood. Here we assessed edge effects in fragmented forests across China, a megadiversity nation with the largest afforested area and high deforestation risk. By 2023, nearly 88% of China’s forests are within 1 km of an edge, with roughly 95% of these edges adjoining anthropogenic land uses. Compared to natural forest edges, anthropogenic edges exhibit stronger edge effects on ecosystem productivity and its temporal stability, with productivity disrupted and stability declining markedly within ~210 m of edges. In contrast, natural edges show reduced productivity within ~100 m of edges but no detectable impact on ecosystem stability. These differences are primarily driven by canopy height, as well as changes in hydrological, thermal, and wind conditions. These findings underscore the importance of forest-edge conservation in China. Anthropogenic forest edges in China reduce ecosystem productivity and stability more strongly and over greater distances than natural edges, with effects linked to altered canopy structure and microclimatic conditions, based on a nationwide assessment of fragmented forests and edge dynamics."
10.1038/s43247-026-04017-6,True,Communications Earth & Environment,该论文研究了中国的绿洲草地退化问题，利用光谱轨迹的时序分割和机器学习技术分析了退化事件的演变、影响和潜在驱动因素。虽然主要关注草地生态系统，但其研究方法涉及遥感技术和数据分析，与大气环境遥感技术（如卫星观测、光谱分析）有较强关联，因此属于相关领域。,"['spectral trajectories', 'machine learning', 'grassland degradation']",Peng Chen;Qiang Tang;Shuai Wang;Yanxu Liu;Linhai Cheng;Changjia Li;Xutong Wu;Fuyou Tian;Ya Gao;Wenxuan Xu;Yuchuan Luo;Bixia Hu;Bojie Fu,A trend toward shorter duration and higher intensity of grassland degradation in Chinese oases,"China’s oasis grasslands have experienced widespread degradation affecting 68% of the area, with short-term events causing stronger degradation and greater productivity losses than long-term events, according to temporal segmentation of spectral trajectories and machine learning of 1990-2021 data. 
 Degradation events have been widely observed in grassland ecosystems, yet how their patterns shift under climate change and human activities remains poorly understood. This is especially important for China’s oasis grasslands, characterised by high ecological vulnerability and strong human pressure. Here, we combine temporal segmentation of spectral trajectories with machine learning to examine the evolution, impacts and potential drivers of China’s oasis grassland degradation events during 1990–2021. We find that degradation events are widespread, affecting 68.16% of oasis grasslands. Short-term events (3–9 years) exhibit significantly higher degradation intensity than long-term events (≥10 years) and continue to expand in area. Legacy effects differ among event types, with long-term events reducing ecosystem stability and short-term events causing larger productivity declines. The expansion of short-term events is associated with warming, wetting, greater climate variability and stronger human pressure. These findings suggest that grassland management should place greater emphasis on short-term, high-intensity degradation events and their legacy effects on productivity. China’s oasis grasslands have experienced widespread degradation affecting 68% of the area, with short-term events causing stronger degradation and greater productivity losses than long-term events, according to temporal segmentation of spectral trajectories and machine learning of 1990-2021 data."
10.1038/s43247-026-03934-w,True,Communications Earth & Environment,该论文研究美国河口的环境参数变化，涉及温度、氧气和营养盐等关键环境指标，与大气环境遥感技术中的空气质量监测、水体成分分析等领域密切相关。,"['in situ data', 'estuaries', 'water quality']",Kaitlin L. Reinl;Robert P. Dunn;Kimberly A. Cressman;Theophilos Collins;Jennifer L. DeBose;Carl T. Friedrichs;Jason S. Goldstein;Alicia R. Helms;Christopher Kinkade;Julie L. Krask;David B. Parrish;Hannah N. Nicklay;Justin T. Ridge;Denise M. Sanger;Jacob A. Cianci-Gaskill;Nicole G. Dix;Thomas M. Grothues;Steven E. McMurray;Christopher Peter,"In situ observations reveal continental-scale warming, oxygen decline, and eutrophication in U.S. estuaries","U.S. estuaries show widespread warming, eutrophication, and oxygen declines, with increasing temperature and chlorophyll-a together contributing to declining oxygen levels, based on two decades of high resolution, in situ data from 29 estuaries. 
 Estuaries are sentinel ecosystems for understanding the impacts of climate and land-use change, but availability of in situ data for continental-scale comparative studies is rare. Here, we document the status of water quality in 29 U.S. estuaries across multiple climate zones using in situ data to detail decadal-scale trends in key environmental parameters and their drivers. Our analysis assembles more than 250 million data points from over the past two decades (2002-2022), providing direct evidence of widespread eutrophication and warming in estuaries, with significant increases in chlorophyll-a and water temperature at approximately two-thirds of sites, and oxygen declines at half of sites. Changing nutrient concentrations, not temperature, appear to be the primary driver of increases in chlorophyll-a at the continental scale, while increasing temperature and chlorophyll-a are the best predictors of declining oxygen concentrations. These analyses reinforce that changes in coastal ecosystem dynamics are widespread and complex, driven by multiple interacting factors that require large-scale, standardized data collection to disentangle. U.S. estuaries show widespread warming, eutrophication, and oxygen declines, with increasing temperature and chlorophyll-a together contributing to declining oxygen levels, based on two decades of high resolution, in situ data from 29 estuaries."
10.1038/s44284-026-00516-x,False,Nature Cities,该论文主要研究社交媒体数据与城市环境中情绪表达的关系，探讨理想化情感与抑郁风险之间的联系，并未涉及大气环境遥感技术、空气质量监测、卫星观测或大气成分分析等相关领域。,"['social media', 'depression', 'urban places']",Cunyu Yuan;Xia Zhang;Luliang Tang;Danning Xu;Hong Yang,Depression risk associated with idealized sentiment toward urban places on social media,"Urban environments substantially influence mental health, yet quantifying subjective perceptions linked to depression remains challenging. Utilizing social media data, a novel framework identifies emotional responses to urban places, revealing complex associations between sentiment and depression risk across diverse contexts. 
 Urban residents face a substantial depression risk globally. Whereas the link between the physical built environment and depression has been extensively studied, the association between subjective environmental perception and depression remains uncharacterized at scale. Here we use social media data for the large-scale quantification of this association. Drawing on the Sina Weibo Depression Dataset, a public corpus of posts annotated for depression-related analysis, we introduce an index to measure place-based sentiment intensity (LooM) and an explainable deep learning framework to analyze 88 types of urban place. We find that depressed individuals exhibit more emotionally mixed expressions. Notably, positive sentiment toward cultural and residential places correlates with higher risk, suggesting longing for an idealized life. These risk signals form systemic patterns, vary across Chinese cities and follow scaling laws with population. Our findings challenge equating positive sentiment with mental health, prompting urban design to address residents’ subjective emotional needs. Urban environments substantially influence mental health, yet quantifying subjective perceptions linked to depression remains challenging. Utilizing social media data, a novel framework identifies emotional responses to urban places, revealing complex associations between sentiment and depression risk across diverse contexts."
10.1038/s44284-026-00509-w,False,Nature Cities,该论文主要关注城市建筑材料的不平等分布和未来需求，不涉及大气环境遥感技术，如空气质量监测、卫星观测、大气成分分析或气溶胶反演等。,[],,Global characterization of building-level weight reveals urban material inequality,"A global, building-level database of 606 million structures reveals that 835 Gt of materials are in use and that there are large inequalities in the distribution between high-income and low-income countries. Choosing a material-efficient urban form when planning cities could help to reduce future building-material demand. 
 A global, building-level database of 606 million structures reveals that 835 Gt of materials are in use and that there are large inequalities in the distribution between high-income and low-income countries. Choosing a material-efficient urban form when planning cities could help to reduce future building-material demand."
10.1038/s44284-026-00524-x,False,Nature Cities,该论文研究的是中国史前时期的城市形成与地形关系，与大气环境遥感技术（如空气质量监测、卫星观测、大气成分分析、气溶胶反演等）无关，因此不相关。,[],,How landscapes shaped the spatial foundations of cities in pre-state China,"Before a large, integrated state emerged in China, proto-urban settlement systems provided the spatial foundations from which cities could emerge. Settlement patterns reconstructed from archeological sites across Neolithic China reveal how terrain-derived accessibility structured these systems, and how that relationship later changed as China moved towards state formation. 
 Before a large, integrated state emerged in China, proto-urban settlement systems provided the spatial foundations from which cities could emerge. Settlement patterns reconstructed from archeological sites across Neolithic China reveal how terrain-derived accessibility structured these systems, and how that relationship later changed as China moved towards state formation."
10.1038/s44284-026-00511-2,False,Nature Cities,该论文研究的是新石器时代中国地形可及性与原始城市定居点组织的关系，与大气环境遥感技术（如空气质量监测、卫星观测、大气成分分析、气溶胶反演）无关。,[],Ruoran Cheng;Xiao Yu;Dongdong Li;Hongzhi Xu;Guodong Ju;Kent Deng;Joan Rosés,Topographic accessibility and proto-urban settlement organization in Neolithic China,"The origins of modern cities can be found in proto-urban settlements that formed before the consolidation of states. This study demonstrates that spatial terrain accessibility guided settlement organization in Neolithic China, a relationship that can be tested in other contexts. 
 Cities emerged from settlement systems that predated formal roads, mature states and institutionalized urban governance, but the large-scale spatial organization of these proto-urban systems is still poorly understood. Here we examine how terrain-derived accessibility related to settlement organization across Neolithic China between 5000 and 2000 BCE, combining a newly compiled georeferenced archeological dataset with a measure of overland accessibility derived from topography. Settlement intensity became increasingly concentrated along accessible corridors between 5000 and 2500 BCE. Between 2500 and 2000 BCE, this association weakened sharply, although spatial clustering remained strong and the principal concentration of settlements shifted toward intermediate-accessibility settings. These findings show that terrain accessibility structured proto-urban settlement organization before mature states and formal transport infrastructure, but that this relationship was historically contingent rather than fixed. They provide a long-run East Asian perspective on how the spatial foundations of urban development can be reorganized as settlement systems grow more complex. The origins of modern cities can be found in proto-urban settlements that formed before the consolidation of states. This study demonstrates that spatial terrain accessibility guided settlement organization in Neolithic China, a relationship that can be tested in other contexts."
10.1038/s44284-026-00514-z,False,Nature Cities,该论文主要关注海绵城市建设对细菌性痢疾风险的影响，虽然洪水和水质与大气环境有一定关联（例如水污染可能影响空气质量），但核心内容并非大气环境遥感技术，如空气质量监测、卫星观测等。,"['flood', 'bacillary dysentery', 'sponge city']",Ling Zhang;Qunwu Zha;Hao Zhao;Ce Liu;Yanxia Wang;John S. Ji;Cunrui Huang;Bin Luo,Reduced flood-related bacillary dysentery risk with sponge city development in China,"Flooding exacerbates bacillary dysentery risks, particularly among vulnerable groups. Analysis of 4.2 million cases in China utilized case-crossover and quasi-experimental methods, revealing a 12.2% risk reduction post-sponge city development, especially in areas with weaker infrastructure. 
 Flooding heightens waterborne disease risks, yet evidence on whether nature-based urban adaptation reduces these burdens is limited. Here we analyzed 4.2 million bacillary dysentery (BD) cases across China (2005–2020). We employed a case-crossover design to estimate the acute effect of flood exposure on BD risk, coupled with a quasi-experimental approach to compare changes in flood-related BD risk between cities with and without the sponge city development initiative. Flood exposure, especially severe floods, increased BD risk over a 28-day lag period. School-aged children and elders were most vulnerable to overall and severe floods, respectively. Cities with sponge city development showed lower flood-related BD risk, with the greatest reduction (12.2%) by the third year after the initiative. Protective effects were stronger where pre-existing infrastructure was weaker (for example, fewer public toilets, lower water pipeline density and less favorable industry). These findings suggest that nature-based urban adaptation could yield health co-benefits, particularly in less-developed settings. Flooding exacerbates bacillary dysentery risks, particularly among vulnerable groups. Analysis of 4.2 million cases in China utilized case-crossover and quasi-experimental methods, revealing a 12.2% risk reduction post-sponge city development, especially in areas with weaker infrastructure."
10.1038/s44284-026-00510-3,False,Nature Cities,这篇论文主要关注城市建筑材料的不平等和效率问题，虽然涉及城市化和材料积累，但并未直接与大气环境遥感技术（如空气质量监测、卫星观测、大气成分分析或气溶胶反演）相关。,"['urban material inequality', 'building material stocks', 'affluence', 'urban form', 'sustainable development']",Jinchao Song;Kun Sun;Benjamin P. Goldstein;Xiaoye Tong;Lizhe Wang;Marco Helbich;Qiance Liu;Menglin Dai;Xiang Li;Gang Liu,Weighing 600 million buildings reveals global urban material inequality and efficiency paths,"Urbanization is rapidly increasing the accumulation of materials in buildings worldwide. This study’s global mapping of over 600 million buildings reveals that urban form, alongside affluence, critically shapes patterns of material stock growth. 
 Material accumulation in built environment is a defining feature of urbanization, shaping resource use, energy demand and emissions. Yet, spatially explicit assessments of global building material stocks remain scarce, limiting understanding of how urbanization and urban form influence material demand and sustainability outcomes. Here we construct a harmonized global database of building-level material stocks covering more than 600 million buildings, revealing an in-use stock of 835 Gt. Per capita stocks rise sharply with affluence, with low- and middle-income countries reaching only 14–33% of high-income levels. Although material accumulation generally scales with economic development, it increases sublinearly with income because urban form strongly moderates demand, producing diverse and path-dependent trajectories. Scenario analysis indicates that, if rapidly urbanizing regions follow historical development pathways, global building material stocks could expand by 419 Gt by 2050. However, adopting a dense and homogeneously low urban form could reduce this growth by about 30%, highlighting urban planning as a key lever for sustainable development. Urbanization is rapidly increasing the accumulation of materials in buildings worldwide. This study’s global mapping of over 600 million buildings reveals that urban form, alongside affluence, critically shapes patterns of material stock growth."
None,True,Remote Sensing of Environment,该论文研究了利用Sentinel-5P和EnMAP卫星遥感技术对格陵兰冰盖上融化冰川的总水汽柱进行对比分析，这与大气环境遥感技术中的卫星观测、大气成分分析密切相关，因此相关性强。,"['Sentinel-5P', 'EnMAP', 'total column water vapor', 'Greenland ice sheet', 'spaceborne measurements']",Alexander Kokhanovsky;Luca Lelli;Karl Segl;Jörg Bendix,The intercomparison of total column water vapor over a melting glacier on the Greenland ice sheet derived using spaceborne Sentinel-5P and high spatial resolution EnMAP measurements,
None,True,Remote Sensing of Environment,该论文研究了利用Sentinel-1卫星时间序列数据检测作物播种和收获日期的新自适应方法，与大气环境遥感技术中的卫星观测和农业环境监测相关，属于遥感技术在农业领域的应用，因此与大气环境遥感技术密切相关。,"['Sentinel-1', 'time series', 'crop sowing', 'harvesting dates']",Shuai Xu;Xiaolin Zhu,A new adaptive approach for detecting crop sowing and harvesting dates from Sentinel-1 time series,
None,True,Remote Sensing of Environment,该研究使用卫星土壤湿度数据来预测水限制环境下的作物生产力异常，这与大气环境遥感技术中的卫星观测和大气成分分析密切相关。,"['satellite soil moisture', 'sub-seasonal forecasting', 'cropland productivity']",Adebowale Daniel Adebayo;Catherine Nakalembe,Sub-seasonal forecasting of cropland productivity anomalies using satellite soil moisture in water-limited environments,
None,True,Remote Sensing of Environment,该论文标题和摘要明确涉及使用Planet Dove卫星监测世界海岸线，这与大气环境遥感技术中的卫星观测和海岸带环境监测高度相关。海岸线环境监测通常需要遥感技术来获取大气成分、空气质量以及气溶胶等信息，因此该论文与大气环境遥感技术密切相关。,"['Planet Dove', 'coastlines', 'remote sensing']",Katherine C. Cavanaugh;Kyle Dorman;Kyle C. Cavanaugh,Capability of Planet Dove for monitoring the world's coastlines,
None,True,Remote Sensing of Environment,该论文研究了地上生物量和土壤湿度干旱对基于VOD（植被光学深度）的全球等水势性估计的影响，涉及大气环境遥感技术中的大气成分分析和卫星观测，因此与大气环境遥感技术密切相关。,"['VOD', 'isohydricity', 'biomass', 'soil moisture', 'atmospheric']",Yuanzhizi Deng;Yao Zhang,Effects of aboveground biomass and soil moisture drought on VOD-based global isohydricity estimates,
None,False,Remote Sensing of Environment,该论文研究的是利用机器学习方法从高分辨率植被指数数据中提取作物物候信息，主要关注农业领域，与大气环境遥感技术（如空气质量监测、卫星观测、大气成分分析、气溶胶反演等）关系不大。,"['machine learning', 'crop phenology', 'vegetation index']",Ruoque Shen;Qiongyan Peng;Xiangqian Li;Jianxi Huang;Jin Chen;Jie Dong;Xiuzhi Chen;Wenping Yuan,SMFS-RF: a knowledge-guided machine-learning method for crop phenology extraction from fine-resolution vegetation index data,
None,True,Remote Sensing of Environment,该论文与大气环境遥感技术强相关，因为Landsat系列传感器是用于地球观测和大气成分分析的卫星传感器，而LandIS是其套件，Landsat 10任务则涉及传感器设计。这些内容直接关系到卫星观测和大气环境监测。,"['Landsat Instrument Suite', 'Landsat 10 mission', 'sensor design']",Matthew Montanaro;Jeffrey Yee;Edmond Chung;Julie Montoya;Benjamin Turk;Eric Johnson;Andrew Pozo;Evan Haas;Steven Persh;Shawn Serbin;Thomas R. Holmes;Phillip W. Dabney;Bruce D. Cook;Christopher S.R. Neigh,Landsat Instrument Suite (LandIS) sensor design for the Landsat 10 mission,
None,False,Remote Sensing of Environment,这篇论文的标题和摘要都与大气环境遥感技术无关，而是关注生物多样性和保护科学。因此，它不属于大气环境遥感技术领域。,"['biodiversity', 'conservation', 'BioSat indices']",Volker C. Radeloff;Eduarda M.O. Silveira;Akash Anand;Duanyang Liu;Kathleen A. Carroll;Nicholas C. Coops;Gabriel C. Costa;Maxim Dubinin;Laura S. Farwell;Paul R. Elsen;Martina L. Hobi;Elena Razenkova;Naparat Suttidate;Benjamin Zuckerberg;Anna M. Pidgeon,The BioSat indices designed for biodiversity science and conservation,
None,True,Remote Sensing of Environment,该论文标题和摘要涉及Landsat卫星数据开发的全球蒸散量产品，这与大气环境遥感技术（如卫星观测和大气成分分析）密切相关。蒸散量是大气水文循环的重要参数，通过遥感技术监测可以提供关键的空气质量监测数据。,"['Landsat', 'evapotranspiration', 'global product']",Gabriel B. Senay;Gabriel E.L. Parrish;Kul Khand;Lei Ji;Ray Dittmeier;MacKenzie Friedrichs;John Volk;Charles Morton;Leonardo Laipelt;Stefanie Kagone;Sheila M.V. Cochrane;Jordan Dornbierer;Saeed Arab;Calli Jenkerson;Anderson Ruhoff;Michael Budde,"On-demand global Landsat evapotranspiration product: development, evaluation, and dissemination",
None,False,Remote Sensing of Environment,该论文主要关注的是利用Landsat数据进行灌溉制图和实际蒸散量估算，并结合水文模型评估大型流域的灌溉动态，以及向国家运营的灌溉水资源核算系统发展。虽然Landsat是一种遥感技术，但该研究的应用领域主要集中在农业和水资源管理，而非大气环境遥感技术，如空气质量监测、卫星观测、大气成分分析或气溶胶反演等。,"['Landsat', 'irrigation mapping', 'actual evapotranspiration']",Jorge L. Peña-Arancibia;Yingying Yu;Tim R. McVicar;Thomas G. Van Niel;Francis H.S. Chiew;Darin Hodgson;Jamie Vleeshouwer;Aarond Dino;Zachary Brown;Anthony Nadelko,Integrating Landsat-based irrigation mapping and actual evapotranspiration estimates with hydrological modelling to assess regional irrigation dynamics in a large basin experiencing extreme climate variability: Towards a national operational irrigation water accounting system,
None,True,Remote Sensing of Environment,该论文使用Landsat地表温度数据提取生物热变量，应用于生物多样性研究，涉及遥感技术和地表温度分析，与大气环境遥感技术（如卫星观测和地表温度分析）有较强关联。,"['Landsat', 'surface temperature', 'biodiversity']",Eduarda M.O. Silveira;Anna M. Pidgeon;Volker C. Radeloff,The BioThermal variables derived from Landsat surface temperature data for biodiversity applications,
None,True,Remote Sensing of Environment,该论文标题和摘要涉及地球观测基础模型的空间不确定性校准，通过Matérn动机潜在随机正则化方法进行处理。虽然不直接提及空气质量监测、卫星观测或大气成分分析等具体技术，但地球观测和空间不确定性校准与大气环境遥感技术密切相关，特别是在数据精度和模型可靠性方面。因此，该论文与大气环境遥感技术具有强相关性。,"['Earth observation', 'latent stochastic regularization', 'spatial uncertainty']",Daniel P. Johnson,Calibrated spatial uncertainty for Earth observation foundation models via Matérn-motivated latent stochastic regularization,
None,True,Remote Sensing of Environment,该论文研究城市化、植被和背景气候如何在大尺度上影响地表热岛效应，这与大气环境遥感技术（如卫星观测、空气质量管理、大气成分分析、气溶胶反演）密切相关，因为它涉及到地表温度和热分布的遥感监测与分析。,"['urbanization', 'vegetation', 'climate', 'surface urban heat island', 'remote sensing']",Song Jiang;Yongling Zhao;Lei Zhao;Jan Carmeliet;Jian Peng,"Disentangling diverse findings on how urbanization, vegetation, and background climate shape the surface urban heat island at large scales",
None,True,Remote Sensing of Environment,该论文研究利用成像光谱技术进行物种分类，虽然主要关注的是生物多样性，但成像光谱技术是遥感领域的重要手段，可用于大气成分分析、植被监测等，因此与大气环境遥感技术有较强的相关性。,"['imaging spectroscopy', 'species classification', 'remote sensing']",Sofia J. van Moorsel;Bernhard Schmid;Michael Niederberger;Jeremiah Huggel;Michael Scherer-Lorenzen;Uwe Rascher;Alexander Damm;Meredith C. Schuman,Using a planted tree biodiversity experiment to evaluate imaging spectroscopy for species classification,
None,True,Remote Sensing of Environment,该论文研究了当代遥感技术和物种分布模型在预测海岸栖息地空间分布方面的应用，涉及遥感技术（如卫星观测、大气成分分析等），因此与大气环境遥感技术相关。,"['remote sensing', 'species distribution modelling', 'coastal habitats']",Louise Forsblom;Ari-Pekka Jokinen;Dimitry Van der Zande;Mihailo Azhar;Dimitar Berov;Jacob Carstensen;Vivi Drakopoulou;Vasilis Gerakaris;Hege Gundersen;Jonne Kotta;Valeria Mobilia;Nadia Papadopoulou;Bogdan Prodanov;Sofia Reizopoulou;Christopher J. Smith;Anna Spinosa;Valentina Todorova;Peter Anton Upadhyay Stæhr;Sanjina Upadhyay Stæhr;Elina A. Virtanen,Comparative analysis of contemporary remote sensing techniques and species distribution modelling in predicting spatial distribution of coastal habitats,
None,True,Remote Sensing of Environment,该论文标题和摘要明确涉及地球静止轨道观测技术（GIIRS和GEMS）用于监测东南亚地区的生物质燃烧空气污染物，这与大气环境遥感技术（如空气质量监测、卫星观测、大气成分分析、气溶胶反演）密切相关，因此相关性很强。,"['geostationary', 'air pollutants', 'biomass burning', 'GIIRS', 'GEMS']",Shan Han;Shangyi Liu;Mengya Sheng;Jhoon Kim;Ximin Cui;Minqiang Zhou;Wei Wang;Isamu Morino;Voltaire A. Velazco;Zhao-Cheng Zeng,Geostationary observations of air pollutants from biomass burning: A synergy of GIIRS and GEMS over Southeast Asia,
None,True,Remote Sensing of Environment,该论文研究了使用Sentinel-1和Sentinel-2卫星数据来估计田间尺度灌溉的方法，并将其与土壤水分平衡模型和Water Cloud模型耦合。虽然主要关注点在于灌溉估算和土壤水分管理，但Sentinel-1和Sentinel-2是欧洲空间局的高分辨率光学和雷达卫星，广泛应用于大气环境遥感技术中，例如大气成分分析和地表参数反演。因此，该论文与大气环境遥感技术具有较强相关性。,"['Sentinel-1', 'Sentinel-2', 'soil water balance model', 'Water Cloud Model']",Martina Natali;Sara Modanesi;Domenico De Santis;Gabriëlle De Lannoy;Susan Steele-Dunne;Alessia Flammini;Alessio Domeneghetti;Christian Massari,Field-scale irrigation estimation using Sentinel-1 and Sentinel-2 data within a soil water balance model coupled to the Water Cloud Model,
None,True,Remote Sensing of Environment,该论文研究的是在浑浊的沿海和河口水域中通过算法检索颗粒物背向散射、尺寸和悬浮颗粒物的技术，这与大气环境遥感技术中的空气质量监测、卫星观测和大气成分分析密切相关，因此相关性较强。,"['particle backscattering', 'suspended particulate matter', 'turbid coastal waters']",Juliana Tavora;Amanda de Liz Arcari;Mhd. Suhyb Salama;Cédric G. Fichot;Joshua P. Harringmeyer;Gian Marco Scarpa;Federica Braga;Emmanuel Boss;David Doxaran;Romaric Verney,"An algorithm for the retrieval of particle backscattering, size, and suspended particulate matter in turbid coastal and estuarine waters (MOSAIC)",
None,True,Remote Sensing of Environment,该论文标题和摘要中的关键词如“carbon quantification”（碳定量）和“atmospheric composition”（大气成分）表明其与大气环境遥感技术密切相关，涉及大气成分分析和监测，属于空气质量和卫星观测的范畴。,"['carbon quantification', 'atmospheric composition', 'remote sensing']",Bokyung Son;Taejun Sung;Sejeong Bae;Minki Choo;Jungho Im;Yeonsu Lee;S.M. Sohel Rana;Dongjin Cho;Cheolhee Yoo;Jeonghyun Hong;Hojin Lee;Hyun Seok Kim,"UNIQUE: UNified, high-resolution Intelligent carbon QUantification and Explanation",
None,True,Remote Sensing of Environment,该论文研究利用无人机系统（UAV）和DART模型进行玉米冠层太阳诱导叶绿素荧光的地面测量，优化观测尺度模型。这与大气环境遥感技术（如卫星观测、大气成分分析）密切相关，因为无人机系统和DART模型可以用于大气参数的地面验证和遥感数据反演，特别是在植被和大气相互作用的研究中。,"['UAV system', 'DART model', 'maize canopy', 'solar-induced chlorophyll fluorescence']",Xiaokang Zhang;Zhaoying Zhang;Linsheng Wu;Yongguang Zhang,Developing the optimal observation scale model for maize canopy solar-induced chlorophyll fluorescence ground measurements based on UAV system and DART model,
None,True,Remote Sensing of Environment,该论文的标题和摘要涉及辐射传输和方向温度的监测，这对于大气环境遥感技术（如空气质量监测、卫星观测和大气成分分析）非常重要。辐射传输是理解大气如何与电磁辐射相互作用的关键，而方向温度的监测可以帮助分析大气层结构和成分。这些内容与遥感技术在监测大气环境中的应用密切相关。,"['radiative transfer', 'directional temperatures', 'heterogeneous surfaces']",Shouyi Zhong;Zunjian Bian;Roujean Jean-Louis;Qiang Liu;Juan Cheng;Yongming Du;Hua Li;Jianguang Wen;Qing Xiao,A global system for monitoring radiative transfer and directional temperatures over heterogeneous surfaces,
None,True,Remote Sensing of Environment,该论文研究了SWOT卫星数据获取的水面高程精度，SWOT是一种用于水文学和海洋学观测的卫星技术，属于遥感技术的范畴，与大气环境遥感技术中的卫星观测和大气成分分析有间接关联。,"['SWOT', 'water surface elevation', 'satellite observations', 'atmospheric remote sensing']",Rucha Sanjay Deshpande;Tajdarul Hassan Syed;Michael Durand;Steve Coss;Tamlin M. Pavelsky,Identifying regional drivers of variability in SWOT-derived water surface elevation accuracy,
None,True,Remote Sensing of Environment,该论文与大气环境遥感技术密切相关，因为它使用了1.5米森林冠层高度的时间序列数据来揭示森林的细尺度干扰。这涉及到从遥感数据中提取和分析大气环境信息的技术。,"['forest canopy height', 'time series', 'disturbances']",Martin Schwartz;Fajwel Fogel;Nikola Besic;Damien Robert;Louis Geist;Jean-Pierre Renaud;Jean-Matthieu Monnet;Clemens Mosig;Cédric Vega;Alexandre d’Aspremont;Loic Landrieu;Philippe Ciais,FORMSpoT: Revealing fine-scale forest disturbances from nation-wide 1.5 m forest canopy height time series,
None,True,Remote Sensing of Environment,该论文研究Landsat和MODIS土地表面温度的角度各向异性，旨在提高多源LST数据的一致性，这与大气环境遥感技术（如卫星观测、地表温度分析）密切相关。,"['Landsat', 'MODIS', 'land surface temperature', 'LST consistency']",Xue Li;Dandan Wang;Huihui Xu;Mengmeng Wang;Ji Zhou;Frank Göttsche;Xiaoyu He;Gaijing Chang;Yue Han,Angular anisotropy of Landsat and MODIS land surface temperature toward multi-source LST consistency,
None,True,Remote Sensing of Environment,该论文研究在光学复杂的水域中识别不同浮游植物功能群和尺寸级的能力，这与大气环境遥感技术中的光学遥感方法密切相关，例如通过卫星或传感器监测水质和生物量，属于大气成分分析和遥感技术领域。,"['phytoplankton', 'optically complex waters', 'remote sensing']",Tiit Kutser;Karolin Teeveer;Tuuli Soomets;Birgot Paavel;Laura Argus;Ele Vahtmäe;Martin Ligi;Kaire Toming,On the possibility of recognising different phytoplankton functional groups and size classes in optically complex waters,
None,False,Remote Sensing of Environment,该论文研究的是使用SWOT卫星数据提取的海底重力数据来揭示墨西哥湾的地质结构，与大气环境遥感技术（如空气质量监测、卫星观测、大气成分分析、气溶胶反演等）无关。,"['marine gravity', 'SWOT', 'tectonic structures']",Daocheng Yu;James Pindell;Cheinway Hwang;Xiaoli Deng;Emmy T. Chang;Jinyun Guo,Revealing buried tectonic structures in the Gulf of Mexico using SWOT-derived marine gravity,
None,True,Remote Sensing of Environment,该论文与大气环境遥感技术密切相关，因为它涉及从EPIC/DSCOVR卫星获取的每小时气溶胶光学质心高度（AOCH）数据产品。气溶胶光学质心高度是分析大气中气溶胶分布和性质的重要参数，而EPIC/DSCOVR是一个用于空间观测的卫星平台，这与大气环境遥感技术直接相关。,"['aerosol optical centroid height', 'EPIC/DSCOVR', 'satellite observations', 'atmospheric composition']",Zhendong Lu;Jun Wang;Xi Chen;Meng Zhou;Xiaoguang Xu;Yeonsu Park;Hyerim Kim,Version 2 of hourly aerosol optical centroid height (AOCH) data product from EPIC/DSCOVR in deep space,
None,True,Remote Sensing of Environment,该论文标题和摘要明确涉及从太空监测、量化分类火山活动，这属于大气环境遥感技术范畴，特别是与火山喷发相关的空气质量监测和卫星观测技术。,"['volcanic activity', 'space', 'thermal framework']",S. Aveni;D. Coppola;M. Laiolo,"A synergistic thermal framework for monitoring, quantifying, and classifying volcanic activity from space",
None,False,Remote Sensing of Environment,该论文主要研究的是利用0.4-2 GHz宽带辐射计技术观测冷水海面的盐度，与大气环境遥感技术（如空气质量监测、卫星观测、大气成分分析、气溶胶反演等）关系不大。,"['wideband radiometry', 'surface salinity', 'cold seawater']",Jacqueline Boutin;Jean-Luc Vergely;Stéphane Ferron;Laurent Bertino;Giovanni Macelloni;Marco Brogioni;Emmanuel Dinnat;Lars Kaleschke;Rasmus Tonboe;Yiwen Zhou;Marie-Laure Frery;Valerie Dutto;Katia Nagamine Urata;Matthias Drusch,Beyond L-band: 0.4-2 GHz wideband radiometry for observing surface salinity in cold seawater,
None,False,Remote Sensing of Environment,该论文研究的是玉米病害的垂直异质性和传播动力学，与大气环境遥感技术无关，因此不相关。,"['maize disease', 'vertical heterogeneity', 'transmission dynamics']",Binxiang Qian;Wenjiang Huang;Zhijun Zhen;Kehui Ren;Peiqi Yang;Jianbo Qi;Michael Henke;Xiuliang Jin;Lingjing Ouyang;Anting Guo;Jie Bai;Chao Ruan;Tiecheng Huang;Yin Jin;Zhenong Jin,The cmSCOPE-D model: A transmission-dynamics-enabled SCOPE adaptation to characterize vertically stratified heterogeneity of maize disease stress,
None,False,Remote Sensing of Environment,该论文主要研究热带泥炭地生成最优数字高程模型（DTM）的方法，使用了GEDI和ICESat-2的观测数据。虽然涉及卫星观测技术，但主题并非大气环境遥感技术，如空气质量监测、卫星观测、大气成分分析或气溶胶反演等。,"['GEDI', 'ICESat-2', 'DTM']",Yuan Sun;Huan Xie;Xiaohua Tong;Yi Li;Alexander R. Cobb;Rahayu S. Sukri;Muhammad Arif bin Haji Selamat;Hao Tang,A novel method for generating optimal DTM in tropical peatlands using GEDI and ICESat-2 observations,
None,True,Remote Sensing of Environment,该论文研究地球矿物表面的轨道成像光谱技术，涉及EMIT传感器，这与大气环境遥感技术（如大气成分分析）密切相关，因此相关性强。,"['orbital imaging spectroscopy', 'EMIT', 'mineral surface', 'atmospheric composition analysis']",Marie-Stephane Guillaumont;David R. Thompson;Philip G. Brodrick;Roger Clark;Robert O. Green;Gregory S. Okin,Orbital imaging spectroscopy of Earth’s mineral surface: Results and stability from EMIT’s first two years,
None,False,Remote Sensing of Environment,该论文的主题是监测叶片叶绿素含量的结构抗性叶绿素指数，与大气环境遥感技术（如空气质量监测、卫星观测、大气成分分析、气溶胶反演）没有直接关系。,"['chlorophyll index', 'leaf chlorophyll content', 'monitoring']",Si Gao;Kai Yan;Jinhua Li;Cheng Huang;Xuanlong Ma;Wenjie Fan;Liangyun Liu;Qiao Wang,Structure-resistant chlorophyll index: A novel indicator for leaf chlorophyll content monitoring,
None,True,International Journal of Applied Earth Observation and Geoinformation,该论文标题和摘要明确涉及多源遥感技术和集成学习，用于分析树邻域尺度结构与辐射的耦合关系，这与大气环境遥感技术（如空气质量监测、卫星观测、大气成分分析、气溶胶反演）密切相关。具体而言，多源遥感技术是大气环境遥感监测的重要手段，而集成学习算法常用于处理复杂的大气数据，因此该研究高度相关。,"['multi-source remote sensing', 'ensemble learning', 'tree-neighborhood scale structure']",Guanjun Lian;Huaiqing Zhang;Hua Liu;Tingdong Yang;Hanqing Qiu;Yang Liu;Hongyan Yu;Xianying Wang,Tree-neighborhood scale structure–radiation coupling analysis and modeling using multi-source remote sensing and ensemble learning,
None,True,International Journal of Applied Earth Observation and Geoinformation,该论文研究的是利用无人机（UAV）进行白天和黑夜的野火分割，涉及到了RGB和热成像技术的结合，以及亮度自适应的网络设计。虽然野火不是大气污染物，但无人机遥感技术在大气环境监测中具有重要应用，如空气质量监测、火灾监测等，因此与大气环境遥感技术有一定相关性。,"['UAV wildfire segmentation', 'brightness-adaptive', 'RGB–thermal network']",Peng Cheng;Luli Zhang;Bin Wang;Junyi Liu;Haigang Sui,DNFNet: a brightness-adaptive lightweight RGB–thermal network for day–night UAV wildfire segmentation,
None,False,International Journal of Applied Earth Observation and Geoinformation,该论文主要关注地质灾害监测中的岩石裂隙轻量级分割技术，涉及地质学和岩石力学领域，与大气环境遥感技术（如空气质量监测、卫星观测、大气成分分析、气溶胶反演）关联性较弱。,"['rock-mass cracks', 'geological hazard monitoring', 'anisotropic feature modeling']",Qin Bao;Yong Yang;Yongyi Xiang;Heng Zhang,Lightweight segmentation of rock-mass cracks based on anisotropic feature modeling for geological hazard monitoring,
None,False,International Journal of Applied Earth Observation and Geoinformation,该论文研究的是基于几何-频率协同融合的GFS-Net算法，用于精确的光学-SAR土地覆盖分类。虽然涉及遥感技术，但重点在于土地覆盖分类而非大气环境监测或大气成分分析。,"['GFS-Net', 'geometry–frequency synergistic fusion', 'optical–SAR', 'land-cover classification']",Hongkang Tao;Qin Huang;Teng Zhong;Zan Yang;Haobo Qiu;Chen Jiang,GFS-Net: Geometry–frequency synergistic fusion for accurate optical–SAR land-cover classification,
None,True,International Journal of Applied Earth Observation and Geoinformation,该论文研究利用多源时间序列数据监测森林生长动态，特别是冠层高度的变化。这属于遥感技术在生态和环境监测中的应用，与大气环境遥感技术（如卫星观测、大气成分分析）有较强关联，但更侧重于植被监测而非直接的大气污染物或成分分析。,"['forest growth', 'canopy height', 'time series', 'remote sensing']",Hugo de Lame;Thibauld Collet;Pauline Depoortere;Alexia Favaro;Philippe Lejeune;Adrien Michez;Antoine Plumacker;Jérôme Perin;Thomas Pollet;Quentin Ponette;Zoé Rousseau;Arthur Vander Linden;Marie-Pierre Tasseroul;Christian Messier;Jean-François Bastin,Monitoring forest growth dynamics from harmonized multi-source time series of canopy height,
None,False,International Journal of Applied Earth Observation and Geoinformation,该论文的主题是关于在火星上识别高价值着陆椭圆，使用连续优化框架和适宜性地图。虽然涉及空间技术，但与大气环境遥感技术（如空气质量监测、卫星观测、大气成分分析、气溶胶检索）没有直接关联。,"['Mars', 'landing ellipses', 'optimization framework']",Rong Wang;Yongjiu Feng;Yuhao Wang;Yi Zhou;Panli Tang;Jingbo Sun;Yusheng Xu;Chao Wang;Sicong Liu;Zhen Ye;Xiaohua Tong,Identifying high-value landing ellipses on Mars using a continuous optimization framework with suitability map,
None,True,International Journal of Applied Earth Observation and Geoinformation,该论文研究利用GEDI（全球数字高程系统）数据，通过结合空间-光谱特征对建筑物高度进行精细映射。虽然主要关注城市建筑高度，但其涉及的数据来源（卫星观测）和应用方法（空间光谱分析）与大气环境遥感技术密切相关，特别是在城市空气质量监测和大气成分分析方面具有潜在应用价值。,"['GEDI', 'building height mapping', 'spatial-spectral characteristics']",Xiao Ma;Yajie Qu;Hexiang Wang;Meiyuan Chen;Chuyi Yang;Guang Zheng;Chi Xu;Yixi Bi,Filtering GEDI footprints based on combined spatial-spectral characteristics for individual building height mapping in 12 major global cities,
None,True,International Journal of Applied Earth Observation and Geoinformation,该论文的标题和摘要明确涉及“火星人为变化检测”，虽然研究对象是火星而非地球大气，但其采用的“对比引导的层次无监督方法”属于遥感技术中的图像分析或变化检测方法，与大气环境遥感技术中的变化监测和数据分析有间接关联，因此认为其与大气环境遥感技术有一定相关性。,"['Martian anthropogenic changes', 'contrast-guided hierarchical unsupervised method', 'detecting']",Jiang Long;Sicong Liu;Yuxuan Hu;Jiayi Wu;Tao Liu;Yonggang Xiong;Kaiyue Luo;Jie Zhang;Kecheng Du;Huan Xie;Xiaohua Tong,CGHU-CD: A contrast-guided hierarchical unsupervised method for detecting Martian anthropogenic changes,
None,True,International Journal of Applied Earth Observation and Geoinformation,该论文研究了卫星-地面闪电融合技术在中国的边缘海域的应用，涉及卫星观测和大气环境分析，与大气环境遥感技术密切相关。,"['satellite-ground lightning fusion', 'Chinese marginal seas', 'atmospheric remote sensing']",Nengxing Guo;Li Cai;Wenzhao Lu;Yingpu Xie;Yuheng Niu;Tao Li;Chun Zhao;Shanqiang Gu,A factorial spatial–temporal null-model framework for satellite–ground lightning fusion across Chinese marginal seas,
None,False,International Journal of Applied Earth Observation and Geoinformation,该论文标题和摘要主要关注虚拟地理场景建模和数字孪生技术，应用于城市公路隧道场景，与大气环境遥感技术（如空气质量监测、卫星观测、大气成分分析、气溶胶反演）没有直接关联。,[],Jinbin Zhang;Jun Zhu;Bowen Yang;Zhihao Guo;Ranran Tang;Tao Jiang;Jigang You,Virtual geographical scene modeling towards geospatial digital twins: A case study of urban highway tunnel scenarios,
None,True,International Journal of Applied Earth Observation and Geoinformation,该论文研究从太空检测甲烷并估算排放量，涉及PRISMA和EnMAP卫星传感器与GHGSat星座的比较，属于大气环境遥感技术领域。,"['Methane', 'space', 'PRISMA', 'EnMAP', 'GHGSat']",Daniele Settembre;Davide De Santis;Giovanni Schiavon;Fabio Del Frate,Methane detection and emission estimation from space: Benchmarking PRISMA and EnMAP with the GHGSat constellation,
None,True,International Journal of Applied Earth Observation and Geoinformation,该论文标题和摘要明确涉及大气层延迟场的时空重建，结合了ERA5再分析和GNSS观测数据，这些都是大气环境遥感技术中的关键组成部分。特别是GNSS观测在大气成分分析中具有重要作用，因此该论文与大气环境遥感技术密切相关。,"['tropospheric delay fields', 'GNSS observations', 'atmospheric composition']",Fangxin Hu;Bo Chen;Mingyuan Zhang;Ran Lu;Pengfei Xia;Tengfeng Wang;Xiaowei Zou;Yuanfan Deng,Tropoformer-S: iTransformer-based spatiotemporal reconstruction of three-dimensional tropospheric delay fields integrating ERA5 reanalysis and GNSS observations,
None,False,International Journal of Applied Earth Observation and Geoinformation,该论文研究的是湖泊扩张概率与冰川-气候复合驱动力的关系，使用了多源地球观测和 vine copula 理论，与大气环境遥感技术（如空气质量监测、卫星观测、大气成分分析、气溶胶反演）相关性较弱。,"['lake expansion', 'glacier–climate forcing', 'Earth observation', 'vine copula theory']",Xiaoyang Zhao;Nai’ang Wang;Liqiang Zhao;Dezhong Zhang;Na’na Zhai;Hang Zhao;Liqiong Bai,Quantifying lake expansion probability under compound glacier–climate forcing using a GCL-CPF framework integrating multi-source Earth observation and vine copula theory,
None,True,International Journal of Applied Earth Observation and Geoinformation,该论文标题和摘要明确涉及遥感技术（remote sensing）和作物制图（crop mapping），虽然主要关注的是作物，但遥感技术在监测大气成分（atmospheric composition analysis）等方面有广泛应用，因此与大气环境遥感技术相关。,"['remote sensing', 'crop mapping', 'atmospheric composition analysis']",Lihua Cui;Wenting Han;Xuedong Zhai;Guang Li;Shah Jahan Leghari;Yi Liao;Ziao Zhou;Shenjin Huang,PLGCA-SAM: Progressive local and global context-aware network incorporating SAM for remote sensing crop mapping,
None,True,International Journal of Applied Earth Observation and Geoinformation,该论文使用多频微波遥感技术研究森林对不同干旱胁迫的分层响应，涉及遥感技术和大气环境监测的相关内容，因此与大气环境遥感技术密切相关。,"['microwave remote sensing', 'forest', 'drought stresses']",Xu Zhang;Xiang Zhang;Fei Zhang;Xihui Gu;Hongliang Ma;Aminjon Gulakhmadov;Rabindra Kumar Panda;Mahlatse Kganyago;Veber Costa;Won-Ho Nam;Dash Subhaprada;Uma Charan Mohanty;Jiangyuan Zeng;Wen Xiao;José A. Marengo;Chao Yang;Wenying Du;Zeqiang Chen;Longgang Xiang;Nengcheng Chen,Multi-frequency microwave remote sensing reveals stratified forest responses to diverse drought stresses,
None,False,International Journal of Applied Earth Observation and Geoinformation,该论文标题和摘要主要关注地震引发的区域滑坡强度建模，涉及可解释的Log-Gaussian GAM模型、规模、流动性及其相互作用。这与大气环境遥感技术（如空气质量监测、卫星观测、大气成分分析、气溶胶反演）无明显关联。,[],Binghai Gao;Yi Wang;Xiaolong Zhang;Xin Wang;Jingqi Huang;Pan Cao;Yongheng Li;Jiwei Wang,"Modeling regional coseismic landslide intensity with an interpretable Log-Gaussian GAM: Integrating size, mobility, and their interactions",
None,True,International Journal of Applied Earth Observation and Geoinformation,该论文标题和摘要明确涉及遥感图像分割和视觉基础模型，与大气环境遥感技术（如卫星观测、大气成分分析）密切相关，因此相关性较强。,"['remote sensing', 'image segmentation', 'vision foundation model']",Yijie Zhang;Jian Cheng;Shimiao Fan;Changjian Deng;Ziying Xia;Nyima Tashi,Improving text–image alignment for referring remote sensing image segmentation guided by vision foundation model,
None,True,International Journal of Applied Earth Observation and Geoinformation,该论文研究了气象干旱与长江中下游地区复合湿度源输送异常之间的关系，涉及气象学和大气科学领域，与大气环境遥感技术（如空气质量和大气成分监测）有较强的关联性。,"['meteorological drought', 'moisture sources', 'transport anomalies']",Hanlin Zheng;Tianliang Jiang;Yanping Qu;Qianfeng Wang;Yachao Zhang,Probabilistic associations between meteorological drought and compound moisture sources-transport anomalies in the middle and lower Yangtze River,
None,False,International Journal of Applied Earth Observation and Geoinformation,该论文主题是使用社交媒体数据识别大城市中的城市洪水优先区域，与大气环境遥感技术（如空气质量监测、卫星观测、大气成分分析、气溶胶反演）无关。,[],Xi Huang;Guicheng Yang;Yinyin Chen;Luo Liu;Jiufeng Li;Xianzhe Tang,A spatiotemporal framework for identifying urban flood priority areas in megacities using social media data,
None,True,International Journal of Applied Earth Observation and Geoinformation,该标题和摘要与大气环境遥感技术相关，因为它们涉及基于地表温度（LST）的热异常提取，这是一种遥感技术中常用的方法，可用于监测地表热状况、异常事件（如火灾、城市热岛效应）等。,"['LST', 'surface thermal anomaly', 'remote sensing']",Pengcheng Wu;Qingyan Meng;Linlin Zhang;Mona Allam;Longfei Liu;Hantian Wu,SRAIN: An isolated-neighborhood-based framework for LST-based surface thermal anomaly extraction,
None,True,International Journal of Applied Earth Observation and Geoinformation,该论文涉及使用单时相遥感影像进行建筑物损坏检测，遥感影像是大气环境遥感技术的一部分，因此与该领域相关。,"['remote sensing imagery', 'building damage detection', 'single-temporal']",Chunfeng Gao;Zheng Gong;Bing He;Ying Qu;Qiao Wang;Weihua Dong,DPNet: A disaster perception network for building damage detection using single-temporal remote sensing imagery,
None,True,International Journal of Applied Earth Observation and Geoinformation,该论文研究的是沿海湿地景观中不同土地覆盖类型下最佳分割尺度的系统性实证表征，涉及遥感技术在土地覆盖分类和生态监测中的应用，与大气环境遥感技术中的地表参数反演和监测相关。,"['land-cover types', 'segmentation scale', 'coastal wetland']",Xiaonan Zhou;Junkai Shi;Qingyu Li;Zhenguo Niu,"Resolution-dependent divergence of optimal segmentation scale across land-cover types in a coastal wetland landscape: A systematic empirical characterization from 0.02 to 30 m near the Yellow River estuary, Dongying, China",
None,False,International Journal of Applied Earth Observation and Geoinformation,该论文研究的是多尺度空间条件光谱路由网络用于高光谱和多光谱图像融合，与大气环境遥感技术（如空气质量监测、卫星观测、大气成分分析、气溶胶反演）没有直接关系，主要关注的是图像处理和融合技术。,"['hyperspectral', 'multispectral', 'image fusion']",Bo Zhou;Xianfeng Zhang;Ziyuan Feng;Miao Ren;Xiaobo Zhi,A multi-scale spatial-conditioned spectral routing network for hyperspectral and multispectral image fusion,
None,True,International Journal of Applied Earth Observation and Geoinformation,该论文研究了如何通过物理约束的多任务学习技术，从地球静止卫星的太阳总辐射反射率中改进每小时PM2.5的估算。PM2.5是大气环境中的主要污染物，地球静止卫星和太阳总辐射反射率是大气环境遥感监测的重要技术手段。因此，该论文与大气环境遥感技术（如空气质量监测、卫星观测、大气成分分析、气溶胶反演）密切相关。,"['PM2.5', 'geostationary satellite', 'TOA reflectance', 'multi-task learning']",Ruijie Li;Zhe Zheng;Chenru Zou;Ke Li;Xidong Sun;Chaoshun Liu;Guangze Zhang;Kaixu Bai,Improving hourly PM<sub>2.5</sub> estimation from geostationary satellite TOA reflectance through physically constrained multi-task learning,
None,True,International Journal of Applied Earth Observation and Geoinformation,该论文标题和摘要明确涉及遥感场景分割技术，具体包括空间-频率协作的语义和结构联合建模方法。虽然未明确提及大气环境监测或特定污染物，但遥感场景分割是大气环境遥感技术中的一个重要应用领域，用于分析大气成分、气溶胶分布等。因此，该论文与大气环境遥感技术有较强的相关性。,"['remote sensing', 'scene segmentation', 'spatial–frequency collaboration']",Wenwu Xiong;Wei Chen;Zhou Huang;Hongzhao Tang;Kevin Tansey;Józef Hernik;Binbin Lu;Shichao Cui;Yida Chen,SFMNet: Joint semantic and structural modeling via spatial–frequency collaboration for remote sensing scene segmentation,
None,True,International Journal of Applied Earth Observation and Geoinformation,该论文研究了使用物理引导的机器学习方法从Landsat地表反射率中估算时空无缝FAPAR（叶面积指数），FAPAR是衡量植被光合作用潜力的指标，Landsat是卫星传感器名称，涉及地表反射率分析，与大气环境遥感技术（如卫星观测、植被监测）密切相关。,"['Physics-Guided Machine learning', 'FAPAR', 'Landsat', 'surface reflectance', 'atmospheric remote sensing']",Yimin Ni;Gaofei Yin;Guodong Zhang;Gang Sun;Xiaodan Wu;Xiaojun Li;Xinyan Liu;Anxin Ding;Rui Chen;Meilian Wang;Yi Zhang;Jiangchuan Hu;Zongyan Li;Aleixandre Verger,Physics-Guided Machine learning approach for estimating spatiotemporally seamless FAPAR from Landsat surface reflectance,
None,True,International Journal of Applied Earth Observation and Geoinformation,该论文的标题和摘要都明确提到了“遥感”和“语义分割”，并且涉及“视觉基础模型”的参数高效多模态自适应方法。这表明该研究与应用遥感技术（如卫星观测、图像分析等）密切相关，尤其是在环境监测或地理信息处理方面。因此，它与大气环境遥感技术（如空气质量监测、大气成分分析等）是强相关的。,"['remote sensing', 'semantic segmentation', 'vision foundation models']",Haocheng Li;Juepeng Zheng;Shuangxi Miao;Ruibo Lu;Guosheng Cai;Haohuan Fu;Jianxi Huang,Parameter-efficient multimodal adaptation of vision foundation models for remote sensing semantic segmentation,
None,True,International Journal of Applied Earth Observation and Geoinformation,该论文使用深度学习和超分辨率技术处理Sentinel-2和Landsat-8卫星图像，以监测加州野火烧毁区域。这属于大气环境遥感技术，特别是卫星观测和地表参数反演领域。,"['Sentinel-2', 'Landsat-8', 'deep learning', 'burned area mapping', 'wildfires']",Youngmin Seo;Seung Hee Kim;Menas Kafatos;Jinsoo Kim;Yangwon Lee,Deep learning-based burned area mapping of California wildfires using Sentinel-2 and Landsat-8 imagery enhanced with super-resolution techniques,
None,True,International Journal of Applied Earth Observation and Geoinformation,该论文标题和摘要明确涉及从地球静止卫星（Himawari-8）测量中获取气溶胶光学/微物理参数，并使用数据驱动的深度学习方法。这与大气环境遥感技术密切相关，特别是气溶胶和大气成分分析领域。,"['Himawari-8', 'aerosol optical/microphysical parameters', 'deep learning method']",Lina Xu;Siyu Liu;Minghui Tao;Jun Wang;Xincai Chang;Wenjing Man;Jie Ma;Huang Zhang;Jhoon Kim,Enhanced retrieval of aerosol optical/microphysical parameters for Himawari-8 geostationary satellite measurements with data-driven deep learning method,
None,False,International Journal of Applied Earth Observation and Geoinformation,该论文主要关注山区树木分割和多维度属性提取，使用深度学习技术，与大气环境遥感技术（如空气质量监测、卫星观测、大气成分分析、气溶胶反演）关系不大。,"['deep learning', 'individual tree segmentation', 'multi-dimensional attribute extraction']",Guangbin Lei;Ainong Li;Jinhu Bian;Zhengjian Zhang;Xiaohan Lin;Xi Nan;Amin Naboureh;Yulan Chen;Yi Deng,A multi-task collaborative method for individual tree segmentation and multi-dimensional attribute extraction in mountainous areas using deep learning technologies,
None,True,International Journal of Applied Earth Observation and Geoinformation,该论文与大气环境遥感技术密切相关，因为它涉及从SMAP（土壤水分 aktif-passif 卫星）中获取全球土壤水分，使用了土壤介电模型。土壤水分是大气环境的重要组成部分，其遥感监测对于天气预报、水资源管理和气候变化研究具有重要意义。,"['soil moisture retrieval', 'SMAP', 'dielectric model', 'global soil moisture']",Yulin Shangguan;Jian Peng;Cheng Tong;Xingyu Xue;Xiaojun Xu;Xiaodong Deng;Xiaoxiao Min;Zhou Shi;Jean-Pierre Wigneron,Optimal soil dielectric model map for global soil moisture retrieval from SMAP,
None,True,International Journal of Applied Earth Observation and Geoinformation,该论文研究的是全球、无间隙的日度海洋颜色数据集，用于海洋生态监测，涉及卫星观测技术，与大气环境遥感技术中的卫星观测和大气成分分析有一定相关性，但主要聚焦于海洋领域。,"['Ocean-Colour', 'satellite observations', 'marine ecological monitoring']",Yuan Zhang;Hui Yang;Fang Shen;Tingwei Cui;Liu Cui;Renhu Li;Qingzhou Lv;Xuerong Sun,"A Global, Gap-Free daily Ocean-Colour dataset (2000–2024) for robust marine ecological monitoring",
None,True,International Journal of Applied Earth Observation and Geoinformation,该论文研究了无人机（UAV）利用反照率特性函数（BRDF）衍生的植被指数来获取树木高度的问题。虽然主要聚焦于植被高度测量，但该方法属于遥感技术范畴，特别是在大气环境监测中，植被指数和树木高度数据可用于分析大气成分和空气质量。因此，该论文与大气环境遥感技术有较强的相关性。,"['UAV', 'BRDF', 'vegetation indices', 'tree height retrieval', 'remote sensing']",Zhihui Mao;Lei Deng;Qinghua Qiao,Viewing-geometry effects on UAV-based tree height retrieval using BRDF-derived vegetation indices,
None,False,International Journal of Applied Earth Observation and Geoinformation,该论文研究的是中国最大的海草床的长期时空动态变化，与大气环境遥感技术（如空气质量监测、卫星观测、大气成分分析、气溶胶反演）关系不大，因此相关性不强。,"['satellite tracking', 'seagrass meadow', 'spatiotemporal dynamics']",Jun Tang;Yingcheng Lu;Zhiyuan Ouyang;Yarong Zou;Futao Wang;Yuntao Wang;Chao Zhou;Yanlong Chen,Satellite tracking of long-term spatiotemporal dynamics in China’s largest seagrass meadow,
None,False,International Journal of Applied Earth Observation and Geoinformation,该论文标题和摘要中没有明确提及与大气环境遥感技术相关的内容，如空气质量监测、卫星观测、大气成分分析或气溶胶反演等。主要讨论的是‘segment anything’和‘segment everything’的技术，这更偏向于计算机视觉或图像分割领域，而非大气环境遥感。,"['segment anything', 'segment everything']",Osmar Luiz Ferreira de Carvalho;Osmar Abílio de Carvalho Júnior;Anesmar Olino de Albuquerque;Daniel Guerreiro e Silva,Remote SAMsing: From segment anything to segment everything,
None,False,International Journal of Applied Earth Observation and Geoinformation,该论文主要关注使用移动激光扫描和语义3D道路空间模型对物体表面进行辐射指纹识别，与大气环境遥感技术（如空气质量监测、卫星观测、大气成分分析、气溶胶反演）关系不大，因此相关性较低。,"['mobile laser scanning', 'semantic 3D road space models']",Benedikt Schwab;Thomas H. Kolbe,Radiometric fingerprinting of object surfaces using mobile laser scanning and semantic 3D road space models,
None,True,International Journal of Applied Earth Observation and Geoinformation,该论文使用深度学习模型，结合光学和SAR卫星图像来估算北欧国家的体积和Lorey’s高度，这与大气环境遥感技术（如卫星观测、大气成分分析）密切相关，属于环境遥感领域的研究范畴。,"['deep learning', 'satellite images', 'optical', 'SAR']",Zsofia Koma;Oleg Antropov;Oliver Cartus;Jukka Miettinen;Johannes Breidenbach,Deep learning models for estimating volume and Lorey’s height across Nordic countries using optical and SAR satellite images,
None,True,International Journal of Applied Earth Observation and Geoinformation,该论文使用卫星数据对作物类型进行分类，属于遥感技术范畴，与大气环境遥感技术（如卫星观测、遥感分析）有一定关联，但主要关注点在农业领域而非大气环境监测。,"['satellite', 'crop type classification', 'remote sensing']",Britt W. Smith;Jessica J. Walker;Christopher E. Soulard,Satellite embeddings for crop type classification: a comparative examination,
None,False,International Journal of Applied Earth Observation and Geoinformation,该论文主要关注于利用网络重构技术对无人机激光扫描（ULS）点云数据进行树木分割，属于计算机视觉和遥感数据处理领域，但与大气环境遥感技术（如空气质量监测、卫星观测、大气成分分析、气溶胶反演等）关系不大，因此相关性较低。,"['tree segmentation', 'ULS point clouds', 'network-inspired restructuring']",Lei Bao;Yong Wu;Leiguang Wang;Xiaoli Zhang;Zhibo Yu;Zhi Liu;Chi Lu;Yuansu Xu;Hong Wang;Xiaohan Liu;Weibin Wang;Hongbin Luo;Guanglong Ou,Network-inspired restructuring for individual tree segmentation in ULS point clouds,
None,True,International Journal of Applied Earth Observation and Geoinformation,该论文研究了联合学习频率-时空依赖性和结构上下文用于光学-SAR变化检测，光学-SAR是遥感技术的一种，可用于大气成分分析，因此与大气环境遥感技术相关。,"['optical-SAR', 'change detection', 'atmospheric composition', 'remote sensing']",Yujie Li;Xuanguang Liu;Chenguang Dai;Zhenchao Zhang;Lei Ding;Han Zhu;Ruihua Lu;Hanyun Wang,Joint learning of frequency-spatio-temporal dependencies and structural context for optical-SAR change detection,
None,True,International Journal of Applied Earth Observation and Geoinformation,该论文使用AVIRIS-3（高光谱成像仪）模拟植被演替模式，涉及遥感技术在冻土退化斜坡中的应用，与大气环境遥感技术中的植被监测和地表分析相关。,"['AVIRIS-3', 'vegetation succession', 'retrogressive thaw slumps']",Bhagyashree Verma;Emma C. Hall;Mark J. Lara,Simulated AVIRIS-3 detects species-specific patterns of vegetation succession in retrogressive thaw slumps,
None,True,International Journal of Applied Earth Observation and Geoinformation,该论文研究了使用Mamba网络进行小冰期冰川的绘制，涉及地形引导的多模态网络技术，虽然主要关注冰川，但其技术方法（如多模态网络、地形引导）与遥感技术在环境监测中的应用有相似之处，因此在某种程度上与大气环境遥感技术相关。,"['glacier mapping', 'Mamba network', 'terrain-guided']",Jun Zhou;Shiyin Liu;Fuming Xie;Caixia Qin,Mamba-trident: terrain-guided tri-modal Mamba network for mapping little ice age glaciers,
None,True,International Journal of Applied Earth Observation and Geoinformation,该论文研究叶绿素荧光和总初级生产力之间的关系，涉及植被生理和冠层结构，与大气环境遥感技术中的植被监测和大气成分分析密切相关。,"['chlorophyll fluorescence', 'gross primary productivity', 'canopy structure']",Fangyi Lv;Kaimin Sun;Shunxia Miao;Yi Xu;Wei Cui;YePei Chen;Wenzhuo Li;Xiuqing Hu,Disentangling leaf physiology and canopy structure effects on solar-induced chlorophyll fluorescence and gross primary productivity: A multi-biome and cross-site assessment,
None,True,International Journal of Applied Earth Observation and Geoinformation,该论文研究的是基于物理约束的神经网络技术，用于重建全谱太阳诱导叶绿素荧光。太阳诱导叶绿素荧光是一种与大气成分和植被状态相关的现象，因此该研究涉及大气环境遥感技术，特别是大气成分分析和植被监测领域。,"['solar-induced chlorophyll fluorescence', 'neural network', 'atmospheric composition']",Dianrun Zhao;Shanshan Du;Yulu Du;Xinjie Liu;Liangyun Liu,FSIF-PCNN: A physics-constrained neural network for full-spectrum solar-induced chlorophyll fluorescence reconstruction,
None,True,International Journal of Applied Earth Observation and Geoinformation,该论文使用SDGSAT-1夜间灯光影像评估城市户外运动场地的照明质量，涉及遥感技术（卫星观测）和城市环境监测，与大气环境遥感技术（如卫星观测、城市环境分析）相关。,"['SDGSAT-1', 'nighttime light imagery', 'urban outdoor sports fields']",Tingrui Guo;Min Zhao;Zhuolin Tao;Jiaqi Fu;Xinyi Song;Yuyu Zhou,Assessment of lighting quality in urban outdoor sports fields using 10-m SDGSAT-1 nighttime light imagery,
None,True,International Journal of Applied Earth Observation and Geoinformation,该论文研究了利用多源地球观测数据进行近实时火灾烧毁面积制图的技术，涉及物理信息自监督框架，与大气环境遥感技术（如卫星观测和火灾监测）密切相关。,"['wildfire burned area mapping', 'multi-source earth observation', 'physics-informed self-supervised framework']",Mirza Waleed;Muhammad Bilal,BAM: A physics-informed self-supervised framework for near-real-time wildfire burned area mapping from multi-source earth observation,
None,False,International Journal of Applied Earth Observation and Geoinformation,该论文主要关注的是利用物理散射引导的先验增强Mamba模型，在复杂背景中进行高保真合成孔径雷达（SAR）船舶生成，这与大气环境遥感技术（如空气质量监测、卫星观测、大气成分分析、气溶胶检索）没有直接关系，因此相关性较低。,"['Scattering-Guided Prior', 'Mamba model', 'SAR ship generation']",Moran Ju;Changqi Wang;Si-Nian Jin,A physical Scattering-Guided Prior-Enhanced Mamba model for high-fidelity SAR ship generation in complex backgrounds,
None,True,International Journal of Applied Earth Observation and Geoinformation,该论文研究了无人机RGB和超光谱图像的深度空间-光谱融合技术，用于马铃薯植物病害检测。虽然主要应用领域是农业和植物病害检测，但该技术涉及遥感技术中的图像处理和数据分析方法，与大气环境遥感技术中的图像处理和数据分析有相似之处，因此可以认为与大气环境遥感技术有一定相关性。,"['UAV RGB', 'hyperspectral imagery', 'potato plant disease detection']",Tianyi Jia;Magdalena Smigaj;Gert Kootstra;Lammert Kooistra,Deep spatial-spectral fusion of UAV RGB and hyperspectral imagery for potato plant disease detection,
None,False,International Journal of Applied Earth Observation and Geoinformation,该论文研究的是使用深度学习自动划定物业边界，与大气环境遥感技术（如空气质量监测、卫星观测、大气成分分析、气溶胶反演）没有直接关系。,"['deep learning', 'automated delineation', 'property boundaries']",Jeroen Grift;Claudio Persello;Mila Koeva,From pixels to vectorized cadastral boundaries: Deep learning-based automated delineation of property boundaries in the Netherlands,
None,False,International Journal of Applied Earth Observation and Geoinformation,该论文标题和摘要主要关注图像匹配中的几何引导路由注意力机制，与大气环境遥感技术（如空气质量监测、卫星观测、大气成分分析、气溶胶反演）无直接关联。,[],Hongyang Zhang;Yusheng Xu;Changyou Xu;Rong Huang;Zhen Ye;Yan Xia;Xiaohua Tong,Learning from noisy pose priors: Geometry-guided routing attention for robust image matching,
None,False,International Journal of Applied Earth Observation and Geoinformation,该论文主要关注森林生物量估算，利用多角度TECIS数据和模型驱动敏感性分析方法进行特征选择，与大气环境遥感技术（如空气质量监测、卫星观测、大气成分分析、气溶胶反演）相关性较弱。,"['Multi-Angular TECIS', 'forest biomass estimation', 'Model-driven sensitivity analysis']",Xuexia Sun;Xiaoyao Li;Bingxiang Tan;Fayun Wu;Yuxuan Liu;Shimei Xiong,Feature selection from Multi-Angular TECIS data for forest biomass estimation using a Model-driven sensitivity analysis approach,
None,False,International Journal of Applied Earth Observation and Geoinformation,该论文研究的是利用VIIRS夜间灯光数据量化地震引起的建筑物损坏，并采用深度学习进行区域验证。虽然VIIRS是一种卫星传感器，但研究内容主要关注地震灾害评估，而非大气环境遥感技术，如空气质量监测、大气成分分析或气溶胶反演等。,"['VIIRS', 'nighttime lights', 'deep learning']",Hee-Su Joo;Seon-Gyu Kim;Jin-Hyeong Lee;Hyung-Sup Jung,Quantifying earthquake-induced building damage from VIIRS nighttime lights: A multi-scale framework with deep learning–based area validation,
None,False,International Journal of Applied Earth Observation and Geoinformation,该论文主要关注的是利用时空先验知识进行森林虫害预警，与大气环境遥感技术（如空气质量监测、卫星观测、大气成分分析、气溶胶反演等）没有直接关系。,"['spatiotemporal', 'factor-driven modeling', 'forest insect damage']",Haoyan Zhang;Shiming Li;Yaozhong Pan,Integrating spatiotemporal prior knowledge from co-segmented time-series into factor-driven modeling for forest insect damage warning,
None,False,International Journal of Applied Earth Observation and Geoinformation,该论文的主题是印度砖窑的分布和技术类型的时间分析，主要关注砖窑的地理分布和类型，而不是大气环境遥感技术，如空气质量监测、卫星观测或大气成分分析。因此，它与大气的环境遥感技术没有直接关系。,[],Sugandha Arora;Clément Goldmann;Stefan Oehmcke;Jan Pauls;Chuanlong Zhou;Abhinav Sharma;Kushal Tibrewal;Harish Phuleria;Fabian Gieseke;Philippe Ciais,Brick kilns across India: A temporal analysis of brick kiln distribution and technology types,
None,True,International Journal of Applied Earth Observation and Geoinformation,该论文研究利用多源地球观测技术对喀斯特干旱的全球评估，涉及地表和地下系统的响应机制，与大气环境遥感技术（如卫星观测、地表监测）相关，特别是对地表水文和生态系统的遥感监测。,"['Earth Observation', 'karst drought', 'multisource']",Chengchang Tian;Qiuwen Zhou;Ze Yuan;Yuan Li;Igor Leščešen;Slobodan Gnjato;Pedro A.M. Leite,Global assessment of karst drought propagation from multisource Earth Observation: Epikarst-mediated rapid shallow coupling and delayed deep responses,
None,True,International Journal of Applied Earth Observation and Geoinformation,该论文研究了如何利用FY-3G多角度偏振观测技术进行全球云相监测，并使用新的MAPLE-CP框架和独立的多站点激光雷达验证。这与大气环境遥感技术密切相关，特别是云相监测和大气成分分析。,"['FY-3G', 'polarimetric observations', 'cloud phase monitoring', 'lidar validation']",Yaying Wang;Haofei Wang;Chuanfeng Zhao;Qiao Wang;Kun Jia;Jinlong Fan;Hang Lyu;Sijie Chen;Zhenping Yin;Xing Yan,Global cloud phase monitoring from FY-3G multi-angle polarimetric observations using the new MAPLE-CP framework with independent multi-site lidar validation,
None,True,International Journal of Applied Earth Observation and Geoinformation,该论文研究如何减少网格伪影，这与大气环境遥感技术中的空气质量监测和温度分析直接相关，因为温度是大气环境的重要参数，而网格伪影的减少可以提高数据质量。,"['air temperature', 'downscaling', 'interpolation preprocessing']",Zitong Wen;Lu Zhuo;Jiao Wang;Ahmed Abdelhalim;Ming Zhong;Dawei Han,Reducing grid artifacts in air temperature downscaling with a Volume-Preserving interpolation preprocessing step,
None,True,International Journal of Applied Earth Observation and Geoinformation,该论文标题和摘要明确涉及了气溶胶-云探测通道的校准算法，具体在532 nm波长下的DQ-1/ACDL卫星传感器，这与大气环境遥感技术（如空气质量监测、卫星观测、大气成分分析、气溶胶反演）密切相关，因此判定为高度相关。,"['Aerosol-Cloud detection channels', '532 nm', 'DQ-1/ACDL', 'Linear-Fitting calibration algorithm']",Feiyue Mao;Chengen Li;Lin Zang;Zengxin Pan;Weiwei Xu;Ge Han;Xiuqing Hu;Weibiao Chen;Wei Gong,Linear-Fitting calibration algorithm for Aerosol-Cloud detection channels at 532 nm of the DQ-1/ACDL,
None,False,International Journal of Applied Earth Observation and Geoinformation,这篇论文研究的是利用冠层高光谱数据和机器学习技术来早期检测水稻白叶枯病，属于农业和植物病理学领域，与大气环境遥感技术（如空气质量监测、卫星观测、大气成分分析、气溶胶反演）没有直接关系。,"['hyperspectral data', 'machine learning', 'rice bacterial leaf blight']",Ziyi Wang;Roshanak Darvishzadeh;Nancy Castilla;Alice Laborte;Andrew Nelson,Early detection of rice bacterial leaf blight disease using canopy hyperspectral data and machine learning,
None,False,International Journal of Applied Earth Observation and Geoinformation,该论文标题和摘要主要关注的是基于图转换器的决策框架，用于选择性更新向量建筑数据，这与大气环境遥感技术（如空气质量监测、卫星观测、大气成分分析、气溶胶检索等）没有直接关系。,[],Yue Qiu;Fang Wu;Haizhong Qian;Jichong Yin;Xianyong Gong;Chengyi Liu;Hao Zhang;Rui Cao,V-BUILD: A graph Transformer-based decision framework for selective updating of vector building data,
None,True,International Journal of Applied Earth Observation and Geoinformation,该论文标题和摘要明确涉及地表煤矿的生态环境质量评估，虽然不直接提及大气环境遥感技术，但与空气质量监测和大气成分分析相关，因为煤矿活动会产生大气污染物。MiecoI可能是一种用于监测或评估的技术或方法。,"['surface coal Mines', 'Eco-Environmental quality assessment', 'MiecoI']",Feiyue Li;Jun Li;Chengye Zhang;Han Zhang;Chuanying Peng;Lixia Liang;Jingyu Hao;Simit Raval,A new approach for comprehensive and spatiotemporally comparable Eco-Environmental quality assessment of surface coal Mines: MiecoI,
None,True,International Journal of Applied Earth Observation and Geoinformation,该论文使用Sentinel-2卫星图像进行谷物作物收获检测，涉及遥感技术和图像分析，与大气环境遥感技术中的卫星观测和地表覆盖监测相关。,"['Sentinel-2 imagery', 'grain crop harvest detection', 'reaped index (RI)']",Kai Tang;Zeteng Li;Youzhi Zhang;Laigang Wang;Peng Yang;Bingwen Qiu;Xuehong Chen;Ruilin Chen;Jianlong Li;Jin Chen,A near-real-time and unsupervised framework for grain crop harvest detection using sentinel-2 imagery: the reaped index (RI) and automated thresholding,
None,False,International Journal of Applied Earth Observation and Geoinformation,该论文主要关注太阳能光伏产业的发展及其对日本农田和森林生态的影响，与大气环境遥感技术（如空气质量监测、卫星观测、大气成分分析、气溶胶反演）的关联性较弱。,"['solar photovoltaics', 'ecological implications', 'cropland to forest']",Shoki Shimada;Wataru Takeuchi;Kei Oyoshi,Corrigendum to “Spatiotemporal dynamics of solar photovoltaics development and ecological implications in Japan from cropland to forest” [Int. J. Appl. Earth Obs. Geoinf. 150 (2026) 105348],
None,True,International Journal of Applied Earth Observation and Geoinformation,该论文研究了从单类标注的遥感数据集中进行农田和农村道路的联合分割方法。遥感技术是大气环境遥感监测的重要手段，而分割方法在提取地表特征（如农田、道路）方面有广泛应用，这些特征与大气环境（如空气质量、污染物扩散）密切相关，因此该论文与大气环境遥感技术有较强关联。,"['remote sensing', 'segmentation', 'farmland']",Zhaoxiang Cao;Yuchun Huang;Yibo Zhou;Peng Zhou;Zhiqiang Qin;Shengyuan Zhang,A partially supervised joint segmentation method for farmland and rural roads from single-class annotated remote sensing datasets,
None,True,International Journal of Applied Earth Observation and Geoinformation,该论文研究了使用双极化GNSS反射计技术，结合微卫星观测数据，对FYI-MYI海冰类型进行分类。这与大气环境遥感技术中的卫星观测和大气成分分析密切相关，特别是涉及海冰类型识别和大气-冰面相互作用的研究，因此与大气环境遥感技术密切相关。,"['GNSS reflectometry', 'sea ice classification', 'microsatellite observations']",Runchuan Li;Fei Guo;Wentao Yang;Weiqiang Li;Xiaohong Zhang;Estel Cardellach,Dual-polarization GNSS reflectometry for FYI–MYI sea ice type classification using microsatellite observations,
None,True,International Journal of Applied Earth Observation and Geoinformation,该论文研究了波兰云杉林中NDVI与林分结构的关系，使用了HLS、LiDAR指标和GGP-GAM方法，这些技术与大气环境遥感技术（如卫星观测、林分结构分析）密切相关。,"['NDVI', 'Scots pine', 'LiDAR metrics']",Luiza Tymińska-Czabańska;Piotr Janiec;Michał Lupa;Vahid Nasiri;Franciszek Błaś;Adam Ziółkowski;Paweł Hawryło;Jarosław Socha,"Spatially varying NDVI–stand structure relationships in Scots pine forests across Poland using HLS, LiDAR metrics and GGP-GAM",
None,False,International Journal of Applied Earth Observation and Geoinformation,该论文主要关注农业和城市扩张对干旱地区水文生态的影响，未涉及大气环境遥感技术，如空气质量监测、卫星观测、大气成分分析或气溶胶反演等。,"['agricultural expansion', 'urban expansion', 'drylands']",Ran Wang;Wei Zhou;Tao Lin;Zhe Hao;Shibin Zhang;Conghong Huang,Divergent ecohydrological impacts of agricultural and urban expansions across global drylands,
None,True,International Journal of Applied Earth Observation and Geoinformation,该论文使用Sentinel-2和ERA5-Land数据估计算瑞典湖泊的溶解有机碳，涉及地球观测技术和卫星遥感数据，与大气环境遥感技术（如卫星观测和大气成分分析）有一定关联，但主要关注点是水体有机碳，而非大气污染物或气溶胶等。,"['Sentinel-2', 'ERA5-Land', 'dissolved organic carbon', 'Earth observation']",Xufeng Wei;Wenbo Xu;Lanhui Wang;Renkui Guo;Zheng Duan,An interpretable Earth observation framework for estimating lake dissolved organic carbon in Sweden using Sentinel-2 and ERA5-Land data,
None,False,International Journal of Applied Earth Observation and Geoinformation,该论文标题和摘要主要关注虚拟现实（VR）城市建模中的层次细节设计（LOD）和现实主义问题，涉及人类行为和计算机图形学，与大气环境遥感技术（如空气质量监测、卫星观测、大气成分分析、气溶胶反演）无关。,[],Yunlei Su;Guosheng Yang;Wufan Zhao;Cai Wu,Beyond fidelity: Rethinking realism through human behavior in VR city modeling LOD design,
None,False,International Journal of Applied Earth Observation and Geoinformation,该论文研究的是从火星撞击坑数据中提取信息的技术，主题与大气环境遥感技术（如空气质量监测、卫星观测、大气成分分析、气溶胶反演）没有直接关系。,"['Martian impact craters', 'bimodal dataset', 'quantitative ensemble learning']",Chang Li;Haoyan Ma;Yi He;Zhizhong Kang,BQEL-Net: A bimodal quantitative ensemble learning network with uncertainty-aware for vectorized extraction of martian impact craters from bimodal catalogic-and-quantitative dataset (BCQDS),
None,True,International Journal of Applied Earth Observation and Geoinformation,该论文研究了融合高分辨率航空影像与Sentinel-1和Sentinel-2时序数据以提高多年果园类型分类的方法。虽然主要关注的是农业应用，但使用了卫星遥感技术（Sentinel-1和Sentinel-2是常用的卫星传感器）和高分辨率影像，这与大气环境遥感技术中的卫星观测和图像处理方法密切相关，因此可以认为与大气环境遥感技术（如大气成分分析、卫星遥感应用）有较强的关联。,"['aerial imagery', 'Sentinel-1', 'Sentinel-2', 'orchard classification', 'remote sensing']",Lior Fine;Tarin Paz-Kagan;Offer Rozenstein,Fusing very high-resolution aerial imagery with Sentinel-1 and Sentinel-2 time series improves multi-year orchard type classification,
None,False,International Journal of Applied Earth Observation and Geoinformation,该论文主要关注的是基于遥感技术和集成模型的蟋蟀风险区域的识别和分类，考虑了人口密度和栖息地适宜性，这与大气环境遥感技术（如空气质量监测、卫星观测、大气成分分析、气溶胶反演）没有直接关系。,"['remote sensing', 'ensemble modeling', 'population density', 'habitat suitability']",Junteng Luo;Liang Liu;Jianghua Zheng;Jun Lin;Wanqiang Han;Yang Yan;Jianhao Li;Feifei Zhang;Zhong Liang;Qige Qi,Identification and classification of risk zones for <em>Calliptamus italicus</em> based on remote sensing and ensemble modeling: considering population density and habitat suitability,
None,True,International Journal of Applied Earth Observation and Geoinformation,该论文使用地球观测和机器学习技术对阿拉伯湾和阿曼海的有害藻华进行运营预报，这与大气环境遥感技术（如卫星观测、环境监测）密切相关，因此是相关的。,"['Earth Observation', 'Machine learning', 'harmful algal blooms', 'Arabian Gulf', 'Sea of Oman']",Kaltham A. Ismail;Roqaya A. Ismail;Mohammed Salim,Earth Observation–Based Machine learning for operational forecasting of harmful algal blooms in the Arabian Gulf and Sea of Oman,
None,True,International Journal of Applied Earth Observation and Geoinformation,该论文标题和摘要明确涉及 GNSS-R（全球导航卫星系统后向反射），这是一种利用卫星信号探测大气参数的技术，与大气环境遥感技术密切相关。特别是高风速检索，属于大气成分分析的一部分。因此，该论文与大气环境遥感技术（如空气质量和大气成分监测）密切相关。,"['PLGF-NET', 'Physics-Guided', 'Local-Global fusion', 'GNSS-R', 'high wind speed retrieval']",Xinzhe Xu;Minfeng Song;Xiufeng He;Jinsheng Tu;Xiaolei Wang;Jinwen Zeng;Hao Yang;Wei Zhan,PLGF-NET: A Physics-Guided Local-Global fusion network for GNSS-R high wind speed retrieval,
None,False,International Journal of Applied Earth Observation and Geoinformation,该论文主要关注利用无人机时间序列数据和少量样本基础模型研究苜蓿的时空生长和功能特征，与大气环境遥感技术（如空气质量监测、卫星观测、大气成分分析、气溶胶反演）相关性较低。,"['UAV', 'alfalfa', 'few-shot foundation models']",Tao Cheng;Zhangru Gao;Ziyu Ding;Dong Han;Yaling Liu;Ruopu Zan;Xinyuan He;Shibo Yang;Feng Yuan;Weibo Ren;Dongyan Zhang,DINO-Pheno-Cluster: Integrating few-shot foundation models and UAV time-series for spatiotemporal growth and functional characterization of alfalfa,
None,True,International Journal of Applied Earth Observation and Geoinformation,该论文研究了使用Landsat 8/9卫星数据，通过MFRXG多特征堆叠集成RF-XGBoost模型来反演总氮浓度。这属于大气环境遥感技术中的空气质量监测和大气成分分析领域，因此与题目要求的相关性强。,"['total nitrogen retrieval', 'Landsat 8/9', 'air quality monitoring', 'satellite observations', 'atmospheric composition analysis']",Yuanyuan Zhang;Shuanggen Jin,MFRXG: A multi-feature stacking ensemble RF-XGBoost model for total nitrogen retrieval in the Yellow River from Landsat 8/9 data,
None,True,International Journal of Applied Earth Observation and Geoinformation,该论文与大气环境遥感技术相关，因为它涉及从单目遥感图像中进行高度估计。单目遥感图像通常用于卫星观测和大气成分分析，而高度估计是大气环境遥感技术中的一个重要应用，例如用于监测大气边界层高度、气溶胶分布等。,"['monocular remote sensing imagery', 'height estimation', 'vision-language network']",Tao Zhang;Furong Shi;Yuanping Zhu;Xin Huang,HeightCLIP: A vision-language network for height estimation from monocular remote sensing imagery,
None,False,International Journal of Applied Earth Observation and Geoinformation,该论文标题和摘要主要关注城市数字孪生和环境敏感的移动性规划，与大气环境遥感技术（如空气质量监测、卫星观测、大气成分分析、气溶胶检索）没有直接关联。,[],Thomas Trabert;Elmar Brockfeld;Alexander Sohr;Kerstin Krellenberg;Jakob Erdmann;Xiaoxu Bei;Carsten Dalaff;Timo Houben;Jan Bumberger,Urban digital twin for environmentally sensitive mobility planning: conceptual framework and application in pilot region Leipzig,
None,True,International Journal of Applied Earth Observation and Geoinformation,该论文研究了SuperDove卫星如何检测负载物质的沙堆，这涉及到卫星遥感技术在环境监测中的应用，特别是对大气成分和污染物的分析。,"['SuperDove', 'satellite', 'matter-loaded windrows']",Dimitris Papageorgiou;Stefano Aliani;Andrés Cózar;Konstantinos Topouzelis,SuperDove satellite detection of matter-loaded windrows with a focus on extreme environmental events,
None,True,International Journal of Applied Earth Observation and Geoinformation,该论文研究了基于开源多模态数据和形态感知UDASS的屋顶植被制图框架，涉及热带城市的环境监测技术，与大气环境遥感技术（如空气质量监测、卫星观测、大气成分分析、气溶胶反演）有较强关联。,"['roof vegetation mapping', 'open-source multimodal data', 'morphology-aware UDASS']",Jinhui Liu;Mi Zhang;Lina Tang;Guofan Shao;Huiwei Jiang;Xiangyun Hu;Yibing Xiong;Jiongwei Wang,A transferable framework for roof vegetation mapping across tropical cities based on open-source multimodal data and morphology-aware UDASS,
None,False,International Journal of Applied Earth Observation and Geoinformation,该论文主题为可持续土壤适宜性评估，涉及模糊熵-MAIRCA-TOPSIS框架，与大气环境遥感技术（如空气质量监测、卫星观测、大气成分分析、气溶胶反演）关系不大。,"['fuzzy entropy', 'MAIRCA', 'TOPSIS', 'soil suitability']",Karthik Subramani;Deva Nithyanandham;Felix Augustin;Saravanakumar Ramasamy;Ajeesh Puthusserry Paulose;Pandiyaraju V,An integrated picture fuzzy entropy–MAIRCA–TOPSIS framework for sustainable soil suitability evaluation,
None,True,International Journal of Applied Earth Observation and Geoinformation,该研究利用多颗卫星平台进行玉米种植区域监测，属于遥感技术在农业领域的应用，与大气环境遥感技术（如卫星观测、遥感分析）有较强关联。,"['satellite platforms', 'maize mapping', 'ground reference data']",Ryoungseob Kwon;Youngryel Ryu;Philippe Ciais;David Makowski;Changhyun Choi;Huaize Feng;Sungchan Jeong;Pengfei Tang;Kyungdo Lee,Enabling maize mapping in double-cropping regions of Argentina and Brazil without ground reference data by leveraging multiple satellite platforms,
None,False,International Journal of Applied Earth Observation and Geoinformation,该论文主题关注的是蝗虫栖息地的时空动态变化，涉及未来气候变化、植被生长和土地利用变化，与大气环境遥感技术（如空气质量监测、卫星观测、大气成分分析、气溶胶反演）没有直接关系。,[],Jing Guo;Wenjiang Huang;Yingying Dong;Qiaoyun Xie;Guofei Fang;Fangzheng Yue;Kun Wang;Zhuoqing Hao;Yan Zhang;Xiangzhe Cheng;Yue Shi;Bing Zhang,"Spatiotemporal dynamics of grasshopper habitats under future climate projections, vegetation growth, and land use change",
None,True,International Journal of Applied Earth Observation and Geoinformation,该论文使用Sentinel-5 Precursor卫星数据和高斯烟羽模型量化大型煤矿的甲烷排放，涉及卫星观测和大气成分分析，与大气环境遥感技术密切相关。,"['Sentinel-5 Precursor', 'methane emissions', 'Gaussian plume model']",Yuanyuan Chen;Yi Li;Lixia Tan;Yufan Qian;Shuangxi Fang,Quantifying methane emissions from large coal mine using Sentinel-5 Precursor satellite data and Gaussian plume model,
None,True,International Journal of Applied Earth Observation and Geoinformation,该论文标题和摘要中提到的“光谱解混”和“深度先验”是遥感技术中常用的方法，用于分析大气环境中的成分，如空气质量和大气组成。因此，该论文与大气环境遥感技术密切相关。,"['spectral unmixing', 'deep priors', 'remote sensing']",Soorya Suresh;Shri Charan Ramesh;Arun Pattathal Vijayakumar;Vandita Srivastava;Krishna Mohan Buddhiraju,Self-supervised spectral unmixing using scene-aware deep priors,
None,True,International Journal of Applied Earth Observation and Geoinformation,该论文研究了利用Sentinel-2卫星数据通过Test-Time training技术进行叶绿素a反演的方法，旨在揭示中国湖泊富营养化的动态变化。叶绿素a是水质监测的重要指标，而Sentinel-2是欧洲空间局发射的卫星，用于地球观测和大气环境监测，因此该研究属于大气环境遥感技术领域，与空气质量和水体监测相关。,"['Sentinel-2', 'chlorophyll-a', 'lake eutrophication', 'remote sensing', 'Test-Time training']",Zhen Zhang;Cuilin Yang;JiaJia Yuan;Lehao Huang;Zhongxi Ge;Zhitao Fu;Bo-Hui Tang,Pioneering Test-Time training for robust Fine-Grained chlorophyll-a retrieval from Sentinel-2: Unveiling China’s lake eutrophication dynamics (2018–2025),
None,True,International Journal of Applied Earth Observation and Geoinformation,该论文研究的是利用形态化的微波图像生成高精度水汽产品，水汽是大气成分的重要组成部分，微波遥感技术常用于大气水汽的观测，因此与大气环境遥感技术密切相关。,"['precipitable water vapor', 'microwave imagery', 'atmospheric remote sensing']",Yuhao Wu;Bao Zhang;Yibin Yao;Zheng Du;Hongming Li;Quanyu Chen,Generation of high-precision precipitable water vapor products from morphed integrated microwave imagery,
None,False,International Journal of Applied Earth Observation and Geoinformation,该论文研究的是冰川泥石流的发生频率和极端气候的影响，主要涉及地质学和冰川学，与大气环境遥感技术（如空气质量监测、卫星观测、大气成分分析、气溶胶反演等）关系不大。,[],Sen Zhang;Bochuan Zhang;Da Huang;Yongji Chen;Bei Zhang;Jianbing Peng,"Extreme climate effects on the occurrence and frequency of glacial debris flows: evidence from the Parlung Tsangpo Basin, Southeastern Tibetan Plateau",
None,True,International Journal of Applied Earth Observation and Geoinformation,该论文研究了将无人机图像时间序列与多源环境特征相结合，用于预测连续野火蔓延。虽然主要关注的是野火蔓延预测，但其使用了无人机（UAV）进行图像采集，这与大气环境遥感技术中的卫星观测和空气质量监测有相关性，因为无人机作为一种遥感平台，可用于大气成分分析和数据采集。因此，该论文与大气环境遥感技术有一定的关联性。,"['UAV', 'wildfire spread prediction', 'environmental features']",Jiahao Zhou;Sen He;Shanjunxia Wu;Qiuhua Wang;Fei Wang,Integrating UAV image time-series with multi-source environmental features for sequential wildfire spread prediction,
None,True,International Journal of Applied Earth Observation and Geoinformation,该论文与大气环境遥感技术密切相关，因为它涉及从卫星图像中进行大规模土地覆盖分类，这属于遥感技术应用的一部分。虽然主要关注点在于土地覆盖分类而非直接的大气成分分析，但卫星图像是遥感技术的重要数据来源，且深度学习在遥感图像分析中应用广泛，因此与大气环境遥感技术有较强的关联性。,"['deep learning', 'land cover classification', 'satellite imagery']",Johannes Leonhardt;Juergen Gall;Ribana Roscher,LC-SLab — An object-based deep learning framework for large-scale land cover classification from satellite imagery and sparse in-situ labels,
None,True,International Journal of Applied Earth Observation and Geoinformation,该论文研究了利用PROSPECT指导的多任务学习混合框架同时检索叶片叶绿素和类胡萝卜素的方法。虽然主要研究对象是植物色素，但该方法与大气环境遥感技术中的大气成分分析密切相关，特别是通过遥感手段获取植被参数，可用于反演大气环境质量。因此，该论文与大气环境遥感技术（如大气成分分析）具有较强相关性。,"['leaf chlorophyll', 'carotenoids', 'multi-task learning', 'hybrid framework']",Weilin Hao;Jia Sun;Kan Zhang;Shilin Yang;Feng Qiu;Jin Xu,A PROSPECT-guided multi-task learning hybrid framework for simultaneous retrieval of leaf chlorophyll and carotenoids,
None,True,International Journal of Applied Earth Observation and Geoinformation,该论文研究了卫星观测数据在澳大利亚北部地区火灾后植被对干旱的抵抗力降低的问题，涉及卫星遥感技术和大气环境监测。,"['satellite', 'water stress', 'fire']",Huanhuan Wang;Qiaoyun Xie;Sally E. Thompson;Caitlin E. Moore,Satellite evidence of reduced resistance and resilience to water stress after antecedent fire across a rainfall gradient in northern Australia,
None,True,International Journal of Applied Earth Observation and Geoinformation,该论文研究了覆盖作物生物量对卫星探测覆盖作物的影响，涉及卫星遥感技术在农业和环境监测中的应用，与大气环境遥感技术（如空气质量监测、卫星观测、大气成分分析、气溶胶反演）密切相关。,"['cover crop biomass', 'satellite-based detectability', 'atmospheric remote sensing']",Yide Xu;Qu Zhou;Kaiyu Guan;Sheng Wang;W. Dean Hively;Jyoti Jennewein;Alison Thieme;Steven Mirsky;Zhangliang Chen,The impacts of cover crop biomass on satellite-based detectability of cover crops in Maryland,
None,True,International Journal of Applied Earth Observation and Geoinformation,该论文标题和摘要明确涉及利用卫星监测洪水，其中提到“卫星-based flood monitoring”和“flood type classification”，这与大气环境遥感技术（如卫星观测和地表水监测）密切相关。虽然主要关注洪水，但其方法和技术与大气环境遥感技术有交集，特别是在利用卫星数据进行分析和监测方面。,"['satellite-based flood monitoring', 'flood type classification', 'remote sensing']",Ziming Wang;Jeffrey Neal;Peter M. Atkinson;Ce Zhang,From flood extent mapping to mechanism-aware flood products: integrating flood type classification into satellite-based flood monitoring,
None,False,International Journal of Applied Earth Observation and Geoinformation,该标题和摘要主要涉及高分辨率交换分类模型和多尺度几何结构特征融合，与大气环境遥感技术（如空气质量监测、卫星观测、大气成分分析、气溶胶反演）没有直接关联。,[],Wan’er Yu;Gang Liu;Jing He;Zhiyong Luo,A high-resolution interchange classification model enhanced by multi-scale geometric structural feature fusion,
None,True,International Journal of Applied Earth Observation and Geoinformation,该论文研究了OCO-2卫星观测到的XCO2数据与地面TCCON观测数据的时空偏差，这与大气环境遥感技术中的卫星观测和大气成分分析密切相关。,"['OCO-2', 'XCO2', 'TCCON', 'satellite observations', 'atmospheric composition analysis']",Tslil Nacson;David M. Broday;Fadi Kizel,Spatiotemporal bias in OCO-2 XCO<sub>2</sub> retrievals relative to TCCON observations,
None,True,International Journal of Applied Earth Observation and Geoinformation,该论文研究利用街景图像和地理信息系统数据来检测和识别城市街道树木，这与大气环境遥感技术中的空气质量监测和城市环境分析相关，因为城市树木可以影响空气质量（如通过吸收污染物），且遥感技术在城市环境监测中扮演重要角色。,"['street-view images', 'GIS data', 'urban street tree detection']",Weijia Li;Xinjie Huo;Junyan Ye;Jinhua Yu;Hanxi Wang;Juepeng Zheng;Xiang Zhang;Haohuan Fu,Individual urban street tree detection and species-level mapping from street-view images and GIS data,
None,True,International Journal of Applied Earth Observation and Geoinformation,该研究涉及使用高光谱三角指数（BLB_TVI）通过卫星尺度对水稻白叶枯病严重程度进行表征，属于利用遥感技术进行农作物病害监测，与大气环境遥感技术中的卫星观测和农业环境监测相关联。,"['hyperspectral', 'satellite-scale', 'rice bacterial leaf blight']",Weiwei Liu;Xin Zhang;Gang Yang;Jingfeng Huang;Weiwei Sun;Luming Liu,BLB_TVI: A hyperspectral triangular index for satellite-scale characterization of rice bacterial leaf blight severity,
10.1016/j.atmosenv.2026.122350,True,Atmospheric Environment,该论文研究了人类活动对室内空气污染物的影响，涉及多种空气污染物（如PM2.5、PM10、CO、O3、NO2、SO2、eTVOCs）的监测和分析，使用了LSTM-LightGBM算法进行预测，这与大气环境遥感技术中的空气质量监测和分析密切相关。,"['PM2.5', 'PM10', 'CO', 'O3', 'NO2', 'SO2', 'eTVOCs', 'LSTM', 'LightGBM']",He Zhang;Ravi Srinivasan;Chen Chen;Xu Yang;Zhi Huang;Vikram Ganesan;Rui Zhou,Assessing impacts of human activity on indoor air pollutants using noise and CO<sub>2</sub>-based variables with LSTM-LightGBM: a library case study,"•Demonstrates limitations of using CO2alone as a proxy for human activity. •Combining CO2, noise, temperature, and humidity best explains IAQs. •The combination of CO2and noise captures more PM variance than either alone. •LSTM-LightGBM approach accurately predicts IAQ and extracts key features. 
 This study demonstrates the limitations of using carbon dioxide (CO2) alone as a proxy for human activity intensity in multi-pollutant indoor air quality modeling. In a university library, an integrated indoor–outdoor monitoring system collected two weeks of continuous measurements of CO2, noise, temperature, relative humidity, PM2.5, PM10, CO, O3, NO2, SO2, and eTVOCs. A hybrid time-series framework combining long short-term memory (LSTM) networks and Light Gradient Boosting Machine (LightGBM) was developed to compare six feature-set scenarios based on different combinations of CO2, noise, temperature, and relative humidity. Association analysis and feature extraction showed that the combined CO2, noise, temperature, and relative humidity factors had markedly stronger relationships with most indoor pollutants than CO2 or noise alone (R = 0.59–0.91, p < 0.05). CO2 was more informative for particulate matter, whereas noise was better suited to several gaseous pollutants. Validation with the LSTM–LightGBM framework supported these results. Beyond the general benefit of adding predictors, leave-one-predictor-out ablation comparisons indicated pollutant-specific and partially non-redundant predictor roles. Noise provided independent information beyond CO2 for NO2, CO, and eTVOCs, whereas temperature and relative humidity primarily improved prediction through interactions with activity-related proxies rather than serving as universally informative variables. The full-variable model is therefore interpreted as a reference upper-bound scenario, while the main finding is that pollutant prediction depends on distinct combinations of CO2, noise, and thermo-hygrometric variables, without implying direct causal effects of human activity. These results provide a practical basis for improving feature engineering and indoor air quality control in similar built environments."
10.1016/j.atmosenv.2026.122335,True,Atmospheric Environment,该论文研究了中国珠江三角洲沿海和海洋地区的臭氧和挥发性有机化合物（VOCs）的光化学过程，涉及空气质量监测、大气成分分析和臭氧污染研究，与大气环境遥感技术密切相关。,"['ozone', 'VOCs', 'photochemistry', 'atmospheric composition', 'air quality monitoring']",Lirong Hui;Guizhen Fang;Yi Chen;Hao Sun;Xin Feng;Yang Xu;Jia Guo;Yao Chen;Penggang Zheng;Dasa Gu;Yanli Zhang;Yee-Jun Tham;Zhenhao Ling;Zhe Wang,"Contrasting photochemistry and ozone pollution at coastal and marine sites in the Pearl River Estuary, South China","•Parallel coastal–marine VOC and O3observations reveal contrasting photochemistry. •Stronger oxidation capacity and VOC-OH reactivity at the coastal region. •Higher O3despite lower local photochemical production in marine boundary layer. •Regional outflow from eastern Guangdong drives marine O3enhancement. •OBM modeling identifies key ROxpathways shaping O3formation in the estuary. 
 To explore the atmospheric ozone (O3) photochemistry in the Pearl River Estuary (PRE), parallel observations of volatile organic compounds (VOCs) and O3 were conducted at two contrasting sites: a coastal site (HKUST, eastern PRE) and a marine site (WS, southwestern PRE), from November to December 2021. Both sites exhibited similar VOC compositions dominated by oxygenated VOCs (OVOCs, 78%-82%), while lower total concentrations were observed at the WS site. An observation-based box model analysis further revealed higher daytime atmospheric oxidation capacity (AOC), greater VOC-driven hydroxyl (OH) reactivity, slightly higher peak production rates of OH, hydroperoxyl (HO2), and alkyl peroxy (RO2) radicals at the HKUST site. The dominant pathways for OH, HO2, and RO2 formation at both sites were HO2 + NO, RO2 + NO and VOCs + OH, respectively, with VOC-involved reactions, such as VOCs + OH and OVOCs photolysis, contributed more significantly to ROx radicals at the HKUST site. Paradoxically, higher O3 concentrations were observed at the WS site, despite its lower daytime net O3 production rate. Backward trajectory analysis attributed these O3 episodes to continental outflows from eastern Guangdong passing through Hong Kong, where abundant background O3 and photochemical processing during transport amplified O3 pollution. This study deepens our comprehension of surface photochemical O3 formation mechanism in coastal/marine environments and highlights the critical role of regional transport in exacerbating O3 pollution in the Pearl River Estuary."
10.1016/j.atmosenv.2026.122334,True,Atmospheric Environment,该论文研究了氯初始化烯烃氧化的有机氯化合物的形成，涉及次生有机气溶胶（SOA）的形成机制，这与大气环境遥感技术中的空气质量监测和大气成分分析密切相关。,"['SOA', 'chlorophenols', 'chloronitrophenols']",Yinghong Sun;Kun Li;Li Xu;Narcisse Tsona Tchinda;Lin Du,Organochloride compounds formation in chlorine-initiated styrene oxidation,"•SOA yield exhibits a nonlinear response to NOxand decreases with increasing RH. •NOxshifts SOA composition from CHO oligomers to CHON monomers. •High RH reduces CHOCl but enhances CHONCl formation. •Cl-initiated oxidation of styrene forms chlorophenols and chloronitrophenols. 
 As a highly reactive oxidant, chlorine atoms (Cl) have attracted increasing attention in recent years due to their contribution to the oxidation of volatile organic compounds and the impact thereof on the formation of secondary organic aerosol (SOA). Despite their importance, the mechanisms by which Cl-initiated oxidation of aromatic hydrocarbons contributes to SOA formation remain insufficiently understood. In this study, styrene was selected as a representative aromatic precursor to systematically investigate SOA formation from Cl-initiated oxidation and the effects of nitrogen oxides (NOx) and relative humidity (RH). Experimental results show that SOA yields from Cl-initiated oxidation of styrene are comparable to those from OH-initiated systems. SOA yield first increases and then decreases with increasing NOx concentration. Regardless of the presence or absence of NOx, SOA yield consistently declines with increasing RH. High-resolution mass spectrometry analysis revealed that under low-NOx conditions, CHO oligomers dominate the SOA composition, with CHOCl compounds contributing approximately 16–22%. In contrast, under high-NOx conditions, the relative contribution of oligomers decreased 50–60%, accompanied by the formation of substantial amounts of nitrophenolic monomers, along with the detection of CHONCl compounds. High RH reduces the proportion of CHOCl compounds but enhances the formation of CHONCl species. In addition, besides adding to the vinyl double bond of styrene to form organochloride compounds, Cl atoms, through substitution reactions, can also generate organochloride compounds such as chlorophenols and chloronitrophenols, widely present in the atmosphere. Overall, this study highlights the critical role of Cl chemistry in aromatic SOA formation and provides important mechanistic insights into the sources of halogenated aromatic pollutants in the atmosphere."
None,True,Atmospheric Environment,该论文研究了空气污染与肌肉减少症之间的关系，涉及空气污染这一环境科学领域，与大气环境遥感技术中的空气质量监测相关。,"['air pollution', 'sarcopenia', 'meta-analysis']",Nannan Chen;Xiaoru Huang;Ruoxuan Liang;Yu Liu;Jianjun Liu;Benhong Xu,Air pollution and sarcopenia: A meta-analysis and network toxicology analysis,
None,True,Atmospheric Research,该论文研究了先进的云微物理方案对2018年和2019年喀拉拉洪水事件的影响，使用了NCMRWF区域模型。虽然主要关注洪水事件，但云微物理方案与大气环境遥感技术（如大气成分分析和空气质量监测）密切相关，因为它们涉及大气过程的模拟和观测。,"['advanced cloud microphysics schemes', 'NCMRWF regional model', 'Kerala flood events']",Rose Raphel;A. Jayakumar;T.J. Anurose;Saji Mohandas;Greeshma M. Mohan;M. Sandhya;Anumeha Dube;Donali Gogoi;V.S. Prasad;Claudio Sanchez,Impact of advanced cloud microphysics schemes for the Kerala flood events in 2018 and 2019 using the NCMRWF regional model,
None,True,Atmospheric Research,该论文研究了春季和夏季海冰异常如何协同增强印度支那半岛夏季降水，涉及大气环境变化和区域气候影响，与大气环境遥感技术（如卫星观测和气候分析）密切相关。,"['sea ice', 'precipitation', 'Indochina Peninsula']",Yan Zhang;Shu Gui;Jie Cao;Ruowen Yang;Li Zhu;Lei Cai,Spring and summer sea ice anomalies synergetically enhance summer precipitation over the Indochina Peninsula,
None,True,Atmospheric Research,该研究关注天山北坡短时强降水事件的 moisture transport 和动态-热力学机制，这与大气环境遥感技术中的气象观测、降水监测和大气成分分析相关，因此密切相关。,"['heavy precipitation', 'Tianshan Mountains', 'moisture transport']",Zhiyi Li;Junqiang Yao;Changchun Xu;Yu Luo;Ting Zhang,Multidirectional moisture transport and dynamic–thermodynamic mechanisms of a short-duration heavy precipitation case on the Northern Slope of the Tianshan Mountains,
None,True,Atmospheric Research,该论文研究长江三角洲夏季降雨的年际至年代际变化，并与北太平洋海表温度联系起来，这与大气环境遥感技术中的气候监测和气象数据分析高度相关。,"['Yangtze River Delta', 'summer rainfall', 'North Pacific Sea surface temperature']",Yanhao Peng;Dong Xiao,Interannual-to-decadal variations of the Yangtze River Delta summer rainfall during 1901–1975 linked with North Pacific Sea surface temperature,
None,True,Atmospheric Research,该论文研究中国夏季湿球温度的非平稳演变，涉及大气变暖和温度、湿度的时间变化作用，与大气环境遥感技术中的空气质量监测、大气成分分析等密切相关。,"['wet-bulb temperature', 'summer', 'China', 'atmospheric warming', 'humidity']",Tianci Yao;Shengfa Li;Qing Yu;Jia Sun;Xiangyu Wang;Wanjun Zhang;Lixin Su,Non-stationary evolution of summer wet-bulb temperature in China (1951–2024): Accelerated warming and time-varying roles of temperature and humidity,
None,True,Atmospheric Research,该论文研究了印度空气滞留和热浪事件的频率增加及人口暴露于空气污染的上升，这与大气环境遥感技术密切相关，特别是空气质量和大气成分分析领域。,"['air pollution', 'air stagnation', 'heatwave', 'population exposure', 'India']",Gayathri Balachandran;S. Sumith Satheendran,Compound air stagnation and heatwave events: A ninefold increase in frequency and a tenfold rise in population exposure to air pollution over India,
None,True,Atmospheric Research,该论文研究的是西太平洋副热带高压的西进现象及其人为强迫因素，与大气环境遥感技术中的大气成分分析、气候变化监测等密切相关，因此是强相关的。,"['North Pacific subtropical high', 'atmospheric forcing', 'westward extension']",Xiadong An;Wen Chen;Peng Hu,Anthropogenic forcing dominates relentless westward extension of the western North Pacific subtropical high,
None,True,Atmospheric Research,该论文标题和摘要涉及利用全球导航卫星系统（GNSS）的整周延迟（ZTD）数据同化技术来增强强降雨预报，并包含高级观测误差诊断。GNSS ZTD数据可用于大气水汽和大气成分监测，与大气环境遥感技术密切相关，特别是与空气质量和大气成分分析相关。因此，该论文与大气环境遥感技术高度相关。,"['GNSS ZTD', 'heavy rainfall forecasting', 'observation error diagnosis']",Ying Hui;Wei Han;Yabin Zhang;Lu Sun;Panxing Lou;Yongyong Ma;Xin Song;Caiyan Kang;Mingheng Chang,Enhanced heavy rainfall forecasting via GNSS ZTD assimilation with advanced observation error diagnosis,
None,True,Atmospheric Research,该论文研究极化雷达技术如何用于分析季风区雷暴结构及其与闪电活动的关系，涉及大气环境遥感技术中的雷达观测和风暴分析，因此与大气环境遥感技术密切相关。,"['polarimetric radar', 'storm structure', 'lightning activity']",Rakesh Ghosh;Pavan R. Vaidya;Manoj A. Domkawale;Hamza Varikoden;Sunil D. Pawar,Linking polarimetric radar-derived storm structure to lightning activity in monsoon-trough convection over the Indian Core Monsoon Zone,
None,True,Atmospheric Research,该论文研究了黄河流域的热浪-水文干旱的复合模式，涉及大气环境监测，与遥感技术在空气质量监测中的应用密切相关。,"['atmospheric', 'remote sensing', 'air quality monitoring']",Mengxin Bai;Peng Zhang;Zihui Yue;Wupeng Du;Bisheng Zhu;Jiali Jiang;Chunyi Xuan,AMO-modulated seesaw pattern of compound heatwave-hydrological drought over the Yellow River Basin,
None,True,Atmospheric Research,该论文研究了 Fengyun-4A 卫星的大气运动矢量观测误差及其在数据同化中的应用，特别是在台风 Doksuri 期间。这与大气环境遥感技术密切相关，特别是卫星观测和大气运动分析。,"['Fengyun-4A', 'atmospheric motion vectors', 'data assimilation', 'Typhoon Doksuri']",Yongbo Zhou;Lijian Zhu;Jinhan Yuan;Chao Liu,Observation errors of Fengyun-4A atmospheric motion vectors for data assimilation during Typhoon Doksuri (2023),
None,False,Atmospheric Research,这篇论文研究的是海洋热浪的年际变化，与大气环境遥感技术（如空气质量监测、卫星观测、大气成分分析、气溶胶反演）没有直接关系。,"['marine heatwave', 'MRI-ESM2–0', '2°C overshoot']",Lijuan Hua;Naiming Yuan,Asymmetric changes in annual marine heatwave duration before and after a 2°C overshoot in MRI-ESM2–0,
None,True,Atmospheric Research,该论文研究的是中国东部季风区极端降水的时间分布，虽然不直接涉及遥感技术，但与大气环境遥感技术有间接关联，因为极端降水的研究通常需要大气成分和气象观测数据，而这些数据可以通过卫星遥感获取。,"['extreme precipitation', 'seasonal distribution', 'Eastern Monsoon China']",Junlong Gao;Kai Liu;Ming Wang;Nandi Wang;Linmei Zhuang;Qingrui Yue,Projected regional variations in seasonal distribution of extreme precipitation over Eastern Monsoon China,
None,True,Atmospheric Research,该论文研究中国台风引起的极端小时降水特征，虽然不直接涉及空气质量监测或卫星遥感技术，但与大气环境遥感技术有间接关联，因为降水是大气成分的一部分，可以通过卫星观测来监测。,"['typhoon', 'precipitation', 'China']",Li Jia;Dajun Zhao;Yubin Yu;Fumin Ren,Contrasting characteristics of typhoon-induced extreme hourly precipitation in China,
None,True,Atmospheric Research,该论文研究地形扰动如何影响热带岛屿上的对流预条件化，涉及大气物理过程和岛屿环境，与大气环境遥感技术（如卫星观测和大气成分分析）密切相关。,"['orographic disturbances', 'convective preconditioning', 'tropical island']",Lanqiang Bai;Yipeng Huang;Qian Liu;Guixing Chen;Shizuo Fu;Qiu Yang;Lei Zhu,Orographic disturbances shaping convective preconditioning over a tropical island,
None,False,Atmospheric Research,该论文主要关注埃塞俄比亚干旱低地的时空降雨变率和气候遥相关，及其对区域气候适应的影响。虽然与气候和环境相关，但并未涉及大气环境遥感技术，如空气质量监测、卫星观测、大气成分分析或气溶胶反演等具体技术。,"['rainfall variability', 'climate teleconnections', ' Eastern Ethiopia']",Markato Markos;Kidist Sahle;Dawit Kanito;Bethel Geremew Shefine;Gemechu Fanta Garuma;Asaminew Teshome;Tsegaye Tadesse;Husam Musa Baalousha,Spatiotemporal rainfall variability and climate teleconnections in the arid lowlands of Eastern Ethiopia: implications for zone-specific climate adaptation,
None,False,Atmospheric Research,该论文的主题是青藏高原未来基于海拔的增温，主要关注气候和地理变化，而非大气环境遥感技术，如空气质量监测、卫星观测、大气成分分析或气溶胶反演等。,[],Yu Deng;Qinglong You;Fangying Wu;Wenyu Zhou;Zhiyuan Cong;Zhiyan Zuo;Haijun Deng;Nick Pepin;Hans W. Chen;Deliang Chen;Renhe Zhang,Historical cold biases exaggerate future elevation-dependent warming over the Tibetan Plateau,
None,True,Atmospheric Research,该论文研究了伊朗冬季PM₂.₅污染的主导天气模式和环流调节机制，这与大气环境遥感技术中的空气质量监测和大气成分分析密切相关，因此是强相关的。,"['PM₂.₅', 'weather patterns', 'atmospheric pollution']",Zhuoen Liu;Yixuan Lyu;Weihang Xie;Lizhuo Zheng;Yuepeng Pan;Mohammad Darand;Anmin Duan,Identification of dominant weather patterns and circulation regulation mechanisms of winter PM₂.₅ pollution in Iran,
None,True,Atmospheric Research,该论文研究了鄂尔多斯盆地干旱和半干旱城市夏季臭氧污染的气象驱动因素，涉及空气质量监测和大气成分分析，与大气环境遥感技术密切相关。,"['O<sub>3</sub>', 'air quality monitoring', 'atmospheric composition analysis']",Weiming An;Jilong Tong;Shengtong Lei;Lingyun Ma;Pengbo Wang;Yumin Guo;Yongle Liu;Min Chen;Qingjun Gao;Lei zhang,Distinct meteorological drivers of summertime O<sub>3</sub> pollution in arid and semi-arid cities of the Ordos Basin under extreme heat,
None,True,Atmospheric Research,该论文研究了美索不达米亚平原主要尘源区的地表粉尘浓度未来预测，这与大气环境遥感技术中的空气质量监测和大气成分分析密切相关。,"['dust concentrations', 'Mesopotamian plains', 'surface dust']",Abbas Ranjbar Saadat Abadi;Nasim Hossein Hamzeh;Dimitris G. Kaskaoutis;Zahra Ghassabi;Christian Opp,Future projections of surface dust concentrations in major dust source regions of the Mesopotamian plains,
None,True,Atmospheric Research,该论文研究的是基于天气雷达的降水临近预报技术，涉及大气环境监测和预测，属于遥感技术在气象领域的应用，因此与大气环境遥感技术密切相关。,"['weather radar', 'precipitation nowcasting', 'dual-domain spatio-temporal predictive network']",Hui Wang;Liping Wang;Wenjuan Li,DSTP: A Dual-Domain Spatio-Temporal Predictive Network for weather radar precipitation nowcasting,
None,True,Atmospheric Research,该论文研究了从山区到平原的降水系统在北秋天的变化，涉及气溶胶对降水的影响，与大气环境遥感技术（如空气质量监测、卫星观测、大气成分分析、气溶胶反演）密切相关。,"['Aerosol', 'precipitation', 'Northern China']",Yu Zheng;Yucong Miao;Shuhua Liu;Huizheng Che,Aerosol modulation of precipitation systems migrating from mountains to plains in Northern China during early autumn,
None,False,Atmospheric Research,该论文主要关注干旱预测，使用CMIP6投影和混合深度学习模型对土耳其中部地区进行预测，与大气环境遥感技术（如空气质量监测、卫星观测、大气成分分析、气溶胶反演）关系不大，因此认为不相关。,"['CMIP6 projections', 'hybrid deep learning models', 'drought forecasting']",Hatice Citakoglu;Necmiye Minarecioglu;Yuksel Gul Aslanbay;Veysi Kartal;Ercan Gemici,"Drought forecasting across multiple temporal scales using CMIP6 projections and hybrid deep learning models for Central Anatolia, Türkiye",
None,True,Atmospheric Research,该论文研究了青藏高原7-8月西风急流与高原降水的关系，使用了CMIP6气候模型。虽然主要关注气候和气象学，但其涉及大气现象的分析和模型模拟，与大气环境遥感技术中的大气成分分析和气象观测有一定关联，因此认为其与该领域“强相关”。,"['Tibetan Plateau', 'westerly jet', 'precipitation', 'CMIP6 models']",Yuhan Feng;Sulan Nan;Ge Liu;Ting Zhang;Yanhong Liu,Relationship between July–August Tibetan Plateau westerly jet and precipitation over the Tibetan Plateau in CMIP6 models,
None,True,Atmospheric Research,该论文研究了台湾南部在高压回流期间PM2.5的模拟，涉及空气质量监测和大气成分分析，与大气环境遥感技术密切相关。,"['PM2.5', 'southern Taiwan', 'high-pressure return flow']",Ming-Tung Chuang;Charles C.K. Chou;Chuan-Yao Lin;Wei-Che Lin;Neng-Huei Lin;Wei-Nai Chen;Steven Soon-Kai Kong,Simulating the PM<sub>2.5</sub> in southern Taiwan under high-pressure return flow during the Kao-Ping Experiment (KPEx),
None,True,Atmospheric Research,该论文的标题和摘要都与大气环境遥感技术相关，特别是空气质量和气象条件对PM2.5的影响，以及治理进展分析。PM2.5是大气污染物的一种，气象条件会影响其监测和治理，而治理进展则涉及环境遥感技术的应用。,"['PM2.5', 'meteorology', 'governance']",Ruihuan Liu;Xiaojuan Xu;Zelin Du;Jun He;Yifan Tao;Rongrong Shen;Yuesi Wang;Dongsheng Ji,Overcoming adverse meteorology: PM<sub>2.5</sub> governance progress during China's 2025 Victory Day,
None,True,Atmospheric Research,该论文研究了城市化对印度海得拉巴城市蔓延地区的降水系统和雨微物理的影响，这直接涉及大气环境中的降水过程和空气质量监测，与大气环境遥感技术（如空气质量监测、卫星观测）密切相关。,"['urbanization', 'precipitating systems', 'rain microphysics']",Basivi Radhakrishna;Thota Narayana Rao;Kadiri Saikranthi;Roshan Kadbhane,"Impact of urbanization on precipitating systems and rain microphysics across the Hyderabad Urban Sprawl, India",
None,False,Atmospheric Research,该论文的主题是低风速条件下的建成区弯曲分析，主要关注的是城市环境中的气流运动，与大气环境遥感技术（如空气质量监测、卫星观测、大气成分分析、气溶胶反演）的直接相关性较弱。,"['meandering analysis', 'low wind conditions', 'built-up environment']",Hanane Bounouas;Eric Dupont;Pierre Roupsard;Yelva Roustan,Meandering analysis under low wind conditions in built-up environment,
None,True,Atmospheric Research,该论文研究的是2025年Senyar风暴和马六甲旋涡对东南亚地区的影响，涉及大气环境灾害，与遥感技术在监测和预测大气现象（如空气质量和天气模式）相关，因此与大气环境遥感技术有强关联。,"['Malacca vortex', 'Southeast Asia', 'atmospheric hazard']",Luojie Dong;Junjun Li;Raju Pathak;Jingyu Wang,2025 Senyar storm: Malacca vortex as an emerging hazard over Southeast Asia,
None,True,Atmospheric Research,该论文研究了青藏高原上水分输送的时空变化及其对降水的影响机制，这与大气环境遥感技术中的大气成分分析和降水监测密切相关。,"['moisture transport', 'Tibetan Plateau', 'precipitation']",Guiping Li;Yanping Li;Zhongbo Yu;Qin Ju;Jing Yang;Zhaofeng Liu;YanYan Kang,Temporal and spatial changes in moisture transport over the Tibetan Plateau and their mechanisms influencing precipitation,
None,True,Atmospheric Research,该研究探讨了西地中海环流细胞对秋季暴雨的放大作用，涉及大气环流和降水现象，与大气环境遥感技术中的大气成分分析和气象观测相关。,"['western Mediterranean', 'recirculation cell', 'autumn torrential rains']",Eduardo A. Agosta;María José Estrela;David Corell;Juan J. Miró,Thermodynamic preconditioning of autumn torrential rains: The amplifying role of the western Mediterranean recirculation cell,
None,False,Atmospheric Research,该论文主要研究南非西开普省的极端降雨及其与阿古拉斯海流和本格拉海流的关系，与大气环境遥感技术（如空气质量监测、卫星观测、大气成分分析、气溶胶反演）无直接关联。,"['extreme rainfall', 'Agulhas current', 'Benguela current']",Chelsey L. Jansen;Babatunde J. Abiodun;Akintunde I. Makinde;Sabina Abba Omar,"Cut-off low–induced extreme rainfall in the Western Cape, South Africa: The roles of the Agulhas and Benguela current systems",
None,True,Atmospheric Research,该论文研究持续浓雾与大气污染之间的相互作用，并基于旋翼无人机实地观测进行分析，这与大气环境遥感技术（如空气质量监测、大气成分分析）密切相关。,"['persistent dense fog', 'atmospheric pollution', 'rotary-wing unmanned aerial vehicles']",Duanyang Liu;Ruolan Liu;Shujie Yuan;Fan Zu;Hong Wu;Aichen Niu;Ruixiang Liu;Huizheng Che;Shuqi Yan;Hongbin Wang;Zhujun Dai,Interaction between persistent dense fog and atmospheric pollution: Based on in-situ observations of rotary-wing unmanned aerial vehicles,
None,True,Atmospheric Research,该论文研究河北地区层云的微物理时空变化，涉及雪fall现象，并通过飞机观测，这与大气环境遥感技术（如云层观测、大气成分分析）密切相关。,"['stratus cloud', 'snowfall', 'aircraft observations']",Jiefeng Li;Chuanfeng Zhao;Qinghong Zhang;Ji Nie;Xiaobo Dong;Rong Mai;Yan Yu;Jing Li;Huiwen Xue;Yikun Yang,"Case-specific spatiotemporal microphysical variability of a stratus cloud with snowfall over Hebei, China from aircraft observations",
None,True,Atmospheric Research,该论文研究的是利用GSMaP和IMERG两种降水监测技术对中国地区进行评估，涉及到了降水监测，这属于大气环境遥感技术的范畴，尤其是卫星观测和大气成分分析方面。,"['GSMaP', 'IMERG', 'precipitation', 'China', 'daily statistics']",Chun Zhou;Haowen Li;Yinan Guo;Lingling Wu;Li Zhou,Evaluating GSMaP and IMERG precipitation over China using daily statistics and event-based diagnostics,
None,True,Atmospheric Research,该论文研究的是祁连山不同海拔高度雨滴大小的分布特征，这与大气环境遥感技术中的大气成分分析密切相关。虽然主要关注雨滴分布，但大气成分和降水过程是大气环境遥感的重要研究领域，因此该论文与大气环境遥感技术有较强的关联性。,"['raindrop size distribution', 'topographic heights', 'atmospheric composition']",Han Luo;Qiang Zhang;Ping Yue;Rong Wang;Songyu Li;Xia Li,A case study on the characteristics of raindrop size distribution at different topographic heights in the Qilian Mountains,
None,False,Atmospheric Research,该论文主要关注热带气旋的大小变化趋势，使用的是综合观测和高分辨率再分析数据集。虽然与大气环境有关，但重点在于气象学而非遥感技术，如空气质量监测、卫星观测或大气成分分析等。,"['tropical cyclone', 'Australia', 'reanalysis datasets']",Sarvesh Kumar;Savin S. Chand;Samuel S. Bell;Hamish A. Ramsay;Valentina Koschatzky;Philip J. Klotzbach;Andrew Dowdy,Assessing trends in tropical cyclone size over Australia using consolidated observations and high-resolution reanalysis datasets,
None,True,Atmospheric Research,该论文研究了青藏高原夏季极端降水的外部强迫和内部变异归因，涉及大气环境的变化和影响，与大气环境遥感技术中的空气质量监测和大气成分分析有较强的关联。,"['extreme precipitation', 'Tibetan Plateau', 'external forcing', 'internal variability']",Guanqi Fu;Anmin Duan;Xu Yuan;Xianyi Yang,Multi-scale attribution of external forcing and internal variability to summer extreme precipitation in Tibetan Plateau,
None,True,Atmospheric Research,该论文研究中国南部沿海山区和城市地区的硝酸盐气溶胶形成机制，并基于同位素观测。这与大气环境遥感技术中的空气质量监测、大气成分分析以及气溶胶反演密切相关，因此具有强相关性。,"['nitrate aerosols', 'isotope observations', 'air quality monitoring']",Mei-Yi Fan;Peiwen Guo;Hai Guo;Yu Wang;Changliu Wu;Yihang Hong;Xiaopu Lyu;Yan-Lin Zhang,Formation mechanisms of nitrate aerosols at coastal mountain and urban sites of southern China based on isotope observations,
None,True,Atmospheric Research,该论文研究的是中国近地表风速在1980年至2024年间的趋势反转，这属于大气环境监测的范畴，与空气质量和气象观测相关，因此与大气环境遥感技术密切相关。,"['near-surface wind speed', 'China', '1980–2024']",Xi Chen;Jiayi Nie;Wentian Qiu;Qinghong Zhao;Hairong Li;Xiuhua Zhou;Chengyang Zhang;Kaiqiang Deng,Divergent trend reversals in near-surface wind speed over China during 1980–2024,
None,False,Atmospheric Research,该论文主要关注ERA5-Land模型在模拟亚热带浅层湖泊热力学方面的表现，与大气环境遥感技术（如空气质量监测、卫星观测、大气成分分析、气溶胶反演等）的直接相关性较弱。研究内容更偏向于陆地生态系统和气候模型，而非大气遥感技术本身。,"['ERA5-Land', 'thermodynamics', 'subtropical shallow lake']",Wei Wang;Zihan Zhu;Mi Zhang;Heng Lyu;Zhiwen Wen;Bo Wang;Qiuxiang Jin;Zhen Zhang;Taikan Oki;Xuhui Lee,Performance evaluation of ERA5-Land in simulating thermodynamics of a subtropical shallow lake against long-term observations,
None,True,Atmospheric Research,该论文研究了北太平洋夏季的内部季节性波对北美气温和热极端事件的影响。这涉及到大气环境的温度变化和气候模式，与大气环境遥感技术（如气温监测和气候分析）密切相关。,"['North Pacific', 'intraseasonal waves', 'air temperatures', 'heat extremes']",Lei Du;Riyu Lu;Shanjun Luo;Chuandong Zhu;Yuhan Yan,Summer North Pacific intraseasonal waves drive North American air temperatures and heat extremes,
None,True,Atmospheric Research,该论文研究了超级台风利家玛快速增强过程中的云-辐射强迫，涉及云和气溶胶的相互作用，与大气环境遥感技术（如卫星观测和大气成分分析）密切相关。,"['cloud-radiation forcing', 'super Typhoon Lekima', 'hydrometeor species']",Lyu Leyang;Xinyan Lyu;Melinda Peng;Xuyang Ge,Distinct cloud-radiation forcing of hydrometeor species during the rapid intensification of super Typhoon Lekima (2019),
None,True,Atmospheric Research,该研究关注沿海地区的雨水中细菌的驱动因素，这涉及到大气环境中的微生物成分和污染问题，与空气质量和大气成分分析有一定关联，属于大气环境遥感技术的应用领域。,"['rainwater bacteria', 'coastal Qingdao', 'Northwest Pacific Ocean']",Xiaoyu Wang;Yuanzhe Ni;Yangfei Ai;Zhongyu Diao;Jianhua Qi,Environmental drivers of rainwater bacteria over coastal Qingdao and the Northwest Pacific Ocean,
None,True,Atmospheric Research,该论文研究西南青藏高原夏季降水年际变化受西风影响的机制，涉及大气环流和降水分布，与大气环境遥感技术中的空气质量和大气成分分析有一定关联，但主要关注气候和气象学方面，而非遥感技术本身。,"['westerlies', 'summer precipitation', 'Tibetan Plateau']",Xin Mao;Xingwen Jiang;Huimei Wang;Jiaxin Ye;Yiwei Zhang;Chao Chen,Impacts of westerlies on interannual variability of summer precipitation over the southwestern Tibetan Plateau,
None,True,Atmospheric Research,该论文研究的是在复杂地形上使用WRF模型改进湍流地形摩擦力的表示，并考虑了稳定性的依赖关系。这与大气环境遥感技术相关，因为WRF模型常用于模拟大气过程，包括空气质量监测和大气成分分析，而地形摩擦力是影响这些过程的重要因素之一。,"['WRF model', 'turbulent orographic form drag', 'atmospheric stability']",Yulong Ma;Xingwen Jiang;Lin Mu;Qilin Wan;Zhiwei Heng,Improving the representation of turbulent orographic form drag with stability dependence in the WRF model over complex terrain,
None,True,Atmospheric Research,该论文研究了平流层臭氧侵入对中国东部近地表臭氧的影响，使用了高分辨率的CESM-MUSICA模拟分析，这属于大气环境遥感技术的研究范畴，特别是大气成分分析和空气质量监测领域。,"['stratospheric ozone', 'near-surface ozone', 'CESM-MUSICA', 'Typhoon Lekima', 'atmospheric composition']",Yichao Zhou;Xuewei Hou;Man Yue;Chenchao Zhan,Impact of stratospheric ozone intrusion on near-surface ozone in eastern China under Typhoon Lekima: A high-resolution CESM-MUSICA simulation analysis,
None,False,Atmospheric Research,Error in JSON parsing,[],Yujie Jiang;Xiefei Zhi;Yongqing Bai;Ling Zhang;Yi Fan;Shoupeng Zhu;Tianliang Zhao,East Asian jet stream modulates interdecadal aerosol variability over Central China via enhanced regional transport,
None,True,Atmospheric Research,该论文研究了中国东北冷涡下不同强对流事件的积云特征，使用了FY-4卫星观测数据。这与大气环境遥感技术相关，特别是卫星观测和大气成分分析，因为FY-4是中国的高分辨率气象卫星，用于监测大气现象。,"['convective clouds', 'FY-4', 'severe convective events', 'atmospheric observations']",Yang Gao;Xiaoyong Zhuge;Xi Wang;Xiaowen Zhang,Characteristics of convective clouds associated with different severe convective events under Northeast China Cold Vortex revealed by FY-4 observations,
None,True,Atmospheric Research,该论文的主题是分析印度（特别是东北部地区）的表面相对湿度，这属于大气环境监测的范畴。虽然标题和摘要中没有明确提到遥感技术，但相对湿度的监测和分析通常依赖于卫星观测和地面站数据，因此与大气环境遥感技术有较强的相关性。,"['relative humidity', 'India', 'North Eastern Region']",Rohit Gautam,"Analysis of surface relative humidity over India with special emphasis on the North Eastern Region: Data validation, trends and attribution",
None,True,Atmospheric Research,该论文研究大气河流如何调节季风亚洲的降水和气象现象，涉及大气科学和环境监测，与大气环境遥感技术（如卫星观测和降水分析）密切相关。,"['atmospheric rivers', 'hydrometeor climatology', 'Monsoon Asia']",Mingzhu Li;Ju Liang,How atmospheric rivers modulate hydrometeor climatology over Monsoon Asia,
None,True,Atmospheric Research,该论文与大气环境遥感技术密切相关，因为它研究了泰国的地表层湍流中的惯性行为临界粒径阈值，这对PM2.5和粗颗粒空气质量建模有重要意义，而空气质量的监测和分析是大气环境遥感技术的重要应用领域之一。,"['PM2.5', 'air-quality', 'turbulence', 'particle-size']",Chalermpol Wangsomcholk,Critical particle-size threshold for inertial behaviour in Thai surface-layer turbulence: Implications for PM<sub>2.5</sub> and coarse-particle air-quality modelling,
None,True,Atmospheric Research,该论文研究了台风Hinnamnor (2022)的快速路径和强度变化，涉及大气环境中的台风动力学，这与大气环境遥感技术中的气象观测和大气成分分析密切相关。,"['typhoon', 'atmospheric', 'track changes']",Pin-Hong Chen;Ching-Yuang Huang,Can a cutoff low cause rapid track and intensity changes of typhoon hinnamnor (2022)?,
None,True,Atmospheric Research,该论文研究了热带气旋对长江中下游夏季复合高温干旱事件的影响，这与大气环境遥感技术中的空气质量和气候监测相关，因为热带气旋和高温干旱事件都是大气环境变化的重要现象，可以通过遥感技术进行监测和分析。,"['tropical cyclones', 'compound hot and dry events', 'Yangtze River']",Jianqian Li;Chao Wang;Yuqin Wu;Liguang Wu;Haikun Zhao;Jian Cao,Track-dependent impacts of tropical cyclones on summer compound hot and dry events over the middle and lower reaches of the Yangtze River,
None,True,Atmospheric Research,该论文研究了六盘山山顶的气溶胶数量大小分布和谱拟合，这与大气环境遥感技术密切相关，特别是关于空气质量和大气成分分析。,"['aerosol', 'size distribution', 'Mount Liupan']",Hejue Zhao;Zhuolin Chang;Jianren Sang;Liren Xu;Zezhong Sun;Run Luo;Le Jia;Ning Cao;Haoran Zhu;Yanbo Dai;Longyan Li;Jun Zhang;Wei Deng;Tianxue Wen;Kai Bi;Jiming Sun,Characteristics of aerosol number size distribution and spectrum fitting at the summit of Mount Liupan,
None,True,Atmospheric Research,该论文研究了北极平流层臭氧变化对北大西洋海表温度偶极子和欧亚气候遥相关的影响。平流层臭氧是大气环境的重要组成部分，其变化与大气成分分析、空气质量监测等密切相关，因此与大气环境遥感技术（如卫星观测、大气成分分析）密切相关。,"['Arctic stratospheric ozone', 'North Atlantic SST', 'Eurasian climate', 'teleconnections']",Dingzhu Hu;Cuiting Zhao;Huimin Zhang,Arctic stratospheric ozone variability drives North Atlantic SST dipole and Eurasian climate teleconnections,
None,True,Atmospheric Research,该论文研究的是GPM IMERG卫星数据在西班牙东部地区的亚日降水极端值的性能极限，涉及卫星观测和降水分析，与大气环境遥感技术（特别是卫星观测）密切相关。,"['GPM IMERG', 'sub-daily precipitation', 'satellite observations']",Marc Semper;Manuel Curado;Jose F. Vicent;Leandro Tortosa,"Performance limits of GPM IMERG for sub-daily precipitation extremes over the Comunitat Valenciana, eastern Spain: Representativeness, attenuation, and pixel-scale displacement",
None,True,Atmospheric Research,该论文研究的是比利牛斯山脉冬季暖 spell 的天气学驱动因素和积雪融化影响，涉及大气环境变化，与空气质量监测、大气成分分析等遥感技术相关。,"['air quality monitoring', 'atmospheric composition analysis', 'snowmelt impacts']",Josep Bonsoms;Roberto Serrano-Notivoli,Winter warm spells in the pyrenees: synoptic drivers and snowmelt impacts (1960–2024),
None,True,Atmospheric Research,该论文的研究主题明确与大气环境遥感技术相关，因为标题和摘要中提到了“卫星”（satellite）和“NO2”（二氧化氮），这是大气成分分析中的一个重要污染物。此外，“排放足迹”（emission footprints）和“气象动力学”（meteorological dynamics）的研究也与空气质量和大气成分分析密切相关，这些都属于大气环境遥感技术的范畴。,"['satellite', 'NO2', 'emission footprints', 'atmospheric dynamics']",Mingbin Guo;Jianzhou Gong;Yuangong Chen;Yuqing Jian;Weifeng Xiao;Shikuan Wang,A satellite-constrained two-stage spatiotemporal framework for disentangling meteorological dynamics and emission footprints of ground-level NO<sub>2</sub>,
None,True,Atmospheric Research,该论文的标题和摘要明确涉及热带气旋中的非对称降雨估计，这属于大气环境遥感技术中的气象观测和数据分析领域。具体而言，TCRM（Tropical Cyclone Rainfall Measurement）是一种用于测量热带气旋降雨的技术，这与大气成分分析、卫星观测等遥感技术密切相关。因此，该论文与大气环境遥感技术具有强相关性。,"['asymmetric rainfall', 'tropical cyclones', 'TCRM']",Bingyao Guo;Qingqing Li;Qi Gao;Changyu Zhao;Ruyan Chen,Improving asymmetric rainfall estimation in tropical cyclones: A revised TCRM,
None,True,Atmospheric Research,该论文使用U-Net技术对网格化夏季降水量预报进行空间协同校正，涉及大气环境监测中的降水预测和数据处理技术，与遥感技术中的大气成分分析和空气质量监测相关。,"['U-Net', 'spatial synergistic correction', 'gridded precipitation forecasts']",Guangxin He;Wei Wu;Zhigang Zhang;Zhanshan Ma;Juanzhen Sun;Haonan Chen;Jingjia Luo,U-Net-based spatial synergistic correction of gridded summer precipitation forecasts for CMA-MESO in Central China,
None,True,Atmospheric Research,该论文研究中国东北冷涡的结构和能量转换，并探讨了干入侵对不同类型暴雨分布的影响。虽然主要关注气象现象，但其涉及大气成分（如水汽和温度变化）以及能量转换过程，与大气环境遥感技术（如卫星观测和空气质量监测）有间接关联，因为遥感技术常用于分析这些气象现象及其对大气环境的影响。,"['cold vortices', 'heavy rainfall', 'dry intrusion']",Yining Shen;Lijuan Wang;Zhaoyong Guan;Weijie Zeng;Xiaowen Zhao,Structure and energy conversion of Northeast China cold vortices with different distribution types of heavy rainfall influenced by dry intrusion,
None,True,Atmospheric Research,该论文研究了地表放射性对大气电性的影响，特别是在稳定边界层条件下的影响。虽然主要关注大气电性，但大气电性与大气成分（如污染物）密切相关，且稳定边界层条件对空气质量监测和大气成分分析有重要影响，因此与大气环境遥感技术（如空气质量和大气成分监测）有一定关联。,"['atmospheric electricity', 'stable boundary layer', 'radioactivity']",K.A. Nicoll;O. O'Neill;C. Miller;J. Paatero;T. Ulich,Surface radioactivity influences on atmospheric electricity during stable boundary layer conditions,
None,True,Atmospheric Research,该论文研究使用ICON中尺度集合预报对流风暴，涉及大气现象的监测和预报，与大气环境遥感技术中的空气质量和风暴监测相关。,"['convective storm', 'ICON', 'hectometric-scale ensembles']",Matteo Siena;Thomas Gastaldo;Chiara Marsigli;Paolo Ruggieri;Silvana Di Sabatino,Improving forecast skill of a convective storm using ICON hectometric-scale ensembles,
None,True,Atmospheric Research,该论文使用卫星技术评估伊朗东部的沙尘暴，并关注其跨边界影响，这与大气环境遥感技术（如空气质量监测、卫星观测、大气成分分析、气溶胶反演）密切相关。,"['satellite-based', 'dust storms', 'Eastern Iran', 'transboundary impacts']",Ali Darvishi Boloorani;Masoud Soleimani;Nastaran Nasiri;Fatemeh Amiri;Najmeh Neysani Samany;Ali Al-Hemoud;Iraj Gholami;Kan Huang,Satellite-based assessment of dust storms originating from Eastern Iran with measurable transboundary impacts,
None,True,Atmospheric Research,该研究关注土壤湿度对北中国在夏季的次季节性降水预报的影响，使用了CWRF模型进行研究。虽然主要关注降水预报和模型，但其涉及大气环境和季节性变化，与大气环境遥感技术（如大气成分分析和降水监测）有一定关联，因此可以认为与该领域密切相关。,"['subseasonal precipitation forecasts', 'CWRF model', 'North China']",Chenyi Zhang;Minghao Wang;Yong Luo;Qingquan Li;Lili Dong;Kailu Yu,Effects of soil moisture on subseasonal precipitation forecasts in North China during summer: A study using CWRF model,
None,True,Atmospheric Research,该论文研究了中国不同行业的氮沉降效率如何影响长期大气氮沉降变化，涉及大气成分分析和空气质量监测，因此与大气环境遥感技术密切相关。,"['atmospheric nitrogen deposition', 'sector-specific deposition efficiency', 'China']",Shangyi Wang;Yiheng Wang;Guochao Chen;Yuhao Wang;Zimeng Wang;Chenliang Tao;Hongliang Zhang,Sector-specific deposition efficiency shapes long-term changes in atmospheric nitrogen deposition in China,
None,True,Atmospheric Research,该论文研究了广州地区闪电发生区域的垂直反射率核心特征，涉及大气物理现象的观测和分析，与大气环境遥感技术（如闪电监测、大气成分分析）相关。,"['vertical reflectivity cores', 'lightning initiation regions', 'Guangzhou']",Fei Wang;Wen Yao;Yang Zhang;Dong Zheng,"Characteristics of vertical reflectivity cores at lightning initiation regions over Guangzhou, China",
None,True,Atmospheric Research,该论文的标题和摘要明确涉及大气降水测量、估算和建模，这些内容与大气环境遥感技术密切相关，例如通过遥感手段监测降水成分或大气中的水汽分布，这些都属于大气环境遥感技术的范畴。,"['precipitation', 'measurement', 'estimation', 'modeling']",Francisco J. Tapiador;Gabriela Juárez;Kyo-Sun Lim;Sohaib Fakar;Kyuhee Shin;Andrés Navarro;Sun-Young Park;Andrés Merino;Anahí Villalba-Pradas;Livia J. Leganés;Raúl Martín;José Luis Sánchez;Eduardo Garcia-Ortega;GyuWon Lee,"Precipitation science: State-of-the-Art in measurement, estimation, and modeling",
None,True,Atmospheric Research,该论文的标题和摘要明确涉及云种子和气溶胶-云相互作用，这与大气环境遥感技术中的空气质量监测、卫星观测和大气成分分析密切相关。气溶胶和云的相互作用是大气环境研究的重要领域，遥感技术在其中扮演关键角色。,"['cloud seeding', 'aerosol–cloud interactions', 'environmental impacts']",Sanhita Shende;Swapnaja Gajbhiye;Nandu B. Chaure,Cloud seeding and aerosol–cloud interactions: Environmental impacts and future perspectives,
10.1126/sciadv.aeg3577,True,Science Advances,该研究涉及青藏高原的早期冬季加热对加州极端降水的影响，探讨了大气环流和遥相关模式，这与大气环境遥感技术（如大气成分分析、遥相关模式研究）密切相关。,"['Tibetan Plateau', 'early-winter heating', 'atmospheric rivers', 'Rossby wave breaking', 'hydroclimate events']",Yongkang Xue;Qian Li;William K.-M. Lau;J. David Neelin;Xubin Zeng;Yang Zhang;Shuting Li;Xianghui Kong;Bin Guan;Aaron Boone;Zhijiong Cao;Aihui Wang;Yan Pan;Qi Tang;Hara Prasad Nayak,Extraordinary Tibetan Plateau early-winter heating drove record-breaking winter precipitation in California and adjacent regions,"California and adjacent regions received record-breaking precipitation in the winters of 2016–2017 and 2022–2023, causing extraordinary damage and severe societal impacts. However, subseasonal to seasonal predictive skill for Californian winter precipitation has remained persistently low. Furthermore, these extreme hydroclimate events occurred during La Niña conditions, which are traditionally associated with dry conditions in California. A fundamental lack of predictability has been suggested. This study shows that anomalous early-winter heating over the Tibetan Plateau (TP) played a key role in driving the extreme precipitation based on observational analyses and Earth system model experiments. In the control simulation, the model failed to reproduce the observed very warm 2-m air temperature anomaly over the TP and the extreme precipitation over California. After improving the temperature initialization with a mask over the TP, the model reproduced most of the observed TP 2-m temperature anomaly and successfully generated about 56% (January 2017) and 38% (March 2023) of the observed extreme precipitation anomalies over California and adjacent regions. The TP heating modulated a Tibetan Plateau–Rocky Mountain wave train, which in turn affected atmospheric rivers and triggered Rossby wave breaking over the northeastern Pacific and the western coast of North America. Both processes are well known as major contributors to extreme precipitation in the western United States. These results suggest that the two catastrophic winter precipitation events were predictable from remote land-surface thermal conditions and identify high-elevation terrestrial temperature anomalies as a previously unidentified source of subseasonal to seasonal predictability for winter extreme hydroclimate events."
10.1126/sciadv.adz6815,False,Science Advances,该论文主要研究的是利用靶向胶原蛋白的蛋白质MRI造影剂来早期检测肺癌和转移，与大气环境遥感技术（如空气质量监测、卫星观测、大气成分分析、气溶胶反演等）无关。,"['MRI contrast agent', 'collagen targeting', 'lung cancer']",Dongjun Li;Oluwabukola Bamishaye;Sandi Li;Jingjuan Qiao;Francis Akinlotan;Farzaneh Dorabadizare;Xuxin Chen;Yijan Fan;Yi Yuan;Zongxiang Gui;Khan Hekmatyar;Éva Tóth;Agnès Pallier;Yiting Xu;Yusheng Zhang;Xiaofeng Ke;Alton B. Farris;Hua Yang;Jian-Xiong Wang;Jennifer Carlisle;Suresh S. Ramalingam;Michael Kirberger;Hans Grossniklaus;Xiaofeng Yang;Zhiren Liu;Wei Zhou;Jenny J. Yang,Early detection of invasive lung cancer and multiorgan metastasis by a collagen-targeted protein MRI contrast agent,"Lung cancer with multiorgan metastasis remains the leading cause of cancer death. Current CT imaging and biopsy are suboptimal for detecting early tumors or subclinical metastases. We address this gap using LUAD with LKB1/STK11 inactivation, which alters collagen via focal adhesion kinase activation. Collagen I overexpression in the tumor microenvironment and invasive edge was identified as a biomarker. We developed hProCA32.Collagen, a protein MRI contrast agent targeting collagen I, which exhibits 10-fold higher relaxivity than clinical GBCAs, with strong Gd3+binding, high stability, and low toxicity risk. Precision MRI with hProCA32.Collagen enables early, noninvasive detection and quantification of lung tumors and metastases with improved contrast, outperforming CT and standard MRI. This is a demonstration of simultaneous MRI detection of primary tumors and metastases in the lung and adrenal glands, with collagen mapping. This approach offers a radiation-free tool for early diagnosis, staging, and monitoring in LUAD."
10.1126/sciadv.aea4216,False,Science Advances,该论文主要关注计算语言处理和算法发现，涉及蒙特卡洛树搜索和强化学习等技术，但未提及与大气环境遥感技术直接相关的具体内容，如空气质量监测、卫星观测或大气成分分析等。,"['computational language processing', 'algorithm discovery', 'Monte Carlo tree search']",Théo Bourdais;Abeynaya Gnanasekaran;Houman Owhadi;Tuhin Sahai,Discovering algorithms with computational language processing,"We present a framework automating algorithm discovery by bootstrapping their natural conceptualization as sequences of operations, represented as tokens. These computational tokens are chained using a grammar, enabling the formation of increasingly sophisticated procedures. Our ensemble Monte Carlo tree search guided by reinforcement learning explores token chaining and drives the creation of new tokens via byte-pair encoding. This methodology rediscovers, improves, and generates new algorithms that substantially outperform existing methods for strongly nondeterministic polynomial-time–hard combinatorial optimization problems and foundational quantum computing approaches such as Grover’s and the quantum approximate optimization algorithm. Operating at the computational rather than code-generation level, our framework produces algorithms that can be tailored specifically to problem instances, not merely classes."
10.1126/sciadv.aeb1237,False,Science Advances,该论文主要关注的是利用磁驱动纳米天线进行无线脑胶质瘤治疗的生物医学技术，与大气环境遥感技术（如空气质量监测、卫星观测、大气成分分析、气溶胶反演等）无关。,"['nanoantennas', 'magnetic fields', 'glioblastoma therapy']",Monochura Saha;Ishaq N. Khan;Baju Joy;Shun-Ying Chen;Hao-Tung Yang;Preet Patel;Kyuho Jang;Pengrui Zhang;Faheem Azeemi;Deblina Sarkar,Magnetically actuated nanoantennas for wireless glioblastoma therapy,"Glioblastoma (GBM) remains a formidable clinical challenge, characterized by invasive growth, therapeutic resistance, and dismal patient survival. We report the development of HITMAN (highly localized electric field–induced tumor therapy using magnetically actuated nanoantennas), a wireless bioelectric therapy that selectively eradicates GBM cells with cellular precision. Magnetically actuated nanoantennas convert low-frequency (≤200 kHz), deep-brain–penetrant magnetic fields into localized electric fields, thereby triggering protein unfolding, membrane disruption, and ER stress. In vitro, HITMAN demonstrated superior efficacy compared to temozolomide (TMZ), significantly decreasing viability in drug-resistant, patient-derived GBM cells by 52.2%, versus 10% with TMZ while sparing neurons and astrocytes. Mechanistically, HITMAN activated the unfolded protein response and autophagy pathways, suppressed cell cycle and adhesion genes, reduced Ki-67 expression, disrupted cytoskeletal architecture, and elevated p53 levels, underscoring a multifaceted antitumor mechanism. In orthotopic mouse models, HITMAN significantly inhibited tumor growth, extended median survival by more than 50%, and exhibited no systemic toxicity. Thus, HITMAN offers a minimally invasive, spatially precise, and clinically translatable therapy for GBM."
10.1126/sciadv.aeb7225,False,Science Advances,该论文研究的是肝内胆管癌的免疫微环境，与大气环境遥感技术（如空气质量监测、卫星观测、大气成分分析、气溶胶反演）无关。,[],Liaoliao Gao;Jie Mei;Libing Hong;Yuzhi Jin;Jinlin Cheng;Xuqi Sun;Chuan Liu;Bin Li;Xiaomeng Dai;Bo Lin;Yajie Sun;Peng Zhao;Minshan Chen;Rongping Guo;Shan Xin;Jingping Yun;Inmaculada Martínez-Reyes;Wei Wei;Weijia Fang;Xuanwen Bao,Spatiotemporal mapping of tertiary lymphoid structure heterogeneity shapes immune niches and clinical outcomes in intrahepatic cholangiocarcinoma,"Intrahepatic cholangiocarcinoma (iCCA) is a highly lethal malignancy with limited therapeutic options. The spatial architecture and functional diversity of tertiary lymphoid structures (TLSs) in iCCA remain unclear. Here, we present a multimodal spatial atlas of TLSs and identified intratumoral TLSs (iTLSs) as independent prognostic markers. Bulk proteomic profiling of 214 discovery and 155 validation cases identified a four-tier TLS-based tumor microenvironment classification system and supported development of a TLS-predictive random forest classifier. Imaging mass cytometry revealed that iTLS+tumors harbor structured immune architectures, where M1-like tissue-resident macrophages (RTMs), dendritic cells, and CXCL13+CD4+T cells colocalize to form antigen-presenting neighborhoods (apc-CNs) spatially coupled to TLS core regions (TLScore-CNs). Single-cell spatial transcriptomics further resolved 61 TLSs into 14 spatial niches and defined a pseudotemporal maturation continuum: aggregated, activated, and postactivated. Intraniche communication, primarily mediated by ifnCAFs, iCAFs, and CXCL12+macrophages, evolved dynamically with maturation. Single-nucleus RNA sequencing combined with Tangram-based spatial mapping revealed CXCL12+macrophages and iCAFs forming a peripheral band in aggregated TLSs, whereas ifnCAFs infiltrated TLS interiors during activation. These findings define TLS heterogeneity and provide insights for stroma-directed immunotherapy."
10.1126/sciadv.aec5094,False,Science Advances,该论文主要研究代谢功能障碍相关性脂肪性肝病（MASLD）中肝细胞癌（HCC）的发病机制，涉及m6A甲基化、RNA稳定性和NRF2信号通路等生物学过程，与大气环境遥感技术（如空气质量监测、卫星观测、大气成分分析、气溶胶反演等）无关。,[],Geun-Woo D. Kim;Dahee Choi;Soo-Young Kim;Haengdueng Jeong;Geon Kang;So Jung Eom;Sangkyeong Eom;Jinyoung Park;Hye-Sook Lee;Insook Yang;Je Kyung Sung;Ki Taek Nam;Young Nyun Park;Sung Wook Chi;Seung-Hoi Koo,Dysregulated m6A via compensatory arginine methylation primes premalignancy in metabolic dysfunction–associated steatotic liver disease,"Hepatocellular carcinoma (HCC) originates from premalignant disease-associated hepatocytes (daHeps) that emerge during the progression of metabolic dysfunction–associated steatotic liver disease (MASLD) to metabolic dysfunction–associated steatohepatitis (MASH). As daHeps are compensatorily primed by metabolic stress, we reproduced the accelerated progression of MASLD-associated HCC in mice by phenocopying the decreased expression of a metabolic regulator, protein arginine methyltransferase 1 (PRMT1). InPrmt1liver-specific knockout (LKO), m6A-mediated changes in mRNA stability reprogram the transcriptome via paralog compensation; increased PRMT6 activates m6A methyltransferases by inducing asymmetric arginine dimethylation of METTL3. This event enhances global m6A deposition that leads to the down-regulation ofKeap1, which would trigger the NRF2 axis, promoting premalignancy; under diet- and chemical-induced stress, the incidence of steatohepatitic HCC was increased, clinically correlating with the PRMT-METTL3-NRF2 pathway. Together, we propose that compensatory arginine methylation primes MASLD-associated HCC by modulating m6A-mediated transcriptome and NRF2 regulatory pathways as adaptive defenses against metabolic and oxidative stress."
10.1126/sciadv.aec5436,False,Science Advances,该论文研究的是BCL11B基因在乳腺癌中对化疗耐药性的影响，属于生物医学领域的细胞生物学和肿瘤学研究，与大气环境遥感技术（如空气质量监测、卫星观测、大气成分分析、气溶胶反演等）没有直接关联。,[],Zhen Qi;Gunsagar S. Gulati;Rachel Gleyzer;Angera H. Kuo;Shaheen S. Sikandar;Huiru Bai;William Hai Dang Ho;Dalong Qian;Frederick M. Dirbas;Aaron M. Newman;Shang Cai;Michael F. Clarke,BCL11B predetermines a persister state in breast cancer that is reversed by TNFα,"The frequent development of chemoresistance in cancer presents a major clinical challenge, yet the underlying causes of heterogeneous drug responses remain largely elusive. Here, we systematically assessed the cellular differentiation status of human breast cancer cells using single-cell atlases and identified a distinct population of immature basal-like cancer cells marked byBCL11B. Notably, higher levels ofBCL11B+cancer cells are significantly associated with early relapse in patients with breast cancer who received chemotherapy. Functioning as a central regulator, B-cell lymphoma/leukemia 11B (BCL11B) delineates an immature cell state that preferentially transitions to a drug-resistant persister state during treatment through multiple preexisting and adaptive drug resistance programs. The cytokine tumor necrosis factor–α (TNFα) is revealed as a natural inhibitor of BCL11B and can directly reverse the emergence of chemoresistant persister cells. Therefore, we identify BCL11B as an unappreciated predeterminant of drug response and a therapeutic target for a subset of patients with breast cancer at high risk of developing chemoresistance."
10.1126/sciadv.aed0587,False,Science Advances,该论文研究的是肿瘤细胞在微观环境中的侵袭行为，与大气环境遥感技术（如空气质量监测、卫星观测、大气成分分析、气溶胶反演）没有直接关联。,[],Zuzana Dunajová;Saren Tasciyan;Juraj Májek;Jack Merrin;Robert P. Jenkins;Erik Sahai;Michael Sixt;Edouard Hannezo,Substrate heterogeneity promotes cancer cell dissemination through interface roughening,"Although studies of tumor invasion have mainly emphasized the evolution of genetic and epigenetic heterogeneity, cellular behaviors also depend on the physical microenvironment. Yet, the tumor microenvironment is both complex and continuously remodeled, making it hard to rigorously test its causal influence on tumor dissemination. Here, we adopted a reductionist approach to studying tumor cell invasion in microengineered environments of tunable patterned geometries. We find that not only the presence of obstacles but more unexpectedly their spatial disorder causes a drastic shift from a collective to a single-cell mode of invasion—comparable in strength to loss of cell-cell adhesion. Combining live-imaging and perturbation experiments with minimal biophysical modeling, we demonstrate that cell dissemination results both from local geometrical constraints and a global integration of spatial disorder over time. We identify generic universality classes of invasion dynamics dependent on environmental geometry, enabling us to identify quantitative physical principles for tumor dissemination."
10.1126/sciadv.aed1906,False,Science Advances,该论文研究的是蟋蟀和寄生性飞虫之间的物种相互作用及其基因组适应性，与大气环境遥感技术（如空气质量监测、卫星观测、大气成分分析、气溶胶反演）无关。,[],Jack G. Rayner;Leeban H. Yusuf;Renjie Zhang;Shangzhe Zhang;Oscar E. Gaggiotti;Nathan W. Bailey,Genomic signatures of adaptation across a landscape of crickets following the introduction of a parasitoid fly,"Novel species interactions provide an opportunity to assess the earliest stages of genetic adaptation. We combined population genomics and field selection surveys to explore the genomic and geographic landscape of adaptation in small, fragmented Hawaiian cricket populations, which are parasitized by larvae of an introduced fly that targets singing males. Multiple protective male-silencing cricket morphs have recently spread under this novel selection pressure, despite song’s important roles in mate attraction. We find evidence of sharp declines in cricket effective population sizes following the fly’s introduction and identify regions under spatially varying selection mediated by infestation risk, which are linked to an adaptive morph and other genes implicating in resisting infestation. Despite repeated bottlenecks, genetic variation is dominated by structural variant polymorphisms seemingly maintained under balancing selection. Our study illustrates pervasive consequences of abrupt changes in selection on small populations. Fly-mediated selection remains strong despite the spread of adaptive male-silencing phenotypes, which also reduce male fitness in the context of mate attraction."
10.1126/sciadv.aed3414,False,Science Advances,该论文主要关注单细胞扰动响应预测模型的比较，涉及基因调控和免疫细胞药物响应等领域，与大气环境遥感技术（如空气质量监测、卫星观测、大气成分分析、气溶胶反演）没有直接关联。,[],Lanxiang Li;Yue You;Yunlin Fu;Wenyu Liao;Xueying Fan;Shihong Lu;Ye Cao;Bo Li;Wenle Ren;Jiaming Kong;Shuangjia Zheng;Jizheng Chen;Xiaodong Liu;Luyi Tian,A systematic comparison of single-cell perturbation response prediction models,"Predicting single-cell transcriptional responses to perturbations is central to dissecting gene regulation and accelerating therapeutic design, yet the field lacks a rigorous, task-spanning assessment of model behavior. We present a large-scale benchmark of 13 representative methods and baselines across 25 datasets spanning diverse perturbation modalities and species, including two primary immune-cell drug-response resources. We evaluated three core tasks—generalization to unseen single-gene perturbations, prediction of combinatorial interactions, and transfer across cell types—using 24 metrics covering expression-level accuracy, relative changes, differential expression (DE) recovery, and distributional similarity. Across tasks, performance depended strongly on perturbation effect size and evaluation perspective: Expression-level agreement was the highest for small-effect perturbations resembling controls, whereas delta- and DE-based metrics improved with larger effects, providing clearer signals. Models shared a conservative bias, with fine-tuned foundation models compressing variance and underestimating synergistic effects in combinations. PerturbNet showed superior recovery of DE signatures in Tasks 1 and 2, while no method consistently generalized across cell types in Task 3, where biological consistency dominated outcomes. This benchmark establishes current methodological limits, clarifies that different metrics probe distinct biological signals rather than redundant summaries of the same prediction problem, and provides a foundation for developing virtual-cell models that more faithfully capture heterogeneous perturbation responses."
10.1126/sciadv.aed3764,False,Science Advances,该论文研究的是一种金属光催化技术在生物化学合成中的应用，具体涉及糖基化反应，与大气环境遥感技术（如空气质量监测、卫星观测等）没有直接关系。,"['metallaphotocatalysis', 'thioglycosylation', 'bioconjugation']",Huiying Chen;Xu Yang;Qiushuang Song;Wei Zhao;Mingxiang Zhu;Fang Zhang,Heterogeneous energy-transfer metallaphotocatalysis unlocks direct and site-selective thioglycosylation of unprotected thiosugars,"The creation of glycoconjugates, particularly well-defined glycopeptides, is crucial for advancing biological research and therapeutic development. However, the direct and selective coupling of unprotected thioglycosides to native biomolecules remains a formidable challenge due to the incompatibility of conventional synthetic methods with the delicate and complex functional groups present in these molecules. Here, we report a heterogeneous metallaphotocatalytic strategy that addresses this limitation through an energy-transfer mechanism. By embedding nickel catalytic centers within a photoactive covalent organic framework, we create a system that directly excites transient thiosugar-nickel complexes, thereby bypassing the high activation barriers inherent to conventional redox pathways. This approach enables site-selective and stereocontrolled thioglycosylation under mild, operationally simple conditions, featuring a high turnover frequency (114 per hour) and exceptional catalyst recyclability. The broad scope of the method is demonstrated through the glycosylation of diverse substrates, including amino acids and bioactive peptides, without the need for protecting groups. Notably, this method enables the first heterogeneous photocatalytic glycosylation of an antimicrobial peptide mastoparan, enhancing its antitumor activity. This work provides a versatile and sustainable tool for precision bioconjugation, offering immediate potential in drug discovery and chemical biology."
10.1126/sciadv.aed4161,False,Science Advances,该论文研究的是过氧化物酶体1（PRDX1）如何保护核仁基因组免受氧化损伤，涉及的是生物学和遗传学领域，与大气环境遥感技术（如空气质量监测、卫星观测、大气成分分析、气溶胶检索）没有直接关系。,"['reactive oxygen species', 'nucleolar genome', 'oxidative stress']",Vaibhavi Gujar;Takashi Furusawa;Shalu Sharma;Frimpong Boateng;Haojian Li;Cyrinne Achour;Daiki Taniyama;Michael Kruhlak;Yves Pommier;Shalini Oberdoerffer;Travis H. Stracker;Urbain Weyemi,Peroxiredoxin 1 safeguards the nucleolar genome from oxidative damage,"Peroxiredoxin 1 (PRDX1) is a highly conserved, thiol-dependent peroxidase that rapidly scavenges reactive oxygen species to modulate redox signaling. PRDX1-null mice exhibited genomic instability, shortened life span, and accelerated tumorigenesis, including development of lymphomas, sarcomas, and carcinomas. Despite extensive characterization of these phenotypes, the molecular mechanism by which PRDX1 loss causes genomic instability remains poorly understood. Here, we show that PRDX1 deficiency alters nucleolar morphology, impairs RNA polymerase I (POL-I)–dependent transcription of pre–ribosomal RNAs, and triggers nucleolar genomic instability. This oxidative stress–induced nucleolar dysfunction promotes the stability of secondary DNA structures, such as RNA-DNA hybrids and G-quadruplex DNA, contributing to nucleolar genomic instability. We demonstrate that PRDX1 loss reduces nascent ribosomal RNA (rRNA) levels and impairs rRNA processing, further affecting ribosome biogenesis. Mechanistically, we established that PRDX1 loss triggers activation of the nucleolar DNA damage response characterized by activation of the DNA repair kinase ATM and elevated TCOF1 within the nucleolus. In addition, we observed recruitment of the MRE11-RAD50-NBS1 (MRN) complex subunit NBS1 to ribosomal DNA (rDNA) loci and this was further increased under oxidative stress. NBS1 accumulation correlates with the repression of rDNA transcription by POL-I, potentially delaying rRNA synthesis, and safeguarding the nucleolar genome from further oxidative damage. Collectively, these findings uncover a previously unrecognized, but critical role, for PRDX1 in maintaining nucleolar integrity and ribosomal biogenesis through redox-dependent regulation of rDNA transcription and processing machinery."
10.1126/sciadv.aed7176,False,Science Advances,该论文研究的是手性金属卤化物半导体的手性诱导磁阻现象，主要涉及电子自旋性质和界面隧道调制，与大气环境遥感技术（如空气质量监测、卫星观测、大气成分分析、气溶胶反演等）无直接关联。,"['semiconductors', 'chirality', 'magnetoresistance']",Md Azimul Haque;Pius M. Theiler;Ian A. Leahy;Steven P. Harvey;Jeiwan Tan;Matthew P. Hautzinger;Margherita Taddei;Aeron McConnell;Andrew Grieder;Andrew H. Comstock;Yifan Dong;Kirstin Alberi;Yuan Ping;Peter C. Sercel;Joseph M. Luther;Dali Sun;Matthew C. Beard,Chirality-induced magnetoresistance in hybrid organic-inorganic perovskite semiconductors,"The combination of semiconducting properties and synthetically tunable chirality in chiral metal halide semiconductors (CMHSs) offers a compelling platform for room temperature control of electronic spin properties, leveraging effects such as chirality-induced spin selectivity (CISS). We report CISS-induced magnetoresistance (CISS-MR) exceeding 100% for spin valves operating at room temperature. The high CISS-MR is attributed to an interfacial tunneling barrier, modulated by chirality and spin, producing current dissymmetry factors (gc) that surpass the limit imposed by the Julliere model, which is governed by the intrinsic spin polarization of the adjacent ferromagnetic (FM) contact. The CISS-MR exhibits a dependence on the CMHS composition, revealing structure-property relationships between CISS and structural chirality. The observed exceptionally large tunneling MR response differs from a subtle anisotropic MR arising from the proximity effect at the FM/CMHS interface in the absence of a tunneling barrier. Our study provides insights into charge-to-spin interconversion in chiral semiconductors, offering design principles to control and enhance the CISS response for functional platforms."
10.1126/sciadv.aed9825,False,Science Advances,该论文研究的是TCR-JANUS engager蛋白在肿瘤免疫治疗中的应用，与大气环境遥感技术（如空气质量监测、卫星观测、大气成分分析、气溶胶反演等）无关。,[],Chenxi Cheng;Ting Liang;Pengju Yao;Wenling Wang;Huxuan Chen;Xiaowen Li;Ying Tian;Jie Wang;Ni Yan;Danli Xie;Fuming Qiu;Shuguang Tan,TCR-JANUS engager proteins enable bispecific targeting to overcome tumor heterogeneity in TCR-T cell therapy,"T cell receptor (TCR)–based immunotherapy is limited by tumor antigen heterogeneity, which frequently leads to relapse. We developed a bispecific TCR-JANUS engager that functions synergistically with TCR engineered T cells (TCR-T). In contrast to conventional T cell engagers targeting CD3, TCR-JANUS engages both the variable region of a transgenic TCR (TRBV) and a tumor surface antigen. Using a model system targeting a humanized KRAS-G12V–specific TCR and trophoblast cell surface antigen 2 (Trop2), we show that TCR-JANUS effectively redirects TCR-T cells to lyse Trop2-expressing tumor cells while preserving intrinsic specificity toward the cognate pHLA target, thereby enabling simultaneous dual-antigen recognition. In heterogeneous tumor models, the combination of TCR-JANUS with TCR-T cells, an integrated system termed T Cell Dual Arsenal Recon, potently suppressed tumor growth by clearing antigenically divergent populations. Moreover, TCR-JANUS maintained enhanced T cell functionality with reduced exhaustion compared to anti-CD3–based engagers upon chronic stimulation. Together, this approach offers a targeted and durable strategy to overcome antigenic heterogeneity, expanding the clinical prospects of TCR-T cell therapy for solid tumors."
10.1126/sciadv.aef1579,False,Science Advances,该论文研究的是CENP-A chaperone complex在细胞中心体结构中的作用，与大气环境遥感技术无关。,[],Hindol Gupta;Julian Haase;Yicong Wu;Jiji Chen;Warif El Yakoubi;George Karadimov;Ana Losada;Takashi Akera;Hari Shroff;Alexander E. Kelly,The CENP-A chaperone complex spatially organizes centromeres,"Centromeres, defined by CENP-A–containing nucleosomes, direct kinetochore assembly for spindle attachment. In mitosis, CENP-A and the constitutive centromere-associated network (CCAN) of the inner kinetochore are arranged into bipartite subdomains within clearings of chromatin. However, less is known about their architecture during interphase. We report here an unrecognized structural role for the CENP-A chaperone machinery in establishing interphase centromere architecture. In interphase, CENP-A and the CCAN assemble conserved shell-like structures that enclose a chromatin-poor central cavity. This cavity is occupied by the interphase-specific CENP-A chaperone complex, which promotes CENP-A assembly once per cell cycle. The presence of the chaperone complex, but not its CENP-A–incorporating activity, is required to generate both the shell architecture and chromatin clearing. The CCAN scaffold CENP-C exhibits radial organization throughout the structure and is essential for its formation, primarily by recruiting the HJURP chaperone. Our findings broaden the role of the CENP-A chaperone machinery to include the structural organization of interphase vertebrate centromeres, independent of CENP-A deposition."
10.1126/sciadv.aef4342,False,Science Advances,该论文研究的是量子 Fisher 信息 (QFI) 的实验估计，以及一种名为 Krylov 影子层析 (KST) 的量子测量方法。虽然量子技术可能在某些方面与环境遥感技术有交叉，但论文的核心内容并不涉及大气环境遥感技术，如空气质量监测、卫星观测、大气成分分析或气溶胶反演等。因此，该论文与大气环境遥感技术没有强关联。,"['quantum Fisher information', 'Krylov shadow tomography', 'photonic platform', 'Greenberger-Horne-Zeilinger states']",Qian-Xi Zhang;Qi-Ming Ding;Hu Chen;Shan Ling;Ya-Li Mao;Da-Jian Zhang;Xiao Yuan;Zheng-Da Li,Gap-closing experimental estimation of quantum Fisher information,"Estimating the quantum Fisher information (QFI) is a central task in quantum science and technology, underpinning the benchmarking of measurement devices and the certification of metrological advantages. Owing to the highly nonlinear dependence of the QFI on the quantum state, achieving efficient estimates that reliably converge to the true value, which is a property known as gap closing, has remained a challenge. Here, we address it experimentally by implementing the recently proposed Krylov shadow tomography (KST) protocol on a versatile photonic platform capable of generating Greenberger-Horne-Zeilinger states of up to six qubits with controllable noise. By comparing KST with leading methods under matched resources, we show that it exhibits the predicted gap-closing behavior and yields a substantially lower mean absolute error. Moreover, we demonstrate that the resulting high-accuracy QFI estimates correctly predict the ultimate precision achievable in a phase estimation experiment, as dictated by the quantum Cramér-Rao bound. These results establish KST as a scalable and practical experimental tool for the efficient characterization and utilization of quantum resources in metrological applications."
10.1126/sciadv.aef4578,False,Science Advances,该论文研究的是生物形态发生素（morphogens）的机制，特别是Hedgehog家族的信号传导过程，涉及脂质修饰对扩散和信号强度的影响。虽然这些研究可能对理解生物体内的分子过程有重要意义，但与大气环境遥感技术（如空气质量监测、卫星观测、大气成分分析、气溶胶反演）没有直接关系。论文中的主题和关键词（如形态发生素、脂质修饰、Hedgehog）均不属于大气环境遥感技术的范畴。,"['morphogens', 'lipid modifications', 'Hedgehog']",Gavin Schlissel;Anders S. Hansen;Pulin Li,Mechanistic trade-offs between local and long-range signaling activity in natural and synthetic morphogens,"Hedgehog family morphogens present an interesting paradox: Despite being hydrophobic because of dual-lipid modifications, they form spatial concentration gradients that are highly conserved and essential for many aspects of metazoan development. Using live-cell single-molecule tracking and engineered synthetic signaling ligands, we isolated the distinct contribution of each lipid modification to Hedgehog diffusion and signaling potency. We found that although both lipid modifications enhance signaling potency, they do so through different mechanisms. Palmitate directly promotes receptor engagement, whereas cholesterol topologically confines secreted morphogens on the cell surface, effectively using the lipid membrane as a nonsignaling co-receptor that enriches ligands locally at the cost of restricting long-range diffusion. Our results on the function of cholesterol point to an intrinsic trade-off between signaling potency and gradient formation, with implications for the evolution and mechanism of nonsignaling co-receptors."
10.1126/sciadv.aef6473,False,Science Advances,该论文研究的重点是离子tronic传感器在手术力感应中的应用，涉及材料科学和医学工程领域，与大气环境遥感技术（如空气质量监测、卫星观测、大气成分分析、气溶胶检索）没有直接关系。,[],Xingyu Hou;Jiaqi Zhu;Chengfeng Pan;Xin Wang;Zhenzhou Nie;Qianli Ma;Zifeng Zhang;Junnan Xue;Huihui Du;Kai Fung Chan;Chuan Fei Guo;Li Zhang,A highly sensitive and drift-free iontronic sensor enabled by a polarity-balanced polyelectrolyte for surgical force sensing,"Iontronic pressure sensors featuring high sensitivity are promising across different emerging fields. In applications requiring high-fidelity sensing such as surgeries, reliable pressure monitoring necessitates sensitivity and stability at the same time to ensure safety. However, existing iontronic sensors often face a trade-off between them—soft ionic materials with high conductivity often present pronounced viscoelasticity, resulting in a low sensitivity–to–drift-rate (S/D) ratio. Here, we report a polyelectrolyte-based iontronic pressure sensor that achieves a nearly one order-of-magnitude improvement inS/Dratio over state-of-the-art designs using a polarity-balance strategy in the polyelectrolyte to simultaneously regulate ionic conductivity and viscoelasticity. The resulting sensor exhibits ultrahigh sensitivity (119.5 per kilopascal) and exceptional stability (drift rate < 1%) under prolonged pressures up to 450 kilopascals, enabling nearly drift-free pressure detection for high-precision surgical operations in both surgeon-operated and robotic-assisted procedures. This work provides an extensible material design strategy to enhance sensitivity while suppressing signal drift in soft pressure sensors, with broad relevance to robotics, medical devices, and wearables."
10.1126/sciadv.aef9216,False,Science Advances,该论文主要研究的是一种双金属催化剂（CuBi）在电化学中将一氧化碳（CO）还原为乙酸的过程，虽然涉及大气环境中的化学反应，但并非直接与大气环境遥感技术相关，如空气质量监测、卫星观测或大气成分分析等。,"['CO reduction', 'acetate', 'catalyst', 'carbon dioxide reduction']",Ruoou Yang;Chengyi Zhang;Jiguang Zhang;Meng Wang;Shuo Chen;Sibo Wang;Bo Wu;Yingxia Zhao;Sung-Fu Hung;Ziyu Mi;Ziyun Wang;Yanwei Lum,A bimetallic CuBi catalyst for enhanced electrochemical CO reduction to acetate,"Catalyst design principles for generating multicarbon (C2+) products from electrochemical carbon dioxide (CO2) reduction (CO2R) and carbon monoxide (CO) reduction (COR) are often similar and used interchangeably. However, here we demonstrate how a copper bismuth (CuBi) catalyst generates a drastically different product output for CO2R versus COR, offering a valuable case study. During CO2R, we observe predominant formate production, due to selective adsorption of the CO2reactant onto Bi sites rather than Cu sites. On the other hand, acetate is observed as the primary product for COR because formate production on Bi sites is shut down. Specifically, with the optimal CuBi catalyst, we achieve a high acetate Faradaic efficiency of 68.2% at 100 milliamperes per square centimeter under COR conditions. Experiments involving the coreduction of13CO2/12CO feeds of varying mixing ratios show that acetate has the highest carbon-12 content among the products. This suggests that CO-selective sites (CuCO) could play a role in facilitating selective acetate production. Notably, analysis of the acetate isotopologues also reveals a preference for the formation of12CH313COO−over13CH312COO−. We propose this to be due to an acetate-selective pathway involving asymmetric hydrogenation of *12CO13CO to *12CH213CO (ketene). This pathway is promoted at high pH and is postulated to occur at the interfaces between CuCOand CO2-selective sites (CuCO2). Together, our results provide mechanistic insights into acetate formation under COR conditions."
10.1126/sciadv.aeg1097,False,Science Advances,该论文研究的是细胞内信号通路和DNA修复机制，与大气环境遥感技术（如空气质量监测、卫星观测、大气成分分析、气溶胶反演等）没有直接关联。虽然文中提到辐射诱导的DNA损伤，但这属于生物学领域，而非大气科学。,"['DNA double-strand breaks', 'homologous recombination', 'GSK3β', 'Plk1', 'ATP–citrate lyase']",Shinan Zhou;Xinyu Zhou;Qinfu Chen;Xueying Yuan;Shukai Zhu;Jun Huang;Fangwei Wang;Haiyan Yan,GSK3β and Plk1 sequentially phosphorylate ATP–citrate lyase to promote homologous recombination,"Accurate repair of DNA double-strand breaks (DSBs) by homologous recombination (HR) is essential for genome stability. Nuclear production of acetyl–coenzyme A (acetyl-CoA) by ATP–citrate lyase (ACLY) promotes HR, yet how ACLY is regulated during the DNA damage response (DDR) remains unclear. Here, we identify a phosphorylation-dependent signaling axis in which glycogen synthase kinase 3β (GSK3β) and Polo-like kinase 1 (Plk1) act sequentially on ACLY to facilitate HR-mediated repair of DSBs induced by ionizing radiation. Following AKT-dependent phosphorylation of ACLY at Ser455, GSK3β phosphorylates ACLY at Thr447, generating a docking site for Plk1, which in turn phosphorylates ACLY at Ser442. This phosphorylation cascade, enhanced by radiation, sustains histone acetylation, supports the accumulation of BRCA1 and RAD51 at DSBs, and confers cellular resistance to poly(ADP-ribose) polymerase (PARP) inhibition. Together, our findings define an AKT-GSK3β-Plk1-ACLY signaling module that links the DDR to nuclear metabolism, revealing a critical mechanism by which kinase signaling facilitates acetyl-CoA–dependent chromatin remodeling to preserve genome integrity."
10.1126/sciadv.aeg3466,False,Science Advances,该论文研究的是杜兴肌营养不良的治疗方法，涉及抑制性tRNA、腺相关病毒表达载体和RNA聚合酶III启动子等技术，与大气环境遥感技术（如空气质量监测、卫星观测、大气成分分析、气溶胶反演等）无关。,[],Julien Oury;Ying-Hsin Chen;Sean McFarland;Delilah Jewel;Joel Wen;Teerithveen Pasricha;Steffany Villaseñor;William Mannheim;Victoria Rose;Sophia Zheng;Gokul Sriman Thanigai Arasu;Michael Calhoun;Alexis Dilts;McKenna Montminy;Nathan Strozewski;Nitusingh Thakur;Paul L. Kaplan;Peter M. Eimon;Jeff Coller;Harvey Lodish,Engineering suppressor tRNAs for effective treatment of Duchenne muscular dystrophy,"Duchenne muscular dystrophy (DMD) is a fatal disorder caused by loss of dystrophin, a protein essential for muscle cell integrity. To date, no therapeutic has restored full-length dystrophin. Suppressor transfer RNAs (sup-tRNAs) have the potential to treat the ∼15% of patients with DMD and nonsense mutations. We have evolved highly potent UAA sup-tRNAs through an extensive mutagenesis screening campaign, optimized our adeno-associated virus (AAV) expression vectors, and developed efficient RNA polymerase III promoters. We show that systemic delivery of these sup-tRNAs restores full-length dystrophin and recovers muscle strength and motor function in mice at lower doses than AAV microdystrophin therapies. We see no adverse toxicology and observe proteome-wide reversion of molecular pathophysiology. These data establish sup-tRNAs as a promising therapeutic platform for DMD and other disorders."
10.1126/sciadv.aeg5529,False,Science Advances,该论文主要研究伊斯兰彩色釉料中铜、铁、银纳米颗粒的形成机制，涉及陶瓷釉料和纳米材料的光学响应，而非大气环境遥感技术，如空气质量监测或卫星观测。因此，它与大气环境遥感技术关联性不强。,"['ceramic glaze', 'noble metallic nanoparticles', 'micro XANES', 'UV-Vis spectroscopy']",Ruth Sadurní;Judit Molera;Clement Hole;Hugo Alexander Suarez Orduz;Judith Juanhuix;Marine Cotte;Trinitat Pradell,"Shedding light on the formation mechanisms of Islamic polychrome lusters: A Cu, Fe, Ag micro XANES study","Islamic luster is a ceramic glaze decoration exploiting the quantum-confined optical response of noble metallic nanoparticles to produce a colorful metallic and iridescent appearance. Upon firing, silver and copper initially present in an overpaint diffuse into the glaze and are reduced to Ag0and Cu0nanoparticles. This study examines the relationship between luster colors and paint composition. The six analyzed shards are 9th century Abbasid polychrome lusters exhibiting green, red, ochre, and brown colors. Key chemical factors are revealed by imaging 16 luster cross sections with different micro- and nanoanalytical methods, including UV-Vis spectroscopy, Ag L3-, Cu-, and Fe K-edge micro x-ray absorption spectroscopy (μ-XAS), micro x-ray diffraction (μ-XRD), and field emission scanning electron microscopy (FIB-FE-SEM). These factors connect together (i) the Cu/Ag ratio; (ii) the Cu, Ag, and Fe speciation; (iii) the nature, size, and concentration of metallic nanoparticles; and (iv) the luster color. Notably, the Cu/Ag ratio balances the competitive reactions between Ag+reduction and Cu+disproportionation."
10.1126/sciadv.aeg8906,False,Science Advances,该论文主要研究分子单层在流体界面上的机械适应性和自主折叠行为，虽然涉及表面科学和材料科学，但与大气环境遥感技术（如空气质量监测、卫星观测、大气成分分析、气溶胶反演等）没有直接关联。,"['molecular monolayers', 'mechanical adaptation', 'Langmuir films']",Taichi Iizuka;Satoru Inoue;Kiyoshi Nikaido;Seiji Tsuzuki;Saori Maki-Yonekura;Tasuku Hamaguchi;Koji Yonekura;Tatsuo Hasegawa,Self-stretching molecular monolayers with autonomous folding and mechanical adaptation,"Molecular monolayers at fluid interfaces are generally considered mechanically fragile, collapsing under lateral compression. Here we show that a rationally designed amphiphilic π-conjugated molecule instead forms a monolayer that adapts to mechanical stress. Langmuir films of 3-hydroxyphenyl-7-decyl-[1]benzothieno[3,2-b][1]benzothiophene (HP-BTBT-C10) accommodate and store compressive stress without collapse. In situ optical imaging reveals that lateral compression converts into reversible out-of-plane deformation via anisotropic molecular reorganization, producing ordered wrinkles. Electron diffractometry and high-resolution electron microscopy show localized multilayer folding while retaining local molecular packing. Intermolecular interaction calculations suggest that hydroxy substitution helps stabilize both the Langmuir monolayer on water and folded multilayer wrinkles, while preserving the strong layer-forming tendency of alkyl-substituted extended π-core molecules. Dynamic measurements based on barrier-oscillation experiments further demonstrate repeatable viscoelastic stress responses mediated by sequential folding and wrinkle reversibility, establishing mechanically adaptive molecular monolayers that bridge conventional Langmuir films and biologically inspired membranes."
10.1126/sciadv.aeg8967,False,Science Advances,这篇论文研究的是线虫（C. elegans）的端粒结合蛋白复合物的结构和功能，涉及DNA与蛋白质的相互作用，与大气环境遥感技术（如空气质量监测、卫星观测、大气成分分析、气溶胶反演等）无关。,"['telomere', 'POT-1', 'TEBP-1/2']",Valerie M. Tesmer;Nils J. Lambacher;Io Yamamoto;Jayakrishnan Nandakumar;Hiroki Shibuya,A direct protein bridge connects the ds and ds-ss junction telomeric DNA segments in C. elegans,"The six-protein shelterin complex safeguards mammalian chromosome ends; however, its intricate protein-protein and protein-DNA interactions complicate biochemical dissection. TheC. elegansDNA binding TEBP-1/2 (also known as DTN-1/2) and POT-1 proteins directly interact, offering a simplified system to dissect chromosome end protection. Here, we combined protein crystallography with in vivo functional analyses to elucidate the architecture and assembly of theC. eleganstelomere-binding protein complex. We uncover a notable interface in which the canonical single-stranded DNA binding OB domain of POT-1 is repurposed to engage TEBP-1/2, rewiring telomeric protein connectivity. Disruption of the electrostatic interfaces between POT-1 and TEBP-1/2 disassembles the complex in vivo and causes telomere hyperelongation. POT-1 OB retains binding to the 5′-phosphorylated end of the telomeric ds-ssDNA junction, a role required for robust telomeric localization of POT-1 and suppression of telomere hyperelongation in vivo. Together, our findings support a model in which TEBP-1/2 recruit POT-1 to form a three-way TEBP-1/2–POT-1–DNA junction complex that ensures telomere length homeostasis."
10.1126/sciadv.aeg9582,True,Science Advances,该论文研究了中深水珊瑚礁的群落动态，重点关注了水体可见度（作为浮游泥化层强度的逆指标）和深度对群落组成的影响。浮游泥化层是大气环境遥感技术中用于分析大气成分和气溶胶的重要参数，因此该研究与大气环境遥感技术（如空气质量监测和大气成分分析）密切相关。,"['water visibility', 'benthic nepheloid layer', 'hydrodynamic modeling']",Nicole C. Pittoors;Sarah M. Tweedt;Luke J. McCartin;Samuel A. Vohsen;Luisa Lopera;Sophia Mihalek;Jamie Lai;Kathleen Durkin;Lee Weigt;Marissa F. Nuttall;Annalisa Bracco;Christopher P. Meyer;Santiago Herrera,Environmental filtering shapes patch dynamics across isolated mesophotic reefs,"Mesophotic coral ecosystems (MCEs; ∼30 to 150 meters) are major but poorly understood benthic habitats. We used Autonomous Reef Monitoring Structures (ARMS) and integrated metabarcoding (mtCOI and 18S), image analysis, and hydrodynamic modeling across six mesophotic banks in the Texas-Louisiana Shelf to test whether community assembly is governed by environmental filtering or dispersal limitation. Local environmental conditions explained nearly twice as much compositional variance as geographic effects. Differences in water visibility, an inverse proxy for benthic nepheloid layer (BNL) intensity, and depth predicted community dissimilarity up to 10-fold better than geographic distance. The BNL was the dominant filter, whereas depth effects were weaker and taxon specific. Hydrodynamic simulations revealed dispersal is variable but not limiting. These findings identify the BNL as a key physical driver linking shelf oceanography, biodiversity, and ecosystem function. Suspended particle dynamics associated with BNLs merit integration into conservation planning as critical mediators of ecological connectivity in mesophotic and other patchy reef systems globally."
10.1126/sciadv.aeh1079,False,Science Advances,该论文主要关注青铜时代中欧的生业转变，使用多同位素数据集和放射性碳定年技术研究人类饮食行为与文化和环境条件的关系，与大气环境遥感技术（如空气质量监测、卫星观测、大气成分分析、气溶胶反演）无关。,"['air quality monitoring', 'satellite observations', 'atmospheric composition analysis', 'aerosol retrieval']",Margaux L. C. Depaermentier;Przemysław Makarowicz;Anita Szczepanek;Christophe Snoeck;Marine Morvan;Zdzislaw Belka;Michael Kempf;Łukasz Pospieszny;Halina Taras;Maciej Chyleński;Jacek Górski;Tomasz Goslar;Ryszard Grygiel;Paweł Jarosz;Anna Juras;Anna Lasota-Kuś;Andrzej Matoga;Marek Nowak;Marcin M. Przybyła;Krzysztof Tunia;Piotr Włodarczak;Jarosław Wilczyński;Irena Wójcik;Giedrė Motuzaitė Matuzevičiūtė,Multiproxy bioarchaeological analyses reveal subsistence shift in Bronze Age Central Europe,"Changes in past subsistence strategies reflect the adaptation of human societies to climatic, environmental, and cultural settings. Despite being a resistant, flexible, and nutritive crop, millet only sporadically became a staple crop in Europe and is nearly forgotten today. This raises the question of the cultural dimensions associated with the adoption or rejection of millet. We use a multi-isotope dataset from Bronze Age Poland (2200 to 1000 BCE) coupled with radiocarbon dates to identify dietary practices and associate them with cultural and environmental conditions. We (i) revise the earliest evidence for millet consumption in Europe to 1590 ± 50 calibrated years (cal) BCE instead of 1460 ± 40 cal BCE, (ii) reconstruct dietary shifts at the group and individual level, (iii) suggest environmental instead of cultural mechanisms behind millet adoption, and (iv) reveal land-use shifts associated with millet cultivation, showing no strong evidence for a demic diffusion model. The gained insights into crop integration processes can help in discussing coping strategies for present-day challenges."
10.1126/sciadv.aeh2771,False,Science Advances,该论文研究的是细胞内钙离子稳态的代谢调节机制，与大气环境遥感技术（如空气质量监测、卫星观测、大气成分分析、气溶胶反演等）无关。,[],Su Jin Ham;Yena Kim;Sehyeon Kim;Sunhoe Bang;Young Hoon Koh;Soung-Hun Roh;Hyung Seo Park;Jongkyeong Chung,Metabolic regulation of calcium homeostasis via SERCA succination,"Although calcium homeostasis is disrupted in metabolic diseases, its metabolic regulation remains unclear. Here, we identify a mechanism by which fumarate suppresses sarco/endoplasmic reticulum (ER) calcium ion–adenosine triphosphatase (SERCA) activity via succination of a conserved cysteine residue, impairing ER calcium uptake and promoting metabolic dysfunction inDrosophila. In mammalian cells, high glucose or fumarate inhibits SERCA activity and increases ER calcium release and cytosolic and mitochondrial calcium levels. Mechanistically, we show that fumarate covalently modifies SERCA2b at Cys875 and that a Cys875Ser mutant resists fumarate-induced inhibition. InDrosophila, knock-in flies with the corresponding Cys875Ser mutation preserve ER calcium homeostasis and are protected from hyperglycemia, glucose intolerance, and reduced survival on a high-sugar diet. These effects are phenocopied by pharmacological fumarate reduction or allosteric SERCA activation. Collectively, these findings suggest that fumarate-mediated SERCA inhibition provides a mechanistic link between glucose metabolism and calcium homeostasis, with potential relevance to metabolic dysfunction."
10.1126/sciadv.aeh4267,False,Science Advances,该论文研究的是三维可重构磁性微型群体的边界跨越能力，应用于生物机制发现和药物筛选，与大气环境遥感技术（如空气质量监测、卫星观测、大气成分分析、气溶胶反演）没有直接关联。,"['magnetic microswarms', 'reconfigurable', 'boundary-transcending']",Pengsong Zhang;Pengfei Xu;Peng Pan;Yuntong Sun;Shaojia Wang;Runze Zuo;Chongyu Zhang;Wentian Tang;Tiancong Wang;Yuhang Wang;Mingzhe Sun;Qiwu Zhang;Yuxiao Zhou;Yunkai Wang;Junyue Dai;Junhui Law;Wenkun Dou;Juntian Qu;Ren-Ke Li;Yu Sun;Xinyu Liu,Three-dimensional reconfigurable magnetic microswarms with boundary-transcending capabilities,"Swarm behaviors are prevalent in nature and have inspired many engineering designs. However, achieving artificial swarms capable of reversibly migrating through fluids against gravity and transcending physical boundaries, such as solid–liquid and liquid-air interfaces, remains challenging. Here, we propose a strategy for generating enhanced rotating magnetic fields by synchronizing a global rotating field with a co-rotating local gradient. This enables three-dimensional (3D) movement of magnetic microparticles independent of physical boundaries and leads to reconfigurable collective behaviors, including reversible transitions between 2D and 3D tornado-like patterns, as well as between single and dual microswarms collectives. The generated tornado-like microswarm induces convection flows that enable entrapment and transport of substances within a confined spatial domain. This capability was used to promote chemical reaction within a confined region. As a further demonstration, the cardiotoxic compound-levamisole was vertically transported across intermediate barriers to induce localized arrhythmic beating of cardiomyocytes. These multifunctional magnetic microswarms hold promise for biological mechanism discovery and drug screening."
10.1126/sciadv.aeh6155,False,Science Advances,该论文研究的是前寒武纪超级大陆的形成及其对生物地球化学和环境变化的影响，主要涉及地质学和地球科学领域，与大气环境遥感技术（如空气质量监测、卫星观测、大气成分分析、气溶胶反演等）没有直接关系。,"['Nd isotopic mapping', 'supercontinent', 'geodynamic']",Tao Wang;William J. Collins;Chaoyang Wang;Zengqian Hou;Ying Tong;He Huang;Jieping Ye,Buried fragments reveal a “Greater Gondwana” supercontinent,"Profound global biogeochemical shifts marked the Ediacaran-Cambrian transition [550–500 million years (Ma)], a phenomenon often ascribed to the dynamics of supercontinent cycles. However, Gondwana is frequently denied supercontinent status due to its perceived spatial deficit (∼64% of continental landmass). Leveraging continental-scale Nd isotopic mapping based on a vast database of 25,346 felsic-intermediate igneous rocks, we reveal extensive buried Precambrian terranes beneath Phanerozoic orogens in Asia, Europe, and North America. Our results expand Gondwana’s reconstructed area to ∼80% of the global landmass, firmly establishing its identity as a true supercontinent—termed “Greater Gondwana.” We propose that the assembly and peripheral subduction of this “Greater Gondwana” played a pivotal role in driving the geodynamic and environmental perturbations that culminated in the Cambrian metazoan radiation."
10.1126/sciadv.aei1901,False,Science Advances,该论文主要研究的是咀嚼槟榔的历史和槟榔作为神经活性植物药物的早期使用证据，与大气环境遥感技术（如空气质量监测、卫星观测、大气成分分析、气溶胶反演）没有直接关系。,"['betel nut', 'arecoline', 'neuroactive plant drug']",Adam Brumm; Fakhri;Melandri Vlok;Roger L. Papke;Carney D. Matheson;Budianto Hakim;Clare Stokes;Basran Burhan; Suryatman;Andi Muhammad Saiful;Michelle C. Langley;Pratiwi Yuwono;Delta Bayu Murti;Sofwan Noerwidi;Marlon N. R. Ririmasse,Betel nut sucking is the earliest recorded evidence for the habitual use of a neuroactive plant drug,"The modern custom of chewing betel nuts is practiced by around 1 in 10 people worldwide, yet the earliest beginnings of this widespread drug use habit are unknown. We report rare skeletal remains of two preagricultural foragers from Sulawesi (Indonesia), both displaying a dental pathology that we establish was caused by a hitherto unknown precursor to betel chewing: habitual sucking of whole betel nuts. Previous reports suggested that the main neuroactive alkaloid in betel nut, arecoline, is released by masticating the processed nut with slaked lime. However, our experiments demonstrate that simply keeping intact betel nuts in the oral cavity for prolonged periods releases arecoline. Biomolecular analysis of the ancient human teeth is also consistent with this early form of ingesting betel nut. With the earliest forager dating to 25 to 16 thousand years ago, our findings suggest the use of betel nut as a drug has more ancient origins than previously supposed."
10.1126/sciadv.aei4200,True,Science Advances,该论文研究的是分子级D-A相互作用工程在高效率光电纳米流体离子传输中的应用，涉及光电转换效率和离子传输优化，与大气环境遥感技术中的空气质量和大气成分分析有一定关联，但主要关注点在于材料科学和纳米流体技术，而非直接的遥感技术。,"['D-A materials', 'COFs', 'photoelectric', 'ion transport']",Jia-Nan Chang;Guoyun Zhu;Qijun Zheng;Huijie Wang;Yuxin Chen;Chen Wang,Molecular-level D-A interaction engineering for high-efficiency photoelectric nanofluidic ion transport,"Inspired by biological light-driven ion transport, photoelectric nanofluidic systems offer a promising route toward intelligent ion regulation and signal transduction. Unlike traditional semiconductors constrained by rigid band structures, donor-acceptor (D-A) materials present superior tunability and photoelectric conversion efficiency. Here, we demonstrate molecular-level engineering of D-A interactions in covalent organic frameworks (COFs) to achieve efficient light-enhanced nanofluidic ion transport. By systematically varying the electron-donating and electron-accepting strengths of the building blocks, we designed two D-A COFs, namely D-A PCOF and D-A MCOF, with gradually modulated surface charge density. Among them, D-A PCOF, which integrates strong acceptor and donor units into a single crystalline framework, displays optimized optoelectronic properties. This structural and electronic synergy facilitates efficient photoinduced charge separation and directional carrier migration, resulting in significantly enhanced selective ion transport. When applied in osmotic energy conversion, the D-A PCOF membrane delivers a remarkable 74% increase in output power under illumination across a 50-fold salinity gradient and achieves a high-power density of 83.4 W m−2under a 500-fold gradient. This work underscores charge microenvironment engineering as a powerful strategy for designing high-performance photo-responsive nanofluidic membranes."
10.1126/sciadv.aei4749,False,Science Advances,该论文主要研究的是在近环境条件下构建共价有机框架（COFs）的新方法，以及这些COFs在固态电解质中的应用。虽然COFs可能间接与大气环境监测相关（例如，用于空气污染物检测），但论文的核心内容并不直接涉及大气环境遥感技术，如空气质量监测、卫星观测或大气成分分析等。,"['covalent organic frameworks', 'near-ambient conditions', 'solid-state electrolytes']",Senjie Mi;Chongde Zhang;Pengfei Guo;Yuzhe Lei;Xiaoming Hu;Hangyu Zhou;Yuan-Zhe Cheng;Xuesong Ding;Zhen Li,Beyond solvothermal synthesis: construction of covalent organic frameworks at near-ambient conditions,"The development of a novel reaction synthesis method for covalent organic frameworks (COFs) under near-ambient conditions (NAC) is crucial for replacing the traditional solvothermal method and achieving gram-level production. However, to date, most of the reported synthesis methods rely on external devices to facilitate the chemical reactions, and COFs linkages are mainly focused on imine-linked COFs. Here, we report a straightforward NAC method for the synthesis of β-ketoamine linked COFs at 30°C under atmospheric conditions. A series of high crystallinity COFs with different topological structures and functional groups were achieved through this novel method. In addition, the reactions can be conducted in organic or aqueous acid solutions, and reactions on a gram-level scale can be accomplished. As a result, COF-β-KA-CF3based solid-state electrolytes (SSEs) exhibited an outstanding lithium-ion conductivity of 6.53 × 10−4S cm−1at 30°C and demonstrated stable long-cycling performance in solid-state batteries. The simplicity, scalability, and economic viability of the NAC method hold great promise for the exploration of new COFs in the future."
10.1126/sciadv.aei6699,False,Science Advances,该论文研究的是介电弹性体薄膜及其变形和多功能性，虽然涉及材料科学和柔性电子技术，但与大气环境遥感技术（如空气质量监测、卫星观测、大气成分分析、气溶胶反演）关系不大。,"['dielectric elastomers', 'patterned electrophoresis', 'magnetic additives']",Huifeng Dong;Hanzhi Ma;Yining Jiang;Yudi Fan;Jiangshan Zhuo;Ruifen Tang;Junbo Peng;Mengke Shi;Ofoq Normahmedov;Shengchao Jiang;Lvting Wang;Yifan Wang;Erping Li;Ye Shi,Dielectric elastomer films with programmed deformation and multifunctionality enabled by patterned electrophoresis of magnetic additive,"Dielectric elastomers (DEs) are promising artificial muscles for soft robotics and wearable devices due to their large deformation, fast response, high energy density, and light weight. However, conventional DE films exhibit limited deformation modes and lack multifunctionalities. Passive layers, rigid constraints, or multilayered electrode patterning have been used to extend their deformation but often reduce actuation performance and increase structural complexity. Here, we develop patterned electrophoresis of magnetic additives to program deformations in monolithic DE films, achieving bending, twisting, and complex three-dimensional morphing while maintaining high actuation performance. The additives also endow the DE films with multifunctionalities, including magnetic response and electromagnetic wave shielding. By coupling programmed deformations with these functionalities, we demonstrate intelligent soft devices with new functions and controllability such as electric-magnetic co-driven actuation arrays and deformable electromagnetic metasurfaces. This strategy achieves programmable deformations and multifunctionalities in single-layer DE films, opening possibilities for advanced DE applications."
10.1126/sciadv.adq8840,False,Science Advances,该论文研究的是神经科学领域，具体探讨星形胶质细胞介导的纹状体黑质多巴胺能调节的GABA能信号传导机制，与大气环境遥感技术（如空气质量监测、卫星观测、大气成分分析、气溶胶反演等）无关。,[],DeNard V. Simmons;Oscar Andrés Moreno-Ramos;Divya D. A. Raj;Konstantin Kaganovsky;Arin Pamukcu;Nora Vrieler;Tatiana Tkatch;Zhong Xie;Ana Isabel Silva de Sousa;Enrico Zampese;Jun Ding;Rajeshwar Awatramani;Charles J. Wilson;D. James Surmeier,Astrocytes mediate the dopaminergic modulation of tonic GABAergic signaling in substantia nigra,"Recent studies have implicated dopaminergic signaling within the substantia nigra pars reticulata (SNr) in the emergence of Parkinsonian motor deficits. To better understand the mechanisms underlying this dependence, the ability of dopamine to modulate SNr neuron activity was studied in ex vivo mouse brain slices. In addition to presynaptically inhibiting phasic GABA release, D2 dopamine receptor (D2R) signaling unexpectedly suppressed a tonic, GABAAreceptor–mediated inhibition of SNr neuron spiking. Our studies demonstrated that this tonic modulation was largely mediated by GAT-1–dependent GABA release from ALDH1A1-expressing dopaminergic neurons. In contrast, the ability of D2R agonists to disinhibit SNr neurons depended on D2R-expressing astrocytes and stimulation of GAT-3 uptake of GABA from the extracellular space. In addition to underscoring the importance of dendritically released dopamine in modulating synaptic transmission, our studies demonstrate that dopaminergic modulation of astrocytes plays a key role in modulating SNr circuits and motor behavior."
10.1126/sciadv.aeh4794,True,Science Advances,该论文涉及使用詹姆斯·韦伯空间望远镜（JWST）进行恒星 occultation 观测，以分析小行星 Chariklo 的环系统。这属于大气环境遥感技术范畴，特别是通过卫星观测分析行星际尘埃和环系统的成分与动态变化。,"['stellar occultation', 'JWST', 'Chariklo', 'ring system', 'atmospheric composition']",Pablo Santos-Sanz;Altair R. Gomes-Júnior;Bruno E. Morgado;Yucel Kilic;Csilla Kalup;Csaba Kiss;Chrystian L. Pereira;Bryan J. Holler;Nicolás Morales;José Luis Ortiz;Bruno Sicardy;Juan Luis Rizos;John Stansberry;Richard G. French;Heidi B. Hammel;Zhong-Yi Lin;Damya Souami;Josselin Desmars;Stefanie N. Milam;Felipe Braga-Ribas;Marcelo Assafin;Gustavo Benedetti-Rossi;Julio I. B. Camargo;Rene Duffard;Flavia L. Rommel;Estela Fernández-Valenzuela;Noemí Pinilla-Alonso;Mónica Vara-Lubiano,JWST stellar occultation reveals unexpected changes in Chariklo’s ring system,"Ring systems have been found around several small bodies in the outer Solar System through stellar occultations. While such observations provide constraints on ring geometry and dynamical interactions, little is known about their origins, lifetimes, or compositions. Here, we report near-infrared stellar-occultation observations obtained with the James Webb Space Telescope (JWST) probing the ring system of the Centaur Chariklo. Our measurements show that Chariklo’s dense inner ring has become significantly more opaque than in previous occultations, suggesting ongoing replenishment or dynamical restructuring. In contrast, the outer ring exhibits a much weaker near-infrared occultation signature than previously observed. This discrepancy may reflect material loss, suggesting that the outer ring could be transient or may arise from wavelength-dependent opacity. These observations demonstrate the power of JWST occultations to probe the evolving structure of rings around small bodies and provide compelling evidence for unexpected changes in Chariklo’s ring system."
10.1126/sciadv.aeh5060,False,Science Advances,"这篇论文主要研究的是Rubisco（核酮糖-1,5-二磷酸羧化酶/加氧酶）的蛋白质成熟过程，特别是其氨基末端成熟机制。虽然Rubisco是一种与碳循环相关的关键酶，但论文内容主要集中在生物化学和分子生物学层面，并未涉及大气环境遥感技术、空气质量监测、卫星观测或大气成分分析等主题。因此，它与大气环境遥感技术的关系不强。","['Rubisco', 'amino terminal maturation', 'proline acetylation']",Dong Xie;Jens S. Mühlenbeck;Patrick Schall;Jean-Baptiste Boyer;Cyril Dian;Laila Sago;Yuwei Wang;Lucile Jomat;Juergen Eirich;Frédéric Frottin;Iris Finkemeier;Bernhard Grimm;Carmela Giglione;Thierry Meinnel,Rubisco functional integrity requires a dedicated three-step maturation pathway,"Proteins generally begin with methionine, which is often removed to expose the second residue. RuBP carboxylase/oxygenase (Rubisco), the most abundant enzyme on Earth and a major carbon and nitrogen reservoir, escapes this paradigm. Its catalytic subunit, RbcL, undergoes unusual amino terminal maturation, including atypical initiator methionine-serine cleavage and proline acetylation, a modification not seen in other biological systems. We define a specialized pathway of two sequential aminopeptidases and an amino terminal acetyltransferase, dedicated to RbcL, that executes processing. This maturation is coupled to chaperone-assisted holoenzyme assembly, enhances activation by Rubisco activase, and shields the complex from degradation during senescence. Disruption of this pathway reduces Rubisco accumulation and catalytic competence, revealing an evolutionarily tailored mechanism integrating protein maturation, assembly, and stability of a central metabolic enzyme."
10.1126/sciadv.aei0397,False,Science Advances,该论文主要研究的是利用摩擦等离子体进行能量收集的技术，虽然涉及等离子体和电 discharge，但与大气环境遥感技术（如空气质量监测、卫星观测、大气成分分析、气溶胶检索）没有直接关系。,"['tribo-plasma', 'electrostatic discharge', 'energy harvesting']",Qixuan Zeng;Liming Tan;Fan Xu;Tingyu Wang;Ai Chen;Xue Wang,Harnessing in-situ tribo-plasma emission for energy harvesting,"Electrostatic discharge (ESD) in triboelectrification is conventionally dismissed as an uncontrolled energy dissipation process. Here, we introduce an approach to harness tribo-plasma generated by spontaneous ESD between sliding dielectric materials. Leveraging the intrinsic triboelectric field, this mechanism drives in situ plasma generation and guides its directional emission, enabling direct electrical power output via simple wire electrodes. The resulting current can be configured as either quasi-square-wave alternating current or direct current, depending on the motion profile. Notably, the device exhibits exceptional constant-current performance, sustaining output with a minimal decay of 0.32 microampere at a load resistance of 500 megohms. The universality of this mechanism is validated across diverse materials, including polymers, fabrics, semiconductors, and metals. Beyond energy harvesting, the tribo-plasma generated by mechanical motion also shows proof-of-concept potential for surface modification, food preservation, and ion implantation. These findings establish a potential route for converting mechanical energy into electrical output and provide a foundation for power-source–free plasma technologies."
10.1126/sciadv.aee4549,True,Science Advances,该论文研究印度冬季PM2.5污染的严重程度与西风扰动（一种来自地中海的副热带风暴）之间的强关联，涉及空气质量和大气成分分析，与大气环境遥感技术密切相关。,"['PM2.5', 'western disturbances', 'extratropical storms']",Yuanyu Xie;Kieran M. R. Hunt;Rohit Gupta;Gargee Goswami;Mi Zhou;Wenhao Dong;Denise L. Mauzerall,Seasonal predictability of winter PM2.5 pollution severity in India through a strong pollution–extratropical storm connection,"India suffers from severe fine particulate matter (PM2.5) air pollution in winter that harms public health and disrupts economic activities. Seasonal prediction of pollution severity could facilitate proactive mitigation planning but is hindered by incomplete understanding of the drivers of pollution variations. Here, using over a decade of quality-controlled Indian government PM2.5monitoring data, we find that ∼70% of the interannual variations in winter PM2.5pollution across northern India are explained by western disturbances (WDs)—prevailing extratropical storms originating from the Mediterranean region—through PM2.5removal via enhanced ventilation and precipitation. These WDs are regulated by the location and strength of the subtropical jet traceable to sea surface temperature (SST) anomalies across the North Atlantic and tropical Indian Ocean during the preceding autumn. Using these preseason SST anomalies, we demonstrate the potential to predict winter WD precipitation and PM2.5pollution severity one season ahead, with good agreement with observations (r2= 0.52 to 0.69), which could facilitate proactive public policies and stakeholder mitigation actions."
10.1126/sciadv.aeb4205,False,Science Advances,该论文主要关注单细胞转录组学的动态和随机性，以及如何通过最优传输和神经网络推断细胞状态转换的随机动力学。虽然涉及数据分析和机器学习技术，但并未直接涉及大气环境遥感技术，如空气质量监测、卫星观测或大气成分分析等。,"['single-cell transcriptomics', 'optimal transport', 'stochastic dynamics']",Juntan Liu;Peijie Zhou;Qing Nie;Chunhe Li,Learning stochastic dynamics and cell-fate landscapes from single-cell snapshots via optimal transport,"The temporal dynamics and stochasticity of gene expression are critical to cell fate decisions, yet integrating snapshot omics data across multiple time points remains a major challenge. Here, we introduce DiffusionOT, a dynamic machine learning framework that infers cellular trajectories from multi–time point single-cell transcriptomics by incorporating stochastic effects. DiffusionOT transforms stochastic differential equations into ordinary differential equations, using optimal transport and neural networks to solve a high-dimensional landscape model. Through an unsupervised learning of the stochastic force in the data, DiffusionOT allows robust inference of the underlying stochastic dynamics of cell-state transitions. The framework includes a stochastic trajectory analysis module for lineage tracing and a gene perturbation module for in silico knockout and overexpression experiments. Benchmarks on simulated and four real-world datasets, including a spatial Stereo-seq dataset, demonstrate DiffusionOT’s accuracy and efficiency in inferring state-transition velocities, cellular trajectories, population growth, gene regulatory networks, and cell-fate landscape."
10.1126/sciadv.aec8073,False,Science Advances,该论文研究的是雄激素受体对骨骼肌干细胞的影响，与大气环境遥感技术（如空气质量监测、卫星观测、大气成分分析、气溶胶检索）无关。,[],Joe G. Rizk;Kamar C. Ghaibour;Sirine Souali-Crespo;Emilia Calvano;Aurore Bilger;Hugues Jacobs;Nadia Messaddeq;Qingshuang Cai;Erwan Grangirard;Rajesh Sahu;Arnaud Ferry;Valentin Fourcade;Joffrey Zoll;Gianni Zanardelli;Nacho Molina;Coralie Fontaine;Jean-François Arnal;Daniel Metzger;Delphine Duteil,Androgen receptor imprints satellite cell stemness and preserves their reservoir for lifelong regeneration and optimal repair,"Skeletal muscle stem cells (MuSC) are the guardians of muscle regeneration, sustaining tissue integrity through a delicate balance of quiescence, activation, and lineage commitment. While numerous molecular cues have been implicated in regulating these processes, the influence of androgen receptor (AR) signaling, an essential hormonal pathway for male muscle physiology, has remained largely unexplored. Here, we show that AR expression defines quiescent MuSC and acts as a safeguard of their dormancy. Integrated multiomic analyses reveal a redistribution of AR binding from quiescence-maintenance loci to regulatory elements driving activation and metabolic reprogramming during repair. Loss of AR in young adult mice disrupts this balance, precipitating premature cell-cycle entry, skewed division modalities, depletion of the stem cell reservoir, and destabilization of the niche. These defects converge with hallmarks of aging-associated androgen decline, while androgen supplementation restores regenerative competence. Together, our findings establish AR signaling as a pivotal determinant of MuSC fate and a cornerstone of skeletal muscle homeostasis."
10.1126/sciadv.aee9425,False,Science Advances,该论文研究的是人体肌肉中的运动神经元行为和脊髓回路，与大气环境遥感技术（如空气质量监测、卫星观测、大气成分分析、气溶胶反演）无关。,"['motor neuron', 'recurrent inhibition', 'spinal circuits']",François Dernoncourt;Simon Avrillon;Thomas Cattagni;Dario Farina;François Hug,Probabilistic inference of homonymous and heteronymous recurrent inhibition in human muscles from large-scale motor neuron recordings,"Understanding how spinal circuits shape motor neuron behavior during muscle contractions remains a major challenge. Here, we combined large-scale motor unit recordings with simulation-based inference to generate probabilistic estimates of homonymous and heteronymous recurrent inhibition, a key spinal circuit that has remained largely inaccessible during natural voluntary contractions. We constructed synchronization cross-histograms from motor neuron spike trains and extracted features representative of recurrent inhibition. Because these features are also influenced by higher-frequency components of common synaptic input, we developed a simulation-based inference framework to disentangle these effects. Following validation, we applied this framework to experimental data from six muscles at two contraction intensities, revealing previously uncharacterized muscle- and intensity-dependent patterns: Recurrent inhibition decreased with contraction intensity in most muscles but increased in the vastus lateralis and medialis. The pipeline is openly available and designed for reuse on comparable datasets and for adaptation to diverse experimental contexts, including other spinal circuits."
10.1126/sciadv.aea7456,False,Science Advances,该论文主要关注新闻媒体的偏差检测与分析，涉及自然语言处理、新闻传播等领域，与大气环境遥感技术（如空气质量监测、卫星观测、大气成分分析、气溶胶反演等）无明显关联。,[],Samar Haider;Amir Tohidi;Jenny S. Wang;Timothy Dörr;David M. Rothschild;Chris Callison-Burch;Duncan J. Watts,The Media Bias Detector: A framework for annotating and analyzing the news,"News organizations introduce bias into their coverage via the choices they make about which topics to cover (or ignore) and how to frame the issues they do decide to cover. Here, we introduce the Media Bias Detector, a scalable computational framework that integrates large language models (LLMs) with near-real-time news scraping to extract structured annotations, including political lean, tone, topics, article type, and major events, across hundreds of articles per day. We quantify these dimensions of coverage at the sentence level, the article level, and the publisher level, expanding the ways in which researchers can analyze selection and framing bias in the modern news landscape. We also release an interactive web platform for convenient exploration of these data and an accompanying dataset covering more than 140,000 articles published in 2024 by 10 prominent publishers. Last, we present some results derived from this dataset that illustrate how the MBD can uncover correlates of bias in news coverage."
10.1126/sciadv.aef2841,True,Science Advances,该论文研究了墨西哥湾北部珊瑚礁的氮负荷增加问题，涉及大气环境中的营养盐输送和珊瑚礁生态系统的响应，属于大气环境遥感技术（如空气质量监测、卫星观测、大气成分分析、气溶胶反演）的范畴。,"['nitrogen loading', 'coral reef resilience', 'Mississippi River basin', 'atmospheric composition analysis', 'remote sensing technology']",Jonathan Jung;Kristine L. DeLong;Paolo Montagna;Erin L. Murphy;Nicolas N. Duprey;Alan D. Foreman;Amy J. Wagner;Kylie Palmer;Julia Schröder;Carlos Alonso-Hernández;Denis Scholz;Daniel M. Sigman;Gerald H. Haug;Alfredo Martínez-García,Increasing nitrogen loading in the Gulf of Mexico undermines coral reef resilience,"The ongoing global decline of coral reefs underscores the need to identify key mechanisms driving reef deterioration. The Flower Garden Banks (FGB) reefs in the northern Gulf are widely regarded as some of the healthiest in the continental United States, but recent disease outbreaks in the FGB have raised concerns about their long-term resilience. As human and agricultural expansion intensified across the Mississippi River basin, the river has become the dominant source of nutrients to the northern Gulf; however, the evolution of this influence is poorly understood. Here, we reconstruct nitrogen inputs to the FGB using annually resolved coral-bound nitrogen isotopes (CB-δ15N) from two coral cores that collectively span the period from 1753 to 2023. Our results show that anthropogenic nitrogen began to rise around 1850, coinciding with the early use of fertilizers, and increased sharply after the 1960s with the onset of the Green Revolution and the use of synthetic fertilizers, suggesting the Mississippi discharge as the source. Fractional endmember modeling further reveals that the accumulation and mobilization of legacy nitrogen stored in Midwestern soils and groundwater have amplified modern riverine fluxes, driving Mississippi-derived nitrate to more than 60 to 80% of the nitrogen reaching the FGB in recent decades. The highest riverine contributions of the past 270 years occurred in 2016 and 2022–2023, coinciding with disease outbreaks and thermal stress events. These findings suggest that the combined effects of unprecedented nutrient loading and extreme heat are key synergetic drivers of the recent deterioration in coral health observed for this historically resilient reef system."
