doi,is_relevant,journal,explanation,topic_words,authors,title,abstract
10.1088/1748-9326/aea919,False,Environmental Research Letters,该论文主要关注水行星边界框架在流域规划中的应用，涉及水循环和生态系统服务，但未提及大气环境遥感技术、空气质量监测、卫星观测或大气成分分析等相关内容。因此，它与大气环境遥感技术不相关。,"['water planetary boundary', 'river basin planning', 'water cycle']",Emilio Politti;Silvia Artuso;Elisa Calamita;Andrea Castelletti;Katarina Ana Cetinic;Sami Domisch;Matteo Giuliani;Hector Macian-Sorribes;Mikhail Smilovic;Jaime Ricardo García Márquez;Daniel Odermatt;Manuel Pulido-Velazquez;Sandra Ricart;Jennie C Steyaert;Sylvia Tramberend;Niko Wanders;Wei Xia;Taher Kahil,Review and reframing of the operationalisation of the water planetary boundary for river basin planning,"The planetary boundaries framework defines a safe operating space (SOS) for humanity by setting biophysical boundaries to critical Earth System components, including the water cycle. This framework is a promising paradigm to address the challenges posed by increasing anthropogenic pressures and climate change impacts on water systems. Nevertheless, the water planetary boundary (WPB) framework has not yet been systematically integrated into basin-scale water management planning. We address this challenge by first reviewing the development of the global WPB concept and summarising the approaches used to apply this concept at sub-global scales, while highlighting its merits and gaps. Building on this review, we argue that existing research on operationalising the SOS for water at sub-global scales often examines limited variables, neglecting a comprehensive basin-scale approach and failing to provide adaptable frameworks for other regions or future scenarios. At the same time, the global WPB framework, although setting aspirational goals, lacks actionable implementation strategies. We propose a novel framework for operationalising the WPB principles at the basin scale, integrating socio-ecological functions into the assessment of the basin-scale water boundary. Our framework is based on the assumption that operationalising the WPB principles at the basin level requires prioritising Earth’s stability within a Holocene-like state and social equity. This involves preserving water functions critical to ecosystem services and ensuring the resilience of water systems for current and future generations. The framework’s application can enhance the understanding of how human activities interfere with the water cycle and highlight critical issues that must be addressed to maintain the water system within a Holocene-like state at the basin scale."
10.1088/1748-9326/aeabbb,False,Environmental Research Letters,该论文主要关注的是碳定价对脱碳成本和公平性影响的分析，并未涉及大气环境遥感技术，如空气质量监测、卫星观测、大气成分分析或气溶胶反演等。,[],Shiya Zhao;Shinichiro Fujimori;Ken Oshiro;Tomoko Hasegawa,Decoupling the cost estimations and equity implications of decarbonisation from carbon pricing,"Existing long-term climate mitigation scenarios typically rely on carbon pricing to estimate macroeconomic impacts and equity implications of decarbonisation, often projecting adverse distributional outcomes. However, substantial emissions reduction can also be achieved through non-carbon-pricing measures, raising concerns about the insights of these scenarios. Here, we decoupled the cost and equity assessment of decarbonisation from carbon pricing by developing decarbonisation scenarios independent of carbon pricing. We found that while the macroeconomic cost mainly comes from the system transition, the distributional effects indicated in conventional carbon-price-based scenarios are mainly caused by carbon prices, contributing to increases on poverty, hunger risks, and domestic income inequality by 86%, 84%, and 90%, respectively. Our findings indicate the great potential to moderate the concerns on the equity implications of climate change mitigation associated with carbon pricing and the need for improved policy representations in scenarios to better inform equitable and sustainable decarbonisation transitions."
10.1088/1748-9326/aeac6e,True,Environmental Research Letters,该论文研究的是全球范围内事件尺度径流生成的模式与趋势，特别是干旱地区的径流系数显著下降，这与大气环境遥感技术中的空气质量监测、卫星观测、大气成分分析等领域有一定关联，因为径流和降水是大气水循环的重要组成部分，而遥感技术可以用于监测这些水文过程。,"['runoff generation', 'arid catchments', 'event-scale rainfall-runoff']",Danlu Guo;Mohammad Masoud Mohammadpour Khoie;Conrad Wasko,Global patterns and trends in event-scale runoff generation reveal disproportionate declines in arid catchments,"Event-scale rainfall-runoff analyses improve understanding of runoff generation processes and efficiencies, complementing long-term analyses. We present the first uncertainty-aware global synthesis of event-scale runoff generation, which is quantified by events occurrences, typical runoff coefficients, and their full empirical distributions across individual catchments. Across the regions with available gauged data, event runoff coefficients are substantially less than the long-term runoff coefficients, with median event runoff coefficients reaching only 10% of the corresponding long-term values in less than 4% of catchments. This gap reflects the temporal aggregation of event-scale rainfall-runoff conversion, potentially incorporating fundamental flow-partitioning processes including delayed subsurface and groundwater flows. Event runoff occurrences and generation efficiencies vary systematically with aridity, shifting from mostly no-runoff and low-efficiency generation in arid catchments to efficient runoff generation in humid catchments. Although most catchments show non-significant trends, significant declines in runoff occurrences and event runoff coefficients are disproportionately concentrated in arid regions, affecting up to 13% arid catchments. These regions also exhibit the largest magnitudes of decreases across both metrics, highlighting water scarcity risks in the world’s driest regions."
10.5194/acp-26-14229-2026,True,Atmospheric Chemistry and Physics,该论文研究了华北平原水溶性棕碳的光吸收特性和组成，重点关注含氮有机化合物在棕碳光学性质中的作用，这与大气环境遥感技术（如空气质量监测、大气成分分析、气溶胶反演）密切相关。,"['brown carbon', 'air quality monitoring', 'atmospheric composition analysis', 'aerosol retrieval']",Can Wu;Huijun Zhang;Kehan Sun;Rongjie Li;Ziting Yan;Yubao Chen;Zheng Li;Binyu Xiao;Yanqin Ren;Gehui Wang,Light absorption properties and composition of water-soluble brown carbon in North China Plain: implication for an enhancing role of  nitrogenous organic compounds,"Nitrogenous organic compounds represent the pivotal chromophores governing the optical properties of atmospheric brown carbon (BrC) across the North China Plain, which are mainly formed through ammonia-driven aqueous reactions. Accordingly, the mitigation of ammonia emissions is indispensable for the further abatement of haze and BrC pollution in this region. 
 Brown carbon (BrC), an efficiently light-absorbing carbonaceous aerosol, exerts significant impacts on the global energy budget and regional climate, attracting growing scientific attention. To advance understanding of the spatial variability of atmospheric BrC and its dominant formation pathways in the North China Plain (NCP), light absorption properties, chemical composition and formation process of the water-soluble BrC in 2023 winter were investigated by conducting simultaneous measurements at five sites across the NCP, namely, Beijing, Tianjin, Luancheng (rural site), Handan and Jinan. Our results showed that the average light absorption coefficient at 365 nm (abs365) in Luancheng was approximately 1.1–3.5 times higher than those in urban ones. However, mass absorption efficiency displayed a distinctly different spatial pattern, with the strongest light-absorptivity (1.40 ± 0.02 m2 g−1) recorded in Jinan. Notably, average abs365 in four urban sites exhibited a decline of ∼ 45 % from 2018 to 2023 compared to those previous observations. Furthermore, the light-absorptivity of water-soluble BrC was enhanced from clean to haze period at the most sampling sites along with the increasing N:C ratio, indicating that nitrogenous organic compounds (NOCs) were important chromophores of water-soluble BrC in the NCP. Additionally, These NOCs were found to be closely associated with aqueous reactions, in which ammonia played an important role. These results elucidate the substantial contribution of NOCs to atmospheric BrC in the NCP, and further suggest a potentially important role of NH3 emission control in alleviating wintertime haze and BrC pollution under moist conditions in this region."
10.5194/acp-26-14133-2026,True,Atmospheric Chemistry and Physics,该论文研究森林和生物能源扩张如何影响区域云层变化，进而影响气候变暖，这与大气环境遥感技术中的空气质量监测、卫星观测和大气成分分析密切相关。论文涉及云层变化和辐射强迫等关键概念，直接关联大气环境遥感的研究范畴。,"['cloud loss', 'afforestation', 'bioenergy expansion', 'cloud radiative forcing', 'atmospheric warming']",Nanjian Liu;Zhixin Hao;Siyou Xia;Peng Zhao,Forest and bioenergy expansion amplifies climate warming by accelerating regional cloud loss,"Planting trees and biofuel crops stores carbon to fight climate change, but using a climate model we found large-scale versions surprisingly speed up loss of cooling low clouds and boost warming high clouds, worsening northern warming, while realistic planting often slows loss and can cool slightly – showing benefits depend on location and scale, so careful choices are key. 
 Land use and cover change (LUCC) can exacerbate cloud-mediated climate warming, yet long-term cloud responses to contrasting LUCC pathways remain poorly quantified. Here, we perform transient simulations based on the fully coupled Community Earth System Model (CESM) under the SSP1-2.6 scenario to quantify how long-term cloud trends respond to large-scale idealized afforestation (AF50, conversion of grassland or shrubland to forest), idealized bioenergy expansion (BE50, sugarcane expansion), and realistic afforestation (REAL). AF50 drives a pronounced vertical restructuring of cloud trends, steepening mid-level cloud decline and accelerating low-level cloud loss from −0.0153 ± 0.0030 % yr−1 in the control simulation (CTL) to −0.0175 ± 0.0036 % yr−1, corresponding to 1.14 times the CTL rate globally and 1.52 times over land. Concurrently, it amplifies the global increase in high-level clouds by a factor of 1.5 and accelerates total cloud cover loss over land. Bioenergy expansion induces a similar but weaker vertical shift, whereas realistic afforestation slows the loss rate of low- and mid-level clouds and suppresses regional warming. Interpretable machine learning identifies changes in relative-humidity trends as the highest-ranked predictor of LUCC-induced changes in low-level cloud trends, with relative importance values of 20.4 %, 20.4 %, and 15.3 % under AF50, BE50, and REAL, respectively. The simulated low-level cloud response is consistent with surface darkening reducing albedo, increasing sensible heat flux, deepening the planetary boundary layer, enhancing dry-air entrainment, and raising the lifting condensation level relative to the boundary-layer top, thereby suppressing low-level cloud formation. The cloud response is also modulated by remote atmospheric adjustment. The accelerated depletion of low-level clouds strengthens positive shortwave cloud radiative forcing, while the concurrent increase in high-level clouds enhances longwave warming, together amplifying regional warming hotspots. These results demonstrate that larger-scale forest expansion does not necessarily provide greater climate cooling benefits; the sign and magnitude of the outcome depend not only on the latitude band of land conversion but, more critically, on the type of land conversion."
10.5194/acp-26-14165-2026,True,Atmospheric Chemistry and Physics,该论文研究了贝尔格莱德市PM10的化学成分和来源解析，涉及空气质量和颗粒物监测，与大气环境遥感技术（如空气质量监测和大气成分分析）密切相关。,"['PM10', 'source apportionment', 'air quality monitoring']",Bojana Petrović;Andres Alastuey;Karl Espen Yttri;Marco Pandolfi;Maja Jovanović;Bojan Radović;Renata Kovačević;Danka B. Stojanović;Miloš Davidović;Stephen M. Platt;Alena Bartonova;Milena Jovašević-Stojanović,"Chemical characterization and source apportionment of PM10 in Belgrade, Serbia: influence of local and regional anthropogenic and natural sources","Source apportionment based on daily levels of organic and elemental carbon, metals, ions, and organic tracers identified 7 factors, interpreted as anthropogenic and natural sources at both regional and local scales. Mitigation measures would reduce the biomass burning factor, which contributes 21 % to airborne particulate matter annually, primarily during the heating season. Two biogenic factors account for 20 %, the remaining 4 factors are influenced by both anthropogenic and natural sources. 
 Substantial efforts and improvements in air quality across Europe lowered levels of air pollutants including particulate matter (PM) in the last decades. However, significant proportion of the European population still lives in areas exceeding WHO recommendations, especially in Northern Italy, Balkans, and Eastern Europe, including Serbia. Targeted PM mitigation strategies require extensive air quality monitoring and modelling including source apportionment (SA) studies. In the past, numerous SA studies were conducted for Belgrade city, capital of Serbia. Nevertheless, comparisons across the results are difficult, as they encompass different datasets of pollutants contained in PM fractions such as elements and/or ions and/or PAHs. Here, the aim is to offer a broader insight on PM10 sources at an urban background site in Belgrade by including 34 species as input variables for SA (carbonaceous aerosols, elements, ions and specific organic tracers). For SA, the USEPA PMF 5.0 software was applied. The factor that dominated PM10 mass was biomass burning (21 %), primarily during heating season, followed by ammonium sulphate (18 %) and mineral dust (17 %). A mixed traffic and industrial activity accounted for 15 % of PM10 mass while contribution of factors from biological origin, primary biological aerosol particles and biogenic secondary organic aerosols from isoprene, was 10 % each. Mixed factor of long-range transport and road salt/local combustion contributed to the PM10 mass 9 %. This analysis provides more detailed perspective on the composition and sources of PM10 in Belgrade, both from anthropogenic and natural, including biological origin. These findings are valuable for defining targeted PM10 mitigation strategies."
10.5194/acp-26-14111-2026,True,Atmospheric Chemistry and Physics,该论文研究气溶胶羽流在海洋云层中的扩散及其对云层增亮的影响，涉及大气环境遥感技术中的空气质量监测和大气成分分析，因此与大气环境遥感技术密切相关。,"['Twomey forcing', 'aerosol plume spreading', 'marine clouds', 'cloud brightening', 'atmospheric composition']",Lucas A. McMichael;Ehsan Erfani;Robert Wood;Knut von Salzen,Estimating Twomey forcing sensitivity  to aerosol plume spreading rates,"This study explores how aerosol plumes spread in marine clouds and how that affects cloud brightening. Changes in turbulence strongly affect plume spreading rates, but have little effect on the overall brightening in the cases studied. The main uncertainties are aerosol lifetime and how clouds adjust to the aerosols. Climate models often assume that plumes spread instantly, and we find that this may overestimate cooling in some cases. 
 The amount of sunlight that reaches Earth's surface can be reduced by increasing cloud droplet number and decreasing droplet size (i.e., Twomey forcing), a central idea underpinning the Marine Cloud Brightening strategy. Cloud albedo depends nonlinearly on cloud droplet concentration, meaning the spatial extent of aerosol plumes could be an important constraint on the brightening potential. In this study, horizontal aerosol spreading is simulated using a Langevin particle model driven by a library of realistic, 2 d Large Eddy Simulations (LES) spanning the meteorological and aerosol phase space of northeast Pacific stratocumulus. The 2D reflectance fields from the LES are superimposed onto the 2D perturbed aerosol concentrations to calculate the 2D Twomey forcing response.The Day 1 and Day 2 LES regimes have distinct meteorological, aerosol, and turbulence characteristics associated with equatorward movement of the LES domain. Our results indicate that the Day 2 regime has substantially faster plume spreading than Day 1, with ensemble median differences exceeding 2 km h−1. Despite these differences, Twomey forcing is insensitive to the natural variability in spreading rate. This study suggests that Twomey forcing is resilient to variations in meteorology, aerosols, and turbulence, with its efficacy governed primarily by aerosol lifetime and assumptions surrounding cloud adjustments. Although the natural variation in spreading rate does not materially affect Twomey forcing, idealized plume spreading simulations suggest that current GCM assumptions of an infinitely fast spreading rate could lead to a 10 %–200 % overestimation of cooling."
10.5194/acp-26-14185-2026,True,Atmospheric Chemistry and Physics,该论文研究的是如何从稀疏观测数据中生成反演大气点源排放的技术，涉及大气模拟、机器学习和排放率估计，与大气环境遥感技术（如空气质量监测、大气成分分析）密切相关。,"['NeuPlume', 'atmospheric simulation', 'machine learning', 'emission rate', 'greenhouse gas']",Lei Wang;Xin Ma,NeuPlume: generative inversion of atmospheric point-source emissions from sparse observations,"Estimating greenhouse gas emissions from a single source is difficult when only a few air measurements are available. We developed NeuPlume, a method that combines atmospheric simulation with machine learning to estimate the emission rate and its uncertainty. Tests with simulated plumes and drone methane measurements show that it can give more realistic estimates and identify when wind information or flight coverage limits confidence. 
 Inverting point-source emissions from sparse atmospheric observations is difficult because emission rate, release height, wind speed, turbulence, and plume morphology can compensate for one another. We present NeuPlume, a neural-physical framework that formulates inversion as observation-guided generation and selection of complete three-dimensional concentration fields. A Lagrangian stochastic model builds a scenario-specific forward library, a conditional neural field compresses the simulated fields, and a latent diffusion model learns their conditional distribution. During inversion, diffusion posterior sampling generates candidate fields on a coarse-to-fine parameter grid, and NeuPlume returns the parameters and field that best match the observations. Across 30 synthetic cases, the selected fields achieve a mean spatial correlation of 0.942 and a mean emission-rate error of 13.6 %. Matched stress tests show that both observation geometry and transport-model fidelity govern inversion quality: trajectory-concentrated sampling weakens full-field reconstruction, while unrepresented transport alters parameter identification and, for effective plume rise, also degrades field reconstruction. Applied to four UAV methane transects above a coal-mine ventilation shaft, NeuPlume yields known-U minimum-loss emission estimates of 5.27–15.85 kt yr−1 and exposes wind-speed and height-boundary sensitivities under model mismatch. NeuPlume thus provides an extensible methodology for jointly estimating source parameters and concentration fields: additional transport regimes can be incorporated through regime-specific simulation ensembles and neural-model retraining."
10.5194/acp-26-14205-2026,True,Atmospheric Chemistry and Physics,该论文研究的是一种基于物理约束的迁移学习框架，用于在不同卫星传感器之间进行辐射亮度转换，并保持光谱保真度。这直接与大气环境遥感技术相关，例如空气质量监测、卫星观测和大气成分分析。论文中提到的FY-4A/B卫星应用也进一步证明了其与遥感技术的紧密相关性。,"['satellite remote sensing', 'spectral response functions', 'radiative transfer', 'Fengyun-4A/B']",Min Min;Qiang Yu;Jun Li;Han Lin;Yunheng Xue;Xinran Xia;Di Di;Bo Li;Peng Zhang,Physics-constrained transfer learning with a spectral-fidelity-preserving model for satellite remote sensing applications,"A physics‑constrained transfer learning framework enables accurate radiance transformation across satellite sensors with different spectral response functions (SRFs). It integrates a Spectral‑Fidelity‑Preserving model from radiative transfer. Tests confirm robustness to calibration uncertainties and define SRF constraints. FY‑4A/B application improves cloud and precipitation retrievals, enabling operational algorithm transfer. 
 Accurate spectral transformation across satellite sensors with similar but different spectral response functions (SRFs) is essential for applying the same retrieval algorithms. A novel physics-constrained transfer learning (TL) framework is developed for transferring satellite radiance observations across different sensors while preserving physical consistency. It integrates a core Spectral-Fidelity-Preserving (SFP) model based on extensive radiative transfer simulations, allowing broad adaptability for radiance transformation under diverse satellite observational conditions. Sensitivity experiments demonstrate the robustness of the TL framework relating to radiometric calibration uncertainties, particularly in infrared (IR) channels, and further highlight the critical role of SRF similarity between sensors. We further establish practical SRF-similarity thresholds – an allowable scaling-factor range and central-wavenumber-shift limits that are stricter for IR window channels – that support reliable radiance transfer (see Sect. 3.2 for details). Application to radiance observations from Fengyun-4A/B (FY-4A/B) geostationary (GEO) satellites explicitly indicates that the TL approach improves retrieval accuracy for key geophysical parameters such as cloud amount profile and quantitative precipitation estimation, when compared with results obtained without applying TL. Thus, the TL approach enhances cross-satellite data consistency and provides a practical tool for operational satellite data applications (e.g., transferring algorithms developed for FY-4A to FY-4B without operational interruption). It is worth noting that the FY-4A/FY-4B experiments presented here demonstrate retrieval-model transfer, validated against independent downstream satellite products. Beyond retrieval-model transfer, the framework can also support direct radiometric calibration transfer by propagating an absolute calibration reference at the radiance level between different spaceborne imagers."
10.5194/essd-18-7417-2026,False,Earth System Science Data,该论文主要关注建筑能耗建模和需求预测，虽然涉及室外温度等环境因素，但并未直接涉及大气环境遥感技术，如空气质量监测、卫星观测或大气成分分析等。,"['machine learning', 'energy demand', 'base temperature']",Xiujuan He;Jiyong Eom;Sha Yu;Shu Liu;Wenru Xu;Yuyu Zhou,A global base temperature dataset for residential building energy demand modelling,"Buildings use large amounts of energy for heating and cooling. Cutting carbon emissions requires accurate forecasts of that demand, which depends on knowing the outdoor temperature at which buildings switch on heating or cooling. We combined energy use records with climate information and applied machine learning to create the first global dataset of these thresholds across many regions. It improves energy demand predictions by about 10 %, supporting smarter energy planning and climate policy. 
 Accurate building energy demand modelling is critical to decarbonizing regional energy systems. The cooling and heating degree-day models are widely used due to their simplicity and low data requirements; however, the lack of accurate base temperature data limits their performance. In particular, the scarcity of high temporal resolution building energy demand data constrains regional-scale base temperature estimation through conventional methods such as the energy signature method and the performance line method. To address this limitation, this study develops a global regional-scale base temperature dataset based on the BiLSTM neural network framework with an attention mechanism. The dataset includes both cooling base temperature (Tcool) and heating base temperature (Theat) for each region, defined at a spatial scale equivalent to a U.S. state or a Chinese province. The BiLSTM framework demonstrates strong performance, with RMSE values of 1.39 °C for training and 1.33 °C for testing, and Pearson correlation coefficients of 0.84 for Tcool and 0.70 for Theat. Predicted results show that global Tcool ranges from 19–25 °C and Theat from 14–18 °C, consistent with physical principles. External validations using 16 independent datasets demonstrate that the predicted base temperatures consistently improve the accuracy of building energy demand modelling, reducing RMSE by approximately 10 % for both cooling and heating, compared to official or empirical base temperatures. This dataset supplements sparse observational base temperature data and enhances the accuracy of building energy demand modelling, contributing to low-carbon energy system planning and broader climate impact assessment. The proposed global Tbase dataset can be acquired from https://doi.org/10.6084/m9.figshare.30646376.v2 (He et al., 2025b)."
10.5194/essd-18-7403-2026,False,Earth System Science Data,该论文主要关注哥伦比亚浅层地震的地面运动数据集，涉及地震工程、地震危险性分析和地震源物理特征，与大气环境遥感技术（如空气质量监测、卫星观测、大气成分分析、气溶胶反演）无关。,"['shallow earthquakes', 'ground-motion', 'earthquake hazard']",Daniel Martinez-Jaramillo;Sreeram-Reddy Kotha;F. Ramón Zúñiga;Pierre Lacan,Ground-motion dataset for shallow earthquakes in Colombia,"Colombia is regularly struck by damaging earthquakes. We gathered and uniformly processed 7550 recordings from 667 shallow earthquakes into a single open collection describing each earthquake, recording site and level of shaking. Comparison with widely used prediction methods confirmed its quality. The collection can help engineers design safer buildings and improve earthquake hazard maps in Colombia and similar regions. 
 The tectonics of Colombia is characterised by the interaction of multiple oceanic plates subducting beneath the continent, generating active transpressional deformation and a wide range of subduction-related and crustal earthquakes. We present a flatfile containing ground-motion intensity measurements (IMs) from 667 shallow earthquakes. Magnitudes were homogenised using S-wave corner-frequency-based estimates where a reliable agency-reported moment magnitude was unavailable. The dataset includes 7550 three-component acceleration records that were uniformly processed. The computed IMs include peak ground velocity, peak ground acceleration, and 5 %-damped spectral accelerations for 31 periods ranging from 0.01 to 8 s. Furthermore, the Fourier Amplitude Spectra for each component is provided in the frequency range from 0.04 to 50.00 Hz. Epicentral and hypocentral distances are reported for all events, while finite-fault distance metrics are estimated for earthquakes with M> 5.5. Site conditions are characterised using VS30 and the horizontal-to-vertical spectral ratio (H/V). Hypocentre locations are constrained using the ISC-EHB catalogue and the Integrated Seismological Catalogue of the Colombian Geological Survey. For validation and consistency checks, the dataset was compared to a global and region-adapted Ground Motion Prediction Model. This flatfile constitutes a valuable resource for seismic hazard analysis, ground-motion modelling, risk assessment, earthquake engineering applications, seismic-site response and source physics characterisation in Colombia, surrounding regions, and other comparable tectonic environments. The dataset is available at https://doi.org/10.5281/zenodo.22031680 (Martinez-Jaramillo et al., 2026)."
10.5194/essd-2026-556,False,Earth System Science Data Discussions,该论文主要关注岩土物理性质数据库的建立，与大气环境遥感技术（如空气质量监测、卫星观测、大气成分分析、气溶胶反演）无直接关联。,[],Heather Anne Sheldon;David N. Dewhurst;Elise Bekele;Matthias Raiber;Dirk Mallants;Chris Turnadge;Gareth Williams,"A global petrophysical database for igneous, metamorphic and sedimentary rocks","We created a global database of rock property measurements to facilitate modelling and decision making across a range of geoscientific fields. The Global Petrophysical Database incorporates more than 112,000 measurements from over 600 publications, including both in-situ and laboratory measurements, along with associated metadata (e.g. rock type, location, depth). This comprehensive resource will save researchers time in identifying rock property values for their investigations. 
 Petrophysical properties such as porosity, permeability and thermal conductivity are required to support modelling and data interpretation in many geoscientific fields, including groundwater management, carbon geo-sequestration, resource exploration, and subsurface waste disposal. Collation of petrophysical property data from the literature is time consuming, often hampered by inconsistent or incomplete metadata. Existing petrophysical property databases are limited in their geographic extent, or in the range of included properties, rock types or measurement techniques. Motivated by these challenges, a Global Petrophysical Database (GPD) has been developed (Sheldon et al., 2026), incorporating data from more than 600 publications including 10 existing databases and covering 70 countries. Both in-situ and laboratory measurements are included. The database focuses primarily on properties that control subsurface fluid flow, mass transport and heat transport. The GPD is publicly accessible at https://doi.org/10.25919/e8f9-n090 (Sheldon et al., 2026), supported by a graphical web interface, the Global Petrophysical Database Explorer, to facilitate rapid exploration and visualization of the data."
10.5194/essd-2026-756,True,Earth System Science Data Discussions,该论文研究了利用高分辨率卫星图像和地面测量数据来建立树冠尺寸与树干直径之间的关系，以监测树木生物量和碳储存。这与大气环境遥感技术中的卫星观测和大气成分分析密切相关，特别是通过遥感技术监测植被和碳循环。,"['satellite imagery', 'tree crown', 'allometry', 'remote sensing', 'carbon storage']",Tabitha Alimo;David Skole;Jay Samek;Dan Ndalowa;Vincent Oeba;Judith Kamoto;Alfred Chioza;Chad Papa;Justine Spore;Darby Levin;John Brandt;Tangu Tumeo,An African Tree Crown–Stem Allometry Dataset for Monitoring Trees Outside Forests and Landscape Restoration,"We measured 3,493 trees across Kenya, Ghana, Rwanda, and Malawi to solve a key problem: satellites can see tree crowns but not trunks, which are needed to estimate biomass and carbon. We found strong links between crown size and trunk diameter, although relationships varied among landscapes. By linking field measurements with very high-resolution satellite imagery, this dataset enables more accurate, large-area monitoring of scattered trees, restoration progress, and carbon storage. 
 Very high-resolution (VHR) satellite imagery and advances in machine learning increasingly enable individual tree crowns to be mapped across large landscapes, creating new opportunities for census-based estimation of tree biomass and carbon. A fundamental limitation, however, is that satellite imagery can measure crown dimensions but cannot directly observe diameter at breast height (DBH), the principal predictor used in conventional tree biomass allometry. This measurement gap is particularly important in African landscapes dominated by trees outside forests (TOF), where trees are spatially dispersed, conventional forest inventory sampling is difficult to scale, and ground datasets containing concurrent measurements of crown and stem dimensions remain scarce. Here, we present an African individual-tree crown–stem allometry dataset designed to provide the empirical link between remotely observable crown dimensions and the stem measurements required by established biomass allometric models. The dataset was collected using a standardized field protocol across landscapes associated with African Forest Landscape Restoration Initiative (AFR100) projects in Kenya, Ghana, Rwanda, and Malawi. The sampled landscapes encompass agroforestry, reforestation, assisted natural regeneration, and other restoration and land-management systems representative of TOF conditions. Following quality control, the dataset contains 3,493 individual trees with concurrent measurements of DBH, two perpendicular crown diameters, tree height, species identity, geographic location, and associated plot and landscape identifiers. Field measurements were designed for spatial linkage with individual tree crowns delineated from VHR satellite imagery, providing calibration observations for translating remotely sensed crown projected area (CA) into stem diameter."
10.5194/gmd-19-9555-2026,True,Geoscientific Model Development,该论文研究了地面多传感器热力学反演技术，特别是针对中国夜间重降水前的热力学层剖面反演。虽然不是直接与空气质量监测或卫星观测相关，但涉及大气成分分析（如水汽混合比）和利用地面设备（如微波辐射计和Mie-Raman激光雷达）进行大气探测，与大气环境遥感技术有间接关联。,"['ground-based microwave radiometers', 'Mie–Raman lidars', 'adaptive observation weighting', 'thermodynamic profile retrievals', 'atmospheric moisture profiles']",Qi Zhang;Tianmeng Chen;Jianping Guo;Bin Deng;Han Li;Yu Wu,Adaptive observation weighting in TCKF1D-Var for  ground-based multi-sensor thermodynamic retrievals  prior to nocturnal heavy precipitation over China,"This study presents an adaptive observation-weighting scheme for thermodynamic profile retrievals from ground-based microwave radiometers and Mie–Raman lidars. The method dynamically estimates observational contributions during the retrieval process, replacing the commonly used static weighting assumption. Evaluation using 107 heavy-precipitation cases shows improved retrieval accuracy, particularly for atmospheric moisture profiles. 
 Ground-based microwave radiometers (GMWRs) and Mie–Raman lidars (MRLs) provide valuable thermodynamic observations for atmospheric profiling, but conventional variational retrieval frameworks typically rely on static observation weighting assumptions that may not adequately represent varying observation quality under precipitation conditions. To address this limitation, an adaptive observation weighting framework based on the Thermodynamic-Constrained Kalman Filter 1D-Var framework (TCKF1D-Var) is developed and evaluated using 107 nocturnal heavy-precipitation cases. The proposed method dynamically estimates the relative contribution of individual observations during the retrieval process and is applied to GMWR, MRL, and GMWR–MRL synergistic retrievals. Retrieval performance is assessed against radiosonde observations and compared with that of a conventional static-weighting TCKF1D-Var framework. Results show that the adaptive weighting approach consistently improves retrieval accuracy, with the most significant improvements found for water vapor mass mixing ratio profiles. For both GMWR and MRL retrievals, reductions in mean bias and root-mean-square error are obtained relative to the static-weighting framework. The synergistic retrieval further improves moisture-profile retrievals and generally achieves the best overall performance among all experiments. Diagnostic analyses reveal that the adaptive framework dynamically adjusts the utilization of observational information according to sensor characteristics and atmospheric conditions, while redistributing observational influence between GMWR and MRL measurements during synergistic retrievals. These results demonstrate that adaptive observation weighting provides an effective strategy for improving thermodynamic profile retrievals under heavy-precipitation pre-onset conditions."
10.1029/2026GL124411,True,Geophysical Research Letters,该论文研究的是全球大气模拟的分辨率依赖性问题，涉及从km到220m网格间距的模拟，探讨了湍流方案对降水和云的模拟影响。这些内容与大气环境遥感技术中的大气成分分析、降水监测和云层观测密切相关，因此与该领域高度相关。,"['global atmospheric simulation', 'large-eddy simulation', 'precipitation intensity', 'cloud simulation', 'turbulence schemes']",Shuhei Matsugishi;Masaki Satoh;Tomoki Ohno,Resolution Dependence in a Global Atmospheric Simulation From km to 220 m Grid Spacing,"We conducted a 220‐m mesh simulation over the global domain with realistic topography. This can be called a first “global large‐eddy simulation” (GLES) for deep convection. The resolution dependence across km‐ to sub‐km scales and sensitivity to turbulence schemes are investigated. The results showed that the too‐intense localized precipitation frequently produced in km‐scale models, known as “popcorn‐like” precipitation, weakens as resolution increases. Although zonal mean precipitation differs substantially across turbulence schemes at km‐scale resolution, it decreases as resolution increases, indicating convergence across the schemes. Low cloud fraction decreases with increasing resolution, whereas the resolution dependence of high cloud fraction depends on the turbulence scheme: it increases for the Smagorinsky‐type scheme and decreases for the Mellor‐Yamada‐type schemes. The response of low cloud distribution differs between the turbulence schemes. The present results indicate that GLES is promising for simulating precipitation intensity, while cloud simulation remains uncertain."
10.1029/2025JD045697,True,Journal of Geophysical Research: Atmospheres,该论文研究了科罗拉多河谷地区的近地表气温变化，特别是冷空气聚集（CAP）现象对气温分布的影响。研究使用了温度传感器网络和地形算法来分析气温与地形的关系，并比较了不同气温映射方法的效果。虽然论文的主要目的是环境建模和地形分析，但其涉及近地表气温监测和地形对大气温度分布的影响，这与大气环境遥感技术（如空气质量监测和大气成分分析）密切相关。,"['temperature sensors', 'cold-air pooling', 'topographic algorithm', 'air temperature grids', 'atmospheric composition analysis']",John Cramblitt;Rosemary W. H. Carroll;Jessica D. Lundquist,Cold‐Air Pooling and Temperature‐Elevation Mapping in a Colorado Watershed,"Near‐surface air temperature grids are important environmental model forcings. In narrow mountain valleys, most gridded products are too coarse to resolve variability across slopes, so regional studies often map temperature across terrain following locally determined lapse rates. However, lapse rate approaches are complicated by patterns such as cold‐air pooling (CAP), which decouples the valley floor from upper slopes. We used a network of temperature sensors distributed across Colorado's East River watershed to characterize local CAP using empirical orthogonal function decomposition and a topographic algorithm. We then compared three approaches to map observed temperatures across terrain: a two‐station lapse rate, a lapse rate fit to a dense station network, and a CAP‐aware scheme which treated upper slopes separately from the valley floor. The CAP‐aware scheme reduced pooled root mean square error (RMSE) in predicted daily‐minimum temperatures (Tmin ${\mathit{T}}_{\min }$) to 0.9°C, compared to 5.6°C and 1.6°C for the other two approaches, and an application with only a few local weather stations retained skill despite low sensor density (1.1°C). When used to construct 800 m Tmin ${\mathit{T}}_{\min }$ grids, the CAP‐aware approach reduced pooled RMSE compared to PRISM (1.1°C vs. 3.8°C), even when only a few stations were used (1.9°C). When the best and worst performing approaches were mapped to a 100 m grid to force a regional hydrologic model, early summer cumulative basin snow water equivalent differed by 111% between runs, indicating strong sensitivity to melt season temperature input. Finally, analysis across Colorado state suggests CAP effects are widespread among SNOTEL observations."
10.1029/2026JD046534,True,Journal of Geophysical Research: Atmospheres,该研究使用多个气球观测大气重力波，并通过线性回归技术分析波的传播特性。虽然不直接涉及空气质量监测或卫星遥感，但其研究大气波动的方法与大气环境遥感技术（如大气成分分析）密切相关，因为大气波动是影响大气成分分布的重要因素之一。,"['gravity waves', 'atmospheric waves', 'balloon observations', 'multiple linear regression']",I. M. Dulá Razzolini;B. Green;A. Sheshadri;M. J. Alexander,"Observations of Gravity Wave Packets Using a Multiple Balloon, Multiple Linear Regression Technique","Typical climate model resolutions preclude the explicit simulation of most of the spectrum of atmospheric gravity waves (GWs). Climate models must therefore rely on GW parameterizations, which observations help constrain. Between 2011 and 2021, Loon LLC launched thousands of balloons, some of which flew close enough together to be affected by the same GW packet. These groups provide sufficient information to estimate the wavenumbers of GW packets. We identify 23 distinct GW packets seen by groups of four or more balloons using Wavelet analysis. For each GW packet, we perform a multiple linear regression using the balloons' spacing and phase offset to estimate the horizontal and vertical wavenumbers, which we use to calculate the phase speed and group velocity. Across the 23 packets found, we observe mostly low‐frequency GWs that propagate primarily meridionally. From packet properties and ERA5 reanalysis data, we test for proximity to convective and shear instabilities and find no preference for either. These results serve as a proof of concept for a novel GW property estimation technique."
10.1029/2026EF008718,False,Earth's Future,该论文主要关注社会生态技术系统中的系统性风险，研究主题与大气环境遥感技术（如空气质量监测、卫星观测、大气成分分析、气溶胶检索等）无关。,[],Iuliana Armaş;Andra‐Cosmina Albulescu,Rethinking Systemic Risk: An Orthogonal Interaction Framework Linking System‐Wide Disruption and Systemic Vulnerability,"This paper proposes an integrative conceptual framework for understanding systemic risk as emerging in highly interconnected socio‐ecological‐technical systems. Previous research has often examined hazard‐driven risk and vulnerability as separate analytical problems. We argue that systemic risk develops through their interaction within systems characterized by interdependence, nonlinearity, and feedback processes, properties that fundamentally differentiate systemic risk from traditional risk paradigms. We translate this integration into an orthogonal interaction model structured around three independent dimensions: mechanism, topology, and timing. The framework maps 27 interaction types onto three systemic‐risk tiers according to their cascade potential, providing a diagnostic structure for distinguishing cascade‐generating, pre‐critical, and weak or buffering configurations. The framework synthesizes two complementary analytical perspectives that remain largely disconnected in the literature. The first approaches systemic risk as system‐wide disruption resulting from cascading, compounding, and cross‐system interactions. The second approach frames it through systemic vulnerability, that is, a persistent vulnerability core shaped by long‐term socio‐economic, institutional, cultural, and governance processes. Bringing these perspectives together shows how systemic risk emerges when disturbances activate pre‐existing vulnerabilities through cascade‐permissive interaction structures. This explains why moderate‐magnitude hazards can trigger disproportionate impacts and why such events exhibit heavy‐tailed loss distributions driven by interaction‐induced feedback processes. We illustrate the analytical utility of the proposed framework through recent cascading disasters with major implications for risk governance. The framework shifts attention from hazard magnitude alone toward systemic vulnerability, interdependencies, and cascade‐prone architectures, with direct implications for risk assessment and adaptation policy."
10.1029/2026EF008696,True,Earth's Future,该论文研究了平流层气溶胶注入（SAI）对全球和区域气候的影响，使用地球系统模型（如CESM2-WACCM6和UKESM1）进行模拟，并量化了不同SAI策略的效果。这与大气环境遥感技术中的气候监测和模型分析密切相关，因为SAI是一种通过遥感技术（如卫星观测）进行监测和评估的潜在气候干预措施。,"['Stratospheric aerosol injection', 'Earth system models', 'global mean surface air temperature', 'climate modeling', 'seasonal climate']",Cindy Wang;Daniele Visioni;Walker Raymond Lee;Alistair Duffey;Christopher Robert Wentland;Lauren Wheeler;Benjamin Wagman;Samantha Turbeville;Shingo Watanabe;Matthew Henry,Quantifying the Effectiveness of Multiple SAI Strategies Across Different Dimensions,"Stratospheric aerosol injection (SAI) modeling experiments are often designed to keep global mean surface air temperature (GMSAT) close to a reference target, such as early‐century SSP2‐4.5. However, meeting this target does not necessarily restore regional climates or the seasonal and spatial patterns of key variables. We evaluate multiple SAI strategies (ARISE‐SAI‐1.0/1.5, G6‐1.5K‐SAI, and G6‐1.5K‐HiLLA) across four Earth system models (CESM2‐WACCM6, UKESM1, E3SMv3, and MIROC) using a dimensionless, variability‐scaled distance‐to‐target metric applied to the monthly climatological seasonal cycle. We decompose this distance into mean offset, seasonal‐cycle amplitude, and phase/pattern contributions, and use matched baseline‐against‐baseline null distributions to estimate the finite‐sampling floor. SAI substantially reduces temperature distance‐to‐target relative to late‐century SSP2‐4.5, but the majority of SAI model–scenario cases exceed the 97.5th percentile of their matched finite‐sampling null distributions, indicating that residual temperature departures remain detectable even when large‐scale temperature targets are met. These residuals are more strongly associated with differences in seasonal timing than with mean offsets. In contrast, most precipitation distances do not exceed their matched null thresholds, so some apparent precipitation residuals cannot be distinguished from finite‐sampling variability. This framework enables consistent comparisons across intervention strategies, variables, and models without regridding, and identifies where meeting GMSAT targets does or does not restore regional and seasonal climate."
10.1029/2026EF008063,True,Earth's Future,该论文研究城市扩张对蒸散量的影响，涉及地表覆盖变化和城市水循环，与大气环境遥感技术中的空气质量监测、地表参数反演等方向相关，但主要关注点在城市水文和气候调节，而非直接的大气污染物监测或遥感成像技术。,"['evapotranspiration', 'impervious surfaces', 'urban expansion', 'landscape pattern analysis', 'machine learning']",Yang Zhang;Kun Yang;Yanhui Zhu;Shihong Du;Zongqi Peng;Xixi Lu,Dispersed Urban Expansion Amplifies Land Surface Evapotranspiration Loss,"The expansion of impervious surfaces (IS) substantially modifies urban water cycles and local climate regimes by suppressing evapotranspiration (ET), thereby affecting the sustainability of human settlements. However, most existing studies have emphasized the effects of IS quantity or coverage, while it remains unclear how different spatial patterns of urban expansion—dispersed versus compact—differentially regulate ET loss, as well as the extent of their respective impacts. This study integrates machine learning, interpretable artificial intelligence, and landscape pattern analysis to disentangle, with 256 cities in China as the research area, for the first time, the role of IS spatial expansion mode in regulating ET. Our results reveal that the suppressive effect of IS on ET weakens progressively from humid to arid regions and that its contribution to ET reduction follows a logarithmic growth pattern (all R2 > 0.6), intensifying most rapidly during initial urbanization. This early‐stage sensitivity makes the initial choice of spatial expansion modes critical. Our causal analysis confirms that leap‐frogging expansion—characterized by high dispersion and low connectivity—exerts the strongest per‐unit‐area suppression, reducing ET by 93.1 ± 48.4% more than compact, interior‐filling expansion. In humid coastal megacities, each 10% increase in impervious surface percentage under this dispersed pattern reduces ET by 28.2 mm/yr. These findings underscore the critical role played by the spatial pattern of urban expansion in hydroclimatic regulation and provide a quantitative basis for designing climate‐resilient cities that sustain both development and ecological functions."
10.1029/2026GH001884,True,GeoHealth,该论文使用机器学习方法结合卫星观测数据（AOD）来预测PM2.5浓度，并应用于暴露和健康评估，这与大气环境遥感技术（如空气质量监测、卫星观测、大气成分分析、气溶胶反演）密切相关。,"['PM2.5', 'Aerosol Optical Depth (AOD)', 'geostationary satellite', 'machine learning']",K. Fan;A. Bloom;Z. Qu,Machine Learning Predictions of PM2.5 and Their Applications to Exposure and Health Assessment in the CONUS,"Atmospheric fine particulate matter (PM2.5) is one of the most important risk factors for various respiratory and cardiovascular diseases. We develop a two‐phase data‐driven framework that uses geostationary Aerosol Optical Depth (AOD) retrievals to predict hourly PM2.5 at 0.01° × 0.01° resolution and support exposure assessment across multiple spatial and temporal contexts. We use a U‐Net‐like partial convolutional neural network framework inspired by image inpainting to address missing Aerosol Optical Depth (AOD) data from the GOES‐R geostationary satellite. To fill large spatiotemporal gaps in the GOES‐R record, we implement an iterative gap‐filling approach that expands contextual information for successive predictions, maintaining strong agreement with collocated AERONET observations (R = 0.75) while increasing paired observations from 430,603 to 728,115. A random forest is used to predict surface PM2.5 concentrations using our spatiotemporally contiguous gap‐filled AOD. The resulting PM2.5 estimates over 2019–2023 in the top 50 most populous counties over the CONUS capture the magnitude and spatial gradient as measured by the EPA Air Quality System (AQS) and PurpleAir low‐cost sensor network (daily R2 = 0.85, mean bias = −0.11 μg/m3). We use these predictions to assess population exposure and estimate PM2.5‐attributable mortality, finding that Black, Hispanic, and Indigenous populations experienced 1.7%–5.5% higher PM2.5 exposure than White populations across these counties. Additional wildfire case studies in less densely monitored rural regions demonstrate the framework's utility for characterizing short‐term exposure events despite substantial gaps in satellite observations. These findings highlight the value of gap‐filled geostationary AOD for high‐resolution exposure assessment."
10.1029/2026GH001920,False,GeoHealth,该研究主要关注极端高温事件对健康的影响，特别是复合热浪（CHWs）与急诊住院之间的关联，以及社会经济脆弱性。虽然与大气环境有关，但重点在于公共卫生和社会经济影响，而非遥感技术或大气成分分析。,[],Ayoung Kim;Jinah Park;Ho Kim;Yoonhee Kim,Compound Heatwaves and Health Inequality: A Nationwide Study on Emergency Admissions and Socioeconomic Vulnerability in South Korea,"Climate change is intensifying the frequency and severity of extreme heat events. Despite the rising frequency of compound heatwaves (CHWs)—concurrent daytime and nighttime heat—evidence regarding cause‐specific risks and socioeconomic disparities remains limited. This study aimed to examine associations between CHWs and emergency hospital admissions and to identify vulnerable subpopulations. This study analyzed 2,010,769 emergency hospital admissions in the summer (June–September, 2011–2019) using the South Korean National Health Insurance Service database. Heatwaves were classified as daytime, nighttime, or compound based on district‐specific 90th percentile thresholds of the daily maximum and minimum temperatures. A time‐stratified case‐crossover design with a distributed lag model was applied to estimate odds ratios for emergency hospital admissions associated with each heatwave type. Subgroup analyses were conducted including age, sex, household income, population density, and admission cause. Furthermore, we tested the potential impacts of income by incorporating an interaction term between income and each subgroup. CHWs were associated with emergency admissions, with particularly strong associations for genitourinary diseases. The risks were highest among the elderly, male, residents of highly populated areas, and low‐income groups. Furthermore, the association was most pronounced for genitourinary diseases, where the low‐income group showed the highest risk. Daytime heatwaves showed higher risks than nighttime heatwaves, which had weaker but disease‐specific associations. This study showed the health risks of CHWs that disproportionately affect genitourinary conditions and low‐income populations, emphasizing the need for climate adaptation planning that prioritize vulnerable groups and heat‐sensitive diseases."
10.1038/d41586-026-03159-z,False,Nature,该论文标题和摘要主要关注神经细胞支架与慢性疼痛缓解，与大气环境遥感技术（如空气质量监测、卫星观测、大气成分分析、气溶胶检索）无关。,[],,Breaking down nerve-cell scaffold relieves chronic pain in mice,"Results could help researchers to develop painkillers that are safer and more effective than existing treatments. 
 Results could help researchers to develop painkillers that are safer and more effective than existing treatments."
10.1038/d41586-026-03216-7,False,Nature,该论文标题和摘要主要讨论的是学术界的虚假组织，与大气环境遥感技术无关。,[],Benjamin Thompson;Max Kozlov,Briefing Chat: Top researchers are being misled by sham academic societies,"Nature staff discuss a network of organizations that have been building their ranks through deceptive practices. 
 Nature staff discuss a network of organizations that have been building their ranks through deceptive practices."
10.1038/d41586-026-03158-0,False,Nature,该论文主题是关于黑猩猩和大猩猩的大脑在老年时期能否保持重量，与大气环境遥感技术（如空气质量监测、卫星观测、大气成分分析、气溶胶反演）无关。,[],,Chimp and gorilla brains resist weight loss with age — unlike human brains,"The relatively short lifespans of non-human great apes might explain why their brain mass is maintained in later life 
 The relatively short lifespans of non-human great apes might explain why their brain mass is maintained in later life"
10.1038/d41586-026-03217-6,False,Nature,该论文标题和摘要与大气环境遥感技术无关。标题提到达尔文和云的科学书籍，摘要则是对科学书籍的评论，与空气质量监测、卫星观测、大气成分分析或气溶胶检索等主题无关。,[],Andrew Robinson,The life of Darwin and the science of clouds: Books in brief,"Andrew Robinson reviews five of the best science picks. 
 Andrew Robinson reviews five of the best science picks."
10.1038/d41586-026-03210-z,False,Nature,该论文标题和摘要描述的是一种可在紫外光下显现的隐形墨水，可用于医疗纹身，与大气环境遥感技术（如空气质量监测、卫星观测、大气成分分析、气溶胶反演）无关。,[],Rachel Fieldhouse,Watch this invisible tattoo appear under UV light,"The ink could be useful for medical tattooing, but more tests are needed before it is widely available. 
 The ink could be useful for medical tattooing, but more tests are needed before it is widely available."
10.1038/d41586-026-02909-3,False,Nature,该论文主要关注亚马逊森林在二氧化碳持续上升的环境下如何应对，虽然涉及大气环境，但重点在于森林生态和气候科学，而非大气环境遥感技术，如空气质量监测或卫星观测。,"['atmospheric carbon dioxide', 'Amazon forest', 'climate science']",Meghie Rodrigues,An experiment to glimpse the future Amazon — in pictures,"David Lapola is testing a big climate-science unknown: how will the forest cope as atmospheric carbon dioxide continues to rise? 
 "
10.1038/s41586-026-11273-1,False,Nature,该论文主题与大气环境遥感技术无关，而是关于生物年龄时钟和睡眠图表的研究，属于生物学和医学领域。,[],Cliodhna Kate O’Toole;Zhiyuan Song;Filippos Anagnostakis;Zhijian Yang;Ye Ella Tian;Michael R. Duggan;Chunrui Zou;Yue Leng;Yi Cai;Wenjia Bai;Cynthia H. Y. Fu;Michael S. Rafii;Paul Aisen;Gao Wang;Philip L. De Jager;Jian Zeng;Hamilton Se-Hwee Oh;Xia Zhou;Keenan A. Walker;Daniel W. Belsky;Andrew Zalesky;Eleanor M. Simonsick;Susan M. Resnick;Luigi Ferrucci;Christos Davatzikos;Junhao Wen,Publisher Correction: Sleep chart of biological ageing clocks in middle and late life,"Publisher Correction: Sleep chart of biological ageing clocks in middle and late life 
 "
10.1038/d41586-026-03116-w,False,Nature,标题和摘要中并未提及与大气环境遥感技术相关的任何关键词，如空气质量监测、卫星观测、大气成分分析或气溶胶反演等。,[],D. Thomas Minton,Five movements from the edge of the singularity,"Change is in the air. 
 Change is in the air."
10.1038/s41467-026-78402-2,False,Nature Communications,该论文主要关注氢气运输的管道基础设施，涉及成本、生命周期排放和基础设施规划，与大气环境遥感技术（如空气质量监测、卫星观测、大气成分分析、气溶胶反演）没有直接关联。,[],Ayush Singh;Haibo Zhai;Eugene Holubnyak;Curtis Biggs,Pipeline infrastructure for hydrogen transport in the United States,"This study compares new and repurposed gas pipelines for nationwide hydrogen transport, showing how costs and life-cycle emissions vary across options and highlighting trade-offs for infrastructure planning and investment. 
 Pipeline infrastructure is crucial for regional hydrogen transport. However, existing pipeline models have remarkably underestimated the construction-related material and labor costs compared to U.S. historical data. To cope with this problem and establish sustainable infrastructure, we develop integrated performance, economic and life cycle emissions models to comparatively evaluate dedicated pipelines and repurposed natural gas pipelines for hydrogen transport across the country. We find that the levelized cost of hydrogen transport via dedicated pipelines varies with numerous factors, such as location, capacity, and distance; there are similar variabilities in the cost of hydrogen transport via repurposed natural gas pipelines; and although leveraging existing natural gas pipelines can substantially reduce upfront capital expenditures, it may involve tradeoffs in cost and life cycle emissions. Here, we show that the integrated pipeline models and multi-criteria analysis can better guide engineering design, planning, and investment decisions on building nationwide hydrogen transport networks. This study compares new and repurposed gas pipelines for nationwide hydrogen transport, showing how costs and life-cycle emissions vary across options and highlighting trade-offs for infrastructure planning and investment."
10.1038/s41467-026-77919-w,False,Nature Communications,该论文标题和摘要与大气环境遥感技术无关。它主要涉及细胞周期和p53在将人类成纤维细胞直接转换为多巴胺能神经元中的作用，属于生物医学和神经科学领域。,[],Houbo Jiang;Zhimin Xu;Ping Zhong;Yong Ren;Gaoyang Liang;Haley A. Schilling;Zihua Hu;Yi Zhang;Xiaomin Wang;Shengdi Chen;Zhen Yan;Jian Feng,Author Correction: Cell cycle and p53 gate the direct conversion of human fibroblasts to dopaminergic neurons,"Author Correction: Cell cycle and p53 gate the direct conversion of human fibroblasts to dopaminergic neurons 
 "
10.1038/s41467-026-78320-3,False,Nature Communications,该论文研究的是一种pH响应性水凝胶释放植物生长调节剂（strigolactone抑制剂）以促进水稻分蘖并抑制寄生杂草的方法，与大气环境遥感技术（如空气质量监测、卫星观测、大气成分分析、气溶胶反演）无关。,"['strigolactone', 'hydrogel', 'pesticide']",Ali Dai;Zhiguo Zheng;Ronghao Wu;Dengke Ma;Junyan Xu;You Mo;Liusheng Duan;Weiming Tan,pH-responsive manganese carboxymethyl chitosan hydrogel releases pesticide to promote rice tillering and suppress root-parasitic weeds,"Parasitic weeds can threaten crop production. Here the authors describe a pH-responsive hydrogel that releases a strigolactone inhibitor to promote rice tillering and suppress parasitic weed germination. 
 Strigolactone (SL) signaling is an important agricultural target for controlling plant branching and parasitic weeds. Here, based on the SL inhibitor KK094, we describe the design of 32 indole derivatives, of which DK6 exhibits optimal activity. To enhance solubility and bioavailability, we describe a pH-responsive manganese-coordinated carboxymethyl chitosan hydrogel (CMCS-DK6), showing sustained release under alkaline conditions. We demonstrate CMCS-DK6 strongly inhibits germination of parasitic weeds, especially Striga asiatica (IC50 = 1.80 μM), while promoting rice tillering, reducing height, and increasing dry weight. Molecular simulations, along with microscale thermophoresis results, suggest that DK6 binds stably to SL receptors. Transcriptomics reveal DK6 suppresses SL signaling, modulates metabolic pathways, and interacts with hormone pathways to regulate tillering. This work offers a hydrogel delivery strategy and some potential mechanistic implications for improving crop architecture and weed control. Parasitic weeds can threaten crop production. Here the authors describe a pH-responsive hydrogel that releases a strigolactone inhibitor to promote rice tillering and suppress parasitic weed germination."
10.1038/s41467-026-78433-9,True,Nature Communications,该论文研究了纳米材料在环境相关浓度下对地表水中光化学反应的影响，特别是其对污染物降解的作用。这与大气环境遥感技术中的空气质量和污染物监测密切相关，因为纳米材料的光催化作用可能影响大气中的化学反应和污染物转化。,"['TiO2', 'hydroxyl radical', 'pollutant degradation']",Joshua Quinn;Aidan McClure;Pierre Herckes;Paul Westerhoff,Environmentally Relevant Concentrations of Nanomaterials Drive Photochemical Production of Reactive Species and Pollutant Degradation in Surface Waters,"Environmentally relevant nanomaterial concentrations can rival dissolved organic matter in driving pollutant transformation under sunlight or UV-based water treatment. 
 Reactive intermediates in surface waters are widely attributed to dissolved organic matter (DOM). Natural, incidental, or engineered nanomaterials simultaneously occur at parts per billion and can function as photocatalysts, yet the photochemical role of nanomaterials at environmentally relevant concentrations remains overlooked in surface water photochemistry. Here, we quantify reactive intermediates from TiO2 nanomaterials (1–100 μg L−1) and DOM (1–5 mgC L−1) under 222, 265, and 365 nm. Despite lower concentrations relative to DOM, TiO2 produces hydroxyl radical (HO•) rates 10× to 100× higher per unit mass, resulting in comparable HO• formation. DOM plus nanomaterial mixtures shows synergistic behavior, with HO• formation 16-21% above additive predictions. DOM has limited impact in the degradation of 6PPD-quinone whereas nanomaterials enhanced its degradation due to elevated [HO•]ss. These results demonstrate nanomaterials can contribute to or exceed DOM in HO• driven micropollutant degradation in surface waters or engineered ultraviolet-light water treatment systems. Environmentally relevant nanomaterial concentrations can rival dissolved organic matter in driving pollutant transformation under sunlight or UV-based water treatment."
10.1038/s41467-026-78280-8,False,Nature Communications,该论文研究的是真菌病原体 *Candida auris* 的基因组结构如何影响其抗真菌耐药性，与大气环境遥感技术（如空气质量监测、卫星观测、大气成分分析、气溶胶反演等）无关。,[],Anuradha Chowdhary;Nityendra Shukla;Neeraj Chauhan,Genome architecture drives antifungal resistance in <i>Candida auris</i>,"Antifungal resistance often results from mutations in drug target genes. However, Narayanan et al. show that segmental duplication and supernumerary chromosomes also contribute to resistance in the emerging fungal pathogen Candida auris. The work expands the genetic basis of antifungal resistance and redefines the mutation-centric paradigm. 
 Antifungal resistance often results from mutations in drug target genes. However, Narayanan et al. show that segmental duplication and supernumerary chromosomes also contribute to resistance in the emerging fungal pathogen Candida auris. The work expands the genetic basis of antifungal resistance and redefines the mutation-centric paradigm."
10.1038/s41467-026-78380-5,False,Nature Communications,该论文主要研究2D材料的 photodetectors（光电探测器）及其信号工程，旨在解决 persistent photoconductivity（持久光电导）带来的信号读取问题，并未涉及大气环境遥感技术，如空气质量监测、卫星观测或大气成分分析等。,"['2D photodetectors', 'MoS2', 'WSe2', 'PtSe2', 'signal engineering']",Ximing Sun;Xiangkai Liu;Jinxiu Liu;Yuxin Wang;Xin Lu;Peng Wang;Minmin Zhao;Yuhang Xu;Haijuan Wu;Danni Peng;Ling Wang;Chao Tan;Guohua Hu;Hanxiao Cui;Zegao Wang,A cross-layer 2D photodetection framework for standardized readout and signal fusion,"Persistent photoconductivity usually complicates the readout of 2D photodetectors, limiting the stability and speed of the signal representation and processing. Here, the authors introduce a cross-layer signal engineering approach to analyse and stabilize the dynamic outputs of 2D MoS2, WSe2 and PtSe2 photodetectors, showing its extension to multi-sensor image recognition tasks. 
 Beyond improving device responsivity, a central challenge in photodetectors based on two-dimensional (2D) materials is to resolve the information-interface mismatch and delayed system translation caused by trap-governed persistent photoconductivity (PPC). Here we present a cross-layer engineering route oriented towards practical implementation that integrates defect-mechanism analysis, non-stationary signal definition, dynamic distortion compensation and readout-interface engineering, thereby establishing a conversion pathway from physical response to system output in 2D MoS2, WSe2 and PtSe2 photodetectors. In this context, drift, hysteresis and fatigue accumulation in time-varying photoresponses are no longer treated merely as non-ideal perturbations, but are reformulated as state-dependent information that can be defined, compensated and interfaced. Through interface restructuring and stable readout, nW-level state-dependent photocurrents are systematically mapped onto a mixed-signal readout interface. We further extend this strategy to array-level unified output and multisensor fusion, with its frequency-guided representation evaluated in a machine-vision task. Our results show that the history-dependent nonlinear response governed by PPC is not simply a local device non-ideality, but a state-encoded signal linking defect dynamics, readout pathways and system-level tasks. This work provides an engineering route for translating 2D photodetectors from device-level studies to system-level applications. Persistent photoconductivity usually complicates the readout of 2D photodetectors, limiting the stability and speed of the signal representation and processing. Here, the authors introduce a cross-layer signal engineering approach to analyse and stabilize the dynamic outputs of 2D MoS2, WSe2 and PtSe2 photodetectors, showing its extension to multi-sensor image recognition tasks."
10.1038/s41467-026-78008-8,False,Nature Communications,该论文研究的是口腔病原体与肝纤维化的关系，涉及生物医学领域，与大气环境遥感技术（如空气质量监测、卫星观测、大气成分分析、气溶胶反演）无关。,[],Deqian Tang;Junbin Wei;Manqing Liu;Lingjun Cui;Jiaxiong Chen;Houze Li;Minyi Lin;Xiangwei Li;Qianmin Ou;Qiushi Li,Periodontal pathogen <i>Tannerella forsythia</i> promotes liver fibrosis via ICAM-1⁺ neutrophil–dependent hepatic stellate cell activation,"Peridontitis has been linked in the development and progression of liver fibrosis. Here the authors suggest that Tannerella forsythia is linked to the promotion of liver fibrosis by ICAM-1+ neutrophils activating hepatic stellate cells. 
 Periodontitis is a key driver in the development and progression of liver fibrosis. Nevertheless, how specific periodontal pathogens contribute to liver fibrosis remains elusive. Here, we identify Tannerella forsythia as the crucial mediator in the link between periodontitis and liver fibrosis, which can translocate to the gut and aggravate liver fibrosis. Mechanistically, Tannerella forsythia promotes the infiltration of ICAM-1+ neutrophils and inflammatory response in the liver via disrupting intestinal barrier integrity. ICAM-1+ neutrophils secrete TNF-α, which activates the PI3K/AKT/mTOR pathway in hepatic stellate cells, triggering collagen deposition and fibrogenesis. Conditional knockout of ICAM-1 in neutrophils or global deletion of TNF-α significantly attenuates inflammatory response and liver fibrosis caused by Tannerella forsythia. Taken together, this study identifies an oral-gut-liver axis driven by Tannerella forsythia and provides a prospective therapeutic target for periodontitis-related liver fibrosis. Peridontitis has been linked in the development and progression of liver fibrosis. Here the authors suggest that Tannerella forsythia is linked to the promotion of liver fibrosis by ICAM-1+ neutrophils activating hepatic stellate cells."
10.1038/s41467-026-78027-5,False,Nature Communications,该论文研究的是DNA修复和ATM激酶的作用，与大气环境遥感技术（如空气质量监测、卫星观测、大气成分分析、气溶胶反演）无关。,[],Maria Altshuller;Guojun Shi;Victoria A. MacKrell;Jasmine Tzeng;Richa Nigam;Jade K. Konsler;Ting-Yu Wang;Yixing Wang;Emma J. Grogan;Obehi E. Ozua;Judith L. Campbell;James M. Dewar;Tsui-Fen Chou;Binghui Shen;Daniel R. Semlow,ATM promotes nucleolytic processing of reversed replication forks during DNA interstrand cross-link repair,"Replication stress often induces fork reversal, which protects stalled replication intermediates until replication can resume. This study identifies the ATM kinase as a key regulator that promotes nuclease-dependent processing of reversed fork structures formed at DNA interstrand cross-links. 
 During replication-coupled DNA interstrand cross-link (ICL) repair, fork reversal is thought to enable the Fanconi anemia (FA) pathway to resolve the ICL through nucleolytic incisions. The resulting regressed arm of the reversed fork undergoes extensive nucleolytic resection that may facilitate completion of replication. Despite the importance of these remodeling events, their regulation remains poorly understood. Here, we use cell-free Xenopus egg extracts and human cells to investigate reversed fork processing during ICL repair by the FA pathway. We find that the ataxia-telangiectasia mutated (ATM) kinase is activated concomitantly with fork reversal and promotes resection of reversed fork intermediates. ATM enhances chromatin recruitment of DNA2, which acts alongside EXO1 to resect reversed forks formed during ICL repair. Moreover, inhibition of protein phosphatase 2A (PP2A) leads to ATM hyperactivation, accelerated reversed fork processing, and accumulation of aberrant end-joining products, implying that PP2A restrains ATM signaling to limit reversed fork resection. Taken together, this work identifies reversed forks as substrates for ATM activation and reveals a phospho-regulatory circuit that controls reversed fork processing. Replication stress often induces fork reversal, which protects stalled replication intermediates until replication can resume. This study identifies the ATM kinase as a key regulator that promotes nuclease-dependent processing of reversed fork structures formed at DNA interstrand cross-links."
10.1038/s41558-026-02773-z,False,Nature Climate Change,该论文主要研究地形变化对生物体在山地景观中对气候变化的响应的影响，涉及生态学和生物能量学领域，但与大气环境遥感技术（如空气质量监测、卫星观测、大气成分分析、气溶胶反演）没有直接关系。,"['topographic variation', 'climate change', 'bioenergetic simulations']",D. R. Adams;E. A. Riddell,Topographic variation shapes organismal responses across mountain landscapes,"The authors developed simulations to examine the role of topographic variation in mediating species response to climate change. They show that topographic variation can reduce energy expenditure by up to 20.8% and increase buffering benefits of elevation shifts by 82.1% for a diurnal ectotherm. 
 Topography is expected to mediate species’ responses to climate change by providing terrain-driven microclimates that buffer animals from warming, yet how topographic shading drives animal responses to climate change remains poorly understood. Using bioenergetic simulations that incorporate topographic shading to predict the ecological and physiological consequences of climate warming, we show that topographic variation can reduce energy expenditure by as much as 20.8% and increase the buffering benefits of shifting elevation by 82.1% for diurnal ectotherms. In contrast, topographic shading provided little buffering for nocturnal ectotherms. Warming also increased energetic costs most at low elevations, widening elevational differences in energetic costs. Across North America, 48.9% of mountain ranges are depleted in topographic features that buffer the effects of warming, with tectonic history shaping present-day terrain-driven microclimates. Together, our results highlight topographic variation as a critical variable shaping organismal experiences of climate change at both landscape and continental scales. The authors developed simulations to examine the role of topographic variation in mediating species response to climate change. They show that topographic variation can reduce energy expenditure by up to 20.8% and increase buffering benefits of elevation shifts by 82.1% for a diurnal ectotherm."
10.1038/s43247-026-04079-6,False,Communications Earth & Environment,该论文主要研究流域水文功能的时间变异性，与大气环境遥感技术（如空气质量监测、卫星观测、大气成分分析、气溶胶反演）没有直接关系。,"['catchment', 'streamflow', 'hydrologic function']",Ying Yan;Hamed Sharif;Ali A. Ameli,Catchment hydrologic function is widely time-variant,"How catchments convert rainfall and snowmelt into streamflow is widely time-variant, shifting from one event to the next even where successive events arrive as the same water-input type on similarly wet or dry soils, according to an analysis of ~1.7 million runoff-producing events across 4,838 catchments on six continents. 
 Catchment hydrologic function describes how meteorological conditions are transformed into streamflow. Whether this transformation is stable or varies from event to event, and what controls that variability, remains unknown at the global scale, limiting confidence in flood-risk and water-security assessments. Here, we analyze about 1.7 million runoff-producing events across 4838 catchments on six continents. We classify each event by its water-input type (rain, snowmelt, or rain-on-snow) and by its antecedent soil moisture (dry, moderate, or wet). These two descriptors together define the event’s hydro-meteorological conditions. We summarize each catchment’s dominant hydro-meteorological event type in the dormant and growing seasons separately, and find a wide diversity of dominant types across the global catchment population. We then quantify, for each catchment, the extent of event-to-event time-variance in the precipitation–streamflow transfer function that represents catchment hydrologic function. Time-variant catchment hydrologic function is pervasive: 95.6% of catchments in the dormant season and 99.0% in the growing season show moderate to strong event-to-event variation, and even catchments experiencing highly similar hydro-meteorological conditions across events remain functionally time-variant. Within-catchment spatial heterogeneity in hydro-meteorological conditions modulates this variation. Greater time-variance in hydrologic function is associated with greater event-to-event variation in a catchment’s runoff response. How catchments convert rainfall and snowmelt into streamflow is widely time-variant, shifting from one event to the next even where successive events arrive as the same water-input type on similarly wet or dry soils, according to an analysis of ~1.7 million runoff-producing events across 4,838 catchments on six continents."
10.1038/s43247-026-04104-8,False,Communications Earth & Environment,该研究关注的是草地生态系统中的地上和地下生物多样性对放牧扰动的响应，与大气环境遥感技术（如空气质量监测、卫星观测、大气成分分析、气溶胶反演等）无关，因此不相关。,"['air quality monitoring', 'satellite observations', 'atmospheric composition analysis', 'aerosol retrieval']",Jinlong Gao;Shanghua Wu;Hongshuo Wang;Shiping Chen;Shijie Wang;Mengzhen Xu;Qingmin Pan;Xingguo Han;Xuliang Zhuang,Grazing-related disturbance decouples aboveground and belowground responses in the Eurasian meadow steppe,"Grazing elicits contrasting biodiversity responses above and below ground, with plant communities peaking at intermediate disturbance and soil communities reorganizing in line with the stress-gradient hypothesis, based on analyses along a grazing gradient in the Eurasian meadow steppe. 
 Grazing is among the most pervasive disturbances in grasslands, yet it remains unclear whether the Intermediate Disturbance Hypothesis (IDH), which predicts peak biodiversity at intermediate disturbance, extends from plant to belowground multitrophic communities. Across a grazing-related disturbance gradient in the Eurasian meadow steppe, we show that plant communities followed the IDH, with unimodal responses in diversity, biomass, and stability, whereas soil multitrophic communities followed a different trajectory. Soil multitrophic α diversity was insensitive to disturbance, yet β diversity peaked under moderate disturbance, accompanied by reduced network complexity and a shift toward positive associations, indicating belowground community reorganization consistent with the stress-gradient hypothesis. These contrasting responses were associated with reduced plant-derived carbon subsidies, including lower dissolved organic carbon and a shift toward more recalcitrant dissolved organic matter. Our findings reveal that the IDH does not generalize across trophic compartments, calling for integration of belowground multitrophic dynamics into grassland resilience frameworks under global change. Grazing elicits contrasting biodiversity responses above and below ground, with plant communities peaking at intermediate disturbance and soil communities reorganizing in line with the stress-gradient hypothesis, based on analyses along a grazing gradient in the Eurasian meadow steppe."
None,False,Remote Sensing of Environment,该论文主要关注的是国家尺度的长期土地覆盖监测的准确性评估方法，与大气环境遥感技术（如空气质量监测、卫星观测、大气成分分析、气溶胶反演）没有直接关系。,"['land cover monitoring', 'national scale', 'LCMAP']",Danika Wellington;Stephen V. Stehman;Josephine Horton;Bruce Pengra;Christopher P. Barber,"Methodology for assessing the accuracy of long-term, annual land cover monitoring at national scale: Experiences from the Land Change Monitoring, Assessment, and Projection (LCMAP) initiative",
None,True,Remote Sensing of Environment,该论文比较了NASA Harmonized Landsat和Sentinel-2 (HLS)表面反射率产品与MODIS NBAR，这些产品都用于地表反射率的监测，属于大气环境遥感技术中的卫星观测和地表参数反演范畴，因此与大气环境遥感技术密切相关。,"['NASA', 'Landsat', 'Sentinel-2', 'MODIS', 'surface reflectance']",Qiang Zhou;Min Feng;Junchang Ju;Joseph O. Sexton;Eric Vermote;Panshi Wang;Amit Angal;Margaret Wooten;Madhu K. Sridhar;Saurabh Channan;Nathan Thomas;Christopher S.R. Neigh,Comparison of NASA Harmonized Landsat and Sentinel-2 (HLS) surface reflectance products with MODIS NBAR,
None,True,Remote Sensing of Environment,该论文研究利用非局部DS-InSAR技术和物理模型反演技术来探测地下煤火的燃烧空腔。虽然主要关注地下现象，但地下煤火会产生大量大气污染物（如CO、SO2等），因此与大气环境遥感技术中的空气质量监测和大气成分分析有间接关联。,"['nonlocal DS-InSAR', 'underground coal fires', 'physics-based inversion']",Shiyong Yan;Wenyan Qiu;Yufen Niu;Haolei Zhang;Jinqi Zhao;Zhong Lu,Mapping subsurface combustion cavities in underground coal fires using nonlocal DS-InSAR and physics-based inversion,
None,True,Remote Sensing of Environment,该论文的标题和摘要明确涉及多源卫星SIF（植被指数）交叉评估，以及误差估计的条件性。这直接关联到大气环境遥感技术，特别是卫星观测和大气成分分析。SIF是大气成分的一个重要参数，而交叉评估是确保卫星数据准确性的关键步骤，因此该研究高度相关于大气环境遥感技术领域。,"['satellite SIF', 'cross-evaluation', 'atmospheric composition']",Xiaodan Wu;Qicheng Zeng;Yuxin Wang;Rongqi Tang;Jing Pei;Gaofei Yin;Xiaojun Li;Jianguang Wen;Qing Xiao,"The conditional nature of error estimates in multi-source satellite SIF cross-evaluation: How product combinations, statistical models, spatial scales, and temporal treatments shape the conclusions",
None,False,Remote Sensing of Environment,该论文研究的是从合成孔径雷达（SAR）观测中通过物理约束贝叶斯框架集成反演海面风场和海流场，主要关注海洋遥感技术，与大气环境遥感技术（如空气质量监测、卫星观测、大气成分分析、气溶胶反演）关系不大。,"['SAR', 'ocean surface wind', 'current fields', 'Bayesian framework']",Yuting Zhu;Marcos Portabella;Shengren Fan;Giuseppe Grieco;Xiaoqing Wang;Xiaofeng Li;Haohuan Fu,Integrated retrieval of ocean surface wind and current fields from single-geometry SAR observations through a physically constrained Bayesian framework,
None,False,Remote Sensing of Environment,该论文主要研究土壤湿度产品的有效性，使用不同的三重配置方法和空间相似性评估框架，与大气环境遥感技术（如空气质量监测、卫星观测、大气成分分析、气溶胶反演）关系不大。,"['soil moisture', 'triple collocation', 'spatial similarity']",Meng Cao;Min Chen;Jeffrey P. Walker,Effectiveness of multi-source merged soil moisture products using different triple collocation methods: A comprehensive assessment incorporating spatial similarity evaluation framework,
None,True,Remote Sensing of Environment,该论文标题和摘要明确涉及量子增强的多光谱遥感技术，用于超低信号环境，这与大气环境遥感技术（如空气质量监测、卫星观测、大气成分分析、气溶胶反演）密切相关，因为多光谱遥感是大气环境监测的重要技术手段，而量子增强技术可以提升遥感在低信号环境下的性能。,"['quantum-enhanced', 'multispectral remote sensing', 'ultra-low signal environments']",Sumanta Das;Malini Roy Choudhury,Next frontier of Earth observation: Quantum-enhanced multispectral remote sensing for ultra-low signal environments,
None,True,Remote Sensing of Environment,该论文标题和摘要明确涉及使用卫星传感器（Sentinel-5P和EnMAP）对格陵兰冰盖上融化的冰川区域的总水汽柱进行测量和比较，这与大气环境遥感技术（如卫星观测和大气成分分析）密切相关。,"['Sentinel-5P', 'EnMAP', 'total column water vapor', 'Greenland ice sheet', 'spaceborne measurements']",Alexander Kokhanovsky;Luca Lelli;Karl Segl;Jörg Bendix,The intercomparison of total column water vapor over a melting glacier on the Greenland ice sheet derived using spaceborne Sentinel-5P and high spatial resolution EnMAP measurements,
None,True,Remote Sensing of Environment,该论文标题和摘要涉及使用遥感技术对活动火山环境中的热液蚀变进行监测和研究，这与大气环境遥感技术中的大气成分分析、火山灰监测等领域有较强的相关性。,"['hydrothermal alteration', 'volcanic environments', 'remote sensing']",Guosheng Gao;Thomas R. Walter;Samuel T. Thiele,Remote sensing of hydrothermal alteration in active volcanic environments: A critical review and integrated analysis of Lastarria volcano,
None,True,Remote Sensing of Environment,该论文标题和摘要明确涉及使用卫星成像光谱技术进行甲烷排放的遥感监测，并采用形态融合优化算法，与大气环境遥感技术（如空气质量监测、卫星观测、大气成分分析、气溶胶反演）高度相关。,"['methane retrieval', 'satellite imaging spectrometry', 'morphological fusion']",Fei Li;Chenxi Feng;Javier Roger Juan;Luis Guanter;Huilin Chen;Shiwei Sun;Donglai Xie;Jun Lin;Lanlan Fan;Jianwei Cai;Yongguang Zhang,An optimized methane retrieval approach based on morphological fusion for mapping methane point emissions from spaceborne imaging spectrometry,
None,True,Remote Sensing of Environment,该论文与大气环境遥感技术密切相关，因为它涉及使用Landsat卫星数据获取南极海面温度，并采用云原生处理和新型海豹标签验证技术。这些技术属于遥感领域，特别是卫星观测和温度监测方面。,"['Landsat', 'sea surface temperatures', 'Antarctic']",Tasha Snow;Andrew Harris;Francis Glassup;Shane Grigsby;Ellianna Abrahams;Elena Savidge;Ted Scambos;Seonju Lee;Guilherme Bortolotto;Fernando Pérez;Christopher Shuman;Waleed Abdalati;Matthew Siegfried,High-resolution Antarctic sea surface temperatures from Landsat enabled by cloud-native processing and novel seal-tag validation,
None,True,Remote Sensing of Environment,该论文研究使用毫米级分辨率的无人机RGB图像在45°视角下估算水稻叶片角度分布，涉及几何特征分析。虽然不直接涉及空气质量监测或卫星观测，但属于遥感技术在农业领域的应用，可以间接与大气环境遥感技术相关联，特别是植物生长监测和地表参数提取方面。,"['UAV RGB imagery', 'rice leaf angle distribution', 'geometric features']",Yangmingrui Gao;Linyuan Li;Ming Shi;Wenjie Wang;Peiqi Yang;Feng Xiao;Hao Lu;Fred Baret;Yanfeng Ding;Shouyang Liu,Estimation of rice leaf angle distribution from geometric features in millimetric-resolution UAV RGB imagery acquired at 45° viewing angle,
None,False,Remote Sensing of Environment,该论文标题和摘要主要关注的是使用SWOT技术对水库运行进行大范围建模，这与大气环境遥感技术（如空气质量监测、卫星观测、大气成分分析、气溶胶反演等）没有直接关联。,"['SWOT', 'reservoir operations', 'modeling']",Elyssa L. Collins;Augusto Getirana;Sujay Kumar;Yeosang Yoon;Chi-Hsiang Huang;Huilin Gao;Fuad Yassin,Towards continental-scale SWOT-based modeling of reservoir operations,
None,False,Remote Sensing of Environment,该论文主要关注使用地面激光雷达系统评估小麦冠层中的植物面积指数和三维植物面积分布，这与大气环境遥感技术（如空气质量监测、卫星观测、大气成分分析、气溶胶反演）关系不大。它属于植物表型分析领域，而非大气环境遥感。,"['terrestrial LiDAR', 'plant area index', '3D plant area distribution']",Raul Lopez-Lozano;Tian Ma;Maxime Soma;Marie Weiss;Aurelien Ausset;Philippe Burger;Bruno Berthon;Romain Chapuis;Marie-Pia D'Argaignon;Antonin Grau;Florian Larue;Romane Le-Roy;Remy Marandel;Vincent Mercier;Mathieu Roy;Gilles Tison;Frederic Venault;Pierre Martre;Frederic Baret,Assessing plant area index and 3D plant area distribution in wheat canopies from a terrestrial LiDAR system for high-throughput plant phenotyping,
None,True,Remote Sensing of Environment,该论文标题和摘要明确涉及从遥感测量中获取晴空地表长波向下辐射，这与大气环境遥感技术（如大气成分分析、卫星观测）密切相关，因此判断为强相关。,"['clear-sky surface longwave downward radiation', 'remotely sensed measurements', 'atmospheric radiation']",Yihan Du;Tianxing Wang;Yi Zheng;Dahui Li;Yuyang Xian;Feiyao Gao;Stefan A. Buehler,A scene-mapped framework for deriving clear-sky surface longwave downward radiation from remotely sensed measurements,
None,True,Remote Sensing of Environment,该论文研究了利用Sentinel-1和Sentinel-2卫星图像时间序列数据进行农业田界划分的技术，涉及卫星遥感技术，与大气环境遥感技术中的卫星观测和图像处理相关，因此相关性较强。,"['Sentinel-1', 'Sentinel-2', 'agricultural field boundary', 'satellite image time series']",Foivos I. Diakogiannis;Zheng-Shu Zhou;Jeff Wang;Gonzalo Mata;Dave Henry;Roger Lawes;Amy Parker;Peter Caccetta;Suzanne Furby;Rodrigo Ibata;Ondrej Hlinka;Jonathan Richetti;Kathryn Batchelor;Chris Herrmann;Andrew Toovey;John Taylor,Tackling fluffy clouds: robust agricultural field boundary delineation from Sentinel-1 and Sentinel-2 satellite image time series,
None,True,Remote Sensing of Environment,该论文研究北京-天津-河北城市群中的人为热通量，使用CUNTLI方法进行高空间分辨率映射。虽然主要关注人为热通量而非直接的大气污染物，但这种方法与遥感技术中的数据收集和分析方法密切相关，例如通过卫星或地面传感器进行高分辨率监测，因此与大气环境遥感技术有一定关联。,"['anthropogenic heat flux', 'Beijing-Tianjin-Hebei', 'CUNTLI-based inventory method']",Biyun Guo;Yingchun Fu;Deyong Hu;Yaolong Zhao;Qiming Zheng;Yuyu Zhou,High-spatial-resolution mapping of annual anthropogenic heat flux in the Beijing-Tianjin-Hebei urban agglomeration using the CUNTLI-based inventory method,
None,True,Remote Sensing of Environment,该论文研究了利用无人机和卫星遥感技术融合多尺度异质性信息来提高区域小麦产量的估算方法。这涉及到遥感技术在农业产量监测中的应用，虽然核心应用领域是农业，但所使用的技术手段（无人机和卫星遥感）与大气环境遥感技术密切相关，尤其是在数据获取和分析方面。因此，该论文与大气环境遥感技术有较强的相关性。,"['UAV', 'satellite remote sensing', 'regional winter wheat yield']",Zhikai Cheng;Xiaobo Gu;Yang Xu;Xiaohai Fang;Zhengtao Zhang;Penglin Li;Yupeng Li;Shikun Sun;Yadan Du;Huanjie Cai,Improving regional winter wheat yield estimation by assimilating cross-scale heterogeneity information from UAV and satellite remote sensing,
None,True,Remote Sensing of Environment,该论文研究了Sentinel-2卫星数据与LiDAR技术获取的林分叶面积指数（LAI）之间的差异，探讨了表观光学深度、辐射传输先验和水平异质性等因素的影响。这些内容与大气环境遥感技术密切相关，特别是卫星观测和大气成分分析方面。,"['Sentinel-2', 'LiDAR', 'LAI', 'atmospheric optical depth', 'radiative transfer']",Nathan Corroyez;Jean-Baptiste Féret;Jérôme Ogée;Jonathan Lenoir;Sylvie Durrieu,"Discrepancies between Sentinel-2 and LiDAR-derived LAI in temperate deciduous forests: Influence of apparent optical depth, radiative transfer priors, and horizontal heterogeneity",
None,True,Remote Sensing of Environment,该论文研究的辐射传输模型（radiative transfer model）与农业条带间作结构（agricultural strip-intercropping structures）相关，这涉及到大气环境的结构和组成分析，与大气环境遥感技术（如大气成分分析、气溶胶反演）密切相关。,"['radiative transfer model', 'agricultural strip-intercropping', 'atmospheric structure']",Run Zhong;Dalei Hao;Zhihong Li;Carlos Camino;Si Gao;Qing Li;Yanan Wei;Higor de Queiroz Ribeiro;Hong Sun;Feng Yang;Matheus Pinheiro Ferreirad;Haoran Liu;Renan Caldas Umburanas;Durval Dourado-Neto;Yelu Zeng,RTAS: A radiative transfer model for agricultural strip-intercropping structures,
None,True,Remote Sensing of Environment,该论文研究了夜间灯光数据的融合方法，涉及SDGSAT-1和VIIRS卫星传感器，这与大气环境遥感技术中的卫星观测和数据分析直接相关，因此与大气环境遥感技术密切相关。,"['SDGSAT-1', 'VIIRS', 'nighttime light data']",Linxin Dong;Zhan Pan;Wei Xu;Yongze Song;Zuoqi Chen;Congxiao Wang;Yan Huang;Bailang Yu,NightFEST: A Feature-Enhanced SpatioTemporal fusion method for Nighttime light data from SDGSAT-1 GLI and NPP-VIIRS,
None,True,Remote Sensing of Environment,该论文标题和摘要明确涉及GNSS-R（全球导航卫星系统反射测量）技术，这是一种用于海洋散射测量的遥感技术，与大气环境遥感技术中的卫星观测和大气成分分析有直接关联。摘要中提到的‘梯度提升决策树’是一种用于数据回标和校准的算法，进一步表明该研究涉及大气遥感技术的应用和改进。,"['GNSS-R', 'ocean scatterometry', 'gradient boosting decision tree']",Hao Du;Weiqiang Li;Estel Cardellach;Serni Ribó;Antonio Rius,An improved GNSS-R ocean scatterometry recalibration approach using gradient boosting decision tree,
None,True,Remote Sensing of Environment,该论文研究了如何使用虚拟辐射站网络估算中国地表的全球和漫射太阳辐射，这与大气环境遥感技术中的太阳辐射测量和空气质量监测密切相关。太阳辐射是大气成分和空气质量的重要影响因素，因此该研究属于大气环境遥感技术领域。,"['solar radiation', 'virtual radiation station', 'China']",Yuhong Tu;Xin Yang;Hong Tang;Haoze Shi,Estimating hourly surface global and diffuse solar radiation across China using virtual radiation station networks,
None,True,Remote Sensing of Environment,该论文结合了人为水动力学和GOCI卫星观测数据来反演高工程化沿海系统的水质，涉及卫星观测技术在水环境监测中的应用，与大气环境遥感技术中的卫星观测和水质监测相关。,"['GOCI', 'satellite observations', 'water quality retrieval']",Yejin Lee;Dongjin Kim;Suhwan Kim;Dohee Han;Hyun-su Kim;Jonghan Ko;Su-mi Kim;Kyeong-sang Lee;Jong-Min Yeom,Integrating anthropogenic hydrodynamics and GOCI satellite observations for water quality retrieval in highly engineered coastal systems: A case study of Saemangeum,
None,True,Remote Sensing of Environment,该论文研究的是基于地球静止卫星的近实时活跃火情检测网络，这属于大气环境遥感技术的范畴，特别是与大气成分分析和空气质量监测相关。,"['geostationary satellite', 'active fire detection', 'atmospheric environment']",Junjie Chen;Jungho Im;Yinghui Zhao;Zhen Zhen;Guang Yang,GUARD-net: A geostationary satellite-based network for near-real-time active fire detection under class imbalance,
None,False,Remote Sensing of Environment,该论文研究的是利用深度学习进行大规模滑坡易发性制图，与大气环境遥感技术（如空气质量监测、卫星观测、大气成分分析、气溶胶反演等）无关。,"['landslide', 'deep learning', 'Pakistan']",Bo Liu;Deren Li;Xiongwu Xiao;Zhenfeng Shao;Yingbing Li;Jiayu Hu,Large-scale landslide susceptibility mapping via deep learning: A case study of Pakistan,
None,True,Remote Sensing of Environment,该论文研究了Sentinel-1卫星的DInSAR技术在意大利领土表面位移监测中的应用，涉及卫星观测和数据处理技术，与大气环境遥感技术中的卫星观测和地表参数反演密切相关，因此是强相关的。,"['Sentinel-1', 'DInSAR', 'surface displacements monitoring']",F. Casu;I. Antoncecchi;M. Bonano;V. Bosi;C. De Luca;D. Di Bucci;A. Fagiani;D. Mangione;M. Manunta;F. Monterroso;G. Onorato;R. Sofia;I. Zinno;R. Lanari,Sentinel-1 operational DInSAR services for surface displacements monitoring of the Italian territory through the P-SBAS processing chain: a review after 10 years of observations and data processing,
None,True,Remote Sensing of Environment,该论文标题和摘要明确涉及TROPOMI卫星的SIF（太阳诱导荧光）产品验证，这属于大气环境遥感技术领域，特别是卫星观测和大气成分分析。,"['TROPOMI', 'SIF', 'satellite observations']",Qian Zhang;Yan Liu;Josep Peñuelas;Adrià Descals;Yang Yang;Jianli Shi;Xingfa Gu,Validation of TROPOMI SIF products based on spatial representativeness grading and atmospheric-geometric effect assessment,
None,True,Remote Sensing of Environment,该论文标题和摘要表明其研究内容涉及使用机器学习技术进行云检测，并结合物理学知识。云是大气的重要组成部分，云的检测和特性分析属于大气环境研究范畴，与大气环境遥感技术（如卫星观测、大气成分分析）密切相关。因此，该论文与大气环境遥感技术具有较强的相关性。,"['machine learning', 'cloud detection', 'physics-informed']",Shi Qiu;Zhe Zhu;Xiucheng Yang;Junchang Ju;Qiang Zhou;Christopher S.R. Neigh,Physics-informed machine learning for cloud detection,
None,True,Remote Sensing of Environment,该论文研究了使用成像光谱数据评估解混技术，以获取绿色、非光合植物和土壤覆盖率，这些内容与大气环境遥感技术密切相关，特别是与植被和土壤成分的遥感监测相关。,"['imaging spectroscopy', 'spectral unmixing', 'vegetation retrieval', 'soil fractional cover']",Francisco Ochoa;Philip G. Brodrick;Jorge A. Ochoa Gonzalez;Sandra L. LeGrand;Madeleine N. Gillespie;Red Willow Coleman;Yoseline Angel;K. Dana Chadwick;Regina Eckert;Kathleen Grant;Thoralf Meyer;David R. Thompson;Robert O. Green;Gregory S. Okin,"Evaluating spectral unmixing techniques using imaging spectroscopy data for retrieval of green, non-photosynthetic vegetation, and soil fractional cover",
None,True,Remote Sensing of Environment,该论文使用PlanetScope影像和深度学习引导的图割技术来绘制啮齿动物引起的生物土壤结皮扰动，涉及遥感影像处理和深度学习算法，与大气环境遥感技术中的卫星观测和图像分析相关，但主要关注地面生态扰动，而非大气成分或空气质量监测。,"['PlanetScope imagery', 'deep-learning', 'graph cut']",Ruilin Chen;Benfeng Yin;Wei Yang;Zeteng Li;Jianlong Li;Kai Tang;Yao Tang;Anqi Li;Yuanming Zhang;Bettina Weber;Jin Chen,Mapping rodent-induced disturbance of biological soil crusts using PlanetScope imagery and deep-learning-informed graph cut,
None,False,Remote Sensing of Environment,该论文主要关注作物制图，虽然涉及热梯度，但与大气环境遥感技术（如空气质量监测、卫星观测、大气成分分析、气溶胶反演）的直接相关性较弱。,"['crop mapping', 'thermal gradients', 'AlphaEarth Foundations']",Cao Cheng;Nanshan You;Pengzhan Zhao;Jinwei Dong,Limited local classification performance but promising spatial transferability of AlphaEarth Foundations for crop mapping across thermal gradients,
None,True,Remote Sensing of Environment,该论文涉及Sentinel-1卫星数据，研究了一种名为“分段对数正态模型”的方法，用于分析卫星的交叉极化相干性，并将其应用于风场贝叶斯反演。这些技术都属于大气环境遥感技术的范畴，特别是卫星观测和大气物理反演领域，因此与大气环境遥感技术密切相关。,"['Sentinel-1', 'co-cross polarization coherence', 'wind field Bayesian inversion']",Aurélien Colin;Romain Husson;Alexis Mouche;Antoine Grouazel;Frédéric Nouguier,Piecewise log-normal modeling of Sentinel-1 co-cross polarization coherence and application to wind field Bayesian inversion,
None,True,Remote Sensing of Environment,该论文研究如何利用VIIRS卫星观测数据，通过物理信息机器学习方法反演夜间海洋液态云的光学参数和微物理参数。这属于大气环境遥感技术范畴，特别是大气成分分析和云物理参数反演领域，与空气质量监测和卫星遥感技术密切相关。,"['VIIRS', 'oceanic liquid cloud', 'machine learning', 'optical parameters']",Ying-Chieh Chen;Meng Zhou;Jun Wang;Xi Chen;Jing Zeng;Yongxiang Hu,Retrieval of nighttime oceanic liquid cloud optical and microphysical parameters from VIIRS observations: a physics-informed machine learning approach,
None,False,Remote Sensing of Environment,该论文主要关注人口网格化制图，虽然涉及全球城市和大规模应用，但与大气环境遥感技术（如空气质量监测、卫星观测、大气成分分析、气溶胶反演）没有直接关联。,"['gridded population mapping', 'global cities', 'large-scale mapping']",Shuyang Hou;Haoyue Jiao;Yaxian Qing;Qingyang Xu;Ziqi Liu;Lutong Xie;Zhangyan Xu;Zengjie Wang;Shaoqing Tang;Xuefeng Guan;Huayi Wu,Can AlphaEarth foundations redefine the paradigm of gridded population mapping? A systematic evaluation across 18 global cities and large-scale mapping applications,
None,True,Remote Sensing of Environment,该论文研究利用Sentinel-1卫星数据进行细尺度微波监测干旱地区植被，并提出了一种高空间分辨率的光学深度反演算法，这与大气环境遥感技术（如卫星观测和植被分析）密切相关。,"['Sentinel-1', 'vegetation optical depth', 'microwave monitoring']",Zhixuan Lu;Lei Fan;Rasmus Fensholt;Jiangyuan Zeng;Nicolas Baghdadi;Frederic Frappart;Martin Brandt;Philippe Ciais;Gabrielle De Lannoy;Jian Peng;Abdoul Aziz Diouf;Eric Mougin;Xiaojing Bai;Xiangzhuo Liu;Jean-Pierre Wigneron,Toward fine-scale microwave monitoring of dryland vegetation: an alternative high spatial resolution vegetation optical depth retrieval algorithm from Sentinel-1 over the Sahel region,
None,True,Remote Sensing of Environment,该论文研究了融合SAR（合成孔径雷达）和SWIM（水汽成像仪）观测数据以提高全球Stokes漂移估算的方法。Stokes漂移是大气中气溶胶和云的运动特征，与大气环境遥感技术（如空气质量监测、卫星观测、大气成分分析、气溶胶反演）密切相关。因此，该研究属于大气环境遥感技术的范畴。,"['SAR', 'SWIM', 'stokes drift', 'satellite observations', 'atmospheric remote sensing']",Shihao Zou;Danièle Hauser;Charles Peureux;Qing Li,Fusing SAR and SWIM observations to improve the global stokes drift estimates,
None,True,Remote Sensing of Environment,该论文研究了山区所有天空向下短波辐射的时空扩展，这与大气环境遥感技术密切相关，因为它涉及对大气辐射的监测和分析，这对于空气质量监测和大气成分分析非常重要。,"['downward shortwave radiation', 'air quality monitoring', 'atmospheric composition analysis']",Guangjian Yan;Shuo Cao;Chunqiang Zhao;Donghui Xie;Xihan Mu;Si Gao,Spatiotemporal extension of all-sky downward shortwave radiation over mountainous area,
None,True,Remote Sensing of Environment,该论文标题和摘要明确涉及从双卫星极化观测中获取多参数气溶胶的技术，使用了物理引导深度学习方法，这与大气环境遥感技术（如空气质量监测、卫星观测、大气成分分析、气溶胶检索）密切相关。,"['aerosol retrieval', 'dual-satellite', 'polarimetric observations', 'physics-guided deep learning']",Zhihui Wang;Cheng Chen;Jing Wei;Xuefeng Lei;Zhenhai Liu;Li Fang;Hui Chen;Pengfei Ma;Yulong Fan;Lin Sun;Changqing Lin;Ke Xiao;Haixiao Yu;Shangpei Xun;Zhengqiang Li;Jin Hong,Optically consistent multi-parameter aerosol retrieval from dual-satellite polarimetric observations enabled by physics-guided deep learning,
None,True,Remote Sensing of Environment,该论文研究了辐射传输模型反演中的偏差-方差权衡对叶面积指数估算不确定性的影响。叶面积指数是植被生态学中的重要参数，而辐射传输模型反演技术在遥感监测大气成分和植被参数方面具有广泛应用，因此该研究与大气环境遥感技术密切相关。,"['radiative transfer model', 'leaf area index', 'atmospheric inversion']",Dasheng Fan;Xihan Mu;Tim R. McVicar;Yongkang Lai;Donghui Xie;Guangjian Yan,Bias-variance trade-off in radiative transfer model inversion drives uncertainty in leaf area index estimation,
None,True,Remote Sensing of Environment,该论文研究了总柱状二氧化氮和气溶胶光学厚度之间的昼夜耦合关系，使用了Pandora Asia网络的数据，这与大气环境遥感技术（如空气质量监测、卫星观测、大气成分分析、气溶胶反演）密切相关。,"['nitrogen dioxide', 'aerosol optical depth', 'Pandora Asia network']",Seong-Young Kim;Ukkyo Jeong;Hyunkee Hong;Alexander Cede;Lim-Seok Chang;Serin Kim;Donghee Kim;Hanlim Lee;Thomas Hanisco;Nader Abuhassan;Si-Chee Tsay;Daewon Kim;Jhoon Kim;Jae Hwan Kim;Surassawadee Phoompanit;Enkhbaatar Davaanyam;Muhammad Fahim Khokhar;Abdus Salam;Hisahiro Takashima;Shungo Kato,Diurnal coupling of total column nitrogen dioxide and aerosol optical depth: Insights from the Pandora Asia network,
None,False,Remote Sensing of Environment,该论文研究的是棉花叶片在水盐胁迫下的日变化角度，主题与大气环境遥感技术（如空气质量监测、卫星观测、大气成分分析、气溶胶反演）无关。,[],Qing Li;Dalei Hao;Jan Pisek;Zicheng Ji;Yanan Wei;Youngryel Ryu;Jiarui Xu;Yangmin Feng;Shaozhong Kang;Yelu Zeng,Detecting diurnal dynamics of cotton leaf inclination angle under water-salt stress,
None,True,Remote Sensing of Environment,该论文研究的是城市亚洲地区黑碳气溶胶的直接辐射强迫，这属于大气环境遥感技术中的空气质量监测和大气成分分析范畴，因此与大气环境遥感技术密切相关。,"['black carbon', 'aerosols', 'radiative forcing', 'urban Asia']",Pravash Tiwari;Jason Blake Cohen;Ralph A. Kahn;Hongrui Gao;Luoyao Guan;Zhewen Liu;Lingxiao Lu;Shuo Wang;Shahid Uz Zaman;Cheng Fan;Simone Lolli;Zhengqiang Li;Oleg Dubovik;Kai Qin,Observation-constrained clear-sky direct radiative forcing of black carbon containing aerosols reveals distinct radiative regimes across urban Asia,
None,True,Remote Sensing of Environment,该论文标题和摘要明确涉及大气环境遥感技术，特别是InSAR（干涉合成孔径雷达）技术及其在复杂大气和地形条件下对对流层延迟的缓解方法。这直接关系到大气成分分析和卫星观测等领域。,"['InSAR', 'tropospheric delay', 'atmospheric conditions']",Yi Shao;Yuxing Chen;Liming Jiang;Bin Yan;Zhiwei Zhou,CEDA-Net: A cascade empirical–deep network for mitigating InSAR tropospheric delay in complex atmospheric and topographic conditions,
None,True,Remote Sensing of Environment,该论文研究了2005-2023年每日全球OMI NO2产品的长期重建，涉及卫星观测和大气成分分析，与大气环境遥感技术密切相关。,"['OMI', 'NO2', 'satellite observations', 'atmospheric composition analysis']",Yuan Wang;Duoduo Liu;Qianqian Yang;Qiangqiang Yuan;Yuanjian Yang;Tongwen Li;Lu Zhang;Mengya Wang;Zhige Wang;Jiang He;Denghong Liu;Yi Xiao,Long-term reconstruction of daily global OMI NO<sub>2</sub> product between 2005-2023 with spatiotemporally constrained compressive sensing,
None,True,Remote Sensing of Environment,该论文使用LiDAR数据量化森林的三维结构组织，这与大气环境遥感技术中的空气质量监测和大气成分分析相关，因为LiDAR是遥感技术中常用的工具，用于监测植被结构和大气中的气溶胶等。,"['LiDAR', 'forest', 'structural organization']",Xin Yang;Wen Xiao;Wenxia Dai;Guang Zheng,3DSO: Quantifying forest three-dimensional structural organization beyond the canopy surface using LiDAR data,
None,True,Remote Sensing of Environment,该论文研究的是使用紧凑型太阳盲光学辐射计直接量化太阳诱导叶绿素荧光的技术。这项技术可以用于分析大气成分，特别是与植被和大气相互作用相关的参数，因此与大气环境遥感技术（如大气成分分析）密切相关。,"['solar-induced chlorophyll fluorescence', 'compact solar-blind optical radiometers', 'atmospheric composition analysis']",Jonas Kuhn;Jochen Stutz,Direct quantification of solar-induced chlorophyll fluorescence using compact solar-blind optical radiometers,
None,True,Remote Sensing of Environment,该论文的标题和摘要明确涉及了Landsat TIRS卫星传感器和地表温度产品的处理，特别是考虑了大气水汽的影响。这属于大气环境遥感技术的范畴，具体涉及卫星观测和大气成分分析。,"['Landsat TIRS', 'split window', 'surface temperature', 'atmospheric water vapor']",Amirhossein Hassanzadeh;Robert Mancini;Aaron Gerace;Rehman Eon;Matthew Montanaro;Elphas Khata,An uncertainty workflow for landsat TIRS split window surface temperature products incorporating atmospheric water vapor,
None,True,Remote Sensing of Environment,该论文使用了ICESat-2卫星的高度数据（ATL08）和Landsat卫星的时间序列数据，用于评估美国南部黄松的年龄-高度关系。这属于遥感技术在森林生态学中的应用，与大气环境遥感技术（如卫星观测和大气成分分析）有间接关联，但主要关注点是森林高度和年龄的关系，而非直接的大气环境监测或成分分析。尽管如此，它仍属于遥感技术在生态和环境科学中的应用范畴，因此可以认为是相关的研究。,"['ICESat-2', 'ATL08', 'Landsat', 'time series', 'age-height relationship']",Sonia Sharma Banjade;Randolph H. Wynne;Valerie A. Thomas;Patrick C. Green;Todd A. Schroeder,Using ICESat-2 ATL08 heights and Landsat time series to assess the age-height relationship of southern yellow pines in the US,
None,True,Remote Sensing of Environment,该论文使用空间borne LiDAR和多源地理空间数据集对北京-天津-河北大都市群进行城市建筑高度测绘，这与大气环境遥感技术中的卫星观测和地理空间数据分析密切相关，属于大气环境遥感技术应用领域。,"['spaceborne LiDAR', 'multisource geospatial datasets', 'urban building height mapping']",Jieying Lao;Sheng Nie;Cheng Wang;Xiaohuan Xi;Xiaoxiao Zhu,Urban building height mapping in Beijing-Tianjin-Hebei megalopolis by synergy of spaceborne LiDAR and multisource geospatial datasets,
None,True,Remote Sensing of Environment,该论文使用卫星数据来绘制澳大利亚动态潮间带的3D形状变化，这属于遥感技术在环境监测中的应用，特别是大气环境中的地表监测和地形分析，因此与大气环境遥感技术相关。,"['satellite data', 'intertidal zone', '3D shape mapping']",Robbi Bishop-Taylor;Claire Phillips;Stephen Sagar;Vanessa Newey,Time and tide: Mapping the changing 3D shape of Australia's dynamic intertidal zone using time series satellite data,
None,False,Remote Sensing of Environment,该论文的主题是全球地表物候产品（LSP）的比较和评估，主要关注地表植被变化的时间序列分析，与大气环境遥感技术（如空气质量监测、卫星观测、大气成分分析、气溶胶反演）关系不大。,"['land surface phenology', 'LSP', 'global land surface']",Getachew Mehabie Mulualem;Jose A. Caparros-Santiago;Victor Rodriguez-Galiano;Jadunandan Dash,Intercomparison and evaluation of global land surface phenology (LSP) products,
None,False,Remote Sensing of Environment,该论文主要关注利用机器学习进行跨尺度小麦收割监测，虽然涉及遥感技术中的样本增强方法，但核心主题是农业领域，而非大气环境遥感技术，如空气质量监测、卫星观测或大气成分分析。,"['machine learning', 'wheat harvest', 'sample augmentation']",Mingchao Shao;Chongya Jiang;Jingwei An;Haokai Zhu;Yue Li;Xia Yao;Tao Cheng;Hengbiao Zheng;Weixing Cao;Yan Zhu,A knowledge-guided machine learning framework for cross-scale wheat harvest monitoring via sample augmentation,
None,False,Remote Sensing of Environment,该论文主要研究的是一种结合 PRI 和土壤湿度的新型水分胁迫指数，用于评估摩洛哥的油橄榄树的水分状况。虽然涉及环境监测，但重点是植物水分管理，而非大气环境遥感技术，如空气质量监测、卫星观测或大气成分分析。,"['water stress index', 'PRI', 'soil moisture', 'olive tree', 'Morocco']",Hamza Barguache;Jamal Ezzahar;Said Khabba;Jamal Elfarkh;Salah Er-Raki;Adnane Chakir;Lionel Jarlan;Zoubir Rafi;Pascal Fanise;Valerie Le Dantec,Development of a new water stress index combining PRI and soil moisture for assessing olive tree water status in Morocco,
None,False,Remote Sensing of Environment,该论文主要研究的是利用InSAR技术分析古河岸滑坡的长期蠕动和活动厚度变化，驱动力是异常水位。虽然InSAR是一种遥感技术，但其应用领域与大气环境遥感技术（如空气质量监测、卫星观测、大气成分分析、气溶胶反演等）关系不大，因此与题目要求的强相关性不符。,"['InSAR', 'paleo riverbank landslide', 'anomalous water levels']",Huiyuan Luo;Chuanhao Pu;Zhong Lu;Xuanmei Fan;Qiang Xu,Multitemporal InSAR analysis of long-term creep and active thickness changes in a paleo riverbank landslide driven by anomalous water levels,
None,True,Remote Sensing of Environment,该论文使用Landsat时间序列数据和深度学习技术进行森林干扰检测，涉及卫星观测和地表覆盖分析，与大气环境遥感技术中的卫星观测和地表参数反演相关，因此相关性较强。,"['Landsat', 'deep learning', 'forest disturbance detection']",Alba Viana-Soto;Jorunn Anna Mense;Katja Kowalski;Jan Pauls;Fabian Gieseke;Cornelius Senf,Deep learning-based forest disturbance detection for Europe using Landsat time series,
None,False,Remote Sensing of Environment,该论文主要关注的是基于知识迁移的树木冠层分割技术，与大气环境遥感技术（如空气质量监测、卫星观测、大气成分分析、气溶胶反演等）没有直接相关性。虽然分割技术在大气遥感中可能有间接应用，但该论文的核心内容并不属于大气环境遥感技术范畴。,"['tree crown segmentation', 'knowledge transfer', 'scene-specific labels']",Jiaqi Yang;Kyle Kabasares;Ming Liu;Taejin Park;Min Chen,Unified knowledge transfer boosts individual tree crown segmentation without scene-specific labels,
None,True,Remote Sensing of Environment,该论文与大气环境遥感技术密切相关，因为它涉及使用Sentinel-2卫星传感器重建云无时间序列数据，并处理复杂的大气退化问题，这属于大气成分分析和卫星观测的范畴。,"['Sentinel-2', 'cloud-free time series', 'atmospheric degradations', 'spatio-temporal modeling']",Ziyang LiHe;Qiangqiang Yuan;Jiang He;Liupeng Lin;Xianyu Jin;Huanfeng Shen;Liangpei Zhang,Reconstructing cloud-free Sentinel-2 time series under complex degradations with state-driven spatio-temporal modeling,
None,True,Remote Sensing of Environment,该论文研究了从FengYun-3D卫星的X波段观测数据中反演植被光学深度，这与大气环境遥感技术密切相关，特别是卫星观测和大气成分分析领域。,"['FengYun-3D', 'vegetation optical depth', 'remote sensing']",Lei Fan;Mengjia Wang;Dongbo Chen;Philippe Ciais;Frédéric Frappart;Jiangyuan Zeng;Gabrielle De Lannoy;Jian Peng;Xiuqing Hu;Ronghan Xu;Xin Li;Xiaojun Li;Xiangzhuo Liu;Yao Xiao;Jean-Pierre Wigneron,First vegetation optical depth product retrieved from FengYun-3D X-band observations,
None,True,Remote Sensing of Environment,该论文研究使用BTSAD和CBPA方法监测36年间红树林的时空演化和功能退化，使用了Landsat和HLSv2.0遥感数据，属于遥感技术在生态环境监测中的应用，与大气环境遥感技术（如卫星观测、遥感算法）有较强关联。,"['BTSAD', 'CBPA', 'Landsat', 'HLSv2.0', 'mangrove']",Bolin Fu;Weiping Yi;Yeqiao Wang;Hang Yao;Mingming Jia;Ertao Gao;Donglin Fan,Monitoring global mangrove spatial evolution and functional degradation using BTSAD and CBPA methods over a 36-year dense Landsat and HLSv2.0 time series,
None,True,Remote Sensing of Environment,该论文使用Sentinel-1卫星数据的时间序列分析方法来检测农作物的播种和收获日期，这与大气环境遥感技术在农业监测和土地利用变化分析中的应用密切相关。Sentinel-1是欧洲哥白尼计划中的雷达卫星，可用于全天候、全时段的地球观测，这与大气环境遥感技术中的卫星观测手段一致。,"['Sentinel-1', 'time series', 'crop sowing', 'harvesting dates']",Shuai Xu;Xiaolin Zhu,A new adaptive approach for detecting crop sowing and harvesting dates from Sentinel-1 time series,
None,True,Remote Sensing of Environment,该论文使用卫星土壤湿度数据来预测水限环境下的农田生产力异常，这属于大气环境遥感技术中的卫星观测和农业环境监测领域，因此与大气环境遥感技术相关。,"['satellite soil moisture', 'sub-seasonal forecasting', 'cropland productivity']",Adebowale Daniel Adebayo;Catherine Nakalembe,Sub-seasonal forecasting of cropland productivity anomalies using satellite soil moisture in water-limited environments,
None,True,Remote Sensing of Environment,该论文与大气环境遥感技术密切相关，因为Planet Dove是一种用于监测全球海岸线的遥感平台，涉及卫星观测和海岸线环境监测技术。,"['Planet Dove', 'coastlines', 'remote sensing']",Katherine C. Cavanaugh;Kyle Dorman;Kyle C. Cavanaugh,Capability of Planet Dove for monitoring the world's coastlines,
None,True,Remote Sensing of Environment,该论文研究地表生物量、土壤湿度干旱对基于体积含水量（VOD）的全球等湿润性估算的影响，涉及大气环境遥感技术中的大气成分分析和卫星观测领域。,"['VOD', 'isohydricity', 'biomass', 'soil moisture', 'drought']",Yuanzhizi Deng;Yao Zhang,Effects of aboveground biomass and soil moisture drought on VOD-based global isohydricity estimates,
None,False,Remote Sensing of Environment,该论文研究的是利用机器学习方法从高分辨率植被指数数据中提取作物物候信息，与大气环境遥感技术（如空气质量监测、卫星观测、大气成分分析、气溶胶反演）关系不大。,"['vegetation index', 'machine learning', 'crop phenology']",Ruoque Shen;Qiongyan Peng;Xiangqian Li;Jianxi Huang;Jin Chen;Jie Dong;Xiuzhi Chen;Wenping Yuan,SMFS-RF: a knowledge-guided machine-learning method for crop phenology extraction from fine-resolution vegetation index data,
None,False,International Journal of Applied Earth Observation and Geoinformation,该论文研究的是用于海底地形数字高程模型（DEM）超分辨率的梯度引导和频率感知联合多尺度框架，与大气环境遥感技术（如空气质量监测、卫星观测、大气成分分析、气溶胶反演）无关。,"['bathymetric DEM', 'super-resolution', 'gradient-guided']",Xinye Cui;Houpu Li;Yanting Yu;Xin Xiong;Shaofeng Bian;Guojun Zhai,GGFA-SwinIR: A gradient-guided and frequency-aware joint multi-scale framework for bathymetric DEM super-resolution,
None,True,International Journal of Applied Earth Observation and Geoinformation,该论文标题和摘要涉及合成孔径雷达（SAR）和光学数据的多模态船舶检测技术，这属于大气环境遥感技术中的卫星观测和目标检测领域。虽然主要关注点在于船舶检测，但其使用了先进的深度学习网络（如wavelet-directed cross-attention和mixture-of-experts network）来处理多模态数据，这与大气环境遥感技术中的数据处理和分析方法有密切关联。,"['SAR', 'optical', 'ship detection', 'wavelet-directed cross-attention', 'mixture-of-experts network']",Fanlong Meng;Zonglin Yang;Fengli Xue;Xiangyang Qi;Ruyun Guo,WMoE-Net: wavelet-directed cross-attention alignment with mixture-of-experts network for multimodal SAR-optical ship detection,
None,False,International Journal of Applied Earth Observation and Geoinformation,该论文标题和摘要主要关注多模态视觉语言模型在构建车道级高精度地图中的应用，与大气环境遥感技术（如空气质量监测、卫星观测、大气成分分析、气溶胶反演）无直接关联。,[],Haofeng Xie;Huiwei Jiang;Yibing Xiong;Pengwei Dong;Yandi Yang;Xiangyun Hu,VLM-Mapper: Multimodal vision-language models for prior guided lane-level HD map construction,
None,False,International Journal of Applied Earth Observation and Geoinformation,该论文的主题是使用机载激光雷达测深和多波束回声测深技术进行水下地形测绘，与大气环境遥感技术（如空气质量监测、卫星观测、大气成分分析、气溶胶反演）没有直接关系。,"['Airborne LiDAR', 'bathymetry', 'multibeam Echo sounding']",Dianpeng Su;Yongrui Shi;Haojie Lai;Xinlong Shi;Fanlin Yang;Chao Qi;Sai Mei;Anxiu Yang,Underwater topographic mapping using a fusion of Airborne LiDAR bathymetry and multibeam Echo sounding,
None,True,International Journal of Applied Earth Observation and Geoinformation,该论文标题和摘要中提到的“mesoscale eddy detection”（3D中尺度涡检测）和“multi-source multi-scale fusion”（多源多尺度融合）与大气环境遥感技术密切相关，特别是与大气成分分析和空气质量监测相关。中尺度涡旋是大气中重要的动态结构，其检测和分析对于理解大气物理过程和污染扩散具有重要意义。,"['mesoscale eddy', 'multi-source fusion', 'atmospheric model']",Yong Li;Jie Zhang;Jungang Yang;Wei Zeng;Danya Xu;Guoqing Zhu;Fangming Guo;Ziqi Xin;Wei Cui,Surface-to-volume physics-informed model for 3D mesoscale eddy detection: Multi-source multi-scale fusion,
None,True,International Journal of Applied Earth Observation and Geoinformation,该论文研究使用GA-ELM算法进行高光谱遥感数据反演，以获取红树林的功能性状，这与大气环境遥感技术中的大气成分分析、植被监测等方向相关，但主要关注点在红树林生态功能而非大气污染物或卫星观测技术。,"['hyperspectral retrieval', 'mangrove functional traits', 'GA-ELM']",Zhijun Feng;Shan Lu;Rong Zhang;Haihang Zeng;Chuanpeng Zhao;Mingming Jia;Zongming Wang,Robust hyperspectral retrieval of mangrove functional traits across species and spatial scales using GA-ELM,
None,True,International Journal of Applied Earth Observation and Geoinformation,该论文标题和摘要明确涉及卫星技术用于海岸带监测，特别是通过方差图像合成方法。这属于大气环境遥感技术的范畴，特别是与卫星观测和海岸带环境分析相关。,"['satellite', 'coastal monitoring', 'variance image composites']",Pilar Martín-Gallego;Juan Montes;Irene Delgado-Fernandez;Laura del Río;Theocharis A. Plomaritis;Christopher Marston,Satellite-based coastal monitoring through variance image composites (<em>SatVar</em>),
None,True,International Journal of Applied Earth Observation and Geoinformation,该论文研究了单场景薄云校正和动态巨藻水华的问题，涉及辐射传输模型，这与大气环境遥感技术（如卫星观测和大气成分分析）密切相关。,"['thin-cloud correction', 'radiative transfer', 'dynamic macroalgal blooms']",Furong Zhang;Shaohui Chen;Hongbo Su;Kai Liu;Chengyi Wang;Weimin Wang,Single-scene thin-cloud correction for dynamic macroalgal blooms via water-referenced radiative transfer,
None,True,International Journal of Applied Earth Observation and Geoinformation,该论文研究的是通过整合多维城市化特征并结合自监督学习方法进行城市-乡村梯度分类的框架，这涉及到利用多源数据（可能包括遥感数据）来分析城市化对环境的影响，与大气环境遥感技术中的环境监测和数据分析有较强的关联性。,"['urban–rural gradient', 'self-supervised learning', 'multidimensional urbanization features']",Xiangzhong Guo;Yutong Ru;Jing Lin;Yicheng Zheng;Tao Lin;Christopher Pettit;Hoon Han;Matthew Ng;Junmao Zhang;Yuan Chen;Meixia Lin;Zixu Jia;Qiming Zheng,A novel framework for urban–rural gradient classification by integrating multidimensional urbanization features via self-supervised learning,
None,False,International Journal of Applied Earth Observation and Geoinformation,该论文研究的是使用无人机图像估算岩崩中的颗粒尺寸分布，与大气环境遥感技术（如空气质量监测、卫星观测、大气成分分析、气溶胶反演）关系不大，主要关注地质和自然灾害领域。,"['UAV imagery', 'particle size distribution', 'rock avalanches']",Ruoshen Lin;Michel Jaboyedoff;Tianxin Lu;Fengchang Bu,Image-projected apparent particle size distribution estimation in rock avalanches using direct deep regression from UAV imagery,
None,False,International Journal of Applied Earth Observation and Geoinformation,该论文主要关注的是地質學中的滑坡問題，涉及遙感技術和地质灾害監測，但並不直接關注大氣環境遙感技術，如空氣品質監測、衛星觀測或氣象組成分析等。,"['remote sensing', 'landslide', 'deformation monitoring']",Yukuan Liu;Zhaoyue Yu;Jiewei Zhan;Chen Yu;Zhanxi Wei;Jianbing Peng,"Integrated remote sensing and geotechnical investigations of the 2022 Jiujiawan mudstone landslide in Xining city, China: from deformation monitoring to failure mechanisms",
None,False,International Journal of Applied Earth Observation and Geoinformation,该论文标题和摘要内容与大气环境遥感技术（如空气质量监测、卫星观测、大气成分分析、气溶胶反演）无关，而是涉及深海镜像海洋声学层析观测的反演与同化框架。,[],Weishuai Xu;Yan Chen;Yifei Jiang;Zhanglong Li;Xiaohui Wang;Bo Li;Ningning Li;Weimin Zhang,A framework for inversion and assimilation of deep-sea mirror ocean acoustic tomography observations,
None,False,International Journal of Applied Earth Observation and Geoinformation,该论文的主题是关于黄海绿潮的密度主导聚集和时空分化，长期观测揭示。这与大气环境遥感技术（如空气质量监测、卫星观测、大气成分分析、气溶胶反演）没有直接关系。黄海绿潮是海洋生态现象，虽然遥感技术可以用于观测海洋现象，但论文本身并不涉及大气环境遥感技术。,"['yellow sea green tides', 'long term observations', 'spatiotemporal differentiation']",Haimei Duan;Yingcheng Lu;Junnan Jiao;Jun Tang;Wandi Yu;Lintan Yue;Yifan Yang;Futao Wang;Yuntao Wang;Wenfeng Zhan,Density-dominated aggregation and spatiotemporal differentiation of yellow sea green tides revealed by long term observations,
None,True,International Journal of Applied Earth Observation and Geoinformation,该论文利用Sentinel-2和Sentinel-1卫星数据监测高山草地的灌木入侵，涉及遥感技术在生态系统监测中的应用，与大气环境遥感技术中的地表覆盖变化监测和生态遥感相关。,"['Sentinel-2', 'Sentinel-1', 'phenological features', 'structural information', 'alpine grasslands']",Jianjun Chen;Ruoqi Wang;Yuemin Yue;Wenbo Qi;Wenkuan Wang;Huaying Yu;Xue Cheng;Qingmin Cheng;Haotian You;Xiaowen Han;Guoqing Zhou,Fine-scale annual mapping and dynamic monitoring of shrub encroachment in alpine grasslands by integrating Sentinel-2 phenological features with Sentinel-1 structural information,
None,True,International Journal of Applied Earth Observation and Geoinformation,该论文研究了使用L波段合成孔径雷达（SAR）技术检测沥青层下土壤水分变化的方法。虽然研究对象是土壤水分，但SAR技术属于遥感技术范畴，且涉及地表参数的遥感监测，与大气环境遥感技术中的地表-大气相互作用研究相关，因此可以认为是强相关。,"['L-band SAR', 'soil moisture', 'asphalt layer']",Wei Peng;Hui Xiao;Haiqiang Fu;Guanxin Liu;Yang Tian;Jun Zhu,Detection of soil moisture variations beneath an asphalt layer using L-band SAR,
None,True,International Journal of Applied Earth Observation and Geoinformation,该论文的标题和摘要明确涉及遥感技术（remote sensing）及其在露天煤矿活动（open-pit coal mining）中的解释（interpretation），这与大气环境遥感技术（如空气质量监测、卫星观测、大气成分分析、气溶胶反演）密切相关。,"['remote sensing', 'open-pit coal mining', 'atmospheric interpretation']",Jianghe Xing;Jun Li;Chengye Zhang;Jue Zhang;Shouhang Du;Yanheng Wang;Fei Yang;Yang Cheng;Yongsheng Gao,InterMine: A foundation model-based multi-task interaction network for remote sensing interpretation of open-pit coal mining activity,
None,False,International Journal of Applied Earth Observation and Geoinformation,该论文主要研究海洋温度的三维反演，涉及卫星和原位观测数据的融合，但主题是海洋环境，而非大气环境遥感技术，如空气质量监测、卫星观测、大气成分分析或气溶胶反演。,"['ocean temperature', 'satellite observations', 'in situ observations']",Furong Li;Xiang Zhang;Zhao Jing,A multi-scale retrieval of three-dimensional ocean temperature by merging satellite and in situ observations,
None,False,International Journal of Applied Earth Observation and Geoinformation,该论文的标题和摘要主要讨论的是建筑物变化检测，涉及频率-几何先验引导的Mamba模型，与大气环境遥感技术（如空气质量监测、卫星观测、大气成分分析、气溶胶反演）没有直接关联。,"['building change detection', 'frequency-geometry prior', 'Mamba']",Jindou Zhang;Yongle Zhang;Zihan Wang;Yiyu Chen;Zhizheng Zhang;Yunong Chen;Yueming Duan;Haiyan Huang;Zhenfeng Shao;Xiongwu Xiao;Deren Li,FGPMamba: Frequency-geometry prior-guided Mamba for building change detection,
None,False,International Journal of Applied Earth Observation and Geoinformation,该论文主要关注的是利用多源物候融合技术进行大规模作物制图，特别是对中国山东省的花生种植进行示范。虽然遥感技术在作物制图中有所应用，但其核心内容与大气环境遥感技术（如空气质量监测、卫星观测、大气成分分析、气溶胶反演等）关系不大。,"['phenological fusion', 'crop mapping', 'peanuts']",Hongwei Zhao;Hualin Cao;Jia Liu;Ruilin Yu;Xin Zhang;Sibo Duan;Jianqiang Ren;Jie Yang,"A spatially-adaptive automated sample generation framework via multi-source phenological fusion for large-scale crop mapping: demonstrated on peanuts in Shandong, China",
None,False,International Journal of Applied Earth Observation and Geoinformation,该论文主要研究利用高分辨率数字高程模型（DEM）生成的点云数据进行火星地貌的实例级分割，主题与大气环境遥感技术（如空气质量监测、卫星观测、大气成分分析或气溶胶反演）关系不大，更偏向于行星地质学和计算机视觉领域。,"['Martian landforms', 'Digital Elevation Model', 'point clouds']",Rong Huang;Peiqi Ye;Yusheng Xu;Ludwig Hoegner;Qunming Wang;Sicong Liu;Chao Wang;Xiaohua Tong,Geometry-aware dynamic convolutional network for instance-level segmentation of Martian landforms from high-resolution Digital Elevation Model-derived point clouds,
None,False,International Journal of Applied Earth Observation and Geoinformation,该论文主要关注河流向量化技术，涉及HydroSAM和可微图优化，与大气环境遥感技术（如空气质量监测、卫星观测、大气成分分析、气溶胶检索）没有直接关联。,"['river vectorization', 'HydroSAM', 'differentiable graph optimization']",Huazhen Zhou;Ming Wang;Kai Liu,Topology-preserving river vectorization via HydroSAM and differentiable graph optimization under coarse labels,
None,True,International Journal of Applied Earth Observation and Geoinformation,该论文研究了主动式CO2激光雷达技术，用于扩展卫星监测城市化石燃料CO2排放的能力，特别是在高气溶胶城市。这直接与大气环境遥感技术相关，涉及空气质量监测和大气成分分析。,"['CO2 lidar', 'satellite monitoring', 'urban fossil-fuel CO2 emissions', 'aerosol cities']",Yiyang Huang;Ge Han;Jinchun Yi;Hongyuan Zhang;Yichi Zhang;Yike Wang;Zhipeng Pei;Haotian Luo;Tianchang Zhou;Siwei Li;Wei Gong,Active CO<sub>2</sub> lidar extends satellite monitoring of urban fossil-fuel CO<sub>2</sub> emissions to high-aerosol cities,
None,False,International Journal of Applied Earth Observation and Geoinformation,该论文主要研究青藏高原上雪覆盖和放牧对高山植被生产力的影响，与大气环境遥感技术（如空气质量监测、卫星观测、大气成分分析、气溶胶反演）关系不大。,[],Rongyu Lai;Jingping Wang;Xiaojuan Huang;Xufeng Wang;Liying Geng;Junlei Tan;Haibo Wang,Elevation-dependent regulation of alpine vegetation productivity by snow cover and grazing on the Tibetan Plateau under a warming–wetting climate,
None,False,International Journal of Applied Earth Observation and Geoinformation,该论文主要研究的是通过摄影测量技术回顾埃特纳火山山顶火山口的历史变化，与大气环境遥感技术（如空气质量监测、卫星观测、大气成分分析、气溶胶反演）没有直接关联。,"['photogrammetry', 'Etna summit', 'craters']",C. Proietti;F.L. Bonali;M. Cantarero;M. Palano;M. Paratore;E. De Beni,160 Years of Etna summit craters through a photogrammetry-based time machine,
None,True,International Journal of Applied Earth Observation and Geoinformation,该论文标题和摘要明确涉及大气环境恢复、亚像素火灾制图和烟雾稳健协议，这些内容与大气环境遥感技术（如空气质量监测、卫星观测、大气成分分析、气溶胶反演）密切相关。,"['atmospheric restoration', 'sub-pixel fire mapping', 'smoke-robust protocol']",Xiaofeng Ma;Mengyuan Xu;Yongze Song;Jie Liu;Liangliang Jiang,Atmospheric restoration is a prerequisite for sub-pixel fire mapping: A smoke-robust protocol across five fire regions,
None,True,International Journal of Applied Earth Observation and Geoinformation,该论文研究如何利用地球静止轨道卫星观测数据弥补MODIS叶面积指数产品因云层遮挡而产生的数据缺失，涉及卫星观测技术和大气参数监测，与大气环境遥感技术相关。,"['MODIS', 'leaf area index', 'geostationary satellite']",Jiakai You;Yinghui Zhang;Zhongwen Hu;Jingzhe Wang;Guofeng Wu,Bridging cloud-induced gaps in MODIS leaf area index products using high-frequency geostationary satellite observations,
None,False,International Journal of Applied Earth Observation and Geoinformation,该论文研究的是树木死亡热点预测，主要涉及干旱和模型方法，与大气环境遥感技术（如空气质量监测、卫星观测、大气成分分析、气溶胶反演等）没有直接关联。,"['drought', 'tree mortality', 'envelope modeling']",Filippos Eliades;Dimitrios Sarris;Felix Bachofer;Silas Michaelides;Chris Danezis;Diofantos Hadjimitsis,Reference-anchored envelope modelling for predicting tree mortality hotspots driven by drought,
None,True,International Journal of Applied Earth Observation and Geoinformation,该论文使用遥感技术和现场数据重建内陆湖泊中叶绿素a的动态变化，涉及遥感技术（remote-sensing）和大气环境监测（如水质监测），因此与大气环境遥感技术相关。,"['chlorophyll-a', 'remote-sensing', 'inland lakes']",Cheng Xu;Zeyu Wei;Xiaocong Qiu;Ruiping Li;Hexiang Zheng;Huanyu Zhang;Junlin Dong;Hongfei Hou,Remote-sensing-assisted and in situ-constrained reconstruction of 4-hourly chlorophyll-a dynamics in inland lakes using vision Mamba and temporal attention,
None,True,International Journal of Applied Earth Observation and Geoinformation,该论文研究了使用高斯混合模型对多传感器浊度产品进行无监督软最小值融合，浊度是大气环境中的关键参数，与空气质量监测和大气成分分析密切相关，因此与大气环境遥感技术相关。,"['turbidity', 'multi-sensor', 'Gaussian mixture models']",Yulin Gong;Yong Wang;Yinghong Jing;Xiaojun She;Ronghua Ma;Yao Li,Unsupervised soft-min fusion of multi-sensor turbidity products using Gaussian mixture models,
None,True,International Journal of Applied Earth Observation and Geoinformation,该论文研究了城市热异性以及向下短波辐射，通过无人机实验和耦合模型进行分析，这与大气环境遥感技术中的空气质量监测和卫星观测高度相关。,"['UAV experiment', 'downward shortwave radiation', 'urban thermal anisotropy']",Xinguang Sang;Xiaobo Luo;Yidong Peng;Panpan Zhu,Analysis of intraday urban thermal anisotropy and downward shortwave radiation through UAV experiment and coupled model,
None,True,International Journal of Applied Earth Observation and Geoinformation,该论文研究早春森林叶片脱落的多角度评估，涉及植被指数对NPV可见性的敏感性，这与大气环境遥感技术相关，特别是大气成分分析和空气质量监测。,"['vegetation indices', 'NPV visibility', 'atmospheric composition analysis']",Anne Clasen;Ben Somers;Birgit Kleinschmit;Michael Förster,Multi-angular assessment of early-season defoliation: Evaluating the sensitivity of vegetation indices to NPV visibility in temperate broadleaved forests,
None,True,International Journal of Applied Earth Observation and Geoinformation,该论文研究了利用高分辨率多光谱卫星图像和AlphaEarth基础框架进行风力涡轮机检测的靶向细化框架，这与大气环境遥感技术中的卫星观测和图像分析密切相关，因此具有相关性。,"['wind turbine detection', 'high-resolution multispectral satellite imagery', 'AlphaEarth Foundations']",Yu Bai;Hexin Wang;Yuanchen Yin;Siyuan Cheng;Jijun He;Zeqing Su;Kan Wang;Xiaojuan Li,A Targeted–Refined Framework for wind turbine detection integrating AlphaEarth Foundations and high-resolution multispectral satellite imagery,
None,True,International Journal of Applied Earth Observation and Geoinformation,该论文研究了利用大气环流信号来增强对长江流域极端洪水事件的早期预警，涉及大气环流和洪水事件的监测，与大气环境遥感技术中的大气成分分析和灾害预警相关。,"['atmospheric circulation', 'river discharge', 'early warning', 'Yangtze River Basin']",Xiaoke Xu;Yong Wang;Anning Huang;Yinghong Jing;Chunlei Gu;Xiaojun She;Lifu Zhang;Yao Li,Enhanced early warning of extreme river discharge events in the Yangtze River Basin using atmospheric circulation signals,
None,True,International Journal of Applied Earth Observation and Geoinformation,该论文使用ICESat-2重复轨道数据和Sentinel-2多时相图像来估算冰川湖底部消融率，这属于地球观测和遥感技术领域，与大气环境遥感技术有一定关联，但主要关注冰川和湖泊的物理过程，而非大气成分或空气质量监测。,"['ICESat-2', 'Sentinel-2', 'supraglacial lake', 'ablation rates']",Jianing Wei;Kang Yang;Mengtian Man;Haoyu Cao;Chunyu Yuan;Manchun Li,Estimating supraglacial lake bottom ablation rates by integrating ICESat-2 repeat track data and multi-temporal sentinel-2 imagery,
None,True,International Journal of Applied Earth Observation and Geoinformation,该论文标题和摘要中明确提到了处理云层影响的技术（cloud-tolerant），以及时空融合（spatiotemporal fusion）和特征调制（mask-guided feature modulation）等方法，这些都与大气环境遥感技术中的空气质量监测、卫星观测和大气成分分析密切相关。因此，该论文与大气环境遥感技术密切相关。,"['cloud-tolerant', 'spatiotemporal fusion', 'mask-guided feature modulation', 'temporal-memory collaboration']",Sichen Lu;Juanjuan Jing;Junhua Yu;Lei Yang;Boyang Nie;Jinsong Zhou,Relaxing the clear-sky assumption: Cloud-tolerant spatiotemporal fusion via mask-guided feature modulation and temporal-memory collaboration,
None,True,International Journal of Applied Earth Observation and Geoinformation,该论文利用InSAR技术分析铁路走廊的变形，虽然主要关注地面变形，但InSAR技术可用于监测大气中的气溶胶和污染物分布，与大气环境遥感技术相关。,"['InSAR', 'air quality monitoring', 'atmospheric composition analysis']",Mengshi Yang;Kang Yin;Tianrui Zhao;Zhifang Zhao;Jisheng Xia;Ramon F. Hanssen,Kinematic pattern interpretation of railway-corridor deformation from InSAR time series with transfer learning-based TCN,
None,True,International Journal of Applied Earth Observation and Geoinformation,该论文与大气环境遥感技术密切相关，因为其涉及煤尘甲烷的遥感监测和处理，包括羽流识别、排放估算和地面验证，这些都是大气成分分析的重要方面。,"['coal mine methane', 'plume identification', 'atmospheric composition']",Xuan Wu;Shenshen Li;Qiang Ge;Xuefei Hu;Kun Cai,"Adaptive background suppression-based plume identification, emission estimation, and ground validation of coal mine methane in Changzhi, Shanxi, China",
None,True,International Journal of Applied Earth Observation and Geoinformation,该论文标题和摘要涉及Sentinel-2卫星图像的超级分辨率技术，这与大气环境遥感技术中的卫星观测和图像处理密切相关，因此属于强相关领域。,"['Sentinel-2', 'super-resolution', 'satellite imagery']",Hexin Wang;Zeqing Su;Yuanchen Yin;Yonghua Sun;Cankun Yang;Na Jiang;Xiaojuan Li,AdaGeo-SR: Geo-semantic-guided super-resolution of sentinel-2 imagery with AlphaEarth foundation priors,
None,True,International Journal of Applied Earth Observation and Geoinformation,该论文研究了中国人工林对地表温度的影响，涉及森林年龄和造林强度等因素，这与大气环境遥感技术中的地表参数监测和空气质量分析相关，属于遥感技术应用的范畴。,"['land surface temperature', 'afforestation', 'forest age']",Shaoyu Zhang;Bin Song;Chaoyang Wu;Bisong Hu;Jin Chen;Shuhua Qi;Yong Ge,Biophysical effects of afforestation on local land surface temperature in china: A comprehensive analysis incorporating forest age and afforestation intensity,
None,True,International Journal of Applied Earth Observation and Geoinformation,该论文研究的是基于GRACE/GRACE-FO卫星数据重建地下水储量异常的时空框架，涉及历史相位约束的间隙填充和物理引导的全局-局部降尺度技术。虽然主要关注地下水储量，但其使用卫星数据（GRACE/GRACE-FO）和遥感技术（间隙填充、降尺度）的方法与大气环境遥感技术密切相关，特别是在大气成分分析方面。因此，该论文与大气环境遥感技术有较强的相关性。,"['GRACE', 'groundwater storage anomalies', 'phase-constrained gap filling', 'physics-guided downscaling']",Leyi Zhang;Guozhuang Zhang;Hongjie He;Yijian Zeng;Xizhi Lyu;Zuyu Liu;Xiuhua Liu;Peizhe Li;Bing Bai;Xia Li,A spatiotemporal reconstruction framework for GRACE/GRACE-FO-derived groundwater storage anomalies based on historical phase-constrained gap filling and physics-guided global–local downscaling,
None,True,International Journal of Applied Earth Observation and Geoinformation,该论文研究的是使用跨尺度迁移学习重建小时级1公里分辨率的全天候地表温度，这与大气环境遥感技术中的地表温度监测和反演相关，属于遥感技术在地表温度分析中的应用。,"['land surface temperature', 'cross-scale transfer learning', 'reconstructing']",Yuanyuan Luo;Sha Zhang;Kun Qiao;Yun Bai,A two-stage transformer framework for reconstructing hourly 1 km all-weather land surface temperature using cross-scale transfer learning,
None,False,International Journal of Applied Earth Observation and Geoinformation,该论文标题和摘要主要关注基于Kleczków区在波兰弗罗茨瓦夫的供暖需求建模，与大气环境遥感技术（如空气质量监测、卫星观测、大气成分分析、气溶胶反演）无明显关联。,[],G. Bury;D. Teodorczyk;P. Bogusławski;J. Zielonka;R. Padsala,"Challenges in heating demand modelling based on the Kleczków district in Wrocław, Poland",
None,False,International Journal of Applied Earth Observation and Geoinformation,该论文的主题是关于将非结构化网格模型转换为结构化参数化CAD模型，用于建筑应用，与大气环境遥感技术（如空气质量监测、卫星观测、大气成分分析、气溶胶反演等）无关。,[],Jianbao Cao;Cheng Wang;Jianfang Ma;Yang Ming;Fei Deng,Automated conversion of unstructured mesh models to structured parametric CAD models for architectural applications,
None,False,International Journal of Applied Earth Observation and Geoinformation,该论文主要关注无人机图像的城市场景重建，涉及语义高斯表示和遮挡感知，与大气环境遥感技术（如空气质量监测、卫星观测、大气成分分析、气溶胶检索）关联性较弱。,"['UAV imagery', 'urban scene reconstruction', 'semantic Gaussian representations']",Zhenfei Ling;Ruisheng Wang;Kun Zhou;Tszming Lu;Fugui Liu;Renzhong Guo,Learning instance-level semantic Gaussian representations for occlusion-aware urban scene reconstruction from UAV imagery,
None,True,International Journal of Applied Earth Observation and Geoinformation,该论文研究了在复杂山区基于数据校准和CNN模型进行植被冠层高度检索的方法，这与大气环境遥感技术中的遥感数据解译和参数反演相关，属于遥感技术在生态和环境监测中的应用范畴。,"['vegetation canopy height retrieval', 'complex mountainous regions', 'CNN model']",Huajun Liang;Qiang Bie;Hongwei Zhang;Wenyu Yao,Vegetation canopy height retrieval in complex mountainous regions based on data calibration and CNN model,
None,False,International Journal of Applied Earth Observation and Geoinformation,该论文研究的是利用LMUNet-RCAM技术提取多层洞穴，涉及hillshade和RGB特征以及局部注意力机制，与大气环境遥感技术（如空气质量监测、卫星观测、大气成分分析、气溶胶反演）无直接关联。,"['loess cave extraction', 'hillshade', 'RGB features', 'local attention mechanisms']",Jianjin Huang;Xiaoli Huang;Sijin Li;Hu Ding,Multimodal loess cave extraction using LMUNet-RCAM: Integrating hillshade and RGB features with local attention mechanisms,
None,True,International Journal of Applied Earth Observation and Geoinformation,该论文研究了利用RTE（可能指遥感技术）和混合专家模型（mixture-of-experts）框架进行AMSR2（被动微波卫星传感器）土壤湿度反演的技术，属于大气环境遥感技术中的卫星观测和土壤湿度分析领域，因此与大气环境遥感技术密切相关。,"['RTE', 'mixture-of-experts', 'AMSR2', 'passive microwave', 'soil moisture retrieval']",Yurong Wu;Kebiao Mao;Jiancheng Shi;Zhonghua Guo;Sayed M. Bateni,An RTE-guided mixture-of-experts framework for AMSR2 passive microwave soil moisture retrieval,
None,False,International Journal of Applied Earth Observation and Geoinformation,该论文的主题是关于非平稳短轮伐期林分中的干扰检测，涉及的是森林生态系统和遥感技术，而非大气环境遥感技术，如空气质量监测、卫星观测或大气成分分析。,[],Guerric le Maire;Florian de Boissieu;Clayton Alcarde Alvares;Henrique Ferraco Scolforo;Evandro Nunes Miranda;Vitória Barbosa Ferreira;Jean-Baptiste Féret;Joannès Guillemot;José Luiz Stape,Context-aware quantile baselines for disturbance detection in non-stationary short-rotation forest plantations,
None,False,International Journal of Applied Earth Observation and Geoinformation,该论文标题和摘要主要关注虚拟地理场景建模和地理空间数字孪生，特别是城市高速公路隧道场景，并未涉及大气环境遥感技术，如空气质量监测、卫星观测、大气成分分析或气溶胶反演等。,[],Jinbin Zhang;Jun Zhu;Bowen Yang;Zhihao Guo;Ranran Tang;Tao Jiang;Jigang You,Virtual geographical scene modeling towards geospatial digital twins: A case study of urban highway tunnel scenarios,
None,False,International Journal of Applied Earth Observation and Geoinformation,该论文的标题和摘要主要关注城市内涝的识别和优先区域划分，利用社交媒体数据作为研究手段，与大气环境遥感技术（如空气质量监测、卫星观测、大气成分分析、气溶胶反演等）关系不大。,[],Xi Huang;Guicheng Yang;Yinyin Chen;Luo Liu;Jiufeng Li;Xianzhe Tang,A spatiotemporal framework for identifying urban flood priority areas in megacities using social media data,
None,False,International Journal of Applied Earth Observation and Geoinformation,该论文主要关注使用移动激光扫描和语义3D道路空间模型进行物体表面辐射指纹识别，与大气环境遥感技术（如空气质量监测、卫星观测、大气成分分析、气溶胶反演）没有直接关系。,"['mobile laser scanning', 'semantic 3D road space models', 'radiometric fingerprinting']",Benedikt Schwab;Thomas H. Kolbe,Radiometric fingerprinting of object surfaces using mobile laser scanning and semantic 3D road space models,
None,True,International Journal of Applied Earth Observation and Geoinformation,该论文标题和摘要明确涉及遥感数据集的农田和农村道路分割方法，属于遥感技术应用领域，与大气环境遥感技术中的卫星观测、地表覆盖分类等方向相关，因此判定为强相关。,"['remote sensing', 'segmentation', 'farmland', 'rural roads']",Zhaoxiang Cao;Yuchun Huang;Yibo Zhou;Peng Zhou;Zhiqiang Qin;Shengyuan Zhang,Corrigendum to “A partially supervised joint segmentation method for farmland and rural roads from single-class annotated remote sensing datasets” [Int. J. Appl. Earth Obs. Geoinf. 152 (2026) 105509],
None,False,International Journal of Applied Earth Observation and Geoinformation,该论文标题和摘要主要关注化工园区内的管道映射技术，涉及的是工业流程和结构感知，与大气环境遥感技术（如空气质量监测、卫星观测、大气成分分析、气溶胶反演等）没有直接关联。,"['chemical industrial parks', 'pipeline mapping', 'structure-aware']",Tianhao Wang;Shixin Wang;Futao Wang;Suju Li;Litao Wang;Zhenqing Wang;Xingguang Gu;Ziqi Nie;Zhaowei Wang;Chengyue Xiong;Jinfeng Zhu;Wenliang Liu,CDBNet: Detail-preserving and structure-aware pipeline mapping in chemical industrial parks,
None,False,International Journal of Applied Earth Observation and Geoinformation,该论文研究的重点是跨区域梯田地块提取的领域自适应技术，虽然涉及遥感技术（remote sensing），但主要关注的是地理信息提取和计算机视觉算法，而非大气环境监测、空气质量、卫星观测或大气成分分析等具体内容。,"['domain adaptation', 'terraced parcel extraction', 'remote sensing']",Zhiwei Zhang;Xingyuan Zeng;Xinkai Kong;Juepeng Zheng;Haoyuan Liang;Guowei Zhou;Bohan Shi;Lingyuan Zhao;Jianxi Huang;Haohuan Fu,DATerra: Boundary and structure aware domain adaptation for cross-regional terraced parcel extraction,
None,True,International Journal of Applied Earth Observation and Geoinformation,该论文的标题和摘要明确涉及使用多颗地球静止卫星（GK-2B、Himawari-9、FY-4B）融合数据来追踪东亚地区的日变化气溶胶动力学和烟雾输送，这与大气环境遥感技术（如空气质量监测、卫星观测、大气成分分析、气溶胶反演）密切相关。,"['aerosol dynamics', 'smoke transport', 'multi-geostationary satellite', 'GK-2B', 'Himawari-9', 'FY-4B']",Tong Sha;Zhenan Yao;Yueming Cheng;Tie Dai;Jing Wei;Guangyu Shi,"Tracking diurnal aerosol dynamics and smoke transport over East Asia using multi-geostationary satellite fusion (GK-2B, Himawari-9, FY-4B)",
None,True,International Journal of Applied Earth Observation and Geoinformation,该论文研究了利用双时相高分辨率卫星图像和重投影nDSM（数字高程模型）来估算城市建筑高度的新方法。这与大气环境遥感技术中的卫星观测和城市环境分析相关，属于遥感技术在城市地理信息提取中的应用。,"['satellite imagery', 'high resolution', 'nDSM']",Xiaoxue Feng;Li Tian;Peijun Li;Fang Chen;Changyong Dou,A novel method for estimating urban building heights using bi-temporal high resolution satellite imagery and reprojected nDSM,
None,True,International Journal of Applied Earth Observation and Geoinformation,该论文研究了南极冰盖表面融化动态，涉及辐射和湍流控制，这与大气环境遥感技术（如卫星观测和大气成分分析）密切相关。,"['Antarctic Ice Sheet', 'radiative', 'turbulent', 'melt dynamics']",Ziqian Zhang;Wanchun Leng;Lei Zheng;Xiao Cheng;Tianjie Zhao;Teng Li;Qi Liang;Mengxi Zhai;Lingmei Jiang,Three decades of Antarctic Ice Sheet surface melt dynamics with disentangled radiative and turbulent controls,
None,False,International Journal of Applied Earth Observation and Geoinformation,该论文主要研究的是从二维地表范围到三维水位的水量重建，涉及水文复杂平原湖泊的SWOT校准面积-高度框架，与大气环境遥感技术（如空气质量监测、卫星观测、大气成分分析、气溶胶反演）没有直接关系。,[],Xin Jiang;Lin Yan;Shunqiang Hu;Yuanyan Zhang;Zhenzhong Zeng,From 2D surface extent to 3D water levels: A SWOT-calibrated area–height framework for multidecadal reconstruction in hydraulically complex floodplain lakes,
None,True,International Journal of Applied Earth Observation and Geoinformation,该论文研究了利用MODIS植被轨迹和GEDI冠层结构数据揭示喜马拉雅山脉不同结构状态的方法，涉及卫星观测技术和植被分析，与大气环境遥感技术（如卫星观测、植被监测）密切相关。,"['MODIS', 'GEDI', 'vegetation trajectories', 'canopy structure', 'Hindu Kush Himalaya']",Niti B. Mishra,Beyond greenness: Combining MODIS vegetation trajectories and GEDI canopy structure to reveal contrasting structural states across the Hindu Kush Himalaya,
None,True,International Journal of Applied Earth Observation and Geoinformation,该论文的标题和摘要明确涉及大气校正和低空遥感技术，特别是在极端天顶角条件下的应用，这与大气环境遥感技术密切相关，例如空气质量和大气成分分析。,"['atmospheric correction', 'remote sensing', 'transfer learning']",Ming Xu;Jun Chen,A physics-guided transfer learning approach for atmospheric correction of low-altitude remote sensing at extreme zenith angles,
None,False,International Journal of Applied Earth Observation and Geoinformation,该论文主要关注的是从密集的合成孔径雷达（SAR）图像中检测小尺度船舶的方向性特征提取，这与大气环境遥感技术（如空气质量监测、卫星观测、大气成分分析、气溶胶反演）关联性较弱。,"['SAR imagery', 'small-scale ships', 'oriented detection']",Junjie Zhang;Baoxiang Huang;He Gao;Borui Li;Ge Chen,A directional feature excavation transformer for oriented detection of small-scale ships in dense SAR imagery,
None,False,International Journal of Applied Earth Observation and Geoinformation,该论文主要关注的是将GRACE卫星观测数据同化到水文模型中，并研究三峡水库在长江流域的作用，与大气环境遥感技术（如空气质量监测、卫星观测、大气成分分析、气溶胶反演等）的直接关联性较弱。,"['GRACE', 'hydrological model', 'Three Gorges Reservoir']",Jun Huang;Yuhao Xiong;Wei Feng;Fan Yang;Hongbing Bai;Min Zhong,Assimilating GRACE observations into a hydrological model in the Yangtze River Basin: The role of the Three Gorges Reservoir,
None,False,International Journal of Applied Earth Observation and Geoinformation,该论文主要关注的是土地利用变化检测和2米分辨率产品生成，虽然涉及遥感技术，但与大气环境遥感技术（如空气质量监测、卫星观测、大气成分分析、气溶胶反演）关系不大。,"['land use change detection', 'multi-task attention network', '2 M resolution products']",Jun Sun;Weiguo Jiang;Haijiang Luo;Ziyan Ling;Shuhui Lai;Xiang Long,"DecAttNet: A decoder-centric multi-task attention network for rapid, large-scale land use change detection and 2 M resolution products generation",
None,True,International Journal of Applied Earth Observation and Geoinformation,该论文使用Sentinel-1卫星图像时间序列和一种新的基于transformer的模型来绘制选择性砍伐森林，这属于遥感技术在环境监测中的应用，特别是对地表覆盖变化的分析，与大气环境遥感技术（如卫星观测和地表参数反演）密切相关。,"['Sentinel-1', 'time series', 'transformer-based model']",Xinyao Huang;Raian Vargas Maretto;Leila Maria Garcia Fonseca;Alfred Stein;Claudio Persello,Mapping selective logging with Sentinel-1 image time series and a novel transformer-based model,
None,True,International Journal of Applied Earth Observation and Geoinformation,该论文标题和摘要中提到的HSI（高光谱图像）和LiDAR（激光雷达）是大气环境遥感技术中的常用数据源，用于空气质量和大气成分分析。联合分类方法也常用于大气环境监测和污染识别，因此该研究高度相关于大气环境遥感技术。,"['HSI', 'LiDAR', 'classification', 'remote sensing']",Hao Zhu;Yulin Xie;Xiaotong Li;Huanhuan Wu;Zhongle Ren;Zhen Cao;Biao Hou,GICL-Net: A graph-interactive collaborative learning network for joint classification of HSI and LiDAR,
None,False,International Journal of Applied Earth Observation and Geoinformation,该论文主要关注地热活动区域的岩石学和矿物蚀变，使用热红外光谱数据。这与大气环境遥感技术（如空气质量监测、卫星观测、大气成分分析、气溶胶反演）关系不大，因此相关性较弱。,"['thermal infrared spectroscopy', 'lithology', 'mineral alteration']",Federico Rabuffi;Simon J. Hook;Massimo Musacchio;Malvina Silvestri;Kerry Cawse-Nicholson;Maria Fabrizia Buongiorno;Zoe Amie Pierrat,Utilizing thermal infrared spectroscopy data to map lithology and mineral alteration in geothermally active areas,
None,True,International Journal of Applied Earth Observation and Geoinformation,该论文使用了MODIS传感器和EVI指标来分析印度植被的绿色变化，这与大气环境遥感技术中的大气成分分析和卫星观测密切相关。,"['MODIS', 'EVI', 'vegetation greening', 'atmospheric composition', 'Earth observation']",Dibyendu Dutta,Structural stability of vegetation greening across India from multi-season MODIS EVI: a time–frequency earth observation framework,
None,False,International Journal of Applied Earth Observation and Geoinformation,该论文标题和摘要主要关注长距离铁路多光谱数据（MLS）的语义分割，涉及全球先验和局部几何集成框架。这与大气环境遥感技术（如空气质量监测、卫星观测、大气成分分析、气溶胶反演）的主题没有直接关联，因此不相关。,[],Yue Zhang;Tao Xu;Wen Xiao;Liang Fei;Jiawei Wang;Yuanwei Yang;Lunche Wang,SegRail: A Framework for semantic segmentation of long-distance railway MLS data via global priors and local geometry integration,
None,True,International Journal of Applied Earth Observation and Geoinformation,该论文标题和摘要中明确提到了“多源遥感”和“辐射耦合分析”，这与大气环境遥感技术密切相关，特别是涉及大气辐射和空气质量监测等领域。,"['remote sensing', 'ensemble learning', 'atmospheric radiation']",Guanjun Lian;Huaiqing Zhang;Hua Liu;Tingdong Yang;Hanqing Qiu;Yang Liu;Hongyan Yu;Xianying Wang,Tree-neighborhood scale structure–radiation coupling analysis and modeling using multi-source remote sensing and ensemble learning,
None,True,International Journal of Applied Earth Observation and Geoinformation,该论文研究的是利用无人机（UAV）进行白天和黑夜的野火分割技术，涉及RGB-热成像网络，与大气环境遥感技术中的火灾监测和热辐射分析相关，因此与大气环境遥感技术（如卫星观测、热成像技术等）有较强的相关性。,"['UAV wildfire segmentation', 'brightness-adaptive', 'RGB-thermal network']",Peng Cheng;Luli Zhang;Bin Wang;Junyi Liu;Haigang Sui,DNFNet: a brightness-adaptive lightweight RGB–thermal network for day–night UAV wildfire segmentation,
None,False,International Journal of Applied Earth Observation and Geoinformation,该论文的主题是地质灾害监测，涉及岩石裂隙的轻量级分割和各向异性特征建模，与大气环境遥感技术（如空气质量监测、卫星观测、大气成分分析、气溶胶反演）没有直接关系。,"['rock-mass', 'cracks', 'geological hazard']",Qin Bao;Yong Yang;Yongyi Xiang;Heng Zhang,Lightweight segmentation of rock-mass cracks based on anisotropic feature modeling for geological hazard monitoring,
None,False,International Journal of Applied Earth Observation and Geoinformation,该论文研究的是基于几何-频率协同融合的GFS-Net算法，用于精确的光学-SAR土地覆盖分类，主要聚焦于土地覆盖分类技术，而非大气环境遥感技术，如空气质量监测、卫星观测或大气成分分析。,"['GFS-Net', 'optical-SAR', 'land-cover classification']",Hongkang Tao;Qin Huang;Teng Zhong;Zan Yang;Haobo Qiu;Chen Jiang,GFS-Net: Geometry–frequency synergistic fusion for accurate optical–SAR land-cover classification,
None,True,International Journal of Applied Earth Observation and Geoinformation,该论文研究利用多源时间序列数据监测森林生长动态，特别是冠层高度变化。这与大气环境遥感技术中的森林生态系统监测和大气成分分析相关，因为森林冠层是大气环境的重要组成部分，其动态变化可以反映大气成分和空气质量。因此，该论文与大气环境遥感技术有较强的关联性。,"['forest growth dynamics', 'canopy height', 'multi-source time series']",Hugo de Lame;Thibauld Collet;Pauline Depoortere;Alexia Favaro;Philippe Lejeune;Adrien Michez;Antoine Plumacker;Jérôme Perin;Thomas Pollet;Quentin Ponette;Zoé Rousseau;Arthur Vander Linden;Marie-Pierre Tasseroul;Christian Messier;Jean-François Bastin,Monitoring forest growth dynamics from harmonized multi-source time series of canopy height,
None,True,International Journal of Applied Earth Observation and Geoinformation,该论文研究的是在火星上识别高价值着陆椭圆的方法，使用了一种连续优化框架和适宜性地图。虽然主要关注点不是大气环境遥感技术，但涉及到空间探测和地外环境分析，与大气环境遥感技术中的某些方面（如空间优化和地外环境监测）有间接关联，因此可以认为其与大气环境遥感技术有较强相关性。,"['Mars', 'landing ellipses', 'optimization framework']",Rong Wang;Yongjiu Feng;Yuhao Wang;Yi Zhou;Panli Tang;Jingbo Sun;Yusheng Xu;Chao Wang;Sicong Liu;Zhen Ye;Xiaohua Tong,Identifying high-value landing ellipses on Mars using a continuous optimization framework with suitability map,
None,True,International Journal of Applied Earth Observation and Geoinformation,该论文研究的是利用GEDI数据（Geostationary Electro-Optical Depth Imager）结合空间-光谱特征来过滤和映射12个主要全球城市的建筑高度。虽然不直接涉及空气质量监测或大气成分分析，但其使用了卫星遥感技术（GEDI卫星）来获取地面建筑高度信息，这与大气环境遥感技术中的卫星观测和数据处理方法相关，因此可以认为与大气环境遥感技术有一定关联。,"['GEDI', 'building height mapping', 'spatial-spectral characteristics']",Xiao Ma;Yajie Qu;Hexiang Wang;Meiyuan Chen;Chuyi Yang;Guang Zheng;Chi Xu;Yixi Bi,Filtering GEDI footprints based on combined spatial-spectral characteristics for individual building height mapping in 12 major global cities,
None,True,International Journal of Applied Earth Observation and Geoinformation,该论文研究的是用于检测火星人为变化的对比引导层次无监督方法，虽然研究对象是火星而非地球大气层，但其涉及的技术方法（如对比引导层次无监督方法）可以应用于大气环境遥感技术中，例如用于监测地球大气层中的人为变化或污染物分布。因此，与大气环境遥感技术有一定的相关性。,"['Martian anthropogenic changes', 'contrast-guided hierarchical unsupervised method', 'detecting']",Jiang Long;Sicong Liu;Yuxuan Hu;Jiayi Wu;Tao Liu;Yonggang Xiong;Kaiyue Luo;Jie Zhang;Kecheng Du;Huan Xie;Xiaohua Tong,CGHU-CD: A contrast-guided hierarchical unsupervised method for detecting Martian anthropogenic changes,
None,True,International Journal of Applied Earth Observation and Geoinformation,该论文研究的是卫星-地面闪电融合的时空零模型框架，涉及中国边缘海区域，这与大气环境遥感技术密切相关，特别是闪电活动的监测和大气成分分析。,"['satellite-ground lightning fusion', 'Chinese marginal seas', 'null-model framework']",Nengxing Guo;Li Cai;Wenzhao Lu;Yingpu Xie;Yuheng Niu;Tao Li;Chun Zhao;Shanqiang Gu,A factorial spatial–temporal null-model framework for satellite–ground lightning fusion across Chinese marginal seas,
None,True,International Journal of Applied Earth Observation and Geoinformation,该论文研究了从太空探测甲烷及其排放估算的技术，并对比了PRISMA、EnMAP和GHGSat星座的性能，这与大气环境遥感技术（如空气质量监测、卫星观测、大气成分分析、气溶胶反演）密切相关，因此密切相关。,"['Methane', 'space', 'PRISMA', 'EnMAP', 'GHGSat']",Daniele Settembre;Davide De Santis;Giovanni Schiavon;Fabio Del Frate,Methane detection and emission estimation from space: Benchmarking PRISMA and EnMAP with the GHGSat constellation,
None,True,International Journal of Applied Earth Observation and Geoinformation,该论文研究了利用iTransformer技术结合ERA5再分析和GNSS观测数据重建三维对流层延迟场，这与大气环境遥感技术密切相关，特别是卫星观测和大气成分分析领域。,"['tropospheric delay fields', 'GNSS observations', 'ERA5 reanalysis', 'spatiotemporal reconstruction']",Fangxin Hu;Bo Chen;Mingyuan Zhang;Ran Lu;Pengfei Xia;Tengfeng Wang;Xiaowei Zou;Yuanfan Deng,Tropoformer-S: iTransformer-based spatiotemporal reconstruction of three-dimensional tropospheric delay fields integrating ERA5 reanalysis and GNSS observations,
None,True,International Journal of Applied Earth Observation and Geoinformation,该论文使用多源地球观测技术（如卫星观测）来量化湖泊扩张概率，涉及冰川-气候复合驱动因素。虽然主要关注湖泊扩张，但地球观测技术是大气环境遥感技术的一部分，因此与大气环境遥感技术（如大气成分分析）有相关性。,"['Earth observation', 'lake expansion', 'glacier–climate forcing', 'atmospheric composition analysis']",Xiaoyang Zhao;Nai’ang Wang;Liqiang Zhao;Dezhong Zhang;Na’na Zhai;Hang Zhao;Liqiong Bai,Quantifying lake expansion probability under compound glacier–climate forcing using a GCL-CPF framework integrating multi-source Earth observation and vine copula theory,
None,True,International Journal of Applied Earth Observation and Geoinformation,该论文的标题和摘要明确涉及遥感技术，特别是用于作物绘制，这通常需要分析大气环境数据，如大气组成和空气质量，因此与大气环境遥感技术密切相关。,"['remote sensing', 'crop mapping', 'atmospheric composition analysis']",Lihua Cui;Wenting Han;Xuedong Zhai;Guang Li;Shah Jahan Leghari;Yi Liao;Ziao Zhou;Shenjin Huang,PLGCA-SAM: Progressive local and global context-aware network incorporating SAM for remote sensing crop mapping,
None,True,International Journal of Applied Earth Observation and Geoinformation,该论文研究了利用多频微波遥感技术探测森林对干旱胁迫的分层响应，这与大气环境遥感技术中的森林监测和环境变化分析相关，属于大气成分分析和遥感应用领域。,"['microwave remote sensing', 'stratified forest', 'drought stresses']",Xu Zhang;Xiang Zhang;Fei Zhang;Xihui Gu;Hongliang Ma;Aminjon Gulakhmadov;Rabindra Kumar Panda;Mahlatse Kganyago;Veber Costa;Won-Ho Nam;Dash Subhaprada;Uma Charan Mohanty;Jiangyuan Zeng;Wen Xiao;José A. Marengo;Chao Yang;Wenying Du;Zeqiang Chen;Longgang Xiang;Nengcheng Chen,Multi-frequency microwave remote sensing reveals stratified forest responses to diverse drought stresses,
None,False,International Journal of Applied Earth Observation and Geoinformation,该论文主要研究的是地震引发的地表滑坡强度建模，涉及地理学和地质学领域，与大气环境遥感技术（如空气质量监测、卫星观测、大气成分分析、气溶胶反演等）没有直接关联。因此，该论文与大气环境遥感技术不相关。,"['coseismic landslide', 'Log-Gaussian GAM', 'regional intensity']",Binghai Gao;Yi Wang;Xiaolong Zhang;Xin Wang;Jingqi Huang;Pan Cao;Yongheng Li;Jiwei Wang,"Modeling regional coseismic landslide intensity with an interpretable Log-Gaussian GAM: Integrating size, mobility, and their interactions",
None,True,International Journal of Applied Earth Observation and Geoinformation,该论文标题和摘要涉及遥感图像分割和视觉基础模型，与大气环境遥感技术（如卫星观测、大气成分分析）密切相关，因此相关性较强。,"['remote sensing', 'image segmentation', 'vision foundation model']",Yijie Zhang;Jian Cheng;Shimiao Fan;Changjian Deng;Ziying Xia;Nyima Tashi,Improving text–image alignment for referring remote sensing image segmentation guided by vision foundation model,
None,True,International Journal of Applied Earth Observation and Geoinformation,该论文研究了气象干旱与长江中下游地区的复合水汽源输送异常之间的概率关联，涉及气象和大气水汽输送，与大气环境遥感技术中的空气质量和大气成分分析有一定关联。,"['meteorological drought', 'compound moisture sources', 'transport anomalies']",Hanlin Zheng;Tianliang Jiang;Yanping Qu;Qianfeng Wang;Yachao Zhang,Probabilistic associations between meteorological drought and compound moisture sources-transport anomalies in the middle and lower Yangtze River,
None,True,International Journal of Applied Earth Observation and Geoinformation,该论文标题和摘要明确涉及地表热异常提取，这属于遥感技术在环境监测中的应用，特别是与大气环境中的热红外遥感相关。虽然未直接提及空气质量监测或卫星观测，但地表热异常分析是大气环境研究中的一部分，可以用于推断大气成分和污染情况。因此，该论文与大气环境遥感技术有较强的相关性。,"['LST', 'surface thermal anomaly', 'framework']",Pengcheng Wu;Qingyan Meng;Linlin Zhang;Mona Allam;Longfei Liu;Hantian Wu,SRAIN: An isolated-neighborhood-based framework for LST-based surface thermal anomaly extraction,
None,True,International Journal of Applied Earth Observation and Geoinformation,该论文研究了使用单时相遥感图像进行建筑物损坏检测的DPNet灾害感知网络，虽然主题不是直接针对大气环境监测，但遥感图像在大气环境监测中是重要工具，因此与大气环境遥感技术有间接关联。,"['remote sensing imagery', 'building damage detection', 'single-temporal']",Chunfeng Gao;Zheng Gong;Bing He;Ying Qu;Qiao Wang;Weihua Dong,DPNet: A disaster perception network for building damage detection using single-temporal remote sensing imagery,
None,True,International Journal of Applied Earth Observation and Geoinformation,该论文研究沿海湿地景观中不同地物类型的最佳分割尺度，涉及遥感技术中的地物分类和图像处理，与大气环境遥感技术（如空气质量监测和地物分析）相关。,"['land-cover types', 'segmentation scale', 'coastal wetland']",Xiaonan Zhou;Junkai Shi;Qingyu Li;Zhenguo Niu,"Resolution-dependent divergence of optimal segmentation scale across land-cover types in a coastal wetland landscape: A systematic empirical characterization from 0.02 to 30 m near the Yellow River estuary, Dongying, China",
None,False,International Journal of Applied Earth Observation and Geoinformation,该论文研究的是多尺度空间条件下的光谱路由网络，用于高光谱和多光谱图像融合。虽然涉及遥感技术中的图像处理，但主要关注点在于图像融合算法，而非大气环境遥感技术，如空气质量监测或卫星观测等。,"['hyperspectral', 'multispectral', 'image fusion']",Bo Zhou;Xianfeng Zhang;Ziyuan Feng;Miao Ren;Xiaobo Zhi,A multi-scale spatial-conditioned spectral routing network for hyperspectral and multispectral image fusion,
None,True,International Journal of Applied Earth Observation and Geoinformation,该论文研究了如何通过物理约束的多任务学习来提高从地球静止卫星的太阳总辐射反射率中估算小时PM2.5浓度的精度。PM2.5是大气环境监测中的关键污染物，地球静止卫星和太阳总辐射反射率是遥感技术中的常用工具，因此该论文与大气环境遥感技术（如空气质量监测和卫星观测）密切相关。,"['PM2.5', 'geostationary satellite', 'TOA reflectance', 'multi-task learning']",Ruijie Li;Zhe Zheng;Chenru Zou;Ke Li;Xidong Sun;Chaoshun Liu;Guangze Zhang;Kaixu Bai,Improving hourly PM<sub>2.5</sub> estimation from geostationary satellite TOA reflectance through physically constrained multi-task learning,
None,True,International Journal of Applied Earth Observation and Geoinformation,该论文的标题和摘要明确涉及遥感场景分割技术，其中提到了空间-频率协作的联合语义和结构建模方法。虽然不直接提及大气环境监测或特定污染物，但场景分割是遥感技术中用于分析大气成分和空气质量数据的关键步骤，因此与大气环境遥感技术密切相关。,"['remote sensing', 'scene segmentation', 'spatial–frequency collaboration']",Wenwu Xiong;Wei Chen;Zhou Huang;Hongzhao Tang;Kevin Tansey;Józef Hernik;Binbin Lu;Shichao Cui;Yida Chen,SFMNet: Joint semantic and structural modeling via spatial–frequency collaboration for remote sensing scene segmentation,
None,True,International Journal of Applied Earth Observation and Geoinformation,该论文研究了使用物理引导的机器学习方法从Landsat表面反射率数据中估算时空无缝FAPAR（叶面积指数），这与大气环境遥感技术密切相关，特别是卫星观测和植被指数分析领域。,"['FAPAR', 'Landsat', 'surface reflectance', 'machine learning']",Yimin Ni;Gaofei Yin;Guodong Zhang;Gang Sun;Xiaodan Wu;Xiaojun Li;Xinyan Liu;Anxin Ding;Rui Chen;Meilian Wang;Yi Zhang;Jiangchuan Hu;Zongyan Li;Aleixandre Verger,Physics-Guided Machine learning approach for estimating spatiotemporally seamless FAPAR from Landsat surface reflectance,
None,True,International Journal of Applied Earth Observation and Geoinformation,该论文与大气环境遥感技术相关，因为它涉及遥感语义分割，这是从卫星图像中提取地物信息的一种技术，常用于空气质量监测和环境分析。,"['remote sensing', 'semantic segmentation', 'vision foundation models']",Haocheng Li;Juepeng Zheng;Shuangxi Miao;Ruibo Lu;Guosheng Cai;Haohuan Fu;Jianxi Huang,Parameter-efficient multimodal adaptation of vision foundation models for remote sensing semantic segmentation,
None,True,International Journal of Applied Earth Observation and Geoinformation,该论文使用深度学习和超级分辨率技术处理Sentinel-2和Landsat-8卫星图像，以绘制加利福尼亚州野火烧毁区域，这直接涉及利用卫星遥感技术进行大气环境监测和环境分析，因此与大气环境遥感技术密切相关。,"['Sentinel-2', 'Landsat-8', 'deep learning', 'burned area mapping', 'wildfires']",Youngmin Seo;Seung Hee Kim;Menas Kafatos;Jinsoo Kim;Yangwon Lee,Deep learning-based burned area mapping of California wildfires using Sentinel-2 and Landsat-8 imagery enhanced with super-resolution techniques,
None,True,International Journal of Applied Earth Observation and Geoinformation,该论文标题和摘要明确涉及使用深度学习方法对地球静止卫星Himawari-8的气溶胶光学/微物理参数进行增强检索，这与大气环境遥感技术（如卫星观测、气溶胶反演）密切相关。,"['Himawari-8', 'aerosol optical/microphysical parameters', 'deep learning method']",Lina Xu;Siyu Liu;Minghui Tao;Jun Wang;Xincai Chang;Wenjing Man;Jie Ma;Huang Zhang;Jhoon Kim,Enhanced retrieval of aerosol optical/microphysical parameters for Himawari-8 geostationary satellite measurements with data-driven deep learning method,
None,False,International Journal of Applied Earth Observation and Geoinformation,该论文研究的是在山区使用深度学习技术进行树木分割和多维度属性提取，主要关注的是地理信息系统和遥感技术在林业资源管理中的应用，与大气环境遥感技术（如空气质量监测、卫星观测、大气成分分析、气溶胶反演）相关性较低。,"['deep learning', 'tree segmentation', 'attribute extraction']",Guangbin Lei;Ainong Li;Jinhu Bian;Zhengjian Zhang;Xiaohan Lin;Xi Nan;Amin Naboureh;Yulan Chen;Yi Deng,A multi-task collaborative method for individual tree segmentation and multi-dimensional attribute extraction in mountainous areas using deep learning technologies,
None,True,International Journal of Applied Earth Observation and Geoinformation,该论文与大气环境遥感技术密切相关，因为它研究的是从SMAP（Soil Moisture Active Passive）卫星数据中获取全球土壤湿度，涉及土壤介电常数模型和遥感技术。,"['soil dielectric', 'global soil moisture retrieval', 'SMAP']",Yulin Shangguan;Jian Peng;Cheng Tong;Xingyu Xue;Xiaojun Xu;Xiaodong Deng;Xiaoxiao Min;Zhou Shi;Jean-Pierre Wigneron,Optimal soil dielectric model map for global soil moisture retrieval from SMAP,
None,True,International Journal of Applied Earth Observation and Geoinformation,该论文与大气环境遥感技术密切相关，因为其研究内容涉及使用卫星观测技术获取全球、无间隙的日度海洋色彩数据集，用于海洋生态监测。这属于大气环境遥感技术中的卫星观测和大气成分分析范畴。,"['Ocean-Colour', 'satellite observations', 'marine ecological monitoring']",Yuan Zhang;Hui Yang;Fang Shen;Tingwei Cui;Liu Cui;Renhu Li;Qingzhou Lv;Xuerong Sun,"A Global, Gap-Free daily Ocean-Colour dataset (2000–2024) for robust marine ecological monitoring",
None,True,International Journal of Applied Earth Observation and Geoinformation,该论文研究无人机（UAV）利用反照率双向反射分布函数（BRDF）衍生的植被指数来获取树木高度的技术。这属于遥感技术领域，特别是大气环境遥感中用于植被和地形参数反演的部分，因此与大气环境遥感技术（如空气质量监测、卫星观测、大气成分分析、气溶胶反演等）有强相关关系。,"['UAV', 'BRDF', 'vegetation indices', 'tree height retrieval', 'remote sensing']",Zhihui Mao;Lei Deng;Qinghua Qiao,Viewing-geometry effects on UAV-based tree height retrieval using BRDF-derived vegetation indices,
None,False,International Journal of Applied Earth Observation and Geoinformation,该论文主要研究中国最大的海草床的长期时空动态变化，与大气环境遥感技术（如空气质量监测、卫星观测、大气成分分析、气溶胶反演）没有直接关系。,"['satellite tracking', 'seagrass meadow', 'spatiotemporal dynamics']",Jun Tang;Yingcheng Lu;Zhiyuan Ouyang;Yarong Zou;Futao Wang;Yuntao Wang;Chao Zhou;Yanlong Chen,Satellite tracking of long-term spatiotemporal dynamics in China’s largest seagrass meadow,
None,True,Atmospheric Environment,该论文研究了含氮有机化合物的水相形成机制，这与大气环境遥感技术中的大气成分分析密切相关。含氮有机化合物是大气污染物的重要组成部分，其形成机制的研究有助于监测和预测空气质量，因此与大气环境遥感技术密切相关。,"['nitrogen-containing organic Compounds', 'aqueous formation', 'atmospheric composition']",Tengfei Li;Juying Lin;Wei Sun;Guohua Zhang;Xiaocong Peng;Xiuqun Liu;Bin Jiang;Xinming Wang;Ping'an Peng;Xinhui Bi,Unveiling the precursor-specific aqueous formation mechanisms of nitrogen-containing organic Compounds,
None,True,Atmospheric Environment,该论文的标题和摘要明确涉及大气环境中的微塑料及其重新分布，这与大气环境遥感技术中的空气质量监测、大气成分分析等领域密切相关。,"['microplastics', 'atmospheric redistribution', 'environmental risk']",Minglu Ma;Hailei Fu;Dayu Zhu;Tao Chen;Yuyao Huang;Shiting Chen;Runbo Wang;Jilun Wang;Tao Wang;Liwu Zhang,Atmospheric redistribution of microplastics reshapes environmental risk across China,
None,False,Atmospheric Environment,该论文主要研究轮胎工业在高楼大厦中的气味干扰阈值，属于环境健康和暴露评估领域，与大气环境遥感技术（如空气质量监测、卫星观测、大气成分分析、气溶胶反演）没有直接关系。,[],Yan Zhang;Weihua Yang;Ting Wu;Xin Wang;Yajing Yang;Lanping Ma;Zhiqiang Lu;Weifang Li;Jiayin Li;Xiande Xiao;Gen Wang;Kehua Zou;Zhiyang Zhang,Determination of odor annoyance thresholds for the tire industry in high-rise urban buildings: A systematic dose-response study,
None,True,Atmospheric Environment,该论文研究了城市近海海水生成的海盐颗粒对HO2自由基的吸收过程，这与大气环境遥感技术中的空气质量监测和大气成分分析密切相关，因为HO2自由基是大气中的一种重要氧化剂，而海盐颗粒是大气中常见的气溶胶成分。,"['HO2 radical', 'sea-salt particles', 'urban coastal seawater']",Nanase Kohno;Jiaru Li;Sho Shirai;Yuzuru Nakaguchi;Kota Mizuno;Yosuke Sakamoto;Yoshizumi Kajii,HO<sub>2</sub> radical uptake onto sea-salt particles generated from urban coastal seawater in Osaka Bay,
None,True,Atmospheric Environment,该论文研究了2018-2023年上海秋季臭氧及其前体的年际变化驱动因素，这与大气环境遥感技术密切相关，尤其是空气质量和大气成分分析领域。,"['ozone', 'precursors', 'Shanghai']",Xueqi Chen;Qian Wang;Ming Wang;Yaqin Gao;Yunjiang Zhang;Rusha Yan;Shengao Jing;Qingyan Fu;Hongli Wang,Drivers of interannual variability in autumn ozone and its precursors in Shanghai during 2018–2023,
None,True,Atmospheric Environment,该论文研究了中央喜马拉雅地区的PM2.5污染，使用了卫星、再分析和新的地面CUPI传感器网络，这与大气环境遥感技术（如空气质量监测、卫星观测和大气成分分析）密切相关。,"['PM2.5', 'satellite', 'reanalysis']",Vikas Rawat;Narendra Singh;Surendra K. Dhaka;Ramesh P. Singh;Mayank Kumar Chauhan;Jaydeep Singh;Yutaka Matsumi;Tomoki Nakayama;Sachiko Hayashida;Chandra Prakash;Chhavi Pant Pandey;Alok Sagar Gautam;Kuldeep Singh;Anant Dimri;Dinesh Kumar Sharma;Chandra Mohan Singh Negi;Kiran Sharma;Nandan Singh Bisht;Ravi Shankar Kuniyal;Pushpa Bhakuni Negi,"Integrated assessment of PM<sub>2.5</sub> in the Central Himalaya using satellite, reanalysis, and a new in-situ CUPI sensor network",
None,True,Atmospheric Environment,该论文标题和摘要明确涉及了大气环境中的气溶胶（aerosol）及其与南亚季风（monsoon）和厄尔尼诺-南方涛动（ENSO）的关系，这直接关联到大气环境遥感技术，特别是空气质量监测和大气成分分析。因此，该论文与大气环境遥感技术密切相关。,"['aerosol', 'monsoon', 'South Asia', 'ENSO', 'atmospheric variability']",Anushri Pal;Sushant Das;Saurabh Kumar;Vijayakumar S. Nair,Deciphering aerosol-monsoon variability over South Asia under different phases of ENSO,
None,True,Atmospheric Environment,该论文研究了森林、偏远地区和城市空气中水溶性有机物的荧光特性，这与大气环境遥感技术中的空气质量监测和大气成分分析密切相关。,"['water-soluble organic matter', 'aerosols', 'fluorescence']",Chenran Wei;Sonia Afsana;Yange Deng;Hikari Yai;Hiroaki Fujinari;Yuzo Miyazaki;Eri Tachibana;Michihiro Mochida,"Characteristics of the fluorescence of water-soluble organic matter in forest, remote, and urban aerosols in Japan",
None,True,Atmospheric Environment,该研究涉及超细颗粒物的监测，这与大气环境遥感技术中的空气质量监测和气溶胶分析密切相关。,"['ultrafine particles', 'air quality', 'aerosol network']",Max Bußkamp;Tim Kramer;Kay Weinhold;Alfred Wiedensohler;Stephan Weber,A virtual limit value for ultrafine particles: Frequency of threshold exceedances across Germany based on data from the German Ultrafine Aerosol Network,
None,True,Atmospheric Environment,该论文主题涉及大气环境中多环芳烃（PAHs）、多环脂环烃（PAEs）和多氧乙烯基醚（OPEs）的季节行为和吸入风险，与大气环境遥感技术中的空气质量监测和污染物分析密切相关。,"['PAHs', 'PAEs', 'OPEs', 'urban atmosphere', 'inhalation risks']",Bowen He;Yifei Wang;Bo Yao;Zhu Ran;Qingxin Deng;Yan Ren;Huifan Deng;Jiansheng Cui;Sasho Gligorovski;Xinming Wang,"Contrasting seasonal behavior and inhalation risks of atmospheric PAHs, PAEs, and OPEs in a heating-influenced urban atmosphere",
None,True,Atmospheric Environment,该论文标题和摘要明确涉及使用卫星技术估算首尔都市区的PM2.5化学成分，这与大气环境遥感技术（如空气质量监测、卫星观测、大气成分分析）密切相关。关键词如“satellite-based”和“PM2.5”直接指向遥感技术和空气污染物监测。,"['PM2.5', 'satellite-based', 'chemical composition', 'Seoul metropolitan area']",Seonggyun Na;Juhee Lee;Min Ju Yeo;Jhoon Kim;Xiao Lu;Ke Li;Jinsoo Park;Dae-Yong Park;Soojeong Lee;Shawn Honomichl;Laura L. Pan;Ja-Ho Koo,Satellite-based estimation of PM<sub>2.5</sub> chemical composition under sparse observations in Seoul metropolitan area,
None,True,Atmospheric Environment,该论文研究了城市树木对大气微塑料的滞留作用，涉及大气成分分析和空气质量管理，与大气环境遥感技术中的空气质量监测和大气组成分析密切相关。,"['atmospheric microplastic', 'urban trees', 'air quality monitoring']",Gehong Li;Rui Wang;Liang Xu;Ye Wang;Ming Dong;Yaobin Song;Hua Yu,Atmospheric microplastic retention by urban trees: Source-based variation and leaf trait responses,
None,True,Atmospheric Environment,该论文研究了西北喜马拉雅地区住宅燃料燃烧产生的尺寸分辨率的气溶胶，探讨了其对光吸收、吸湿性和CCN活化的潜在影响。这些内容与大气环境遥感技术中的空气质量监测、气溶胶检索等密切相关，因此论文与大气环境遥感技术有很强的相关性。,"['aerosols', 'combustion', 'air quality']",Prashant Rawat;Jingying Mao;Shiguo Jia;Sébastien Bau;Sayantan Sarkar,"Size-resolved aerosols from residential fuel combustion in the northwestern Himalayas: potential effects on light absorption, hygroscopicity and CCN activation",
None,True,Atmospheric Environment,该论文研究的是用于评估空气质量传感器性能的高级、多功能和极端条件测试室，这与大气环境遥感技术中的空气质量监测直接相关。,"['air quality sensors', 'performance evaluation', 'test chamber']",David A. Herman;Wilton Mui;Xiaobi M. Kuang;Namrata Shanmukh Panji;Noel A. Ruiz;Vasileios Papapostolou;Brandon Feenstra;Andrea Polidori,"An advanced, multifunctional, and extreme-condition test chamber for performance evaluation of air quality sensors",
None,True,Atmospheric Environment,该论文研究了藏区的亚硝酸（HONO）形成及其对氧化能力的影响，使用了观测约束的箱式模型进行分析，这与大气环境遥感技术中的空气质量监测和大气成分分析密切相关。,"['nitrous acid (HONO)', 'Tibetan Plateau', 'box model']",Xue Zhang;Jianshu Wang;Chunxiang Ye;Xicheng Li;Xingyi Wu;Wenting Yuan;Xiangyu Luan;Yali Li;Peng Zhang;Jiaming Zhang;Yuchen Huang;Longchang Zhang;Jianghai Li;Song Liu;Chen Wang;Lei Zhu,Quantifying nitrous acid (HONO) formation and its impact on oxidation capacity over the Tibetan Plateau: Insights from an observation-constrained box model,
None,False,Atmospheric Environment,该论文主要关注农村居民因家庭燃料类型暴露于多环芳烃（PAHs）的风险评估和肾脏关联，不直接涉及大气环境遥感技术，如空气质量监测、卫星观测或大气成分分析。,"['PAHs', 'household fuel', 'renal associations']",Sadaf Gulzar;Hongmei Xu;Bei Han;Sulin Chen;Yunxuan Gu;Yujie He;Abdullah Akhtar;Jian Sun;Zhenxing Shen;Muhammad Nawaz,"PAHs exposure, health risk evaluation, and renal associations by household fuel type in rural residents of Northwestern China",
None,True,Atmospheric Environment,该论文研究韩国空气质量监测中的搬迁相关断点问题，涉及PM10和PM2.5这两种空气污染物，使用贝叶斯结构时间序列分析方法，与大气环境遥感技术中的空气质量监测密切相关。,"['PM10', 'PM2.5', 'air-quality', 'monitoring', 'Bayesian structural time-series analysis']",Insang Song,Relocation-associated discontinuities in Korean air-quality monitoring: a Bayesian structural time-series analysis of PM<sub>10</sub> and PM<sub>2.5</sub>,
None,True,Atmospheric Environment,该研究涉及柴油尾气黑碳粒子的形态变化，黑碳是大气污染物的重要组成部分，其形态变化对空气质量监测和大气成分分析有重要意义，因此与大气环境遥感技术密切相关。,"['black carbon', 'diesel exhaust', 'humidification', 'evaporation']",Kexin Liu;Zhuofei Du;Zongxuan Li;Fuyang Zhang;Xin Gong;Jinsheng Zhang;Hongjun Mao;Jianfei Peng,Morphology change of diesel exhaust black carbon particles during humidification and evaporation,
None,True,Atmospheric Environment,该论文研究了不同干旱环境下粉尘相关PM2.5模型的迁移性，这与大气环境遥感技术中的空气质量监测和大气成分分析密切相关，因此是相关的。,"['PM2.5', 'dust', 'arid environmental regimes']",Volha Hurynovich;Mikalai Filonchyk;Liang Zhou,Transferability of dust-related PM<sub>2.5</sub> models under contrasting arid environmental regimes,
None,True,Atmospheric Environment,该论文的标题和摘要明确涉及使用地面观测、卫星和再分析数据来评估全球陆地和海洋上的气溶胶负荷，这与大气环境遥感技术密切相关，特别是空气质量监测和卫星观测领域。,"['aerosol burden', 'ground-based', 'satellite', 'reanalysis data']",Shantikumar S. Ningombam;Arya S.;Swagata Mukhopadhyay;Erik Larson,"Assessment of global aerosol burden over land and oceans using ground-based, satellite, and reanalysis data",
None,True,Atmospheric Environment,该论文研究了空气污染对流感样疾病的影响，并考虑了温度和湿度的影响因素。虽然未直接提及遥感技术，但空气污染的监测和分析与大气环境遥感技术密切相关，特别是空气质量和成分分析方面。,"['air pollution', 'influenza-like illness', 'temperature', 'humidity']",Mojie Song;Yan Liu;Yake Lei;Sujin Zhang;Hongtao Zhou;Xiaobo Feng;Yanqing Xu;Guang Li,Air pollution effects on influenza-like illness modified by temperature and humidity in central China,
None,True,Atmospheric Environment,该论文研究长江中下游地区甲烷浓度的时空异质性和多因素非线性响应，涉及大气成分分析和空气质量监测，与大气环境遥感技术密切相关。,"['methane concentrations', 'atmospheric composition', 'air quality monitoring']",Yuqi He;Lan Feng;Shikuan Jin;Xin Su;Lunche Wang,Spatiotemporal heterogeneity and multi-factorial nonlinear response of methane concentrations in the middle and lower reaches of the Yangtze River,
None,True,Atmospheric Environment,该论文研究了液态晶体单体在大气-生物界面上的传输过程，这与大气环境遥感技术中的大气组成分析和气溶胶检索密切相关，因为了解大气中化学物质的传输有助于监测空气质量。,"['atmosphere-biosphere interface', 'liquid crystal monomer', 'transport']",Jing-Jing Feng;Jia Chen;Jian-Xiong Liao;Qian-Wen Jiang;Ling Mo;Rui-Xia Ma,From rain to moss: Tracing liquid crystal monomer transport across atmosphere-biosphere interface,
None,True,Atmospheric Environment,该论文研究了日本中部地区气溶胶硒的浓度和氧化状态的季节变化，这与大气环境遥感技术密切相关，特别是大气成分分析和空气质量管理领域。,"['aerosol selenium concentrations', 'oxidation states', 'atmospheric composition']",Masako Kagawa;Ippei Nagao;Saya Kagami;Fukuka Kida;Nagayoshi Katsuta,Seasonal variations of aerosol selenium concentrations and oxidation states in central Japan,
None,True,Atmospheric Environment,该论文研究了1999-2023年河内细颗粒物硫酸盐的长期观测，涉及SO2区域排放和季风环流的影响。这与大气环境遥感技术（如空气质量监测、大气成分分析、气溶胶反演）密切相关，因为其关注细颗粒物硫酸盐的观测与分析，这属于大气环境监测和成分研究的范畴。,"['fine particulate', 'sulfate', 'SO2', 'monsoon circulations']",Pham Duy Hien;Quang Tran Vuong;Vuong Thu Bac;Ha Lan Anh,Long-term observations of fine particulate sulfate in Hanoi during 1999-2023: Impact of SO<sub>2</sub> regional emissions and monsoon circulations,
None,True,Atmospheric Environment,该论文研究的是渤海海峡中颗粒物、烷基和多环芳烃（特别是硝基多环芳烃）的特性及其干沉降通量，这与大气环境遥感技术中的空气质量和大气成分分析密切相关，因为多环芳烃是常见的空气污染物，而干沉降通量是大气化学研究的重要参数。,"['particulate', 'alkyl', 'nitro-polycyclic aromatic hydrocarbons', 'dry deposition', 'Bohai Sea Strait']",Xinyuan Kang;Mian Li;Wenjun Yao;Hao Sun;Zilan Wu;Limin Yu;Xindong Ma,"Characteristics and dry deposition fluxes of particulate parent, alkyl, and nitro-polycyclic aromatic hydrocarbons in the Bohai Sea Strait, China",
None,True,Atmospheric Environment,该论文研究城市台中臭氧的变异性及其前体物质的敏感性，结合了基于观测的机器学习和化学机制建模，这与大气环境遥感技术（如空气质量监测、大气成分分析）密切相关。,"['ozone', 'urban', 'machine learning']",Jonalyn C. Madriaga;Ting-Yu Chiang;Charles C.-K. Chou,Ozone variability and precursor sensitivity in urban Taichung: Insights from observation-based machine learning and chemical mechanism modeling,
None,True,Atmospheric Environment,该论文研究了在西北非的Atlas Mohammed V大气研究站对CO2和CH4的七年间断测量，这与大气环境遥感技术密切相关，特别是大气成分分析和温室气体监测。,"['CO2', 'CH4', 'atmospheric research station']",Ibrahim Ouchen;Michel Ramonet;Toure Dro Tiemoko;Morgan Lopez;Mohamed Mastere;Abdelaziz Motiaa;Wahid Mellouki,Seven-year continuous measurement of CO<sub>2</sub> and CH<sub>4</sub> at Atlas Mohammed V atmospheric research station in Northwest Africa,
None,True,Atmospheric Research,该论文研究了大型河流对北极地区冰核颗粒的贡献，这与大气环境遥感技术中的大气成分分析（特别是冰核颗粒的监测）密切相关。虽然主要关注点在河流对大气的影响，但冰核颗粒是大气环境研究中的一个重要参数，且遥感技术常用于监测这类大气成分。,"['Arctic', 'ice nucleating particles', 'large rivers']",Annika Einbock;Madeleine Santos;Julie Lattaud;Bennet Juhls;Claudia Frey;Franz Conen,Gauging the contribution of large rivers to ice nucleating particles in the Arctic,
None,True,Atmospheric Research,该论文研究北京城市边界层中热浪傍晚冷却过程中的反梯度动量输送的垂直组织，与大气环境遥感技术中的空气质量监测和城市边界层研究相关。,"['urban boundary layer', 'heatwave', 'momentum transport']",Linlin Wang;Bingcheng Wan;Yuhong Weng;Xueling Cheng,Vertical organization of counter-gradient momentum transport associated with heatwave evening cooling in the urban boundary layer over Beijing,
None,False,Atmospheric Research,该论文研究的是冬季极端海冰减少事件，虽然涉及北极地区的环境问题，但主要关注的是海冰变化机制，与大气环境遥感技术（如空气质量监测、卫星观测、大气成分分析、气溶胶反演等）没有直接关联。,"['sea ice', 'Pan-Arctic', 'extreme sea ice decline']",Zhina Jiang;Zijian Bai;Yao Yao,Physical mechanism of winter extreme sea ice decline events from a Pan-Arctic viewpoint,
None,True,Atmospheric Research,该论文研究了2020年梅雨季节在长江中下游地区的极端现象，并探讨了其与美国东海岸环流异常的远程关系。虽然标题和摘要中未明确提及遥感技术，但研究内容涉及大气环流和气象现象，与大气环境遥感技术（如大气成分分析、气象观测）有间接关联。,"['7–14-Day Oscillation', 'Meiyu', 'atmospheric circulation']",Chuandong Zhu;Hua Li;Majun Li;Lei Du;Jinxiao Li;Po Hu;Jie Liao;Yi Fang,The 7–14-Day Oscillation of the 2020 record-breaking Meiyu over the Middle and lower reaches of the Yangtze River: Characteristics and its remote relation to circulation anomalies over the East Coast of North America,
None,True,Atmospheric Research,该论文研究利用无线电探空数据对ERA5数据集的水汽进行机器学习校正，涉及大气水汽的监测和数据处理，与大气环境遥感技术中的大气成分分析和数据校正密切相关。,"['Radiosonde', 'machine learning', 'ERA5', 'water vapor', 'GNSS']",Lingke Wang;Hansjörg Kutterer,Radiosonde-informed machine learning correction of ERA5 integrated water vapor: spatiotemporal generalization and external GNSS evaluation,
None,True,Atmospheric Research,该论文研究了典型半干旱城市在靠近尘源区时白天快速硝酸盐生成的形成机制，这与大气环境遥感技术中的空气质量监测和大气成分分析高度相关。硝酸盐是大气污染物的重要组成部分，而尘源区对空气质量有显著影响，这些都属于遥感技术监测和研究的范畴。,"['nitrate production', 'semi-arid city', 'dust source regions']",Dantong Chen;Jiayun Li;Zirui Liu;Pengfei Tian;Lei Zhang;Jinsen Shi;Yi Chang;Zhongwei Huang,Formation mechanism of rapid daytime nitrate production in a typical semi-arid city near dust source regions,
None,True,Atmospheric Research,该论文研究了无线电探空仪网络的数据冗余和偏差结构，以优化近距离温度探测网络。无线电探空仪是一种用于大气环境监测的技术，通过测量大气温度、湿度等参数来获取大气剖面信息，这与大气环境遥感技术密切相关。,"['radiosonde', 'atmospheric profiling', 'bias structure']",Frederick Mokibelo Mashao;Danitza Klopper;Yehenew Kifle;Hector Chikoore;Kingsley K. Ayisi;Belay Demoz,Inter-station measurements redundancy and bias structure for optimising closely spaced radiosonde thermodynamic profiling networks,
None,True,Atmospheric Research,该论文研究了利用密集5G网络中的低成本GNSS接收器数据反演天顶总延迟信息，并将其用于广东地区的对流性强降水预报。虽然主要关注点是降水预报，但GNSS技术和天顶总延迟数据与大气环境遥感技术（如大气成分分析、气象观测）密切相关，因此与大气环境遥感技术具有强相关性。,"['GNSS', 'zenith total delay', 'convective heavy precipitation']",Jinhua Zhong;Zhizhao Liu;Chunqing Shang;Danni Huang;Anhua Chen;Shuihua Qu;Hong Liang;Yunchang Cao;Guan Hong;Peng Zhang;Debin Su,"Evaluating the potential of assimilating zenith total delay data derived from low-cost GNSS receivers of a dense 5G network: a case study of convective heavy precipitation forecasts over Guangdong Province, China",
None,True,Atmospheric Research,该研究关注中国陆地地区温暖云层中气溶胶-云相互作用在气溶胶负荷下降期间的十年演变，这与大气环境遥感技术中的气溶胶和云层观测、空气质量监测密切相关。,"['aerosol-cloud interactions', 'warm clouds', 'China', 'declining aerosol loading']",Junjie Fang;Yong Wang;Haowei Zhang;Xinyan Liu,Decadal evolution of aerosol-cloud interactions in warm clouds over land in China during declining aerosol loading,
None,True,Atmospheric Research,该论文研究了含有半挥发性有机化合物（如琥珀酸）的气溶胶的蒸发动力学，涉及大气成分分析和气溶胶特性，与大气环境遥感技术（如空气质量监测和卫星观测）密切相关。,"['aerosol', 'semi-volatile organic compound', 'succinic acid', 'ammonium sulfate']",Chao Zhang;Xu Li;Miaoran Lu;Nan Ma;Ruiyan Xuan;Yang Yang;Liang Ran;Honglin Lyu;Yueshe Wang;Chunsheng Zhao;Alfred Wiedensohler,Evaporation kinetics of aerosol containing semi-volatile organic compound: Succinic acid/ammonium sulfate aqueous solution droplet,
None,True,Atmospheric Research,该论文研究了南苏门答腊和西爪哇地区降水微结构的区域和昼夜变化，使用了十年间GPM DPR的观测数据。GPM（全球降水测量计划）和DPR（降水测深雷达）是大气环境遥感技术的关键工具，用于监测降水和大气成分，因此该论文与大气环境遥感技术密切相关。,"['GPM', 'DPR', 'precipitation microstructure', 'satellite observations', 'atmospheric composition']",Ravidho Ramadhan;Hiroyuki Hashiguchi;Marzuki Marzuki;Helmi Yusnaini,Regional and diurnal variability of precipitation microstructure over Southern Sumatra and Western Java from a decade of GPM DPR observations,
None,False,Atmospheric Research,这篇论文主要关注利用雷达和小时雨量计来改进网格化降水估算，与大气环境遥感技术（如空气质量监测、卫星观测、大气成分分析、气溶胶反演）没有直接关联。,"['radar', 'precipitation', 'gauges']",Yuhang Zhang;Quan J. Wang;Andrew J. Frost;Jayaram Pudashine;Blair Trewin;Carlos Velasco-Forero;Chun-Hsu Su;Mohammad Mahadi Hasan;Vincent Villani,When radar and hourly gauges are scarce: Sharpening gridded precipitation estimates using daily observations,
None,True,Atmospheric Research,该研究利用中国DQ-1/ACDL的测量数据来获取近全球的行星边界层高度，这与大气环境遥感技术密切相关，特别是大气成分分析和卫星观测领域。,"['DQ-1/ACDL', 'planetary boundary layer height', 'atmospheric measurements']",Mingrui Chen;Boming Liu;Feiyue Mao;Jingwen Li;Qingyang Wang;Yingying Ma;Wei Gong,Retrieving near-global planetary boundary layer height from the China's DQ-1/ACDL measurements,
None,True,Atmospheric Research,该论文研究全球陆地日温度范围的变化，涉及了水分-云层-辐射-能量之间的联系，这些内容与大气环境遥感技术（如地表温度监测、辐射传输分析）密切相关，因此与该领域相关。,"['diurnal temperature range', 'land surface temperature', 'moisture–cloud–radiation', 'energy linkages']",Zhe Li;Tinglong Zhang;Yi Yang;Yajun Xiong;Yunfeng Liu;Ying Wen;Haotian Wang,"Global land diurnal temperature range during 1976–2025: Decadal evolution, monthly contributions, and moisture–cloud–radiation–energy linkages",
None,True,Atmospheric Research,该论文涉及挥发性有机化合物（VOCs）氧化产物在臭氧形成中的作用，并通过化学机制模型（MCM）和敏感性诊断分析，这与大气环境遥感技术中的空气质量和大气成分监测密切相关，属于该领域的研究范畴。,"['oxygenated VOCs', 'ozone formation', 'MCM chemistry']",Junlei Zhan;Kecheng Guan;Furui Zheng;Wanyue Deng;Yuan Ji;Wen Hong;Xinting Zhao;Haibao Huang,"Reevaluating the role of oxygenated VOCs in ozone formation: insights from updated MCM chemistry, sensitivity diagnosis, and source apportionment",
None,True,Atmospheric Research,该论文研究的是黄河中游夏季持续性极端降水事件的客观分类和形成机制，涉及大气环境中的降水现象和大气成分分析，与大气环境遥感技术中的空气质量监测和大气成分分析密切相关。,"['extreme precipitation', 'Yellow River', 'atmospheric composition']",Zihua Ge;Xiaogang Huang;Jianfang Fei;Xiaoping Cheng;Zhongshan Jiang;Haisheng Liu,Objective classification and formation mechanisms of summer regional persistent extreme precipitation events in the middle reaches of the Yellow River,
None,True,Atmospheric Research,该论文研究氮肥管理对农业氨排放和PM2.5污染的影响，这与大气环境遥感技术中的空气质量监测和大气成分分析密切相关。PM2.5是大气环境监测中的关键污染物，而氨排放是PM2.5的前体物之一，因此该研究主题与大气环境遥感技术高度相关。,"['ammonia emissions', 'PM2.5 pollution', 'nitrogen fertilizer management']",Pengfei Liu;Xiaoyu Shen;Lu Zhuo;Wangxu Qian;Benxin Guo;Lijie He;Hongquan Song;Feichi Hu;Feng Wang,Integrating nitrogen fertilizer management for mitigating agricultural ammonia emissions and PM<sub>2.5</sub> pollution,
None,True,Atmospheric Research,该论文研究了GFS增强的实时GNSS-PWV检索技术，并将其应用于极端天气，这与大气环境遥感技术（如卫星观测和大气成分分析）密切相关。,"['GFS', 'GNSS-PWV', 'real-time retrieval', 'forecast lead times']",Tianyu Yang;XiaoTing Lei;Huizhong Zhu;Chunhua Jiang;Xinyang Zhang;Xiang Gao,Evaluation of GFS-enhanced real-time GNSS-PWV retrieval at different forecast lead times and its application to extreme weather,
None,True,Atmospheric Research,该论文研究伊斯坦布尔机场大尺度地形变化对边界层流的影响，使用了WRF-CFD模型进行反事实研究，涉及大气环境模拟和空气质量监测，与遥感技术中的大气成分分析相关。,"['WRF', 'CFD', 'air quality', 'boundary-layer', 'remote sensing']",Ali Osman Mut;A. Duran Şahin,Boundary-layer flow response to large-scale terrain change at Istanbul Airport: A physically consistent WRF-CFD counterfactual study,
None,True,Atmospheric Research,该论文研究的是黄河上游水源涵养区降水再循环率的变异性及其对气候变化的响应，涉及大气环境中的降水过程和气候变化，与大气环境遥感技术中的空气质量监测、卫星观测和大气成分分析等有一定关联。,"['precipitation recycling ratio', 'climate change', 'water source conservation area']",Jinhu Yang;Qiang Zhang;Zhuoqi Liang;Bocheng Yang;Xiaoyun Liu;Pengcheng Yan;Suping Wang,Variability and response to climate change of precipitation recycling ratio in the water source conservation area of the upper Yellow River,
None,True,Atmospheric Research,该论文研究了西中国九月和十月降雨的反常变化及其与北极海冰的增强联系，涉及大气环境变化和气候相互作用，与大气环境遥感技术中的气候监测和大气成分分析相关。,"['rainfall', 'Arctic Sea ice', 'atmospheric variability']",Junyu Wang;Botao Zhou;Hua Li;Shengping He,Reversed variation of September and October rainfall over West China and its enhanced linkage to Arctic Sea ice in the Pacific sector since the early 1990s,
None,True,Atmospheric Research,该论文研究了空气团来源和氨排放对地中海城市雅典（希腊）新粒子形成的影响，涉及大气环境监测和污染物分析，与大气环境遥感技术（如空气质量监测和大气成分分析）密切相关。,"['new particle formation', 'ammonia emissions', 'Mediterranean urban site']",Panayiotis Kalkavouras;Konstantinos Dimitriou;Stiliani Musollari;Maria-Elissavet Koukouli;Dimitris Balis;Nikolaos Mihalopoulos,"The influence of air mass origin and ammonia emissions on new particle formation at a Mediterranean urban site (Athens, Greece)",
None,False,Atmospheric Research,该论文主要关注干旱-热浪复合胁迫对棉花产量的影响，涉及气候和农业领域，但未提及与大气环境遥感技术相关的具体内容，如空气质量监测、卫星观测、大气成分分析或气溶胶反演等。,[],Lei Gong;Yi Li;Ben Niu;Maokai Song;Shie-Yui Liong;Darrell Tang,Multi-stage compound drought–heatwave stress elevates cotton yield-loss risk across contrasting climate regimes of the China-Pakistan economic corridor,
None,True,Atmospheric Research,该论文研究了意大利莱切（Lecce）地区的气溶胶来源解析，涉及大气环境中的气溶胶成分分析，与大气环境遥感技术（如空气质量监测、大气成分分析）密切相关。,"['aerosol', 'source apportionment', 'site of Lecce']",Caterina Mapelli;Henri Diémoz;Daniele Contini;Adelaide Dinoi;Daniela Cesari;Francesca Barnaba,Physics-based aerosol source apportionment at the site of Lecce (Italy),
None,True,Atmospheric Research,该论文研究小尺度对流细胞的形成和发展机制，涉及大气环境监测，与卫星观测、大气成分分析等技术相关，因此与大气环境遥感技术密切相关。,"['convective cells', 'KPOP-MS', 'atmospheric', 'small-scale', 'satellite observations']",Jeong-Eun Lee;GyuWon Lee,Mechanism for initiation and development of small-scale convective cells during KPOP-MS field campaign: A case study on 30 July 2023,
None,True,Atmospheric Research,该论文研究了地中海地区的云地闪电、降水和大气尘埃，这与大气环境遥感技术中的空气质量监测、卫星观测和大气成分分析密切相关，因此具有相关性。,"['cloud-to-ground lightning', 'precipitation', 'atmospheric dust', 'Mediterranean Sea']",M. Asfur;J. Silverman,"Cloud-to-ground lightning, precipitation and atmospheric dust over the Mediterranean Sea:Evidence for two seasonal lightning-efficiency regimes",
None,True,Atmospheric Research,该论文研究了东亚夏季复合湿热极端事件的高分辨率投影，这与大气环境遥感技术中的空气质量监测和气候变化分析高度相关。虽然论文没有明确提及遥感技术，但其研究内容涉及极端天气事件的影响，这与大气环境监测和遥感技术的应用密切相关。,"['extremes', 'humid-heat', 'GDP exposure']",Xianyi Yang;Anmin Duan;Bin Tang;Yuzhuo Peng,High-resolution projections of summer compound humid-heat extremes and GDP exposure in Eastern China,
None,True,Atmospheric Research,该论文研究西北喜马拉雅地区极端降雨事件的数值模拟，并分析了边界层方案（PBL schemes）的敏感性，这与大气环境遥感技术中的空气质量监测、卫星观测和大气成分分析密切相关。,"['Numerical simulations', 'extreme rainfall events', 'PBL schemes']",Charu Singh;V.S. Anjana;Sreyasi Biswas,Numerical simulations of a series of extreme rainfall events over the North-West Himalayan region: A sensitivity analysis of PBL schemes,
None,True,Atmospheric Research,该论文研究了直接集合卡尔曼滤波（EnKF）技术结合FY-3G卫星的双频PMR反射率数据，用于重降雨预报，涉及Ka波段和Ku波段观测的影响。这与大气环境遥感技术中的卫星观测、大气成分分析和降水监测密切相关，因此具有较强的相关性。,"['FY-3G', 'PMR reflectivity', 'heavy rainfall forecasting', 'Ka-band', 'Ku-band']",Aiqing Shu;Peng Zhang;Feifei Shen;Yubao Chen;Jinzhong Min,Direct EnKF assimilation of FY-3G dual-frequency PMR reflectivity for heavy rainfall forecasting: frequency-dependent impacts of Ka- and Ku-band observations,
None,True,Atmospheric Research,该论文研究了ERA5-land数据在北半球永冻土地区的广泛低温偏差及其对永冻土估算的影响，涉及大气环境监测和地表温度分析，与大气环境遥感技术（如卫星观测和大气组成分析）相关。,"['ERA5-land', 'air temperature', 'permafrost regions']",Xin Ma;Tonghua Wu;Ren Li;Xiaodong Wu;Dong Wang;Peiqing Lou;Jie Chen;Jinbiao Zhao;Xingchen Lin;Yune La,Widespread cold bias of ERA5-land air temperature over Northern Hemisphere permafrost regions and its implications for permafrost estimates,
None,True,Atmospheric Research,该论文研究不同层次相对湿度对热带气旋强度和大小变化的影响，涉及大气层的组成和变化，与大气环境遥感技术中的大气成分分析和气象观测相关。,"['relative humidity', 'tropical cyclone', 'atmospheric layers']",Cong Wang;Fugui Wang,How relative humidity in different layers affects tropical cyclone intensity and size changes,
None,True,Atmospheric Research,该论文研究CORDEX模型在北非和阿拉伯半岛地区的降水不确定性，涉及大气模型的评估，与大气环境遥感技术（如大气成分分析）有强关联，因为大气模型是遥感技术的重要数据来源和验证手段。,"['CORDEX models', 'precipitation uncertainty', 'atmospheric models']",Omar Assowe Dabar;Benjamin Pohl;Pierre Camberlin;Moussa Mohamed Waberi;Moussa Mahdi Ahmed;Mohamed Osman Awaleh,"Evaluation of precipitation uncertainty in CORDEX models over North-Eastern Africa and the Arabian Peninsula: contributions of domain, driving GCM, and RCM configuration",
None,True,Atmospheric Research,该论文研究的是太平洋沃克环流的变化及其与海表温度模态的关系，虽然不直接涉及大气环境遥感技术，但涉及到大气环流和气候变化的监测与分析，与遥感技术在气象和环境研究中的应用有间接相关性。,"['Pacific Walker Circulation', 'SST modes', 'decadal intensification']",Xiao-Feng Li;Jianping Li;Yun Li;Song Yang;Cheng Sun;Jingjing Yu;Hayley J. Fowler;Stephen Blenkinsop;Ruiqiang Ding;Sen Zhao;Lei Wang;Fei Zheng;Yanjie Li;Juan Feng;Taoyuan Shi,Contrasting SST modes explain decadal intensification of Pacific Walker Circulation,
None,True,Atmospheric Research,该论文标题和摘要明确涉及使用GPM-DPR卫星数据观测伊犁河谷夏季地形降水，这属于大气环境遥感技术的范畴，特别是卫星观测和大气成分分析。,"['GPM-DPR', 'orographic precipitation', 'Ili River Valley']",Zhimin Wang;Jing Yang;Yan Yin;Changchun Xu;Yuanyuan Li;Yujiang Fan;Baojun Chen;Tianliang Zhao,Vertical structures of summer orographic precipitation under different low-level wind conditions in the Ili River Valley observed by GPM-DPR,
None,True,Atmospheric Research,该论文研究地中海沿海城市巴里的热湿变化，涉及城市冠层建模和中小尺度强迫，与大气环境遥感技术中的空气质量监测和城市环境分析相关。,"['mesoscale forcing', 'urban canopy modelling', 'thermo-hygrometric variability']",Gianluca Pappaccogli;Andrea Zonato;Alberto Martilli;Riccardo Buccolieri;Antonio Esposito;Piero Lionello,"Integrating mesoscale forcing and urban canopy modelling: Quantifying thermo-hygrometric variability in a Mediterranean coastal city (Bari, Italy)",
None,True,Atmospheric Research,该论文研究变量分辨率网格和尺度感知积云参数化对朝鲜半岛降水预报的影响，涉及大气物理过程和数值模拟，与大气环境遥感技术中的空气质量监测和卫星观测有一定关联，但主要关注降水预报而非直接的大气成分分析或遥感技术本身。,"['precipitation forecasts', 'Korean Peninsula', 'cumulus parameterization']",Ji-Young Han;Jae-Hee Hahm;Ilseok Noh,Impacts of variable-resolution grids and scale-aware cumulus parameterization on precipitation forecasts over the Korean Peninsula,
None,True,Atmospheric Research,该论文研究低空急流在高原河谷地区的观测，使用多普勒风激光雷达技术，这与大气环境遥感技术（如空气质量监测、卫星观测、大气成分分析、气溶胶反演）密切相关，因为多普勒风激光雷达是一种重要的遥感工具，用于大气现象的观测和分析。,"['Doppler wind lidar', 'low-level jets', 'plateau-valley site']",Junze Xiao;Shijun Zhao;Yudi Liu;Yulong Shan;Fei Zhu,"Event-scale diversity and precipitation responses of low-level jets observed by Doppler wind lidar at a plateau-valley site in Xining, China",
None,True,Atmospheric Research,该论文研究中亚阿姆河盆地的时空转变和敏感性模式，涉及大气成分分析，与大气环境遥感技术（如大气成分分析）密切相关。,"['Amu Darya Basin', 'spatiotemporal transitions', 'atmospheric composition']",Jiaxin Li;Min Xu;Shichang Kang;Safarov Mustafo;Jiangang Zhang,"From snow to rain: Spatiotemporal transitions and sensitivity patterns in the Amu Darya Basin, Central Asia",
None,True,Atmospheric Research,该论文的标题和摘要涉及极地地区的云出现、辐射效应和降水特征，这些内容与大气环境遥感技术密切相关，例如通过卫星观测分析大气成分和空气质量。,"['cloud occurrence', 'radiative effects', 'precipitation characteristics', 'polar regions']",Zhenyu Cao;Bida Jian;Lijie Zhang;Yang Wang;Yuan Wang;Jiming Li,"Phase-resolved cloud occurrence, radiative effects, and precipitation characteristics over the polar regions",
None,True,Atmospheric Research,该论文使用CALIOP卫星观测数据，研究上海地区的垂直气溶胶分层，涉及气象调制和高度分辨的运输，与大气环境遥感技术（如气溶胶检索和大气成分分析）密切相关。,"['CALIOP', 'aerosol', 'vertical stratification', 'Shanghai', 'atmospheric composition']",Fangzhi Wei;Tianwen Wei;Qiuwei Xia;Yiqian Liu;Xinming Zhu;Haiyun Xia,Long-term CALIOP observations of vertical aerosol stratification over Shanghai: Meteorological modulation and height-resolved transport,
None,True,Atmospheric Research,该研究涉及夜间低空急流下的大涡模拟和亚网格尺度闭合效应，属于大气环境模拟和观测领域，与大气环境遥感技术（如空气质量和大气成分监测）密切相关。,"['large-eddy simulation', 'nocturnal low-level jets', 'southeastern Tibetan Plateau', 'atmospheric shear layer']",Ziyuan Zhu;Yulong Ma;Xingwen Jiang,Large-eddy simulation of subgrid-scale closure effects on the shear layer beneath nocturnal low-level jets over the southeastern Tibetan Plateau,
None,False,Atmospheric Research,该论文主要研究智利和美国西海岸的龙卷风的中尺度环境，与大气环境遥感技术（如空气质量监测、卫星观测、大气成分分析、气溶胶反演）没有直接关系。,"['tornadoes', 'mesoscale environments', 'Chile', 'U.S. west coast']",Julio C. Marín;Bradford S. Barrett;Felipe Gutiérrez Cotapos;Diana Pozo,Mesoscale environments of tornadoes in Chile and along the U.S. west coast,
None,True,Atmospheric Research,该论文探讨了区域生物源排放对中部中国臭氧污染的影响及其机制，涉及大气成分分析和空气质量管理，与大气环境遥感技术密切相关。,"['ozone pollution', 'biogenic emissions', 'Central China']",Nan Wang;Qizhong Wu;Shuangliang Ma;Lingling Wang;Kai Cao;Yushan Bian,Impacts and mechanisms of regional biogenic emissions on ozone pollution over Central China,
None,True,Atmospheric Research,该论文研究了华北平原农村冬季二次无机气溶胶的形成机制，涉及酸度调节的金属催化过程，这与大气环境遥感技术中的气溶胶观测和空气质量监测密切相关，因此密切相关。,"['secondary inorganic aerosol', 'North China Plain', 'acidity-regulated metal catalysis']",Shuangshuang Zou;Zheng Wang;Chenpeng Zhao;Weisi Wang;Quanzhou Han;Yunfei Wu;Daiqi Ye;Qingxia Ma;Daizhou Zhang,Important role of acidity-regulated metal catalysis in rural wintertime secondary inorganic aerosol formation in the North China Plain,
None,True,Atmospheric Research,该研究使用多普勒风激光雷达（Doppler wind lidar）观测沿海宁波的低空急流特性及其对低空湍流的影响，这与大气环境遥感技术（如空气质量监测、卫星观测、大气成分分析、气溶胶反演）密切相关，因此具有相关性。,"['Doppler wind lidar', 'low-level turbulence', 'atmospheric remote sensing']",Muxian Chen;Xiaolin Liu;Chaoying Yang;Jun Zhao;Ping Zhou;Zhongming Gao;Lei Li,Low-level jet characteristics and their impacts on low-level turbulence: A Doppler wind lidar observational study in coastal Ningbo,
None,True,Atmospheric Research,该论文研究地中海山-平原系统的极端日降雨的事件空间结构和极端依赖性，涉及大气环境中的降水观测和分析，与大气环境遥感技术中的空气质量监测和大气成分分析有相关性，但更偏向于气象学而非直接的遥感技术。,"['rainfall', 'atmospheric', 'extremal dependence']",Stefanos P. Stefanidis;Nikolaos D. Proutsos,Event-based spatial structure and extremal dependence of extreme daily rainfall across a Mediterranean mountain–plain system,
None,True,Atmospheric Research,该论文研究了FY-4A卫星的水汽含量数据(PWV)在数值天气预报(NWP)模型中的集成，以提高强降水预报的性能。这涉及卫星观测技术和大气成分分析，因此与大气环境遥感技术密切相关。,"['FY-4A', 'PWV', 'NWP', 'heavy precipitation forecasting']",Dengxin He;Zhizhao Liu;Jiafei Xu;Guirong Xu;Anwei Lai;Yunchang Cao;Hong Liang;Guan Hong,First validation of FY-4A PWV assimilation in improving NWP model performance for heavy precipitation forecasting,
None,True,Atmospheric Research,该论文研究了WRF（Weather Research and Forecasting模型）在复杂地形下的风场数据校正方法，涉及大气模拟和数据处理，与大气环境遥感技术中的空气质量监测、卫星观测等密切相关。,"['WRF', 'wind fields', 'complex terrain', 'residual correction']",Pinhan Zhou;Lian Shen;Yan Han;Shuwen Deng;Xiangjun Wang;Wenxiang Xu,Continuity-constrained residual correction framework for WRF wind fields over complex terrain,
None,True,Atmospheric Research,该论文研究了青藏高原夏季的剪切线和降水机制，这些内容与大气环境遥感技术密切相关，特别是空气质量和大气成分分析方面。,"['Tibetan Plateau', 'shear lines', 'precipitation mechanisms']",Xiaohong Bao;Xiuping Yao;Yubin Yu,Classification of summer Tibetan Plateau zonal shear lines and associated precipitation mechanisms under different circulation patterns,
None,False,Atmospheric Research,该论文研究的是青藏高原夏季季风的加热泵效应及其与南亚高压和东亚夏季季风变率的关联，主要关注气候和气象学领域，而非大气环境遥感技术，如空气质量监测、卫星观测、大气成分分析或气溶胶反演。,[],Lizi Wang;Zeyong Hu;Haipeng Yu;Ya Hou;Jinyu Zhang;Xiangyuan Lou;Guantian Wang,Thermal pumping of the Tibetan Plateau Summer Monsoon and its association with the South Asian High and East Asian summer monsoon variability,
None,True,Atmospheric Research,该论文研究了东亚地区频繁出现的复合高温和臭氧污染事件，涉及大气成分分析和空气污染监测，与大气环境遥感技术（如空气质量监测、大气成分分析）密切相关。,"['ozone pollution', 'compound heatwave', 'atmospheric composition']",Xiaoyi Wang;Pengguo Zhao;Bohui Jiang;Jinghui Ma,Mechanisms and attribution of frequent compound heatwave and ozone pollution events in eastern China,
None,True,Atmospheric Research,该论文研究的是渤海-黄海及邻近平原地区的区域性热浪，涉及大气成分和形成机制，与大气环境遥感技术中的空气质量监测和大气成分分析密切相关。,"['heatwaves', 'atmospheric composition', 'Bohai-Yellow Sea']",Qi Zhang;Yiwen Zhu;Yiyu Xu;Yujuan Chen,Regional heatwaves over the Bohai-Yellow Sea and adjacent plains: Compounding characteristics and formation mechanisms,
None,True,Atmospheric Research,该论文与大气环境遥感技术密切相关，因为它涉及使用FY-3微波遥感数据进行大气同化，用于预测暖区强降雨，这属于大气成分分析和气象观测的范畴。,"['microwave', 'FY-3', 'atmospheric assimilation', 'heavy rainfall prediction']",Siqi Chen;Sheng Hu;Huiqi Li;Hui Xiao;Jie He;Yu Zhang;Fuzhong Weng,Targeted All-Sky FY-3 microwave assimilation using localized ensemble transform sensitivity for warm-sector heavy rainfall prediction,
None,True,Atmospheric Research,该论文研究了首尔城市山区夜间的臭氧增强现象及其垂直传输路径，涉及大气成分分析和空气质量监测，与大气环境遥感技术密切相关。,"['ozone', 'urban mountain site', 'Seoul', 'nighttime enhancement']",Jung-Woo Yoo;Young-Jun Kim;Soon-Hwan Lee,Altitude-dependent transport pathways driving nighttime ozone enhancement over an urban mountain site in Seoul,
None,True,Atmospheric Research,该论文研究了华南沿海地区短寿命和长寿命暖锋暴雨事件的背景环境差异，涉及大气环境监测和降水分析，与大气环境遥感技术（如卫星观测和大气成分分析）密切相关。,"['heavy precipitation', 'ambient environment', 'South China coast']",Haisheng Liu;Xiaogang Huang;Jianfang Fei;Xiaoping Cheng;Xiadong An;Xiangrong Yang;Jing Sun;Chi Zhang,Contrasting ambient environments of locally generated short- and long-lived warm-sector heavy precipitation events over the South China coast,
None,True,Atmospheric Research,该论文研究阿尔泰山脉中雪盖的垂直变化及其对气候和极涡的响应，涉及大气环境的观测和分析，与大气环境遥感技术（如卫星观测、气候变化监测）密切相关。,"['snow cover', 'climate', 'polar vortex']",Jiarui Li;Wei Zhang;Xuejiao Wu;An'an Chen;Xinyue Zhong;Yongping Shen,Elevation-dependent variations in snow cover and their response to climate and the polar vortex in the Altai mountains,
None,True,Atmospheric Research,该论文研究了使用Mie-偏振-荧光激光雷达技术量化尘埃气溶胶的老化过程，将光学演变与化学转化联系起来，这与大气环境遥感技术（如气溶胶检索和大气成分分析）密切相关。,"['Mie-polarization', 'fluorescence lidar', 'dust aerosols', 'optical evolution', 'chemical transformations']",Yuanzong Ji;Zhongwei Huang;Yongkai Wang;Wenjin Zhang;Da Lu;Qingqing Dong;Jianrong Bi;Tian Zhou,Quantifying the aging of dust aerosols using Mie–polarization–fluorescence lidar: Linking optical evolution to chemical transformations,
None,False,Atmospheric Research,该论文研究的是使用NCMRWF区域模型分析2018年和2019年喀拉拉洪水事件中先进云微物理方案的 影响，主要关注点是洪水事件和气象模型，而非大气环境遥感技术，如空气质量监测、卫星观测或大气成分分析。,"['cloud microphysics schemes', 'NCMRWF regional model', 'Kerala flood events']",Rose Raphel;A. Jayakumar;T.J. Anurose;Saji Mohandas;Greeshma M. Mohan;M. Sandhya;Anumeha Dube;Donali Gogoi;V.S. Prasad;Claudio Sanchez,Impact of advanced cloud microphysics schemes for the Kerala flood events in 2018 and 2019 using the NCMRWF regional model,
None,True,Atmospheric Research,该论文研究海冰异常如何协同影响东南亚半岛夏季降水，涉及大气异常和气候现象，与大气环境遥感技术（如卫星观测和大气成分分析）相关。,"['sea ice', 'precipitation', 'atmospheric anomalies']",Yan Zhang;Shu Gui;Jie Cao;Ruowen Yang;Li Zhu;Lei Cai,Spring and summer sea ice anomalies synergetically enhance summer precipitation over the Indochina Peninsula,
None,True,Atmospheric Research,该论文研究了天山北坡一次短时强降水的多向水分输送和动力热力学机制，涉及大气物理过程和降水现象，与大气环境遥感技术在监测降水和大气成分方面的应用密切相关。,"['heavy precipitation', 'Tianshan Mountains', 'moisture transport']",Zhiyi Li;Junqiang Yao;Changchun Xu;Yu Luo;Ting Zhang,Multidirectional moisture transport and dynamic–thermodynamic mechanisms of a short-duration heavy precipitation case on the Northern Slope of the Tianshan Mountains,
None,True,Atmospheric Research,该论文研究了长江三角洲夏季降雨的年际至年代际变化，并将其与北太平洋海面温度联系起来。虽然不直接涉及遥感技术，但研究大气现象（如降雨）与海洋温度的关系，与大气环境遥感技术（如卫星观测和大气成分分析）有间接关联，因为遥感技术在监测和解释这些大气现象中扮演重要角色。,"['Yangtze River Delta', 'summer rainfall', 'North Pacific Sea surface temperature']",Yanhao Peng;Dong Xiao,Interannual-to-decadal variations of the Yangtze River Delta summer rainfall during 1901–1975 linked with North Pacific Sea surface temperature,
None,True,Atmospheric Research,该论文研究了中国夏季湿球温度的非平稳演变（1951-2024），探讨了加速变暖以及温度和湿度的时间变化作用。虽然未直接提及遥感技术，但研究内容涉及大气环境监测和气候变化分析，与大气环境遥感技术（如卫星观测、大气成分分析）密切相关。,"['wet-bulb temperature', 'atmospheric warming', 'humidity', 'China', 'climate change']",Tianci Yao;Shengfa Li;Qing Yu;Jia Sun;Xiangyu Wang;Wanjun Zhang;Lixin Su,Non-stationary evolution of summer wet-bulb temperature in China (1951–2024): Accelerated warming and time-varying roles of temperature and humidity,
None,False,Atmospheric Research,提供的标题和摘要信息不完整，无法判断其与大气环境遥感技术的相关性。,[],,Editorial Board,
10.1126/sciadv.aed2180,False,Science Advances,该论文主要研究的是二维半导体材料MoSe2微腔中的极化子极化激元现象，涉及量子光学和电子学领域，与大气环境遥感技术（如空气质量监测、卫星观测、大气成分分析、气溶胶反演）没有直接关联。,"['MoSe2', 'monolayer', 'polariton-polaritons']",Yuanjun Guan;Mengyao Xu;Zhen Cui;Xingzhou Chen;Chengye Ding;Xiaoqing Zhou;Kenji Watanabe;Takashi Taniguchi;Jesper Levinsen;Meera M. Parish;Pavlos G. Savvidis;Zhe-Yu Shi;Zheng Sun;Jian Wu,Observation of electrically generated polaron-polaritons in a monolayer MoSe2 microcavity,"Quasiparticles arising from the interaction between mobile impurities and a quantum many-body environment—known as polarons—play a pivotal role in shaping the optical and electronic properties of low-dimensional systems. Here, we report the direct observation of electrically generated polaron-polaritons within a monolayer molybdenum diselenide microcavity. By embedding the monolayer in a planar optical cavity, we achieve strong coupling between exciton-polarons and cavity photons, creating an electrically driven light-emitting diode based on polaron-polaritons. The device exhibits an external quantum efficiency of ∼0.15%, representing a 10-fold enhancement over prior exciton-polariton devices based on monolayer tungsten disulfide. This demonstration establishes a versatile platform for inversionless laser technology and for polariton-based quantum optoelectronics while offering insights into radiative many-body physics in two-dimensional semiconductors."
10.1126/sciadv.aei1333,False,Science Advances,该论文研究的是细胞外囊泡（sEVs）在肥胖症中对胰岛β细胞增殖的影响，与大气环境遥感技术（如空气质量监测、卫星观测、大气成分分析、气溶胶反演）无关。研究内容主要集中在生物医学领域，而非环境科学或遥感技术。,"['extracellular vesicles', 'pancreatic β cell', 'obesity']",Yuhei Uehara;Hirofumi Nagao;Aoki Tobimatsu;Keitaro Kawada;Shunsuke Shiode;Emi Horitani;Yoshinari Obata;Shiro Fukuda;Yuya Fujishima;Shunbun Kita;Hitoshi Nishizawa;Iichiro Shimomura,ALIX-dependent small extracellular vesicles from tissue-resident mesenchymal cells regulate pancreatic β cell proliferation in obesity,"Cells throughout the body release small extracellular vesicles (sEVs), including exosomes, that function as modulators of both local and systemic metabolism. Using mice in which ALIX, a key regulator of sEV biogenesis, was selectively deleted in PDGFRα+mesenchymal progenitors (Pα-ALIXKO mice), we demonstrate a critical role for mesenchymal sEV production in metabolic regulation. In high-fat diet–induced obesity, Pα-ALIXKO mice exhibited reduced weight gain and smaller subcutaneous adipocytes compared with control mice. Despite similar insulin sensitivity, these mice showed impaired glucose tolerance, which was associated with reduced pancreatic β cell area and smaller islets. sEVs isolated from conditioned media of knockout (KO)–derived mesenchymal stem cells (MSCs) exhibited a reduced capacity to promote β cell proliferation. Furthermore, MSCs isolated from subcutaneous adipose tissue of KO mice showed elevated mRNA expression of inflammatory genes. Together, these findings indicate that ALIX in tissue-resident mesenchymal progenitors is required for pancreatic β cell proliferation and glucose homeostasis in obesity."
10.1126/sciadv.adz0181,False,Science Advances,该论文研究的是OTULIN基因在皮肤炎症和肿瘤中的作用，涉及细胞生物学和免疫学领域，与大气环境遥感技术（如空气质量监测、卫星观测等）无直接关系。,[],Kim Lecomte;Pieter Hertens;Virginie Wylleman;Annagiada Toniolo;Febe Roelandt;Fleur Boone;Maarten Ciers;Lien Verboom;Katrien Staes;Geert van Loo;Esther Hoste,Canonical Wnt induction by OTULIN prevents keratinocyte death and skin inflammation,"Loss-of-function mutations in the humanOTULINgene, encoding a deubiquitinase with exclusive specificity for linear ubiquitin chains, cause a severe multiorgan autoinflammatory condition involving the skin. Mice lacking OTULIN selectively in keratinocytes develop inflamed skin lesions that progress into squamous tumors, a phenotype driven by excessive tumor necrosis factor (TNF)–induced cell death. Previous studies suggest a role for OTULIN in mediating Wnt signaling during development, but the physiological relevance of this association is unknown. Here, we show that OTULIN promotes Wnt signaling in keratinocytes by regulating the linear ubiquitination status of β-catenin. Stabilization of β-catenin in OTULIN-deficient keratinocytes prevents progressive skin inflammation in prophylactic and therapeutic settings by blocking keratinocyte death. We demonstrate that OTULIN prevents proteasomal degradation of β-catenin in cultured keratinocytes. Reduced Wnt signaling in OTULIN-deficient keratinocytes leads to degradation of TCF3/4, an essential survival factor for keratinocytes. Collectively, our data identify OTULIN’s linear deubiquitination activity as a key regulator of epithelial cell viability, not only by preventing cell death downstream of TNF, but also by promoting canonical Wnt signaling."
10.1126/sciadv.adz2555,False,Science Advances,该论文主要研究的是海洋环流变化对中新世气候最优期温度趋势的影响，虽然涉及气候和温度监测，但与大气环境遥感技术（如空气质量监测、卫星观测、大气成分分析、气溶胶反演等）没有直接关系。,"['ocean circulation', 'climate model', 'ocean temperature records']",Evi Wubben;Xiaoqing Liu;Tjerk J. T. Veenstra;R. Paul Acosta;Joyce den Hollander;Chris Overduin;Matthew Huber;Francesca Sangiorgi;Francien Peterse;Appy Sluijs,Ocean circulation changes rather than global warming drove temperature trends across the Miocene Climatic Optimum,"Early-to-Middle Miocene [23 to 13.8 million years ago (Ma)] climates were ∼6° to 9°C warmer than today. Around 16.9 Ma, benthic foraminiferal oxygen isotope (δ18O) records suggest pronounced warming, known as the Miocene Climatic Optimum (MCO) onset. However, explaining this putative global warming with carbon dioxide (CO2) forcing faces challenges in terms of timing and forcing magnitude. Our new biomarker-based ocean temperature records, combined with published data, reveal no substantial mean global upper ocean warming across the MCO. Instead, temperature changes differ considerably between sites, with some regions showing cooling. Climate model sensitivity tests indicate that these patterns are best explained by ocean circulation changes, likely due to gateway changes and Antarctic ice sheet variations. This suggests that the MCO signature is better attributed to ocean circulation changes rather than a CO2-driven global warming event. The δ18O signal therefore represents warmer deepwater sourcing and/or reduced Antarctic glacial volume, resolving the longstanding challenge of explaining MCO warming without a pronounced CO2rise."
10.1126/sciadv.adz4710,False,Science Advances,该论文主要关注的是网络中的传染病传播模型和模拟，涉及的是复杂网络和传播动力学，而不是大气环境遥感技术，如空气质量监测、卫星观测或大气成分分析等。,"['multiscale epidemic modeling', 'networks', 'contagion dynamics']",Leyang Xue;Zengru Di;An Zeng,Contagion-preserving compression for multiscale epidemic modeling,"Understanding how contagion unfolds on large, heterogeneous networks is essential for predicting and controlling spreading processes, yet structural complexity often obscures the mechanisms governing transmission across scales. Here, we show that contagion is naturally organized around dense local structures that become dynamical spreading units once infection saturates within them. Building on this principle, we introduce iterative structural coarse-graining (ISCG), a framework that compresses large networks into interpretable multiscale representations while retaining the contagion dynamics of the original system. In this saturation regime, these representations reproduce macroscopic outbreak sizes, node-level infection risks, and spatiotemporal infection trajectories across scales. Beyond this regime, ISCG enables controlled trade-offs between dynamical fidelity and structural compression. The resulting multiscale representations support mechanism-driven intervention strategies, including influence maximization, immunization, and surveillance, that consistently outperform adaptive centrality–based methods. These results establish a general multiscale framework for representing, understanding, and controlling contagion in networked systems."
10.1126/sciadv.aeb1435,False,Science Advances,该论文主要研究HIV-1潜伏期的转录噪声和细胞异质性，与大气环境遥感技术（如空气质量监测、卫星观测、大气成分分析、气溶胶反演）无关。,[],Rachel Topno;Hussein Karaki;Flavia Mazzarda;Oriane Pourcelot;Manon Philippe;Kazem Zibara;Ovidiu Radulescu;Edouard Bertrand,Cell heterogeneity contributes to the variable response of HIV-1 to latency-reversing agents,"Transcriptional noise contributes to gene expression variability, but its origin and impact in HIV-1 latency remain incompletely characterized. Here, we combine a dual-copy MS2-tagging system with dedicated mathematical analysis to investigate the variability of HIV-1 transcription in live cells. In the basal state, the transcriptional activity of proviruses located in the same cell was uncorrelated, indicating that expression variability primarily comes from the intrinsic stochasticity of promoter dynamics. Upon stimulation with diverse latency-reversing agents, transcription of viral copies became more correlated within cells than across them, revealing a shift from promoter-driven to cell state–driven variability. Analysis of the molecular drug targets confirmed variable effects across cells. Our findings indicate that cellular heterogeneity can shape the response to latency-reversing agents and demonstrate how quantitative tools can dissect noise sources. This work offers mechanistic insights into HIV-1 latency and informs strategies to target the latent viral reservoir."
10.1126/sciadv.aeb1692,True,Science Advances,该论文研究2024年全球创纪录的强降水事件，使用了MSWEP（多源加权集合降水）观测数据，涉及大气成分分析和降水极端事件的监测，与大气环境遥感技术密切相关。,"['heavy precipitation', 'MSWEP', 'atmospheric composition', 'satellite observations']",Chad W. Thackeray;Jesse Norris;Alex Hall;Mark D. Zelinka;Stephen Po-Chedley,Record-setting heavy precipitation occurrence in 2024,"Precipitation extremes have increased globally in recent decades, consistent with a warming climate. We find that 2024 experienced a record-high frequency of heavy (≥99th percentile;FP≥99) precipitation events globally based on MSWEP (Multi-Source Weighted-Ensemble Precipitation) observations from 1979 to 2025. This extends a long-term trend of ∼0.03%/decade inFP≥99, with similar but more uncertain increases for the 99.9th percentile. Unlike prior highFP≥99years, 2024’s record was more globally distributed and emerged from a distinct seasonal evolution. El Niño and rare concurrent multi-basin tropical ocean warmth drove elevated extremes early in the year, before lagged global tropospheric responses and long-term warming sustained and amplified extremes through boreal summer. Climate models indicate that years with 2024-levelFP≥99typically require either stronger El Niño forcing or concurrent multi-basin sea surface temperature (SST) anomalies. Diagnostic projections within constrained ensemble members suggest that ∼40% of the 2024 anomaly aligns with global mean temperatures and ∼20% with El Niño variability, with some of the remainder linked to basin-scale SST structure."
10.1126/sciadv.aee9247,False,Science Advances,该论文主要研究深部地幔中镁同位素和碳酸盐的分布，探讨其对地幔碳收支的影响，与大气环境遥感技术（如空气质量监测、卫星观测、大气成分分析、气溶胶反演）关系不大。,"['magnesium isotopes', 'carbonates', 'mantle plume']",Ze-Zhou Wang;Fang-Zhen Teng;Matthew G. Jackson;Catherine Chauvel;Cédric Hamelin,Surficial carbonates in mantle plume sources revealed by magnesium isotopes,"Deep recycling of surficial carbonates into the mantle may play a critical role in shaping Earth’s long-term habitability, yet its contribution to the deep mantle carbon budget remains uncertain. Magnesium isotopes provide a promising tracer for addressing this issue, because of the uniquely light isotopic signatures of sedimentary carbonates. Here, we present high-precision magnesium isotopic compositions (δ26Mg) for 152 globally distributed plume-related lavas sampling diverse mantle end-members. We find that δ26Mg values below the bulk silicate Earth range are commonly associated with increasingly pronounced radiogenic isotopic signatures indicative of recycled crustal components. These features are best explained by the incorporation of isotopically light magnesium derived from subducted carbonate-bearing crustal materials into their mantle sources. On the basis of these observations, the lower mantle is estimated to contain up to ∼130 or ∼230–parts per million recycled carbon, potentially constituting a substantial portion of its total carbon budget."
10.1126/sciadv.aeh0368,False,Science Advances,该论文主要研究昆虫表皮硬化机制，涉及昆虫特异性醛类合成酶和选择性杀虫剂靶点，与大气环境遥感技术（如空气质量监测、卫星观测、大气成分分析、气溶胶反演）没有直接关系。,"['DHPAA', 'DHPAAS', 'insecticide', 'cuticle sclerotization']",Yi Ding;Xue Hu;Zihan Pang;Huan Liu;Loushi Shen;Yingqian Liu;Tian Liu,Insect-specific aldehyde synthase governs cuticle strength: a selective insecticide target,"Cuticular sclerotization is crucial for insect adaptation and flight, historically thought to be dominantly driven by dopamine and its downstream products. In this study, we demonstrate that 3,4-dihydroxyphenylacetaldehyde (DHPAA)—produced by DHPAA synthase (DHPAAS) and known in humans as a toxic dopamine metabolite—plays a central role. Cross-species RNAi, mechanical testing, and precursor quantification, consistently support this conclusion. In the migratory locust, we further reveal that DHPAA is essential for cuticular mechanical properties, whereas dopamine primarily regulates pigmentation. These findings establish a new paradigm for the chemistry of insect cuticle sclerotization. Then, we elucidate the catalytic mechanism of DHPAAS, laying the groundwork for its application in biosynthesis. Furthermore, we identify 2,5,2′,4′-tetrahydroxychalcone as a selective inhibitor of DHPAAS. Given that DHPAAS is insect-specific and absent in non-insect arthropods and vertebrates, our work points to a promising strategy for developing selective insecticides."
10.1126/sciadv.aeh6480,False,Science Advances,该论文研究的是TLR9配体诱导的长期免疫预防作用，主要关注的是呼吸道病毒感染和先天免疫细胞的相互作用，不涉及大气环境遥感技术，如空气质量监测、卫星观测或大气成分分析等。,"['respiratory virus', 'TLR9', 'innate immune cells']",Asuka Joy Tobuse;Kouji Kobiyama;Jun Tsuchida;Masamitsu N. Asaka;Daichi Utsumi;Mariana Silva Almeida;Yaeko Nakajima-Takagi;Motohiko Oshima;Tomoya Hayashi;Burcu Temizoz;Etsushi Kuroda;Cevayir Coban;Yasuhiro Yasutomi;Atsushi Iwama;Ken J. Ishii,Long-term immunoprophylaxis by TLR9 ligand mediates macrophage-ILC cross-talk against respiratory viral infection,"Rapid development of host immunity is critical during the emergence of viral outbreaks when vaccines are not yet available. Here, we demonstrate that CpG oligodeoxynucleotide-schizophyllan complex (K3-SPG) induces antigen-independent, long-term protection against lethal respiratory virus infection. A single intranasal administration successfully enhanced host resistance to infection for as long as 100 days posttreatment. Mechanistically, we observed a lung-restricted biphasic innate activation of macrophages and innate lymphoid cells. Early protection was mediated by CD11b+CD11c+macrophages (DP MΦ) and monocyte-derived interstitial macrophages (IMΦ). Late protection was mediated by innate lymphoid cells that were epigenetically reprogrammed, suggesting that two distinct innate immune subsets contribute to the maintenance of disease tolerance in the lung microenvironment. Deficiency of TLR9 or TNF-α abrogated innate activation and protective immunity. Collectively, these findings demonstrate that adjuvant-induced prophylaxis is a promising approach to enhancing host resistance against respiratory virus infection, involving the biphasic cooperation between innate immune cells in the local tissue."
10.1126/sciadv.aej5702,False,Science Advances,该论文研究的是Prader-Willi综合征的基因激活疗法，与大气环境遥感技术（如空气质量监测、卫星观测、大气成分分析、气溶胶反演）无关。,[],Megan Iminitoff;Anna Le Fevre;Tamara Cameron;Hannah K. Vanyai;Caleb Chew;Sarah A. Kinkel;Kelsey Breslin;Susanne Theiß;Quentin Gouil;Merlin Thomas;James M. Murphy;Christian P. Schaaf;Andrew Keniry;Marnie E. Blewitt,SMCHD1 is a target for gene activation therapy to treat Prader-Willi syndrome,"Prader-Willi syndrome (PWS) is a neurodevelopmental disorder caused by loss of expression from the active paternal allele at an imprinted cluster on chromosome 15. Current treatments address individual symptoms rather than the underlying cause of disease. Because all patients preserve a normal but epigenetically silenced maternal copy of these genes, activation of this copy offers a potential disease-modifying therapy. Here, we investigated the epigenetic regulator SMCHD1. First, we demonstrated that SMCHD1 represses the PWS locus in both mice and humans, supporting its relevance as a therapeutic target. Second, we found that SMCHD1 represses the entire PWS locus in neural lineages, extending its previously known role beyond only part of the cluster. DeletingSmchd1after early development in vivo activated PWS genes in disease-relevant mouse tissues including hypothalamus and improved phenotypes in a PWS mouse model. Despite broader genome-wide binding, postearly development targeting of SMCHD1 appeared remarkably safe, supporting its potential for gene activation therapy for PWS."
10.1126/sciadv.ady6048,False,Science Advances,该论文主要研究神经元G蛋白偶联受体（GPCR）如何通过调节神经肽信号来抑制远端组织的蛋白稳态。虽然涉及生物化学和细胞过程，但与大气环境遥感技术（如空气质量监测、卫星观测、大气成分分析、气溶胶反演）无关，因此不相关。,"['neuropeptide', 'proteostasis', 'GPCR']",Joud Hirbawi;Adam Zaretsky;Huadong Zhu;Uri Goshtchevsky;Gourab Dey;Emmanuelle Merquiol;Atif Ahmed Siddiqui;Irit Cohen;Galia Blum;Ehud Cohen,A neuronal GPCR modifies neuropeptide signaling to suppress proteostasis in distal tissues,"The proteostasis network (PN) safeguards the integrity of proteins by promoting various cellular activities. However, with aging, the PN’s competence declines and aggregated proteins accrue within cells. This process underlies the development of neurodegenerative disorders such as Alzheimer’s and Huntington’s diseases. While the PN functions within cells, proteostasis is regulated across the organism by intertissue communication, which is partially governed by neurons. We previously found that reducing the expression ofgtr-1, which encodes a neuronal heterotrimeric guanine nucleotide–binding protein–coupled receptor, mitigates the toxicity of the Alzheimer’s disease cause, Aβ peptide. Here, we investigated the mechanism that is acted upon the knockdown ofgtr-1and found that it differentially modulates gene expression profiles, including of neuropeptide-coding genes, and dissimilarly modifies protein aggregation in worms that express distinct proteotoxic proteins. The knockdown ofgtr-1also enhances protein degradation. These findings highlight the roles of neuropeptides as organismal coordinators of proteostasis in the face of distinct proteotoxic challenges."
10.1126/sciadv.aea2001,False,Science Advances,该论文研究的是CDK4/6抑制剂在乳腺癌治疗中的耐药机制，涉及基因剪接、表观遗传调控等生物学过程，与大气环境遥感技术（如空气质量监测、卫星观测、大气成分分析、气溶胶反演等）无关。,[],Shiyi Yu;Xue Gong;Yawen Yang;Ying Duan;Siyu Zhang;Ying Wang;Zheng Wang;Caili Bi;Haibo Sun,Targeting SUV39H2 exon skipping reverses resistance to CDK4/6 inhibitors via transcriptional activation of p21,"Cyclin-dependent kinase 4/6 inhibitors (CDK4/6i) are standard therapies for estrogen receptor–positive breast cancer, but their efficacy is limited by drug resistance. While dysregulation of alternative splicing has been implicated in cancer progression, the underlying mechanisms remain unclear. Here, we uncover a splicing-mediated mechanism whereby exon 2 inclusion inSUV39H2drives its overexpression in CDK4/6i-resistant breast cancer cells. Clinically, elevated exon 2 inclusion inSUV39H2correlates with poor prognosis in patients with breast cancer. TargetingSUV39H2with gapmer antisense oligonucleotides or a methyltransferase inhibitor overcomes CDK4/6i resistance and reinstates therapy-induced senescence in breast cancer cells by reducing SUV39H2 expression or activity. Mechanistically, targetingSUV39H2promotes transcriptional activation of senescence-associated secretory phenotype genes, includingp21, through H3K9me3 removal at enhancer regions and subsequent chromatin opening at promoters. Our work unveils a splicing-mediated resistance mechanism and presents a potential synergistic drug target for CDK4/6i therapy."
10.1126/sciadv.aea8654,True,Science Advances,该论文研究的是大气细颗粒物（PM2.5）中的有机氮化合物（RON）的毒性，这与大气环境遥感技术中的空气质量监测和大气成分分析密切相关。论文涉及了PM2.5的毒性评估和成分分析，这些都是大气环境遥感技术的重要应用领域。,"['PM2.5', 'organic nitrogen', 'toxicity']",Yaling Zeng;Xin Yang;Xin Yuan;Rongrong Xu;Ke Yang;Baixin Zhang;Jinghao Zhai;Baohua Cai;Shao Shi;Yin Zhang;Yujie Zhang;Ziting Hou;Antai Zhang;Zhenxing Shen;Tzung-May Fu;Lei Zhu;Huizhong Shen;Jianhuai Ye;Chen Wang;Shu Tao,Reduced organic nitrogen compounds dominate the toxicity of PM2.5 organics following internal exposure,"Atmospheric fine particulate matter (PM2.5) remains a major global health risk, with its associated health burden continuing to rise despite decades of pollution control efforts. Air pollution studies often focus on particle levels and known toxins, missing hidden organics that may drive serious health risks. Here, we conducted a comprehensive molecular and toxicological investigation of urban atmospheric particles, integrating nontargeted analysis of high-resolution mass spectrometry, protein adductomics–based internal exposure assessment, and multi-endpoint toxicity prediction. We find reduced organic nitrogen (RON) compounds as the predominant drivers of the toxicity of the internal exposed particle-bound organic fraction. RON account for 39% of total multi-organ toxicity, exceeding the 23% contribution from traditionally emphasized oxygenated organics. RON compounds exhibit strong binding affinity to human serum albumin, facilitating systemic distribution and toxic effects across respiratory, neurological, hepatic, renal, and hematological endpoints. Our findings identify RON as a key driver of organic PM2.5toxicity via internal exposure pathways and highlight the urgent need to regulate reactive nitrogen species."
10.1126/sciadv.aee9861,False,Science Advances,该论文研究的是流感病毒感染对非人灵长类动物胎盘和胎儿免疫系统的 影响，主要涉及病毒学和免疫学领域，与大气环境遥感技术（如空气质量监测、卫星观测、大气成分分析、气溶胶反演等）无关。,[],Orlando Cervantes;Sidney Sun;Hazel Huang;Briana Del Rosario;Hong Zhao;Amanda Li;Andrew Vo;Gygeria Manuel;Roslyn Van Abel;Jeff Munson;John Cornelius;Raj P. Kapur;Miranda Li;Edmunda Li;Hanning Li;Alexandra Christodoulou;Melissa Berg;Britni Curtis;Elizabeth Miller;Shannon Ruff;Brenna Menz;Solomon Wangari;Audrey Germond;Audrey Baldessari;Chris English;W. McIntyre Durning;Thomas B. Lewis;Megan N. Fredericks;Mara Maughan;Austyn Orvis;Michelle Coleman;Lakshmi Rajagopal;Deborah H. Fuller;Kristina M. Adams Waldorf,Influenza A virus infection induces immune dysregulation in the placenta and fetus without vertical transmission in nonhuman primates,"Influenza A virus (IAV) infection during pregnancy is associated with stillbirth and preterm birth. We hypothesized that maternal IAV infection disrupts placental and fetal immune networks in ways that correlate with disease severity. Pregnant pigtail macaques were inoculated with IAV [A/California/07/2009 (H1N1)] and underwent delivery and fetal necropsy 5 days postinfection (N= 11), with comparison to uninfected controls (N= 16). Stillbirth occurred in 18% of infected pregnancies and in no controls. Although vertical transmission was not observed, low levels of viral RNA were detected in two placentas. Maternal infection was associated with induction of a type I interferon response in the placenta and altered innate and adaptive immune cell populations in the fetus. Maternal disease metrics (e.g., lung viral load and interferon-α) were rarely associated with placental immune perturbations but frequently linked to fetal immune cell populations (CD4+and CD8+T cells and monocyte subsets). Collectively, these data indicate that maternal IAV disease severity is associated with dysregulated fetal immunity."
10.1126/sciadv.aeg3698,False,Science Advances,该论文研究的是常见鲤鱼的性别决定机制，涉及的是生物学领域的基因调控和性别分化，与大气环境遥感技术（如空气质量监测、卫星观测、大气成分分析、气溶胶反演）无关。,[],Kuangxin Chen;Ji Chen;Miao Ding;Yi Rong;Yuanqi Guo;Yongming Li;Binbin Tao;Yanlong Song;Xingxing Wu;Lei Chen;Rui Li;Mouyan Jiang;Zhaoxian Li;Shaoting Jia;Yunya Wu;Yulai Wei;Yinjun Jiang;Hairong Liu;Shuhui Ji;Wenge Ma;Xishuang Shan;Wenrong Zhong;Wen Xu;Xianyao Liao;Lu Chen;Xiya Zhang;Junzhi Luo;Xuefan Cui;Hongrui Luo;Fei Liu;Houpeng Wang;Zhixian Qiao;Xiaocui Chai;Fang Zhou;Daji Luo;Shunping He;Zuoyan Zhu;Vance L. Trudeau;Chutian Ge;Wei Hu,A helix-loop-helix gene orchestrates male fate in common carp,"Fish show exceptional diversity in sex-determination mechanisms, making them a powerful system for studying how these pathways evolve. However, no definitive master sex-determining gene has yet been identified in Cyprinidae, a widely distributed and species-rich fish family. Here, we identified a male-specific gene in common carp encoding Pangu, a helix-loop-helix (HLH) domain peptide localized to Sertoli cells. Loss- and gain-of-function analyses demonstrate thatpanguis both necessary and sufficient for male sex determination. Expression and reporter assays indicate thatpangurepressescyp19a1a, a key regulator of ovarian differentiation, and disruption ofcyp19a1arestores testicular development in the feminized phenotype of XYpangumutants. These findings establishpanguas the master sex-determining gene in common carp and link an HLH domain peptide to sex differentiation."
10.1126/sciadv.aeh3957,False,Science Advances,该研究主要关注的是肿瘤免疫治疗，特别是CAR T细胞在实体瘤中的疗效提升，与大气环境遥感技术（如空气质量监测、卫星观测、大气成分分析、气溶胶检索）没有直接关联。,"['CAR T cell', 'extracellular matrix', 'TNC-scFv']",Kaizhao Chen;Qi Fu;Wei Zhang;Ziyang Lin;Longjun Chen;Youxi Zhou;Yongkun Huo;Ziqing Gao;Haoyang Wan;Caifang Wang;Xingxu Huang;Shuaishuai Zhang;Ming Liu;Xiaodong Ma,Extracellular matrix–targeted TNC-scFv armoring enhances CAR T cell persistence and antitumor activity in solid tumors,"Chimeric antigen receptor T cell (CAR T cell) therapy has shown limited efficacy in solid tumors, largely due to physical and immunosuppressive barriers imposed by the tumor microenvironment (TME). Tenascin-C (TNC), an extracellular matrix protein highly expressed in multiple solid malignancies, contributes to immune exclusion and T cell dysfunction. Here, we engineer an armored CAR T cell platform that locally targets the extracellular matrix by secreting a TNC-specific single-chain variable fragment (TNC-scFv) linked to conventional CAR architecture. TNC-scFv–armored CAR T cells exhibit enhanced cytotoxic activity, improved persistence, and reduced exhaustion in vitro and in xenograft tumor models. Single-cell transcriptomic analysis reveals that TNC targeting reprograms the TME toward a CD8+T cell–enriched and functionally active immune landscape. In humanized tumor models, TNC-scFv–armored CAR T cells mediate robust antitumor responses with minimal systemic toxicity. This extracellular matrix–targeted armoring framework is compatible with additional immunomodulatory payloads, as illustrated by combinatorial armoring with interleukin-2, which further enhances efficacy while mitigating cytokine-associated toxicity. Together, these results establish extracellular matrix–directed armoring as a generalizable strategy to improve CAR T cell therapy for solid tumors."
10.1126/sciadv.aeh6459,False,Science Advances,该论文主要讨论的是口蹄疫病毒在德国的爆发及其防控措施，与大气环境遥感技术无关。,[],Michael Eschbaumer;Christoph Staubach;Florian Pfaff;Jörn Gethmann;Katja Schulz;Lisa Rogoll;Sabine Bock;Wulf-Iwo Bock;Christoph Schulze;Ronny Marquart;Nicole Reinhardt;Stephan Nickisch;Nadine Kakerow;Sabrina Freter;Annett Rudovsky;Kerstin Albrecht;Sandra Leo;Christina Haarmann;Sarah Lenz;Barbara Hoffmann;Sten Calvelage;Dirk Höper;Patrick Zitzow;Angele Breithaupt;Can Çokçalişkan;Ünal Parlak;Sharon Karniely;Laith Mohammed Salih Abdulrasool;Nick Knowles;Guillaume Girault;Aurore Romey;Labib Bakkali Kassimi;Donald P. King;Christa Kühn;Carola Sauter-Louis;Martin Beer,Buffaloed in Brandenburg: Germany’s first brush with foot-and-mouth disease after four decades of freedom,"Foot-and-mouth disease (FMD) virus is one of the most feared and most consequential pathogens of livestock worldwide. It can be spread rapidly by the transboundary movement of animals, animal products, and by-products. In January 2025, Germany detected its first FMD outbreak since 1988 in extensively reared water buffalo on a small farm in the state of Brandenburg, directly outside Berlin, the federal capital. Immediate control measures including a standstill for movements of susceptible animals and pre-emptive culling were implemented by the veterinary authorities. Whole-genome sequencing identified the virus as serotype O, topotype ME-SA, lineage SA-2018 and revealed extensive recombination, but cross-neutralization assays suggested good heterologous protection by an O/PanAsia-2 vaccine strain. Epidemiological back-calculation placed the time of virus introduction in late December 2024. Although the entry route remains unresolved, human-associated introduction is most likely. Network analysis revealed minimal farm connectivity, and simulations predicted low potential for onward transmission, which is consistent with the outbreak being ultimately restricted to a single herd. This event underscores the constant and unpredictable risk of introduction of the virus. Early detection through increased awareness and comprehensive differential diagnostics as well as the international collaboration of veterinary services, laboratories, and experts are essential in the face of the global presence of FMD."
10.1126/sciadv.aeh6920,False,Science Advances,该论文研究的是哺乳动物皮肤中的平面细胞极性（PCP）的形成机制，涉及Dishevelled、Frizzled6和Vangl2等蛋白质的相互作用，与大气环境遥感技术（如空气质量监测、卫星观测、大气成分分析、气溶胶反演等）无关。,[],Parijat Sil;Brandon Trejo;Katherine A. Little;Danelle Devenport,Dishevelled-mediated clustering stabilizes Frizzled6 and Vangl2 to establish planar cell polarity in the mammalian skin,"Planar cell polarity (PCP) in epithelia is characterized by the polarized distribution of two opposing, membrane-associated PCP complexes across cell junctions. Transmembrane components of the PCP complex bridge cell junctions and organize into punctate, intercellular assemblies that exhibit a high degree of stability. Here, we define the contributions of the cytoplasmic PCP protein, Dishevelled (Dvl), in the submicrometer scale organization and stability of PCP complexes. Using endogenously tagged fluorescent PCP reporters in the embryonic mouse epidermis, we quantify PCP protein mobility and clustering during polarization. We find that as transmembrane proteins immobilize into puncta, Dvl2/3 coaccumulates with its transmembrane partner Frizzled 6 in a polarized manner and stabilizes clusters of PCP complexes. We identify a previously unknown function for the oligomerizing Dishevelled/Axin (DIX) domain of Dvl3, typically associated with Wnt signaling, in Dvl3 asymmetric localization. These observations underscore a role for Dvl oligomerization in assembly and stabilization of asymmetric PCP puncta."
10.1126/sciadv.aed4468,False,Science Advances,该论文主要研究流体逻辑电路在软体机器人中的应用，涉及流体控制技术，但与大气环境遥感技术（如空气质量监测、卫星观测、大气成分分析、气溶胶检索）没有直接关联。,"['fluidic logic circuits', 'soft pneumatic robots', 'demultiplexing']",Hwayeong Jeong;Jamie Paik;Jung Kim,Scalable design of fluidic DEMUX/MUX,"Fluidic logic circuits offer a foundation for decentralized onboard control in soft pneumatic robots, enabling their integration into actuator networks to generate complex movements. However, existing fluidic controllers in soft robots face scalability limitations, restricting their ability to handle growing degrees of freedom across sizes while preserving compliance. Here, we present a scalable fluidic control architecture that integrates high-radix demultiplexing with time multiplexing to achieve a high input-to-output ratio and reprogrammable actuation. We incorporate a design method based on dimensionless parameters to preserve comparable valve opening and closing pressure thresholds across different physical scales, thereby maintaining consistent addressing behavior of the demultiplexer after geometric scaling. In addition, structural stretchability enables seamless integration into soft bodies, maintaining reliable control under dynamic deformation without compromising compliance. This hybrid demultiplexer/multiplexer fluidic circuit overcomes key limitations, offering functional scalability, geometric scalability, and physical integrability in a single architecture. Our approach enables autonomous, adaptable soft robots capable of complex, multifunctional motions, functioning as self-contained systems."
10.1126/sciadv.aef9368,False,Science Advances,该论文主要研究的是通过Tröger’s base衍生的多孔有机聚合物（POP）膜来实现对单/多价离子的选择性分离，涉及的是膜分离技术，而非大气环境遥感技术。虽然涉及离子传输和资源回收，但与空气质量监测、卫星观测等大气环境遥感技术无关。,"['Tröger’s base', 'POP membranes', 'ion transport', 'electrodialysis']",Haopan Sun;Ning Gan;Baolong Wu;Chenglin Liu;Yan Jin;Yuzhu Sun;Jianguo Yu;Zhaoliang Cui;Yuqing Lin;Hideto Matsuyama;Young Moo Lee,Hydration channel engineering in Tröger’s base-POP membranes for mono/multivalent cation and anion discrimination,"Sustainable recovery of critical resources from complex aqueous streams is constrained by membranes that fail to combine rapid ion transport with precise mono/multivalent discrimination. Here, we report Tröger’s base-derived porous organic polymer (POP) membranes with rigid, covalently crosslinked microporous frameworks that stabilize angstrom-scale transport channels while suppressing hydration-induced swelling. These membranes render rapid monovalent-ion transport with near-complete exclusion of multivalent cations and anions, including Mg2+, Al3+, SO42−, and PO43−. Experiments and simulations show that steric confinement, dehydration penalties, and electrostatic interactions cooperatively raise migration barriers for multivalent ions in confined channels. The membranes achieve comprehensive mono/multivalent discrimination across both cationic and anionic systems. In multistage electrodialysis, they enable stage-amplified lithium enrichment from high-Mg brines with stable long-term operation and downstream recovery of crystalline Li2CO3. They also facilitate high-purity NaCl enrichment from simulated seawater. Overall, this platform offers a durable and energy-efficient route to selective resource recovery from complex aqueous streams."
10.1126/sciadv.aeh1086,False,Science Advances,该论文研究的是转录因子（TFs）在果蝇胚胎中的动态聚集和增强子结合动力学，与大气环境遥感技术（如空气质量监测、卫星观测、大气成分分析、气溶胶反演）无关。,"['transcription factors', 'enhancer binding', 'Dorsal', 'TF hubs', 'live imaging']",Samantha Fallacaro;Manya Kapoor;Lillian Encarnation;Apratim Mukherjee;Meghan A. Turner;Hernan G. Garcia;Mustafa Mir,Enhancer binding kinetics explain transcription factor hub formation,"Transcription factors (TFs) form dynamic, high-concentration clusters, condensates, or hubs, proposed to increase TF binding frequency at target enhancers. However, how enhancer sequence shapes hub properties remains unclear. We developed a live imaging–based framework to quantify the spatiotemporal relationship between TF hubs and actively transcribed genes in liveDrosophilaembryos. Examining hubs formed by the TF Dorsal across enhancers with defined binding site composition, we find that hub enrichment and persistence scale with the number of Dorsal binding motifs. However, these hub properties do not predict transcriptional bursts for a given enhancer. Combining quantitative imaging with computational modeling, we show that Dorsal hub formation can be explained by TF-DNA binding kinetics alone. These findings support a model in which TF hubs emerge from enhancer-encoded TF-DNA interactions rather than higher-order regulatory assemblies."
10.1126/sciadv.aei3713,True,Science Advances,该论文使用卫星观测和多年代再分析数据，研究野火如何改变地表径流与植被的相互作用，这直接涉及大气环境遥感技术中的地表观测和植被分析，属于空气质量监测和环境变化的范畴。,"['satellite observations', 'reanalysis datasets', 'surface runoff', 'vegetation dynamics', 'wildfires']",Yuanyuan Peng;Kun Shi;Shun Bi;Qi Guan,Wildfires diminish vegetation control on surface runoff,"Wildfires are increasingly reshaping global terrestrial ecosystems, yet their impacts on the fundamental coupling between vegetation and the hydrological cycle remain poorly understood. Here, we present a global-scale assessment of how wildfire disturbances alter the sensitivity of surface runoff to vegetation dynamics using multidecadal satellite observations and reanalysis datasets. We developed a spatially explicit framework to quantify pre- and postfire runoff-vegetation sensitivity across climatic gradients and fire regimes. We show a widespread and systematic weakening of vegetation control on runoff after wildfires, indicating a fundamental decoupling of hydrology-vegetation interactions. This attenuation is notably modulated by aridity and fire intensity, with the most pronounced sensitivity losses occurring in fragile drylands. These findings expose a critical blind spot in traditional hydrological models that overlook disturbance-driven vegetation shifts. Our study provides a mechanistic understanding of how compound climate-fire perturbations accelerate terrestrial water flux instability, suggesting that increasing fire frequency will exacerbate ecosystem vulnerability and threaten water security in a warming world."
10.1126/sciadv.aei7996,False,Science Advances,该论文主要研究二维材料中的螺旋生长机制和螺位错驱动生长的机理，虽然涉及材料的微观结构和成像技术，但与大气环境遥感技术（如空气质量监测、卫星观测、大气成分分析、气溶胶反演等）没有直接关联，因此不相关。,"['2D materials', 'screw dislocation', 'atomic-resolution imaging']",Peiyu Qiao;Zhongshi Zhang;Bohui Xu;Pifu Gong;Xuanze Li;Yifan Wang;Lifeng Tian;Pei Liu;Jianyu Cao;Yuye Li;Qi Zhang;Chun Zhao;Xiangmin Meng,Multiscale insights into screw dislocation-driven growth mechanisms,"Spiral growth in two-dimensional (2D) materials has conventionally been explained by single screw dislocation mechanisms, yet a complete multiscale understanding remains elusive due to the intricate nature of screw dislocation structures. Here, we present a stabilization approach through metallic transition metal dichalcogenides (m-TMDs) overlayers on spiral semiconducting TMDs (s-TMDs), which enables unprecedentedly robust atomic-resolution imaging of screw dislocations in cross-sectional van der Waals heterostructures. Our multiscale investigations identify nanoscale substrate undulations as critical nucleation sites for screw dislocations and uncover a multi-screw dislocation-driven (MSDD) growth paradigm, characterized by periodic stress stripes with linear densities approaching ∼106cm−1. Furthermore, we establish that dislocation interactions govern stacking sequence reconstruction, while the kinetic competition among multiple screw dislocations determines the ultimate spiral architectures. These insights fundamentally transform our understanding of defect-mediated growth in 2D materials."
10.1126/sciadv.adt4995,False,Science Advances,该论文研究的是间充质干细胞对自闭症小鼠模型的神经内分泌调节作用，不涉及大气环境遥感技术、空气质量监测或卫星观测等相关内容。,[],Yinong Huang;Yixuan Liu;Yilin Liu;Hongjie Liang;Yunli Tong;Ruijie Li;Xiaoran Zhang;Yiling Wang;Yiwen Deng;Jihao Wu;Yue Shu;Qiying Lu;Yuan Qiu;Jinsi Chen;Yucheng Ba;Jiayun Fang;Jiang Hao;Weiqiang Li;Haipeng Xiao;Weijun Huang;Andy Peng Xiang,HPSC-derived mesenchymal stromal cells ameliorate murine autistic-like phenotypes through activating oxytocinergic neurons,"Autism spectrum disorder (ASD) is a heritable neurodevelopmental disorder marked by social deficits, repetitive behaviors, and psychiatric comorbidities. Despite its rising global prevalence, effective treatments remain elusive. Mesenchymal stromal cells (MSCs) offer therapeutic promise for ASD, although their mechanisms are unclear. Here, we show that induced pluripotent stem cell (iPSC)–derived MSCs alleviate anxiety, grooming, and social impairments inShank3Bknockout mice, a monogenic ASD model. Intravenously infused MSCs localize to the neurohypophysis, interface with oxytocin (OT)–producing neuron axons, and activate OT+neurons in the paraventricular nucleus (PVN). MSC treatment also reduces autistic-like phenotypes in BTBR T +Itpr3tf/J mice, a model of idiopathic ASD, in an OT+neuron–dependent manner. Mechanistically, prostaglandin E2 (PGE2) secreted by MSCs instigates the activation of OT+neuron, while suppression of PGE2 production via short hairpin RNA (shRNA)–mediated knockdown ofPTGS1andPTGESdiminishes their therapeutic efficacy. These findings reveal a mechanism whereby MSCs modulate OT+neuroendocrine circuits to improve ASD-related behaviors."
10.1126/sciadv.aeb2110,False,Science Advances,该论文研究的是心脏电压门控钠通道的功能缺陷纠正，属于生物医学领域，与大气环境遥感技术（如空气质量监测、卫星观测、大气成分分析、气溶胶反演）无关。,[],Lucile Fossier;Marc Yehya;Richard Z. Zhuang;Sri Karthika Shanmugam;Ryan Mahling;Timothy Cho;Audrey Kochiss;Allen L. Hsu;Sandra B. Gabelli;Gordana Vunjak-Novakovic;Henry M. Colecraft;Manu Ben-Johny,A bifunctional actuator to correct loss-of-function deficits in cardiac voltage-gated sodium channels,"Despite their emerging prominence, ion channelopathies have remained challenging to correct, as ion channel dysfunction linked to disease is multifaceted, involving changes in activity and/or localization. Yet, current corrective strategies typically focus on restoring only one aspect leading to incomplete efficacy. Here, focusing on the voltage-gated sodium channel, NaV1.5, whose dysfunction is linked to life-threatening cardiac arrhythmias, we develop a genetically encoded bifunctional actuator as a proof-of-concept molecular strategy to reverse pathophysiological changes in channel function. Specifically, we engineer a high affinity nanobody targeting NaV1.5 with two moieties: (i) a peptide that restores proper inactivation and (ii) a linkage-specific deubiquitinase that promotes surface-membrane localization. Functional validation in heterologous systems and in human and mouse cardiomyocytes demonstrated restoration of NaV1.5 trafficking and/or gating. In all, this approach shows promise for reversing molecular deficits observed with NaVchannelopathies and provides a framework to engineer multifunctional modulators targeting ion channelopathies."
10.1126/sciadv.aed3416,False,Science Advances,该论文主要研究噬菌体和整合元件（ICE）如何驱动细菌的进化和抗微生物耐药性（AMR）的传播，虽然涉及微生物和环境适应，但与大气环境遥感技术（如空气质量监测、卫星观测、大气成分分析、气溶胶检索）没有直接关系。,"['phage', 'ICE', 'bacterial adaptation', 'antimicrobial resistance']",Jinhu Huang;Jiaqi Zhao;Pengchao Zhan;Xingyang Dai;Xinming Pan;Zhenmiao Li;Wenbin Zhao;Xiaoli Shi;Xiaoming Wang;Shengyong Mao;Jiale Ma;Liping Wang;Jinxin Liu,Phage-ICE tandems facilitate bacterial adaptation and antimicrobial resistance spread,"Phages and integrative and conjugative elements (ICEs) drive bacterial evolution, but how their interplay shapes bacterial adaptation and antimicrobial resistance (AMR) dissemination remains unclear. Here, we characterize phage-ICE tandems formed by site-specific accretion of phages and ICEs into cotransferable units. InStreptococcus, phage-encoded integrases (IntIEPhage) drive stress-inducible excision and circularization, after which ICE machinery mediates conduction of the tandem. When excision is impaired, phage and phage-ICE fragments disseminate by transformation and integrate via RecA-dependent homologous recombination (HR), providing a fail-safe route. This pathway enables cotransfer of flanking chromosomal DNA, generating length-variable integrations that remodel transcriptional programs and increase oxidative stress tolerance. A global screen identified 612 phage-ICE tandems across seven phyla and 135 species, including multidrug-resistant pathogens, with lineage-specific repertoires of AMR, virulence, and metabolic genes. Rather than a hybrid element, these structures represent functional interplay where prophages exploit ICE conjugation while facilitating mobilization of the composite region. By coupling excision, transfer, and recombination, phage-ICEs shape adaptation and accelerate AMR spread."
10.1126/sciadv.aee5257,False,Science Advances,该论文主要研究前列腺癌的分子机制，涉及细胞增殖、RNA剪接等生物学过程，与大气环境遥感技术（如空气质量监测、卫星观测、大气成分分析、气溶胶反演）无关。,[],Chitra Rawat;Nidhi Singh;Ujjwal R. Dahiya;Qiang Hu;Sarah Ng;Dingxiao Zhang;Shaun R. Stauffer;Amina Zoubeidi;Eva Corey;Jesse McKenney;Christopher J. Weight;Samuel C. Haywood;Song Liu;Tao Liu;Hannelore V. Heemers,Citron kinase activity controls alternative splicing events that drive prostate cancer growth,"Prostate cancer (CaP) remains a major cause of cancer death in men, underscoring the need for mechanistically novel therapies. We previously identified the action of the mitotic kinase citron (CIT) kinase as a key driver of CaP progression and promising therapeutic target, but selective CIT inhibitors are not available. We therefore asked whether a better understanding of the action of CIT substrates, which execute CIT kinase action in CaP cells, can lead to novel approaches and/or alternative targets to indirectly interfere with CIT’s activity during CaP progression. In view of the enrichment in functions in alternative splicing among CIT substrates, we focus on the RNA splicing regulator THRAP3 as a representative substrate. Direct THRAP3 phosphorylation by CIT determined THRAP3’s RNA binding to CIT-controlled pre–messenger RNA targets. Cross-linking and immunoprecipitation sequencing identified a subset of CIT-dependent THRAP3-bound genes that were preferentially involved in cell proliferation. THRAP3 RNA binding was enriched in genes that undergo alternative splicing during CaP progression. CIT-dependent THRAP3-bound transcripts stimulated the growth of CaP cell lines, xenografts, patient-derived organoids, and patient-derived xenograft (PDX)–derived organoids, whereas CIT-independent THRAP3-bound transcripts from the same gene did not. An antisense oligo that blocks THRAP3’s recruitment to a CIT-dependent RNA binding site prevented the production of CIT- and THRAP3-dependent transcripts and inhibited the growth of cell lines and PDX-derived organoids representing different CaP stages and lineages but not of benign cells. Thus, CIT-mediated alternative splicing drives CaP progression, and its inhibition is a new therapeutic strategy in treatment-resistant CaP."
10.1126/sciadv.aee7989,False,Science Advances,该论文主要研究人类胎儿大脑中短联合纤维的时空动态，使用的是胎儿扩散磁共振成像和脑组织学方法，与大气环境遥感技术（如空气质量监测、卫星观测、大气成分分析、气溶胶检索）无关。,"['diffusion magnetic resonance imaging', 'histology', 'neuroimaging']",Bo Li;Željka Krsnik;Lana Pierotich;Ivica Kostović;Simon K. Warfield;P. Ellen Grant;Davood Karimi,Insights into temporal and spatial dynamics of short association fiber formation in the human fetal brain,"Short association fibers (SAFs) form the local scaffold of cortical connectivity and support early functional specialization. However, their development before birth remains largely unknown. Using fetal diffusion magnetic resonance imaging from the Developing Human Connectome Project and histology from the Zagreb Collection of human brains, we present an in utero reconstruction of SAF pathways in the human brain. We tracked their volumetric and microstructural developmental trajectories in 243 fetuses spanning a critical period of connectome formation. We found that SAFs emerge before sulcal folding, initially as flat, loosely arranged pathways along the subplate–white matter interface, and later reorganize into coherent U-shaped bundles. Their maturation followed a sensorimotor-to-association gradient, paralleling cortical development. Nonlinear, bundle-specific trajectories captured multiphasic maturation, with subplate dynamics preceding increases in axonal coherence and early myelination. These findings reveal how the brain’s local wiring is established during prenatal development and provide insight into the origins of individual variability."
10.1126/sciadv.aeg8557,False,Science Advances,该论文研究的是益生菌对关节稳态和骨关节炎的影响，以及开发微生物-肠道-软骨轴芯片技术。虽然涉及生物技术和医学领域，但与大气环境遥感技术（如空气质量监测、卫星观测、大气成分分析、气溶胶反演）无关，因此不相关。,"['probiotics', 'microbe-gut-cartilage', 'osteоarthritis', 'organoids', 'PI3K']",Jun Liu;Ning Zhang;Yiting Lei;Xiaoshuai Wang;Xiang Zhang;Wei Huang;Changhai Ding;Denghui Xie;Jun Yu;Rocky S. Tuan;Zhong Alan Li,Effects of probiotics on joint homeostasis and osteoarthritis: Development of microbe-gut-cartilage axis-on-a-chip,"Although emerging evidence implicates gut microbiome-cartilage cross-talk in the pathogenesis of osteoarthritis (OA), the most common joint disease, studying this microbe-gut-joint axis remains challenging due to limitations of animal models and conventional in vitro systems. Here, we report a microbe-gut-cartilage axis-on-a-chip (MGCAoC) that recreates tissue-specific microenvironments with oxygen gradients and physiological fluid shear. The computer simulation–optimized chip design generates an anoxic-oxic interface for the gut module and enables perfusion of probiotic metabolites to human cartilage organoids without cross-contamination. Multiomics profiling suggested that probiotic metabolites may promote cartilage anabolism, potentially involving PI3K and MAPK pathway, and this effect was associated with up-regulated collagen type II and aggrecan expression while suppressing metalloproteinases. In inflamed cartilage organoids, these metabolites were associated with reduced proinflammatory signaling while preserving matrix integrity. The chondroprotective effects were confirmed using cartilage organoids derived from patients with OA treated with identified metabolites. This MGCAoC enables mechanistic investigation of gut-joint axis physiology and provides a versatile preclinical tool for screening probiotic-based OA therapeutics."
10.1126/sciadv.aei4756,False,Science Advances,这篇论文研究的是地球深部地幔中的化学异质性和氢同位素在核心-地幔交换中的作用，与大气环境遥感技术（如空气质量监测、卫星观测、大气成分分析、气溶胶反演）没有直接关系。,"['hydrogen isotopes', 'deep mantle', 'core-mantle exchange']",Yu Zhang;Wenzhong Wang;Zhongqing Wu;Bowen Chen,Hydrogen isotopes reveal water leakage from the core,"Chemical heterogeneities in Earth’s deep mantle may record either preserved primordial reservoirs or later core-mantle exchange, but distinguishing between these origins remains challenging. Hydrogen isotopes offer a sensitive tracer, yet whether magma ocean crystallization could generate a deuterium-depleted deep reservoir has not been quantitatively evaluated. Here, we use machine learning–accelerated path-integral simulations to determine equilibrium hydrogen isotope fractionation between silicate melt and bridgmanite, ringwoodite, and wadsleyite under magma ocean conditions. Incorporating these fractionation factors into a magma ocean crystallization model shows that mineral-melt fractionation is intrinsically weak, producing an essentially homogeneous D/H distribution in the primitive mantle. Magma ocean crystallization therefore cannot generate the extremely low δD values observed in some ocean island basalts. Combined with exceptionally high3He/4He ratios, these signatures more plausibly reflect selective transfer of primordial volatiles from Earth’s core, implying sustained volatile exchange across the core-mantle boundary."
10.1126/sciadv.aec9366,True,Science Advances,该论文研究了在净零人类二氧化碳排放情景下，东亚夏季极端降水的变化，涉及大气环境变暖、极端降水强度、大气环流和海洋循环等与遥感技术监测大气成分和空气质量密切相关的内容。,"['extreme precipitation', 'CO2 emission', 'atmospheric cooling', 'East Asian summer']",Seungmok Paik;Daehyun Kim;Soon-Il An;So-Eun Park;Andrew D. King;Seung-Ki Min;Chao Liu;Jongsoo Shin,Intensification of East Asian summer extreme precipitation under a net-zero anthropogenic CO2 emission scenario,"Global warming has intensified extreme precipitation, a trend projected to continue as warming persists. However, how extreme precipitation characteristics respond to global warming mitigation strategies remains poorly understood. This study examines East Asian summer extreme precipitation responses under a net-zero anthropogenic carbon dioxide (CO2) emission scenario. Despite substantial cooling over East Asia following atmospheric CO2concentration decline, the intensity of extreme precipitation events continues to increase for about 30 years and does not subsequently weaken. This counterintuitive result arises mainly from intensified upward motion during extreme precipitation events, driven by enhanced baroclinicity and strengthening of the upper-tropospheric jet, which together overcompensate the cooling effect. These are essentially due to the hysteresis in the Atlantic (i.e., Atlantic Meridional Overturning Circulation slowdown), Southern (i.e., sustained warming), and Pacific (i.e., El Niño–like warming) Oceans. Our findings highlight that achieving net-zero anthropogenic CO2emissions is insufficient to mitigate intensifying extreme rainfall events in the densely populated East Asian countries."
10.1126/sciadv.aed8424,False,Science Advances,该论文的主题是关于监狱中的探视和不当行为，与大气环境遥感技术（如空气质量监测、卫星观测、大气成分分析、气溶胶检索）无关。,[],Yilin Zhuo;Kristin Turney;Naomi F. Sugie;M. Keith Chen;Emily Owens,Costly missed connections: Visitation and misconduct in California prisons,"Social isolation is a major public health crisis with particularly deleterious consequences for vulnerable populations including incarcerated people. Theoretically, visitation from family should reduce social isolation and improve outcomes among incarcerated people, but existing quasi-experimental research provides limited support for the relationship between visitation and in-custody outcomes. We revisit the effect of visitation on in-custody misconduct—an important but administratively defined measure of institutional safety—by exploiting the fact that fluctuations in gasoline prices create unanticipated shifts in visitation uncorrelated with other factors associated with misconduct. We combine this quasi-experimental variation with smartphone mobility data identifying prison visits from cell phone pings and administrative data on misconduct in California prisons. We find that increases in visits induced by changes in transportation costs are negatively related to misconduct (particularly use-of-force events and personal battery), with effects concentrated immediately after visitation. Although the policy implications are subtle, these findings suggest that some strategies that reduce visitation barriers could be cost-effective ways to reduce prison violence. More broadly, they suggest that social connections have causal repercussions for violence and safety in extreme institutional environments."
10.1126/sciadv.aef2217,False,Science Advances,该论文研究的是SUMO2基因缺失对细胞毒性T细胞活化和肿瘤浸润的影响，属于免疫学和肿瘤学领域，与大气环境遥感技术（如空气质量监测、卫星观测、大气成分分析、气溶胶反演）无关。,[],Mohottige D. Neranjan Tharuka;Dai-Hua Chen;Maria Luisa Jurgensen Amaral;Tianchen Ren;Yixuan Kuang;Shih-Ting Huang;Nikhil Chilakapati;Bing Ren;Stephen P. Schoenberger;Ye Zheng;Yuan Chen,SUMO2 deletion changes chromatin accessibility and enhances cytotoxic T cell activation and tumor infiltration,"Cytotoxic T cells [cytotoxic lymphocytes (CTLs)] are crucial for adaptive immunity leading to prolonged survival and potential cures for cancer. Recent clinical data have shown that pharmacological inhibition modifies the tumor microenvironment (TME) and activates CTLs, although the mechanism is not well described. In this study, we found that T cell–specific knockout (KO) of the most prevalent SUMO paralog,Sumo2/SUMO2, in both mouse and human CD8+T cells significantly enhanced CD8+T cell activation without enhanced IFN-I (type I interferon)–responsive genes in vitro but increased chromatin accessibility at enhancer regions for AP-1 (activating protein 1) family members, including BATF and JunB, which are known to promote T cell activation and proliferation. Using antigen-specific OT1 and CAR (chimeric antigen receptor) T cell models, we found thatSumo2KO CD8+T cells had significantly higher tumor infiltration, as revealed by flow cytometry, immunofluorescence staining, and single-nucleus RNA sequencing (snRNA-seq), and conferred greater tumor growth inhibition than wild-type control T cells. snRNA-seq also revealed thatSumo2KO in CD8+T cells increased the expression of TRAIL (tumor necrosis factor–related apoptosis-inducing ligand) in vivo and activated the antitumor immune microenvironment, likely through cell-cell interaction involving more activated CTLs. These findings elucidate a novel mechanism by which SUMOylation controls CTL activation and tumor infiltration that activate antitumor immunity in the TME. SUMO2 KO can also be a potential strategy to enhance adoptive T cell therapies for solid tumors by enhancing their activation, tumor infiltration and ability to modulate the TME."
10.1126/sciadv.aeh0494,False,Science Advances,该论文研究的是细胞膜纳米系统在肿瘤治疗中的应用，特别是通过诱导细胞衰老和内质网应激来阻断转移。虽然涉及纳米技术和细胞生物学，但与大气环境遥感技术（如空气质量监测、卫星观测、大气成分分析、气溶胶检索）无关，因此不相关。,"['biomimetic drug delivery', 'endoplasmic reticulum', 'senescent tumor cell']",Jing Tao;Yuzhen Guo;Fengzhi Zhang;Jiahui Wu;Liyun Xing;Jinxia Kong;Lian Li;Zhou Zhou;Yuan Huang,Senescent tumor cell membrane–based “time engine” nanosystem amplifies endoplasmic reticulum targeting for metastasis blockade,"As an important component of biomimetic drug delivery systems, cell membrane–coated nanoparticles are widely used for subcellular delivery. However, the influence of cell membranes at different life cycles on subcellular delivery remains unexplored. Our previous study demonstrated that senescent tumor cell membrane–coated nanoparticles (SNP) displayed superior endoplasmic reticulum (ER) targeting efficiency in tumor cells. After inducing tumor cells into senescence, SNP showed greater accumulation in ER. Herein, we design a “time engine” nanosystem for amplified ER targeting: Firstly, ribociclib is encapsulated into SNP (R@SNP) to induce tumor cell senescence; then, SNP loaded with brefeldin A (B@SNP) is used to trigger ER stress. By sequential therapy, R@SNP disrupts the cytoskeleton of 4T1 tumor cells to eliminate ER-targeting barriers and remodels the tumor immune microenvironment; B@SNP boosts ER-targeting efficiency and triggers intense ER stress. Collectively, such time engine nanosystem achieves excellent ER accumulation and antimetastatic efficacy in 4T1 tumor–bearing mice, providing an innovative perspective for subcellular delivery and tumor treatment."
10.1126/sciadv.aee5191,False,Science Advances,该论文主要研究的是2025年M 7.7 Mandalay地震的断层破裂现象，虽然提到了高率全球导航卫星系统（GNSS）和遥感数据，但这些技术主要用于地震观测和地壳运动分析，而非大气环境遥感技术，如空气质量监测、卫星观测、大气成分分析或气溶胶检索。因此，该论文与大气环境遥感技术相关性不强。,"['Global Navigation Satellite System', 'remote sensing', 'seismic gap']",Kejie Chen;Haoran Meng;Zhenguo Zhang;Zijia Wang;Zaiwang Liu;Chris Milliner;Guoguang Wei;Fuhua Zheng;Jianhao Gao;Min Zhou;Solene L. Antoine;Chaofeng Wang;Zhongqiu He;Kai Huang;Jindong Song;Qiang Ma;Haipeng Luo;Xiaofei Chen;Jean-Philippe Avouac,"On-fault and remote observations of exceptionally long, supershear rupture in the 2025 M 7.7 Mandalay earthquake","Straight faults are considered prone to large supershear ruptures and seismic gaps to likely host future earthquakes. Both predictions may have been fulfilled in the magnitude (M) 7.7 Mandalay earthquake of 28 March 2025 on the Sagaing Fault. Exceptional video footage of the fault rupture, high-rate Global Navigation Satellite System, and seismological and remote sensing data reveal a supershear slip pulse that formed early and ruptured a well-identified seismic gap but propagated well beyond it, resulting in an exceptional rupture length of 510 kilometers. By contrast, the slip pulse observed in the video footage has subshear characteristics. These observations can be reconciled by a preferred conceptual interpretation invoking depth-dependent weakening properties, stress heterogeneity, and possible dynamic triggering. These properties allow for energetic ruptures that stay confined to the depth range locked in the interseismic period but are not confined to seismic gaps along strike."
10.1126/sciadv.aeh2087,False,Science Advances,该论文研究的是鱼类再生过程中的染色质相互作用，与大气环境遥感技术（如空气质量监测、卫星观测、大气成分分析、气溶胶反演）无关。,[],Xiaohui Jia;Xianglei Zhang;Weifeng Lin;Tengfei Ren;Shiqi Liu;Yufei Lou;Wei Wang,Chromatin interaction landscape of epimorphic regeneration in teleost fish,"Reorganization of chromatin architecture—including chromatin loops, topologically associating domains (TADs), and A/B compartments—has been increasingly linked to development and cell differentiation. However, how chromatin architecture reorganizes during the shift from homeostasis to regeneration remains poorly characterized. Here, we used zebrafish fin regeneration as a model to systematically investigate, via micro-C, the chromatin architecture associated with blastema formation. Our analyses unveiled that the alteration of chromatin looping upon amputation was dominant compared with that of TADs and compartments. Genes directly linked to injury-altered loop interactions, including essential regeneration regulators, were mainly related to morphogenesis and cell division. A side-by-side comparison between zebrafish and African killifish uncovered conserved and species-specific chromatin reorganization following injury. Notably, perturbing injury-altered loop interactions at theil11alocus suppressed its expression and impaired fin regeneration efficiency. Further, CTCF/CTCFL and Atf7 binding motifs were the top shared motifs enriched in regeneration-altered loop anchors. Our study uncovers the landscape of chromatin interactions during fin regeneration."
10.1126/sciadv.aed0661,False,Science Advances,该论文研究的是亚单层界面手性薄膜的荧光-旋光色散（F-ORD）现象，涉及的是手性化学和界面光学性质，与大气环境遥感技术（如空气质量监测、卫星观测、大气成分分析、气溶胶反演等）没有直接关系。,"['fluorescence', 'optical rotatory dispersion', 'chiral films']",Kevin Murati;Matthew R. Wilson;Isabela Capelozi de Freitas;TJ Pinedo;Benjamin W. Cerjan;Patrizia Polichetti;Alexander J. Higgins;Ethan T. Cox;Osama Abuhammad;Lyudmila V. Slipchenko;Garth J. Simpson,Multidegree fluorescence–optical rotatory dispersion (F-ORD) from submonolayer interfacial chiral films,"Homochiral monomolecular thin films adsorbed to fused silica produced fluorescence–optical rotatory dispersion (F-ORD; i.e., optical rotation of the fluorescence emission relative to the excitation beam) more than seven orders of magnitude greater than anticipated by conventional origins of optical rotatory dispersion (i.e., optical rotation of the excitation beam after passing through a chiral film relative to its initial plane of polarization). Optical rotation of −4.5 ± 0.5° was observed in the principal axis of fluorescence emission relative to that of excitation for submonolayer dip-coated thin films of (S)-naproxen, with the sign of the rotation inverting for comparable films of (R)-naproxen. The chiral-specific F-ORD response was nonreciprocal, inverting in sign upon flipping of the sample orientation (i.e., source-facing versus detector-facing), suggesting selectivity to chiral molecules oriented at the interface. The interface selectivity, chiral selectivity, and large magnitude of the response were in excellent agreement with a fully electric-dipole–allowed orientational mechanism for chiral-specific fluorescence in uniaxial systems. These observations elevate fluorescence as a novel chiral-specific probe with exquisite sensitivity to chirality and interface specificity akin to that normally reserved for even-ordered nonlinear optical interactions, such as second harmonic and sum-frequency spectroscopy."
10.1126/sciadv.aeh4948,False,Science Advances,该论文研究的是细胞内钙信号传导与胰岛素分泌和肝脏葡萄糖产生的调控机制，与大气环境遥感技术（如空气质量监测、卫星观测、大气成分分析、气溶胶反演等）无关。,[],Muhammad Fauzi;Takaaki Murakami;Ryota Usui;Ainur Botagarova;Daisuke Otani;Kentarou Sakaki;Shinsuke Tokumoto;Toshinori Imaizumi;Hisato Tatsuoka;Masahito Ogura;Jonathan Campbell;Nobuya Inagaki;Daisuke Yabe,Carbonic anhydrase VIII regulates IP3R1-dependent Ca2+ signaling to coordinate insulin secretion and hepatic glucose production,"Intracellular Ca2+signaling is essential for glucose-induced insulin secretion (GIIS) and hepatic glucose production (HGP), yet how Ca2+dynamics are coordinated across organs remains unclear. Carbonic anhydrase VIII (CA8), an endogenous inhibitor of inositol 1,4,5-trisphosphate receptor 1 (IP3R1), was identified as a shared regulator of pancreatic and hepatic glucose metabolism. UsingCar8wdlmice, we showed that CA8 deficiency enhanced GIIS and HGP in vivo and ex vivo. In islets and hepatocytes, CA8 loss augments Ca2+oscillations, an effect abolished by IP3R inhibition orCar8reexpression. Enhanced HGP persists independently of glucagon receptor, PLC, or PKA signaling and occurs without increased IP1, indicating heightened IP3R1 sensitivity rather than increased IP3production. In hepatocytes, chronic glucagon exposure attenuated acute glucagon responsiveness in a CA8-dependent manner. In obese diabetic mice, CA8 increased in islets but decreased in hepatocytes; hepatic CA8 restoration reduced excessive HGP. Collectively, these findings identify CA8 as a cross-organ regulator of IP3R1-dependent Ca2+signaling with translational relevance to diabetes."
10.1126/sciadv.aee5886,False,Science Advances,该论文研究的是有向网络中的中尺度结构，涉及社会平衡理论、社交网络分析等，与大气环境遥感技术（如空气质量监测、卫星观测、大气成分分析、气溶胶反演等）无关。,"['signed networks', 'social balance theory', 'unbalanced structures']",Wei Zhang;Olga Boichak;Tristram J. Alexander;Tiago P. Peixoto;Eduardo G. Altmann,Mesoscale structures in signed networks,"Mesoscale structures in signed networks have been studied under the limiting assumption of the validity of social balance theory, which predicts positive connections within groups and negative connections between groups. Here, we propose and apply a methodology that overcomes this limitation and is able to find and characterize also the different possible unbalanced structures in signed networks. Applying our methodology to 24 empirical networks, from social-political, financial, and biological domains, we find that unbalanced mesoscale structures are prevalent in real-world networks, including cases with substantial balance at the microscale of triangles. In particular, we find that assortativity often prevails regardless of the interaction sign and that core-periphery structures are typical in online social networks. Our findings highlight the complexity of mesoscale relational structures, the importance of using computational methods that are a priori agnostic to specific patterns, and the importance of independently evaluating micro- and mesoscale predictions of social balance theory."
10.1126/sciadv.aeh5747,False,Science Advances,该论文研究的是磁场转换技术，涉及磁性材料和磁场塑形，与大气环境遥感技术（如空气质量监测、卫星观测、大气成分分析、气溶胶反演）没有直接关系。,"['magnetic fields', 'field shaping', 'magnetic materials']",Jaume Cunill-Subiranas;Natanael Bort-Soldevila;Fabian Resare;Nuria Del-Valle;Witlef Wieczorek;Carles Navau,Magnetic omniconversion: Source-independent molding of magnetostatic fields,"Magnetic fields are constrained by the geometry and location of their sources, limiting the ability to freely tailor their spatial distribution. We introduce a general framework to passively convert the magnetic field generated by arbitrary sources into any prescribed desired field within a finite source-free region. Our method relies on field shaping using linear magnetic materials, enabling source-independent magnetic field molding. We provide the general recipe, analytical and numerical demonstrations for some paradigmatic examples, and a proof-of-concept experiment that validates the idea and materials implementation. This approach enables original possibilities in magnetic shielding, targeted field delivery, advanced imaging technologies, and a broad range of field-control applications."
10.1126/sciadv.aef2358,False,Science Advances,该论文与大气环境遥感技术无关，主要关注女性生殖道的细胞分类和标准化，属于生物学和生物信息学领域。,[],Huan Ting Ong;Diane C. Saunders;Caroline Eastwood;Aleix Puig-Barbe;Alison Kochersberger;Anna Galligos;Bailey Marshall;Benjamin K. Johnson;Caroline E. Kratka;Chen Jin;Daniela Betancur;Gabriela Rapozo Guimarães;Jordan H. Machlin;Jose V. V. Isola;Katelyn M. Adam;Osmaray Morales-Casanova;Svetlana Djirackor;Taylor Schissel;Valentina Lorenzi;Xifan Wang;Xingyu Shen;Bikem Soygur;Brian Aevermann;Eliza A. Gaylord;Mariko H. Foecke;Norbert K. Tavares;Ryan M. Samuel;Sophia Szady;Srinivasan Mahalingam;Subhasri Biswas;Will Liao;Bérénice A. Benayoun;Hattie Chung;Wipawee Winuthayanon;Jun Z. Li;Matteo A. Molè;Michael Angelo;Patricia Jeudin;Ronny Drapkin;Ariella Shikanov;Diana J. Laird;Francesca Duncan;Hui Shen;Jennifer L. Garrison;Mariana Boroni;Michael B. Stout;Roser Vento-Tormo;Sophia H. L. George;Yousin Suh;Jennifer L. Young;Monica M. Laronda,Standardizing Cell Ontology terms for cross-study integration in the female reproductive tract,"The female reproductive tract is essential for fertility, pregnancy, and overall health, yet many of its cellular components remain poorly defined. Recent advances in single-cell and spatial transcriptomics have begun to reveal this complexity, but inconsistent naming of cell types and states has limited the ability to compare findings across studies. To address this challenge, an international group of reproductive biologists and ontology experts collaborated to harmonize annotations within Cell Ontology, focusing on the ovary, fallopian tube, and uterus. Standardized terms are proposed for major epithelial, stromal, and germ cell populations, supported by marker gene sets and anatomical linkages. This framework provides a shared reference that can be used to harmonize existing datasets and guide annotation of future studies, enabling consistent classification of oocytes, granulosa, theca, luteal, epithelial, stromal, and immune cells across tissues. By establishing a unified taxonomy, this work lays the foundation for integrating datasets, supporting cross-tissue comparisons, and advancing the understanding of reproductive biology, health, and disease."
10.1126/sciadv.ael8266,False,Science Advances,该论文标题和摘要均与大气环境遥感技术无关，主要讨论的是治疗类疾病的纳米平台，属于生物医学领域。,[],Authors not available,Erratum for the Research Article “Microenvironment-driven transformable self-assembly nanoplatform enables spatiotemporal remodeling for rheumatoid arthritis therapy” by C. Hu et al.,
10.1126/sciadv.aem5509,False,Science Advances,该论文标题和摘要与大气环境遥感技术无关，而是关于DNA酶驱动的癌症诊断。,[],Authors not available,Erratum for the Research Article “CEMs-SELEX: DNAzyme-powered de novo biomarker discovery and noninvasive cancer diagnosis” by W. Cui et al.,
10.1126/sciadv.aem6775,False,Science Advances,该论文的标题和摘要主要关注的是介孔二氧化硅纳米粒子的孔径对其抗原递送效率的影响，这与大气环境遥感技术（如空气质量监测、卫星观测、大气成分分析、气溶胶检索等）没有直接关系。论文的研究领域属于生物医学和材料科学，而非大气科学或遥感技术。,"['mesoporous silica nanoparticles', 'antigen delivery', 'nanoparticles']",Authors not available,Erratum for the Research Article “The pore size of mesoporous silica nanoparticles regulates their antigen delivery efficiency”,
10.1126/sciadv.aem6777,False,Science Advances,该论文的标题和摘要都与大气环境遥感技术无关，而是关于结肠癌中的β-catenin/BCL9复合物抑制剂及其对胆固醇稳态的影响。,[],Authors not available,Erratum for the Research Article “A novel β-catenin/BCL9 complex inhibitor blocks oncogenic Wnt signaling and disrupts cholesterol homeostasis in colorectal cancer”,
10.1126/sciadv.aem0053,False,Science Advances,该论文标题和摘要内容涉及的是生物学领域中的Gpr126/Adgrg6基因对体长和骨质量的影响，与大气环境遥感技术（如空气质量监测、卫星观测、大气成分分析、气溶胶反演等）无关。,[],Authors not available,Erratum for the Research Article “Regulation of body length and bone mass by Gpr126/Adgrg6” by P. Sun et al.,
