doi,is_relevant,journal,explanation,topic_words,authors,title,abstract
10.1088/1748-9326/ae9969,True,Environmental Research Letters,该论文研究的是热带森林砍伐后碳的恢复情况，涉及大气环境中的碳循环和森林生态系统对气候变化的影响，与大气环境遥感技术中的空气质量监测、大气成分分析等领域有强相关性。,"['aboveground biomass', 'carbon recovery', 'tropical forests', 'carbon sink', 'forest productivity']",Amy C Bennett;Suzanne M Stas;Khiêm Ngọc Trương;Hoàng Ngọc Phạm;Hiếu Đặng Trần;Tĩnh Công Lê;Robyn Wrigley;Oliver L Phillips;Dominick V Spracklen,No net carbon recovery in logged tropical forests in central Vietnam,"Tropical forests recovering from logging are widely assumed to rapidly accumulate carbon. However, in Southeast Asia, where a legacy of high-intensity logging and climate change may modulate recovery trajectories, uncertainties remain about the rate and spatial heterogeneity of aboveground biomass recovery and the long-term stability of the forest carbon sink. Here we show no evidence of net aboveground carbon accumulation in naturally regenerating, selectively logged forests in central Vietnam. Based on the repeated inventories of 24 permanent plots (2016–2024) nearly two decades after 25 years of logging ceased, net carbon uptake was indistinguishable from zero (0.004 Mg C ha−1 yr−1, 95% CI: −0.38, 0.38). Higher maximum temperatures were strongly associated with reduced carbon gains, suggesting that warming may already be constraining forest productivity. Observed recovery rates are significantly lower than the Intergovernmental Panel on Climate Change benchmarks and previously reported rates for Southeast Asian forests. Our results challenge the assumption of rapid and predictable carbon recovery in degraded tropical forests. Nevertheless, these forests maintained existing carbon stocks throughout monitoring, with no detectable net carbon loss. Carbon assessment frameworks that do not incorporate local data risk overestimating sequestration potential. Consequently, site-specific, long-term data are essential for calibrating restoration strategies, improving carbon estimates and informing climate mitigation policies in a warming world."
10.1088/1748-9326/ae9f73,False,Environmental Research Letters,该论文主要关注的是建筑材料（如结构木材和生物炭混凝土）对碳储存和温室气体减排的潜力，与大气环境遥感技术（如空气质量监测、卫星观测、大气成分分析、气溶胶反演）没有直接关系。,"['structural wood', 'biochar-based concrete', 'carbon storage', 'GHG emissions', 'urban building scenarios']",Alessio Mastrucci;Dominik Steinberger-Maierhofer;Xiaoyang Zhong;Nicolas Alaux;Felix Creutzig;Florian Maczek;Merle Quade;Martin Röck;Di Sheng;Matthew J Gidden;Bas van Ruijven,Carbon storage and mitigation potential of structural wood and biochar-based concrete in global urban building scenarios,"Urbanization is accelerating globally, increasing material demand and associated greenhouse gas (GHG) emissions. Bio-based construction materials can store biogenic carbon within buildings over long periods, yet their net climate change mitigation potential, interaction with circular strategies, and feasibility remain uncertain. Here, we assess biogenic carbon storage and net embodied GHG emissions in global urban building stocks between 2020 and 2100 under material substitution scenarios including structural wood and biochar-based concrete at substitution levels of 10%, 30% and 50%. We further explore the mitigation potential of combining these substitution scenarios with sufficiency and circular economy strategies that reduce floor space demand and material flows. We account for biogenic carbon inflows and outflows, embodied emissions, and feasibility considerations. We find that substituting conventional construction systems with structural wood results in cumulative net carbon storage of 11.0–24.8 GtCO2eq by 2100. These scenarios reduce cumulative net embodied GHG emissions by 20–100 GtCO2eq (−8% to −40%) compared to current construction practices, due to both lower embodied emissions and higher net carbon storage associated. In contrast, substituting with biochar-based concrete achieves more limited cumulative net carbon storage of 7.9–14.5 GtCO2eq and reduces cumulative net embodied emissions by up to 8 GtCO2eq (−4%), constrained by feasible substitution rates in cement needed to maintain structural performance. Combining material substitutions with sufficiency and circular strategies delivers the greatest mitigation potential, lowering cumulative net embodied emissions by up to 64% for wood and 41% for biochar by 2100. Achieving the full carbon storage potential without complementary sufficiency and circular strategies would require substantial expansion of biochar supply, while the feasibility of wood-based storage depends strongly on the level of material substitution. These findings clarify the potential, limits, and feasibility of biogenic carbon storage in urban buildings worldwide."
10.1088/1748-9326/aea353,True,Environmental Research Letters,该论文研究的是海岸带生态系统中生物CO2吸收与缺氧之间的关系，涉及了水体的分层现象对氧气浓度的影响，这与大气环境遥感技术中的空气质量监测和海洋成分分析密切相关。虽然论文没有直接提到遥感技术，但其研究内容（如水体分层、氧气浓度变化）与遥感监测的海洋环境参数相关，因此可以认为它 strongly related to atmospheric environmental remote sensing technology.,"['biological CO2 uptake', 'bottom-water oxygen depletion', 'stratification']",Qian-Qian Liu;Cui-Zhi Sun;Quan-Long Li;Hao-Zhen Liu;Wen-Ting Shi;Xue-Ming Zhu;Xiao-Bo Zhang;Ke-Dong Yin;Wei-Dong Zhai,Stratification-conditioned nonlinear coupling between biological CO2 uptake and coastal oxygen depletion,"Coastal eutrophication enhances biological CO2 uptake but also intensifies bottom-water oxygen depletion, creating a fundamental sustainability trade-off that remains poorly constrained in coastal systems. Based on four cruises (2023–2024) in coastal waters off the Pearl River Estuary, we examined the relationship between surface phytoplankton biomass (particulate organic carbon (POC) and Chl a) and bottom-water dissolved oxygen (DO). Our results reveal three distinct regimes. In State 1, bottom-water DO declines linearly with log-transformed surface POC, reflecting spatial coupling between production and respiration under moderate stratification and providing a baseline for eutrophication-driven DO depletion. In State 2 (hypoxic stations), DO deviates from this relationship, exhibiting much lower values than predicted by POC alone. These hypoxic sites show stratification intensity similar to State 1 stations with comparable POC, but are located within the salt wedge with prolonged residence time, suggesting that stratification duration—rather than intensity alone—plays a critical role in driving the nonlinear transition toward hypoxia. In State 3, weak stratification permits efficient physical re-supply of oxygen, weakening the negative correlation between bottom-water DO and phytoplankton biomass. Surface pCO2 covaries negatively with surface POC and Chl a, and positively with bottom-water DO, indicating a stratification-conditioned carbon–oxygen coupling. This coupling is temporally lagged due mainly to carbonate buffering, which explains why pCO2 does not diverge from the baseline under hypoxia in the same way as POC does. Together, these results highlight a trade-off between phytoplankton-driven CO2 uptake and hypoxia risk, and offer a stratification-conditioned framework for diagnosing nonlinear oxygen responses to both eutrophication and stratification, and for evaluating the sustainability limits of biological CO2 uptake in coastal systems."
10.1088/1748-9326/aea433,False,Environmental Research Letters,该论文主要关注水资源再利用的经济、环境和社交效益评估，与大气环境遥感技术（如空气质量监测、卫星观测、大气成分分析、气溶胶反演）关系不大。,[],Emmanuel Padmore Mantey;Lu Liu,Integrating literature review into a conceptual framework for monetizing water reuse benefits,"Water crisis, driven by scarcity, pollution, and uneven distribution, threatens water security worldwide. Water reuse projects can contribute to sustainable water-management objectives by augmenting water supplies, reducing pressure on freshwater sources, and generating economic, environmental, and social co-benefits when implemented within appropriate hydrological, institutional, regulatory, and governance contexts. However, prevailing evaluation approaches often remain incomplete, emphasizing direct financial gains (e.g. avoided imports and cost savings) while undercounting broader benefits such as energy savings, greenhouse gas reductions, water quality improvements, and flood mitigation. This review addresses these gaps by synthesizing the full spectrum of quantifiable benefits associated with water reuse, organized across three dimensions: (i) economic valuation approaches, (ii) benefit categories spanning water supply, water quality, and flood mitigation, and (iii) sources of water to be reused. Following PRISMA guidance, we screened 7592 records retrieved from Web of Science and included 110 sources (74 peer-reviewed papers and 36 reports) that quantified or qualitatively evaluated reuse benefits. Results show that more than half of the included studies prioritize water supply benefits, while benefits tied to water quality and flood mitigation are comparatively underexamined and inconsistently monetized. Based on the evidence synthesis, we propose a conceptual framework that organizes water reuse benefits into major pathways and links them to measurable indicators, valuation methods, and aggregation considerations. We conclude by outlining research and practice priorities, including the systematic incorporation of water reuse benefits into economic evaluations to strengthen benefit accounting and support decision-makers in maximizing the value of water reuse investments."
10.1088/1748-9326/aea434,False,Environmental Research Letters,该论文主要关注水库监测和存储量变化，虽然使用了卫星数据，但主题与大气环境遥感技术（如空气质量监测、卫星观测、大气成分分析、气溶胶反演）无关。,"['reservoir', 'satellite storage estimates', 'standardized storage index']",Shalini B,Apparent recovery asymmetry across global reservoir records can be reproduced by index thresholds and persistence,"Reservoir monitoring often emphasizes how quickly storage falls below normal, but the duration of below-normal conditions after the minimum is also relevant to water security. Using monthly satellite storage estimates for 6 819 reservoirs from 1999–2018, we construct a monthly standardized storage index (SSI) and identify events by run theory. The conventional whole-month ratio is defined only for events with a nonzero development phase because 47% of complete events reach their trough in the entry month; its reservoir-level median is 1.5. For the same resolvable events, linear interpolation of the entry and exit crossings reduces the median ratio to 1.15. Treating source-interpolated months as missing reduces the whole-month median to 1.0. Using SSI = −1 for both entry and exit reduces the whole-month and continuous ratios to approximately 1.0. A first-order autoregressive [AR (1)] null fitted using each reservoir’s lag-1 autocorrelation closely reproduces the observed trough position and continuous ratio; for the continuous ratio, the observed-minus-null difference is not statistically distinguishable from zero. Apparent differences among reservoir purposes, capacities and climates are small and change or disappear across metrics. Thus, a longer return phase can arise from serial persistence and the conventional rule that events enter below SSI = −1 but do not end until SSI ⩾ 0. SSI exit duration should therefore be treated as an index diagnostic, not interpreted directly as physical reservoir refill time."
10.1088/1748-9326/aea4c9,True,Environmental Research Letters,该论文研究了德国极端夏季热负荷增加的问题，并开发了基于观测的平均状态偏移（OMS）框架来分析全球变暖对极端热事件的影响。虽然论文没有直接提及遥感技术，但其研究方法（如使用观测数据分析和构建反事实情景）与大气环境遥感技术中的数据分析和模型构建有密切联系，因此可以认为它与大气环境遥感技术具有强相关性。,"['OMS', 'mean-state warming', 'extreme summer heat burden', 'global-warming level', 'heat-risk planning']",Eric Samakinwa;Leon Scheiber;Jan-Christopher Cohrs;Susanne Pfeifer;Diana Rechid,Mean-state warming loads Germany’s extreme summer heat burden,"European summers are warming rapidly, increasing the frequency and intensity of hazardous heat. Here, we quantify how mean-state warming has increased Germany’s extreme summer heat burden and how that risk scales with global-warming level (GWL). We develop OMS (observation-based mean-shift), an observation-based counterfactual framework that preserves observed day-to-day weather variability while shifting only the seasonal mean state. Using OMS, we estimate Germany’s JJA mean-temperature sensitivity to global mean surface temperature (GMST) and translate observed summers to pre-industrial (PI), , and climates by shifting the observed daily JJA series by times the change in GMST. Because only the seasonal mean is adjusted, OMS isolates the weather-preserving mean-state contribution to heat burden while leaving circulation statistics unchanged. Germany exhibits strong regional amplification, with an estimated sensitivity of of local summer warming per of global warming (95% confidence interval: 1.62–3.62). To connect warming to exposure-relevant outcomes, we define the extreme-heat burden (EHD), measured in C d, as the cumulative degrees above a fixed national summer 95th-percentile threshold for 1991–2020. We apply OMS to the selected extreme summers of 2018, 2019, and 2022 within the 2004–2024 study period to construct GWL-consistent counterfactual realizations for each case while retaining intra-seasonal variability. Across all three summers, anthropogenic warming yields a substantial increase in EHD from PI to present-day conditions, with further marked increases toward and . Subnational analyses show coherent increases across all federal states, but substantial heterogeneity in magnitude, highlighting where risk intensifies most strongly as warming progresses. We additionally quantify per-capita EHD using population data and assess distributional equity across states. These observation-based estimates provide a transparent basis for heat-risk planning and adaptation by separating the realized anthropogenic contribution from the additional mean-state burden associated with higher GWLs."
10.1088/1748-9326/aea4ca,True,Environmental Research Letters,该论文研究的是北半球雪覆盖的变化，使用了雪盖现象学框架来分析季节性变化，这与大气环境遥感技术中的雪盖监测和大气成分分析密切相关。,"['snow cover', 'phenology-based framework', 'snow–albedo feedback']",Ramin Faal;Epari Ritesh Patro;Pertti Ala-Aho;Alireza Gohari;Ali Torabi Haghighi,Accelerating retreat of northern hemisphere snow regimes,"Anthropogenic warming is rapidly transforming Northern Hemisphere snow cover, and conventional metrics such as snow mass and season duration fail to capture the full seasonal structure or the pace of ongoing change. Here we introduce a phenology-based framework that characterizes the complete annual snow cover cycle by decomposing it into four temporal features, including snow cover onset, rise to maximum extent, fall from maximum extent, and snow season end, applied to ERA5-Land reanalysis data spanning 1950–2025. Using daily snow cover fraction data across 20–90° N, we combine feature extraction, trend analysis, and unsupervised K-means clustering to quantify both gradual phenological shifts and nonlinear changes in snow regime area and latitude. We show that snow cover change exhibits strong seasonal asymmetry, with melt-phase timing advancing by 1–4 d per decade across continental Eurasia and Europe, while accumulation-phase trends remain less prominent. Unsupervised clustering identifies six physically coherent snow regimes ranging from low-persistence to near-continuous cover. These regimes reveal accelerating degradation over the 75 year study period, marked by northward shifts of 0.7–2.0° latitude and rapid expansion of low-persistence conditions after 2003. The largest and most statistically consistent changes occur in the timing of spring melt and the duration of continuous maximum snow cover, indicating that losses are driven more by earlier seasonal decay than by delayed autumn onset. These nonlinear regime transitions constitute hemispheric-scale evidence of snow loss consistent with snow–albedo feedback dynamics. This phenology-based framework integrates the internal dynamics of the snow season into a single coherent structure, offering a sensitive and holistic benchmark for evaluating climate-model performance under continued warming and for detecting emerging cryospheric thresholds in a warming climate."
10.1088/1748-9326/aea587,False,Environmental Research Letters,该论文主要关注的是减少超加工食品消费对健康和环境的影响，而不是大气环境遥感技术，如空气质量监测、卫星观测、大气成分分析或气溶胶反演。,[],Christian García-Witulski;Mariano Rabassa;Oscar Melo;Juliana Helo Sarmiento;Valentina Strappa,Health and environmental co-benefits of reducing ultra-processed food consumption in Argentina: a modelling study,"Reducing ultra-processed food (UPF) consumption is widely proposed to improve population health, but whether it also generates environmental co-benefits depends on the foods that replace UPFs in the diet. We developed a comparative risk assessment macrosimulation using nationally representative dietary data from Argentina to estimate the mortality and economic burden attributable to UPF consumption and to evaluate policy-relevant reduction scenarios. The scenarios reduced UPF exposure without replacement or replaced the displaced dietary energy or food mass using alternative baskets, including one aligned with the National Dietary Guidelines. We also decomposed the environmental effects of the guideline-concordant basket by food group. In 2019, UPF consumption was associated with 9823 premature deaths, 349 686 years of life lost, and 0.84 billion international dollars in indirect costs. Under the most ambitious reduction target, alternative replacement baskets averted the same 8747 deaths but produced markedly different environmental outcomes, ranging from improvements in all four environmental indicators to increases in all four. The guideline-concordant basket increased water use and eutrophication while producing little change in greenhouse gas emissions and land use. The food-group decomposition showed that these aggregate outcomes reflected opposing contributions from a small number of foods. Reducing UPF consumption can generate substantial health and economic benefits, but environmental co-benefits are not automatic and depend on the dietary patterns that replace UPFs."
10.1088/1748-9326/aea588,True,Environmental Research Letters,该论文研究了驱动南极降水平均和极端降水的大气现象，涉及大气河流、气旋等现象及其相互作用，这与大气环境遥感技术（如空气质量监测、卫星观测、大气成分分析、气溶胶反演）密切相关，因为这些都是通过遥感技术和大气现象分析来监测和研究的。,"['atmospheric rivers', 'cyclones', 'reanalysis', 'extreme precipitation', 'atmospheric phenomena']",Marco Muccioli;Priscilla A Mooney;Andreas F Prein,Compound atmospheric phenomena driving Antarctic mean and extreme precipitation,"Antarctic precipitation is the dominant positive term in the ice sheet surface mass balance, directly influencing its contribution to global sea level rise. In some coastal and ice-shelf regions, episodic extreme precipitation events can account for more than half of the annual snowfall total; yet while individual atmospheric phenomena such as atmospheric rivers (ARs) and cyclones are known to play important roles, their combined effects remain largely unquantified, as most existing studies focus on the impact of individual drivers. Here, we assess how atmospheric phenomena interact and shape Antarctica’s hydroclimate by applying the Multi-Object Analysis of Atmospheric Phenomena to ERA5 reanalysis over the 2001–2020 period. The algorithm simultaneously detects ARs, mid-level cyclones, anticyclones, atmospheric fronts, and upper-level jets, enabling quantification of their individual and joint contributions to mean and extreme precipitation in Antarctica within a unified framework. Our results reveal that mean and extreme precipitation are linked to broadly the same synoptic-scale systems, with cyclones showing the strongest association throughout the entire analysis domain. However, ARs play a disproportionately large role at the highest precipitation intensities, consistent with their ability to deliver concentrated moisture streams to the Antarctic coastline. Most importantly, an analysis of the 100 events with the highest peak hourly precipitation across coastal and near-coastal Antarctic regions confirms that extreme events are rarely driven by a single phenomenon acting in isolation, with the large majority involving two or more co-occurring systems. ARs, cyclones, and jet streams are consistently the most frequently co-involved phenomena, though the precise magnitude of their co-occurrence is sensitive to the spatial association method used. These findings suggest that evaluating potential changes in co-occurrence patterns among these synoptic-scale systems will be an important consideration for future projections of Antarctic precipitation extremes."
10.5194/acp-26-13103-2026,True,Atmospheric Chemistry and Physics,该论文研究了火灾活动对大气中二氧化碳浓度的影响，使用了卫星观测技术（如IASI）来监测和分析大气成分，特别是8-11公里高度的二氧化碳异常。这与大气环境遥感技术直接相关，涉及空气质量和大气成分分析。,"['IASI', 'CO2', 'fire activity', 'remote sensing', 'atmospheric composition']",Victor Bon;Cyril Crevoisier;Virginie Capelle,Evidence for the impact of fire activity on daily variations of IASI mid-tropospheric CO2 anomalies at 8–11 km over South America: a pyroconvective fingerprint,"To understand how fires influence climate, we need to understand the transport of their emissions. Using satellite observations, we detected day-to-day evolution of carbon dioxide high in the atmosphere (8–11 km) and traced the air back in time to identify fire sources. We showed that carbon dioxide and fire activity daily variability were strongly linked. Also, comparing observation data and a widely used modelling system showed model failed to reproduce the largest events. 
 Biomass burning is a major, highly variable source of atmospheric CO2, but its impact on the free troposphere remains difficult to quantify because of uncertainties in injection heights and transport. In the tropics, intense fires can trigger pyroconvective plumes that loft combustion products to the mid- and upper troposphere. However, most fire emission inventories and global CO2 inversions still assume simplified vertical distributions of CO2 emitted by fires. Weighted columns of CO2 retrieved from remote sensing instruments that are sensitive to such high-altitude enhancements can inform of such dynamics. Here we combine mid-tropospheric CO2 (MT-CO2) retrievals from three IASI instruments with GOES-16 observations of Fire Radiative Energy (FRE) to link daily MT-CO2 anomalies observed by IASI at 8–11 km altitude to South American fire activity during the 2020 burning season, while accounting for long-range horizontal transport of anomalies. From August–October 2020, about 66 % of the detected anomalies originate from long-range or unknown sources and are discarded. For the remaining anomalies attributed to local fires, 72 h back trajectories do intersect with at least one active fire detection for 75 % of them. Their daily sum co-varies strongly with FRE, with the ratio between the two depending on the dominant horizontal transport regime. A comparison with the CAMS inversion-optimised CO2 product (v23r1), sampled with the IASI vertical weighting, shows that the model fails to reproduce both the amplitude and structure of the observed anomalies. Overall, our results demonstrate that IASI MT-CO2 anomalies carry an observational fingerprint of tropical fire activity."
10.5194/acp-26-13121-2026,True,Atmospheric Chemistry and Physics,该论文研究了德里不同NO条件下的大气化学问题，关注夜间N2O5和ClNO2的产生，这与大气环境遥感技术中的空气质量监测和大气成分分析密切相关。,"['N2O5', 'ClNO2', 'air pollution', 'Delhi', 'atmospheric chemistry']",Yijing Chen;Cheng Wu;Epameinondas Tsiligiannis;Ravi Kant Pathak;Jan B. C. Pettersson;Harsh Raj Mishra;Gazala Habib;Geetam Tiwari;Kebin He;Jingkun Jiang;Mattias Hallquist,Enhanced nocturnal N2O5-ClNO2 chemistry in Delhi under reduced NO conditions,"This work extends current understanding of atmospheric chemistry across different NO regimes in Delhi. Field measurements during the early springtime of 2023 show enhanced nighttime production of N2O5 and ClNO2, driven by decreased NO and high particulate chloride concentrations. The inert particulate chloride can be efficiently activated to photolabile gases with the reduction of NO, and contributes to secondary pollution by enhancing atmospheric organics oxidation in Delhi. 
 Nitryl chloride (ClNO2) is an important Cl•  precursor, originating from the heterogeneous reactions of dinitrogen pentoxide (N2O5) on chloride-containing particles. This N2O5-ClNO2 chemical process plays critical roles in chloride activation, nitrate formation, and thus air pollution. Here we present field measurements made in the early springtime of 2023 in Delhi and compare with a previous study conducted during the winter of 2019. We found elevated nocturnal levels of N2O5 and ClNO2, averaging 13 and 80 ppt, respectively, which are approximately doubled compared to observations in 2019. This change is primarily driven by the reduced nighttime NO levels, from 124 ± 25 ppb in 2019 to 44 ± 9 ppb in 2023. In addition, the chloride concentration (nighttime average 4.7 µg m−3) in Delhi is among the highest reported globally, driving efficient conversion of N2O5to ClNO2. Decreased NO and elevated ClNO2 levels lead to higher NO3•  and Cl•  production that promote the oxidation of organics. Consistently, we observed increased fractions of gaseous nitrogen- and chlorine-containing organic products and a higher oxidation state of the organic aerosols. Our findings highlight the need for increased attention to atmospheric secondary pollution and stringent anthropogenic chlorine emissions control under reduced NOx conditions in Delhi."
10.5194/acp-26-13083-2026,True,Atmospheric Chemistry and Physics,该论文研究了东南大西洋地区生物质燃烧气溶胶的辐射特性，涉及卫星观测（ORACLES 4STAR）、地面观测（AERONET）和气溶胶性质分析，与大气环境遥感技术密切相关。,"['biomass burning aerosol', '4STAR', 'Single Scattering Albedo', 'AERONET', 'ORACLES']",Logan T. Mitchell;Connor J. Flynn;Kristina Pistone;Samuel E. LeBlanc;K. Sebastian Schmidt;Hong Chen;Paquita Zuidema;Robert Wood;Jens Redemann,Subseasonal and spatial variability of biomass burning aerosol radiative properties observed over the Southeast Atlantic during ORACLES 2016–2018,"During 2016–2018, NASA conducted an airborne field campaign over the Southeast Atlantic Ocean to study biomass burning aerosols emitted from Southern African fires. We have found that aerosol absorption decreases over the course of the emission season, which is due to a compositional change within black carbon as the source fires shift southeastward, rather than an increase in brown carbon. This aerosol brightening is also noted within a 30-year aerosol climatology from ground-based stations. 
 Biomass Burning Aerosols (BBA) are a source of uncertainty in climate simulations over the Southeast Atlantic. Following emission in Southern Africa, the BBA smoke plume overlies a stratocumulus cloud deck, resulting in aerosol-cloud-radiation interactions that are difficult to observe. During 2016–2018, NASA conducted the ORACLES (ObseRvations of Aerosols above CLouds and their intEractionS) airborne campaigns to constrain BBA uncertainty, employing 4STAR (Spectrometer for Sky-Scanning, Sun-Tracking Atmospheric Research) to retrieve aerosol properties. We use all three months of ORACLES 4STAR sky-scans to investigate the subseasonal variability of BBA radiative properties. Changes in Single Scattering Albedo (SSA) indicate increased scattering relative to extinction as the BBA emission season progresses. We attribute this aerosol brightening to changes in composition, rather than aerosol type, as our Absorption Ångström Exponent analysis provides no evidence for Brown Carbon contributions. SSA from our 4STAR sky-scans is compared against a 30 year climatology from 31 Southern African AERONET (AErosol RObotic NETwork) stations, showing consistent changes in aerosol scattering across land and sea. ORACLES in situ SSA is also examined spatially. Our latitudinal analysis indicates that the September decrease in SSA from 4STAR is affected by the southerly sampling of ORACLES 2016 compared to the other campaigns. Westward gradual increases and sharper decreases in SSA are attributed to late-transport aging processes identified by recent studies. These processes start further eastward in October, in conjunction with the southeastward shift in fires. Understanding these subseasonal and spatial changes in BBA radiative properties has implications for aerosol modelling and validation of satellite products."
10.5194/acp-26-13139-2026,True,Atmospheric Chemistry and Physics,该论文研究了利用差分吸收激光雷达（DIAL）技术监测西藏地区平流层-对流层交换（STE）过程中臭氧向下通量的方法。论文涉及臭氧浓度、垂直观测、以及对流层顶温度变化等关键指标，这些都直接与大气环境遥感技术（如空气质量监测、卫星观测、大气成分分析）密切相关。因此，该论文与大气环境遥感技术高度相关。,"['ozone lidar', 'stratosphere-troposphere exchange', 'air quality monitoring']",Ruichun Dong;Xin Fang;Chengyun Yang;Tao Li,Ozone downward flux revealed by high-resolution differential absorption lidar over Tibet during stratosphere-troposphere exchange,"High-resolution USTC (University of Science and Technology of China) Ozone Lidar observations at Yangbajing, Tibet capture short-lived rapid STE (stratosphere-to-troposphere exchange)-related ozone descent for the first time. Lidar temperature profiles link these events to tropopause thermal variability unresolved by conventional models. Wei’s flux diagnostic and PV (potential vorticity)-threshold sensitivity identify 3 PVU (potential vorticity units) as optimal. ERA5 shows gravity-wave modulation during tropopause folding, and lidar ozone profiles are used to quantify instantaneous cross-tropopause ozone flux. 
 This study characterizes a prominent ozone intrusion event driven by stratosphere-to-troposphere exchange (STE) that occurred on 18–19 October 2017. The analysis is enabled by high spatiotemporal resolution ozone profile observations from the USTC Ozone Lidar deployed at Yangbajing, Tibet (29° N, 99° E). The high-spatiotemporal-resolution lidar observations resolve a series of short-lived, rapid ozone descent episodes during the STE event. Temperature profiles independently retrieved from the simultaneously measured 387 nm N2 Raman signal further reveal a close temporal correspondence between these ozone descent episodes and temperature variations in the tropopause region, with temperature gradients exceeding 8 K km−1 for six of the seven identified episodes. Based on Wei's flux diagnostic and a sensitivity test of PV-based dynamical tropopause thresholds, 3 PVU is adopted as the representative threshold for this event. ECMWF Reanalysis v5 (ERA5) is then used to characterize the spatiotemporal evolution of cross-tropopause mass fluxes over 25–28° N, 95–99° E, showing that the ozone variations observed by the lidar were modulated by gravity waves associated with the tropopause fold. In addition, lidar-measured ozone profiles are incorporated into a cross-tropopause ozone flux calculation framework, yielding an instantaneous peak STE ozone flux of about 3–4×10-10 kgs-1m-2, slightly higher than the corresponding ERA5 value, while maintaining strong agreement in overall flux magnitude and temporal evolution throughout the event. These results show that high-resolution vertical ozone observations and Raman-retrieved temperature profiles from the USTC Ozone Lidar, combined with wind field data, enable accurate quantification of STE-related ozone fluxes. This approach facilitates in-depth investigation of coupled atmospheric composition and dynamical processes."
10.5194/amt-19-5905-2026,True,Atmospheric Measurement Techniques,该论文研究了黄昏时彩色指数最大值的起源及其在云高检索中的应用，涉及大气环境遥感技术，特别是通过卫星观测分析大气成分和气溶胶反演。,"['color index', 'cloud-height retrieval', 'atmospheric remote sensing', 'solar zenith angle', 'Monte Carlo radiative transfer']",Daniel Toledo,On the origin of the twilight color index maximum and its application to cloud-height retrieval,"A single-scattering formulation of the color index is presented to investigate the physical mechanisms governing the CI maximum observed during twilight in the presence of high-altitude clouds. Within this framework, the maximum is shown to occur at the solar zenith angle (SZA) for which the relative SZA-variations of the zenith intensity become equal at the two selected wavelengths. The formulation is validated against Monte Carlo radiative transfer simulations, showing good agreement. 
 A number of previous studies have demonstrated the capability of detecting high-altitude clouds during twilight using the color index (CI), defined as the ratio of zenith intensities at two different wavelengths, typically selected in the visible range or near infrared (NIR). When high clouds are present, a maximum or minimum (depending on the wavelengths selection) is observed in the CI signal (Sarkissian et al., 1991; Toledo et al., 2016). These studies also showed that the solar zenith angle (SZA) at which the CI maximum or minimum occurs (SZAmax) strongly depends on cloud altitude, enabling cloud-height retrieval through comparison with radiative transfer (RT) simulations. Twilight conditions require RT simulations in spherical geometry, which are computationally expensive. In this work, it is introduced a single-scattering formulation of the CI that provides a physically transparent framework for identifying the mechanisms that determine the SZA of the CI maximum and, consequently, the inferred cloud altitude. The simplified formulation is explicitly compared with Monte Carlo RT simulations in spherical geometry and is shown to accurately reproduce the behavior of SZAmax over a wide range of conditions relevant for high-altitude clouds. In particular, the model provides reliable cloud-height estimates for cloud optical depths up to τC≲0.3. Within this single-scattering formulation, it is demonstrated that SZAmax occurs at the SZA for which the relative SZA-variations of the zenith intensity at the two selected wavelengths become equal, thereby explaining the emergence of the extremum in differential terms. However, achieving a well-defined CI extremum requires selecting two wavelengths with sufficient spectral separation, typically spanning distinct regions of the visible–NIR spectrum. To overcome this spectral dependence, it is introduced a Rayleigh-referenced color index (CIR), defined as the ratio between the measured zenith intensity and the corresponding intensity expected for a purely Rayleigh-scattering atmosphere at the same wavelength. This index reproduces the characteristic extrema associated with high-altitude clouds while requiring simulations and observations at only a single wavelength. The proposed formulation facilitates extensive sensitivity studies and provides greater flexibility in spectral selection, particularly in regions affected by gas absorption."
10.5194/amt-19-5923-2026,True,Atmospheric Measurement Techniques,该论文研究了地球关怀（EarthCARE）卫星任务中的ATLID仪器生成的云宏观物理属性产品，并使用机载激光雷达观测进行了验证。这直接与大气环境遥感技术相关，特别是云和气溶胶的卫星观测与分析。,"['ATLID', 'EarthCARE', 'airborne lidar', 'cloud macrophysical properties', 'ATLID Level 2a products']",Konstantin Krüger;Martin Wirth;Athena Augusta Floutsi;David Patrick Donovan;Gerd-Jan van Zadelhoff;Silke Martha Groß,"Validation of cloud macrophysical properties from the ATLID Level 2a products A-TC, A-FM, A-CTH using airborne lidar observations during the HALO missions PERCUSION, ASCCI and NAWDIC","Cloud properties from three ATLID Level 2 products (A-TC, A-FM, A-CTH) of the EarthCARE satellite mission are validated using independent airborne lidar observations collected during satellite underflights in the tropics and extratropics. The products reliably represent cloud pixel distribution and cloud top height; though ice cloud pixels and cloud top height are slightly overestimated. Comparison with a more recent baseline shows improvements, supporting their use for cloud property studies. 
 The Earth Cloud, Aerosol, and Radiation Explors (EarthCARE) satellite mission aims to improve our understanding of cloud–aerosol–radiation interactions in the Earth's climate system. Its Atmospheric Lidar (ATLID) instrument aboard EarthCARE provides important observational data for determining the properties of clouds and aerosols; therefore, thorough validation of ATLID products is a prerequisite for their reliable scientific use. This study evaluates the reliability of selected parameters applicable to study cloud macrophysical properties of three ATLID single-sensor Level 2 products: The “simple classification” of the ATLID Target Classification (A-TC) product, the “feature mask” of the ATLID Feature Mask (A-FM) product, and the “cloud top height” of the ATLID Cloud Top Height (A-CTH) product. We present an independent validation using a comprehensive multi-campaign dataset of airborne high spectral resolution lidar (HSRL) backscatter ratio (BSR) measurements. During each flight at least one coordinated underpass underneath EarthCARE was conducted ensuring high spatial and temporal matching of the spaceborne and airborne lidars. The dataset spans a wide range of tropical and extratropical cloud regimes, enabling robust assessment under diverse atmospheric conditions. The evaluation addresses two main objectives: (i) assessing how well A-TC and A-FM represent the vertical cloud distribution compared to the airborne HSRL observations, and (ii) quantifying the accuracy of A-CTH cloud top heights for different classes of cloud regimes. In general, the vertical cloud distribution observed from the airborne data is well captured by both A-TC and A-FM. However, we found a systematic overestimation of ice cloud pixels by A-TC in Baseline BA. This overestimation is caused by ice clouds that are horizontally and vertically too large, but also, to a certain extent, by aerosol pixels incorrectly classified as ice clouds (at temperature > 0 °C), and to a spurious occurrence of stratospheric aerosol features near the tropopause. A-TC liquid clouds are in very good agreement with the airborne observations. A-CTH exhibits a consistent positive bias in cloud top height of almost 300 m across different cloud regimes, along with occasional low-altitude cloud top detections, particularly over ocean surfaces, suggesting issues in surface assignment. The presented results primarily reflect Baseline BA, while first comparisons with Baseline BC/BD indicate improvements in future processing baselines, including a reduction of low-cloud artefacts in A-CTH, improved cloud phase representation in A-TC, and a strong reduction of misclassified ice clouds in aerosol layers at temperatures > 0 °C. Altogether, the validated ATLID Level 2 products demonstrate a high ability to realistically represent key macrophysical cloud properties – including cloud cover and cloud top height – which confirms their suitability for scientific applications. The identified limitations in the performance of the BA and BC baselines can help users make optimal use of these datasets, point to expected improvements in the upcoming CA baseline, and may support the further refinement of the ATLID Level 2 products."
10.5194/gmd-19-8651-2026,False,Geoscientific Model Development,该论文研究土壤有机质模型，涉及参数优化、模型复杂性和数据可用性等问题，与大气环境遥感技术（如空气质量监测、卫星观测、大气成分分析、气溶胶反演）无直接关联。,[],Marijn Van de Broek;Johan Six,Beyond behavioural models: equifinality and overparameterisation undermine confidence in predictions by soil organic matter models,"Soil organic matter models are characterised by equifinality, the phenomenon whereby multiple parameter sets yield similar results. This study shows that the number of identifiable parameters that can be optimised together is limited, even under data-rich conditions. As a result, overparameterised models show a large variability when simulating future changes. Optimising only identifiable model parameters is therefore necessary to avoid this hidden uncertainty in soil organic matter models. 
 The complexity of soil organic matter models is often not supported by sufficient data for parameter optimisation, resulting in the calibration of more parameters than can be reliably optimised with the available data. This leads to equifinality, the phenomenon that multiple parameter sets generate behavioural models, i.e., similarly well-performing models that cannot be ruled out. As such trade-offs between model complexity and data availability are often overlooked for soil organic matter models, the aim of this study is to assess how equifinality affects the variability of predictions made by behavioural soil organic matter models. The results show that for the model used in this study, the number of identifiable parameters, those that do not compensate for one another, increases with the number of calibration constraints.  However, this number remained limited to five even under the most data-rich scenario considered, including the C and N content of particulate organic matter (POM) and mineral-associated organic matter (MAOM) and their 14C signatures. Furthermore, the size of POM and MAOM could only be accurately simulated when data on these pool sizes were used to optimise parameters, while the turnover rate of MAOM was reliably simulated only when Δ14C data for MAOM were used. Regardless of the type of mathematical equations (e.g., absolute vs. relative Michaelis–Menten kinetics), or the number of optimised parameters, the tested models were able to correctly reproduce the measurements in steady state. However, different model structures led to divergent predictions upon a doubling of organic matter inputs, while the variation in the response of the behavioural models was up to eight times larger for overparameterised models compared to models for which only identifiable parameters were optimised. These results emphasise the necessity of optimising only identifiable model parameters to avoid hidden uncertainty in model predictions."
10.5194/gmd-19-8627-2026,True,Geoscientific Model Development,该论文研究了温度和风在海岸带边界层中的表现，使用了高分辨率快速再分析模型（HRRR）和遥感仪器进行评估，这与大气环境遥感技术（如空气质量监测、卫星观测、大气成分分析、气溶胶反演）密切相关，因为遥感技术在海岸带边界层的监测中发挥着重要作用。,"['marine boundary layer', 'HRRR model', 'remote sensing instruments']",Bianca Adler;Laura Bianco;David D. Turner;Joseph Olson;Xia Sun;Joshua Gebauer;Nicola Bodini;Stefano Letizia;James M. Wilczak,Multi-season evaluation of temperature and wind in the marine boundary layer along the United States northeast coast in the High-Resolution Rapid Refresh model,"Accurate operational forecasts of temperature and wind in the coastal marine boundary layer are important for a wide range of applications. Leveraging data that were collected along the United States northeast coast during a multi-year period for the Third Wind Forecast Improvement project, we investigated the performance of the operational forecast model and identified systematic errors in wind and temperature forecasts that are now being addressed by the model developers. 
 The High-Resolution Rapid Refresh (HRRR) model is run operationally by the National Oceanic and Atmospheric Administration to provide high-resolution short-range forecasts for the continental United States. The evaluation of the HRRR model off of the United States coasts has been challenged by the lack of suitable continuous profile observations in the marine boundary layer in the past. State-of-the art remote sensing instruments were recently deployed along the coast of New England in the northeastern United States for the multi-year Third Wind Forecast Improvement Project and provide a unique opportunity for the evaluation of temperature and wind in the marine boundary layer in the HRRR model. We used 1 year of data at three sites, two of which were on islands, to document the seasonal characteristics of the marine boundary layer and its representation in the HRRR model for different forecast hours. Overall, the HRRR model captured the seasonal and diurnal evolution of temperature and wind very well. However, low-level horizontal wind shear and static stability were too weak in the model, especially during the warmer months. At certain sites, these biases were accompanied by errors in sea surface temperature, suggesting a potential, though localized, link. Low-level jets (LLJs) occurred in approximately 20 % of the hourly profiles with a maximum frequency during spring and summer. Up to 60 % of the LLJ profiles during peak seasons were correctly predicted, using the critical success index as a measure. Systematic model errors in wind and temperature were found during LLJs, when the HRRR model frequently underestimated wind speed at nose height and shear below nose height, often accompanied by static stability that was too weak. These errors resulted in low-level Bulk Richardson numbers that were consistently too large at all three sites, indicating an overestimation of dynamic stability in the boundary layer in the model. Such systematic errors in low-level wind shear and stability were largely absent during correct rejections, that is, when an LLJ was neither observed nor simulated, indicating that LLJs were responsible for a large part of the model errors."
10.5194/gmd-19-8673-2026,True,Geoscientific Model Development,该论文研究了一种结合机器学习模型和物理模型的在线谱 nudging 校正系统，用于改进天气预报，特别是大尺度环流预测。虽然不直接涉及空气质量监测或卫星观测等技术，但其研究内容与大气环境遥感技术密切相关，因为天气预报和大气环流分析是大气环境研究的重要组成部分。,"['machine learning', 'spectral nudging', 'atmospheric circulation', 'weather forecasting', 'hybrid model']",Yong Su;Jincheng Wang;Xueshun Shen;Couhua Liu;Xingliang Li;Jin Zhang;Hao Jing;Yingying Hu,An online spectral nudging-based correction system: improving physical model forecasts by incorporating large-scale  circulations derived from machine learning models,"The traditional weather prediction models improve slowly, while machine learning models struggle with extreme weather and fine details. To address these gaps, we developed an online  Spectral Nudging-based correction system that leverages a machine learning model's skillful large-scale circulation to guide a physical model. This hybrid model enhances large-scale skill while preserving small-scale features, providing a viable pathway for improving operational weather forecasting. 
 The development of traditional numerical weather prediction (NWP) relies on continuous advances in observation technology, data assimilation methods, numerical and parameterization algorithms, and the steady growth of computational resources, resulting in lengthy development cycles and relatively slow improvements in forecast skill. In recent years, machine learning (ML)-based weather forecasting models have advanced rapidly, and in some aspects, outperform traditional physical models, particularly in forecasting large-scale circulation. However, these ML-based models suffer from notable deficiencies, such as over-smoothing in forecasts and inadequate capability for predicting extreme weather events. In this study, an online correction system based on the spectral nudging (SN) method is developed. In this system, the China Meteorological Administration Global Forecast System (CMA-GFS) is used as the underpinning physical model, and a correction term is integrated into the governing equations, such that during numerical integration, the large-scale circulation is constrained to evolve toward the forecasts produced by the ML model FuXi. In this proof-of-concept study, both of the CMA-GFS and FuXi are initialized with ERA5 data. The performance of the hybrid system on large-scale circulation prediction is comparable to that of the FuXi model, with a substantial extension of forecast leading time and a marked improvement in the stability of forecast skill. Verification against high-impact weather events, including heavy rainfall and tropical cyclones, demonstrates that the hybrid system integrates the strengths of the FuXi model in forecasting circulation patterns, precipitation distribution and tropical cyclone tracks, while preserving the advantages of the CMA-GFS in representing precipitation intensity, tropical cyclone intensity and fine-scale details. This study realizes the independent implementation of the SN method based on a different combination of physical and ML models and further verifies its effectiveness in precipitation and western North Pacific tropical cyclone forecasts, providing additional evidence for potential operational application."
10.5194/gmd-19-8597-2026,True,Geoscientific Model Development,该论文研究的是基于GEFS-aerosols组件的UFS-Chem v1.0统一预报系统，涉及气溶胶粒子对辐射和云形成的直接影响，以及降水如何从大气中去除粒子，这些都是大气环境遥感技术的重要组成部分。论文还提到使用观测和再分析数据评估预报技能，并涉及卫星观测和大气成分分析，因此与大气环境遥感技术高度相关。,"['aerosol', 'satellite observations', 'atmospheric composition analysis']",Li Zhang;Haiqin Li;Georg A. Grell;Partha S. Bhattacharjee;Gonzalo A. Ferrada;Benjamin W. Green;Shan Sun;Ligia Bernardet;Anders Jensen;Barry Baker;Li Pan;Jian He;Jordan Schnell;Ravan Ahmadov;Samuel Trahan;Dustin Swales;Anning Cheng;Fanglin Yang;Rebecca H. Schwantes;Brian C. McDonald;Dominikus Heinzeller;Shobha Kondragunta,Development of the CCPP-based GEFS-aerosols component  in the Unified Forecast System for subseasonal prediction (UFS-Chem v1.0),"Based on the operational Global Ensemble Forecast System-Aerosols at the National Centers for Environmental Prediction, we developed an upgraded system using the Common Community Physics Package framework that allows aerosol particles to directly influence radiation and cloud formation, including how precipitation removes particles from the atmosphere. Evaluation against observations and reanalysis data demonstrates improved forecast skill for weather and subseasonal prediction. 
 The Global Ensemble Forecast System (GEFS) version 12 has been operational at the National Centers for Environmental Prediction since September 2020, with GEFS-Aerosols serving as its global aerosol forecasting member. In 2023, GEFS-Aerosols was upgraded to version 12.3 in operations, incorporating improvements to wet deposition, anthropogenic and biomass burning emissions, aerosol optical depth calculations, and the FENGSHA dust emission scheme. While GEFS-Aerosols provides valuable operational aerosol forecasts on medium-range timescales, its one-way coupling strategy restricts aerosol–atmosphere interactions to prescribed climatological fields, thereby precluding fully interactive aerosol feedbacks for extended-range prediction. To overcome this limitation, we develop the Unified Forecast System coupled with Chemistry (UFS-Chem), which incorporates the Configurable Atmospheric Chemistry (CATChem) library and modeling component to include both aerosol and gas-phase chemistry schemes. In the current UFS-Chem configuration, the aerosol component is based on the operational GEFS-Aerosols v12.3 and implemented using the Common Community Physics Package (CCPP) framework. Relative to GEFS-Aerosols v12.3, UFS-Chem incorporates several enhancements, including inline aerosol radiative feedback, inline large-scale wet deposition, and updated FENGSHA dust scheme. In particular, the integration of inline large-scale wet deposition and aerosol indirect effects through the Thompson aerosol-aware microphysics scheme improves the representation of aerosol–cloud interactions and supports weather and subseasonal-to-seasonal forecasting when fully coupled with ocean, sea ice, land, and wave components. The performance of UFS-Chem in weather and subseasonal prediction is evaluated against reanalysis data, ground-based measurements, and satellite observations. The relative impacts of aerosol radiative and indirect effects on weather and subseasonal predictions are investigated and quantified, advancing our understanding of how aerosol–radiation and aerosol–cloud interactions influence forecast skill across timescales."
10.1029/2026GL122293,False,Geophysical Research Letters,该论文主要研究自然海况下破碎波的几何形状，虽然涉及空气-海面相互作用，但与大气环境遥感技术（如空气质量监测、卫星观测、大气成分分析、气溶胶反演）的直接关联性较弱。,"['air-sea interactions', 'wave breaking geometry', 'stereo imagery']",P. V. Guimarães;C. E. Stringari;J.‐F. Filipot;F. Leckler;A. Benetazzo;B. Chapron,Geometry of Breaking Waves Under Natural Sea Conditions,"Wave breaking geometry is critical for understanding air‐sea interactions, yet its characterization in the field remains limited. This study analyzes the geometry of 16,369 active breaking waves, measured via stereo imagery in the Black Sea under diverse conditions. We investigate statistical relationships between key geometric properties, including breaking length, height, and speed. Our results reveal that geometric scaling is not constant but varies with the sea state, challenging established empirical models. The data indicate a weak relationship between breaking speed and wave geometry, while internal geometric properties show stronger linear relations. A subsequent test of self‐similarity, based on a heavy‐tailed log‐normal distribution, confirmed its rarity (4%±2% $4\%\pm 2\%$ of events). This comprehensive geometric description underscores that wave breaking properties are sea‐state‐dependent."
10.1029/2026GL123771,False,Geophysical Research Letters,该论文主要研究海底阶地的形成和保存，涉及波浪侵蚀模型、水深测量等技术，但与大气环境遥感技术（如空气质量监测、卫星观测等）关系不大。,"['wave-erosion model', 'bathymetry', 'marine terraces']",Duhwan Keum;Chang Hwan Kim;Luca C. Malatesta;Wonsuck Kim,Generation and Preservation of Submarine Terraces: Insights From Records Imprinted on the Topography of Dokdo Volcano,"Marine terraces archive sea‐level and tectonic history, yet their relationship to individual highstands remains contentious. While most studies focus on subaerial terraces in uplifting settings, submerged terraces in subsiding settings are less explored. We develop a 1‐D wave‐erosion model and apply it to Dokdo — a subsiding volcanic island in the East Sea (a semi‐enclosed marginal sea bordered by Russia, Korea, and Japan) — using high‐resolution bathymetry to evaluate terrace generation and preservation. Our model captures the primary depths of the observed terrace record, comprising only six features out of ∼35 sea‐level stillstands over the past 600 ky. In a subsiding setting, lowstand terraces show higher preservation potential, yet many are reorganized through reoccupation, merging, and splitting during transgressions, rendering formation age non‐monotonic with water depth. These findings underscore that terrace records on volcanic islands are not simple chronometers, but emergent products of complex morphodynamic interactions between subsidence and sea‐level."
10.1029/2026GL124081,False,Geophysical Research Letters,该论文主要研究南极冰川形成的年代问题，涉及放射性同位素和硅酸盐风化等地质学和环境科学内容，与大气环境遥感技术（如空气质量监测、卫星观测、大气成分分析、气溶胶反演等）没有直接关系，因此相关性较弱。,"['radiogenic hafnium', 'neodymium isotopes', 'silicate weathering', 'Antarctic glaciation']",Keehwan Lee;Franco Marcantonio;Michael Bizimis;Howie D. Scher;Brian W. Romans;Lucien Nana Yobo,New Constraints on the Onset of Antarctic Glaciation From Combined Radiogenic Hafnium and Neodymium Isotopes,"The drawdown of atmospheric CO2 likely triggered Antarctic glaciation during the Eocene‐Oligocene Transition (34 Ma). Accurately constraining this shift from “greenhouse” to an “icehouse” climate is essential for understanding global carbon cycle dynamics. However, conventional proxies often lack the sensitivity to capture the earliest, localized phases of continental ice‐sheet development. In this study, we combined radiogenic hafnium and neodymium isotopes on marine sediments from Ocean Drilling Program Site 689D to track changes in silicate weathering regimes and isolate the enhanced physical weathering signal uniquely associated with glacial grinding. By analyzing the detrital sortable silt fraction, we identified the onset of major Antarctic glaciation between 34.06 and 34.13 Ma. Additionally, our data reveal two distinct precursor glacial events occurring earlier, at approximately 34.19 and 34.41 Ma. These findings provide a more refined chronological framework for one of Earth's most significant climate shifts."
10.1029/2026GL123892,True,Geophysical Research Letters,该论文研究的是磁层顶和磁鞘中的高速喷流对磁重组的影响，涉及等离子体动力学和磁场相互作用，虽然不直接涉及大气环境遥感技术（如空气质量监测、卫星观测等），但其研究对象和使用的MMS观测技术都与大气环境遥感技术中的等离子体和磁场分析相关，因此可以认为与大气环境遥感技术有较强的关联性。,"['magnetic reconnection', 'magnetosheath', 'MMS observations']",Jiuqi Ma;Xinliang Gao;Quanming Lu;Shimou Wang;Jin Guo;Zhongwei Yang;Binbin Tang;Junyi Ren;Rongsheng Wang,Magnetic Reconnection Driven by the Impact of a Magnetosheath High‐Speed Jet,"High‐speed jets (HSJs) are transient structures in the magnetosheath characterized by enhanced dynamic pressure. While recent studies report that HSJs trigger magnetic reconnection at the magnetopause, whether they can directly drive reconnection within the magnetosheath remains an open question. Using Magnetospheric Multiscale (MMS) observations, we provide direct evidence of an HSJ driving magnetic reconnection within the magnetosheath. We show that as an earthward‐moving HSJ interacted with sunward ambient flows, it strongly compressed the local plasma, thereby forming an intense current sheet with a guide field. Within this current sheet, MMS detected clear reconnection signatures, including Hall electromagnetic fields, super‐Alfvénic electron jets, and electron demagnetization near the electron diffusion region. Evaluating diamagnetic drift criteria reveals that this compression overcame theoretical suppression conditions, facilitating the occurrence of reconnection. These results establish HSJs as key drivers of magnetic reconnection in the turbulent magnetosheath."
10.1029/2026GL124294,True,Geophysical Research Letters,该论文使用卫星图像和大气河数据库研究浅层滑坡与大气环境的关系，涉及大气环境监测和遥感技术，特别是滑坡检索和大气河分析，因此与大气环境遥感技术密切相关。,"['satellite imagery', 'atmospheric river', 'landslide retrieval']",Joshua J. Roering;Eliza R. Lawrence;Ries Plescher;Maryn A. Sanders;Deanna Nash;Annette I. Patton;Adelaide Johnson;Aaron Jacobs;Nicolas W. Mathews;Lia Salomon;Stephen McKay;Wolfgang Schwanghart;William Struble;Quinn Aboudara,Shallow Landslides Align With Atmospheric Rivers in Coastal Steeplands,"Rapid, shallow landslides in coastal mountains are triggered by extreme precipitation, shaping topography and impacting human settlements. Using an inventory of >700 landslides mapped from satellite imagery (2009–2024) and an atmospheric river database (1981–2019), this study documents linkages between climatic drivers and the topographic context of landslides on Prince of Wales Island, Southeast Alaska. We observe a strong correlation between landslide occurrence and extreme atmospheric rivers during the autumn months. Notably, landslide initiation zones exhibit a strong directional bias toward the southwest‐to‐southeast, coinciding with the trajectory of landfalling extreme atmospheric rivers. Our frequency ratio analysis demonstrates that landslides are overrepresented on the windward aspect of steep (>35°) slopes at mid‐slope positions which enables us to map relative landslide susceptibility. Potential mechanisms include orographic forcing, wind‐driven precipitation, and forest canopy disturbance. These findings provide a framework for quantifying how slide‐prone landscapes co‐evolve with preferential climate forcing to inform hazard assessment."
10.1029/2026GL124518,False,Geophysical Research Letters,该论文主要研究地中海海域的海洋变化，包括温度和盐度的加速变化，与大气环境遥感技术（如空气质量监测、卫星观测等）没有直接关联。,"['ocean change', 'warming', 'salinification']",Elena Terzić;Ivica Vilibić,Observational Evidence for Accelerated Warming and Salinification Propagating Into the Deep Mediterranean,"Acceleration, rather than a gradual linear response, is emerging as a defining feature of ocean change in the Anthropocene. Surface‐forced warming propagates into the deep ocean over decades to centuries, but semi‐enclosed basins such as the Mediterranean Sea may respond more rapidly. Here, we analyse an in situ Mediterranean‐wide multiplatform data set spanning 1950–2025 and show that warming and salinification of the upper 1,000–2,000 m are not only continuing but accelerating, at increasing rates over the record. Acceleration rates reach up to 0.3°C decade−2 for temperature and 0.1 decade−2 for salinity. Coastal shallow basins exhibit additional acceleration in processes that precondition changes in deep basins, including warming of dense waters that cascade to the deep Mediterranean. These results indicate rapid, ongoing changes in Mediterranean water‐mass properties and position the basin as a natural laboratory for detecting and constraining accelerating ocean change."
10.1029/2026GL123061,False,Geophysical Research Letters,该论文主要关注地壳对构造和岩浆过程的响应，研究的是地壳下界面（莫霍面）的形态及其对大陆裂谷形成的意义。虽然涉及地球物理观测技术，但并未涉及大气环境遥感技术，如空气质量监测、卫星观测、大气成分分析或气溶胶反演等。,"['seismic array', 'Moho', 'receiver functions']",Chunlong Li;Huai Zhang;Yu Jeffrey Gu;Yicun Guo;Pei He;Guangyao Yin;Yaolin Shi,Segmented Moho Uplift and Implications for Magmatic Underplating Beneath the Datong Basin,"Understanding how the deep crust responds to coupled tectonic and magmatic processes is essential for deciphering intracontinental rifting. We apply high‐resolution passive‐source reverse time migration to teleseismic P‐wave receiver functions recorded by a dense seismic array to image the Moho beneath the Datong Basin. Our observations reveal a segmented Moho interface with localized crustal thinning (to 38–39 km), relative to a regional average of ∼40.5 km. Statistical analyses show that intraplate seismicity clusters where the lateral gradient of Moho depth is steep (≥ ${\ge} $0.15, a dip of ∼8.5° ${}^{\circ}$) along the southwestern basin‐bounding normal faults, indicating mechanical coupling between upper‐crustal faulting and localized lower‐crustal deformation. Moho conversion amplitudes are enhanced in the northeastern volcanic area, which are associated with overlying lower‐crustal low‐Vs ${V}_{s}$ anomalies in connection with magmatic underplating. Horizontal extension accommodated by high‐angle normal faulting and magmatic modification therefore dominate the Moho evolution in different segments of the rift."
10.1029/2025GL120999,False,Geophysical Research Letters,该论文主要研究岩浆生成过程中的地球化学问题，涉及岩石学和地球物理学领域，与大气环境遥感技术（如空气质量监测、卫星观测、大气成分分析、气溶胶反演）无关。,[],Mingdi Gao;Yu Wang;Shi‐Dong Guan;Yi‐Xiang Chen;Chao‐Yang Guo;Yi‐Gang Xu,Rodingite‐Derived Melt as a Recipe for Ultra‐Calcic Magmas,"Rodingite is a high‐CaO rock formed by Ca‐rich fluid metasomatism on mafic protoliths. It typically occurs within serpentinite and represents an often‐overlooked constituent of the altered oceanic lithosphere that may be subducted into the mantle. However, the fate of rodingite in the mantle and its role in magma genesis remain poorly constrained. Here we present experimental results on the partial melting of rodingite and subsequent melt–peridotite reaction at 1–3 GPa, 1050–1400°C. Rodingite‐derived melts are characterized by low SiO2 (43.5–45.2 wt%), high CaO (>∼30 wt%) and high CaO/Al2O3 ratios (up to 4.3). Reaction of these melts with mantle peridotite produces mafic melts with elevated SiO2 contents (45.7–49.1 wt%) and high CaO/Al2O3 ratios (1.1–2.2). These reacted melts closely resemble silica‐saturated, ultra‐calcic mafic magmas in arcs, back‐arcs, mid‐ocean ridges and ocean islands, suggesting that rodingite‐derived melts contribute a distinctive Ca‐rich chemical signature to mantle sources tapped by diverse tectonic settings."
10.1029/2026GL122833,False,Geophysical Research Letters,这篇论文研究的是喀斯喀达俯冲带中的慢滑事件及其沿构造线的异质性，主要使用GNSS数据和摩擦模型进行分析。虽然涉及地球物理和地质学的内容，但与大气环境遥感技术（如空气质量监测、卫星观测、大气成分分析、气溶胶反演等）没有直接关系。,"['slow slip events', 'GNSS', 'inter‐SSE coupling']",Yohai Magen;Alice‐Agnes Gabriel;Dave A. May,Along‐Strike Coupling Heterogeneity in Cascadia's Slow‐Slip Zone Constrained by GNSS and Reduced‐Order Rate‐And‐State Friction Modeling,"Slow slip events (SSEs) in the Cascadia subduction zone exhibit along‐strike segmentation, where the central segment has longer recurrence intervals but smaller moments. We quantify the controls on this variability by combining geodetic inter‐SSE coupling inversion with Bayesian inference of a quasi‐dynamic rate‐and‐state friction SSE‐cycle model accelerated by reduced‐order modeling. Our simulations show that effective normal stress controls the SSE recurrence interval, while subduction coupling controls the SSE moment. Our inversion of inter‐SSE GNSS velocities yields comparable inter‐SSE coupling along strike (∼60%–70%), whereas long‐term coupling ranges from near zero in the south to ∼42% in central Cascadia. Transient SSEs recover the full slip deficit in the south but leave persistent deficits of ∼30% and ∼42% of plate convergence in the north and central segments. These results indicate that effective normal stress and inter‐SSE coupling provide a unified geodetic and physics‐based explanation for Cascadia SSE segmentation."
10.1029/2026GL124835,True,Geophysical Research Letters,该论文研究地磁层中凯尔文-亥姆霍兹波（KH波）的昼夜和半球不对称性，以及它们与太阳风-地磁层相互作用的关系。虽然不直接涉及大气环境遥感技术，但地磁层的研究与空间环境密切相关，对理解大气高层现象（如极光、电离层扰动）有间接帮助，这些现象可通过卫星观测进行研究。,"['magnetohydrodynamical', 'Kelvin–Helmholtz waves', 'magnetosphere', 'IMF By']",L. Holappa;K. Nykyri;J. Laitinen;B. Burkholder,IMF By‐Controlled Dawn–Dusk and Hemispheric Asymmetries of Kelvin–Helmholtz Waves and Reconnection Geometry Under Negative Dipole Tilt,"Along with magnetic reconnection, Kelvin‐Helmholtz (KH) waves are the main mechanisms controlling the solar wind‐magnetosphere interaction, enabling plasma transport into the magnetosphere due to secondary reconnection, diffusion and wave‐particle interactions. In this paper we use global magnetohydrodynamical (MHD) simulations for studying how the Kelvin‐Helmholtz instability (KHI) is modulated by interplanetary magnetic field (IMF) By ${B}_{y}$ during negative dipole tilt. We find that KH wave activity on the magnetopause maximizes in the winter hemisphere and at dawn sector for positive IMF By ${B}_{y}$. These asymmetries of KHI are caused by dawn‐dusk asymmetries of velocity shear on the magnetopause and draped IMF in the magnetosheath. These factors are linked to magnetic reconnection geometry, which also creates a broader boundary layer, slowing the growth of KHI at dusk for positive By ${B}_{y}$. These results are important, for example, for understanding field‐aligned currents generated by KH vortices and their ionospheric effects during different seasons and IMF conditions."
10.1029/2026GL123584,True,Geophysical Research Letters,该论文研究的是利用深度学习技术进行中程海表温度（SST）预测，虽然主要关注海洋环境，但海表温度是大气环境的重要组成部分，其预测与分析与大气环境遥感技术（如卫星观测、大气成分分析）密切相关。因此，该论文与大气环境遥感技术有较强的关联性。,"['Sea Surface Temperature (SST)', 'deep learning', 'Earthformer', 'autoregressive forecasting']",Nanxiang Huang;Jiangnan He;Wenfang Lu;Young‐Heon Jo,Achieve Medium‐Range SST Forecast by Rolling 1‐Day Deep Learning,"Deep learning has revolutionized short‐term Sea Surface Temperature (SST) forecasting, but often struggles with cumulative error propagation and operational complexity in medium‐range predictions. To achieve lightweight and temporally continuous SST forecast, this study introduces two novel training strategies, Rolling Training and Multistep Training, to optimize autoregressive forecasting within an Earthformer neural network. By enforcing a consistent 1‐day rolling inference process, our framework eliminates temporal discontinuities and forecast ambiguity inherent in traditional Sequence‐to‐Sequence (Seq2Seq) models. We validate this optimized model, named Multi‐Earthformer, using OISST data and verify its robustness against independent in situ Argo observations. Results demonstrate that Multi‐Earthformer significantly enhances predictive skill beyond 15‐day lead times, suppressing seasonal systematic biases and maintaining stable, quasi‐linear error growth. Our approach offers a lightweight, physically intuitive paradigm that bridges the gap between daily synoptic variability and subseasonal‐to‐seasonal evolution, providing a scalable solution for reliable marine forecasting without the computational burden of traditional multi‐model ensembles."
10.1029/2026JD046330,True,Journal of Geophysical Research: Atmospheres,该研究涉及海表温度（SST）的年际变化模拟，使用了耦合大气-海洋模型，并与观测结果进行了对比，这属于大气环境遥感技术中的海洋成分分析范畴。,"['Sea Surface Temperature (SST)', 'ocean dynamics', 'atmosphere-ocean models']",Wei Si;Hailong Liu;Minghua Zhang;Xingwen Jiang,An Investigation of the SST Annual Cycle in the Eastern Equatorial Pacific in CAS‐ESM2‐0,"Coupled atmosphere‐ocean models exhibit significant biases in simulating the Sea Surface Temperature (SST) annual cycle, with substantial inter‐model discrepancies. The Chinese Academy of Sciences Earth System Model (CAS‐ESM2‐0), as one of the models contributing to the Coupled Model Intercomparison Project Phase 6 (CMIP6), displays a more pronounced SST annual cycle in the eastern equatorial Pacific when compared with observations. This study investigates the main components of the ocean mixed layer heat budget in this model and physical processes responsible for the SST bias using a diagnostic approach with controlled numerical experiments. We found that ocean dynamics dominates the model's SST annual cycle and its bias relative to observations, and the biases in ocean currents are caused by the annual cycle bias of surface winds in the standalone atmospheric model. Anomalous westerly bias in the boreal winter (DJF) drives eastward ocean currents, leading to meridional convergence of ocean currents and downwelling, thus excessive warming, while anomalous easterly in the boreal summer (JJA) drive divergence and upwelling that produce excessive cooling. The thermodynamics, although having a large impact on the SST heat budget, plays a passive role and a negative feedback in the model: It responds to SST, and the higher the SST, the larger the loss of the heat content of the mixed layer. The negative feedback is from both the latent heat flux and the shortwave radiation modulated by variations in clouds. These results offer insights into the causes of the equatorial Pacific SST annual cycle biases in coupled models."
10.1029/2026JD047482,True,Journal of Geophysical Research: Atmospheres,该论文研究楚科奇海夏季海冰减少趋势的减缓现象，涉及海表温度、大气环流和海冰浓度的相互作用，属于大气环境遥感技术中的大气成分分析和海冰监测范畴。,"['sea ice concentration', 'boundary current synchronization', 'Arctic Oscillation', 'westerly jet', 'atmospheric general circulation model']",Menghao Dong;Cheng Sun;Peilong Yu;Juan Feng;Linfeng Shi;Wei Lou;Zichen Song;Yihua He;Yibing Tong,Cross‐Basin Synergistic Effects Stall Summer Sea Ice Decline in the Chukchi Sea,"Although global mean surface temperatures have risen rapidly, summer sea ice loss in the Chukchi Sea has exhibited an anomalous deceleration since the early 2000s. Using observations and numerical experiments, we show that this trend deceleration is closely linked to the synchronized sea surface temperature (SST) between the Kuroshio Extension (KE) and Gulf Stream (GS), known as boundary current synchronization (BCS). The BCS index is significantly correlated with Chukchi sea ice concentration (SIC) (r = 0.58, p < 0.01), and the trend slowdown disappears after removing the BCS signal. Critically, concurrent basin warming nearly triples the SIC response relative to single‐basin warming, revealing a pronounced synergistic effect. Synchronous SST warming excites a zonally symmetric Arctic Oscillation (AO)‐like circulation pattern, producing a low‐pressure anomaly over the Chukchi Sea that drives anomalous northerly winds and sea ice convergence. Concurrently, the associated increase in cloud cover reduces downward shortwave radiation, suppressing melt and reinforcing near‐surface cooling through the ice–albedo feedback. Atmospheric general circulation model (AGCM) experiments confirm that the synchronous SST forcing drives a poleward shift and intensification of the westerly jet, which in turn excites the summer AO‐like circulation response. These mechanisms are further corroborated by CMIP6 piControl simulations, which successfully reproduce both the BCS–SIC linkage and the synergistic effects, confirming that the relationship can arise from internal variability. Our findings highlight the critical role of cross‐basin SST synchronization in modulating Arctic sea ice variability by generating synergistic atmospheric responses through hemispheric‐scale teleconnections."
10.1029/2025EF007642,False,Earth's Future,该论文主要关注中国农业系统中作物和畜牧业生产的联合空间优化和管理，虽然提到了氮流失、污染物排放和温室气体等环境问题，但并未涉及大气环境遥感技术、空气质量监测、卫星观测或大气成分分析等具体技术，因此与大气环境遥感技术相关性不强。,"['nitrogen losses', 'pollutant emissions', 'greenhouse gases']",Biao Luo;Fan Zhang;Yongqiu Xia;Hongru Wang;Tiangang Yuan;Lina Luo;Chen Wang;Baojing Gu;Amos P. K. Tai,Transforming China's Food Systems Through Joint Spatial Optimization and Management of Crop‐Livestock Production,"The spatial segregation of crop and livestock production in China, a cornerstone of its agricultural industrialization, has created critical challenges for achieving sustainable food systems. However, the spatial segregation of crop and livestock systems driven by industrialization and market forces has led to inefficient resource use, excessive nitrogen losses, and growing environmental burdens, particularly in China. Here, we develop a nationally scalable, multi‐objective joint spatial optimization framework that integrates enhanced nitrogen management strategies in both crop and livestock production. Applying this framework across 355 Chinese cities, we identify spatial configurations that can simultaneously boost grain yields (by 2.27%–5.64%), maintain farmer incomes, and substantially reduce pollutant emissions, including ammonia (by 0.7%–46.8%), nitrate leaching (1.1%–35.3%), and greenhouse gases (0.58%–8.03%). These improvements are strongest when spatial optimization is paired with integrated crop‐livestock management. Our analysis further reveals optimal relocation strategies for key crops and monogastric livestock, offering actionable pathways to rebalance food production and reduce regional pollution disparities. This work demonstrates the untapped potential of spatial planning to unlock synergies among food security, environmental sustainability, and rural development, providing a scalable blueprint for food system transformation in China and beyond."
10.1029/2026GH001893,False,GeoHealth,该论文主要研究气候变化对登革热发病率的影响，虽然涉及气候监测（如温度、降雨量、相对湿度等），但并未明确提及大气环境遥感技术，如空气质量监测、卫星观测或气溶胶反演等。因此，它与大气环境遥感技术的关联性不强。,"['climate variability', 'dengue incidence', 'machine learning']",Yacob Sophia;Mathew Koll Roxy;Surendranath Bindu Vaisakh;Pallipurathu Raghunathan Nair Sreelakshmi;Thekkumkara Surendran Anish;Pillaveetil Sathyadas Indu,"Climate Informed Dengue Prediction and Future Risk Under a Changing Monsoon Climate in Kerala, India","Dengue fever has emerged as a major public health threat in India, with its burden projected to rise under climate change. This study investigates the influence of climate variability on dengue incidence in Kerala, a dengue hotspot in southern India, using 14 years of climate and dengue data (2006–2019). Temperature, monsoon rainfall and its active‐break phases, relative humidity (RH), and the El Niño–Southern Oscillation are identified as key climatic predictors of dengue transmission in the region. Dengue seasonality in Kerala closely follows its rainfall cycle, with cases rising in May and peaking during the southwest monsoon (June–September), reaching a maximum in June–July. To capture the nonlinear and combined relationships between climatic predictors and dengue incidence, several machine learning (ML) models were trained and evaluated, with the XGBoost regression model showing the best predictive performance (R2 = 0.72, Normalized Root Mean Square Error = 0.53). Locally, warmer temperatures (30.5–32.5°C) and moderate humidity (66%–79%) during the pre‐monsoon season, together with moderately high rainfall (180–450 mm/month) during the monsoon season, favor high dengue incidence. Remotely, El Niño–like conditions increase dengue incidence by shifting large‐scale circulation toward warmer and drier pre‐monsoon conditions over Kerala, while La Niña–like conditions have the opposite effect, providing about 3 months of potential predictability. Future simulations from Coupled Model Intercomparison Project Phase 6 models project an increase in dengue incidence by 16%–20% in the near future (2021–2040) and 46%–113% in the far future (2081–2100) under low‐to‐high emission pathways. These findings highlight the need for climate‐informed dengue early warning and future risk planning in Kerala."
10.1038/s41586-026-11134-x,False,Nature,该论文标题和摘要均与大气环境遥感技术无关，而是关于胰腺癌中酶基因缺失的研究。,[],Prasenjit Dey;Joelle Baddour;Florian Muller;Chia Chin Wu;Huamin Wang;Wen-Ting Liao;Zangdao Lan;Alina Chen;Tony Gutschner;Yaan Kang;Jason Fleming;Nikunj Satani;Di Zhao;Abhinav Achreja;Lifeng Yang;Jiyoon Lee;Edward Chang;Giannicola Genovese;Andrea Viale;Haoqiang Ying;Giulio Draetta;Anirban Maitra;Y. Alan Wang;Deepak Nagrath;Ronald A. DePinho,Author Correction: Genomic deletion of malic enzyme 2 confers collateral lethality in pancreatic cancer,"Author Correction: Genomic deletion of malic enzyme 2 confers collateral lethality in pancreatic cancer 
 "
10.1038/d41586-026-02898-3,False,Nature,该论文标题和摘要讨论的是行星（水星）随年龄收缩的现象，与大气环境遥感技术（如空气质量监测、卫星观测、大气成分分析、气溶胶反演）无关。,[],,Mercury is shrinking with age — faster than thought,"Impacts by space objects have obscured some of the evidence of the planet’s contraction over the past 4.5 billion years. 
 Impacts by space objects have obscured some of the evidence of the planet’s contraction over the past 4.5 billion years."
10.1038/d41586-026-02896-5,False,Nature,该文章的主题是关于学校餐食计划对非洲国家居民收入的影响，与大气环境遥感技术（如空气质量监测、卫星观测、大气成分分析、气溶胶反演等）无关。,[],,Schoolhouse meals serve up an income bump,"Modelling shows a link between feeding programmes and higher potential earning in five African nations. 
 Modelling shows a link between feeding programmes and higher potential earning in five African nations."
10.1038/d41586-026-02913-7,False,Nature,该论文与大气环境遥感技术无关。标题和摘要主要讨论的是使用AI来帮助科学家改进大型语言模型以进行寿命研究，并阐明“生物年龄”的概念，这与空气质量监测、卫星观测、大气成分分析或气溶胶检索等技术没有直接关系。,[],Heidi Ledford,How fast are you ageing? Ask AI,"A new system will help scientists to refine large language models for longevity research and clarify ‘biological’ age. 
 A new system will help scientists to refine large language models for longevity research and clarify ‘biological’ age."
10.1038/d41586-026-02621-2,False,Nature,该论文与大气环境遥感技术无关。标题和摘要涉及的是考古学，特别是关于图坦卡蒙墓和娜芙蒂蒂墓葬的地质探测，而非空气质量监测、卫星观测或大气成分分析等遥感技术领域。,[],Jo Marchant,Exclusive: New evidence for hidden chambers beyond Tutankhamun’s tomb,"Geophysical survey yields ‘tantalizing’ data that could point to Nefertiti’s burial place – but it’s too early to draw definitive conclusions. 
 Geophysical survey yields ‘tantalizing’ data that could point to Nefertiti’s burial place – but it’s too early to draw definitive conclusions."
10.1038/d41586-026-02911-9,False,Nature,该论文研究的是大脑在决策时神经活动的变化，与大气环境遥感技术（如空气质量监测、卫星观测、大气成分分析、气溶胶反演）无关。,[],Miryam Naddaf,Take a risk or play it safe? Neuronal tug-of-war helps the brain decide,"Using a video game involving bombs and treasure chests, researchers show how neural activity flickers between two regions of the frontal cortex when the brain weighs up a tricky decision. 
 Using a video game involving bombs and treasure chests, researchers show how neural activity flickers between two regions of the frontal cortex when the brain weighs up a tricky decision."
10.1038/d41586-026-02954-y,False,Nature,该论文研究的是人工智能在药物发现中的应用，与大气环境遥感技术（如空气质量监测、卫星观测、大气成分分析、气溶胶反演）无关。,[],Ewen Callaway,How a team of AIs discovered a promising lung-cancer drug,"Researchers developed a ‘virtual biotech’ made up of as many as 37,000 agents reporting to an 'chief scientist'. 
 Researchers developed a ‘virtual biotech’ made up of as many as 37,000 agents reporting to an 'chief scientist'."
10.1038/d41586-026-02910-w,False,Nature,该论文与大气环境遥感技术无关。标题和摘要讨论的是人工智能（AI）领域的争议，特别是OpenAI关于Navier-Stokes方程的声明，以及AI聊天机器人如何影响研究人员的知识共享。没有提及任何与空气质量监测、卫星观测、大气成分分析或气溶胶反演相关的技术或概念。,[],Davide Castelvecchi,Who gets credit in the AI era? OpenAI maths bombshell sparks debate,"Controversy around OpenAI’s claim to have solved the Navier–Stokes problem highlights how researchers could be inadvertently sharing — and absorbing— ideas through chatbots. 
 Controversy around OpenAI’s claim to have solved the Navier–Stokes problem highlights how researchers could be inadvertently sharing — and absorbing— ideas through chatbots."
10.1038/s41467-026-77760-1,False,Nature Communications,该论文研究的是Omaveloxolone分子对STING通路的降解作用，与大气环境遥感技术（如空气质量监测、卫星观测、大气成分分析、气溶胶反演）无关。,[],Jingyi Zhou;Xinyi Ma;Bing Jiang;Zisheng Fan;Penghua Li;Qi Dai;Yajie Wang;Min Wu;Qibang Sui;Ning Ma;Ruirui Yang;Haiwei Shen;Jingyi Meng;Manlin Huang;Zhiming Ge;Jiusheng Lin;Dan Teng;Mingyue Zheng;Sulin Zhang,Omaveloxolone functions as a molecular crowbar-like degrader of STING to alleviate aging-related inflammation,"Aging-related inflammation can have excessive activation of the STING pathway as some of its features. Here the authors look at the function of Omaveloxolone and show this compound binds to the base of the STING ligand-binding domain and destabilises STING leading to STING K27-linked ubiquitination and proteasomal degradation and show Omaveloxolone reducing aging associated inflammation in aged male mice. 
 Aberrant activation of the STING signaling pathway is involved with aging-related inflammation, yet no STING-targeting therapeutics are clinically approved. Here, we identify Omaveloxolone, an FDA-approved drug for Friedreich’s ataxia, as a potent STING degrader (DC50 = 118 nM, Dmax = 98.6%) via high-throughput screening. Omaveloxolone binds non-covalently to the base of the STING ligand-binding domain (LBD) with high affinity (KD = 21.4 nM) and exhibits crowbar-like behavior consistent with STING conformational destabilization: it hinders LBD closure, increases hydrophobic exposure, and reduces thermal stability. This conformational perturbation is proposed to enhance recognition by the E3 ubiquitin ligase HUWE1, leading to K27-linked ubiquitination at STING lysines K236/K347/K370 and proteasomal degradation. In vivo, Omaveloxolone depletes STING, suppresses downstream inflammatory signaling, and ameliorates aging-related inflammatory phenotypes in aged male mice. Because Omaveloxolone is also an established NRF2 activator, these in vivo benefits likely reflect dual modulation of inflammatory and antioxidant pathways. This study implicates Omaveloxolone as a molecular crowbar-like STING degrader and provides a mechanistic framework for targeting STING via conformational perturbation. Aging-related inflammation can have excessive activation of the STING pathway as some of its features. Here the authors look at the function of Omaveloxolone and show this compound binds to the base of the STING ligand-binding domain and destabilises STING leading to STING K27-linked ubiquitination and proteasomal degradation and show Omaveloxolone reducing aging associated inflammation in aged male mice."
10.1038/s41467-026-77805-5,False,Nature Communications,该研究主要关注单原子催化剂在过碘酸盐活化中的应用，涉及电化学分析和污染物去除，但未涉及大气环境遥感技术，如空气质量监测、卫星观测或大气成分分析等。,"['single-atom catalysts', 'periodate activation', 'electrochemical analyses']",Sijia Jin;Xiaofeng Tang;Zhiqiao He;Shuang Song;Yaqi Cai;Haiyan Zhang;Bo Lai;Tao Zeng,Enzyme-mimicking peripheral substituents beyond the second coordination sphere tune single-atom catalysts for periodate activation,"The study completes the enzyme analogy beyond the second coordination sphere through distal-pocket control of single-atom Fe centers, directing periodate activation toward electron-transfer polymerization and iodate-leakage-free wastewater treatment. 
 Single-atom catalysts (SACs) are promising enzyme-mimetic active centers, yet mimicking long-range regulation by distal binding pockets in natural metalloenzymes remains challenging. Here, we synthesize conjugated organic SACs bearing tunable peripheral substituents beyond the second coordination sphere (denoted as R-FeSAC; R = F, H, or NH2) to regulate periodate (PI) activation. F-FeSAC outperforms its H- and NH2-substituted counterparts because long-range electronic regulation reconfigures the Fe-site microenvironment and strengthens PI adsorption and activation. In situ Raman spectroscopy, galvanic oxidation assays, and electrochemical analyses show that R-FeSAC activates PI to form high-potential metastable intermediates, enabling a direct electron-transfer pathway (ETP) for selective pollutant removal through polymerization, rather than radical or singlet-oxygen pathways. Fluorine substitution reinforces Fe–O interaction with PI and accelerates electron-transfer kinetics through an electron-withdrawing effect. Consistent relationships among pollutant half-wave potentials (φ1/2), LUMO(catalyst/PI)–HOMO(pollutant) energy gaps, and degradation reactivity further support the ETP and indicate that pollutant electron-donating ability governs selectivity. Moreover, an F-functionalized membrane exhibits enhanced durability during continuous-flow operation, while a pilot-scale ETP reactor achieves efficient pollutant degradation in real wastewater without iodate leakage. These findings establish beyond-second-sphere peripheral functionalization as an enzyme-inspired strategy for PI activation and polymerization-mediated water purification. The study completes the enzyme analogy beyond the second coordination sphere through distal-pocket control of single-atom Fe centers, directing periodate activation toward electron-transfer polymerization and iodate-leakage-free wastewater treatment."
10.1038/s41467-026-77824-2,False,Nature Communications,该论文主要关注环境正义筛查工具的方法学变化及其对弱势社区指定的影响，不涉及大气环境遥感技术，如空气质量监测、卫星观测、大气成分分析或气溶胶检索等。,"['environmental justice', 'disadvantaged communities', 'socioeconomic burdens']",Thomas Robbins;Qingran Li;Stephen Bird;Susan E. Powers,Methodological Variations in Environmental Justice Screening Tools and Their Impact on Disadvantaged Community Designations,"Environmental justice screening tools use different methods to designate disadvantaged communities. This study finds substantial variation in designations across tools and shows that method choices can shape outcomes in ways rarely made transparent. 
 Government agencies in the United States have developed environmental justice screening tools (EJSTs) and designations to promote equitable distribution of benefits from environmental policies to disadvantaged communities (DACs). However, the methodological choices embedded in these tools, including the selection, weighting, and aggregation of environmental justice indicators, vary across EJSTs, and their implications for DAC designation outcomes are poorly understood. Here we systematically compare four EJSTs at the federal and state levels and show that these tools produce substantial variation in the DAC census tracts, with some tools emphasizing socioeconomic burdens while others prioritize environmental risks. Using quantitative regression models, we further show that indicator weighting and other design choices shape final DAC designations in ways that are not always made explicit. These findings highlight the need for greater transparency in EJST methodological choices to support informed policymaking and public understanding of DAC eligibility. Environmental justice screening tools use different methods to designate disadvantaged communities. This study finds substantial variation in designations across tools and shows that method choices can shape outcomes in ways rarely made transparent."
10.1038/s41467-026-77725-4,False,Nature Communications,该论文研究的是心脏再生与免疫反应的关系，与大气环境遥感技术无关。,[],Esra Sengul;Helen G. Potts;Ryan D. Carter;William T. Stockdale;Laura Bevan;Maria Nozdrina;Jun Ying;Konstantinos Lekkos;Rita Alonaizan;Zhilian Hu;Abigail Goodship;Lucy O’Byrne;Madeleine E. Lemieux;Rebecca Richardson;Mathilda T. M. Mommersteeg,Absence of a prolonged macrophage and B cell response inhibits heart regeneration in <i>the Mexican cavefish</i>,"The immune response is important after cardiac injury and may mediate scarring vs. regeneration. Here they show that the regenerative response involves a two-phase immune response in regenerative Mexican cavefish that is not seen in non-regenerative cavefish but partially shared with zebrafish. 
 A balanced immune response after cardiac injury is crucial to successful heart regeneration, but knowledge of what distinguishes a regenerative from a scarring response is still limited. The Mexican cavefish Astyanax mexicanus provides a unique comparative model to study heart regeneration and scarring within a single species. Astyanax surface-dwelling fish are capable of heart regeneration, whereas, like the human heart, their cave-dwelling Pachón counterparts form a permanent scar. Using single-cell transcriptomics and immune perturbations, we identify two distinct and largely sequential immune mechanisms driving regeneration in surface fish. First, late-present macrophages are actively phagocytic, and pharmacological inhibition of phagocytosis disrupts scar clearance and regeneration. Second, B cells recruited from 7 days post-injury promote cardiomyocyte cell progression into mitosis, and their inhibition with Acalabrutinib significantly impairs cardiomyocyte proliferation and regeneration. This B cell-dependent mechanism is conserved in zebrafish. Our findings reveal two independent late immune mechanisms distinguishing regenerative from non-regenerative cardiac repair, offering insights for potential therapeutic strategies to enhance heart regeneration in mammals. The immune response is important after cardiac injury and may mediate scarring vs. regeneration. Here they show that the regenerative response involves a two-phase immune response in regenerative Mexican cavefish that is not seen in non-regenerative cavefish but partially shared with zebrafish."
10.1038/s41467-026-77772-x,False,Nature Communications,该论文主要关注拉丁美洲的电力系统整合和政治问题，与大气环境遥感技术（如空气质量监测、卫星观测、大气成分分析、气溶胶反演）没有直接关系。,[],Luis Ramírez;Gerardo Blanco;Felipe Sepulveda;Luiz Barroso;Wilfredo C. Flores;Rodrigo Moreno,Climate urgency enables political alignment for Latin American power integration,"Modelling of Latin America’s power systems shows that continued political fragmentation raises costs by up to 7% and weakens resilience to drought, while regional grid integration could save 32 billion USD a year and sharply cut emissions by 2045. 
 Political fragmentation continues to block urgently needed power integration in Latin America, despite the region’s vast renewable energy potential. Using the Multiple Streams Approach, this study argues that the escalating climate crisis now acts as a focusing event, aligning a pressing energy problem, viable integration solutions, and growing political will. This alignment signals that a policy window is open. This study combines the Multiple Streams Approach with system modeling to quantify overlooked political costs of inaction, specifically, geopolitical tensions and erosion of trust, offering actionable leverage for policy entrepreneurs. Simulations for 2025–2050 show that continued fragmentation increases system costs by up to 7%, reduces resilience to hydroclimatic shocks, and concentrates benefits within narrow cooperating blocs under low-trust conditions. These measurable and rising costs underscore that regional energy integration is no longer just a technical or economic issue; it is a political imperative. Bold leadership must act now to seize this fleeting window of opportunity. Modelling of Latin America’s power systems shows that continued political fragmentation raises costs by up to 7% and weakens resilience to drought, while regional grid integration could save 32 billion USD a year and sharply cut emissions by 2045."
10.1038/s41467-026-77593-y,True,Nature Communications,该研究涉及二维材料（hBN）中的极化激元波导技术，虽然不直接涉及大气环境监测，但其纳米光子学应用可能间接相关，例如通过优化光与物质的相互作用提升大气成分分析的灵敏度。,"['polaritonic waveguides', 'hBN', 'nano-wrinkle']",Liyan Wang;Bei Yang;Tian Sun;Cheng Luo;Yuchuan Xiao;Qizhi Yan;Weikang Lu;Ziyi Xu;Zhenghua An;Wei Lu;Xingxing Jiang;Debo Hu;Andrea Alù;Peining Li;Qing Dai,Nano-wrinkle waveguides for programmable polariton channeling,"Polaritons (hybrid light-matter excitations) in van der Waals materials hold promise for nanophotonics, but their application is normally hampered by their limited lateral confinement. Here, the authors report a strategy to fabricate deterministic high- curvature wrinkles in hBN films and apply them as controllable polaritonic and thermal waveguides. 
 The intrinsic planarity of two-dimensional (2D) van der Waals (vdW) polaritonic media inherently limits the lateral confinement of vdW polaritons. Here, we transcend this geometric limit by introducing a deterministic strategy to engineer non-planar nano-wrinkle waveguides in hexagonal boron nitride (hBN) via controlled thermal buckling. By exploiting the thermal expansion features of a calcite substrate, we generate uniaxial stress during cooling, which naturally forms high-curvature wrinkles in the overlying hBN superstrate. These wrinkles function as reconfigurable channel waveguides, guiding polaritons along predefined paths, and nano-hole patterning of such heterostructures offers programmable routing. Cryogenic near-field imaging and simulations reveal a wrinkle-guided polariton mode with a wavevector and dispersion governed by the wrinkle geometry and distinct from substrate-supported branches. Their hybridization allows precise tuning of modal confinement via hBN thickness variation. Concurrently, these structures guide polariton-mediated heat flow, establishing a medium-free mechanism for nanoscale thermal management. More broadly, our approach establishes a universal route for the geometric control of light and heat in two-dimensional materials. Polaritons (hybrid light-matter excitations) in van der Waals materials hold promise for nanophotonics, but their application is normally hampered by their limited lateral confinement. Here, the authors report a strategy to fabricate deterministic high- curvature wrinkles in hBN films and apply them as controllable polaritonic and thermal waveguides."
10.1038/s41467-026-77697-5,False,Nature Communications,该论文主要研究的是针对致癌KRAS突变体的脂蛋白仿生纳米平台，用于溶酶体靶向蛋白降解，旨在实现抗癌效果。这与大气环境遥感技术（如空气质量监测、卫星观测、大气成分分析、气溶胶反演等）无关。,"['KRAS mutation', 'lysosome-targeting', 'protein degradation']",Hang Yang;Xinyi Zhou;Jiafeng Wang;Chenyue Yang;Yuzhao Jin;Xufeng Liao;Xiangrui Liu;Chuansheng Guo;Qian Xiao;Quan Zhou;Kefeng Ding,A lipoprotein-biomimetic nanoplatform for oncogenic <i>KRAS</i> mutation-specific lysosome-targeting protein degradation,"Lysosome-targeting protein degradation strategies leverage the lineage–specific receptors to improve selectivity towards cancer cells. Here this group develops a KRAS-mutated tumor targeting chimeras that hijacks the enhanced macropinocytosis in KRAS-MT cells for mutation-specific protein degradation thereby achieving anticancer effects. 
 Lysosome-targeting protein degradation strategies have evolved to leverage lineage–specific receptors to improve selectivity, yet remain unable to distinguish malignant from normal cells within the same lineage. Since oncogenic mutations are the defining feature of malignant cells, we here develop KRAS-mutated (MT) tumor targeting chimeras (KRASTAC), a lipoprotein-biomimetic nanoplatform that hijacks the enhanced macropinocytosis in KRAS-MT cells for mutation-specific protein degradation. KRASTAC potently degrades diverse proteins including epidermal growth factor receptor and programmed cell death ligand 1 (PD-L1) in KRAS-MT cells at a low antibody concentration of 2.5 nM within 9 h, with minimal impact in KRAS wild-type (WT) cells. Furthermore, KRASTAC exhibits mutation-specific tumor accumulation and protein degradation in vivo. KRASTAC-induced PD-L1 degradation leads to robust antitumor efficacy and reprogramming of the immunosuppressive microenvironment in mice carrying Kras-MT tumors. Our work presents KRASTAC as a potent mutation-specific protein degradation strategy for KRAS-MT cancers and establishes macropinocytosis as a route for lysosome-targeting protein degradation. Lysosome-targeting protein degradation strategies leverage the lineage–specific receptors to improve selectivity towards cancer cells. Here this group develops a KRAS-mutated tumor targeting chimeras that hijacks the enhanced macropinocytosis in KRAS-MT cells for mutation-specific protein degradation thereby achieving anticancer effects."
10.1038/s41467-026-77784-7,False,Nature Communications,该论文研究的是胚胎发育中的细胞状态和基因组激活，与大气环境遥感技术（如空气质量监测、卫星观测、大气成分分析、气溶胶反演）无关。,"['air quality monitoring', 'satellite observations', 'atmospheric composition analysis', 'aerosol retrieval']",Max Hess;Marvin F. Wyss;Edlyn Wu;Gian-Marco Schaniel;Joel Lüthi;Chiara Rebagliati;Daniel Hannuschke;Nadine L. Vastenhouw;Darren Gilmour;Shayan Shamipour;Lucas Pelkmans,Multiplexed embryo profiling links cellular state to zygotic genome activation in single cells,"The protein landscapes that underlie multicellular self-organization remain challenging to characterize across intact embryos at high spatial resolution. Here, the authors present 3D-4i, a high-throughput multiplexed imaging and analysis method that maps up to ten protein states across whole zebrafish embryos, revealing how cell cycle and transcriptional activity are coordinated during early development. 
 Multicellular self-organization depends on interactions across multiple length scales, yet mapping protein states at high spatial resolution in whole-mount embryos remains challenging. Here, we introduce high-throughput 3D in toto iterative immunofluorescence imaging (3D-4i) and a dedicated computer vision pipeline to quantify morphological and molecular features from subcellular to whole-embryo scales across hundreds of samples. Applying this pipeline to early zebrafish embryos undergoing mid-blastula transition, we determine the cell cycle phase for each cell across the embryo, and uncover the spatiotemporal dynamics by which global meta-synchronous mitotic waves transition to cell cycle desynchronization. Using statistical analysis, we find that the cell cycle phase is the major source of variability in transcription within a division cycle, and combining this with the analysis of key transcription factors and chromatin modifier state, included in our multiplexed dataset, enables accurate prediction of transcriptional output during zygotic genome activation in individual cells. Together, these findings establish 3D-4i as a powerful approach for quantifying multimodal, multiscale biological processes underlying multicellular self-organization. The protein landscapes that underlie multicellular self-organization remain challenging to characterize across intact embryos at high spatial resolution. Here, the authors present 3D-4i, a high-throughput multiplexed imaging and analysis method that maps up to ten protein states across whole zebrafish embryos, revealing how cell cycle and transcriptional activity are coordinated during early development."
10.1038/s43247-026-04053-2,True,Communications Earth & Environment,该论文关注气候变化的归因研究，特别是极端天气事件的归因，这与大气环境遥感技术中的空气质量监测、卫星观测和大气成分分析等领域密切相关。尽管论文不直接涉及遥感技术本身，但其研究内容（如事件定义、数据集选择对归因结果的影响）与大气环境遥感技术的应用和分析方法高度相关。,"['attribution', 'climate change', 'extreme weather events']",Friederike E. L. Otto;Clair R. Barnes;Sjoukje Y. Philip;Claire Bergin;Theodore R. Keeping;Ben Clarke;Mariam Zachariah;Izidine Pinto;Joyce Kimutai,Attribution estimates for similar extremes are robust across event definitions,"Comparable attribution methods yield consistent results despite sensitivity to event definitions, while dataset choice has the largest influence on attribution statements, even in regions with dense and high-quality observations. 
 Event attribution studies assess whether and to what extent human-induced climate change has altered the likelihood or severity of extreme weather events. In recent years, studies have become routine, particularly for heatwaves in many regions, and for heavy rainfall in parts of Asia and Europe. As this body of research grows, a key question emerges: when does a new attribution study add scientific or societal value? We address this question by synthesising findings from existing attribution studies and systematically analysing how results depend on temporal and spatial event definition and dataset. While previous work has shown that quantitative outcomes are sensitive to how events are defined, we find that when similar probabilistic frameworks and comparable datasets are used, attribution results for events of the same type and magnitude within a region are often strikingly consistent. Consequently, additional studies that replicate established methods for well-studied hazards and regions often provide limited new insight unless they incorporate substantial advances in data quality. These findings have implications for operational attribution services and for the use of attribution evidence in decision-making. More broadly, they suggest the need to prioritise understudied regions, and integrative approaches that deepen causal understanding rather than repeatedly reaffirm well-established conclusions. Comparable attribution methods yield consistent results despite sensitivity to event definitions, while dataset choice has the largest influence on attribution statements, even in regions with dense and high-quality observations."
10.1038/s43247-026-04068-9,True,Communications Earth & Environment,该论文研究了中国华北沿海地区的淹没风险，涉及海平面上升、地面沉降和海岸防御措施，这些都与大气环境遥感技术中的空气质量监测、卫星观测和大气成分分析密切相关。特别是使用了卫星雷达技术来评估海平面上升和地面沉降的影响，这与遥感技术直接相关。,"['satellite radar', 'sea level rise', 'land subsidence', 'coastal defense initiatives']",Yongxuan Ran;Xie Hu;Fang Wang;Shengli Tao;Xiao Yu;Jing Liu-Zeng;Zurui Ao;Xiuyu Liang;Guoquan Wang,"Inundation risk in North China’s coastal gateway amid land subsidence, sea-level rise and coastal defense initiatives","By 2100, IPCC (Intergovernmental Panel on Climate Change) reported relative sea level rise may erase 373 to 458 square kilometers in the Bohai Economic Rim, with local land subsidence increasing losses by 110 to 260 percent; levees reduce flooding and population exposure, according to satellite radar, sea level rise, and demographic projections 
 Sea-level rise causes land loss and threatens coastal communities. Although the Intergovernmental Panel on Climate Change (IPCC) reported relative sea-level projections incorporating partial vertical land motion, the remaining relative local land subsidence is overlooked. Here, we leveraged high-resolution relative local land subsidence, sea-level rise, and demographic projections to provide a refined assessment encompassing the Bohai Economic Rim, China. Our results demonstrate that, by 2100, IPCC reported relative sea-level rise alone can cause a land loss of 373–458 square kilometers in this region, while additional relative local land subsidence may amplify such loss by approximately 110%-260%. The present-day coastal defence initiatives, such as levee systems, can mitigate future flood extent by ~400 square kilometers and reduce the exposed population by ~111,000 in 2100. Moreover, adults face 10 ± 2% greater coastal flood risks. Our study demonstrates that integrating relative local land subsidence is critical for coastal risk assessment and strategic planning. By 2100, IPCC (Intergovernmental Panel on Climate Change) reported relative sea level rise may erase 373 to 458 square kilometers in the Bohai Economic Rim, with local land subsidence increasing losses by 110 to 260 percent; levees reduce flooding and population exposure, according to satellite radar, sea level rise, and demographic projections"
10.1038/s43247-026-03956-4,True,Communications Earth & Environment,该论文研究欧洲地区的同步野火现象，利用卫星野火观测和大气再分析数据，分析了特定天气系统（如大西洋脊和欧洲阻塞高压）对同步野火发生的影响。这与大气环境遥感技术密切相关，特别是通过卫星观测和大气数据分析来监测和研究大气现象及其对环境的影响。,"['satellite wildfire observations', 'atmospheric reanalysis', 'weather regimes', 'wildfire synchronicity']",Xinhang Li;Raul R. Wood;Julia Miller;Dominik Büeler;Manuela I. Brunner,Wildfire synchronicity across European regions is favored by specific weather regimes,"Synchronous wildfires in Europe are favored by weather regimes that promote warm, dry, and sometimes windy meteorological anomalies, such as the Atlantic Ridge in summer and European Blocking in spring, as revealed by satellite wildfire observations and atmospheric reanalysis. 
 Synchronous wildfires (wildfires occurring in multiple locations within a week) pose challenges to coordinated firefighting efforts between European countries. Despite their potentially severe impacts, their occurrence and relationship with predictable atmospheric circulation patterns are poorly understood. We analyze synchronous wildfires across ten European regions over the past two decades and attribute their seasonal occurrences to seven year-round weather regimes. We find that weather regimes modulate the occurrence and spatial extent (the number of regions involved) of synchronous wildfires primarily by driving warm and dry meteorological anomalies, suggesting that these events may become more frequent in a warming world. Specifically, Atlantic Ridge promotes wildfire synchronicity between multiple pairs of European regions in summer, and European Blocking is the most likely regime co-occurring with synchronous wildfires spanning large spatial domains (or involving more than five regions) in spring and fall. Our findings could support early warning systems for synchronous wildfire emergencies in Europe because these weather regimes are predictable on subseasonal timescales. Synchronous wildfires in Europe are favored by weather regimes that promote warm, dry, and sometimes windy meteorological anomalies, such as the Atlantic Ridge in summer and European Blocking in spring, as revealed by satellite wildfire observations and atmospheric reanalysis."
10.1038/s43247-026-04016-7,False,Communications Earth & Environment,该论文主要研究澳大利亚纳拉伯平原上的深洞穴坍塌现象，涉及地貌测量、地球物理、洞穴记录、悬崖暴露和沉积学分析，与大气环境遥感技术（如空气质量监测、卫星观测、大气成分分析、气溶胶反演）没有直接关系。,"['cave collapse', 'karst landforms', 'sedimentology']",Matej Lipar;Matthias Leopold;John A. Webb;Rok Ciglič;Jure Tičar;Matija Zorn;Uroš Stepišnik;Matej Jelovčan;Milo Barham;Matej Dolenec;Primož Miklavc;Tomislav Popit;Andrej Šmuc;Jian-xin Zhao;Mateja Ferk,Subdued surface expression of deep cave collapse,"Kilometer-scale linear depressions on Australia’s Nullarbor Plain record collapse and sagging above deep cave conduits, providing criteria for recognizing otherwise subdued cave-collapse systems, according to morphometrics, geophysics, cave records, cliff exposures and sedimentology analyses. 
 Cave systems can be difficult to recognise where karst landforms are subdued or overprinted with other landscape processes. Subtle linear depressions on carbonate platforms are commonly interpreted as fluvial or tectonic landforms, but may also mark collapse above underlying cave systems. We test this on the Nullarbor Plain, southern Australia, a stable >200,000 km² carbonate platform exposed for >14 Myr. Integrating morphometrics, electrical resistivity tomography, passive seismic profiling, cave records, cliff exposures and sedimentology, we show that kilometre-scale, shallow, sediment-filled trenches are surface expressions of vertically propagated collapse and sagging above deep cave conduits. These depressions lack integrated drainage, downstream sediment transport and sedimentological evidence of channelised flow; instead, they overlie vertically extensive low-resistivity zones, align with mapped caves and collapse dolines, and project to cliff-face exposed stratal deformation. The Nullarbor trenches provide diagnostic criteria for recognising subdued cave-collapse systems on Earth and an analogue for interpreting linear depressions on other rocky planetary surfaces. Kilometer-scale linear depressions on Australia’s Nullarbor Plain record collapse and sagging above deep cave conduits, providing criteria for recognizing otherwise subdued cave-collapse systems, according to morphometrics, geophysics, cave records, cliff exposures and sedimentology analyses."
10.1038/s43247-026-04062-1,False,Communications Earth & Environment,该论文研究的是太平洋沃克环流在过去的80万年间受到轨道和海平面强迫的影响，与大气环境遥感技术（如空气质量监测、卫星观测、大气成分分析、气溶胶反演）没有直接关系。,"['Pacific Walker Circulation', 'ENSO Modoki', 'sea-surface temperature gradients']",Daniela Eichner;Katharina Hess;Andrea Jaeschke;Oliver Friedrich;Stefanie Kaboth-Bahr;André Bahr,Coupled orbital and sea-level forcing on the Pacific Walker Circulation during the past 800 kyrs,"The split Pacific Walker Circulation shows periodic variation through the geological past, with El Niño Modoki patterns favored during glacial periods and La Niña Modoki patterns favored during interglacial periods after 250 ka, according to the reconstructed ENSO Modoki Index over the past 800,000 years. 
 Over recent decades an anomalous El Niño–Southern Oscillation (ENSO) configuration became more frequent, characterized by central Pacific temperature anomalies and a split-Pacific Walker Circulation. This so-called ENSO-Modoki pattern strongly alters precipitation distribution across the tropics, however, its potential forcings and long-term variability remain yet elusive. To track split-Pacific Walker Circulation states through the geological past, we reconstructed an ENSO Modoki Index for the past 800,000 years based on sea-surface temperature gradients across the equatorial Pacific. We show that glacial periods favored El Niño Modoki-like conditions, while periodic Sunda Shelf submersion after ~250 ka shifted the mean state towards La Niña Modoki-like conditions in interglacial periods. These findings provide the first evidence that ENSO Modoki has been a persistent feature of Pacific climate and highlights the long-term sensitivity of Pacific Walker Circulation dynamics to orbital and sea-level forcing. The split Pacific Walker Circulation shows periodic variation through the geological past, with El Niño Modoki patterns favored during glacial periods and La Niña Modoki patterns favored during interglacial periods after 250 ka, according to the reconstructed ENSO Modoki Index over the past 800,000 years."
None,True,Remote Sensing of Environment,该论文标题和摘要明确涉及量子增强的多光谱遥感技术，用于超低信号环境，这与大气环境遥感技术（如空气质量监测、卫星观测、大气成分分析、气溶胶反演）高度相关。,"['quantum-enhanced', 'multispectral remote sensing', 'ultra-low signal environments']",Sumanta Das;Malini Roy Choudhury,Next frontier of Earth observation: Quantum-enhanced multispectral remote sensing for ultra-low signal environments,
None,True,Remote Sensing of Environment,该论文研究了使用Sentinel-5P和EnMAP卫星传感器对格陵兰冰盖上融化冰川的总水汽柱进行对比分析，涉及卫星观测和大气成分分析，因此与大气环境遥感技术密切相关。,"['Sentinel-5P', 'EnMAP', 'total column water vapor', 'Greenland ice sheet', 'spaceborne measurements']",Alexander Kokhanovsky;Luca Lelli;Karl Segl;Jörg Bendix,The intercomparison of total column water vapor over a melting glacier on the Greenland ice sheet derived using spaceborne Sentinel-5P and high spatial resolution EnMAP measurements,
None,False,Remote Sensing of Environment,该论文主要关注地表植被物候的产品比较和评估，与大气环境遥感技术（如空气质量监测、卫星观测、大气成分分析、气溶胶反演）关系不大。,"['land surface phenology', 'LSP', 'global land surface']",Getachew Mehabie Mulualem;Jose A. Caparros-Santiago;Victor Rodriguez-Galiano;Jadunandan Dash,Intercomparison and evaluation of global land surface phenology (LSP) products,
None,False,Remote Sensing of Environment,该论文研究的是利用机器学习和样本增强技术进行跨尺度小麦收割监测，与大气环境遥感技术（如空气质量监测、卫星观测、大气成分分析、气溶胶反演等）没有直接关系。,"['machine learning', 'cross-scale', 'wheat harvest']",Mingchao Shao;Chongya Jiang;Jingwei An;Haokai Zhu;Yue Li;Xia Yao;Tao Cheng;Hengbiao Zheng;Weixing Cao;Yan Zhu,A knowledge-guided machine learning framework for cross-scale wheat harvest monitoring via sample augmentation,
None,False,Remote Sensing of Environment,该论文主要关注的是水资源压力指数和土壤湿度对摩洛哥橄榄树水分状态的影响，与大气环境遥感技术（如空气质量监测、卫星观测、大气成分分析、气溶胶反演等）关系不大。,"['water stress index', 'PRI', 'soil moisture', 'olive tree', 'Morocco']",Hamza Barguache;Jamal Ezzahar;Said Khabba;Jamal Elfarkh;Salah Er-Raki;Adnane Chakir;Lionel Jarlan;Zoubir Rafi;Pascal Fanise;Valerie Le Dantec,Development of a new water stress index combining PRI and soil moisture for assessing olive tree water status in Morocco,
None,False,Remote Sensing of Environment,该论文研究的是古河岸滑坡的长期蠕变和活动厚度变化，主要涉及地质和地球物理领域，与大气环境遥感技术（如空气质量监测、卫星观测、大气成分分析、气溶胶反演）无关。,[],Huiyuan Luo;Chuanhao Pu;Zhong Lu;Xuanmei Fan;Qiang Xu,Multitemporal InSAR analysis of long-term creep and active thickness changes in a paleo riverbank landslide driven by anomalous water levels,
None,True,Remote Sensing of Environment,该论文使用Landsat时序数据和深度学习技术检测欧洲森林的破坏，这属于大气环境遥感技术中的卫星观测和地表参数分析范畴，因此与大气环境遥感技术有强相关性。,"['Landsat', 'deep learning', 'forest disturbance detection']",Alba Viana-Soto;Jorunn Anna Mense;Katja Kowalski;Jan Pauls;Fabian Gieseke;Cornelius Senf,Deep learning-based forest disturbance detection for Europe using Landsat time series,
None,False,Remote Sensing of Environment,该论文主要关注的是基于知识迁移的树木冠层分割技术，而没有直接涉及大气环境遥感技术，如空气质量监测、卫星观测或大气成分分析等。虽然遥感技术可能在数据处理或应用层面有所关联，但核心内容与大气环境遥感技术无关。,"['tree crown segmentation', 'knowledge transfer', 'segmentation algorithm']",Jiaqi Yang;Kyle Kabasares;Ming Liu;Taejin Park;Min Chen,Unified knowledge transfer boosts individual tree crown segmentation without scene-specific labels,
None,True,Remote Sensing of Environment,该论文标题和摘要明确涉及Sentinel-2卫星传感器，这是一种用于大气环境遥感的重要技术，旨在重建云层覆盖下的时间序列数据，并处理复杂的大气退化问题。这与大气环境遥感技术（如空气质量监测、卫星观测和大气成分分析）密切相关。,"['Sentinel-2', 'cloud-free time series', 'atmospheric degradations']",Ziyang LiHe;Qiangqiang Yuan;Jiang He;Liupeng Lin;Xianyu Jin;Huanfeng Shen;Liangpei Zhang,Reconstructing cloud-free Sentinel-2 time series under complex degradations with state-driven spatio-temporal modeling,
None,True,Remote Sensing of Environment,该标题和摘要明确涉及从 FengYun-3D 卫星的 X 波段观测中获取植被光学深度产品，这与大气环境遥感技术密切相关，特别是与大气成分分析和卫星观测相关。,"['vegetation optical depth', 'FengYun-3D', 'X-band observations']",Lei Fan;Mengjia Wang;Dongbo Chen;Philippe Ciais;Frédéric Frappart;Jiangyuan Zeng;Gabrielle De Lannoy;Jian Peng;Xiuqing Hu;Ronghan Xu;Xin Li;Xiaojun Li;Xiangzhuo Liu;Yao Xiao;Jean-Pierre Wigneron,First vegetation optical depth product retrieved from FengYun-3D X-band observations,
None,True,Remote Sensing of Environment,该论文使用BTSAD和CBPA方法监测全球红树林的空间演化和功能退化，涉及Landsat和HLSv2.0密集时间序列数据。虽然主要关注红树林生态，但使用遥感技术和时间序列分析的方法与大气环境遥感技术（如大气成分分析）密切相关。,"['BTSAD', 'CBPA', 'Landsat', 'HLSv2.0', 'atmospheric composition analysis']",Bolin Fu;Weiping Yi;Yeqiao Wang;Hang Yao;Mingming Jia;Ertao Gao;Donglin Fan,Monitoring global mangrove spatial evolution and functional degradation using BTSAD and CBPA methods over a 36-year dense Landsat and HLSv2.0 time series,
None,True,Remote Sensing of Environment,该论文使用Sentinel-1卫星数据，通过时间序列分析方法检测作物播种和收获日期，这与大气环境遥感技术中的卫星观测和土地利用监测相关。,"['Sentinel-1', 'crop sowing', 'harvesting dates', 'time series']",Shuai Xu;Xiaolin Zhu,A new adaptive approach for detecting crop sowing and harvesting dates from Sentinel-1 time series,
None,True,Remote Sensing of Environment,该论文使用卫星土壤湿度数据预测水限制环境下的作物生产力异常，与大气环境遥感技术中的卫星观测和大气成分分析相关，因为它依赖于卫星遥感技术获取土壤湿度数据，进而用于农业环境监测。,"['satellite soil moisture', 'sub-seasonal forecasting', 'cropland productivity']",Adebowale Daniel Adebayo;Catherine Nakalembe,Sub-seasonal forecasting of cropland productivity anomalies using satellite soil moisture in water-limited environments,
None,True,Remote Sensing of Environment,该论文标题和摘要明确涉及使用Planet Dove卫星监测世界海岸线的能力，这与大气环境遥感技术（如卫星观测、海岸带环境监测）密切相关。,"['Planet Dove', 'coastlines', 'remote sensing']",Katherine C. Cavanaugh;Kyle Dorman;Kyle C. Cavanaugh,Capability of Planet Dove for monitoring the world's coastlines,
None,True,Remote Sensing of Environment,该论文研究了地表生物量和土壤水分干旱对基于体积含水量（VOD）的全球等湿润性估算的影响。体积含水量是大气环境遥感技术中的一个重要参数，用于监测大气成分和水分分布。因此，该论文与大气环境遥感技术（如空气质量监测、卫星观测、大气成分分析、气溶胶反演）密切相关。,"['aboveground biomass', 'soil moisture drought', 'VOD-based global isohydricity']",Yuanzhizi Deng;Yao Zhang,Effects of aboveground biomass and soil moisture drought on VOD-based global isohydricity estimates,
None,False,Remote Sensing of Environment,该论文研究的是从高分辨率植被指数数据中提取作物物候的知识引导机器学习方法，主要关注农业领域，与大气环境遥感技术（如空气质量监测、卫星观测、大气成分分析、气溶胶反演）关系不大。,"['vegetation index', 'crop phenology', 'machine learning']",Ruoque Shen;Qiongyan Peng;Xiangqian Li;Jianxi Huang;Jin Chen;Jie Dong;Xiuzhi Chen;Wenping Yuan,SMFS-RF: a knowledge-guided machine-learning method for crop phenology extraction from fine-resolution vegetation index data,
None,True,Remote Sensing of Environment,该论文与大气环境遥感技术密切相关，因为Landsat 10任务涉及传感器设计，而Landsat系列卫星是用于大气成分分析和环境监测的重要工具。,"['Landsat 10', 'sensor design', 'atmospheric environmental remote sensing']",Matthew Montanaro;Jeffrey Yee;Edmond Chung;Julie Montoya;Benjamin Turk;Eric Johnson;Andrew Pozo;Evan Haas;Steven Persh;Shawn Serbin;Thomas R. Holmes;Phillip W. Dabney;Bruce D. Cook;Christopher S.R. Neigh,Landsat Instrument Suite (LandIS) sensor design for the Landsat 10 mission,
None,False,Remote Sensing of Environment,该论文的标题和摘要主要集中在生物多样性科学和生态保护方面，没有提及与大气环境遥感技术（如空气质量监测、卫星观测、大气成分分析或气溶胶反演）直接相关的内容。,"['biodiversity', 'conservation', 'BioSat indices']",Volker C. Radeloff;Eduarda M.O. Silveira;Akash Anand;Duanyang Liu;Kathleen A. Carroll;Nicholas C. Coops;Gabriel C. Costa;Maxim Dubinin;Laura S. Farwell;Paul R. Elsen;Martina L. Hobi;Elena Razenkova;Naparat Suttidate;Benjamin Zuckerberg;Anna M. Pidgeon,The BioSat indices designed for biodiversity science and conservation,
None,True,Remote Sensing of Environment,该论文与大气环境遥感技术相关，因为它涉及使用Landsat卫星数据开发全球范围的蒸散量产品，这属于遥感技术在地球观测和大气参数反演中的应用。,"['Landsat', 'evapotranspiration', 'global product']",Gabriel B. Senay;Gabriel E.L. Parrish;Kul Khand;Lei Ji;Ray Dittmeier;MacKenzie Friedrichs;John Volk;Charles Morton;Leonardo Laipelt;Stefanie Kagone;Sheila M.V. Cochrane;Jordan Dornbierer;Saeed Arab;Calli Jenkerson;Anderson Ruhoff;Michael Budde,"On-demand global Landsat evapotranspiration product: development, evaluation, and dissemination",
None,False,Remote Sensing of Environment,该论文主要关注的是利用Landsat数据进行灌溉制图和蒸散量估算，并结合水文模型评估区域灌溉动态，虽然涉及遥感技术，但主要应用于农业和水资源管理，与大气环境遥感技术（如空气质量监测、卫星观测、大气成分分析、气溶胶反演）关系不大。,"['Landsat', 'irrigation mapping', 'evapotranspiration']",Jorge L. Peña-Arancibia;Yingying Yu;Tim R. McVicar;Thomas G. Van Niel;Francis H.S. Chiew;Darin Hodgson;Jamie Vleeshouwer;Aarond Dino;Zachary Brown;Anthony Nadelko,Integrating Landsat-based irrigation mapping and actual evapotranspiration estimates with hydrological modelling to assess regional irrigation dynamics in a large basin experiencing extreme climate variability: Towards a national operational irrigation water accounting system,
None,True,Remote Sensing of Environment,该论文研究了从Landsat地表温度数据中提取的生物热变量，应用于生物多样性研究。虽然主要关注生物多样性，但使用了Landsat卫星数据和地表温度分析技术，这与大气环境遥感技术中的卫星观测和地表参数提取有相关性，因此可以认为与大气环境遥感技术（特别是地表温度监测）有一定关联。,"['Landsat', 'surface temperature', 'biodiversity']",Eduarda M.O. Silveira;Anna M. Pidgeon;Volker C. Radeloff,The BioThermal variables derived from Landsat surface temperature data for biodiversity applications,
None,True,Remote Sensing of Environment,该论文标题和摘要涉及地球观测基础模型的空间不确定性校准，通过Matérn动机潜在随机正则化方法进行处理。地球观测技术与大气环境遥感技术密切相关，例如卫星观测和大气成分分析，因此该论文与大气环境遥感技术（如空气质量监测、卫星观测、大气成分分析、气溶胶反演）有较强的相关性。,"['Earth observation', 'latent stochastic regularization', 'spatial uncertainty']",Daniel P. Johnson,Calibrated spatial uncertainty for Earth observation foundation models via Matérn-motivated latent stochastic regularization,
None,True,Remote Sensing of Environment,该论文标题和摘要都与遥感技术中的地表温度监测相关，涉及Landsat和MODIS卫星传感器，以及地表温度反演的一致性问题，因此与大气环境遥感技术（如地表温度监测、卫星观测）密切相关。,"['Landsat', 'MODIS', 'land surface temperature', 'LST consistency']",Xue Li;Dandan Wang;Huihui Xu;Mengmeng Wang;Ji Zhou;Frank Göttsche;Xiaoyu He;Gaijing Chang;Yue Han,Corrigendum to ‘Angular anisotropy of Landsat and MODIS land surface temperature toward multi-source LST consistency’ [Remote Sens. Environ. 346 (2026) 115624],
None,True,Remote Sensing of Environment,该论文研究城市化、植被和背景气候对大尺度地表热岛效应的影响，这与大气环境遥感技术（如空气质量监测、卫星观测、大气成分分析、气溶胶反演）密切相关，因为地表热岛效应的监测和分析通常依赖于遥感技术和大气环境数据。,"['urbanization', 'vegetation', 'surface urban heat island', 'climate', 'remote sensing']",Song Jiang;Yongling Zhao;Lei Zhao;Jan Carmeliet;Jian Peng,"Disentangling diverse findings on how urbanization, vegetation, and background climate shape the surface urban heat island at large scales",
None,True,Remote Sensing of Environment,该论文使用成像光谱技术进行物种分类，这与大气环境遥感技术中的遥感数据处理和分析密切相关，因此是相关的。,"['imaging spectroscopy', 'species classification', 'remote sensing']",Sofia J. van Moorsel;Bernhard Schmid;Michael Niederberger;Jeremiah Huggel;Michael Scherer-Lorenzen;Uwe Rascher;Alexander Damm;Meredith C. Schuman,Using a planted tree biodiversity experiment to evaluate imaging spectroscopy for species classification,
None,True,Remote Sensing of Environment,该论文研究了当代遥感技术和物种分布建模在预测海岸带栖息地空间分布中的应用。虽然主要关注的是生态和地理领域，但遥感技术是其中的关键方法，涉及对地表和大气环境的观测与分析，与大气环境遥感技术（如空气质量监测、卫星观测、大气成分分析等）有较强的关联。,"['remote sensing', 'species distribution modelling', 'coastal habitats']",Louise Forsblom;Ari-Pekka Jokinen;Dimitry Van der Zande;Mihailo Azhar;Dimitar Berov;Jacob Carstensen;Vivi Drakopoulou;Vasilis Gerakaris;Hege Gundersen;Jonne Kotta;Valeria Mobilia;Nadia Papadopoulou;Bogdan Prodanov;Sofia Reizopoulou;Christopher J. Smith;Anna Spinosa;Valentina Todorova;Peter Anton Upadhyay Stæhr;Sanjina Upadhyay Stæhr;Elina A. Virtanen,Comparative analysis of contemporary remote sensing techniques and species distribution modelling in predicting spatial distribution of coastal habitats,
None,True,Remote Sensing of Environment,该论文标题和摘要明确涉及地球静止轨道观测、生物质燃烧空气污染物，并提及GIIRS和GEMS两个卫星传感器，这与大气环境遥感技术（如空气质量监测、卫星观测、大气成分分析、气溶胶反演）密切相关，因此判断为强相关。,"['air pollutants', 'biomass burning', 'GIIRS', 'GEMS', 'Southeast Asia']",Shan Han;Shangyi Liu;Mengya Sheng;Jhoon Kim;Ximin Cui;Minqiang Zhou;Wei Wang;Isamu Morino;Voltaire A. Velazco;Zhao-Cheng Zeng,Geostationary observations of air pollutants from biomass burning: A synergy of GIIRS and GEMS over Southeast Asia,
None,True,Remote Sensing of Environment,该论文使用Sentinel-1和Sentinel-2卫星数据来估算田间规模的灌溉，并结合土壤水分平衡模型和水云模型进行分析。虽然主要关注水资源管理，但涉及卫星遥感技术，特别是卫星观测数据在环境领域的应用，因此与大气环境遥感技术（如卫星观测、大气成分分析）有一定关联。,"['Sentinel-1', 'Sentinel-2', 'soil water balance model', 'Water Cloud Model']",Martina Natali;Sara Modanesi;Domenico De Santis;Gabriëlle De Lannoy;Susan Steele-Dunne;Alessia Flammini;Alessio Domeneghetti;Christian Massari,Field-scale irrigation estimation using Sentinel-1 and Sentinel-2 data within a soil water balance model coupled to the Water Cloud Model,
None,True,Remote Sensing of Environment,该论文研究的是在浑浊的沿海和河口水域中，通过算法检索颗粒物后向散射、尺寸和悬浮颗粒物，这与大气环境遥感技术中的空气质量监测和大气成分分析有关。虽然研究对象是水体而非大气，但其涉及遥感技术和粒子测量，因此与大气环境遥感技术的某些方面相关。,"['particle backscattering', 'size retrieval', 'suspended particulate matter', 'turbid coastal waters', 'MOSAIC algorithm']",Juliana Tavora;Amanda de Liz Arcari;Mhd. Suhyb Salama;Cédric G. Fichot;Joshua P. Harringmeyer;Gian Marco Scarpa;Federica Braga;Emmanuel Boss;David Doxaran;Romaric Verney,"An algorithm for the retrieval of particle backscattering, size, and suspended particulate matter in turbid coastal and estuarine waters (MOSAIC)",
None,True,Remote Sensing of Environment,该论文标题和摘要中涉及了碳量化、智能分析和大气组成等关键词，这与大气环境遥感技术（如空气质量监测、卫星观测、大气成分分析、气溶胶反演）密切相关。,"['carbon quantification', 'intelligent', 'remote sensing', 'atmospheric composition', 'air quality monitoring']",Bokyung Son;Taejun Sung;Sejeong Bae;Minki Choo;Jungho Im;Yeonsu Lee;S.M. Sohel Rana;Dongjin Cho;Cheolhee Yoo;Jeonghyun Hong;Hojin Lee;Hyun Seok Kim,"UNIQUE: UNified, high-resolution Intelligent carbon QUantification and Explanation",
None,True,Remote Sensing of Environment,该论文研究了利用无人机系统（UAV）和DART模型进行玉米冠层太阳诱导叶绿素荧光的地面测量，优化观测尺度模型。这与大气环境遥感技术相关，因为无人机系统和模型用于监测和解析植被与大气相互作用，属于大气成分分析和遥感应用范畴。,"['UAV system', 'DART model', 'maize canopy', 'solar-induced chlorophyll fluorescence']",Xiaokang Zhang;Zhaoying Zhang;Linsheng Wu;Yongguang Zhang,Developing the optimal observation scale model for maize canopy solar-induced chlorophyll fluorescence ground measurements based on UAV system and DART model,
None,True,Remote Sensing of Environment,该论文标题和摘要中提到了“辐射传输”和“方向温度”，这些是大气环境遥感技术中的关键概念。辐射传输研究电磁波在大气中的传播，方向温度涉及地表和大气温度的测量，这些都与空气质量监测、卫星观测和大气成分分析密切相关。因此，该论文与大气环境遥感技术 strongly related。,"['radiative transfer', 'directional temperatures', 'heterogeneous surfaces']",Shouyi Zhong;Zunjian Bian;Roujean Jean-Louis;Qiang Liu;Juan Cheng;Yongming Du;Hua Li;Jianguang Wen;Qing Xiao,A global system for monitoring radiative transfer and directional temperatures over heterogeneous surfaces,
None,True,Remote Sensing of Environment,该论文研究了SWOT（太空borne水表面高度观测任务）数据的水面高程精度，这属于遥感技术在环境监测中的应用，特别是与大气成分和空气质量间接相关，因为水面高程可以影响大气边界层的物理过程。,"['SWOT', 'water surface elevation', 'accuracy', 'remote sensing', 'atmospheric composition']",Rucha Sanjay Deshpande;Tajdarul Hassan Syed;Michael Durand;Steve Coss;Tamlin M. Pavelsky,Identifying regional drivers of variability in SWOT-derived water surface elevation accuracy,
None,True,Remote Sensing of Environment,该论文研究了利用1.5米森林冠层高度时间序列数据揭示细尺度森林干扰的方法，属于遥感技术在森林环境监测中的应用，与大气环境遥感技术（如卫星观测和森林生态系统分析）密切相关。,"['forest canopy height', 'time series', 'remote sensing']",Martin Schwartz;Fajwel Fogel;Nikola Besic;Damien Robert;Louis Geist;Jean-Pierre Renaud;Jean-Matthieu Monnet;Clemens Mosig;Cédric Vega;Alexandre d’Aspremont;Loic Landrieu;Philippe Ciais,FORMSpoT: Revealing fine-scale forest disturbances from nation-wide 1.5 m forest canopy height time series,
None,True,Remote Sensing of Environment,该论文研究了Landsat和MODIS两种卫星传感器的地表温度反演技术，关注多源数据的地表温度一致性，这与大气环境遥感技术（如地表温度监测、卫星观测）密切相关。,"['Landsat', 'MODIS', 'land surface temperature', 'LST consistency']",Xue Li;Dandan Wang;Huihui Xu;Mengmeng Wang;Ji Zhou;Frank Göttsche;Xiaoyu He;Gaijing Chang;Yue Han,Angular anisotropy of Landsat and MODIS land surface temperature toward multi-source LST consistency,
None,True,Remote Sensing of Environment,该论文研究在光复杂性水域中识别不同浮游植物功能群和大小类的可能性，涉及遥感技术在水质监测中的应用，与大气环境遥感技术（如水质监测和大气成分分析）相关。,"['phytoplankton', 'optically complex waters', 'remote sensing']",Tiit Kutser;Karolin Teeveer;Tuuli Soomets;Birgot Paavel;Laura Argus;Ele Vahtmäe;Martin Ligi;Kaire Toming,On the possibility of recognising different phytoplankton functional groups and size classes in optically complex waters,
None,False,Remote Sensing of Environment,该论文使用SWOT（海洋重力）数据揭示墨西哥湾的地质结构，主要涉及地球物理学和地质学，与大气环境遥感技术（如空气质量监测、卫星观测、大气成分分析、气溶胶反演）的关联性较弱。,"['marine gravity', 'SWOT', 'tectonic structures']",Daocheng Yu;James Pindell;Cheinway Hwang;Xiaoli Deng;Emmy T. Chang;Jinyun Guo,Revealing buried tectonic structures in the Gulf of Mexico using SWOT-derived marine gravity,
None,True,Remote Sensing of Environment,该论文与大气环境遥感技术密切相关，因为它涉及从EPIC/DSCOVR卫星获取的每小时气溶胶光学质心高度（AOCH）数据产品。气溶胶光学质心高度是分析大气成分和空气质量的重要参数，而EPIC/DSCOVR是一个专门用于地球和空间观测的卫星系统，因此该研究直接关联到卫星观测、大气成分分析和气溶胶检索等遥感技术领域。,"['aerosol optical centroid height', 'EPIC/DSCOVR', 'satellite observations']",Zhendong Lu;Jun Wang;Xi Chen;Meng Zhou;Xiaoguang Xu;Yeonsu Park;Hyerim Kim,Version 2 of hourly aerosol optical centroid height (AOCH) data product from EPIC/DSCOVR in deep space,
None,True,Remote Sensing of Environment,该论文的标题和摘要明确涉及从太空监测、量化分类火山活动，这与大气环境遥感技术中的卫星观测和大气成分分析密切相关，因此高度相关。,"['volcanic activity', 'space', 'monitoring', 'satellite']",S. Aveni;D. Coppola;M. Laiolo,"A synergistic thermal framework for monitoring, quantifying, and classifying volcanic activity from space",
None,True,Remote Sensing of Environment,该论文研究的是利用0.4-2 GHz宽带辐射计技术观测冷海水表面盐度，虽然主要关注点是海洋盐度，但宽带辐射计技术属于遥感技术的一种，可以与大气环境遥感技术相关联，特别是在大气成分分析和海洋-大气相互作用研究中。因此，该论文与大气环境遥感技术有一定关联性。,"['wideband radiometry', 'surface salinity', 'cold seawater']",Jacqueline Boutin;Jean-Luc Vergely;Stéphane Ferron;Laurent Bertino;Giovanni Macelloni;Marco Brogioni;Emmanuel Dinnat;Lars Kaleschke;Rasmus Tonboe;Yiwen Zhou;Marie-Laure Frery;Valerie Dutto;Katia Nagamine Urata;Matthias Drusch,Beyond L-band: 0.4-2 GHz wideband radiometry for observing surface salinity in cold seawater,
None,False,Remote Sensing of Environment,该论文主要关注玉米病害的垂直分层异质性，涉及的是植物病理学和农业科学领域，与大气环境遥感技术（如空气质量监测、卫星观测、大气成分分析、气溶胶反演）没有直接关联。,"['maize disease stress', 'vertical stratification', ' SCOPE adaptation']",Binxiang Qian;Wenjiang Huang;Zhijun Zhen;Kehui Ren;Peiqi Yang;Jianbo Qi;Michael Henke;Xiuliang Jin;Lingjing Ouyang;Anting Guo;Jie Bai;Chao Ruan;Tiecheng Huang;Yin Jin;Zhenong Jin,The cmSCOPE-D model: A transmission-dynamics-enabled SCOPE adaptation to characterize vertically stratified heterogeneity of maize disease stress,
None,True,Remote Sensing of Environment,该论文使用了GEDI和ICESat-2卫星观测数据来生成热带泥炭地的最优数字高程模型（DTM），这属于遥感技术在地理测绘和环境监测中的应用，与大气环境遥感技术中的卫星观测和地表参数反演密切相关。,"['GEDI', 'ICESat-2', 'DTM', 'tropical peatlands']",Yuan Sun;Huan Xie;Xiaohua Tong;Yi Li;Alexander R. Cobb;Rahayu S. Sukri;Muhammad Arif bin Haji Selamat;Hao Tang,A novel method for generating optimal DTM in tropical peatlands using GEDI and ICESat-2 observations,
None,True,Remote Sensing of Environment,该论文研究了地球矿物表面的轨道成像光谱技术，涉及地球观测和遥感技术，与大气环境遥感技术（如卫星观测和地表成分分析）密切相关。,"['Orbital imaging spectroscopy', 'EMIT', ""Earth's mineral surface""]",Marie-Stephane Guillaumont;David R. Thompson;Philip G. Brodrick;Roger Clark;Robert O. Green;Gregory S. Okin,Orbital imaging spectroscopy of Earth’s mineral surface: Results and stability from EMIT’s first two years,
None,False,Remote Sensing of Environment,该论文主要关注叶绿素含量的监测，虽然与植物生理学和环境科学相关，但并未涉及大气环境遥感技术，如空气质量监测、卫星观测或大气成分分析等。,"['chlorophyll index', 'leaf chlorophyll content', 'monitoring']",Si Gao;Kai Yan;Jinhua Li;Cheng Huang;Xuanlong Ma;Wenjie Fan;Liangyun Liu;Qiao Wang,Structure-resistant chlorophyll index: A novel indicator for leaf chlorophyll content monitoring,
None,False,Remote Sensing of Environment,标题和摘要中未提及与大气环境遥感技术相关的内容，因此不相关。,[],,Editorial Board,
None,True,International Journal of Applied Earth Observation and Geoinformation,该论文研究了使用RTE（远程传感技术）指导的混合专家框架，用于AMSR2（高级微波辐射计2号）被动微波土壤湿度反演。AMSR2是一种用于卫星观测的微波传感器，土壤湿度反演属于大气环境遥感技术的一部分，因此该论文与大气环境遥感技术（如卫星观测、大气成分分析）密切相关。,"['RTE', 'mixture-of-experts', 'AMSR2', 'passive microwave', 'soil moisture retrieval']",Yurong Wu;Kebiao Mao;Jiancheng Shi;Zhonghua Guo;Sayed M. Bateni,An RTE-guided mixture-of-experts framework for AMSR2 passive microwave soil moisture retrieval,
None,False,International Journal of Applied Earth Observation and Geoinformation,该论文标题和摘要主要关注森林植物群落的干扰检测，涉及非平稳短 rotation forest plantations 的量化基线，与大气环境遥感技术（如空气质量监测、卫星观测、大气成分分析、气溶胶反演）关联性较弱。,[],Guerric le Maire;Florian de Boissieu;Clayton Alcarde Alvares;Henrique Ferraco Scolforo;Evandro Nunes Miranda;Vitória Barbosa Ferreira;Jean-Baptiste Féret;Joannès Guillemot;José Luiz Stape,Context-aware quantile baselines for disturbance detection in non-stationary short-rotation forest plantations,
None,False,International Journal of Applied Earth Observation and Geoinformation,该论文主要关注跨区域梯田地块提取的领域自适应技术，与大气环境遥感技术（如空气质量监测、卫星观测、大气成分分析、气溶胶反演等）关系不大。,"['domain adaptation', 'terraced parcel extraction', 'boundary aware']",Zhiwei Zhang;Xingyuan Zeng;Xinkai Kong;Juepeng Zheng;Haoyuan Liang;Guowei Zhou;Bohan Shi;Lingyuan Zhao;Jianxi Huang;Haohuan Fu,DATerra: Boundary and structure aware domain adaptation for cross-regional terraced parcel extraction,
None,True,International Journal of Applied Earth Observation and Geoinformation,该论文标题和摘要明确涉及使用多颗地球静止卫星（GK-2B、Himawari-9、FY-4B）融合技术来追踪东亚地区的气溶胶动态和烟雾输送。这与大气环境遥感技术密切相关，特别是空气质量和大气成分分析领域，因此高度相关。,"['aerosol dynamics', 'smoke transport', 'multi-geostationary satellite fusion', 'GK-2B', 'Himawari-9', 'FY-4B']",Tong Sha;Zhenan Yao;Yueming Cheng;Tie Dai;Jing Wei;Guangyu Shi,"Tracking diurnal aerosol dynamics and smoke transport over East Asia using multi-geostationary satellite fusion (GK-2B, Himawari-9, FY-4B)",
None,True,International Journal of Applied Earth Observation and Geoinformation,该论文研究了利用双时相高分辨率卫星图像和重投影数字高程模型（nDSM）来估算城市建筑高度的新方法。这属于遥感技术在城市地理信息提取和三维城市建模中的应用，与大气环境遥感技术中的地表参数反演和城市环境监测有间接关联，但主要关注点在于建筑高度估算，而非直接的大气成分或空气质量监测。,"['high resolution satellite imagery', 'urban building heights', 'nDSM']",Xiaoxue Feng;Li Tian;Peijun Li;Fang Chen;Changyong Dou,A novel method for estimating urban building heights using bi-temporal high resolution satellite imagery and reprojected nDSM,
None,True,International Journal of Applied Earth Observation and Geoinformation,该论文研究了南极冰盖表面融化动力学，涉及辐射和湍流控制，这与大气环境遥感技术（如卫星观测和大气成分分析）密切相关，因为遥感技术在监测冰盖变化和大气过程方面发挥着重要作用。,"['Antarctic Ice Sheet', 'surface melt dynamics', 'radiative controls', 'turbulent controls']",Ziqian Zhang;Wanchun Leng;Lei Zheng;Xiao Cheng;Tianjie Zhao;Teng Li;Qi Liang;Mengxi Zhai;Lingmei Jiang,Three decades of Antarctic Ice Sheet surface melt dynamics with disentangled radiative and turbulent controls,
None,False,International Journal of Applied Earth Observation and Geoinformation,该论文主要研究的是洪水平原湖泊的二维表面范围到三维水位的三维重建问题，涉及水文学和水利工程学，与大气环境遥感技术（如空气质量监测、卫星观测、大气成分分析、气溶胶反演等）没有直接关系。,"['hydraulically complex floodplain lakes', 'area–height framework', 'SWOT-calibrated']",Xin Jiang;Lin Yan;Shunqiang Hu;Yuanyan Zhang;Zhenzhong Zeng,From 2D surface extent to 3D water levels: A SWOT-calibrated area–height framework for multidecadal reconstruction in hydraulically complex floodplain lakes,
None,True,International Journal of Applied Earth Observation and Geoinformation,该论文使用MODIS植被轨迹和GEDI冠层结构数据来揭示喜马拉雅山脉的结构状态差异，涉及遥感技术和大气环境监测，因此与大气环境遥感技术相关。,"['MODIS', 'GEDI', 'vegetation', 'canopy structure', 'Hindu Kush Himalaya']",Niti B. Mishra,Beyond greenness: Combining MODIS vegetation trajectories and GEDI canopy structure to reveal contrasting structural states across the Hindu Kush Himalaya,
None,True,International Journal of Applied Earth Observation and Geoinformation,该论文标题和摘要明确涉及大气校正和低空遥感技术，特别是极端天顶角下的应用，这与大气环境遥感技术密切相关。,"['atmospheric correction', 'remote sensing', 'zenith angles']",Ming Xu;Jun Chen,A physics-guided transfer learning approach for atmospheric correction of low-altitude remote sensing at extreme zenith angles,
None,False,International Journal of Applied Earth Observation and Geoinformation,该论文主题涉及从密集SAR图像中检测小尺度船舶的方向性特征挖掘变换器，与大气环境遥感技术（如空气质量监测、卫星观测、大气成分分析、气溶胶反演）不直接相关。,"['SAR imagery', 'small-scale ships', 'directional feature excavation transformer']",Junjie Zhang;Baoxiang Huang;He Gao;Borui Li;Ge Chen,A directional feature excavation transformer for oriented detection of small-scale ships in dense SAR imagery,
None,False,International Journal of Applied Earth Observation and Geoinformation,该论文主要研究的是将GRACE卫星观测数据同化到水文模型中，探讨三峡水库在长江流域中的作用，与大气环境遥感技术（如空气质量监测、卫星观测、大气成分分析、气溶胶反演等）相关性较弱。,"['GRACE', 'hydrological model', 'Yangtze River Basin']",Jun Huang;Yuhao Xiong;Wei Feng;Fan Yang;Hongbing Bai;Min Zhong,Assimilating GRACE observations into a hydrological model in the Yangtze River Basin: The role of the Three Gorges Reservoir,
None,False,International Journal of Applied Earth Observation and Geoinformation,该论文主要关注的是土地利用变化检测和2米分辨率产品的生成，与大气环境遥感技术（如空气质量监测、卫星观测、大气成分分析、气溶胶检索）没有直接关系。,"['land use change', 'multi-task attention network', '分辨率']",Jun Sun;Weiguo Jiang;Haijiang Luo;Ziyan Ling;Shuhui Lai;Xiang Long,"DecAttNet: A decoder-centric multi-task attention network for rapid, large-scale land use change detection and 2 M resolution products generation",
None,True,International Journal of Applied Earth Observation and Geoinformation,该论文使用Sentinel-1卫星图像时间序列和一种新的Transformer模型来绘制选择性砍伐森林，这涉及到卫星观测技术，与大气环境遥感技术（如卫星观测和地表覆盖监测）密切相关。,"['Sentinel-1', 'time series', 'transformer-based model']",Xinyao Huang;Raian Vargas Maretto;Leila Maria Garcia Fonseca;Alfred Stein;Claudio Persello,Mapping selective logging with Sentinel-1 image time series and a novel transformer-based model,
None,True,International Journal of Applied Earth Observation and Geoinformation,该论文研究的是GICL-Net，一种图交互协作学习网络，用于联合分类高光谱成像（HSI）和激光雷达（LiDAR）数据。HSI和LiDAR都是大气环境遥感技术中的关键数据来源，用于空气质量和大气成分分析，因此该论文与大气环境遥感技术密切相关。,"['HSI', 'LiDAR', 'classification', 'atmospheric remote sensing']",Hao Zhu;Yulin Xie;Xiaotong Li;Huanhuan Wu;Zhongle Ren;Zhen Cao;Biao Hou,GICL-Net: A graph-interactive collaborative learning network for joint classification of HSI and LiDAR,
None,False,International Journal of Applied Earth Observation and Geoinformation,该论文主要关注地热活动地区的岩石和矿物蚀变，使用热红外光谱数据来绘制。这与大气环境遥感技术（如空气质量监测、卫星观测、大气成分分析、气溶胶反演）关系不大，因此相关性较弱。,"['thermal infrared spectroscopy', 'lithology', 'mineral alteration']",Federico Rabuffi;Simon J. Hook;Massimo Musacchio;Malvina Silvestri;Kerry Cawse-Nicholson;Maria Fabrizia Buongiorno;Zoe Amie Pierrat,Utilizing thermal infrared spectroscopy data to map lithology and mineral alteration in geothermally active areas,
None,True,International Journal of Applied Earth Observation and Geoinformation,该论文研究印度植被绿化的结构稳定性，使用了多季节的MODIS EVI数据，属于地球观测领域，与大气环境遥感技术中的卫星观测和植被分析相关。,"['MODIS', 'EVI', 'vegetation greening', 'Earth observation', 'India']",Dibyendu Dutta,Structural stability of vegetation greening across India from multi-season MODIS EVI: a time–frequency earth observation framework,
None,False,International Journal of Applied Earth Observation and Geoinformation,该论文主要研究的是长距离铁路多光谱（MLS）数据的语义分割框架，涉及全局先验和局部几何集成技术。虽然遥感技术被提及，但主要集中在铁路数据的应用，而非大气环境监测、空气质量、卫星观测或大气成分分析等具体方向。因此，与大气环境遥感技术相关性不强。,"['semantic segmentation', 'long-distance railway', 'MLS data']",Yue Zhang;Tao Xu;Wen Xiao;Liang Fei;Jiawei Wang;Yuanwei Yang;Lunche Wang,SegRail: A Framework for semantic segmentation of long-distance railway MLS data via global priors and local geometry integration,
None,True,International Journal of Applied Earth Observation and Geoinformation,该论文标题和摘要都明确提到了使用多源遥感技术和集成学习来分析树邻域尺度结构与辐射的耦合关系，这与大气环境遥感技术密切相关，特别是涉及大气成分分析和空气质量监测等领域。,"['multi-source remote sensing', 'ensemble learning', 'atmospheric composition analysis']",Guanjun Lian;Huaiqing Zhang;Hua Liu;Tingdong Yang;Hanqing Qiu;Yang Liu;Hongyan Yu;Xianying Wang,Tree-neighborhood scale structure–radiation coupling analysis and modeling using multi-source remote sensing and ensemble learning,
None,True,International Journal of Applied Earth Observation and Geoinformation,该论文与大气环境遥感技术密切相关，因为它涉及使用无人机（UAV）进行日夜间森林火灾分割，采用了RGB-热成像网络技术，这与大气环境监测和遥感技术中的图像处理与分析高度相关。,"['wildfire segmentation', 'UAV', 'brightness-adaptive', 'RGB–thermal network']",Peng Cheng;Luli Zhang;Bin Wang;Junyi Liu;Haigang Sui,DNFNet: a brightness-adaptive lightweight RGB–thermal network for day–night UAV wildfire segmentation,
None,False,International Journal of Applied Earth Observation and Geoinformation,该论文的主题是地质灾害监测中的岩石裂隙轻量级分割，涉及地质学和岩石力学领域，与大气环境遥感技术（如空气质量监测、卫星观测、大气成分分析、气溶胶检索）没有直接关系。,"['rock-mass cracks', 'geological hazard monitoring', 'anisotropic feature modeling']",Qin Bao;Yong Yang;Yongyi Xiang;Heng Zhang,Lightweight segmentation of rock-mass cracks based on anisotropic feature modeling for geological hazard monitoring,
None,True,International Journal of Applied Earth Observation and Geoinformation,该论文研究的是GFS-Net算法在光学-SAR（合成孔径雷达）土地覆盖分类中的应用，涉及遥感技术在土地覆盖分类方面的应用，属于大气环境遥感技术领域，特别是卫星观测和地表参数反演方面。,"['GFS-Net', 'optical-SAR', 'land-cover classification']",Hongkang Tao;Qin Huang;Teng Zhong;Zan Yang;Haobo Qiu;Chen Jiang,GFS-Net: Geometry–frequency synergistic fusion for accurate optical–SAR land-cover classification,
None,True,International Journal of Applied Earth Observation and Geoinformation,该论文研究如何通过多源时间序列数据监测森林冠层高度变化，这与大气环境遥感技术中的植被监测和大气成分分析相关，因为冠层高度是反映森林健康状况和环境变化的重要指标。,"['canopy height', 'time series', 'forest growth']",Hugo de Lame;Thibauld Collet;Pauline Depoortere;Alexia Favaro;Philippe Lejeune;Adrien Michez;Antoine Plumacker;Jérôme Perin;Thomas Pollet;Quentin Ponette;Zoé Rousseau;Arthur Vander Linden;Marie-Pierre Tasseroul;Christian Messier;Jean-François Bastin,Monitoring forest growth dynamics from harmonized multi-source time series of canopy height,
None,True,International Journal of Applied Earth Observation and Geoinformation,该论文研究的是如何使用连续优化框架和适宜性地图在火星上识别高价值着陆椭圆，这属于空间探测和行星科学领域，与大气环境遥感技术（如卫星观测、行星大气成分分析）有一定关联，但主要关注点在于着陆点的选择，而非大气环境的直接监测或分析。,"['Mars', 'landing ellipses', 'continuous optimization framework', 'suitability map']",Rong Wang;Yongjiu Feng;Yuhao Wang;Yi Zhou;Panli Tang;Jingbo Sun;Yusheng Xu;Chao Wang;Sicong Liu;Zhen Ye;Xiaohua Tong,Identifying high-value landing ellipses on Mars using a continuous optimization framework with suitability map,
None,True,International Journal of Applied Earth Observation and Geoinformation,该论文研究利用GEDI（全球地球观测数据集）的时空-光谱特征进行建筑物高度测绘，涉及卫星观测技术和大气环境分析，与大气环境遥感技术相关。,"['GEDI', 'building height mapping', 'spatial-spectral characteristics']",Xiao Ma;Yajie Qu;Hexiang Wang;Meiyuan Chen;Chuyi Yang;Guang Zheng;Chi Xu;Yixi Bi,Filtering GEDI footprints based on combined spatial-spectral characteristics for individual building height mapping in 12 major global cities,
None,True,International Journal of Applied Earth Observation and Geoinformation,该论文的标题和摘要明确涉及大气环境遥感技术，特别是针对火星的人为变化检测，使用了对比引导的层次无监督方法。这与大气环境遥感技术（如卫星观测、大气成分分析）密切相关，因此密切相关。,"['Martian', 'anthropogenic changes', 'contrast-guided hierarchical unsupervised method']",Jiang Long;Sicong Liu;Yuxuan Hu;Jiayi Wu;Tao Liu;Yonggang Xiong;Kaiyue Luo;Jie Zhang;Kecheng Du;Huan Xie;Xiaohua Tong,CGHU-CD: A contrast-guided hierarchical unsupervised method for detecting Martian anthropogenic changes,
None,True,International Journal of Applied Earth Observation and Geoinformation,该论文研究了卫星-地面闪电融合技术在中国的边缘海域的应用，涉及空间-时间零模型框架，这与大气环境遥感技术中的卫星观测和雷电监测密切相关，属于大气环境遥感技术领域。,"['satellite-ground lightning fusion', 'Chinese marginal seas', 'null-model framework']",Nengxing Guo;Li Cai;Wenzhao Lu;Yingpu Xie;Yuheng Niu;Tao Li;Chun Zhao;Shanqiang Gu,A factorial spatial–temporal null-model framework for satellite–ground lightning fusion across Chinese marginal seas,
None,False,International Journal of Applied Earth Observation and Geoinformation,该论文主要关注虚拟地理场景建模和城市高速公路隧道场景的数字孪生技术，与大气环境遥感技术（如空气质量监测、卫星观测、大气成分分析、气溶胶反演）相关性较低。,"['virtual geographical scene modeling', 'geospatial digital twins', 'urban highway tunnel scenarios']",Jinbin Zhang;Jun Zhu;Bowen Yang;Zhihao Guo;Ranran Tang;Tao Jiang;Jigang You,Virtual geographical scene modeling towards geospatial digital twins: A case study of urban highway tunnel scenarios,
None,True,International Journal of Applied Earth Observation and Geoinformation,该论文研究从太空探测甲烷并估计其排放量，涉及PRISMA和EnMAP卫星传感器与GHGSat星座的基准测试，这与大气环境遥感技术（如空气质量监测、卫星观测、大气成分分析、气溶胶反演）密切相关。,"['Methane', 'space', 'PRISMA', 'EnMAP', 'GHGSat']",Daniele Settembre;Davide De Santis;Giovanni Schiavon;Fabio Del Frate,Methane detection and emission estimation from space: Benchmarking PRISMA and EnMAP with the GHGSat constellation,
None,True,International Journal of Applied Earth Observation and Geoinformation,该论文研究了利用iTransformer技术结合ERA5再分析和GNSS观测数据重建三维对流层延迟场，这与大气环境遥感技术密切相关，特别是大气成分分析和空气质量监测领域。,"['tropospheric delay fields', 'GNSS observations', 'atmospheric composition analysis']",Fangxin Hu;Bo Chen;Mingyuan Zhang;Ran Lu;Pengfei Xia;Tengfeng Wang;Xiaowei Zou;Yuanfan Deng,Tropoformer-S: iTransformer-based spatiotemporal reconstruction of three-dimensional tropospheric delay fields integrating ERA5 reanalysis and GNSS observations,
None,True,International Journal of Applied Earth Observation and Geoinformation,该论文使用了多源地球观测技术（multi-source Earth observation）来量化湖泊扩张概率，涉及大气成分分析（atmospheric composition analysis），因此与大气环境遥感技术相关。,"['Earth observation', 'atmospheric composition', 'remote sensing']",Xiaoyang Zhao;Nai’ang Wang;Liqiang Zhao;Dezhong Zhang;Na’na Zhai;Hang Zhao;Liqiong Bai,Quantifying lake expansion probability under compound glacier–climate forcing using a GCL-CPF framework integrating multi-source Earth observation and vine copula theory,
None,True,International Journal of Applied Earth Observation and Geoinformation,该论文标题和摘要表明其研究内容涉及遥感技术在农业作物测绘中的应用，特别是结合了局部和全局上下文感知网络（PLGCA-SAM）的方法。虽然主要关注作物测绘，但遥感技术本身与大气环境监测（如大气成分分析、卫星观测）密切相关，因此可以认为其与大气环境遥感技术有较强的相关性。,"['remote sensing', 'crop mapping', 'atmospheric composition analysis']",Lihua Cui;Wenting Han;Xuedong Zhai;Guang Li;Shah Jahan Leghari;Yi Liao;Ziao Zhou;Shenjin Huang,PLGCA-SAM: Progressive local and global context-aware network incorporating SAM for remote sensing crop mapping,
None,True,International Journal of Applied Earth Observation and Geoinformation,该论文使用多频微波遥感技术研究森林对干旱胁迫的分层响应，涉及遥感技术和大气环境监测，因此与大气环境遥感技术密切相关。,"['multi-frequency microwave remote sensing', 'stratified forest', 'drought stresses']",Xu Zhang;Xiang Zhang;Fei Zhang;Xihui Gu;Hongliang Ma;Aminjon Gulakhmadov;Rabindra Kumar Panda;Mahlatse Kganyago;Veber Costa;Won-Ho Nam;Dash Subhaprada;Uma Charan Mohanty;Jiangyuan Zeng;Wen Xiao;José A. Marengo;Chao Yang;Wenying Du;Zeqiang Chen;Longgang Xiang;Nengcheng Chen,Multi-frequency microwave remote sensing reveals stratified forest responses to diverse drought stresses,
None,False,International Journal of Applied Earth Observation and Geoinformation,该论文主要研究的是地震引发的区域滑坡强度建模，涉及的是地质学和地震学领域，与大气环境遥感技术（如空气质量监测、卫星观测、大气成分分析、气溶胶反演等）没有直接关系。,[],Binghai Gao;Yi Wang;Xiaolong Zhang;Xin Wang;Jingqi Huang;Pan Cao;Yongheng Li;Jiwei Wang,"Modeling regional coseismic landslide intensity with an interpretable Log-Gaussian GAM: Integrating size, mobility, and their interactions",
None,True,International Journal of Applied Earth Observation and Geoinformation,该论文标题和摘要中明确提到了“遥感图像分割”，并且使用了“视觉基础模型”来指导文本-图像对齐，这与大气环境遥感技术中的图像处理和分析高度相关，例如卫星观测和空气质量监测。,"['remote sensing', 'image segmentation', 'vision foundation model']",Yijie Zhang;Jian Cheng;Shimiao Fan;Changjian Deng;Ziying Xia;Nyima Tashi,Improving text–image alignment for referring remote sensing image segmentation guided by vision foundation model,
None,True,International Journal of Applied Earth Observation and Geoinformation,该论文研究了气象干旱与长江中下游地区复合水汽源-输送异常之间的概率关联，涉及大气成分和水汽输送等与环境遥感技术相关的内容，因此与大气环境遥感技术密切相关。,"['meteorological drought', 'moisture sources', 'atmospheric composition']",Hanlin Zheng;Tianliang Jiang;Yanping Qu;Qianfeng Wang;Yachao Zhang,Probabilistic associations between meteorological drought and compound moisture sources-transport anomalies in the middle and lower Yangtze River,
None,False,International Journal of Applied Earth Observation and Geoinformation,该论文的主题是使用社交媒体数据识别大城市的城市内涝优先区域，与大气环境遥感技术（如空气质量监测、卫星观测、大气成分分析、气溶胶反演）没有直接关系。,[],Xi Huang;Guicheng Yang;Yinyin Chen;Luo Liu;Jiufeng Li;Xianzhe Tang,A spatiotemporal framework for identifying urban flood priority areas in megacities using social media data,
None,True,International Journal of Applied Earth Observation and Geoinformation,该论文研究的是基于地表温度异常提取的孤立邻域框架，属于遥感技术在环境监测中的应用，与大气环境遥感技术（如空气质量监测、卫星观测、大气成分分析、气溶胶反演）密切相关。,"['LST', 'surface thermal anomaly', 'atmospheric remote sensing']",Pengcheng Wu;Qingyan Meng;Linlin Zhang;Mona Allam;Longfei Liu;Hantian Wu,SRAIN: An isolated-neighborhood-based framework for LST-based surface thermal anomaly extraction,
None,True,International Journal of Applied Earth Observation and Geoinformation,该论文与大气环境遥感技术相关，因为它涉及使用单时相遥感影像进行建筑物损坏检测，这属于大气环境遥感技术在灾害监测和评估中的应用范畴。,"['remote sensing imagery', 'building damage detection', 'single-temporal']",Chunfeng Gao;Zheng Gong;Bing He;Ying Qu;Qiao Wang;Weihua Dong,DPNet: A disaster perception network for building damage detection using single-temporal remote sensing imagery,
None,True,International Journal of Applied Earth Observation and Geoinformation,该论文研究了不同地物类型下最佳分割尺度的问题，涉及海岸湿地景观，虽然不直接提及大气环境遥感技术，但其研究方法（如从0.02米到30米的系统性实证表征）与遥感技术中的图像处理和分析方法相关，因此可以认为与大气环境遥感技术有一定关联。,"['land-cover types', 'segmentation scale', 'coastal wetland']",Xiaonan Zhou;Junkai Shi;Qingyu Li;Zhenguo Niu,"Resolution-dependent divergence of optimal segmentation scale across land-cover types in a coastal wetland landscape: A systematic empirical characterization from 0.02 to 30 m near the Yellow River estuary, Dongying, China",
None,False,International Journal of Applied Earth Observation and Geoinformation,该论文主要关注的是高光谱和多光谱图像融合的多尺度空间条件光谱路由网络，虽然与遥感技术相关，但重点在于图像处理和融合算法，而非大气环境监测或成分分析。,"['hyperspectral', 'multispectral', 'image fusion']",Bo Zhou;Xianfeng Zhang;Ziyuan Feng;Miao Ren;Xiaobo Zhi,A multi-scale spatial-conditioned spectral routing network for hyperspectral and multispectral image fusion,
None,True,International Journal of Applied Earth Observation and Geoinformation,该论文研究了如何通过物理约束的多任务学习技术，从地球静止卫星的太阳总辐射反射率中改进小时PM2.5的估算，这与大气环境遥感技术中的空气质量监测和卫星观测直接相关。,"['PM2.5', 'geostationary satellite', 'TOA reflectance', 'multi-task learning']",Ruijie Li;Zhe Zheng;Chenru Zou;Ke Li;Xidong Sun;Chaoshun Liu;Guangze Zhang;Kaixu Bai,Improving hourly PM<sub>2.5</sub> estimation from geostationary satellite TOA reflectance through physically constrained multi-task learning,
None,True,International Journal of Applied Earth Observation and Geoinformation,该论文标题和摘要中明确提到了“remote sensing”（遥感技术）和“scene segmentation”（场景分割），这与大气环境遥感技术密切相关。场景分割是遥感图像分析中的一个重要技术，用于提取地表覆盖信息，进而分析大气成分和空气质量。因此，该论文与大气环境遥感技术（如空气质量监测、卫星观测、大气成分分析等）密切相关。,"['remote sensing', 'scene segmentation', 'atmospheric composition']",Wenwu Xiong;Wei Chen;Zhou Huang;Hongzhao Tang;Kevin Tansey;Józef Hernik;Binbin Lu;Shichao Cui;Yida Chen,SFMNet: Joint semantic and structural modeling via spatial–frequency collaboration for remote sensing scene segmentation,
None,True,International Journal of Applied Earth Observation and Geoinformation,该论文使用物理引导的机器学习方法从Landsat地表反射率估算时空无缝的FAPAR（叶面积指数），FAPAR与植被指数密切相关，而Landsat是常用的卫星传感器之一。因此，该研究涉及大气环境遥感技术，特别是卫星观测和植被分析。,"['FAPAR', 'Landsat', 'machine learning', 'surface reflectance']",Yimin Ni;Gaofei Yin;Guodong Zhang;Gang Sun;Xiaodan Wu;Xiaojun Li;Xinyan Liu;Anxin Ding;Rui Chen;Meilian Wang;Yi Zhang;Jiangchuan Hu;Zongyan Li;Aleixandre Verger,Physics-Guided Machine learning approach for estimating spatiotemporally seamless FAPAR from Landsat surface reflectance,
None,True,International Journal of Applied Earth Observation and Geoinformation,该论文研究了视觉基础模型在遥感语义分割中的参数高效多模态自适应方法，这与大气环境遥感技术中的卫星观测、空气质量监测等领域密切相关。,"['remote sensing', 'semantic segmentation', 'vision foundation models']",Haocheng Li;Juepeng Zheng;Shuangxi Miao;Ruibo Lu;Guosheng Cai;Haohuan Fu;Jianxi Huang,Parameter-efficient multimodal adaptation of vision foundation models for remote sensing semantic segmentation,
None,True,International Journal of Applied Earth Observation and Geoinformation,该论文使用深度学习和超分辨率技术处理Sentinel-2和Landsat-8卫星图像，以绘制加利福尼亚野火烧毁区域。这属于遥感技术在火灾监测和地表覆盖变化分析中的应用，与大气环境遥感技术（如卫星观测和地表参数反演）密切相关。,"['Sentinel-2', 'Landsat-8', 'deep learning', 'burned area mapping', 'wildfires']",Youngmin Seo;Seung Hee Kim;Menas Kafatos;Jinsoo Kim;Yangwon Lee,Deep learning-based burned area mapping of California wildfires using Sentinel-2 and Landsat-8 imagery enhanced with super-resolution techniques,
None,True,International Journal of Applied Earth Observation and Geoinformation,该论文研究了使用数据驱动深度学习方法增强从地球静止卫星Himawari-8获取的气溶胶光学/微物理参数的检索技术，这与大气环境遥感技术（如空气质量监测、卫星观测、大气成分分析、气溶胶检索）密切相关。,"['Himawari-8', 'aerosol optical/microphysical parameters', 'deep learning method']",Lina Xu;Siyu Liu;Minghui Tao;Jun Wang;Xincai Chang;Wenjing Man;Jie Ma;Huang Zhang;Jhoon Kim,Enhanced retrieval of aerosol optical/microphysical parameters for Himawari-8 geostationary satellite measurements with data-driven deep learning method,
None,False,International Journal of Applied Earth Observation and Geoinformation,该论文主要关注的是利用深度学习技术在山区进行树木分割和多维度属性提取，研究内容与大气环境遥感技术（如空气质量监测、卫星观测、大气成分分析、气溶胶反演等）没有直接关联，因此不相关。,"['deep learning', 'tree segmentation', 'attribute extraction']",Guangbin Lei;Ainong Li;Jinhu Bian;Zhengjian Zhang;Xiaohan Lin;Xi Nan;Amin Naboureh;Yulan Chen;Yi Deng,A multi-task collaborative method for individual tree segmentation and multi-dimensional attribute extraction in mountainous areas using deep learning technologies,
None,True,International Journal of Applied Earth Observation and Geoinformation,该论文与大气环境遥感技术密切相关，因为它涉及从SMAP（Soil Moisture Active Passive）卫星获取全球土壤湿度，使用了土壤介电模型进行优化。这与大气环境遥感技术中的卫星观测和大气成分分析相关，特别是土壤湿度的遥感监测。,"['soil moisture retrieval', 'SMAP', 'dielectric model', 'global soil moisture']",Yulin Shangguan;Jian Peng;Cheng Tong;Xingyu Xue;Xiaojun Xu;Xiaodong Deng;Xiaoxiao Min;Zhou Shi;Jean-Pierre Wigneron,Optimal soil dielectric model map for global soil moisture retrieval from SMAP,
None,False,International Journal of Applied Earth Observation and Geoinformation,该论文主要关注的是海洋颜色数据集及其在海洋生态监测中的应用，虽然涉及遥感技术，但主要目的是生态监测，而非大气环境遥感技术（如空气质量监测、卫星观测、大气成分分析或气溶胶反演）。,"['Ocean-Colour', 'marine ecological monitoring', 'daily dataset']",Yuan Zhang;Hui Yang;Fang Shen;Tingwei Cui;Liu Cui;Renhu Li;Qingzhou Lv;Xuerong Sun,"A Global, Gap-Free daily Ocean-Colour dataset (2000–2024) for robust marine ecological monitoring",
None,True,International Journal of Applied Earth Observation and Geoinformation,该研究使用无人机（UAV）和反照率特性函数（BRDF）衍生的植被指数来获取树木高度，这与大气环境遥感技术密切相关，特别是与植被参数反演和遥感监测相关。,"['UAV', 'BRDF', 'vegetation indices', 'tree height retrieval', 'atmospheric remote sensing']",Zhihui Mao;Lei Deng;Qinghua Qiao,Viewing-geometry effects on UAV-based tree height retrieval using BRDF-derived vegetation indices,
None,False,International Journal of Applied Earth Observation and Geoinformation,该论文主要研究中国最大海草床的长期时空动态变化，虽然使用了卫星追踪技术，但主题与大气环境遥感技术（如空气质量监测、卫星观测、大气成分分析、气溶胶反演）关系不大。,"['seagrass meadow', 'satellite tracking', 'spatiotemporal dynamics']",Jun Tang;Yingcheng Lu;Zhiyuan Ouyang;Yarong Zou;Futao Wang;Yuntao Wang;Chao Zhou;Yanlong Chen,Satellite tracking of long-term spatiotemporal dynamics in China’s largest seagrass meadow,
None,False,International Journal of Applied Earth Observation and Geoinformation,该论文标题和摘要中并未提及与大气环境遥感技术相关的关键词，如空气质量监测、卫星观测、大气成分分析或气溶胶反演等。标题中的'Remote SAMsing'和'From segment anything to segment everything'似乎是关于某种人工智能或图像分割技术的研究，与大气环境遥感技术无关。,"['segment anything', 'segment everything']",Osmar Luiz Ferreira de Carvalho;Osmar Abílio de Carvalho Júnior;Anesmar Olino de Albuquerque;Daniel Guerreiro e Silva,Remote SAMsing: From segment anything to segment everything,
None,False,International Journal of Applied Earth Observation and Geoinformation,这篇论文主要关注使用移动激光扫描和语义3D道路空间模型进行物体表面的辐射指纹识别，与大气环境遥感技术（如空气质量监测、卫星观测、大气成分分析、气溶胶反演等）没有直接关系。,"['mobile laser scanning', 'semantic 3D road space models', 'radiometric fingerprinting']",Benedikt Schwab;Thomas H. Kolbe,Radiometric fingerprinting of object surfaces using mobile laser scanning and semantic 3D road space models,
None,True,International Journal of Applied Earth Observation and Geoinformation,该研究使用深度学习模型，结合光学和SAR卫星图像来估算北欧地区的体积和Lorey’s高度，这与大气环境遥感技术中的卫星观测和大气成分分析密切相关，因此是相关的。,"['optical satellite images', 'SAR satellite images', 'deep learning models', 'volume', 'Lorey’s height']",Zsofia Koma;Oleg Antropov;Oliver Cartus;Jukka Miettinen;Johannes Breidenbach,Deep learning models for estimating volume and Lorey’s height across Nordic countries using optical and SAR satellite images,
None,False,International Journal of Applied Earth Observation and Geoinformation,该论文主要研究的是利用卫星嵌入技术进行作物类型分类的比较分析，虽然涉及卫星技术，但其核心内容与大气环境遥感技术（如空气质量监测、卫星观测、大气成分分析、气溶胶反演等）无关。,"['satellite embeddings', 'crop type classification', 'comparative examination']",Britt W. Smith;Jessica J. Walker;Christopher E. Soulard,Satellite embeddings for crop type classification: a comparative examination,
None,False,International Journal of Applied Earth Observation and Geoinformation,该论文关注的是基于网络的个体树木分割方法，用于处理机载激光雷达（ALS）点云数据，与大气环境遥感技术（如空气质量监测、卫星观测、大气成分分析、气溶胶反演等）关系不大。,"['tree segmentation', 'ULS point clouds', 'network-inspired restructuring']",Lei Bao;Yong Wu;Leiguang Wang;Xiaoli Zhang;Zhibo Yu;Zhi Liu;Chi Lu;Yuansu Xu;Hong Wang;Xiaohan Liu;Weibin Wang;Hongbin Luo;Guanglong Ou,Network-inspired restructuring for individual tree segmentation in ULS point clouds,
None,True,International Journal of Applied Earth Observation and Geoinformation,该研究涉及光学SAR（合成孔径雷达）的变化检测，SAR技术常用于大气环境遥感，如监测地表变化和大气中的气溶胶等，因此与大气环境遥感技术密切相关。,"['optical-SAR', 'change detection', 'atmospheric remote sensing']",Yujie Li;Xuanguang Liu;Chenguang Dai;Zhenchao Zhang;Lei Ding;Han Zhu;Ruihua Lu;Hanyun Wang,Joint learning of frequency-spatio-temporal dependencies and structural context for optical-SAR change detection,
None,True,International Journal of Applied Earth Observation and Geoinformation,该论文使用AVIRIS-3（一个卫星传感器）来模拟植被演替模式，研究退化融蚀斜坡，这与大气环境遥感技术中的卫星观测和植被分析相关。,"['AVIRIS-3', 'vegetation succession', 'retrogressive thaw slumps']",Bhagyashree Verma;Emma C. Hall;Mark J. Lara,Simulated AVIRIS-3 detects species-specific patterns of vegetation succession in retrogressive thaw slumps,
None,True,International Journal of Applied Earth Observation and Geoinformation,该论文研究的是利用地形引导的三模态Mamba网络来绘制小冰期冰川，涉及遥感技术和地理信息系统，与小冰期冰川监测相关，但主要关注点为冰川而非大气环境监测，因此与大气环境遥感技术有一定关联但并非强相关。,"['glaciers', 'terrain-guided', 'Mamba network']",Jun Zhou;Shiyin Liu;Fuming Xie;Caixia Qin,Mamba-trident: terrain-guided tri-modal Mamba network for mapping little ice age glaciers,
None,True,International Journal of Applied Earth Observation and Geoinformation,该研究涉及叶绿素荧光和总初级生产力，这些是大气环境遥感技术中用于监测植被健康和光合作用的重要指标。研究还提到了多生物群落和跨站点评估，这与遥感技术在空间尺度上分析大气环境变化密切相关。因此，该论文与大气环境遥感技术（如植被监测和大气成分分析）有较强的相关性。,"['chlorophyll fluorescence', 'gross primary productivity', 'canopy structure']",Fangyi Lv;Kaimin Sun;Shunxia Miao;Yi Xu;Wei Cui;YePei Chen;Wenzhuo Li;Xiuqing Hu,Disentangling leaf physiology and canopy structure effects on solar-induced chlorophyll fluorescence and gross primary productivity: A multi-biome and cross-site assessment,
None,True,International Journal of Applied Earth Observation and Geoinformation,该论文研究的是一种基于物理约束的神经网络，用于重建全谱段太阳诱导叶绿素荧光，这与大气环境遥感技术中的大气成分分析密切相关。叶绿素荧光是植被健康的重要指标，而遥感技术常用于监测大气成分和植被状态，因此该研究确实属于大气环境遥感技术的范畴。,"['physics-constrained neural network', 'solar-induced chlorophyll fluorescence', 'atmospheric composition']",Dianrun Zhao;Shanshan Du;Yulu Du;Xinjie Liu;Liangyun Liu,FSIF-PCNN: A physics-constrained neural network for full-spectrum solar-induced chlorophyll fluorescence reconstruction,
None,True,International Journal of Applied Earth Observation and Geoinformation,该论文使用SDGSAT-1夜间光影像评估城市户外运动场地的照明质量，这与大气环境遥感技术中的卫星观测和城市环境分析相关，但更侧重于照明质量而非传统的空气质量监测或大气成分分析。,"['SDGSAT-1', 'nighttime light imagery', 'urban outdoor sports fields']",Tingrui Guo;Min Zhao;Zhuolin Tao;Jiaqi Fu;Xinyi Song;Yuyu Zhou,Assessment of lighting quality in urban outdoor sports fields using 10-m SDGSAT-1 nighttime light imagery,
None,True,International Journal of Applied Earth Observation and Geoinformation,该论文研究的是利用多源地球观测数据进行近实时野火烧毁面积制图，涉及地球观测技术，与大气环境遥感技术（如卫星观测、大气成分分析）密切相关，因此相关性较强。,"['wildfire burned area mapping', 'multi-source earth observation', 'near-real-time']",Mirza Waleed;Muhammad Bilal,BAM: A physics-informed self-supervised framework for near-real-time wildfire burned area mapping from multi-source earth observation,
None,False,International Journal of Applied Earth Observation and Geoinformation,该论文主要关注的是利用物理散射引导的先验增强Mamba模型生成复杂背景下的高保真SAR船舶图像，虽然涉及遥感技术（SAR），但重点在于船舶生成和图像处理，而非大气环境监测、空气质量、卫星观测或大气成分分析等具体大气环境遥感技术领域。,"['SAR', 'ship generation', 'physical Scattering-Guided Prior']",Moran Ju;Changqi Wang;Si-Nian Jin,A physical Scattering-Guided Prior-Enhanced Mamba model for high-fidelity SAR ship generation in complex backgrounds,
None,False,International Journal of Applied Earth Observation and Geoinformation,该论文主要关注无人机RGB和高光谱影像在土豆植物病害检测中的应用，虽然涉及遥感技术，但并非大气环境遥感技术，如空气质量监测、卫星观测、大气成分分析或气溶胶反演等。,"['UAV', 'RGB imagery', 'hyperspectral imagery', 'potato plant disease detection']",Tianyi Jia;Magdalena Smigaj;Gert Kootstra;Lammert Kooistra,Deep spatial-spectral fusion of UAV RGB and hyperspectral imagery for potato plant disease detection,
None,False,International Journal of Applied Earth Observation and Geoinformation,该论文的主题是使用深度学习自动划定荷兰的产权边界，与研究大气环境遥感技术（如空气质量监测、卫星观测、大气成分分析、气溶胶反演）无关。,[],Jeroen Grift;Claudio Persello;Mila Koeva,From pixels to vectorized cadastral boundaries: Deep learning-based automated delineation of property boundaries in the Netherlands,
None,False,International Journal of Applied Earth Observation and Geoinformation,该论文的标题和摘要主要关注图像匹配和姿态先验学习，与大气环境遥感技术（如空气质量监测、卫星观测、大气成分分析、气溶胶反演）没有直接关联。,[],Hongyang Zhang;Yusheng Xu;Changyou Xu;Rong Huang;Zhen Ye;Yan Xia;Xiaohua Tong,Learning from noisy pose priors: Geometry-guided routing attention for robust image matching,
None,True,International Journal of Applied Earth Observation and Geoinformation,该论文研究使用多角度TECIS数据（Total Electron Content Integrated Sensor）进行森林生物量估算，涉及大气环境遥感技术中的数据分析和应用，与大气环境遥感技术（如卫星观测、大气成分分析）密切相关。,"['Multi-Angular TECIS', 'forest biomass estimation', 'atmospheric remote sensing']",Xuexia Sun;Xiaoyao Li;Bingxiang Tan;Fayun Wu;Yuxuan Liu;Shimei Xiong,Feature selection from Multi-Angular TECIS data for forest biomass estimation using a Model-driven sensitivity analysis approach,
None,False,International Journal of Applied Earth Observation and Geoinformation,该论文研究的是利用VIIRS夜间灯光数据量化地震引起的建筑物损坏，涉及的技术和主题与大气环境遥感技术（如空气质量监测、卫星观测、大气成分分析、气溶胶反演）无关，因此不相关。,"['VIIRS', 'nighttime lights', 'deep learning']",Hee-Su Joo;Seon-Gyu Kim;Jin-Hyeong Lee;Hyung-Sup Jung,Quantifying earthquake-induced building damage from VIIRS nighttime lights: A multi-scale framework with deep learning–based area validation,
None,False,International Journal of Applied Earth Observation and Geoinformation,该论文主要关注森林昆虫损害的预警，虽然涉及时空先验知识和因子驱动建模，但并未直接涉及大气环境遥感技术，如空气质量监测、卫星观测、大气成分分析或气溶胶反演等。,"['forest insect damage', 'spatiotemporal prior knowledge', 'factor-driven modeling']",Haoyan Zhang;Shiming Li;Yaozhong Pan,Integrating spatiotemporal prior knowledge from co-segmented time-series into factor-driven modeling for forest insect damage warning,
None,False,International Journal of Applied Earth Observation and Geoinformation,该论文的主题是印度砖窑的分布和技术类型的时间分析，主要关注砖窑的社会经济和地理分布，而不是大气环境遥感技术，如空气质量监测或卫星观测。因此，它与大气环境遥感技术没有强关联。,[],Sugandha Arora;Clément Goldmann;Stefan Oehmcke;Jan Pauls;Chuanlong Zhou;Abhinav Sharma;Kushal Tibrewal;Harish Phuleria;Fabian Gieseke;Philippe Ciais,Brick kilns across India: A temporal analysis of brick kiln distribution and technology types,
None,True,International Journal of Applied Earth Observation and Geoinformation,该论文使用地球观测技术（如卫星观测）来评估喀斯特干旱的传播，涉及地表和深层的响应机制，这与大气环境遥感技术（如卫星观测和地表现象监测）密切相关。,"['Earth Observation', 'karst drought', 'multisource']",Chengchang Tian;Qiuwen Zhou;Ze Yuan;Yuan Li;Igor Leščešen;Slobodan Gnjato;Pedro A.M. Leite,Global assessment of karst drought propagation from multisource Earth Observation: Epikarst-mediated rapid shallow coupling and delayed deep responses,
None,True,International Journal of Applied Earth Observation and Geoinformation,该论文研究了使用FY-3G多角度偏振观测仪进行全球云相监测，并使用新的MAPLE-CP框架和独立的多站点激光雷达验证。这与大气环境遥感技术密切相关，特别是云相监测和大气成分分析。,"['FY-3G', 'polarimetric observations', 'cloud phase monitoring', 'lidar validation']",Yaying Wang;Haofei Wang;Chuanfeng Zhao;Qiao Wang;Kun Jia;Jinlong Fan;Hang Lyu;Sijie Chen;Zhenping Yin;Xing Yan,Global cloud phase monitoring from FY-3G multi-angle polarimetric observations using the new MAPLE-CP framework with independent multi-site lidar validation,
None,True,International Journal of Applied Earth Observation and Geoinformation,该论文研究如何通过体积保持插值预处理步骤来减少空气温度降尺度过程中的网格伪影。这与大气环境遥感技术中的空气质量监测和大气成分分析密切相关，因为降尺度和插值是处理遥感数据（如卫星观测数据）的重要步骤。,"['air temperature', 'downscaling', 'Volume-Preserving interpolation']",Zitong Wen;Lu Zhuo;Jiao Wang;Ahmed Abdelhalim;Ming Zhong;Dawei Han,Reducing grid artifacts in air temperature downscaling with a Volume-Preserving interpolation preprocessing step,
None,True,International Journal of Applied Earth Observation and Geoinformation,该论文标题和摘要明确涉及了气溶胶-云探测通道、特定波长（532 nm）以及DQ-1/ACDL卫星传感器的线性拟合校准算法。这些内容与大气环境遥感技术中的空气质量监测、卫星观测和大气成分分析密切相关，因此该论文与大气环境遥感技术高度相关。,"['Aerosol-Cloud detection channels', '532 nm', 'DQ-1/ACDL', 'Linear-Fitting calibration algorithm']",Feiyue Mao;Chengen Li;Lin Zang;Zengxin Pan;Weiwei Xu;Ge Han;Xiuqing Hu;Weibiao Chen;Wei Gong,Linear-Fitting calibration algorithm for Aerosol-Cloud detection channels at 532 nm of the DQ-1/ACDL,
None,False,International Journal of Applied Earth Observation and Geoinformation,该论文主要研究利用冠层高光谱数据和机器学习技术检测水稻白叶枯病，与大气环境遥感技术（如空气质量监测、卫星观测、大气成分分析、气溶胶反演）没有直接关联。,"['hyperspectral data', 'machine learning', 'rice bacterial leaf blight']",Ziyi Wang;Roshanak Darvishzadeh;Nancy Castilla;Alice Laborte;Andrew Nelson,Early detection of rice bacterial leaf blight disease using canopy hyperspectral data and machine learning,
None,False,International Journal of Applied Earth Observation and Geoinformation,该论文标题和摘要内容主要关注的是基于图转换器的决策框架，用于选择性更新矢量建筑数据，这与大气环境遥感技术（如空气质量监测、卫星观测、大气成分分析、气溶胶反演等）无关。,[],Yue Qiu;Fang Wu;Haizhong Qian;Jichong Yin;Xianyong Gong;Chengyi Liu;Hao Zhang;Rui Cao,V-BUILD: A graph Transformer-based decision framework for selective updating of vector building data,
None,True,International Journal of Applied Earth Observation and Geoinformation,该论文标题和摘要涉及地表煤矿的生态环境质量评估，其中提到一种新的方法（MiecoI）。虽然不是直接针对大气环境遥感技术，但涉及到环境监测和质量评估，与大气环境遥感技术在广义上相关，因为大气环境遥感技术常用于环境监测。,"['surface coal Mines', 'Eco-Environmental quality assessment', 'MiecoI']",Feiyue Li;Jun Li;Chengye Zhang;Han Zhang;Chuanying Peng;Lixia Liang;Jingyu Hao;Simit Raval,A new approach for comprehensive and spatiotemporally comparable Eco-Environmental quality assessment of surface coal Mines: MiecoI,
None,True,International Journal of Applied Earth Observation and Geoinformation,该论文使用Sentinel-2卫星图像进行近实时、无监督的谷物作物收获检测，涉及遥感技术和卫星观测，与大气环境遥感技术（如卫星观测和作物监测）密切相关。,"['Sentinel-2 imagery', 'grain crop harvest detection', 'reaped index (RI)']",Kai Tang;Zeteng Li;Youzhi Zhang;Laigang Wang;Peng Yang;Bingwen Qiu;Xuehong Chen;Ruilin Chen;Jianlong Li;Jin Chen,A near-real-time and unsupervised framework for grain crop harvest detection using sentinel-2 imagery: the reaped index (RI) and automated thresholding,
None,True,Atmospheric Environment,该论文研究低成本颗粒物传感器校准技术，涉及空气质量监测和大气成分分析，与大气环境遥感技术密切相关。,"['fine particulate matters', 'low-cost sensors', 'calibration', 'atmospheric composition']",Zekai Wang;Chao Mai;Jianing Chen;Yuhao Chen;Zhiyuan Wen;Meng Li;Upma Dutt;Wengui Li;John Zhou;Yuhan Huang,Interpretable intelligent calibration of low-cost sensors of fine particulate matters via a Mixture of Affine Experts (MoAE) framework,
None,True,Atmospheric Environment,该论文研究了次生有机硅氧烷气溶胶（SOSiA）的产率和挥发性变化，涉及OH氧化对环状挥发性甲基硅氧烷的影响，这与大气环境遥感技术中的气溶胶检索和空气质量监测密切相关。,"['secondary organosiloxane aerosol', 'OH oxidation', 'cyclic volatile methyl siloxanes']",Hyoseon Kang;Jihye Moon;Hyun Gu Kang;Hwajin Kim,Structure dependent yield and volatility changes of secondary organosiloxane aerosol (SOSiA) from OH oxidation of various cyclic volatile methyl siloxanes,
None,True,Atmospheric Environment,该论文研究气象基线的非平稳性对大气扩散评估的影响，涉及核设施站点，与大气环境遥感技术（如空气质量监测、大气成分分析）有较强的关联性。,"['atmospheric dispersion', 'meteorological baselines', 'nuclear facility']",Juyeol Yun;Mee Jang;Jong-Myoung Lim;Jinhyung Lee;Sangdo Choi;Seung-Min Lee;Minseok Kang,Nonstationarity of meteorological baselines for atmospheric dispersion assessments: A 32-year dual-height case study at a nuclear facility site in South Korea,
None,True,Atmospheric Environment,该论文研究了德黑兰市固体废物填埋场的甲烷排放，甲烷是一种大气污染物，而NASA已将其识别为全球超级排放源。这与大气环境遥感技术中的空气质量监测和大气成分分析密切相关。,"['methane', 'municipal solid waste landfills', 'NASA-identified global super-emitter']",Mohammad Hassanabadi;Adel Mokammel;Ali Ahmadi Orkomi;Sasan Faridi;Kazem Naddafi;Kamyar Yaghmaeian;Shahrokh Nazmara;Mohammad Khanizadeh;Ahmad Taheri;Mohammad Sadegh Hassanvand;Fatemeh Momeniha,Methane emissions from municipal solid waste landfills in Tehran: Field measurements and modeling of a NASA-identified global super-emitter,
None,True,Atmospheric Environment,该论文研究了FY-4B/AGRI陆地气溶胶光学厚度产品，并与地球静止卫星产品进行了比较，这直接涉及大气环境遥感技术，特别是气溶胶光学厚度监测和卫星观测。,"['FY-4B/AGRI', 'land aerosol optical depth', 'geostationary satellite products']",Zhen Ye;Leiku Yang;Yidan Si;Lin Chen;Yueming Cheng;Xiaoran Lv;Xiaolong Niu;Shijiao Guo,Evaluation of the FY-4B/AGRI land aerosol optical depth product and comparison with geostationary satellite products over Asia,
None,True,Atmospheric Environment,该论文研究了城市街道峡谷中反应性污染物的扩散，涉及几何形状、风速、辐射和大气化学的影响，这与大气环境遥感技术中的空气质量监测和大气成分分析密切相关，因此是相关的。,"['CFD modeling', 'urban street canyons', 'reactive pollutant', 'atmospheric chemistry']",Melisa I. Mendoza;Santiago F. Corzo;Damian E. Ramajo,"CFD modeling of reactive pollutant dispersion in urban street canyons: Effects of geometry, wind speed, radiation and atmospheric chemistry",
None,True,Atmospheric Environment,该论文研究了中程臭氧污染预测技术，使用了混合transformer-TabPFN框架。臭氧是大气环境中的污染物，预测技术通常涉及大气成分分析，因此与大气环境遥感技术（如空气质量监测和大气成分分析）密切相关。,"['ozone', 'pollution forecasting', 'transformer']",Bohui Jiang;Xiaoling Zhang;Miao Qi;Xin Ai;Xiaoyi Wang;Xinying Qin,Medium-range ozone pollution forecasting techniques via a hybrid transformer-TabPFN framework and application,
None,True,Atmospheric Environment,该论文研究了PM2.5中金属的来源及其健康影响，涉及空气质量监测和大气成分分析，与大气环境遥感技术密切相关。,"['PM2.5', 'metals', 'air quality monitoring']",Yanjie Lei;Ming Hu;Yuankai Xie;Anja H. Tremper;Yue Liu;Lan Hong;Xin Cheng;Cheng Huang;Qingyan Fu;Jialiang Feng;David C. Green;Longhua Wu;Shunyao Wang;Gang I. Chen,Source transition and health implication of PM<sub>2.5</sub>-bound metals: Multi-year high-resolution observation in a coastal megacity,
None,True,Atmospheric Environment,该论文研究了非道路建筑设备的实际排放中PM-bound环境持久自由基和活性自由基的产生，这与大气环境遥感技术中的空气质量监测和大气成分分析密切相关。,"['PM-bound environmentally persistent free radicals', 'non-road construction equipment', 'atmospheric composition analysis']",Tzu-Hsien Tseng;Wei-Min Ching;Yen-Hsien Li;Hsi-Hsien Yang;Yu-Chieh Wang,Real-world emissions of PM-bound environmentally persistent free radicals and reactive radical species generation from non-road construction equipment,
None,True,Atmospheric Environment,该研究关注大气氢气的土壤吸收机制，涉及大气成分分析，与大气环境遥感技术（如大气成分监测）相关。,"['atmospheric hydrogen', 'soil sink', 'grassland']",Nicholas Cowan;Mark Hanlon;Aurelia Bezanger;Chiara F. Di Marco;Carole Helfter;Neil J. Mullinger;Ruby Devlin;Toby Roberts;Sarah R. Leeson;Karen Yeung;Duncan Harvey;Eiko Nemitz;Julia Drewer,Environmental controls of the soil sink of atmospheric hydrogen: a year-long study at a UK grassland using the aerodynamic gradient technique,
None,True,Atmospheric Environment,该研究使用噪声和CO2变量，结合LSTM-LightGBM算法，评估人类活动对室内空气污染物的影响。虽然研究对象是室内环境而非室外大气环境，但研究内容涉及空气污染物监测和分析，与大气环境遥感技术中的空气质量监测有部分重叠，因此可认为与该领域有一定相关性。,"['indoor air pollutants', 'CO2', 'LSTM-LightGBM']",He Zhang;Ravi Srinivasan;Chen Chen;Xu Yang;Zhi Huang;Vikram Ganesan;Rui Zhou,Assessing impacts of human activity on indoor air pollutants using noise and CO<sub>2</sub>-based variables with LSTM-LightGBM: a library case study,
None,True,Atmospheric Environment,该论文研究了珠江口沿海和海洋站点的光化学和臭氧污染，与大气环境遥感技术中的空气质量监测和大气成分分析密切相关。,"['photochemistry', 'ozone pollution', 'coastal sites', 'marine sites']",Lirong Hui;Guizhen Fang;Yi Chen;Hao Sun;Xin Feng;Yang Xu;Jia Guo;Yao Chen;Penggang Zheng;Dasa Gu;Yanli Zhang;Yee-Jun Tham;Zhenhao Ling;Zhe Wang,"Contrasting photochemistry and ozone pollution at coastal and marine sites in the Pearl River Estuary, South China",
None,False,Atmospheric Environment,该论文主要研究氯引发的苯乙烯氧化过程中有机氯化合物的形成机制，虽然涉及大气化学和污染物，但与大气环境遥感技术（如空气质量监测、卫星观测、大气成分分析、气溶胶反演）的直接关系较弱，更偏向于化学和大气化学领域的基础研究。,"['organochloride compounds', 'chlorine-initiated', 'styrene oxidation']",Yinghong Sun;Kun Li;Li Xu;Narcisse Tsona Tchinda;Lin Du,Organochloride compounds formation in chlorine-initiated styrene oxidation,
None,True,Atmospheric Environment,该论文研究了中国北方农村家庭固体燃料燃烧相关的多环芳烃（PAH）暴露，以及多环芳烃代谢物与DNA损伤和全身炎症的关系。虽然主要关注健康影响，但涉及空气质量和大气成分分析，与大气环境遥感技术中的空气质量监测和大气成分分析相关。,"['PAH', 'air quality monitoring', 'atmospheric composition analysis']",Sulin Chen;Yunxuan Gu;Hongmei Xu;Sadaf Gulzar;Miaoqian Li;Yifei Xu;Min Gao;Jian Sun;Zhenxing Shen,Household solid fuel combustion-related PAH exposure in rural northern China: Associations of phenanthrene metabolites with DNA damage and systemic inflammation,
None,True,Atmospheric Environment,该论文研究了长期暴露于多种空气污染及其轨迹风险与心血管-肾脏-代谢多病的关系，涉及空气污染监测和健康风险评估，与大气环境遥感技术中的空气质量监测和大气成分分析密切相关。,"['air pollution', 'cardio-renal-metabolic multimorbidity', 'trajectory risk']",Zixuan Jiang;Yajing Zhou;Runzhi Bai;Yexin Lin;Yunxin Shi;Xueying Zheng;Yongfu Yu;Jieru Cai;Guoyou Qin,Long-term exposure to multiple air pollution and trajectory risk of cardio-renal-metabolic multimorbidity,
None,True,Atmospheric Environment,该论文研究格陵兰冰芯中的亚微米水不溶性颗粒的形态，并估算燃烧颗粒的沉积通量，这与大气环境遥感技术中的空气质量监测和大气成分分析密切相关，因此相关性较强。,"['Greenland ice core', 'submicrometer particles', 'combustion particles']",Sayako Ueda;Sho Ohata;Yoshinori Iizuka;Kaoru Kawakami;Mai Matsumoto;Osamu Seki;Sumito Matoba;Hitoshi Matsui,Morphology of submicrometer water-insoluble particles in a Greenland ice core during recent and early twentieth-century periods: estimation of deposition fluxes of combustion particles,
None,False,Atmospheric Environment,该论文主要研究的是臭氧暴露与不同代谢功能障碍状态进展到心血管疾病之间的关系，重点在于健康队列研究，而非大气环境遥感技术，如空气质量监测或卫星观测。因此，它与大气环境遥感技术相关性不强。,"['O₃ exposure', 'metabolic dysfunction', 'cardiovascular diseases']",Yiting Wei;Xiangyi Liu;Zitong Zhuang;Liying Luo;Ge Chen;Peng Hu;Hui Liu;Weiquan Lin;Hualiang Lin,Ambient O<sub>3</sub> exposure associated with progression of different metabolic dysfunction states to cardiovascular diseases: the GOLD-health cohort,
None,True,Atmospheric Environment,该论文研究气象驱动的长距离传输对海南岛低排放区域的影响，涉及大气环境中的污染物传输和气象条件分析，与大气环境遥感技术（如空气质量监测、大气成分分析）密切相关。,"['Meteorology', 'long-range transport', 'Hainan', 'monsoon', 'ultra-low emission']",Hao Guo;Yanli Zhang;Haofan Ran;Xinming Wang,Meteorology-driven long-range transport to an ultra-low emission region: a case study of Hainan during the monsoon,
None,True,Atmospheric Environment,该论文研究使用快速气相色谱-质谱联用技术进行室内相关单萜和单萜氧化物的实时表征，这与大气环境遥感技术中的空气质量监测和成分分析密切相关。,"['monoterpenes', 'monoterpenoids', 'fastGC-PTR-TOF-MS']",Jinglin Jiang;Nusrat Jung,Near-real-time characterization of indoor-relevant monoterpenes and monoterpenoids using fastGC-PTR-TOF-MS,
None,True,Atmospheric Environment,该论文研究的是跨区域传输的前体污染物如何加剧珠江三角洲的臭氧污染，这与大气环境遥感技术中的空气质量监测和大气成分分析密切相关。,"['ozone', 'precursor pollutants', 'Pearl River Delta']",Yu Yan;Kun Qu;Xuesong Wang;Jin Shen;Zimu Peng;Chang Liu;Teng Xiao;Xin Li;Xiaofeng Huang;Bin Luo;Yuanhang Zhang,Beyond direct ozone transport: Cross-regional transport of precursor pollutants intensifies ozone pollution over the Pearl River Delta,
None,True,Atmospheric Environment,该论文研究了城市化湿度对人为微颗粒（包括微塑料）大气沉降的影响，这与大气环境遥感技术中的空气质量监测和大气成分分析密切相关。,"['atmospheric deposition', 'microplastics', 'air quality monitoring']",Natalie F. Hernandez;Daisy Youmans;Susanne M. Brander;Elizabeth A. Hasenmueller,Urbanization and humidity impact atmospheric deposition of anthropogenic microparticles (including microplastics) in a humid subtropical city,
None,True,Atmospheric Environment,该论文研究了国际船舶NOx排放对地表O3浓度的影响，使用了三种不同的归因方法。这与大气环境遥感技术相关，特别是空气质量和大气成分分析领域。,"['NOx', 'O3', 'attribution approaches']",Aditya Nalam;Mariano Mertens;Volker Grewe;Willem van Caspel;Jan Eiof Jonson;Tim Butler,Understanding the effect of international ship NO<sub>x</sub> emissions on surface O<sub>3</sub> concentration using three different attribution approaches,
None,True,Atmospheric Environment,该研究关注长江下游的气溶胶和挥发性有机化合物（VOCs）污染特征，使用了船舶观测方法，这与大气环境遥感技术（如空气质量监测、大气成分分析）密切相关。,"['aerosols', 'VOCs', 'shipborne observations']",Yixiang Chen;Ming Ding;Zhen Zhang;Saifen Yu;Qiuwei Xia;Daihao Yu;Jiawei Yang;Haiyun Xia,Study on the pollution characteristics of aerosols and VOCs along the lower reaches of the Yangtze River based on shipborne observations,
None,True,Atmospheric Environment,该研究探讨了气象和气溶胶对云微物理特性的影响，涉及云层分析和机器学习技术，与大气环境遥感技术（如空气质量监测、卫星观测、大气成分分析、气溶胶反演）有直接关联。,"['warm clouds', 'mixed-phase clouds', 'machine learning framework']",Trishna Bhattacharyya;A. Sai Krishnaveni;Renju Nandan;M. Venkat Ratnam,Investigating the meteorological and aerosol influences on microphysical properties of warm and mixed-phase clouds: A machine learning framework,
None,True,Atmospheric Environment,该论文研究气候极端事件对北方森林火灾中氮释放的影响，涉及大气环境中的污染物（氮）和火灾过程，与大气环境遥感技术中的空气质量监测和大气成分分析相关。,"['boreal forest', 'fire nitrogen release', 'climate extremes']",Pu Liu;Jiani Wang;Hang Xu;Sheng Liu;Jia Ding;Yuyu Yang;Lei Liu,Climate extremes drive increased fire nitrogen release in boreal forest,
None,True,Atmospheric Environment,该论文研究中国夜间臭氧浓度超标现象及其影响因素，臭氧是大气污染物，与空气质量监测密切相关，属于大气环境遥感技术的研究范畴。,"['ozone', 'nocturnal', 'air quality monitoring']",Hui Yun;Jingye Ren;Guiquan Liu;Jieyao Liu;Xue Li;Fang Zhang,"Increasing frequency of nocturnal ozone exceeding 80 <em>μg</em>/m<sup>3</sup> across China and its influencing factors (Summer, 2015-2019)",
None,True,Atmospheric Environment,该论文研究了南加州沿海雾事件中的溶解元素组成，涉及大气成分分析，与大气环境遥感技术相关，特别是空气质量监测和大气成分分析。,"['dissolved element', 'coastal fog', 'Southern California']",Denise C. Napolitano;Dani Khoury;Alexandra J. Boris;Andrea L. Clements;Jeffrey L. Collett;Pierre Herckes,Time-resolved dissolved element composition across coastal fog events in Southern California,
None,True,Atmospheric Environment,该论文研究氨基酸在微液滴中的自发暗转化，这与大气中有机氮循环密切相关，属于大气环境遥感技术的研究范畴，特别是大气成分分析和空气质量管理。,"['amino acids', 'atmospheric organic nitrogen', 'microdroplets']",Tao Wang;Hanyao Chang;Yaohao Hu;Xinyu Huang;Guohua Zhang;Xinming Wang;Ping'an Peng;Xinhui Bi,Spontaneous dark transformation of amino acids in microdroplets: An overlooked pathway for atmospheric organic nitrogen cycling,
None,True,Atmospheric Environment,该论文研究了机器学习技术在耦合WRF-CMAQ模拟中应用风校正的方法，并与动态同化和静态替换进行了比较，这与大气环境遥感技术（如空气质量监测和大气成分分析）密切相关，因此是相关的。,"['machine learning', 'WRF', 'CMAQ', 'atmospheric modeling', 'air quality']",Seung-Mi Kim;Eunbyeol Kwon;Jae-Ho Choi;Kangho Bae;Yesol Cha;Chang-Keun Song,Application of machine learning-based wind corrections to coupled WRF–CMAQ simulations: A comparison of dynamic assimilation and static replacement,
None,True,Atmospheric Environment,该论文研究了煤改气转换对冬季挥发性有机物（VOC）排放、反应活性、毒性和臭氧敏感性的影响，涉及城市和农村的差异性，这与大气环境遥感技术中的空气质量监测和大气成分分析密切相关。,"['VOC', 'O3', 'urban-rural heterogeneity']",Zhiyong Li;Zihan Shao;Yarou Zhao;Zimo Guo;Zhi Ning;Lan Chen;Xiaohua Ma;Jinming Liu;Shaofei Kong,"Coal-to-gas transition modulates multi-timescale emission variations and urban-rural heterogeneity in winter VOC profiles, reactivity, toxicity, and O<sub>3</sub> sensitivity across pre- and in-heating seasons",
None,True,Atmospheric Environment,该论文研究了加拿大不同地理尺度下，由人为排放引起的空气污染导致的死亡负担，这与大气环境遥感技术中的空气质量监测、大气成分分析等领域密切相关。,"['ambient air pollution', 'air quality monitoring', 'atmospheric composition analysis', 'mortality', 'Canada']",Angelos T. Anastasopolos;Nick Charman;Ivana Popadic;Mourad Sassi;Annie Duhamel;Oumarou Nikiema;Sandrine Trotechaud;Dominic Beaudet;Mathieu Rouleau,Comparative health burden analysis at multiple geographic scales: mortality attributed to ambient air pollution by sector for anthropogenic emissions in Canada,
None,True,Atmospheric Environment,该论文的标题和摘要明确涉及气溶胶垂直分布、柱状AOD（气溶胶光学厚度）和地表PM2.5（细颗粒物）的关系，这些内容与大气环境遥感技术密切相关，如空气质量监测和大气成分分析。因此，该论文与大气环境遥感技术密切相关。,"['AOD', 'PM2.5', 'aerosol', 'vertical distributions', 'Europe']",Shuhua Zeng;Pengfei Tian;Wenfang Wang;Yifei Zhang;Xin Song;Xianjie Cao;Jiening Liang;Lei Zhang,Aerosol vertical distributions determine the seasonal relationships between column AOD and surface PM<sub>2.5</sub> over Europe,
None,True,Atmospheric Environment,该论文研究了实验性变暖对红树林土壤中铁-碳相互作用以及CO2和CH4排放的影响。虽然主要关注土壤化学和温室气体排放，但红树林生态系统与大气环境密切相关，且CO2和CH4是重要的温室气体，因此与大气环境遥感技术中的空气质量监测和大气成分分析相关。,"['CO2', 'CH4', 'mangrove soils', 'iron', 'emissions']",Manoella Martins Molitor;Antonio Elves Barreto da Silva;Murilo Andrade Miranda;Xosé Luis Otero;Tiago Osório Ferreira;Hermano Melo Queiroz,Experimental warming alters iron–carbon interactions and CO<sub>2</sub> and CH<sub>4</sub> emissions in pristine mangrove soils,
None,True,Atmospheric Environment,该研究涉及二次有机气溶胶（SOA）的生成及其与氨的反应，这与大气环境中的空气质量监测和气溶胶分析密切相关，属于大气环境遥感技术的研究范畴。,"['secondary organic aerosols', 'reactive oxygen species', 'ammonia']",Qinghe Cai;Tianyi Zhao;Yang Bai;Jiayi Chen;Yang Zhang,Effect of ammonia on reactive oxygen species generation in secondary organic aerosols,
None,True,Atmospheric Environment,该论文的标题和摘要明确涉及臭氧污染和健康风险，这属于大气环境遥感技术中的空气质量监测领域。论文探讨未来趋势和气候驱动因素，与卫星观测、大气成分分析等遥感技术密切相关。,"['ozone pollution', 'air quality monitoring', 'climate drivers']",Xiaoyi Wang;Jinghui Ma;Shaojing Wang;Pengguo Zhao,Chinese ozone pollution and health risks: Future trends and climate drivers,
None,True,Atmospheric Environment,该论文研究了空气中的细颗粒物污染对急性阑尾炎住院风险和负担的影响，涉及大气环境监测和污染物分析，因此与大气环境遥感技术相关。,"['fine particulate matter', 'pollution', 'atmospheric composition']",Jian Lei;Qinchi Yu;Huimeng Liu;Chen Wei;Yinxiang Li;Yuewei Liu;Xi Chen;Shaowei Wu,The hospital admission risk and burden of acute appendicitis due to fine particulate matter pollution: Nationwide evidence from China,
None,True,Atmospheric Environment,该论文研究了斯特拉斯堡城市PM10中多类有机标记物的季节性分布，涉及排放和生物质燃烧痕迹，这与大气环境遥感技术中的空气质量监测和大气成分分析密切相关。,"['PM10', 'organic marker', 'exhaust', 'biomass burning']",Aynur Naghizade;Olivier Delhomme;Dani Khoury;Maurice Millet,"Multi-class organic marker profiling of urban PM<sub>10</sub> in Strasbourg, northeastern France: Seasonal distribution of exhaust, non-exhaust, and biomass burning tracers",
None,True,Atmospheric Environment,该论文研究空气污染与肌肉减少症的关系，涉及空气污染这一大气环境问题，虽然不直接涉及遥感技术，但与大气环境监测和成分分析有间接关联，因为空气污染是遥感监测的重要对象之一。,"['air pollution', 'sarcopenia', 'meta-analysis']",Nannan Chen;Xiaoru Huang;Ruoxuan Liang;Yu Liu;Jianjun Liu;Benhong Xu,Air pollution and sarcopenia: A meta-analysis and network toxicology analysis,
None,True,Atmospheric Environment,该论文研究了日本两个森林流域中降水里钒含量的急剧下降，并将其与2020年全球硫含量管制（IMO 2020）联系起来。这涉及到大气环境中的污染物监测和来源分析，属于大气环境遥感技术领域，特别是空气质量监测和大气成分分析。,"['vanadium', 'precipitation', 'IMO 2020', 'sulfur regulation', 'forested catchments']",Masayuki Morohashi;Hiroki Yotsuyanagi;Shiho Yabusaki;Ki-Cheol Shin;Toko Tanikawa;Naoyuki Yamashita;Junichi Kurokawa;Hiroyuki Sase,Abrupt decrease in vanadium in precipitation at two forested catchments in Japan associated with the IMO 2020 global sulfur regulation,
None,False,Atmospheric Environment,标题和摘要内容缺失，无法判断是否与大气环境遥感技术相关。,[],,Editorial Board,
None,True,Atmospheric Research,该论文研究了低空急流特征及其对低空湍流的影响，使用了多普勒风激光雷达进行观测，这属于大气环境遥感技术的范畴，具体涉及大气成分分析和空气动力学监测。,"['Doppler wind lidar', 'low-level turbulence', 'atmospheric monitoring']",Muxian Chen;Xiaolin Liu;Chaoying Yang;Jun Zhao;Ping Zhou;Zhongming Gao;Lei Li,Low-level jet characteristics and their impacts on low-level turbulence: A Doppler wind lidar observational study in coastal Ningbo,
None,True,Atmospheric Research,该论文研究地中海山区和平原地区的极端日降雨事件的时空结构和极端依赖性，涉及大气环境条件，与大气环境遥感技术中的空气质量监测和大气成分分析相关。,"['extreme daily rainfall', 'Mediterranean mountain–plain system', 'atmospheric conditions']",Stefanos P. Stefanidis;Nikolaos D. Proutsos,Event-based spatial structure and extremal dependence of extreme daily rainfall across a Mediterranean mountain–plain system,
None,True,Atmospheric Research,该论文研究了FY-4A卫星的PWV（水汽含量）数据在改进NWP（数值天气预报）模型对强降水预报性能中的作用，涉及卫星观测和大气成分分析，与大气环境遥感技术密切相关。,"['FY-4A', 'PWV', 'NWP', 'heavy precipitation forecasting']",Dengxin He;Zhizhao Liu;Jiafei Xu;Guirong Xu;Anwei Lai;Yunchang Cao;Hong Liang;Guan Hong,First validation of FY-4A PWV assimilation in improving NWP model performance for heavy precipitation forecasting,
None,True,Atmospheric Research,该论文研究了复杂地形下WRF风场的残差修正框架，与大气环境遥感技术中的空气质量监测和卫星观测相关，但更侧重于数值天气预报模型和数据处理技术。,"['WRF', 'wind fields', 'complex terrain', 'residual correction']",Pinhan Zhou;Lian Shen;Yan Han;Shuwen Deng;Xiangjun Wang;Wenxiang Xu,Continuity-constrained residual correction framework for WRF wind fields over complex terrain,
None,True,Atmospheric Research,该论文研究了夏季青藏高原的局地剪切线和相关降水机制，涉及大气环流模式，与大气环境遥感技术中的空气质量和大气成分分析相关，但更侧重于气象学而非直接的技术应用。,"['Tibetan Plateau', 'zonal shear lines', 'precipitation mechanisms']",Xiaohong Bao;Xiuping Yao;Yubin Yu,Classification of summer Tibetan Plateau zonal shear lines and associated precipitation mechanisms under different circulation patterns,
None,False,Atmospheric Research,该论文研究的是青藏高原夏季季风的热力驱动及其与南亚高压和东亚夏季季风变率的关系，主要涉及气象学和气候学领域，与大气环境遥感技术（如空气质量监测、卫星观测、大气成分分析、气溶胶反演等）的关联性较弱。,"['Tibetan Plateau', 'South Asian High', 'East Asian summer monsoon']",Lizi Wang;Zeyong Hu;Haipeng Yu;Ya Hou;Jinyu Zhang;Xiangyuan Lou;Guantian Wang,Thermal pumping of the Tibetan Plateau Summer Monsoon and its association with the South Asian High and East Asian summer monsoon variability,
None,True,Atmospheric Research,该论文研究了中国东部频繁出现的复合高温和臭氧污染事件的机制和归因，涉及大气成分分析，与大气环境遥感技术（如空气质量监测、大气成分分析）密切相关。,"['heatwave', 'ozone pollution', 'atmospheric composition']",Xiaoyi Wang;Pengguo Zhao;Bohui Jiang;Jinghui Ma,Mechanisms and attribution of frequent compound heatwave and ozone pollution events in eastern China,
None,True,Atmospheric Research,该论文研究的是渤海-黄海及其周边平原地区的区域性热浪，涉及大气环境和气候现象。虽然论文主要关注热浪的复合特征和形成机制，但其研究内容与大气环境遥感技术密切相关，特别是涉及到大气成分分析和气象观测，因此与大气环境遥感技术相关性强。,"['heatwaves', 'atmospheric', 'Bohai-Yellow Sea', 'remote sensing', 'climate']",Qi Zhang;Yiwen Zhu;Yiyu Xu;Yujuan Chen,Regional heatwaves over the Bohai-Yellow Sea and adjacent plains: Compounding characteristics and formation mechanisms,
None,True,Atmospheric Research,该论文研究了使用FY-3微波同化技术进行暖区强降水预测的方法，涉及大气环境遥感和卫星观测技术，因此与大气环境遥感技术密切相关。,"['microwave assimilation', 'FY-3', 'heavy rainfall prediction']",Siqi Chen;Sheng Hu;Huiqi Li;Hui Xiao;Jie He;Yu Zhang;Fuzhong Weng,Targeted All-Sky FY-3 microwave assimilation using localized ensemble transform sensitivity for warm-sector heavy rainfall prediction,
None,True,Atmospheric Research,该论文研究首尔市一个城市山地站点夜间臭氧增强的运输路径，这与大气环境遥感技术密切相关，特别是空气质量监测和大气成分分析。臭氧是一种重要的大气污染物，其监测和来源分析是遥感技术的重要应用领域。,"['ozone', 'urban mountain site', 'Seoul']",Jung-Woo Yoo;Young-Jun Kim;Soon-Hwan Lee,Altitude-dependent transport pathways driving nighttime ozone enhancement over an urban mountain site in Seoul,
None,True,Atmospheric Research,该论文研究了中国南海沿岸地区短寿命和长寿命暖锋降水事件的周围环境对比，这与大气环境遥感技术相关，特别是卫星观测和降水监测方面。,"['heavy precipitation', 'ambient environment', 'South China coast']",Haisheng Liu;Xiaogang Huang;Jianfang Fei;Xiaoping Cheng;Xiadong An;Xiangrong Yang;Jing Sun;Chi Zhang,Contrasting ambient environments of locally generated short- and long-lived warm-sector heavy precipitation events over the South China coast,
None,True,Atmospheric Research,该论文研究了阿尔泰山脉地区雪盖的垂直变化及其对气候和极地涡旋的响应，涉及大气环境监测和气候变化分析，与遥感技术在监测大气成分和地表覆盖方面的应用相关。,"['snow cover', 'climate', 'polar vortex']",Jiarui Li;Wei Zhang;Xuejiao Wu;An'an Chen;Xinyue Zhong;Yongping Shen,Elevation-dependent variations in snow cover and their response to climate and the polar vortex in the Altai mountains,
None,True,Atmospheric Research,该论文研究了使用Mie-偏振-荧光激光雷达技术量化尘埃气溶胶的老化过程，将光学演化与化学转化联系起来。尘埃气溶胶是大气环境的重要组成部分，激光雷达技术是大气环境遥感监测的重要手段，因此该论文与大气环境遥感技术（如空气质量监测、大气成分分析等）密切相关。,"['dust aerosols', 'Mie-polarization', 'fluorescence lidar', 'optical evolution', 'chemical transformations']",Yuanzong Ji;Zhongwei Huang;Yongkai Wang;Wenjin Zhang;Da Lu;Qingqing Dong;Jianrong Bi;Tian Zhou,Quantifying the aging of dust aerosols using Mie–polarization–fluorescence lidar: Linking optical evolution to chemical transformations,
None,True,Atmospheric Research,该论文研究了使用NCMRWF区域模式的高级云微物理方案对2018年和2019年喀拉拉洪水事件的影响。虽然主要关注洪水事件，但云微物理方案涉及大气成分和过程，与大气环境遥感技术（如卫星观测和大气成分分析）有间接关联。,"['advanced cloud microphysics schemes', 'NCMRWF regional model', 'Kerala flood events']",Rose Raphel;A. Jayakumar;T.J. Anurose;Saji Mohandas;Greeshma M. Mohan;M. Sandhya;Anumeha Dube;Donali Gogoi;V.S. Prasad;Claudio Sanchez,Impact of advanced cloud microphysics schemes for the Kerala flood events in 2018 and 2019 using the NCMRWF regional model,
None,True,Atmospheric Research,该论文研究春季和夏季海冰异常如何协同增强印度支那半岛夏季降水，涉及大气环境和气候变化的相互作用，与大气环境遥感技术（如卫星观测和大气成分分析）相关。,"['sea ice', 'precipitation', 'Indochina Peninsula']",Yan Zhang;Shu Gui;Jie Cao;Ruowen Yang;Li Zhu;Lei Cai,Spring and summer sea ice anomalies synergetically enhance summer precipitation over the Indochina Peninsula,
None,True,Atmospheric Research,该论文研究了天山北坡短时强降水事件的 moisture transport 和 dynamic-thermodynamic 机制，这与大气环境遥感技术中的大气成分分析、降水监测等密切相关，因此是强相关的。,"['heavy precipitation', 'Tianshan Mountains', 'moisture transport', 'atmospheric dynamics']",Zhiyi Li;Junqiang Yao;Changchun Xu;Yu Luo;Ting Zhang,Multidirectional moisture transport and dynamic–thermodynamic mechanisms of a short-duration heavy precipitation case on the Northern Slope of the Tianshan Mountains,
None,True,Atmospheric Research,该论文研究的是长江三角洲夏季降雨的年际至年代际变化，并将其与北太平洋海表温度联系起来，这涉及到气候变化和大气环境的研究，与大气环境遥感技术（如气候监测、卫星观测）密切相关。,"['Yangtze River Delta', 'summer rainfall', 'North Pacific Sea surface temperature']",Yanhao Peng;Dong Xiao,Interannual-to-decadal variations of the Yangtze River Delta summer rainfall during 1901–1975 linked with North Pacific Sea surface temperature,
None,True,Atmospheric Research,该论文研究中国夏季湿球温度的非平稳演变，涉及加速变暖和温度与湿度的时间变化作用，这与大气环境遥感技术（如大气成分分析、空气质量监测）密切相关。,"['wet-bulb temperature', 'summer', 'China', 'accelerated warming', 'atmospheric composition']",Tianci Yao;Shengfa Li;Qing Yu;Jia Sun;Xiangyu Wang;Wanjun Zhang;Lixin Su,Non-stationary evolution of summer wet-bulb temperature in China (1951–2024): Accelerated warming and time-varying roles of temperature and humidity,
None,True,Atmospheric Research,该论文研究印度空气滞留和热浪事件的频率增加以及人口暴露于空气污染的增加，这与大气环境遥感技术中的空气质量监测和大气成分分析密切相关。,"['air stagnation', 'heatwave', 'air pollution', 'population exposure', 'India']",Gayathri Balachandran;S. Sumith Satheendran,Compound air stagnation and heatwave events: A ninefold increase in frequency and a tenfold rise in population exposure to air pollution over India,
None,True,Atmospheric Research,该论文研究的是西太平洋副热带高压的西伸现象及其驱动因素，涉及大气环境的变化，与大气环境遥感技术中的大气成分分析和气象观测相关。,"['western North Pacific subtropical high', 'atmospheric', 'forcing']",Xiadong An;Wen Chen;Peng Hu,Anthropogenic forcing dominates relentless westward extension of the western North Pacific subtropical high,
None,True,Atmospheric Research,该论文研究了通过GNSS ZTD（全球导航卫星系统大气水汽延迟）同化技术来提升强降雨预报能力，并结合了先进的观测误差诊断方法。这与大气环境遥感技术密切相关，特别是涉及大气成分分析和气象观测技术，因此具有高度相关性。,"['GNSS ZTD', 'heavy rainfall forecasting', 'observation error diagnosis']",Ying Hui;Wei Han;Yabin Zhang;Lu Sun;Panxing Lou;Yongyong Ma;Xin Song;Caiyan Kang;Mingheng Chang,Enhanced heavy rainfall forecasting via GNSS ZTD assimilation with advanced observation error diagnosis,
None,True,Atmospheric Research,该论文研究极化雷达技术如何用于分析季风区对流风暴的结构与闪电活动，涉及大气环境遥感技术中的雷达观测和风暴分析，因此与大气环境遥感技术密切相关。,"['polarimetric radar', 'storm structure', 'lightning activity', 'monsoon-trough convection', 'Indian Core Monsoon Zone']",Rakesh Ghosh;Pavan R. Vaidya;Manoj A. Domkawale;Hamza Varikoden;Sunil D. Pawar,Linking polarimetric radar-derived storm structure to lightning activity in monsoon-trough convection over the Indian Core Monsoon Zone,
None,False,Atmospheric Research,该论文的研究主题是“黄淮海地区复合热浪-水文干旱的AMO调制摇摆模式”，主要关注气候模式对干旱和热浪的影响，不涉及大气环境遥感技术，如空气质量监测、卫星观测、大气成分分析或气溶胶反演等。,[],Mengxin Bai;Peng Zhang;Zihui Yue;Wupeng Du;Bisheng Zhu;Jiali Jiang;Chunyi Xuan,AMO-modulated seesaw pattern of compound heatwave-hydrological drought over the Yellow River Basin,
None,True,Atmospheric Research,该论文研究了风云四号A气象卫星在台风“杜苏芮”期间大气运动矢量的观测误差及其在数据同化中的应用，这与大气环境遥感技术（如卫星观测、气象数据同化）密切相关。,"['Fengyun-4A', 'atmospheric motion vectors', 'data assimilation', 'Typhoon Doksuri']",Yongbo Zhou;Lijian Zhu;Jinhan Yuan;Chao Liu,Observation errors of Fengyun-4A atmospheric motion vectors for data assimilation during Typhoon Doksuri (2023),
None,False,Atmospheric Research,该论文研究的是海洋热浪的年际变化，特别是与MRI-ESM2–0气候模型相关的2°C超温事件后的不对称变化。虽然涉及气候和海洋环境，但与大气环境遥感技术（如空气质量监测、卫星观测、大气成分分析、气溶胶反演等）的直接相关性较弱。,"['marine heatwave', 'MRI-ESM2–0', 'overshoot']",Lijuan Hua;Naiming Yuan,Asymmetric changes in annual marine heatwave duration before and after a 2°C overshoot in MRI-ESM2–0,
None,True,Atmospheric Research,该论文研究了中国东部季风区极端降水在季节分布上的区域变化，涉及大气环境监测和气候变化分析，与遥感技术中的大气成分分析和气象观测相关。,"['extreme precipitation', 'seasonal distribution', 'Eastern Monsoon China']",Junlong Gao;Kai Liu;Ming Wang;Nandi Wang;Linmei Zhuang;Qingrui Yue,Projected regional variations in seasonal distribution of extreme precipitation over Eastern Monsoon China,
None,False,Atmospheric Research,该论文主要研究中国台风引起的极端小时降水特征，虽然涉及气象学和环境科学领域，但并未明确涉及大气环境遥感技术，如空气质量监测、卫星观测、大气成分分析或气溶胶反演等。,"['typhoon', 'extreme precipitation', 'China']",Li Jia;Dajun Zhao;Yubin Yu;Fumin Ren,Contrasting characteristics of typhoon-induced extreme hourly precipitation in China,
None,True,Atmospheric Research,该论文研究热带岛屿上的对流预条件形成过程，涉及大气扰动对对流的影响，与大气环境遥感技术中的对流层成分分析和气象观测相关，因此相关性较强。,"['convective preconditioning', 'tropical island', 'atmospheric disturbances']",Lanqiang Bai;Yipeng Huang;Qian Liu;Guixing Chen;Shizuo Fu;Qiu Yang;Lei Zhu,Orographic disturbances shaping convective preconditioning over a tropical island,
None,False,Atmospheric Research,虽然该论文涉及大气环境的相关内容，如降雨变率和气候遥相关，但它主要关注的是东埃塞俄比亚干旱低地的气候适应问题，而不是大气环境遥感技术，如空气质量监测、卫星观测或气溶胶反演。因此，它与大气环境遥感技术的关联性不强。,"['rainfall variability', 'climate teleconnections', 'atmospheric composition']",Markato Markos;Kidist Sahle;Dawit Kanito;Bethel Geremew Shefine;Gemechu Fanta Garuma;Asaminew Teshome;Tsegaye Tadesse;Husam Musa Baalousha,Spatiotemporal rainfall variability and climate teleconnections in the arid lowlands of Eastern Ethiopia: implications for zone-specific climate adaptation,
None,True,Atmospheric Research,该论文研究了青藏高原未来气温升高的问题，涉及大气环境中的温度变化和偏差，与大气环境遥感技术中的气温监测和数据分析相关。,"['Tibetan Plateau', 'elevation-dependent warming', 'cold biases']",Yu Deng;Qinglong You;Fangying Wu;Wenyu Zhou;Zhiyuan Cong;Zhiyan Zuo;Haijun Deng;Nick Pepin;Hans W. Chen;Deliang Chen;Renhe Zhang,Historical cold biases exaggerate future elevation-dependent warming over the Tibetan Plateau,
None,True,Atmospheric Research,该论文研究了伊朗冬季PM₂.₅污染的主导天气模式和环流调节机制，涉及大气污染和气象模式分析，与大气环境遥感技术（如空气质量监测和大气成分分析）密切相关。,"['PM₂.₅', 'weather patterns', 'atmospheric pollution']",Zhuoen Liu;Yixuan Lyu;Weihang Xie;Lizhuo Zheng;Yuepeng Pan;Mohammad Darand;Anmin Duan,Identification of dominant weather patterns and circulation regulation mechanisms of winter PM₂.₅ pollution in Iran,
None,True,Atmospheric Research,该论文研究了鄂尔多斯盆地干旱和半干旱城市夏季臭氧污染的气象驱动因素，与大气环境遥感技术中的空气质量监测和大气成分分析密切相关。,"['O3 pollution', 'Ordos Basin', 'meteorological drivers']",Weiming An;Jilong Tong;Shengtong Lei;Lingyun Ma;Pengbo Wang;Yumin Guo;Yongle Liu;Min Chen;Qingjun Gao;Lei zhang,Distinct meteorological drivers of summertime O<sub>3</sub> pollution in arid and semi-arid cities of the Ordos Basin under extreme heat,
None,True,Atmospheric Research,该论文研究主要尘源区的地表尘浓度未来预测，与大气环境遥感技术中的空气质量监测和大气成分分析密切相关，因此具有相关性。,"['dust concentrations', 'Mesopotamian plains', 'surface dust']",Abbas Ranjbar Saadat Abadi;Nasim Hossein Hamzeh;Dimitris G. Kaskaoutis;Zahra Ghassabi;Christian Opp,Future projections of surface dust concentrations in major dust source regions of the Mesopotamian plains,
None,True,Atmospheric Research,该论文的标题和摘要明确涉及气象雷达降水临近预报，这属于大气环境遥感技术领域，具体与空气质量和大气成分监测相关。,"['weather radar', 'precipitation nowcasting', 'atmospheric remote sensing']",Hui Wang;Liping Wang;Wenjuan Li,DSTP: A Dual-Domain Spatio-Temporal Predictive Network for weather radar precipitation nowcasting,
None,True,Atmospheric Research,该论文研究了北方中国早秋时节山区向平原迁移的降水系统中气溶胶的调制作用，涉及气溶胶和大气成分分析，属于大气环境遥感技术领域，特别是空气质量监测和大气成分分析。,"['aerosol', 'precipitation', 'mountains', 'plains', 'Northern China']",Yu Zheng;Yucong Miao;Shuhua Liu;Huizheng Che,Aerosol modulation of precipitation systems migrating from mountains to plains in Northern China during early autumn,
None,False,Atmospheric Research,该论文主要关注利用CMIP6投影和混合深度学习模型进行多时间尺度干旱预测，研究区域为土耳其中央安纳托利亚地区。虽然CMIP6数据可用于气候和环境研究，但论文主题并未涉及大气环境遥感技术，如空气质量监测、卫星观测、大气成分分析或气溶胶反演等。因此，该论文与大气环境遥感技术相关性不强。,"['CMIP6', 'deep learning', 'drought forecasting']",Hatice Citakoglu;Necmiye Minarecioglu;Yuksel Gul Aslanbay;Veysi Kartal;Ercan Gemici,"Drought forecasting across multiple temporal scales using CMIP6 projections and hybrid deep learning models for Central Anatolia, Türkiye",
None,True,Atmospheric Research,该论文研究了藏Plateau地区西风带与降水的关系，使用了CMIP6模型，涉及大气环流和降水模式，与大气环境遥感技术（如大气成分分析和气象观测）相关。,"['Tibetan Plateau', 'westerly jet', 'precipitation', 'CMIP6 models']",Yuhan Feng;Sulan Nan;Ge Liu;Ting Zhang;Yanhong Liu,Relationship between July–August Tibetan Plateau westerly jet and precipitation over the Tibetan Plateau in CMIP6 models,
None,True,Atmospheric Research,该论文研究台湾南部地区高压回流期间PM2.5的模拟，属于空气质量监测和大气成分分析的范畴，与大气环境遥感技术密切相关。,"['PM2.5', 'southern Taiwan', 'Kao-Ping Experiment']",Ming-Tung Chuang;Charles C.K. Chou;Chuan-Yao Lin;Wei-Che Lin;Neng-Huei Lin;Wei-Nai Chen;Steven Soon-Kai Kong,Simulating the PM<sub>2.5</sub> in southern Taiwan under high-pressure return flow during the Kao-Ping Experiment (KPEx),
None,True,Atmospheric Research,该论文的标题和摘要都与大气环境遥感技术中的空气质量监测密切相关。PM2.5是大气污染物的主要成分，气象条件对PM2.5的扩散和监测有重要影响，而治理进展的研究也涉及遥感技术的应用。,"['PM2.5', 'meteorology', 'governance']",Ruihuan Liu;Xiaojuan Xu;Zelin Du;Jun He;Yifan Tao;Rongrong Shen;Yuesi Wang;Dongsheng Ji,Overcoming adverse meteorology: PM<sub>2.5</sub> governance progress during China's 2025 Victory Day,
None,True,Atmospheric Research,该论文研究城市化对 Hyderabad 城市蔓延地区降水系统和雨微物理的影响，涉及大气成分分析和降水监测，与大气环境遥感技术（如空气质量监测和卫星观测）密切相关。,"['urbanization', 'precipitating systems', 'rain microphysics']",Basivi Radhakrishna;Thota Narayana Rao;Kadiri Saikranthi;Roshan Kadbhane,"Impact of urbanization on precipitating systems and rain microphysics across the Hyderabad Urban Sprawl, India",
None,False,Atmospheric Research,该论文标题和摘要主要关注的是建成区低风速条件下的曲折分析，与大气环境遥感技术（如空气质量监测、卫星观测、大气成分分析、气溶胶反演等）关系不大。,[],Hanane Bounouas;Eric Dupont;Pierre Roupsard;Yelva Roustan,Meandering analysis under low wind conditions in built-up environment,
None,True,Atmospheric Research,该论文标题和摘要涉及马六甲涡旋（Malacca vortex）作为一种新兴灾害对东南亚地区的影响，这与大气环境遥感技术中的灾害监测和大气成分分析密切相关。虽然摘要中没有明确提到具体的遥感技术或仪器，但研究主题与大气环境监测和卫星观测高度相关。,"['Malacca vortex', 'atmospheric hazard', 'Southeast Asia']",Luojie Dong;Junjun Li;Raju Pathak;Jingyu Wang,2025 Senyar storm: Malacca vortex as an emerging hazard over Southeast Asia,
None,True,Atmospheric Research,该论文研究了青藏高原地区水分输送的时空变化及其对降水的影响机制，涉及大气环境的监测和分析，与遥感技术在空气质量监测、卫星观测和大气成分分析等领域密切相关。,"['moisture transport', 'Tibetan Plateau', 'precipitation']",Guiping Li;Yanping Li;Zhongbo Yu;Qin Ju;Jing Yang;Zhaofeng Liu;YanYan Kang,Temporal and spatial changes in moisture transport over the Tibetan Plateau and their mechanisms influencing precipitation,
None,True,Atmospheric Research,该论文标题和摘要涉及大气环境中的秋季暴雨现象及其与西地中海再循环细胞的关系，这与大气成分分析和气象观测技术密切相关，属于大气环境遥感技术的范畴。,"['western Mediterranean recirculation cell', 'autumn torrential rains', 'atmospheric composition']",Eduardo A. Agosta;María José Estrela;David Corell;Juan J. Miró,Thermodynamic preconditioning of autumn torrential rains: The amplifying role of the western Mediterranean recirculation cell,
None,False,Atmospheric Research,该论文研究的是南非西开普省的极端降雨及其与阿古拉斯海流和本格拉海流的关系，主要涉及气候学和海洋学，而不是大气环境遥感技术，如空气质量监测、卫星观测或大气成分分析。,"['extreme rainfall', 'Agulhas current', 'Benguela current']",Chelsey L. Jansen;Babatunde J. Abiodun;Akintunde I. Makinde;Sabina Abba Omar,"Cut-off low–induced extreme rainfall in the Western Cape, South Africa: The roles of the Agulhas and Benguela current systems",
None,True,Atmospheric Research,该论文研究了持续性浓雾与大气污染的相互作用，并基于旋翼无人机进行现场观测。这与大气环境遥感技术密切相关，特别是涉及空气质量和大气成分分析，因为无人机可以用于监测和收集大气数据，而浓雾和污染是大气环境研究中的重要现象。,"['persistent dense fog', 'atmospheric pollution', 'rotary-wing unmanned aerial vehicles']",Duanyang Liu;Ruolan Liu;Shujie Yuan;Fan Zu;Hong Wu;Aichen Niu;Ruixiang Liu;Huizheng Che;Shuqi Yan;Hongbin Wang;Zhujun Dai,Interaction between persistent dense fog and atmospheric pollution: Based on in-situ observations of rotary-wing unmanned aerial vehicles,
None,True,Atmospheric Research,该论文研究的是中国河北地区层云的微物理时空变化，涉及飞机观测，与大气环境遥感技术中的云和降雪观测密切相关，属于大气成分分析领域。,"['stratus cloud', 'snowfall', 'aircraft observations']",Jiefeng Li;Chuanfeng Zhao;Qinghong Zhang;Ji Nie;Xiaobo Dong;Rong Mai;Yan Yu;Jing Li;Huiwen Xue;Yikun Yang,"Case-specific spatiotemporal microphysical variability of a stratus cloud with snowfall over Hebei, China from aircraft observations",
None,True,Atmospheric Research,该论文的标题和摘要明确涉及使用GSMaP和IMERG两种降水监测技术对中国进行评估，采用了每日统计和事件诊断方法。这些技术属于大气环境遥感领域，特别是降水监测和卫星观测，因此与大气环境遥感技术高度相关。,"['GSMaP', 'IMERG', 'precipitation', 'daily statistics', 'event-based diagnostics']",Chun Zhou;Haowen Li;Yinan Guo;Lingling Wu;Li Zhou,Evaluating GSMaP and IMERG precipitation over China using daily statistics and event-based diagnostics,
None,True,Atmospheric Research,该研究探讨了祁连山不同海拔高度的雨滴大小分布特征，这与大气环境遥感技术中的大气成分分析相关，因为雨滴大小分布是大气成分的重要指标之一。,"['raindrop size distribution', 'topographic heights', 'atmospheric composition']",Han Luo;Qiang Zhang;Ping Yue;Rong Wang;Songyu Li;Xia Li,A case study on the characteristics of raindrop size distribution at different topographic heights in the Qilian Mountains,
None,False,Atmospheric Research,该论文主要关注热带气旋的大小趋势，虽然涉及大气环境，但并未直接涉及空气质量监测、卫星观测、大气成分分析或气溶胶检索等远程传感技术。,"['tropical cyclone', 'Australia', 'reanalysis datasets']",Sarvesh Kumar;Savin S. Chand;Samuel S. Bell;Hamish A. Ramsay;Valentina Koschatzky;Philip J. Klotzbach;Andrew Dowdy,Assessing trends in tropical cyclone size over Australia using consolidated observations and high-resolution reanalysis datasets,
None,True,Atmospheric Research,该论文研究的是青藏高原夏季极端降水的外部强迫和内部变异归因，涉及大气环境变化和降水监测，与大气环境遥感技术（如卫星观测和大气成分分析）密切相关。,"['extreme precipitation', 'Tibetan Plateau', 'atmospheric variability']",Guanqi Fu;Anmin Duan;Xu Yuan;Xianyi Yang,Multi-scale attribution of external forcing and internal variability to summer extreme precipitation in Tibetan Plateau,
None,True,Atmospheric Research,该论文研究中国南部沿海山区和城市地区的硝酸盐气溶胶形成机制，并基于同位素观测进行分析。这属于大气环境遥感技术领域，特别是空气质量和大气成分分析。,"['nitrate aerosols', 'isotope observations', 'coastal mountain', 'urban sites']",Mei-Yi Fan;Peiwen Guo;Hai Guo;Yu Wang;Changliu Wu;Yihang Hong;Xiaopu Lyu;Yan-Lin Zhang,Formation mechanisms of nitrate aerosols at coastal mountain and urban sites of southern China based on isotope observations,
None,True,Atmospheric Research,该论文研究的是1980年至2024年中国近地表风速的变化趋势，涉及大气环境监测，与大气环境遥感技术（如大气成分分析、风速监测）密切相关。,"['wind speed', 'atmospheric', 'China']",Xi Chen;Jiayi Nie;Wentian Qiu;Qinghong Zhao;Hairong Li;Xiuhua Zhou;Chengyang Zhang;Kaiqiang Deng,Divergent trend reversals in near-surface wind speed over China during 1980–2024,
None,False,Atmospheric Research,该论文主要关注ERA5-Land模型在模拟亚热带浅层湖泊热力学方面的表现，与大气环境遥感技术（如空气质量监测、卫星观测、大气成分分析、气溶胶反演）关系不大。,"['ERA5-Land', 'thermodynamics', 'subtropical shallow lake']",Wei Wang;Zihan Zhu;Mi Zhang;Heng Lyu;Zhiwen Wen;Bo Wang;Qiuxiang Jin;Zhen Zhang;Taikan Oki;Xuhui Lee,Performance evaluation of ERA5-Land in simulating thermodynamics of a subtropical shallow lake against long-term observations,
None,True,Atmospheric Research,该论文研究北太平洋夏季内季节性波动对北美空气温度和热极端事件的影响，涉及大气环境变化和气候现象，与大气环境遥感技术（如空气质量监测、卫星观测）相关。,"['North Pacific intraseasonal waves', 'North American air temperatures', 'heat extremes']",Lei Du;Riyu Lu;Shanjun Luo;Chuandong Zhu;Yuhan Yan,Summer North Pacific intraseasonal waves drive North American air temperatures and heat extremes,
None,True,Atmospheric Research,该论文研究了超级台风利奇马快速增强过程中的云-辐射强迫，涉及云和气溶胶的遥感监测，与大气环境遥感技术（如卫星观测和大气成分分析）密切相关。,"['cloud-radiation forcing', 'hydrometeor species', 'super Typhoon Lekima']",Lyu Leyang;Xinyan Lyu;Melinda Peng;Xuyang Ge,Distinct cloud-radiation forcing of hydrometeor species during the rapid intensification of super Typhoon Lekima (2019),
None,True,Atmospheric Research,该研究涉及沿海青岛和西北太平洋海洋的雨水中细菌的环境驱动因素，这与大气环境遥感技术中的空气质量监测和大气成分分析密切相关。,"['rainwater bacteria', 'coastal Qingdao', 'Northwest Pacific Ocean']",Xiaoyu Wang;Yuanzhe Ni;Yangfei Ai;Zhongyu Diao;Jianhua Qi,Environmental drivers of rainwater bacteria over coastal Qingdao and the Northwest Pacific Ocean,
None,True,Atmospheric Research,该论文研究西风对青藏高原夏季降水年际变化的影响，涉及大气环流和降水变化，与大气环境遥感技术（如卫星观测和大气成分分析）密切相关。,"['westerlies', 'precipitation', 'Tibetan Plateau']",Xin Mao;Xingwen Jiang;Huimei Wang;Jiaxin Ye;Yiwei Zhang;Chao Chen,Impacts of westerlies on interannual variability of summer precipitation over the southwestern Tibetan Plateau,
None,True,Atmospheric Research,该论文研究的是WRF模型在复杂地形中对湍流地形形 Drag 的改进，涉及大气稳定性的依赖关系。虽然不直接提到遥感技术，但研究大气动力和成分的模型改进与大气环境遥感监测密切相关，因为模型是解释遥感数据的重要工具。,"['WRF model', 'turbulent orographic form drag', 'atmospheric stability']",Yulong Ma;Xingwen Jiang;Lin Mu;Qilin Wan;Zhiwei Heng,Improving the representation of turbulent orographic form drag with stability dependence in the WRF model over complex terrain,
None,True,Atmospheric Research,该研究关注了平流层臭氧对东亚近地面臭氧的影响，涉及大气成分分析和空气质量监测，与大气环境遥感技术密切相关。,"['stratospheric ozone', 'near-surface ozone', 'CESM-MUSICA', 'Typhoon Lekima']",Yichao Zhou;Xuewei Hou;Man Yue;Chenchao Zhan,Impact of stratospheric ozone intrusion on near-surface ozone in eastern China under Typhoon Lekima: A high-resolution CESM-MUSICA simulation analysis,
None,True,Atmospheric Research,该论文研究了东亚急流对华中地区气溶胶变异性调制作用，涉及气溶胶的传输和分布，与大气环境遥感技术中的空气质量监测和大气成分分析密切相关。,"['aerosol variability', 'East Asian jet stream', 'Central China', 'regional transport']",Yujie Jiang;Xiefei Zhi;Yongqing Bai;Ling Zhang;Yi Fan;Shoupeng Zhu;Tianliang Zhao,East Asian jet stream modulates interdecadal aerosol variability over Central China via enhanced regional transport,
None,True,Atmospheric Research,该论文使用FY-4卫星观测数据，研究了中国东北冷涡背景下不同强对流事件的积云特征，涉及卫星观测技术和大气成分分析，与大气环境遥感技术相关。,"['convective clouds', 'FY-4 observations', 'severe convective events']",Yang Gao;Xiaoyong Zhuge;Xi Wang;Xiaowen Zhang,Characteristics of convective clouds associated with different severe convective events under Northeast China Cold Vortex revealed by FY-4 observations,
None,True,Atmospheric Research,该论文研究印度地表相对湿度，特别是东北地区的分析、数据验证、趋势和归因，与大气环境遥感技术（如空气质量监测、卫星观测、大气成分分析、气溶胶反演）密切相关，因为相对湿度是大气环境的重要参数，卫星观测和数据分析技术常用于研究其空间分布和变化趋势。,"['surface relative humidity', 'India', 'North Eastern Region']",Rohit Gautam,"Analysis of surface relative humidity over India with special emphasis on the North Eastern Region: Data validation, trends and attribution",
None,True,Atmospheric Research,该论文研究大气河流如何调节季风亚洲的降水气候，涉及大气现象和区域气候分析，与大气环境遥感技术（如卫星观测和降水监测）密切相关。,"['atmospheric rivers', 'hydrometeor climatology', 'Monsoon Asia']",Mingzhu Li;Ju Liang,How atmospheric rivers modulate hydrometeor climatology over Monsoon Asia,
None,True,Atmospheric Research,该论文研究了泰国地表层湍流中的惯性行为的临界粒径阈值，并探讨了其对PM2.5和粗颗粒空气质量建模的影响。这与空气质量监测和大气成分分析密切相关，因此与大气环境遥感技术相关。,"['PM2.5', 'air-quality modelling', 'particle-size threshold']",Chalermpol Wangsomcholk,Critical particle-size threshold for inertial behaviour in Thai surface-layer turbulence: Implications for PM<sub>2.5</sub> and coarse-particle air-quality modelling,
None,False,Atmospheric Research,该论文标题和摘要讨论的是台风“海娜莫尔”（2022年）的快速路径和强度变化，与大气环境遥感技术（如空气质量监测、卫星观测、大气成分分析、气溶胶反演）没有直接关系。,[],Pin-Hong Chen;Ching-Yuang Huang,Can a cutoff low cause rapid track and intensity changes of typhoon hinnamnor (2022)?,
None,True,Atmospheric Research,该论文研究了热带气旋对长江中下游夏季复合高温干旱事件的影响，涉及大气环境变化，与大气环境遥感技术（如大气成分分析、气象观测）相关。,"['tropical cyclones', 'atmospheric impacts', 'Yangtze River']",Jianqian Li;Chao Wang;Yuqin Wu;Liguang Wu;Haikun Zhao;Jian Cao,Track-dependent impacts of tropical cyclones on summer compound hot and dry events over the middle and lower reaches of the Yangtze River,
None,True,Atmospheric Research,该论文研究的是六盘山山顶的气溶胶数量粒径分布特征，这与大气环境遥感技术中的气溶胶监测密切相关，属于大气成分分析领域。,"['aerosol', 'size distribution', 'Mount Liupan']",Hejue Zhao;Zhuolin Chang;Jianren Sang;Liren Xu;Zezhong Sun;Run Luo;Le Jia;Ning Cao;Haoran Zhu;Yanbo Dai;Longyan Li;Jun Zhang;Wei Deng;Tianxue Wen;Kai Bi;Jiming Sun,Characteristics of aerosol number size distribution and spectrum fitting at the summit of Mount Liupan,
None,True,Atmospheric Research,该论文研究北极平流层臭氧的变化如何驱动北大西洋海表温度偶极子和欧亚气候遥相关，涉及大气成分分析和气候学，与大气环境遥感技术（如臭氧监测和卫星观测）密切相关。,"['Arctic stratospheric ozone', 'North Atlantic SST', 'Eurasian climate teleconnections']",Dingzhu Hu;Cuiting Zhao;Huimin Zhang,Arctic stratospheric ozone variability drives North Atlantic SST dipole and Eurasian climate teleconnections,
None,True,Atmospheric Research,该论文研究的是GPM IMERG卫星数据在西班牙 Valencia 地区亚日降水极端事件中的性能限制，涉及卫星观测技术和降水分析，属于大气环境遥感技术的范畴。,"['GPM IMERG', 'sub-daily precipitation extremes', 'atmospheric remote sensing']",Marc Semper;Manuel Curado;Jose F. Vicent;Leandro Tortosa,"Performance limits of GPM IMERG for sub-daily precipitation extremes over the Comunitat Valenciana, eastern Spain: Representativeness, attenuation, and pixel-scale displacement",
None,True,Atmospheric Research,该论文研究比利牛斯山脉冬季暖事件及其对积雪融化的影响，涉及大气成分变化和季节性气象现象，与大气环境遥感技术（如大气成分分析）相关。,"['Pyrenees', 'snowmelt', 'atmospheric composition']",Josep Bonsoms;Roberto Serrano-Notivoli,Winter warm spells in the pyrenees: synoptic drivers and snowmelt impacts (1960–2024),
None,True,Atmospheric Research,该论文研究了利用卫星数据分离气象动力和地面NO2排放足迹的方法，涉及空气质量监测和卫星遥感技术，因此与大气环境遥感技术密切相关。,"['satellite', 'NO2', 'emission footprints', 'air quality monitoring']",Mingbin Guo;Jianzhou Gong;Yuangong Chen;Yuqing Jian;Weifeng Xiao;Shikuan Wang,A satellite-constrained two-stage spatiotemporal framework for disentangling meteorological dynamics and emission footprints of ground-level NO<sub>2</sub>,
None,True,Atmospheric Research,该论文研究热带气旋中的非对称降雨估算，涉及大气环境监测和气象观测技术，与大气环境遥感技术（如卫星观测和气象数据分析）密切相关。,"['asymmetric rainfall', 'tropical cyclones', 'TCRM']",Bingyao Guo;Qingqing Li;Qi Gao;Changyu Zhao;Ruyan Chen,Improving asymmetric rainfall estimation in tropical cyclones: A revised TCRM,
None,True,Atmospheric Research,该论文研究了基于U-Net的空间协同校正方法，用于改进中国中部CMA-MESO的夏季降水预报。虽然主要关注降水预报，但涉及空间数据处理和大气监测技术，与大气环境遥感技术有一定相关性。,"['U-Net', 'spatial correction', 'precipitation forecasts', 'atmospheric monitoring', 'grid data']",Guangxin He;Wei Wu;Zhigang Zhang;Zhanshan Ma;Juanzhen Sun;Haonan Chen;Jingjia Luo,U-Net-based spatial synergistic correction of gridded summer precipitation forecasts for CMA-MESO in Central China,
None,True,Atmospheric Research,该论文研究了东北中国冷涡的结构和能量转换，重点关注了不同类型暴雨的分布及其受干入侵的影响。虽然论文主要关注气象学领域，但其中涉及的“干入侵”可能影响大气成分和空气质量，与大气环境遥感技术（如空气质量和大气成分分析）有一定关联，因此可以认为该论文与大气环境遥感技术“强相关”。,"['cold vortices', 'heavy rainfall', 'dry intrusion']",Yining Shen;Lijuan Wang;Zhaoyong Guan;Weijie Zeng;Xiaowen Zhao,Structure and energy conversion of Northeast China cold vortices with different distribution types of heavy rainfall influenced by dry intrusion,
None,True,Atmospheric Research,该论文研究了地表放射性对大气电学在稳定边界层条件下的影响，这与大气环境遥感技术相关，特别是大气成分分析和电学特性研究。虽然不直接涉及空气质量监测或卫星遥感，但大气电学是大气环境研究的重要方面，与大气成分和污染物的相互作用密切相关。,"['atmospheric electricity', 'stable boundary layer', 'radioactivity']",K.A. Nicoll;O. O'Neill;C. Miller;J. Paatero;T. Ulich,Surface radioactivity influences on atmospheric electricity during stable boundary layer conditions,
None,True,Atmospheric Research,该论文研究使用ICON百米尺度集合预报强对流风暴，涉及大气现象的监测和预测，与大气环境遥感技术（如风暴监测和大气现象分析）密切相关。,"['convective storm', 'ICON', 'hectometric-scale ensembles']",Matteo Siena;Thomas Gastaldo;Chiara Marsigli;Paolo Ruggieri;Silvana Di Sabatino,Improving forecast skill of a convective storm using ICON hectometric-scale ensembles,
None,True,Atmospheric Research,该论文研究利用卫星技术评估伊朗东部尘暴的起源及其跨界影响，直接涉及大气环境遥感技术，特别是空气质量和大气成分分析。,"['satellite', 'dust storms', 'Eastern Iran', 'transboundary impacts']",Ali Darvishi Boloorani;Masoud Soleimani;Nastaran Nasiri;Fatemeh Amiri;Najmeh Neysani Samany;Ali Al-Hemoud;Iraj Gholami;Kan Huang,Satellite-based assessment of dust storms originating from Eastern Iran with measurable transboundary impacts,
None,True,Atmospheric Research,该论文研究土壤湿度对华北地区夏季亚季节性降水预报的影响，使用了CWRF模型，这与大气环境遥感技术中的大气成分分析和降水监测相关，因此是强相关的。,"['soil moisture', 'subseasonal precipitation', 'CWRF model']",Chenyi Zhang;Minghao Wang;Yong Luo;Qingquan Li;Lili Dong;Kailu Yu,Effects of soil moisture on subseasonal precipitation forecasts in North China during summer: A study using CWRF model,
None,True,Atmospheric Research,该论文研究了中国不同行业的氮沉降效率对长期氮沉降变化的影响，这涉及大气环境监测和成分分析，与大气环境遥感技术（如空气质量监测和大气成分分析）密切相关。,"['atmospheric nitrogen deposition', 'sector-specific deposition efficiency', 'China']",Shangyi Wang;Yiheng Wang;Guochao Chen;Yuhao Wang;Zimeng Wang;Chenliang Tao;Hongliang Zhang,Sector-specific deposition efficiency shapes long-term changes in atmospheric nitrogen deposition in China,
None,True,Atmospheric Research,该论文研究广州地区闪电发生区域的垂直反射率核心特征，涉及大气电学现象和大气探测技术，与大气环境遥感技术（如闪电监测和大气电离层研究）相关，但与空气质量监测、卫星观测、大气成分分析或气溶胶反演等直接关联性较弱。,"['vertical reflectivity cores', 'lightning initiation regions', 'Guangzhou']",Fei Wang;Wen Yao;Yang Zhang;Dong Zheng,"Characteristics of vertical reflectivity cores at lightning initiation regions over Guangzhou, China",
None,True,Atmospheric Research,该论文与大气环境遥感技术相关，因为降水测量、估算和建模是大气成分分析的重要部分，这与空气质量监测和卫星观测等遥感技术密切相关。,"['precipitation', 'measurement', 'estimation', 'modeling']",Francisco J. Tapiador;Gabriela Juárez;Kyo-Sun Lim;Sohaib Fakar;Kyuhee Shin;Andrés Navarro;Sun-Young Park;Andrés Merino;Anahí Villalba-Pradas;Livia J. Leganés;Raúl Martín;José Luis Sánchez;Eduardo Garcia-Ortega;GyuWon Lee,"Precipitation science: State-of-the-Art in measurement, estimation, and modeling",
None,True,Atmospheric Research,该论文标题和摘要明确涉及大气环境中的云播种和气溶胶-云相互作用，这些都属于大气环境遥感技术的范畴，特别是与空气质量监测和大气成分分析相关。,"['cloud seeding', 'aerosol–cloud interactions', 'environmental impacts']",Sanhita Shende;Swapnaja Gajbhiye;Nandu B. Chaure,Cloud seeding and aerosol–cloud interactions: Environmental impacts and future perspectives,
None,False,Atmospheric Research,提供的标题和摘要信息不完整，无法判断其与大气环境遥感技术（如空气质量监测、卫星观测、大气成分分析、气溶胶反演等）的关联性。,[],,Editorial Board,
10.1126/science.aej4194,False,Science,该论文的标题和摘要内容与大气环境遥感技术无关。标题《不可征服的斯蒂芬·霍金》是关于著名物理学家的传记性描述，摘要未提及任何与空气质量监测、卫星观测、大气成分分析或气溶胶反演相关的技术或概念。,[],Andrew Robinson,The indomitable Stephen Hawking,
10.1126/science.aek5942,False,Science,该论文标题和摘要并未提及与大气环境遥感技术相关的关键词，如空气质量监测、卫星观测、大气成分分析或气溶胶反演等。,[],Priya Dames,Climate unrest comes to a fictionalized France,
10.1126/science.adv1295,False,Science,该论文主要关注古代人群的遗传学分析，研究青铜时代和铁器时代东天山地区的人口历史，与大气环境遥感技术（如空气质量监测、卫星观测、大气成分分析、气溶胶反演等）无关。,[],"Chao Ning;Ke Wang;Tianyi Wang;Jian Ma;Xue Zhao;Tongyuan Xi;Yongqiang Wang;Peng Cao;Shizhu Gao;Xiaotian Feng;Wanglin Hu;Xiaolin Wang,;Fan Zhang;Meng Ren;Xiyan Wu;Feng Liu;Xue Zhang;Jiangsong Zhu;Chunxiang Li;Qingyan Dai;Zhihao Dang;Ruowei Yang;Yunpeng Tang;Wanjing Ping;Vikas Kumar;Wenying Li;Bo Wang;Jianxin Wang;Dong Wei;Zhongzhi Nie;E. Andrew Bennett;Yinqiu Cui;Qiaomei Fu",Ancient DNA unveils distinctive ancestries in the Bronze and Iron Ages of East Tianshan,"The East Tianshan Mountains occupy a key corridor between Central and East Asia, but their population history remains poorly understood. Here we report genome-wide data from 135 ancient individuals from 11 archaeological sites. We identify a previously unrecognized Bronze Age admixture between populations related to Yellow River millet farmers and steppe pastoralists associated with the Chemurchek culture. In contrast, we find little genetic contribution from contemporaneous middle-to-late Bronze Age steppe pastoralists, despite their eastward expansion across the Eurasian Steppe. By the Iron Age, regional populations had become more heterogeneous, incorporating additional eastern and steppe-related sources while retaining variable contributions from Early Bronze Age groups. These results reveal sustained demographic interactions in eastern Central Asia nearly 1800 years preceding the establishment of the historic Silk Road."
10.1126/science.adx5917,False,Science,该论文研究的是地下核爆炸引起的地震活动，与大气环境遥感技术（如空气质量监测、卫星观测、大气成分分析、气溶胶检索）无关。,"['seismicity', 'fault reactivation', 'nuclear testing']",Xingli Fan;Kwang-Hee Kim;Su Young Kang;Lanbo Liu;Jie Song;Yujin Sohn;Hyeong-Tae Jou;Qi-Fu Chen;Le Li;Lian-Feng Zhao;Yuan Wang;Tianyao Hao,Nuclear tests at Mt. Mantap have reactivated intraplate faults,"Underground nuclear explosions typically produce short-lived seismic sequences that decay rapidly after testing ceases. By contrast, seismicity near the Punggye-ri nuclear test site at Mt. Mantap in the Democratic People’s Republic of Korea has persisted and intensified for years after the final large-yield explosion in 2017, evolving from diffuse activity to spatially organized distribution along fault-controlled structures. Analysis of 17 years of continuous waveform data reveals a progressive increase in seismicity and delayed reactivation of shallow faults. Earthquakes cluster beneath asymmetric topography, indicating progressive stress redistribution within a critically stressed crustal volume. These observations challenge conventional expectations, showing that under specific geological conditions, underground nuclear testing can drive multiyear fault reactivation and extend posttest seismicity well beyond the immediate aftermath of an explosion."
10.1126/science.ady6372,False,Science,该论文主要研究细胞器结构如何映射细胞状态多样性和代谢适应，与大气环境遥感技术（如空气质量监测、卫星观测、大气成分分析、气溶胶反演）没有直接关系。,"['multi-organelle signatures', 'cell-state diversity', 'metabolic adaptation']",Raghabendra Adhikari;Alexander Hillsley;Alana Dowdell Johnson;Shihong Max Gao;Isabel Espinosa-Medina;Jan Funke;Daniel Feliciano,Multi-organelle signatures map cell-state diversity and metabolic adaptation in tissues,"Cell-state diversity drives tissue adaptability, repair, and disease resilience, but capturing this complexity is a challenge. Current approaches rely on transcriptional profiling and overlook organelle structure, a key indicator of metabolism and stress. We developed spatial Organellomics (sOrganellomics), an imaging workflow that integrates automated segmentation with machine learning to classify and spatially map cell states from multi-organelle signatures. In liver and pancreas, these signatures distinguished broad cellular classes. In liver, sOrganellomics revealed that zonal position did not fully explain organelle-defined hepatocyte categories. Instead, hepatocytes formed intermixed communities within canonical zones, supporting a refined subzonal diversity model. Nutritional stress reshaped this organization. Intravital imaging linked fasting-induced organelle remodeling with altered mitochondrial membrane potential in vivo, supporting multi-organelle architecture as a structural readout of tissue adaptation."
10.1126/science.adz6688,False,Science,该论文研究的是小鼠前额叶皮层的转录组图谱，与大气环境遥感技术（如空气质量监测、卫星观测、大气成分分析、气溶胶反演等）无关。,[],Junyeop Daniel Roh;Yukyung Jun;Heesu Jeon;Junyoung Kim;Yunho Yi;Minji Kim;Heejin Cho;Yusang Oh;Heera Moon;Jinkyeong Kim;Seongbin Kim;Jeseung Ryu;Muwon Kang;Jisoo Kim;Yeonghyeon Kim;Yewon Jung;Taesun Yoo;Hyoseon Oh;Hyosang Kim;Chunmei Jin;Yeji Yang;Gahyeon Choi;Sunjoo Ahn;Jin Young Kim;Hyojin Kang;Mihyun Bae;Eunjoon Kim,Transcriptome-based classification in mice with ASD-risk mutations,"Autism spectrum disorder (ASD) is a neurodevelopmental condition with a strong genetic component. Large-scale human genetic studies have identified >1200 ASD-risk genes. We report a sex-balanced atlas of 1008 prefrontal RNA sequencing (RNA-seq) profiles from 17 mouse lines carrying ASD-risk mutations. Our analysis identified two opposing transcriptomic states. The two groups differed in sex bias, regional specificity, developmental stability, cell type remodeling, and responses to fluoxetine and lithium. Single-nucleus RNA-seq revealed broader cell type remodeling in group 1 than in group 2, and cell type–specific modules showed reciprocal associations that mirrored bulk transcriptomic signatures. The framework classifies independent mouse lines and identifies subgroups with conserved synaptic directionality, supporting molecular stratification."
10.1126/science.adz9952,False,Science,该论文主要研究的是中性原子量子处理器中的原子重加载技术，与大气环境遥感技术（如空气质量监测、卫星观测、大气成分分析、气溶胶检索等）没有直接关系。,"['quantum computing', 'neutral-atom', 'qubit array']",Yiyi Li;Yicheng Bao;Michael Peper;Chenyuan Li;Jeff D. Thompson,"Fast, continuous, and coherent atom reloading in a neutral-atom qubit array","Neutral-atom quantum processors are a promising platform for scalable quantum computing. An obstacle to implementing deep quantum circuits is managing atom loss. Current approaches require at least an order of magnitude longer time than gate and measurement operations to replace lost atoms. In this work, we demonstrate fast, continuous atom reloading that leverages the metastable171Yb qubit. A continuously loaded reservoir near the computation zone enables on-demand atom extraction with tweezers up to 500 times per second. New, stochastically filled qubit arrays can be initialized 30 times per second when including single-atom preparation, nondestructive imaging, and initialization. Existing qubits in the metastable state are undisturbed by the reloading process. This work establishes a complete foundation for the implementation of fast, fully fault-tolerant quantum circuits with unlimited depth."
10.1126/science.aec4071,True,Science,该论文研究的是大气的甲烷寿命，特别是在末次盛冰期（LGM）期间，以及尘埃介导的氯化学作用如何影响甲烷的降解。这与大气环境遥感技术密切相关，因为研究甲烷的寿命和大气成分变化是遥感监测空气质量的重要方面。,"['methane', 'chlorine chemistry', 'glacial periods', 'atmospheric composition', 'ice core CH4']",Daphne Meidan;Carlos A. Cuevas;Julián Villamayor;Rafael P. Fernandez;Nicolás J. Cosentino;Samuel Albani;Natalie M. Mahowald;Andrea Spolaor;Juan Pablo Corella;Michaela Mühl;Jennifer Campos Ayala;Markus Grimmer;Jochen Schmitt;Hubertus Fischer;Alfonso Saiz-Lopez,Atmospheric methane lifetime during the Last Glacial Maximum was reduced owing to dust-mediated chlorine chemistry,"Atmospheric methane (CH4) plays a central role in Earth’s climate, yet the drivers of its decline during the high-dust conditions of glacial periods, such as the Last Glacial Maximum (LGM), remain uncertain. Previous explanations imply source-driven changes, assuming an atmospheric lifetime comparable to that of present day. Recent work shows that interactions between mineral dust and sea salt aerosols produce CH4-removing chlorine radicals. In this work, we show that during the LGM, CH4lifetime shortened to 7.8 years, 20% lower than that of present day. Chlorine contributed ~15% of global CH4loss, fourfold that of present day. Our results reproduce ice core CH4isotopic evidence, demonstrating that stronger-than-assumed atmospheric sinks can explain CH4variability without invoking substantial source changes, highlighting the overlooked role of chlorine chemistry in the glacial CH4budget."
10.1126/science.aec7230,False,Science,该论文的主题是脾脏对全身血小板激活状态的调节，与大气环境遥感技术（如空气质量监测、卫星观测、大气成分分析、气溶胶反演）无关。,[],Lisa Laun;Alexander Leunig;Felix Zhang;Sezer Akgöl;Dario Rossaro;Matthias P. Fabritius;Afra Anjum;Lennart Kreutz;Nathalie Mackert;Gabriel H.M. Araujo;Shaan Mahameed;Craig Balmforth;Marie-Louise Hoffknecht;Magdalena Mader;Konstantin Hoffmann;Justus Reittinger;Johanna Knechtel;Nellie M. Kwabla;Maité Mulkers;Michael Schmid;Jean Solarz;Hannah Niederdorfer;Raphael Escaig;Robin Dewender;Heiko Schulz;Frederick Klauschen;Konstantin Stark;Florian Gaertner;David E. Newby;Bernhard Nieswandt;Filip K. Swirski;Zoltan Nagy;Alexandra Mazharian;Rainer Kaiser;Yotis A. Senis;Steffen Massberg;Leo Nicolai,Splenic regulation of systemic platelet activation state,"Platelets are essential to prevent blood loss and to orchestrate inflammation. Thrombotic complications of vascular disease and hyperresponsive platelets are associated with adverse outcomes, yet physiological mechanisms counteracting systemic platelet activation are poorly defined. In mice, we found that the spleen filters activated platelets in thrombotic and inflammatory conditions, limiting pathology by maintaining platelet quiescence. Glycoprotein VI–dependent activation of platelets initiated by extracellular matrix components in the splenic red pulp was counterbalanced by G6b-B–immunoreceptor tyrosine-based inhibitory motif signaling triggered by perlecan in quiescent platelets, allowing them to recirculate. By contrast, threshold activation signals in preactivated platelets could override inhibition, leading to splenic capture through inside-out signaling and β1-integrin engagement. Thus, the spleen acts as a modulator of platelet responsiveness and thrombo-inflammatory risk."
10.1126/science.aei0498,False,Science,该论文研究的是CRISPR-Cas系统中RNA指导的DNA识别机制，属于生物技术领域的分子生物学研究，与大气环境遥感技术（如空气质量监测、卫星观测、大气成分分析、气溶胶反演等）无关。,[],Peter H. Yoon;Kenneth J. Loi;Zeyuan Terry Zhang;Trevor A. Docter;Santiago C. Lopez;Conner J. Langeberg;Muhammad Moez Ur-Rehman;Kamakshi Vohra;Zehan Zhou;Isabel Esain-Garcia;Marena I. Trinidad;Honglue Shi;Ron Boger;Peter Y. Wang;Benjamin A. Adler;Stephen G. Brohawn;Jennifer A. Doudna,A noncontiguous code for RNA-guided DNA recognition at the origin of CRISPR-Cas,"CRISPR-Cas provides RNA-mediated adaptive immunity, but how its first RNA-guided effector arose is unclear. In this study, we report the discovery of Viral Interference Programmable Repeat (VIPR) systems consisting of a Vipr protein ancestral to the earliest CRISPR-Cas effectors and VIPR RNAs (vrRNAs) comprising alternating GGY/NN motifs. Unlike canonical guide RNAs that pair with target nucleic acids through contiguous complementarity, vrRNAs recognize double-stranded DNA through a noncontiguous code in which the variable NN dinucleotides collectively specify a gapped target sequence. Natural vrRNA targets suggest that VIPR systems act against competing phages, and we demonstrate programmable phage defense by redirecting the complex for transcriptional repression. These results suggest that adaptive immunity originated from ancient warfare between viruses, revealing a previously unidentified logic for encoding information in sequence."
10.1126/science.aei3472,False,Science,该论文研究的是VIPR RNA指导的DNA识别机制，涉及非连续几何三链形成，与大气环境遥感技术（如空气质量监测、卫星观测、大气成分分析、气溶胶检索）没有直接关联。,"['RNA-guided DNA recognition', 'triplex formation', 'cryo-electron microscopy']",Peter H. Yoon;Trevor A. Docter;Zeyuan Terry Zhang;Kenneth Loi;Santiago C. Lopez;Luis E. Valentin-Alvarado;Owen T. Tuck;Stephen G. Brohawn;Jennifer A. Doudna,VIPR RNA-guided DNA recognition by noncontiguous geometric triplex formation,"Viral interference programmable repeat (VIPR) systems use a noncontiguous code for RNA-guided transcriptional silencing. How the Vipr protein and a VIPR RNA (vrRNA) comprising alternating GGY and NN segments achieve precise DNA targeting is unknown. Here, we present 21 cryo–electron microscopy structures that help explain the mechanism of target engagement. Vipr protomers oligomerize along the vrRNA to form a right-handed helical filament, sequestering each GGY motif and positioning the adjacent NN bases for target base pairing. DNA binding, in which every third nucleotide is skipped, results in a gapped vrRNA-DNA hybrid helix that encircles the nontarget DNA strand to form a geometric triplex. These findings suggest that triplex-mediated target-strand handoff could enable noncontiguous and programmable RNA-guided DNA recognition in VIPR systems."
10.1126/science.adz0521,False,Science,该论文主要研究超冷分子气体中的极端损失抑制和偶极相互作用调控，与大气环境遥感技术（如空气质量监测、卫星观测、大气成分分析、气溶胶反演）关系不大。,[],Weijun Yuan;Siwei Zhang;Niccolò Bigagli;Haneul Kwak;Claire Warner;Tijs Karman;Ian Stevenson;Sebastian Will,Extreme loss suppression in an ultracold molecular gas with widely tunable dipolar interactions,"Ultracold dipolar molecules hold great promise for the creation of exotic quantum states of matter, but the realization of long-lived molecular bulk samples with strong dipole-dipole interactions has remained challenging. In this work, we realized a collisionally stable gas of ultracold ground state molecules with a lifetime of several seconds. Utilizing double-microwave dressing, we achieved an extreme suppression of inelastic two- and three-body losses by factors of more than 10,000 and 1000, respectively. We found that losses remained suppressed across a wide range of dipole-dipole interactions, allowing the continuous tuning of the dipolar length from −21,000 to 12,000a0, wherea0is the Bohr radius. Combined with the recent realization of Bose-Einstein condensation of dipolar molecules, our findings open the door to the exploration of strongly dipolar quantum liquids."
10.1126/science.aeh7535,False,Science,该论文研究的是量子力学在声学振动对象中的表现，涉及量子非破坏性测量和量子跳变，与大气环境遥感技术（如空气质量监测、卫星观测、大气成分分析、气溶胶反演）没有直接关系。,"['quantum mechanics', 'superconducting qubit', 'nanomechanical resonator']",Takuma Makihara;Erik Szakiel;Matthew P. Maksymowych;Oliver A. Hitchcock;Kaveh Pezeshki;Rachel G. Gruenke-Freudenstein;Mihir Pendharkar;Shannon P. Harvey;David I. Schuster;Amir H. Safavi-Naeini,Quantum jumps of sound,"Quantum mechanics predicts that a vibrating object’s energy comes in discrete packets, yet no measurement of its position reveals this discreteness. Resolving individual energy levels requires a qualitatively different measurement, one coupling to the resonator’s energy rather than its displacement. We use a superconducting qubit dispersively coupled to a nanomechanical resonator to perform repeated quantum nondemolition measurements of the phonon number. An aligned transfer-print technique integrating the qubit and resonator yields a mechanical lifetime ofT1=2.1milliseconds and a dispersive shift ofχπ2χ/2π=328kilohertz per phonon. We heralded single-phonon states with 85% fidelity and observed quantum jumps between the resonator’s first excited state and ground state. These discontinuous transitions are a striking manifestation of quantum mechanics in a massive, vibrating object."
10.1126/science.aec6129,False,Science,该论文主要关注的是利用人工智能技术进行腹部CT诊断，与大气环境遥感技术（如空气质量监测、卫星观测、大气成分分析、气溶胶反演等）无关。,"['CT', 'radiology', 'abdominal', 'computed tomography', 'vision-language model']",Qi Zhang;Jianpeng Zhang;Weiwei Cao;Zilin Lu;Wanxing Chang;Haonan Ding;Cao Chen;Zhi Li;Xing Xue;Sinuo Wang;Shaoteng Zhang;Yutong Xie;Yong Xia;Qi Wu;Zhongyi Shui;Xi Li;Zhilin Zheng;Yanjie Zhou;Tony C.W. Mok;Yingda Xia;Hongkan Wang;Xianghua Ye;Tao Ma;Jie Peng;Xiaoguang Wang;Jian Ding;Yuming Gao;Huazhen Ye;Yiping Liu;Dongjie Chen;Zhaomin Ni;Jianwen Ning;Wei Zhang;Jian Liu;Chaohui Yu;Shenghong Ju;Jianfeng Zhang;Wenbo Xiao;Ling Zhang;Tingbo Liang,An expert-level generalist AI for abdominal CT diagnosis,"Artificial intelligence (AI) in radiology aspires to deliver expert-level diagnosis across diverse clinical tasks, yet existing supervised strategies remain limited in scope. We developed RADAR, a generalist vision-language model trained on more than 400,000 contrast-enhanced abdominal computed tomography (CT) examinations and 15 million anatomy-wise image-text pairs, learning directly from clinical reports without manual annotation. Throughout internal and external evaluations across multiple centers and varied clinical scenarios, RADAR achieved high diagnostic performance and robust generalization for 18 anatomical structures and 146 imaging findings. In a reader study, RADAR assistance increased the diagnostic sensitivity of 26 radiologists by ~10%. RADAR offers a scalable, versatile, and interpretable solution for abdominal CT, demonstrating that generalist AI can match human experts in general and complicated radiology tasks."
10.1126/science.aeg3946,False,Science,该论文主要研究网络动力学中的节点异质性和稳定性问题，涉及神经网络、电网和材料网络等，与大气环境遥感技术（如空气质量监测、卫星观测、大气成分分析、气溶胶反演）没有直接关联。,"['network dynamics', 'heterogeneity', 'stability']",Arthur N. Montanari;Pietro Zanin;Adilson E. Motter,Disorder-promoted stability,"Previous studies of network dynamics have suggested that heterogeneity among nodes inhibits stability, which is at odds with the ubiquity of inherently heterogeneous natural and engineered systems. Here, we show that this conclusion arises from model reductions introduced for mathematical tractability and breaks down when nodal dynamics are higher-dimensional, yielding non-Hermitian Jacobians. In such systems, including neural, power-grid, and material networks, nodal heterogeneity can instead enhance stability, even when parameters are randomly disordered. Non-Hermiticity also underlies the stabilizing effects of network heterogeneity, which can arise even in one-dimensional nodal dynamics through nonreciprocal interactions, as shown for ecological networks. Our framework reveals disorder not as a liability but as a general resource for stabilizing complex systems."
10.1126/science.aec0473,False,Science,该论文主要研究的是基因突变（EGFR T790M）与肺癌风险的关系，属于遗传学和肿瘤学研究领域，与大气环境遥感技术（如空气质量监测、卫星观测、大气成分分析、气溶胶反演等）没有直接关系。,[],Jaclyn LoPiccolo;Steven Micheletti;Jing Shi;Wei Wang;Shubham Saini;Keng-Han Lin;Wanwan Xu;Pierre Fontanillas;23andMe Research Team‡;Diane R. Koeller;Helen Yatzus;Victoria G. Williamson;Jose A. Avila;Raphael B. Liautaud;Noah D. Fields;Allison Harper;Virginia Kotait;Ericka Izzo;Andrew Ciupek;Courtney A. Granville;Ryan L. Collins;Judy E. Garber;David C. Christiani;Stella Aslibekyan;Julie M. Granka;Alexander Gusev;Pasi A. JänneA. Auton;R. K. Bell;K. K. Bond;Z. Cochinwala;S. Das;K. de Brito;E. DelloRusso;C. Eijsbouts;S. L. Elson;C. German;J. M. Granka;B. Hicks;D. A. Hinds;R. Jabal;A. Khan;M. J. Kmiecik;A. Kwong;Y. Liang;K-H. Lin;M. H. McIntyre;S. Saini;A. J. Shastri;J. Shi;S. Shringarpure;Q. J. Su;V. Tran;J. Y. Tung;C. H. Weldon;W. Xu,Germline EGFR T790M mutation and lung cancer risk,"Most lung cancers are tobacco related, with genetic factors influencing smoking behavior identified through genome-wide association studies. However, inherited risk in familial and non-smoking-related lung cancers, including risk in carriers ofEGFRT790M, remains poorly understood. Here, in more than 3.3 million individuals, theEGFRT790M germline variant is significantly associated with lung cancer risk, with no increased risk for 17 other cancers and no interaction with polygenic risk. This risk exceeds that conferred by smoking and is several-fold higher in never-smokers. Global geographic and ancestry analyses show higher T790M prevalence in the US than in British- and Irish-descendant populations, reflecting a Southern Appalachian founder event about 200 to 225 years ago, increasing regional prevalence and affecting those of British, Irish, and African descent. Recognition of high-risk carriers may inform targeted genetic testing and screening strategies."
10.1126/science.adx9928,True,Science,该论文使用了高分辨率遥感技术来比较热带森林砍伐和恢复的成本效益，这与大气环境遥感技术中的卫星观测和大气成分分析密切相关。,"['remote sensing', 'deforestation', 'carbon benefits']",Leonardo S. Miranda;James R. Thomson;Joice Ferreira;Toby A. Gardner;Erika Berenguer;Alexander C. Lees;Ralph Mac Nally;Luiz E. O. C. Aragão;Pedro H. S. Brancalion;Silvio F. B. Ferraz;Rachael D. Garrett;Paulo G. Molin;Nárgila G. Moura;Sâmia S. Nunes;Luke Parry;Juliana M. Silveira;Ima C. G. Vieira;Cecilia Viana;Jos Barlow,Protecting tropical forests is more cost-effective for biodiversity and climate than restoration,"Halting deforestation and promoting restoration are at the core of strategies to confront the biodiversity and climate crises in tropical forests. Avoiding forest disturbances is also critically important but has received far less attention, and there is a lack of clarity about the relative cost-effectiveness of these three interventions. We compare the biodiversity and carbon benefits and costs associated with each intervention, comparing observed and counterfactual outcomes based on in-depth field assessments and high-resolution remote sensing in the Brazilian Amazon deforestation frontier. Avoidance interventions delivered the greatest benefits and were more cost-effective than restoration, with results being robust to a range of benefit and cost assumptions. However, combined interventions delivered the greatest gains and were essential to reverse biodiversity and carbon losses."
10.1126/science.aem4011,False,Science,标题和摘要中未提及与大气环境遥感技术相关的具体内容，因此不相关。,[],Corinne Simonti;Jesse Smith;Corinne Simonti;Yevgeniya Nusinovich;Priscilla N. Kelly;Bianca Lopez;Jelena Stajic;Michael A. Funk;Sumin Jin,In Other Journals,
10.1126/science.aem4012,False,Science,该标题和摘要与大气环境遥感技术无关，标题中的“地震”和摘要内容均未提及大气监测、卫星观测、成分分析或气溶胶检索等相关领域。,[],Daniela C. Molina Palacios,A seismic shift,
10.1126/science.aek3832,False,Science,该论文标题和摘要内容与大气环境遥感技术无关，主要涉及遗传学研究，而不是空气质量监测、卫星观测或大气成分分析等领域。,[],Stephen Chanock,In search of past genetics,
10.1126/science.ael3062,False,Science,该论文标题和摘要与大气环境遥感技术无关，主要关注自闭症谱系障碍的异质性分析，属于医学和行为科学领域。,[],Jacqueline M. Martín and Daniel H. Geschwind,Parsing heterogeneity in autism spectrum disorder,
10.1126/science.aek9090,False,Science,标题和摘要中未提及与大气环境遥感技术相关的任何关键词，如空气质量监测、卫星观测、大气成分分析或气溶胶检索。,[],Raissa M. D’Souza,Noise and diversity can boost stability,
10.1126/science.ael0758,False,Science,该论文的标题和摘要内容涉及病毒起源和RNA指导的免疫机制，与大气环境遥感技术（如空气质量监测、卫星观测、大气成分分析、气溶胶检索）无关。,[],Jack P. K. Bravo,A viral origin for RNA-guided immunity,
10.1126/science.aek6854,False,Science,该论文标题和摘要内容主要涉及自由和移动自由的概念，与大气环境遥感技术（如空气质量监测、卫星观测、大气成分分析、气溶胶反演）无关。,[],J. Nathan Matias;Rebekah Tromble;Sarah T. Roberts,Free inquiry depends on freedom of movement,
10.1126/science.aek9555,False,Science,该论文的标题和摘要主要关注无人机电子垃圾危机，与大气环境遥感技术（如空气质量监测、卫星观测、大气成分分析、气溶胶反演）没有直接关联。,[],Beibei Yan;Xuan Wang;Shengquan Zhou;Guanyi Chen,Prevent a drone e-waste crisis,
10.1126/science.ael2468,False,Science,该论文标题与摘要内容均为关于阿尔伯塔省黑熊猎杀的政策问题，与大气环境遥感技术（如空气质量监测、卫星观测、大气成分分析、气溶胶反演）无关。,[],Gilbert Proulx and Paul Paquet,Alberta’s ill-advised black bear hunting,
10.1126/science.aem4439,False,Science,该标题和摘要内容与大气环境遥感技术无关，讨论的是OpenAI在数学领域引发的‘生存危机’，不涉及空气质量监测、卫星观测、大气成分分析或气溶胶反演等具体技术。,[],Celina Zhao,OpenAI leap triggers ‘existential crisis’ in math,
10.1126/science.aem4440,False,Science,该论文标题和摘要主要讨论人工智能和生物武器的话题，与大气环境遥感技术（如空气质量监测、卫星观测、大气成分分析、气溶胶反演）无关。,[],Jocelyn Kaiser,Alarming report on AI and bioweapons divides scientists,
10.1126/science.aem4441,False,Science,该标题和摘要不涉及大气环境遥感技术相关的关键词，如空气质量监测、卫星观测、大气成分分析或气溶胶反演等技术。,[],Jeffrey Brainard,New platform could broaden conference poster audience,
10.1126/science.aem4443,False,Science,该论文标题和摘要内容关注的是社会科学研究中参与者隐私的问题，与大气环境遥感技术（如空气质量监测、卫星观测、大气成分分析、气溶胶反演等）无关。,[],Jeffrey Brainard,Social science studies often breach participants’ privacy,
10.1126/science.aem4444,False,Science,该论文标题和摘要没有提及与大气环境遥感技术相关的关键词，如空气质量监测、卫星观测、大气成分分析或气溶胶反演等。,[],Katie Langin,Future forests,
10.1126/science.aem4442,False,Science,该论文标题和摘要均与大气环境遥感技术无关。标题涉及加利福尼亚州的水资源问题和鱼类栖息地，摘要也未提及任何与空气质量监测、卫星观测、大气成分分析或气溶胶检索相关的内容。,[],Erik Stokstad,"In water fight, California to spend billions on ‘visionary’ plan to boost fish habitat",
10.1126/science.ael6948,False,Science,该论文标题和摘要内容主要关注科学和公众问责的问题，没有涉及大气环境遥感技术相关的关键词或主题。,[],Shobita Parthasarathy,Escaping a downward spiral for science and public accountability,
10.1126/science.ael8642,False,Science,该论文标题和摘要与大气环境遥感技术无关，主要讨论的是临床试验的投注问题，涉及的是医学伦理和法律问题，而非空气质量监测、卫星观测或大气成分分析等技术领域。,[],Y. Tony Yang and Aaron S. Kesselheim,Ban bets on unfinished clinical trials,
10.1126/science.aem2760,False,Science,该论文标题和摘要与大气环境遥感技术（如空气质量监测、卫星观测、大气成分分析、气溶胶反演）无关，而是关注生物多样性科学中缺失物种的问题。,[],Charles C. Davis,Biodiversity science’s missing species,
10.1126/science.aed7991,False,Science,该论文标题和摘要内容主要讨论地缘政治紧张局势对中国企业利用科学技术的加速影响，未涉及大气环境遥感技术、空气质量监测、卫星观测、大气成分分析或气溶胶反演等具体内容，因此与大气环境遥感技术不相关。,[],Junhan Wang;Xibao Li;Yanbo Wang,Geopolitical tensions with the US accelerate Chinese firms’ leveraging of science,
10.1126/science.aem4010,False,Science,标题和摘要中没有提及与大气环境遥感技术相关的关键词，如空气质量监测、卫星观测、大气成分分析或气溶胶反演等。,[],Michael Funk;Stella M. Hurtley;Angela Hessler;Jelena Stajic;Ian S. Osborne;Bianca Lopez;Christiana N. Fogg;Karin Leder;Sarah H. Ross;Corinne Simonti;Jesse Smith;Yevgeniya Nusinovich;Priscilla N. Kelly;Yury Suleymanov;Mattia Maroso;Di Jiang;John Foley,In Science Journals,
