doi,is_relevant,journal,explanation,topic_words,authors,title,abstract
10.1029/2026GL125996,False,Geophysical Research Letters,该论文主要研究海洋中溶解有机物（DOM）的化学结构，特别是其与水分子的结合关系，这与大气环境遥感技术（如空气质量监测、卫星观测、大气成分分析、气溶胶反演等）没有直接关联。,"['Dissolved organic matter', 'ocean', 'bonded water']",Kaijun Lu;Xiao You;Laodong Guo;Carlos Baiz;Zhanfei Liu,Bonded Water Is an Integral Component of Dissolved Organic Matter in the Ocean,"Dissolved organic matter (DOM) in the ocean, as one of the largest pools of reduced carbon on Earth, plays an important role in the global carbon cycle, yet its chemical structure remains largely unknown. Here we show that high molecular weight DOM (HMW‐DOM) contains approximately 10% bonded water (H2O) by weight. These bonded H2O molecules are an integral part of the DOM organic complex, likely maintained through strong intermolecular hydrogen bonds, as they are not released during freeze drying and show minimal exchange with surrounding water. When the bonded H2O was removed by mild heating (70°C), the HMW‐DOM became more bioavailable as shown by laboratory incubation experiments. These findings suggest that the bonded H2O plays a key role in regulating the stability and biogeochemical cycling of DOM in the ocean."
10.1029/2026JD047316,True,Journal of Geophysical Research: Atmospheres,该论文研究的是高空宇宙辐射剂量率及其垂直结构、太阳调制效应，并与模型进行比较，这与大气环境遥感技术（如空气质量和大气成分监测）有较强的相关性，因为它们都涉及大气辐射和成分的分析。,"['atmospheric radiation', 'ionization', 'solar modulation', 'dose-rate', 'civil aviation']",Roy Yaniv;Yoav Yair;Colin Price,"Cosmic Radiation Dose‐Rates for Civil Aviation in the Middle East: Vertical Structure, Solar Modulation, and Comparison With Models","High‐altitude balloon measurements were conducted over southern Israel (30°35′N, 34°45′E; 850 m a.s.l., geomagnetic rigidity cutoff 10.3 GV) to characterize the vertical profiles of atmospheric ionization and radiation up to ∼35 km. Six balloon launches between October 2014 and August 2016 recorded the variability of atmospheric ionization during the declining phase of Solar Cycle 24. The Regener–Pfotzer maximum was observed at ∼17–20 km, consistent with mid‐latitude conditions. The gamma‐equivalent dose‐rate proxy, derived from calibrated Geiger–Müller tube measurements, increased with altitude to a maximum near the Regener–Pfotzer altitudes and decreased sharply above it. At civil aviation altitudes (∼10 km), the measured dose rates were in the range ∼0.9–1.3 μSv hr−1 and exhibited an inverse relationship with solar activity (r = −0.71). A strong linear dependence on heliospheric modulation potential was observed, with extrapolated values indicating a 40%–60% increase in dose rates under solar minimum conditions. Comparison with the EXPACS/PARMA atmospheric radiation model shows that the measurements closely match the electromagnetic component (photons and electrons/positrons) of the radiation field, typically within ∼10%–15%, while the total ambient dose equivalent H*(10) was dominated by neutrons. These results demonstrate that balloon‐borne measurements can provide a robust characterization of the vertical radiation structure and its solar modulation, while highlighting the distinction between electromagnetic dose proxies and total radiation exposure."
10.1029/2026JD047411,True,Journal of Geophysical Research: Atmospheres,该论文研究了热带地区人为增加的海洋盐粒排放对大气环流的影响，涉及大气成分分析和环流反馈机制，与大气环境遥感技术（如空气质量和大气成分监测）密切相关。,"['geoengineered sea salt aerosol', 'atmospheric circulation', 'CM4 model']",Cindy Wang;Leo J. Donner;Naser G. A. Mahfouz,Wind‐Driven Circulation Feedbacks Offset Tropical Geoengineered Sea Salt Emissions,"Using a NOAA Geophysical Fluid Dynamics Laboratory coupled atmosphere–ocean (CM4) comprehensive model, we employ simulations of enhanced, geoengineered sea salt aerosol (SSA) emissions in the tropics to examine the circulation response to idealized marine cloud brightening. Increased tropical SSA emissions cool the deployment region and weaken the Equator‐to‐midlatitude temperature gradient, triggering circulation feedbacks that include weaker Southern Ocean westerlies. These circulation feedbacks suppress natural SSA emissions in both tropical and extratropical regions, offsetting about 23% of the imposed geoengineered SSA mass flux. In the offline sensitivity calculations, circulation feedbacks exert a weaker influence on aerosol number than on emitted mass (1% vs. 10%). Furthermore, wind speed is the primary driver of circulation‐induced changes in SSA mass emissions, with sea surface temperature (SST) playing a secondary role. For number flux, SST has a larger influence in some regions due to the predominance of smaller particles. These findings demonstrate that aerosol injections can alter both circulation and aerosol distribution, potentially attenuating their intended climate effect."
10.1029/2026JD046688,True,Journal of Geophysical Research: Atmospheres,该论文研究西太平洋秋季热带气旋的生成变化，涉及海表温度异常和大气环流模型，这与大气环境遥感技术（如卫星观测和大气成分分析）密切相关，因为它探讨了热带和中纬度地区的气候异常如何影响热带气旋的形成。,"['tropical cyclones', 'sea surface temperature anomalies', 'atmospheric general circulation model']",Lingfeng Tao;Lilan Chen;Wei Mei;Xiu‐Qun Yang;Jianyun Gao;Tonghua Su,Climate Variations of Autumn Tropical Cyclone Genesis in the Western North Pacific: Roles of Tropical and Midlatitude SST Anomalies,"Tropical cyclones (TCs) in the western North Pacific (WNP) pose significant threats to socio‐economic systems, yet their variability during the autumn season remains relatively understudied compared to summer. This study examines the interannual and decadal variations of WNP TC genesis in autumn using reanalysis data sets and atmospheric general circulation model (AGCM) simulations. It is shown that sea surface temperature anomalies (SSTAs) in the tropical Pacific and Indian Oceans, as well as in the midlatitude North Pacific, are the primary drivers. On interannual timescales, SSTAs in the tropical Pacific and Indian Oceans—resembling El Niño conditions—suppress convection and induce anomalous subsidence over the WNP via atmospheric wave responses, and thereby inhibit TC formation. On decadal timescales, warm SSTAs in the midlatitude North Pacific play a dominant role. These anomalies induce anomalous upward surface turbulent heat flux, leading to increased diabatic heating and weakened atmospheric baroclinicity and transient eddy activity. The resulting anomalous atmospheric circulation is characterized by a positive geopotential height anomaly over the midlatitude North Pacific. Anomalous southward energy propagation and meridional overturning circulation further modify the upper‐tropospheric flow in the subtropics, leading to strengthened subtropical westerlies and enhanced vertical wind shear over the WNP, which are unfavorable for TC genesis. AGCM experiments forced with historical SSTAs reproduce these observed patterns well, supporting the proposed mechanisms. These findings underscore the distinct roles of tropical and midlatitude SSTAs in modulating autumn WNP TC activity on interannual and decadal timescales, with important implications for the prediction of TC genesis."
10.1029/2026JD046496,True,Journal of Geophysical Research: Atmospheres,该论文研究了使用机器学习框架对龙卷风超级细胞进行聚类分析，重点关注环境特征的选择和解释。虽然论文的核心是气象学中的龙卷风超级细胞，但其使用了遥感技术（如邻近探测）和环境数据分析方法，这与大气环境遥感技术（如大气成分分析、空气质量监测）有间接关联，因为它涉及从探测数据中提取和解释环境特征。,"['proximity sounding', 'machine learning', 'virtual buoyancy', 'Convective Available Potential Energy (CAPE)', 'Convective Inhibition (CIN)']",Zhanxiang Hua;Alexandra Anderson‐Frey;Qin Jiang;Matthew C. Brown,Clustering of Right‐Moving Tornadic Supercell Proximity Sounding Profiles Using an Explainable Framework,"This study demonstrates an explainable machine learning framework for explicitly selecting important environmental features that determine clusters of right‐moving tornadic supercells. Although previous studies have clustered and analyzed proximity sounding profiles associated with tornadic right‐moving supercells, few have identified key features driving cluster assignments. Using self‐organizing maps, we group soundings based on virtual buoyancy and wind profiles. Recursive feature elimination reveals that virtual buoyancy at heights of approximately 3 and 10.6 km (near the equilibrium level) are the most significant features in this clustering, with both acting as a proxy for the potential magnitude of Convective Available Potential Energy (CAPE) and Convective Inhibition (CIN). Mid‐level wind vectors (around 5 km) and low‐level (below 3 km) meridional winds also play major roles in determining cluster assignments. Using these features at their identified key levels achieves skill comparable to traditional composite parameters in distinguishing between significant and non‐significant tornado environments associated with right‐moving supercells. We interpret these features as drivers of SOM node classification and as useful low‐dimensional descriptors of already tornadic environments, not as independent evidence that each feature controls tornado intensity."
10.1029/2026JD047242,True,Journal of Geophysical Research: Atmospheres,该论文与大气环境遥感技术密切相关，因为研究使用SPHEREx卫星观测了近红外 terrestrial airglow（大气辉光），涉及氦和氧的测量，这属于大气成分分析和卫星观测的范畴。,"['SPHEREx', 'airglow', 'atmospheric helium', 'atmospheric oxygen', 'remote sensing']",Howard Hui;Chi H. Nguyen;Ryan Wills;Katrina Bossert;Sean A. Bryan;Kazuma Noda;Jessica Norrell;Yoonsoo P. Bach;James J. Bock;Tzu‐Ching Chang;Shuang‐Shuang Chen;Asantha Cooray;Brendan P. Crill;Olivier Doré;C. Darren Dowell;Andreas L. Faisst;Jae Hwan Kang;Phil M. Korngut;Carey M. Lisse;Daniel C. Masters;Roberta Paladini;Volker Tolls;Michael W. Werner;Yujin Yang;Michael Zemcov,Observations of Atmospheric Helium and Oxygen With SPHEREx,"We present measurements of near‐infrared (NIR) terrestrial airglow produced by helium and oxygen in the exosphere as observed by the Spectro‐Photometer for the History of the Universe, Epoch of Reionization, and ices Explorer (SPHEREx). Using 8 months of survey data obtained from a 680‐km low‐Earth orbit, emission from Hei λ10830 $\lambda 10830$, Oi λ8446 $\lambda 8446$, and Oi λ11287 $\lambda 11287$ is mapped with both global spatial and multiseason temporal coverage. These measurements are obtained along upward looking lines of sight as part of the astrophysical survey, in contrast to conventional nadir‐viewing Earth remote sensing, which probes the behavior of low‐density material in the thermo‐ and exosphere. We describe an analytical framework to extract atmospheric emission lines in the presence of astrophysical backgrounds including stars, resolved galaxies, and the diffuse zodiacal light. The resulting global measurements reveal temporal variability over the survey period and systematic dependencies on geographic locations. We interpret these variations in the context of the variable solar illumination and seasonal effects. SPHEREx, an astrophysical space observatory, is demonstrated to be a promising new platform for monitoring NIR airglow and investigating its coupling to solar activity and global geophysical processes."
10.1029/2026EF008831,True,Earth's Future,该论文涉及大气环境遥感技术，特别是通过分析大气层温度变化（如平流层温度）和模型预测来评估人类活动对气候的影响，这与遥感技术在空气质量监测、卫星观测和大气成分分析中的应用密切相关。,"['stratosphere', 'anthropogenic fingerprint', 'satellite observations']",Benjamin D. Santer;Susan Solomon;David W. J. Thompson;Qiang Fu;Andrew E. Dessler,Misrepresentation of Human Climate Fingerprint in DOE Report,"A July 2025 report from the U.S. Department of Energy (DOE) made the key claim that the stratosphere has warmed since 2000, contrary to model projections and inconsistent with the expected anthropogenic fingerprint. The DOE report provided no references or data to support this claim. Its basis appears to be an unpublished figure comparing simulated and observed tropical trends in the temperature of the lower stratosphere (TLS), a layer extending from roughly 15 to 20 km above Earth's surface. The observed tropical TLS trends shown in the unpublished DOE figure are incorrect. When the correct observational data sets are used, model tropical TLS trends are consistent with satellite observations, and a model‐predicted anthropogenic fingerprint is identifiable with high confidence in observed latitude‐altitude profiles of tropical temperature change. An earlier rebuttal of the DOE “no human fingerprint” claim considered global‐mean temperature changes only and did not perform a pattern‐based fingerprint study. Unless corrected or retracted, the DOE report will continue to misinform policymakers and the public about the reality of human effects on climate."
10.1029/2025GH001749,True,GeoHealth,该论文研究了气候因素如何直接影响非洲脑膜炎带的流行和风险，涉及大气尘埃、风速、温度、降雨和地表覆盖等环境因素，这些都属于大气环境遥感技术的研究范畴。,"['atmospheric dust', 'wind speed', 'temperature', 'rainfall', 'land cover']",Molly Cliff;Kanny Diallo;Richard B. Yapi;Axelle B. D. Tano;Sally Jahn;Caroline M. Wainwright;Caroline Trotter,How Do Climatic Factors Directly Influence the Incidence and Risk of Meningococcal Meningitis Across the African Meningitis Belt? A Narrative Literature Review,"Globally, the highest incidence of meningococcal meningitis occurs within the African meningitis belt, spanning 26 countries across sub‐Saharan Africa. Meningococcal meningitis incidence is highly seasonal in this region specifically, with outbreaks mostly occurring during the dry season, characterized by low rainfall and atmospheric humidity, high temperature, and increased dust and wind speed. The strong seasonality of meningococcal outbreaks coincides with seasonal variation in climatic factors. This multicollinearity can make it difficult to identify environmental drivers of disease and the mechanisms by which they operate. This review aims to collate existing evidence to better clarify the mechanisms by which climatic variables influence meningococcal meningitis incidence. We examined the impact of dust, wind speed, temperature, rainfall, and land cover on meningococcal meningitis outbreaks. Within the literature, atmospheric dust and wind speed had the strongest statistical association with meningococcal outbreaks and demonstrated greater predictive probability than other climatic variables. However, several climatic factors have demonstrable influences on one another, reflected in the seasonality of meningococcal meningitis. Atmospheric dust can reduce precipitation levels in part through its radiative properties. Decreased rainfall and increasing temperatures can dry out soil, increasing its availability to be uplifted as dust. Alongside, this lower atmospheric humidity increases evaporative demand, leading to faster soil moisture loss and enhanced surface drying. We argue that rainfall, temperature, and land cover variability may act as part of a broader climatic mechanism, increasing atmospheric dust. This increases the incidence and risk of meningococcal meningitis."
10.1029/gh2.70193,False,GeoHealth,由于没有提供摘要信息，无法判断该论文是否与大气环境遥感技术相关。,[],,Issue Information,No abstract is available for this article.
10.1038/d41586-026-02684-1,False,Nature,该论文主题是使用AI模型追踪动物源性疾病，与大气环境遥感技术（如空气质量监测、卫星观测、大气成分分析、气溶胶反演）无关。,[],Heather Richardson,AI models are being used to track zoonotic diseases. Will they prevent the next pandemic?,"Spread of diseases between humans and animals is an issue around the world. But AI models can be used to monitor their progress. 
 Spread of diseases between humans and animals is an issue around the world. But AI models can be used to monitor their progress."
10.1038/d41586-026-02727-7,False,Nature,该论文的标题和摘要主要关注暗能量的研究，涉及的是宇宙观测和空间望远镜技术，与大气环境遥感技术（如空气质量监测、卫星观测、大气成分分析、气溶胶反演）没有直接关联。,[],Davide Castelvecchi,Lift-off! NASA launches Roman Space Telescope to tackle dark-energy mysteries,"The space observatory will have an expansive view of the Universe as well as sharp resolution. 
 "
10.1038/s41467-026-76503-6,False,Nature Communications,该论文研究的是人类视觉系统中的眼动（saccades）如何影响空间细节的感知，与大气环境遥感技术（如空气质量监测、卫星观测、大气成分分析、气溶胶反演）无关。,[],Y. Howard Li;Michele A. Cox;Jonathan D. Victor;Michele Rucci,What one sees depends on how far the eye has moved,"People explore the visual world through rapid eye movements called saccades. Here, the authors show that the size of each saccade determines which level of spatial detail becomes most visible after the movement. 
 Humans explore visual scenes through frequent, rapid gaze shifts known as saccades. These movements redirect the high-acuity region of the retina toward objects of interest, thus selecting information based on location. Here, we show that saccade amplitude provides a separate and complementary form of selection, effectively filtering visual information by spatial frequency rather than location. Building on analyses of the resulting visual input signals, we examined how pattern visibility was influenced by the size of the preceding saccade. A reduction in saccade amplitude attenuates post-saccadic visual sensitivity in an amplitude-dependent range of low spatial frequencies. This effect is highly robust, so that even small changes in saccade size considerably affect visibility. We show that this phenomenon arises from the way that the magnitude-dependent kinematic characteristics of saccades transform the visual world into a spatiotemporal flow. That is, post-saccadic visibility closely follows theoretical predictions based on the spatial information that saccade transients convey within the temporal bandwidth of retinal sensitivity. Thus, saccades not only guide selection based on location, but also filter visual information based on scale, actively shaping perception. People explore the visual world through rapid eye movements called saccades. Here, the authors show that the size of each saccade determines which level of spatial detail becomes most visible after the movement."
10.1038/s43247-026-03951-9,True,Communications Earth & Environment,该论文研究了苏门答腊断层带的自然应力测量，利用卫星雷达干涉测量和数值模型分析断层蠕变行为，这与大气环境遥感技术中的卫星观测方法相关，属于地质与遥感交叉领域。,"['satellite radar interferometry', 'numerical modelling', 'fault creep']",Rino Salman;Sharadha Sathiakumar;Rishav Mallick;Lujia Feng;Qiu Qiang;Susilo Susilo;Sidik Tri Wibowo;Emma Hill;Sang-Ho Yun,Coulomb-like creeping segment acts as a stress sensor in Northern Sumatra,"The Aceh segment of the Sumatra Fault acts as a natural stress gauge by responding predictably to regional stress changes, while simultaneously accommodating both interseismic creep and earthquakes, according to satellite radar interferometry and numerical modelling 
 Understanding how fault creep evolves in space and time is essential for identifying zones of aseismic stress release and stress accumulation. Creeping faults typically exhibit rate-strengthening friction, in which frictional resistance increases with sliding velocity and promotes stable slip. The northern Aceh segment of the Sumatran Fault Zone is a notable exception, hosting active creep yet rupturing in a Mw 6.1 strike-slip earthquake in 2013. Here we show, using satellite observations, that creep rates decreased by ~60% from 2007–2010 to 2017–2023. Numerical models constrained by these observations reveal two creep events: one triggered by stress transfer from the distant 2004 Mw 9.2 megathrust earthquake, and a second re-acceleration driven by nearby continental earthquakes. These results suggest that the Aceh fault exhibits emergent, nearly velocity-neutral behaviour at the segment scale. In this regime, the fault behaves like a brittle Coulomb surface lacking the self-stabilizing influence of velocity- and slip-history-dependent friction, enabling long-range triggering and the coexistence of creep and earthquakes. The fault can thus act as a natural stress gauge in a region of significant seismic hazard. The Aceh segment of the Sumatra Fault acts as a natural stress gauge by responding predictably to regional stress changes, while simultaneously accommodating both interseismic creep and earthquakes, according to satellite radar interferometry and numerical modelling"
10.1038/s43247-026-03987-x,True,Communications Earth & Environment,该论文研究了氮沉降对生物圈和大气之间活性碳交换的影响，特别是对异戊二烯、单萜和倍半萜等生物源挥发性有机化合物排放的影响。这些化合物是形成臭氧和二次有机气溶胶的前体，与空气质量监测和大气成分分析密切相关，因此与大气环境遥感技术有强相关关系。,"['isoprene', 'monoterpenes', 'sesquiterpenes', 'biogenic volatile organic compound', 'air quality']",Yanli Zhang;Yuting Lu;Alex Guenther;Haofan Ran;Qiang Zhang;Ping’an Peng;Xinming Wang,Nitrogen deposition modulates reactive carbon exchange between the biosphere and atmosphere,"Nitrogen addition significantly increases emissions of isoprene, monoterpenes, and sesquiterpenes, modulating biosphere-atmosphere reactive carbon exchange, based on a meta-analysis with a dataset of 885 observations spanning nine functional plant types. 
 Anthropogenic nitrogen deposition influences terrestrial carbon storage, but its role in regulating plant biogenic volatile organic compound emissions and thus biosphere-atmosphere reactive carbon exchange remains unclear. Here we compile 885 observations spanning nine plant functional types and find that nitrogen addition significantly increases emissions of isoprene, monoterpenes and sesquiterpenes by 52%, 39% and 107%, respectively. Meta-regression indicates a quadratic dose-response: emissions rise with nitrogen inputs up to compound-specific peaks ( ~ 49–118 kg nitrogen·ha−1·yr−1) and decline at higher nitrogen loadings. Over 1980–2020, human-driven shifts in nitrogen deposition reshape regional isoprene emission potential, increasing it by up to ~29% in tropical regions while reducing it where deposition declines, notably in China. These results identify nitrogen deposition as a key modulator of biosphere-atmosphere reactive carbon exchange and suggest that nitrogen management may provide air-quality co-benefits by modulating biogenic volatile organic compound precursors of ozone and secondary organic aerosol in a rapidly greening world. Nitrogen addition significantly increases emissions of isoprene, monoterpenes, and sesquiterpenes, modulating biosphere-atmosphere reactive carbon exchange, based on a meta-analysis with a dataset of 885 observations spanning nine functional plant types."
10.1038/s43247-026-04004-x,True,Communications Earth & Environment,该论文研究了利用深度学习技术结合近岸和近海波浪数据，以实现高精度近岸波浪模拟，这对于海岸防护和环境管理具有重要意义。虽然主要关注的是波浪模拟，但其方法和技术与大气环境遥感技术（如卫星观测和大气成分分析）中的数据处理和模型构建有相似之处，因此与大气环境遥感技术有较强的关联性。,"['deep learning', 'nearshore waves', 'wave climate analysis']",Xi Lin;Tianping Xu;Wenfang Lu;Guangyu Yang;Zhan Hu,Bridging global offshore waves and nearshore coastal conditions with deep learning,"Nearshore waves were reproduced with high accuracy across coastal regions, matching buoy observations with coefficients of determination above 0.90 in benchmark tests (United Kingdom coast) and 0.84 in the additional global evaluation, according to a deep learning model combining offshore wave inputs with observation based residual correction. 
 Nearshore ( ~ 1 kilometer till shore) wave data are critical for coastal protection and environmental management. Global wave reanalysis products provide a reliable long-term record, but their coarse spatial resolution ( ~ 30 kilometers) limits their direct applicability to the nearshore zone. Current modeling approaches often face a trade-off between cross-regional applicability and high-resolution local accuracy. Here we show a deep-learning model to reproduce high-resolution nearshore waves based on offshore wave conditions. The model integrates a deep learning surrogate with an observation-driven residual correction sub-model, providing a composite solution with both accuracy and efficiency. Benchmark tests along the United Kingdom coast show a coefficient of determination above 0.90 with buoy observations. Evaluation at multi-regional buoys further supports the transfer of the framework to global open coast transects. This framework bridges global offshore wave products and the critical nearshore area, enabling wave climate analysis and targeted coastal management. Nearshore waves were reproduced with high accuracy across coastal regions, matching buoy observations with coefficients of determination above 0.90 in benchmark tests (United Kingdom coast) and 0.84 in the additional global evaluation, according to a deep learning model combining offshore wave inputs with observation based residual correction."
10.1038/s43247-026-03995-x,True,Communications Earth & Environment,该论文研究的是安哥拉附近的热带气旋和农业火灾对东南大西洋层云的影响，涉及气溶胶传输、云滴数量浓度和液态水路径等，这与大气环境遥感技术密切相关，特别是空气质量监测和卫星观测。,"['atmospheric composition', 'satellite observations', 'aerosol retrieval', 'stratocumulus', 'air quality monitoring']",Tyler Tatro;Paquita Zuidema,"Weak, shallow, dry convection over Angola increases offshore stratocumulus cloud droplet number concentrations","Co-occurrence of agricultural fires and a weak Angola heat low leads to marine-ward aerosol transport, increasing droplet number but decreasing liquid water path of southeast Atlantic stratocumulus. These interactions are elucidated with data of reanalysis, polar-orbiting satellites, and in-situ flights 
 Boundary-layer cloud interactions involving shortwave-absorbing aerosols remain one of the least understood aerosol influences on climate. Here, we find the highest stratocumulus cloud droplet number concentrations over the southeast Atlantic occur when agricultural fires coincide with synoptically-weakened surface warming over Angola, occurring June-early August. Dry convection fills a shallow continental boundary layer with smoke, and a nighttime (local solar time 2-9) land breeze transports the aerosol into the marine boundary layer. Offshore aerosol transport is strengthened by low-level easterlies from a continental pressure high southeast of Angola. Simultaneously, the South Atlantic subtropical high is weaker, allowing extensive dispersal of aerosol offshore into the boundary layer, obscuring cloud brightening from shipping. Meteorological co-variation at synoptic scales compensates for cloud brightening by the smoke. Outgoing shortwave radiation increases by 15–20% of the monthly mean in June and July when offshore droplet numbers are less but the stratocumulus deck is more developed. Co-occurrence of agricultural fires and a weak Angola heat low leads to marine-ward aerosol transport, increasing droplet number but decreasing liquid water path of southeast Atlantic stratocumulus. These interactions are elucidated with data of reanalysis, polar-orbiting satellites, and in-situ flights"
10.1038/s43247-026-04001-0,True,Communications Earth & Environment,该论文研究了野火对土壤有机碳的影响，特别是颗粒有机碳和矿物结合有机碳的损失，这直接与大气环境遥感技术中的空气质量监测和大气成分分析相关。虽然论文主要关注土壤碳循环，但其研究结果表明，野火导致的碳损失可能影响大气成分，因此与大气环境遥感技术的应用领域相关。,"['particulate organic carbon', 'mineral-associated organic carbon', 'wildfire', 'soil carbon loss', 'climate modeling']",Tongxin Hu;Chun Wang;Zhenghu Zhou;Long Sun,Wildfire drives persistent and disproportionate losses of particulate relative to mineral-associated soil organic carbon,"Labile particulate organic carbon is more vulnerable to wildfire loss than mineral-associated organic carbon, with soil carbon losses intensifying over the first two decades after fire and totalling about 886 Tg globally during 1997–2023, based on a global meta-analysis of 210 studies. 
 Wildfire is a major disturbance of terrestrial carbon cycling, yet its effects on functionally distinct soil carbon pools remain poorly resolved at the global scale. Here, we synthesize 210 studies (1,050 observations) to quantify wildfire-induced changes in particulate organic carbon (POC) and mineral-associated organic carbon (MAOC) in surface soil (to 25 cm depth). Wildfire significantly reduced both fractions, with disproportionately larger losses in POC ( − 24.0%) compared to MAOC ( − 9.5%), indicating greater vulnerability of labile carbon pools relative to mineral-stabilized carbon. Temporal analyses reveal that carbon losses do not peak immediately after wildfire but intensify over the first two decades (~20–25 years), followed by gradual recovery, highlighting prolonged post-wildfire ecosystem adjustment. Across sites, the magnitude of carbon loss is primarily controlled by initial soil carbon content, climate, and time since wildfire. Scaling these responses globally, we estimate cumulative wildfire-induced soil organic carbon losses of 885.92 ± 12.75 Tg between 1997 and 2023. Our findings demonstrate that wildfire induces persistent, fraction-specific destabilization of soil carbon, underscoring the critical need for global carbon–climate models to explicitly represent distinct particulate and mineral-associated carbon dynamics to accurately project future land–atmosphere feedbacks under intensifying fire regimes. Labile particulate organic carbon is more vulnerable to wildfire loss than mineral-associated organic carbon, with soil carbon losses intensifying over the first two decades after fire and totalling about 886 Tg globally during 1997–2023, based on a global meta-analysis of 210 studies."
10.1038/s43247-026-03996-w,True,Communications Earth & Environment,该论文研究西非地区的太阳能发电成本和储能需求，涉及气候不确定性对太阳能资源的影响，以及技术经济模型优化。虽然不直接涉及大气环境遥感技术，但与大气成分分析和可再生能源利用相关，因此属于大气环境遥感技术的间接相关领域。,"['solar electricity', 'climate uncertainty', 'techno-economic modeling', 'atmospheric composition', 'renewable-energy utilization']",Xiaojing Lin;Xin Sun;Sarah Feron;Raul R. Corder;Bo Bai;Wided Medjroubi;Yadong Yu;Qianzhi Zhang;Shi Chen;Shuangqi Li;Ming Xu;Klaus Hubacek,Socioeconomic and climate uncertainty shape solar electricity costs and storage needs across West Africa,"Solar costs vary widely across West Africa, with climate uncertainty shaping regional viability and optimized storage improving reliability; according to techno-economic modeling and optimization across 184 districts and 13 climate scenarios. 
 West Africa faces electricity deficits, yet solar deployment remains hindered by insufficient spatial economic planning and uncertainty in climate conditions. We develop a cost-disaggregated framework to evaluate utility-scale solar power and off-grid solar systems with battery and hydrogen storage across 184 districts in the West African Power Pool under 13 climate scenarios. Here we show that baseline solar electricity costs range from 0.100 to 0.409 US dollars per kilowatt-hour, with Liberia and Sierra Leone most vulnerable to uncertainty in solar resources, whereas Senegal and The Gambia show greater investment resilience. Multi-objective optimized storage configurations vary geographically, reflecting trade-offs among system cost, supply adequacy and renewable-energy utilization. Some districts favor battery-intensive systems, whereas others favor larger hydrogen capacities. Relative to solar-only systems, the selected configurations reduce loss of power supply probability in all districts and potential energy waste probability in 74% of districts. These results support climate-aware electrification planning in data-scarce regions. Solar costs vary widely across West Africa, with climate uncertainty shaping regional viability and optimized storage improving reliability; according to techno-economic modeling and optimization across 184 districts and 13 climate scenarios."
10.1038/s43247-026-03992-0,True,Communications Earth & Environment,该论文研究的是粘土矿物和蒸发盐对有机物的双重保护机制，以及这一机制对火星宜居性和生物标志物探测的潜在意义。虽然不直接涉及大气环境遥感技术，但其研究内容与火星大气成分分析和生物标志物探测密切相关，因此可以认为与大气环境遥感技术有较强关联。,"['organic matter preservation', 'clay minerals', 'evaporite salts', 'Mars habitability', 'biosignature detection']",Tongtong Huang;Jianxun Shen;Li Liu;Jialong Hao;Yan Chen;Jiaxin Xi;Wei Lin,A dual-mineral protection mechanism for organic matter preservation and its implications for Mars habitability and biosignature detection,"A two-step interaction between clay minerals and evaporite salts may promote organic matter preservation, with possible relevance to Mars, according to microanalytical analysis of the Middle Pleistocene gypsum and halite minerals from China’s western Qaidam Basin. 
 Understanding organic matter preservation in extreme environments is crucial for detecting potential biosignatures on Mars. Although clay minerals and evaporites can each preserve organic matter individually, their synergistic preservation mechanisms remain an active area of investigation. Here, we investigate the preservation of organic matter in ancient evaporite minerals from the Qaidam Basin, using integrated in situ microanalytical techniques to analyze solid/fluid inclusions within displacive gypsum and cumulate halite formed during the Middle Pleistocene. Our analyses reveal well-preserved organic matter, including β-carotene and kerogen, adsorbed onto clay particles both in solid inclusions within gypsum and fluid inclusions within halite. Geochemical data are consistent with a potential biogenic contribution, whereas metagenomic data from modern Qaidam soils provide ecological context rather than direct evidence for the origin of the preserved organic matter. We propose a dual-mineral protection mechanism, wherein clay minerals initially adsorb organic compounds, which are subsequently encapsulated by growing salt crystals. This two-stage process leverages the complementary protective properties of both mineral types and enhances long-term organic preservation. Our findings identify a specific mineral association capable of preserving Martian organic biosignatures and provide strategic guidance for selecting exploration targets in future Mars missions. A two-step interaction between clay minerals and evaporite salts may promote organic matter preservation, with possible relevance to Mars, according to microanalytical analysis of the Middle Pleistocene gypsum and halite minerals from China’s western Qaidam Basin."
None,True,Remote Sensing of Environment,该论文的标题和摘要都明确提到了Landsat Instrument Suite传感器和Landsat 10任务，这表明该论文与大气环境遥感技术密切相关，特别是卫星观测和大气成分分析。,"['Landsat Instrument Suite', 'Landsat 10 mission', 'remote sensing technology']",Matthew Montanaro;Jeffrey Yee;Edmond Chung;Julie Montoya;Benjamin Turk;Eric Johnson;Andrew Pozo;Evan Haas;Steven Persh;Shawn Serbin;Thomas R. Holmes;Phillip W. Dabney;Bruce D. Cook;Christopher S.R. Neigh,Landsat Instrument Suite (LandIS) sensor design for the Landsat 10 mission,
None,True,Remote Sensing of Environment,该论文研究的是在浑浊的沿海和河口水域中通过算法检索颗粒物的背向散射、尺寸和悬浮颗粒物，这与大气环境遥感技术中的空气质量监测、卫星观测和大气成分分析密切相关，因此是相关的。,"['particle backscattering', 'size retrieval', 'suspended particulate matter', 'turbid waters', 'MOSAIC algorithm']",Juliana Tavora;Amanda de Liz Arcari;Mhd. Suhyb Salama;Cédric G. Fichot;Joshua P. Harringmeyer;Gian Marco Scarpa;Federica Braga;Emmanuel Boss;David Doxaran;Romaric Verney,"An algorithm for the retrieval of particle backscattering, size, and suspended particulate matter in turbid coastal and estuarine waters (MOSAIC)",
None,True,Remote Sensing of Environment,该论文与大气环境遥感技术密切相关，因为Landsat是一种卫星传感器，用于地球观测，而蒸散量是大气水循环的重要组成部分，通过遥感技术可以监测全球范围内的蒸散量变化。,"['Landsat', 'evapotranspiration', 'global product']",Gabriel B. Senay;Gabriel E.L. Parrish;Kul Khand;Lei Ji;Ray Dittmeier;MacKenzie Friedrichs;John Volk;Charles Morton;Leonardo Laipelt;Stefanie Kagone;Sheila M.V. Cochrane;Jordan Dornbierer;Saeed Arab;Calli Jenkerson;Anderson Ruhoff;Michael Budde,"On-demand global Landsat evapotranspiration product: development, evaluation, and dissemination",
None,True,Remote Sensing of Environment,该论文标题和摘要中包含“carbon quantification”（碳量化）和“atmospheric composition”（大气成分）等关键词，表明研究涉及大气环境成分分析，这与大气环境遥感技术（如空气质量监测、卫星观测和大气成分分析）密切相关。,"['carbon quantification', 'atmospheric composition', 'remote sensing']",Bokyung Son;Taejun Sung;Sejeong Bae;Minki Choo;Jungho Im;Yeonsu Lee;S.M. Sohel Rana;Dongjin Cho;Cheolhee Yoo;Jeonghyun Hong;Hojin Lee;Hyun Seok Kim,"UNIQUE: UNified, high-resolution Intelligent carbon QUantification and Explanation",
None,True,Remote Sensing of Environment,该论文研究基于无人机系统（UAV）和DART模型的玉米冠层太阳诱导叶绿素荧光地面测量最佳观测尺度模型。这涉及使用无人机进行地面测量，与大气环境遥感技术中的卫星观测和大气成分分析有密切关系，因此与该领域相关。,"['UAV system', 'DART model', 'maize canopy', 'solar-induced chlorophyll fluorescence']",Xiaokang Zhang;Zhaoying Zhang;Linsheng Wu;Yongguang Zhang,Developing the optimal observation scale model for maize canopy solar-induced chlorophyll fluorescence ground measurements based on UAV system and DART model,
None,True,Remote Sensing of Environment,该论文的标题和摘要涉及监测地表异质表面的辐射传输和方向温度，这与大气环境遥感技术密切相关，例如通过遥感手段监测大气成分和空气质量。,"['radiative transfer', 'directional temperatures', 'heterogeneous surfaces']",Shouyi Zhong;Zunjian Bian;Roujean Jean-Louis;Qiang Liu;Juan Cheng;Yongming Du;Hua Li;Jianguang Wen;Qing Xiao,A global system for monitoring radiative transfer and directional temperatures over heterogeneous surfaces,
None,True,Remote Sensing of Environment,该论文研究了SWOT（Spaceborne Water Tracks）卫星数据获取的水面高程精度及其区域差异驱动因素，这与大气环境遥感技术中的卫星观测和水质监测密切相关。,"['SWOT', 'water surface elevation', 'accuracy', 'remote sensing']",Rucha Sanjay Deshpande;Tajdarul Hassan Syed;Michael Durand;Steve Coss;Tamlin M. Pavelsky,Identifying regional drivers of variability in SWOT-derived water surface elevation accuracy,
None,True,Remote Sensing of Environment,该论文研究使用1.5米森林冠层高度的时间序列数据来揭示森林的细尺度干扰，这属于遥感技术在森林监测和大气环境分析中的应用，因此与大气环境遥感技术相关。,"['forest canopy height', 'time series', 'disturbances', 'remote sensing']",Martin Schwartz;Fajwel Fogel;Nikola Besic;Damien Robert;Louis Geist;Jean-Pierre Renaud;Jean-Matthieu Monnet;Clemens Mosig;Cédric Vega;Alexandre d’Aspremont;Loic Landrieu;Philippe Ciais,FORMSpoT: Revealing fine-scale forest disturbances from nation-wide 1.5 m forest canopy height time series,
None,True,Remote Sensing of Environment,该论文研究了Landsat和MODIS两个卫星传感器的地表温度数据在角度方向上的异性，旨在提高多源地表温度数据的一致性。这与大气环境遥感技术中的地表温度监测和卫星观测密切相关，因此是相关的。,"['Landsat', 'MODIS', 'land surface temperature', 'LST consistency']",Xue Li;Dandan Wang;Huihui Xu;Mengmeng Wang;Ji Zhou;Frank Göttsche;Xiaoyu He;Gaijing Chang;Yue Han,Angular anisotropy of Landsat and MODIS land surface temperature toward multi-source LST consistency,
None,True,Remote Sensing of Environment,该论文探讨了在光复杂水域中识别不同浮游植物功能群和大小类别的可能性，这与大气环境遥感技术中的光学遥感方法（如水质监测、卫星观测）密切相关。浮游植物作为水生生态系统的重要组成部分，其监测对于理解水环境质量和地球生态系统健康具有重要意义，而遥感技术是实现这一目标的关键手段。,"['phytoplankton', 'optically complex waters', 'remote sensing']",Tiit Kutser;Karolin Teeveer;Tuuli Soomets;Birgot Paavel;Laura Argus;Ele Vahtmäe;Martin Ligi;Kaire Toming,On the possibility of recognising different phytoplankton functional groups and size classes in optically complex waters,
None,False,Remote Sensing of Environment,该论文研究的是使用SWOT（Sea Surface Topography from Ocean Surface Waves，海面波浪高度测量）衍生的海洋重力数据揭示墨西哥湾的埋藏地质结构，与大气环境遥感技术（如空气质量监测、卫星观测、大气成分分析、气溶胶反演等）没有直接关联。,"['marine gravity', 'SWOT', 'tectonic structures', 'Gulf of Mexico']",Daocheng Yu;James Pindell;Cheinway Hwang;Xiaoli Deng;Emmy T. Chang;Jinyun Guo,Revealing buried tectonic structures in the Gulf of Mexico using SWOT-derived marine gravity,
None,True,Remote Sensing of Environment,该论文与大气环境遥感技术密切相关，因为它涉及从EPIC/DSCOVR卫星获取的每小时气溶胶质心高度（AOCH）数据产品，这是一种用于监测大气成分和空气质量的技术手段。,"['aerosol optical centroid height', 'EPIC/DSCOVR', 'deep space', 'satellite observations']",Zhendong Lu;Jun Wang;Xi Chen;Meng Zhou;Xiaoguang Xu;Yeonsu Park;Hyerim Kim,Version 2 of hourly aerosol optical centroid height (AOCH) data product from EPIC/DSCOVR in deep space,
None,True,Remote Sensing of Environment,该论文的标题和摘要明确指出使用空间技术（从太空）监测、量化和分类火山活动，涉及到热框架方法。这与大气环境遥感技术相关，特别是火山活动监测和大气成分分析。,"['volcanic activity', 'space', 'thermal framework']",S. Aveni;D. Coppola;M. Laiolo,"A synergistic thermal framework for monitoring, quantifying, and classifying volcanic activity from space",
None,False,Remote Sensing of Environment,该论文主要关注的是利用Landsat数据进行灌溉映射和蒸散量估算，并结合水文模型评估区域灌溉动态，与大气环境遥感技术（如空气质量监测、卫星观测、大气成分分析、气溶胶反演等）关联性较弱。,"['Landsat', 'evapotranspiration', 'hydrological modelling']",Jorge L. Peña-Arancibia;Yingying Yu;Tim R. McVicar;Thomas G. Van Niel;Francis H.S. Chiew;Darin Hodgson;Jamie Vleeshouwer;Aarond Dino;Zachary Brown;Anthony Nadelko,Integrating Landsat-based irrigation mapping and actual evapotranspiration estimates with hydrological modelling to assess regional irrigation dynamics in a large basin experiencing extreme climate variability: Towards a national operational irrigation water accounting system,
None,True,Remote Sensing of Environment,该研究涉及使用0.4-2 GHz宽带辐射计技术来观测冷海水表面的盐度，这与大气环境遥感技术中的卫星观测和大气成分分析有一定关联，因为遥感技术在环境监测中常用于获取地表参数。,"['wideband radiometry', 'surface salinity', 'cold seawater']",Jacqueline Boutin;Jean-Luc Vergely;Stéphane Ferron;Laurent Bertino;Giovanni Macelloni;Marco Brogioni;Emmanuel Dinnat;Lars Kaleschke;Rasmus Tonboe;Yiwen Zhou;Marie-Laure Frery;Valerie Dutto;Katia Nagamine Urata;Matthias Drusch,Beyond L-band: 0.4-2 GHz wideband radiometry for observing surface salinity in cold seawater,
None,False,Remote Sensing of Environment,该论文标题和摘要主要关注玉米疾病压力的垂直分层异质性表征，涉及植物病理学和农业科学领域，与大气环境遥感技术（如空气质量监测、卫星观测、大气成分分析、气溶胶反演）没有直接关联。,[],Binxiang Qian;Wenjiang Huang;Zhijun Zhen;Kehui Ren;Peiqi Yang;Jianbo Qi;Michael Henke;Xiuliang Jin;Lingjing Ouyang;Anting Guo;Jie Bai;Chao Ruan;Tiecheng Huang;Yin Jin;Zhenong Jin,The cmSCOPE-D model: A transmission-dynamics-enabled SCOPE adaptation to characterize vertically stratified heterogeneity of maize disease stress,
None,False,Remote Sensing of Environment,该论文研究的是使用GEDI和ICESat-2观测数据生成热带泥炭地最优数字高程模型（DTM），主要关注地表地形测绘，与大气环境遥感技术（如空气质量监测、卫星观测、大气成分分析、气溶胶反演）关系不大。,"['GEDI', 'ICESat-2', 'DTM']",Yuan Sun;Huan Xie;Xiaohua Tong;Yi Li;Alexander R. Cobb;Rahayu S. Sukri;Muhammad Arif bin Haji Selamat;Hao Tang,A novel method for generating optimal DTM in tropical peatlands using GEDI and ICESat-2 observations,
None,True,Remote Sensing of Environment,该论文与大气环境遥感技术密切相关，因为它涉及使用轨道成像光谱技术（orbital imaging spectroscopy）来分析地球矿物表面，这属于遥感技术的一种应用，可用于大气成分分析和地表监测。,"['orbital imaging spectroscopy', 'EMIT', 'mineral surface', ""Earth's mineral surface""]",Marie-Stephane Guillaumont;David R. Thompson;Philip G. Brodrick;Roger Clark;Robert O. Green;Gregory S. Okin,Orbital imaging spectroscopy of Earth’s mineral surface: Results and stability from EMIT’s first two years,
None,False,Remote Sensing of Environment,该论文的标题和摘要主要关注地球观测基础模型的空间不确定性校准，涉及统计学和机器学习中的Latent Stochastic Regularization方法，并未直接提及大气环境遥感技术、空气质量监测、卫星观测或大气成分分析等具体领域。因此，它与大气环境遥感技术的相关性较弱。,"['Earth observation', 'latent stochastic regularization', 'spatial uncertainty']",Daniel P. Johnson,Calibrated spatial uncertainty for Earth observation foundation models via Matérn-motivated latent stochastic regularization,
None,False,Remote Sensing of Environment,该论文主要关注的是叶绿素含量的监测，虽然与环境科学相关，但与大气环境遥感技术（如空气质量监测、卫星观测、大气成分分析、气溶胶反演等）的直接关联性较弱。,"['chlorophyll index', 'leaf chlorophyll content', 'monitoring']",Si Gao;Kai Yan;Jinhua Li;Cheng Huang;Xuanlong Ma;Wenjie Fan;Liangyun Liu;Qiao Wang,Structure-resistant chlorophyll index: A novel indicator for leaf chlorophyll content monitoring,
None,True,Remote Sensing of Environment,该论文使用Landsat地表温度数据提取生物热变量，应用于生物多样性研究。虽然主要关注点在生物多样性，但Landsat是一种卫星传感器，地表温度数据是大气环境遥感技术的重要组成部分，因此与大气环境遥感技术有较强关联。,"['Landsat', 'surface temperature', 'biodiversity']",Eduarda M.O. Silveira;Anna M. Pidgeon;Volker C. Radeloff,The BioThermal variables derived from Landsat surface temperature data for biodiversity applications,
None,True,Remote Sensing of Environment,该论文研究的是城市热异性模型中的热点模拟，使用物理基础阴影核进行改进。虽然主要关注的是热辐射和城市热环境，但与大气环境遥感技术中的热红外遥感、空气质量和城市环境监测有间接关联，因此可以认为与大气环境遥感技术有一定相关性。,"['urban thermal anisotropy', 'hotspot simulation', 'physically-based shadow kernel']",Dandan Wang;James A. Voogt;Lu Jiang;Xinyang Liu;Qiyao Li;Huihui Xu;Zhenyuan Zhu;Yunhao Chen,A revised physically-based shadow kernel for improved hotspot simulation in urban thermal anisotropy models,
None,True,Remote Sensing of Environment,该论文标题和摘要明确涉及卫星图像的气溶胶校正技术，使用Landsat数据档案中的伪不变特征。这与大气环境遥感技术密切相关，特别是空气质量监测和卫星观测领域。,"['atmospheric correction', 'satellite imagery', 'Landsat archive', 'pseudo-invariant features']",Wenchang Li;Tao He,LAPAC: A self-adaptive atmospheric correction method for fine-resolution satellite imagery using pseudo-invariant features from Landsat archive,
None,True,Remote Sensing of Environment,该论文使用Sentinel-2卫星观测数据来绘制加勒比海地区的海藻（Sargassum）分布，涉及卫星观测技术和海洋环境监测，与大气环境遥感技术中的卫星观测和地表覆盖监测相关。,"['Sentinel-2', 'Sargassum', 'Wider Caribbean Region']",Junnan Jiao;Chuanmin Hu;Brian B. Barnes,Maximizing the potential of Sentinel-2 satellite observations in mapping <em>Sargassum</em> seaweed in the Wider Caribbean Region,
None,True,Remote Sensing of Environment,该论文标题和摘要涉及合成孔径雷达（SAR）图像匹配技术，这是一种用于高分辨率遥感成像的技术，常用于对地观测和环境监测。虽然主要关注图像匹配算法，但SAR技术在遥感领域有广泛应用，包括大气环境监测（如大气成分分析、气溶胶检索等）。因此，该论文与大气环境遥感技术有较强的相关性。,"['SAR image matching', 'pseudo-modality generation', 'spectrum-spatial learning']",Mingyang Song;Hong Zhang;Yukun Fan;Lu Tian;Yuzhou Liu;Yazhe Xie;Yinhaibing Ding,A robust method for high-resolution C/S-band SAR image matching via pseudo-modality generation and coupled spectrum-spatial learning,
None,False,Remote Sensing of Environment,这篇论文的主题是湿地边界划分，使用了一种弱监督的动态框架。虽然涉及全球分布的地点，但与大气环境遥感技术（如空气质量监测、卫星观测、大气成分分析、气溶胶检索）没有直接关系。,"['wetland delineation', 'globally distributed sites', 'weakly supervised']",Yang Li;Nandin-Erdene Tsendbazar;Kirsten de Beurs;Lassi Päkkilä;Lammert Kooistra,"A weakly supervised, wetness-based dynamic framework for wetland delineation across globally distributed sites",
None,True,Remote Sensing of Environment,该论文使用卫星遥感数据监测全球午后光合作用抑制现象，涉及卫星观测和大气成分分析，与大气环境遥感技术密切相关。,"['photosynthesis', 'GPP', 'satellite-based', 'global', 'remote sensing']",Jingyu Lin;Xing Li;Xiaojun Li;Xuanlong Ma;Lei Fan;Sadegh Ranjbar;Jing M. Chen,"Tracking global extreme afternoon photosynthesis depression: Frequency, duration, and drivers from satellite-based hourly GPP products",
None,True,Remote Sensing of Environment,该论文的标题和摘要明确涉及从多角度极化测量中获取气溶胶和海洋色信息，这与大气环境遥感技术（如空气质量监测、卫星观测、大气成分分析、气溶胶反演）密切相关。,"['PACE', 'SPEXone', 'aerosol retrieval', 'ocean color', 'multi-angle polarimetry']",Meng Gao;Kamal Aryal;Peng-Wang Zhai;Kirk Knobelspiesse;Bryan Franz;Brian Cairns;Ivona Cetinić;Guangliang Fu;Otto Hasekamp;Amir Ibrahim;Andrew M. Sayer;P. Jeremy Werdell,Where sky meets sea: Integrated aerosol and ocean color retrieval from PACE SPEXone multi-angle polarimetry,
None,True,Remote Sensing of Environment,该论文研究了从高反射表面短波辐射的邻接效应量化方案，这与大气环境遥感技术中的空气质量监测、卫星观测和大气成分分析密切相关，特别是涉及地表反射特性对大气辐射传输的影响。,"['shortwave radiation', 'reflective surfaces', 'adjacency effect']",Wanchun Leng;Tianxing Wang;Xuewei Yan;Huabing Huang;Husi Letu;Ziqian Zhang,A scheme to quantify the adjacency effect of shortwave radiation from highly reflective surfaces,
None,True,Remote Sensing of Environment,该论文研究从空间测量多光谱土壤反射率的时空变化驱动因素，涉及卫星观测和地表特性分析，与大气环境遥感技术（如卫星观测、地表参数反演）密切相关。,"['soil reflectance', 'space', 'spectro-temporal variability']",Paul Karlshoefer;Christine Alewell;Pablo d’Angelo;Uta Heiden,Drivers of spectro-temporal variability in multi-spectral soil reflectance measured from space: A continental-scale analysis,
None,True,Remote Sensing of Environment,该论文研究了扩展MAIAC算法用于TROPOMI卫星的hyperspectral大气校正，特别关注植被区域的案例，这与大气环境遥感技术（如卫星观测、大气成分分析）密切相关。,"['MAIAC', 'hyperspectral', 'atmospheric correction', 'TROPOMI', 'vegetated regions']",Sujung Go;Alexei Lyapustin;Yujie Wang;Sergey Korkin;Weizhen Hou;Xiong Liu;Jhoon Kim,Extending the MAIAC algorithm for hyperspectral atmospheric correction of TROPOMI measurements: A case study over vegetated regions,
None,True,Remote Sensing of Environment,该论文与大气环境遥感技术密切相关，因为GEDI（地理空间干扰测量仪）是一种利用激光雷达技术监测地表和大气参数的卫星传感器，用于测量森林高度、生物量等。论文研究如何利用坡度自适应波形指标来减轻地形效应对区域生物量估算的影响，涉及遥感数据处理和大气环境监测技术。,"['GEDI', 'aboveground biomass', 'terrain effects', 'waveform metrics']",Tianyu Yu;Wenjian Ni;Yunxiao Wang;Hao Tang;Zhiyu Zhang;Zhifeng Guo;Guoqing Sun,Mitigating terrain effects of GEDI data on regional accounting of aboveground biomass utilizing slope-adaptive waveform metrics,
None,False,Remote Sensing of Environment,该论文主要关注地表水范围的测绘，评估了一种名为Level-2 High-Rate Raster的水分指数的能力，这属于遥感技术在水资源监测中的应用，但与大气环境遥感技术（如空气质量监测、卫星观测、大气成分分析、气溶胶反演）关系不大。,"['surface water extent', 'Level-2 High-Rate Raster', 'water fraction']",Maurício C.R. Cordeiro;Mohammad J. Tourian;Santiago Peña-Luque;Renato Prata de Moraes Frasson;Daniel Moreira;Fabrice Papa;Tati de Almeida,Assessing SWOT's capability for surface water extent mapping: An evaluation of Level-2 High-Rate Raster water fraction,
None,True,Remote Sensing of Environment,该论文研究的是使用GEDI卫星数据来改进全球森林高度地图，这涉及到利用卫星遥感技术获取大气环境中的植被信息，与大气环境遥感技术（如卫星观测、大气成分分析）密切相关。,"['GEDI', 'global forest height maps', 'atmospheric remote sensing']",Eugene Seo;Sean P. Healey;Zhiqiang Yang;John D. Armston;Ralph O. Dubayah;Simon Ilyushchenko;Tiago De Conto;Matthew G. Betts,Beyond RMSE: The GEDI imputed waveform product minimizes artificial homogeneity evident in existing global forest height maps,
None,True,Remote Sensing of Environment,该论文与大气环境遥感技术密切相关，因为Landsat卫星是用于地表温度和发射率测量的重要遥感工具，而地表温度和发射率数据在大气成分分析和空气质量监测中具有重要作用。,"['Landsat', 'surface temperature', 'emissivity product']",Saeed Arab;Chase Mueller;Christopher J. Crawford;Danika Wellington;Ray Dittmeier;Glynn Hulley;Aaron Gerace;Calli Jenkerson;Simon Hook;Amirhossein Hassanzadeh;Rehman Eon;Cody Anderson;Pat Scaramuzza;Frank M. Göttsche,Enhancements to the USGS Landsat Level 2 surface temperature and emissivity product for Collection 3 reprocessing,
None,False,Remote Sensing of Environment,该论文主要关注使用GRACE（重力恢复与气候实验）技术监测中国全国的洪水易发区域，与大气环境遥感技术（如空气质量监测、卫星观测、大气成分分析、气溶胶反演等）关系不大，因此相关性不强。,"['GRACE', 'flood-prone region', 'monitoring']",Wei Ren;Yuyue Xu;Yubo Zhang;Shuang Luo;Jianli Chen;Chang-Qing Ke,An enhanced GRACE-based index for nationwide flood-prone region monitoring in China from 2003 to 2022,
None,True,Remote Sensing of Environment,该论文使用深度学习技术从亚米级光学影像中估算森林生物量，这与大气环境遥感技术中的植被参数反演和大气成分分析相关，属于遥感技术在生态和大气环境研究中的应用。,"['biomass', 'optical imagery', 'deep learning']",Sizhuo Li;Martin Brandt;Xiaoye Tong;Stefan Oehmcke;Christian Igel;Florian Reiner;Fabian Gieseke;Thomas Nord-Larsen;Rasmus Fensholt;Jerome Chave;Philippe Ciais,Deep learning tree and forest biomass from sub-meter resolution optical imagery,
None,True,Remote Sensing of Environment,该论文标题和摘要明确涉及“遥感图像”和“时空交叉注意力Transformer”，这表明其研究内容与大气环境遥感技术相关，例如通过遥感图像进行大气成分分析或空气质量监测。,"['remote sensing images', 'transformer', 'atmospheric environmental']",Jun Li;Xiaowei He;Yantai Yang;Qinghong Sheng;Zhaocong Wu;Bo Wang;Xiao Ling;Xiang Liu;Yu Liu;Fan Gao;Libo Wang;Matthieu Molinier,STCAFormer: Spatio-temporal cross attention based transformer for fusion of remote sensing images,
None,True,Remote Sensing of Environment,该论文研究不同有效散射反照率和土壤粗糙度参数化方案对SMAP土壤湿度和L-VOD反演的影响，涉及卫星观测和大气成分分析技术，与大气环境遥感技术密切相关。,"['SMAP', 'soil moisture', 'L-VOD retrieval', 'scattering albedo', 'roughness parameterization']",Yao Xiao;Xiaojun Li;Lei Fan;Andress Colliander;Ardeshir Ebtehaj;Jian Peng;Frédéric Frappart;Lanka Karthikeyan;Wei Zhao;Gabrielle De Lannoy;Patricia de Rosnay;Zanpin Xing;Mengjia Wang;Xiangzhuo Liu;Pariha Helili;Preethi Konkathi;Jean-Pierre Wigneron,Global comparison of different effective scattering albedo and soil roughness parameterization schemes for SMAP soil moisture and L-VOD retrieval,
None,True,Remote Sensing of Environment,该论文研究了水稻叶片病原体感染如何改变由辐射传输模型反演揭示的光谱-生化关系。虽然主要关注植物病理学和生化关系，但其涉及辐射传输模型反演，这与大气环境遥感技术中的大气成分分析和光谱分析相关，因此属于大气环境遥感技术的相关领域。,"['spectral', 'biochemical', 'radiative transfer model', 'pathogen infection', 'leaf']",Long Tian;Susan L. Ustin;Yuanyuan Kong;Bowen Xue;Pablo J. Zarco-Tejada;Chongya Jiang;Xia Yao;Yufang Jin;Yan Zhu;Weixing Cao;Tao Cheng,Rice leaf pathogen infection alters the spectral–biochemical relationships revealed by radiative transfer model inversion,
None,True,Remote Sensing of Environment,该论文研究了使用GNSS-T技术监测欧洲山毛榉森林的生态水文情况，并评估了不同系统和频段特性对解析时间体积含水量（VOD）动态的影响。虽然主要关注生态水文，但GNSS–T技术可以用于大气环境监测，特别是通过遥感手段分析大气成分和动态变化，因此与大气环境遥感技术有一定相关性。,"['GNSS–T', 'ecohydrological monitoring', 'VOD dynamics']",Nicolas François Bader;Ruxandra-Maria Zotta;Eugenio Diaz-Pines;Gregor Möller;Walter Loderer;Thomas Kager;Wouter Dorigo,GNSS–T for ecohydrological monitoring of a european beech forest: Assessing different system and band characteristics for resolving temporal VOD dynamics,
None,False,Remote Sensing of Environment,该论文研究的是叶面积指数的时间序列重建，虽然与地球观测相关，但主要关注的是植被参数的估算，而非大气环境遥感技术，如空气质量监测、卫星观测或大气成分分析等。,"['leaf area index', 'spatiotemporal tensor imputation', 'global reconstruction']",Xinpei Yu;Kai Yan;Jiabin Pu;Jinxiu Liu;Jin Wu;Alexander J.Winkler;Qiao Wang,MUSTI: Multi-scale spatiotemporal tensor imputation for global leaf area index time series reconstruction,
None,True,Remote Sensing of Environment,该论文与大气环境遥感技术密切相关，因为它涉及使用卫星传感器（MERIS）来估算叶绿素含量，这属于大气成分分析的一部分。,"['MERIS', 'chlorophyll index', 'leaf chlorophyll content estimation']",Runfei Zhang;Peiqi Yang,cscMTCI: A soil and structure corrected MERIS terrestrial chlorophyll index for improving leaf chlorophyll content estimation,
None,True,Remote Sensing of Environment,该论文研究了利用散射模型和深度迁移学习框架来获取地表土壤湿度，这与大气环境遥感技术中的地表参数反演密切相关，属于遥感技术在地球科学中的应用范畴。,"['soil moisture retrieval', 'scattering model', 'deep transfer learning']",Zuo Wang;Jianhui Chen;Jiangyuan Zeng;Chang Huang;Lisheng Song;Yingying Chen;Liujun Zhu,A scattering model-informed deep transfer learning framework for surface soil moisture retrieval,
None,True,Remote Sensing of Environment,该论文研究如何从卫星图像中获取水稻叶绿素含量，涉及遥感技术和大气环境监测，特别是针对农业生态系统的监测。,"['satellite imagery', 'rice chlorophyll retrieval', 'RiceGORT']",Haoran Sun;Hifza Mariam;Junnan She;Ming Chen;Dong Li;Chongya Jiang;Xia Yao;Iftikhar Ali;Yan Zhu;Weixing Cao;Tao Cheng,Breaking barriers in rice chlorophyll retrieval from satellite imagery: Mitigating row structure and saturation effects via RiceGORT and chlorophyll sensitivity enhancement,
None,True,Remote Sensing of Environment,该论文研究从SMAP L波段辐射计中获取海表盐度，特别是在降雨条件下的情况。这属于遥感技术在海洋环境监测中的应用，虽然主要关注海洋而非大气环境，但遥感技术和数据处理方法与大气环境遥感有共通之处，因此与大气环境遥感技术有一定关联。,"['sea surface salinity', 'SMAP L-band', 'radiometry', 'rainfall conditions']",Xuchen Jin;Xianqiang He;Yan Bai;Yilei Wang;Lizhang Zhou;Shujie Yu;Teng Li;Fang Gong;Delu Pan,Retrieval of sea surface salinity from SMAP L-band radiometry under rainfall conditions,
None,True,Remote Sensing of Environment,该论文标题和摘要明确涉及地球静止卫星（geostationary satellite）反演短波辐射（shortwave radiation）产品，并通过校正地理位置偏移（geolocation displacement）来提高产品的精度。这些都与大气环境遥感技术中的卫星观测、辐射测量和分析高度相关，因此该论文与大气环境遥感技术（如空气质量监测、卫星观测、大气成分分析、气溶胶反演等）密切相关。,"['geostationary satellite', 'shortwave radiation', 'geolocation displacement']",Wangkang She;Changkun Shao;Wenjun Tang;Guopeng Zhu;Zengqiang Pang;Tongfei Liu;Shuibao Liang;Kun Yang,Substantial improvement of geostationary satellite-derived shortwave radiation product through correcting geolocation displacement,
None,True,Remote Sensing of Environment,该论文使用Landsat和Sentinel-2卫星观测数据与近地表PhenoCam时间序列相结合，以提高美国西部干旱地区地表物候的检测能力。物候监测与环境遥感技术密切相关，尤其是卫星观测在土地覆盖和地表变化分析中的应用，因此该研究属于大气环境遥感技术领域。,"['Landsat', 'Sentinel-2', 'PhenoCam', 'land surface phenology', 'remote sensing']",Yuxia Liu;Xiaoyang Zhang;Yu Shen;Yongchang Ye;Shuai An,Enhanced land surface phenology detections in the western U.S. drylands by fusing harmonized Landsat and Sentinel-2 observations with near-surface PhenoCam time series,
None,True,Remote Sensing of Environment,该论文与大气环境遥感技术密切相关，因为其研究重点是Sentinel 2卫星数据的标准化，涉及BRDF（双向反射分布函数）调整反射率，这与大气成分分析和卫星观测直接相关。,"['Sentinel 2', 'BRDF adjusted reflectance', 'tropical forests']",Pierre Ploton;Gaëlle Viennois;Florian de Boissieu;Erik Lindquist;Jean-Baptiste Féret;Daniel Wiell;Hervé Poilvé;Pierre Couteron;Raphaël Pélissier;Nicolas Barbier,Normalization of Sentinel 2 data over tropical forests to nadir BRDF adjusted reflectance,
None,False,Remote Sensing of Environment,该论文主要关注的是果树疾病的诊断，涉及到植被指数和冠层垂直分布的知识，这与大气环境遥感技术（如空气质量监测、卫星观测、大气成分分析、气溶胶反演）没有直接关系。,"['vegetation index', 'canopy vertical distribution', 'disease diagnosis']",Wenjie Zhang;Guijun Yang;Xinlian Liang;Xiaohong Liu;Jianbo Qi;Hao Yang;Haikuan Feng;Bo Li;Changyuan Zhai;Baoguo Wu;Xiaohui Su;Liping Chen;Chunjiang Zhao,Toward accurate disease diagnosis of fruit trees: Integrating a novel dual-angle vegetation index with canopy vertical distribution knowledge,
None,False,Remote Sensing of Environment,该论文研究的是基于自监督和迁移学习的三维森林地图绘制技术，主要涉及实例分割、语义分割和物种分类，与大气环境遥感技术（如空气质量监测、卫星观测、大气成分分析、气溶胶反演）没有直接关系。,"['instance segmentation', 'semantic segmentation', 'species classification']",Aldino Rizaldy;Fabian Ewald Fassnacht;Ahmed Jamal Afifi;Hua Jiang;Richard Gloaguen;Pedram Ghamisi,"Label-efficient 3D forest mapping: Self-supervised and transfer learning for instance segmentation, semantic segmentation, and species classification",
None,True,Remote Sensing of Environment,该论文标题和摘要涉及使用卫星图像进行灾害检测，其中提到“光谱语义图推理”，这是一种用于分析卫星图像的技术，与大气环境遥感技术（如空气质量监测和卫星观测）密切相关。因此，该论文与大气环境遥感技术 strongly related。,"['satellite imagery', 'spectral-semantic graph reasoning', 'multi-hazard detection']",Wei Ao;Zhi Gao;Boan Chen;Xinyu Gong;Yuyang Zhai;Ziyao Li;Qiao Wang,Towards efficient multi-hazard detection from single satellite imagery via spectral-semantic graph reasoning,
None,True,Remote Sensing of Environment,该论文研究的是利用光学遥感技术监测海面风纹和风浪，提取风向和风速信息，这与大气环境遥感技术中的空气质量和大气成分监测有一定关联，但更偏向于海洋环境遥感。因此，它被认为是与大气环境遥感技术有一定相关性。,"['optical remote sensing', 'sea surface wind streaks', 'wind direction', 'wind waves']",Lifeng Wang;Yingcheng Lu;Chuanmin Hu,Optical remote sensing of sea surface wind streaks: Retrievals of wind directions and wind waves,
None,True,Remote Sensing of Environment,该论文主题与大气环境遥感技术密切相关，因为它使用了ICESat-2和Sentinel-1/2卫星数据来开发一个用于无测量流域的径流反演算法，应用于青藏高原。这些卫星和算法与空气质量和大气成分监测有关，属于大气环境遥感技术范畴。,"['ICESat-2', 'Sentinel-1/2', 'discharge retrieval algorithm']",Ziting Chen;Yonghong Yi;Huimin Lei;Jijun Xu;Li Liu;Lachun Wang;Chongyu Xu,A hydraulic-geometry informed discharge retrieval algorithm for ungauged basins using ICESat-2 and Sentinel-1/2: Application to Qinghai-Tibet Plateau,
None,True,Remote Sensing of Environment,该研究涉及冠层反射率与叶片密度的关系，这与大气环境遥感技术中的大气成分分析密切相关，因为冠层反射率是遥感监测大气成分的重要参数。,"['canopy reflectance', 'leaf density', 'atmospheric composition']",Abdelaziz Kallel;Yingjie Wang;Jean Philippe Gastellu-Etchegorry,Derivative of canopy reflectance with respect to leaf density: A probabilistic rendering framework,
None,True,Remote Sensing of Environment,该论文使用多时相InSAR技术揭示高填方运河的细尺度变形模式，InSAR是一种用于监测地表形变的遥感技术，与卫星观测和地表变化分析相关，属于大气环境遥感技术的一部分。,"['InSAR', 'canals', 'deformation pattern']",Nan Wang;Yanru Yu;Haocheng Li;Jie Dong;Mingsheng Liao,Fine-scale deformation pattern and mechanism of high-fill canals revealed by multi-temporal InSAR,
None,False,Remote Sensing of Environment,标题和摘要均未提及与大气环境遥感技术相关的内容，如空气质量监测、卫星观测、大气成分分析或气溶胶反演等。,[],,Editorial Board,
None,True,International Journal of Applied Earth Observation and Geoinformation,该论文研究的是使用物理引导的机器学习方法从Landsat地表反射率数据中估算时空无缝FAPAR（叶面积指数）。FAPAR与植被指数相关，Landsat是卫星传感器，与遥感技术直接相关，机器学习方法是核心算法。因此，该论文与大气环境遥感技术（如卫星观测、植被分析）密切相关。,"['FAPAR', 'Landsat', 'machine learning', 'surface reflectance']",Yimin Ni;Gaofei Yin;Guodong Zhang;Gang Sun;Xiaodan Wu;Xiaojun Li;Xinyan Liu;Anxin Ding;Rui Chen;Meilian Wang;Yi Zhang;Jiangchuan Hu;Zongyan Li;Aleixandre Verger,Physics-Guided Machine learning approach for estimating spatiotemporally seamless FAPAR from Landsat surface reflectance,
None,True,International Journal of Applied Earth Observation and Geoinformation,该论文研究了视觉基础模型在遥感语义分割中的应用，涉及遥感技术，与大气环境遥感监测（如卫星观测、大气成分分析）密切相关。,"['remote sensing', 'semantic segmentation', 'vision foundation models']",Haocheng Li;Juepeng Zheng;Shuangxi Miao;Ruibo Lu;Guosheng Cai;Haohuan Fu;Jianxi Huang,Parameter-efficient multimodal adaptation of vision foundation models for remote sensing semantic segmentation,
None,True,International Journal of Applied Earth Observation and Geoinformation,该论文使用深度学习技术结合Sentinel-2和Landsat-8卫星影像进行加利福尼亚州野火烧毁面积 mapping，涉及卫星观测和图像处理技术，与大气环境遥感技术（如卫星观测、图像分析）密切相关。,"['Sentinel-2', 'Landsat-8', 'deep learning', 'burned area mapping', 'wildfires']",Youngmin Seo;Seung Hee Kim;Menas Kafatos;Jinsoo Kim;Yangwon Lee,Deep learning-based burned area mapping of California wildfires using Sentinel-2 and Landsat-8 imagery enhanced with super-resolution techniques,
None,True,International Journal of Applied Earth Observation and Geoinformation,该论文标题和摘要明确涉及了利用深度学习方法从地球静止卫星Himawari-8获取气溶胶光学/微物理参数，这与大气环境遥感技术（如卫星观测、气溶胶反演）密切相关。,"['Himawari-8', 'aerosol optical/microphysical parameters', 'deep learning method']",Lina Xu;Siyu Liu;Minghui Tao;Jun Wang;Xincai Chang;Wenjing Man;Jie Ma;Huang Zhang;Jhoon Kim,Enhanced retrieval of aerosol optical/microphysical parameters for Himawari-8 geostationary satellite measurements with data-driven deep learning method,
None,False,International Journal of Applied Earth Observation and Geoinformation,该论文研究的是利用深度学习技术对山区进行树木分割和多维度属性提取，与大气环境遥感技术（如空气质量监测、卫星观测、大气成分分析、气溶胶反演）无关。,[],Guangbin Lei;Ainong Li;Jinhu Bian;Zhengjian Zhang;Xiaohan Lin;Xi Nan;Amin Naboureh;Yulan Chen;Yi Deng,A multi-task collaborative method for individual tree segmentation and multi-dimensional attribute extraction in mountainous areas using deep learning technologies,
None,True,International Journal of Applied Earth Observation and Geoinformation,该论文与大气环境遥感技术相关，因为它涉及从SMAP卫星数据中获取全球土壤湿度，使用了土壤介电模型，这与大气遥感技术中的卫星观测和参数反演密切相关。,"['soil moisture retrieval', 'SMAP', 'dielectric model', 'global soil moisture']",Yulin Shangguan;Jian Peng;Cheng Tong;Xingyu Xue;Xiaojun Xu;Xiaodong Deng;Xiaoxiao Min;Zhou Shi;Jean-Pierre Wigneron,Optimal soil dielectric model map for global soil moisture retrieval from SMAP,
None,False,International Journal of Applied Earth Observation and Geoinformation,该论文主要关注的是海洋颜色数据集及其在海洋生态监测中的应用，与大气环境遥感技术（如空气质量监测、卫星观测、大气成分分析、气溶胶反演）没有直接关联。,"['Ocean-Colour', 'marine ecological monitoring', 'daily dataset']",Yuan Zhang;Hui Yang;Fang Shen;Tingwei Cui;Liu Cui;Renhu Li;Qingzhou Lv;Xuerong Sun,"A Global, Gap-Free daily Ocean-Colour dataset (2000–2024) for robust marine ecological monitoring",
None,True,International Journal of Applied Earth Observation and Geoinformation,该论文研究了无人机（UAV）利用反照率双向反射分布函数（BRDF）衍生植被指数进行树木高度反演的观测几何效应，这与大气环境遥感技术中的植被参数反演和遥感监测高度相关。,"['UAV', 'BRDF', 'vegetation indices', 'tree height retrieval', 'remote sensing']",Zhihui Mao;Lei Deng;Qinghua Qiao,Viewing-geometry effects on UAV-based tree height retrieval using BRDF-derived vegetation indices,
None,True,International Journal of Applied Earth Observation and Geoinformation,该论文使用卫星追踪技术研究了中国最大海草床的长期时空动态，虽然主要关注点是生态学而非大气环境，但卫星追踪技术本身与遥感技术相关，且海草床的动态变化可能受大气环境因素影响，因此与大气环境遥感技术有一定关联。,"['satellite tracking', 'spatiotemporal dynamics', 'seagrass meadow']",Jun Tang;Yingcheng Lu;Zhiyuan Ouyang;Yarong Zou;Futao Wang;Yuntao Wang;Chao Zhou;Yanlong Chen,Satellite tracking of long-term spatiotemporal dynamics in China’s largest seagrass meadow,
None,True,International Journal of Applied Earth Observation and Geoinformation,该论文标题和摘要中涉及“remote sensing”和“segment anything”，表明其与遥感技术相关，这可能应用于大气环境监测等领域，如空气质量和大气成分分析。,"['segment anything', 'remote sensing', 'atmospheric monitoring']",Osmar Luiz Ferreira de Carvalho;Osmar Abílio de Carvalho Júnior;Anesmar Olino de Albuquerque;Daniel Guerreiro e Silva,Remote SAMsing: From segment anything to segment everything,
None,False,International Journal of Applied Earth Observation and Geoinformation,该论文主要关注使用移动激光扫描和语义3D道路空间模型进行物体表面辐射指纹识别，与大气环境遥感技术（如空气质量监测、卫星观测、大气成分分析、气溶胶反演）关联性较弱。研究内容更偏向于三维建模和表面辐射特性分析，而非大气环境监测。,"['mobile laser scanning', 'semantic 3D road space models', 'radiometric fingerprinting']",Benedikt Schwab;Thomas H. Kolbe,Radiometric fingerprinting of object surfaces using mobile laser scanning and semantic 3D road space models,
None,True,International Journal of Applied Earth Observation and Geoinformation,该论文使用深度学习模型，通过光学和SAR卫星图像估计北欧国家的体积和Lorey’s高度，这与大气环境遥感技术密切相关，特别是卫星观测和大气成分分析领域。,"['optical satellite images', 'SAR satellite images', 'deep learning models', 'volume estimation', 'Lorey’s height']",Zsofia Koma;Oleg Antropov;Oliver Cartus;Jukka Miettinen;Johannes Breidenbach,Deep learning models for estimating volume and Lorey’s height across Nordic countries using optical and SAR satellite images,
None,True,International Journal of Applied Earth Observation and Geoinformation,该论文使用卫星嵌入技术进行作物类型分类，涉及卫星观测和数据处理，与大气环境遥感技术中的卫星应用和数据分析相关，属于遥感技术在农业领域的应用。,"['satellite embeddings', 'crop type classification', 'remote sensing']",Britt W. Smith;Jessica J. Walker;Christopher E. Soulard,Satellite embeddings for crop type classification: a comparative examination,
None,False,International Journal of Applied Earth Observation and Geoinformation,该论文的主题是利用网络重构技术对单木进行分割，主要应用于森林和植被研究领域，与大气环境遥感技术（如空气质量监测、卫星观测、大气成分分析、气溶胶反演）关系不大。,"['ULS point clouds', 'tree segmentation', 'network-inspired restructuring']",Lei Bao;Yong Wu;Leiguang Wang;Xiaoli Zhang;Zhibo Yu;Zhi Liu;Chi Lu;Yuansu Xu;Hong Wang;Xiaohan Liu;Weibin Wang;Hongbin Luo;Guanglong Ou,Network-inspired restructuring for individual tree segmentation in ULS point clouds,
None,True,International Journal of Applied Earth Observation and Geoinformation,该论文研究了频率-时空依赖性和结构上下文联合学习在光学-SAR变化检测中的应用，光学-SAR是一种用于地表观测的技术，常用于大气环境遥感，例如监测地表变化和大气成分。因此，该论文与大气环境遥感技术（如空气质量监测、卫星观测、大气成分分析、气溶胶反演）密切相关。,"['optical-SAR', 'change detection', 'atmospheric remote sensing']",Yujie Li;Xuanguang Liu;Chenguang Dai;Zhenchao Zhang;Lei Ding;Han Zhu;Ruihua Lu;Hanyun Wang,Joint learning of frequency-spatio-temporal dependencies and structural context for optical-SAR change detection,
None,True,International Journal of Applied Earth Observation and Geoinformation,该论文研究了AVIRIS-3模拟数据在监测植被演替模式中的应用，涉及遥感技术和地质环境分析，与大气环境遥感技术（如卫星观测和植被分析）相关。,"['AVIRIS-3', 'vegetation succession', 'retrogressive thaw slumps']",Bhagyashree Verma;Emma C. Hall;Mark J. Lara,Simulated AVIRIS-3 detects species-specific patterns of vegetation succession in retrogressive thaw slumps,
None,False,International Journal of Applied Earth Observation and Geoinformation,该研究主要关注的是利用Mamba网络对小冰河时代冰川进行地形引导的三模态映射，虽然涉及遥感技术，但并非针对大气环境（如空气质量、卫星观测、大气成分分析或气溶胶检索）的遥感技术。,"['glaciers', 'Mamba network', 'terrain-guided']",Jun Zhou;Shiyin Liu;Fuming Xie;Caixia Qin,Mamba-trident: terrain-guided tri-modal Mamba network for mapping little ice age glaciers,
None,False,International Journal of Applied Earth Observation and Geoinformation,该论文主要关注植物生理和冠层结构对太阳诱导叶绿素荧光和总初级生产力的影响，虽然涉及遥感技术（如卫星观测），但主要研究领域是生态学和植物科学，而非大气环境遥感技术（如空气质量监测或大气成分分析）。,"['solar-induced chlorophyll fluorescence', 'gross primary productivity', 'canopy structure']",Fangyi Lv;Kaimin Sun;Shunxia Miao;Yi Xu;Wei Cui;YePei Chen;Wenzhuo Li;Xiuqing Hu,Disentangling leaf physiology and canopy structure effects on solar-induced chlorophyll fluorescence and gross primary productivity: A multi-biome and cross-site assessment,
None,True,International Journal of Applied Earth Observation and Geoinformation,该论文研究了基于物理约束神经网络的全谱太阳诱导叶绿素荧光重建技术，这与大气环境遥感技术（如卫星观测、大气成分分析）密切相关，特别是与植被和大气相互作用的研究相关。,"['solar-induced chlorophyll fluorescence', 'physics-constrained neural network', 'reconstruction']",Dianrun Zhao;Shanshan Du;Yulu Du;Xinjie Liu;Liangyun Liu,FSIF-PCNN: A physics-constrained neural network for full-spectrum solar-induced chlorophyll fluorescence reconstruction,
None,False,International Journal of Applied Earth Observation and Geoinformation,该论文主要研究的是城市户外运动场地的照明质量，使用的是SDGSAT-1夜光影像，这与大气环境遥感技术（如空气质量监测、卫星观测、大气成分分析、气溶胶反演等）没有直接关联。因此，该论文与大气环境遥感技术不是强相关的。,"['SDGSAT-1', 'nighttime light imagery', 'urban outdoor sports fields']",Tingrui Guo;Min Zhao;Zhuolin Tao;Jiaqi Fu;Xinyi Song;Yuyu Zhou,Assessment of lighting quality in urban outdoor sports fields using 10-m SDGSAT-1 nighttime light imagery,
None,True,International Journal of Applied Earth Observation and Geoinformation,该论文研究了利用多源地球观测数据（卫星观测）进行近实时火灾烧毁面积制图的物理信息自监督框架，这与大气环境遥感技术（如卫星观测、大气成分分析）密切相关，属于环境遥感应用领域。,"['wildfire burned area mapping', 'multi-source earth observation', 'physics-informed self-supervised framework']",Mirza Waleed;Muhammad Bilal,BAM: A physics-informed self-supervised framework for near-real-time wildfire burned area mapping from multi-source earth observation,
None,True,International Journal of Applied Earth Observation and Geoinformation,该论文研究的是一种物理散射引导的Mamba模型，用于在复杂背景下生成高保真度的合成孔径雷达（SAR）船舶图像。合成孔径雷达（SAR）是一种遥感技术，广泛应用于大气环境监测、卫星观测和大气成分分析等领域。因此，该论文与大气环境遥感技术密切相关。,"['SAR', 'ship generation', 'atmospheric scattering', 'remote sensing', 'high-fidelity']",Moran Ju;Changqi Wang;Si-Nian Jin,A physical Scattering-Guided Prior-Enhanced Mamba model for high-fidelity SAR ship generation in complex backgrounds,
None,True,International Journal of Applied Earth Observation and Geoinformation,该论文研究了无人机RGB和超光谱图像的深度空间-光谱融合技术在马铃薯植物病害检测中的应用，涉及遥感技术和植物病害监测，与大气环境遥感技术（如空气质量监测、卫星观测）相关，但更侧重于农业应用。,"['UAV RGB imagery', 'hyperspectral imagery', 'potato plant disease detection']",Tianyi Jia;Magdalena Smigaj;Gert Kootstra;Lammert Kooistra,Deep spatial-spectral fusion of UAV RGB and hyperspectral imagery for potato plant disease detection,
None,False,International Journal of Applied Earth Observation and Geoinformation,该论文研究的是基于深度学习的自动绘制荷兰产权边界，主要涉及地理信息系统和计算机视觉领域，与大气环境遥感技术（如空气质量监测、卫星观测、大气成分分析、气溶胶反演等）没有直接关系。,"['deep learning', 'automated delineation', 'property boundaries']",Jeroen Grift;Claudio Persello;Mila Koeva,From pixels to vectorized cadastral boundaries: Deep learning-based automated delineation of property boundaries in the Netherlands,
None,False,International Journal of Applied Earth Observation and Geoinformation,该论文的标题和摘要主要关注图像匹配和姿态先验学习，涉及计算机视觉和人工智能领域，与大气环境遥感技术（如空气质量监测、卫星观测、大气成分分析、气溶胶反演）没有直接相关性。,[],Hongyang Zhang;Yusheng Xu;Changyou Xu;Rong Huang;Zhen Ye;Yan Xia;Xiaohua Tong,Learning from noisy pose priors: Geometry-guided routing attention for robust image matching,
None,True,International Journal of Applied Earth Observation and Geoinformation,该论文研究了使用多角度TECIS数据森林生物量估算的特征选择方法，涉及遥感技术和模型分析，与大气环境遥感技术中的卫星观测和大气成分分析相关。,"['Multi-Angular TECIS', 'forest biomass estimation', 'Model-driven sensitivity analysis']",Xuexia Sun;Xiaoyao Li;Bingxiang Tan;Fayun Wu;Yuxuan Liu;Shimei Xiong,Feature selection from Multi-Angular TECIS data for forest biomass estimation using a Model-driven sensitivity analysis approach,
None,False,International Journal of Applied Earth Observation and Geoinformation,该论文研究的是利用VIIRS夜间灯光数据量化地震引起的建筑损坏，涉及的是遥感技术和深度学习，但主要应用领域是地震灾害评估，而非大气环境遥感技术（如空气质量监测、卫星观测、大气成分分析或气溶胶反演）。,"['VIIRS', 'nighttime lights', 'deep learning']",Hee-Su Joo;Seon-Gyu Kim;Jin-Hyeong Lee;Hyung-Sup Jung,Quantifying earthquake-induced building damage from VIIRS nighttime lights: A multi-scale framework with deep learning–based area validation,
None,False,International Journal of Applied Earth Observation and Geoinformation,该论文主要关注森林昆虫损害的预警，虽然涉及时空建模和因子驱动模型，但与大气环境遥感技术（如空气质量监测、卫星观测、大气成分分析、气溶胶反演）关系不大。,"['forest insect damage', 'spatiotemporal modeling', 'factor-driven']",Haoyan Zhang;Shiming Li;Yaozhong Pan,Integrating spatiotemporal prior knowledge from co-segmented time-series into factor-driven modeling for forest insect damage warning,
None,False,International Journal of Applied Earth Observation and Geoinformation,该论文关注的是印度砖窑的分布和技术类型，与大气环境遥感技术（如空气质量监测、卫星观测、大气成分分析、气溶胶反演）没有直接关联。,[],Sugandha Arora;Clément Goldmann;Stefan Oehmcke;Jan Pauls;Chuanlong Zhou;Abhinav Sharma;Kushal Tibrewal;Harish Phuleria;Fabian Gieseke;Philippe Ciais,Brick kilns across India: A temporal analysis of brick kiln distribution and technology types,
None,True,International Journal of Applied Earth Observation and Geoinformation,该论文研究的主题涉及从多源地球观测数据中评估喀斯特地区的干旱传播，其中提到了地表和深层的耦合响应，这与大气环境遥感技术中的大气成分分析、卫星观测等领域有较强的相关性。,"['Earth Observation', 'karst', 'atmospheric composition']",Chengchang Tian;Qiuwen Zhou;Ze Yuan;Yuan Li;Igor Leščešen;Slobodan Gnjato;Pedro A.M. Leite,Global assessment of karst drought propagation from multisource Earth Observation: Epikarst-mediated rapid shallow coupling and delayed deep responses,
None,True,International Journal of Applied Earth Observation and Geoinformation,该论文的标题和摘要明确涉及从FY-3G多角度偏振观测中监测全球云相，并使用新的MAPLE-CP框架进行验证。这直接与大气环境遥感技术相关，特别是云相监测和卫星观测领域。,"['FY-3G', 'polarimetric observations', 'cloud phase monitoring', 'lidar validation']",Yaying Wang;Haofei Wang;Chuanfeng Zhao;Qiao Wang;Kun Jia;Jinlong Fan;Hang Lyu;Sijie Chen;Zhenping Yin;Xing Yan,Global cloud phase monitoring from FY-3G multi-angle polarimetric observations using the new MAPLE-CP framework with independent multi-site lidar validation,
None,True,International Journal of Applied Earth Observation and Geoinformation,该论文研究如何通过体积保持插值预处理步骤减少空气温度降尺度中的网格伪影，这与大气环境遥感技术中的空气质量监测和大气组成分析相关，因为空气温度是大气环境监测的重要参数之一。,"['air temperature', 'downscaling', 'interpolation']",Zitong Wen;Lu Zhuo;Jiao Wang;Ahmed Abdelhalim;Ming Zhong;Dawei Han,Reducing grid artifacts in air temperature downscaling with a Volume-Preserving interpolation preprocessing step,
None,True,International Journal of Applied Earth Observation and Geoinformation,该论文的标题和摘要明确涉及了气溶胶-云检测通道、532 nm 波长以及 DQ-1/ACDL 仪器，这些都是大气环境遥感技术中的重要元素，特别是与空气质量和大气成分分析相关。,"['Aerosol-Cloud detection channels', '532 nm', 'DQ-1/ACDL', 'Linear-Fitting calibration algorithm']",Feiyue Mao;Chengen Li;Lin Zang;Zengxin Pan;Weiwei Xu;Ge Han;Xiuqing Hu;Weibiao Chen;Wei Gong,Linear-Fitting calibration algorithm for Aerosol-Cloud detection channels at 532 nm of the DQ-1/ACDL,
None,False,International Journal of Applied Earth Observation and Geoinformation,该论文研究的是利用冠层高光谱数据和机器学习技术检测水稻白叶枯病，这与大气环境遥感技术（如空气质量监测、卫星观测、大气成分分析、气溶胶反演等）无关。,"['hyperspectral data', 'machine learning', 'rice bacterial leaf blight']",Ziyi Wang;Roshanak Darvishzadeh;Nancy Castilla;Alice Laborte;Andrew Nelson,Early detection of rice bacterial leaf blight disease using canopy hyperspectral data and machine learning,
None,False,International Journal of Applied Earth Observation and Geoinformation,该论文标题和摘要主要涉及图Transformer技术用于建筑数据的更新，与大气环境遥感技术（如空气质量监测、卫星观测、大气成分分析、气溶胶反演）没有直接关联。,[],Yue Qiu;Fang Wu;Haizhong Qian;Jichong Yin;Xianyong Gong;Chengyi Liu;Hao Zhang;Rui Cao,V-BUILD: A graph Transformer-based decision framework for selective updating of vector building data,
None,True,International Journal of Applied Earth Observation and Geoinformation,该论文标题和摘要明确涉及地表煤矿的生态环境质量评估，这属于大气环境遥感技术的应用领域，特别是空气质量和环境监测方面。'MiecoI'可能是一种新的遥感技术或算法，用于实现全面和时空可比性的评估。,"['surface coal Mines', 'Eco-Environmental quality assessment', 'MiecoI']",Feiyue Li;Jun Li;Chengye Zhang;Han Zhang;Chuanying Peng;Lixia Liang;Jingyu Hao;Simit Raval,A new approach for comprehensive and spatiotemporally comparable Eco-Environmental quality assessment of surface coal Mines: MiecoI,
None,True,International Journal of Applied Earth Observation and Geoinformation,该论文使用Sentinel-2卫星图像进行谷物收获检测，涉及遥感技术和图像处理方法，与大气环境遥感技术中的卫星观测和地表参数提取相关。,"['Sentinel-2 imagery', 'reaped index (RI)', 'automated thresholding']",Kai Tang;Zeteng Li;Youzhi Zhang;Laigang Wang;Peng Yang;Bingwen Qiu;Xuehong Chen;Ruilin Chen;Jianlong Li;Jin Chen,A near-real-time and unsupervised framework for grain crop harvest detection using sentinel-2 imagery: the reaped index (RI) and automated thresholding,
None,True,International Journal of Applied Earth Observation and Geoinformation,该论文研究日本太阳能光伏发电的发展及其生态影响，涉及土地利用变化，这可能与大气环境遥感技术中的空气质量监测和生态遥感应用相关。,"['solar photovoltaics', 'ecological implications', 'spatiotemporal dynamics']",Shoki Shimada;Wataru Takeuchi;Kei Oyoshi,Corrigendum to “Spatiotemporal dynamics of solar photovoltaics development and ecological implications in Japan from cropland to forest” [Int. J. Appl. Earth Obs. Geoinf. 150 (2026) 105348],
None,True,International Journal of Applied Earth Observation and Geoinformation,该论文研究的是从单类标注的遥感数据集中对农田和农村道路进行联合分割的方法，属于遥感图像处理和分类技术，与大气环境遥感技术中的图像分析和分类相关，但更侧重于土地覆盖分类而非大气成分监测。,"['remote sensing', 'segmentation', 'farmland']",Zhaoxiang Cao;Yuchun Huang;Yibo Zhou;Peng Zhou;Zhiqiang Qin;Shengyuan Zhang,A partially supervised joint segmentation method for farmland and rural roads from single-class annotated remote sensing datasets,
None,True,International Journal of Applied Earth Observation and Geoinformation,该论文研究了使用双极化GNSS反射计和微卫星观测数据对FYI-MYI海冰类型进行分类的技术。虽然主要关注海冰分类，但其涉及GNSS反射计和微卫星观测，这些都是大气环境遥感技术的一部分。因此，该论文与大气环境遥感技术（如卫星观测和大气成分分析）有较强的关联性。,"['dual-polarization GNSS', 'sea ice type classification', 'microsatellite observations']",Runchuan Li;Fei Guo;Wentao Yang;Weiqiang Li;Xiaohong Zhang;Estel Cardellach,Dual-polarization GNSS reflectometry for FYI–MYI sea ice type classification using microsatellite observations,
None,True,International Journal of Applied Earth Observation and Geoinformation,该论文研究了波兰云杉森林中NDVI与林分结构的关系，使用了HLS、LiDAR指标和GGP-GAM方法。虽然主要关注的是植被结构，但LiDAR和HLS（高分辨率陆地观测系统）技术可用于大气成分分析和气溶胶反演，因此与大气环境遥感技术有相关性。,"['NDVI', 'LiDAR', 'atmospheric composition', 'aerosol retrieval', 'Scots pine']",Luiza Tymińska-Czabańska;Piotr Janiec;Michał Lupa;Vahid Nasiri;Franciszek Błaś;Adam Ziółkowski;Paweł Hawryło;Jarosław Socha,"Spatially varying NDVI–stand structure relationships in Scots pine forests across Poland using HLS, LiDAR metrics and GGP-GAM",
None,False,International Journal of Applied Earth Observation and Geoinformation,该论文标题和摘要主要关注农业和城市扩张对干旱地区水文生态的影响，与大气环境遥感技术（如空气质量监测、卫星观测、大气成分分析、气溶胶反演等）关系不大。,[],Ran Wang;Wei Zhou;Tao Lin;Zhe Hao;Shibin Zhang;Conghong Huang,Divergent ecohydrological impacts of agricultural and urban expansions across global drylands,
None,True,International Journal of Applied Earth Observation and Geoinformation,该论文利用Sentinel-2和ERA5-Land数据估算瑞典湖泊的溶解有机碳，涉及地球观测技术和卫星遥感，与大气环境遥感技术（如空气质量监测、卫星观测、大气成分分析、气溶胶反演）有较强关联，因此密切相关。,"['Sentinel-2', 'ERA5-Land', 'dissolved organic carbon', 'Earth observation']",Xufeng Wei;Wenbo Xu;Lanhui Wang;Renkui Guo;Zheng Duan,An interpretable Earth observation framework for estimating lake dissolved organic carbon in Sweden using Sentinel-2 and ERA5-Land data,
None,False,International Journal of Applied Earth Observation and Geoinformation,该论文标题和摘要主要关注虚拟现实（VR）城市建模中的层次细节（LOD）设计，以及如何通过人类行为重新思考现实主义。这主要涉及计算机图形学和人机交互领域，与大气环境遥感技术（如空气质量监测、卫星观测、大气成分分析、气溶胶反演）没有直接关联。,[],Yunlei Su;Guosheng Yang;Wufan Zhao;Cai Wu,Beyond fidelity: Rethinking realism through human behavior in VR city modeling LOD design,
None,False,International Journal of Applied Earth Observation and Geoinformation,该研究主要关注的是利用机器学习方法从火星撞击坑数据集中提取信息，与大气环境遥感技术（如空气质量监测、卫星观测等）没有直接关联。,"['Martian impact craters', 'bimodal dataset', 'quantitative ensemble learning']",Chang Li;Haoyan Ma;Yi He;Zhizhong Kang,BQEL-Net: A bimodal quantitative ensemble learning network with uncertainty-aware for vectorized extraction of martian impact craters from bimodal catalogic-and-quantitative dataset (BCQDS),
None,True,International Journal of Applied Earth Observation and Geoinformation,该论文研究了融合高空分辨率影像与Sentinel-1和Sentinel-2卫星时序数据以提高多年果园类型分类的准确性。虽然主要关注点在于果园分类，但使用了Sentinel系列卫星数据，这是一种典型的遥感技术，涉及卫星观测和大气环境分析，因此与大气环境遥感技术有一定相关性。,"['aerial imagery', 'Sentinel-1', 'Sentinel-2', 'orchard classification']",Lior Fine;Tarin Paz-Kagan;Offer Rozenstein,Fusing very high-resolution aerial imagery with Sentinel-1 and Sentinel-2 time series improves multi-year orchard type classification,
None,False,International Journal of Applied Earth Observation and Geoinformation,该论文主要关注的是基于遥感技术和集成模型的意大利蝗虫（Calliptamus italicus）风险区域识别和分类，考虑了人口密度和栖息地适宜性。虽然使用了遥感技术，但其应用领域与大气环境遥感技术（如空气质量监测、卫星观测、大气成分分析、气溶胶反演）关系不大，而是集中在生物地理学和生态学领域。,"['remote sensing', 'ensemble modeling', 'population density', 'habitat suitability']",Junteng Luo;Liang Liu;Jianghua Zheng;Jun Lin;Wanqiang Han;Yang Yan;Jianhao Li;Feifei Zhang;Zhong Liang;Qige Qi,Identification and classification of risk zones for <em>Calliptamus italicus</em> based on remote sensing and ensemble modeling: considering population density and habitat suitability,
None,True,International Journal of Applied Earth Observation and Geoinformation,该论文的标题和摘要都明确提到了“地球观测”（Earth Observation），这是一种通过卫星等远程传感技术获取地球表面和环境数据的方法。此外，摘要中提到了“有害藻华”（harmful algal blooms）的预测，这涉及到环境监测和大气成分分析，与大气环境遥感技术密切相关。因此，该论文与大气环境遥感技术（如卫星观测、环境监测）是强相关的。,"['Earth Observation', 'Machine learning', 'harmful algal blooms', 'Arabian Gulf', 'Sea of Oman']",Kaltham A. Ismail;Roqaya A. Ismail;Mohammed Salim,Earth Observation–Based Machine learning for operational forecasting of harmful algal blooms in the Arabian Gulf and Sea of Oman,
None,True,International Journal of Applied Earth Observation and Geoinformation,该论文标题和摘要明确涉及 GNSS-R（全球导航卫星系统后向散射遥感）技术，用于高风速检索。这属于大气环境遥感技术范畴，特别是卫星观测和大气成分分析，因此与大气环境遥感技术密切相关。,"['PLGF-NET', 'Physics-Guided Local-Global fusion network', 'GNSS-R', 'high wind speed retrieval']",Xinzhe Xu;Minfeng Song;Xiufeng He;Jinsheng Tu;Xiaolei Wang;Jinwen Zeng;Hao Yang;Wei Zhan,PLGF-NET: A Physics-Guided Local-Global fusion network for GNSS-R high wind speed retrieval,
None,False,International Journal of Applied Earth Observation and Geoinformation,该论文主要关注利用无人机时间序列数据对苜蓿的生长和功能进行时空分析，未涉及大气环境遥感技术，如空气质量管理、卫星观测或大气成分分析等领域。,"['UAV', 'alfalfa', 'time-series']",Tao Cheng;Zhangru Gao;Ziyu Ding;Dong Han;Yaling Liu;Ruopu Zan;Xinyuan He;Shibo Yang;Feng Yuan;Weibo Ren;Dongyan Zhang,DINO-Pheno-Cluster: Integrating few-shot foundation models and UAV time-series for spatiotemporal growth and functional characterization of alfalfa,
None,True,International Journal of Applied Earth Observation and Geoinformation,该论文研究了使用Landsat 8/9卫星数据结合RF-XGBoost模型来反演黄河流域的总氮含量，属于大气环境遥感技术中通过卫星观测数据进行分析和监测的范畴，因此与大气环境遥感技术高度相关。,"['total nitrogen', 'Landsat 8/9', 'RF-XGBoost', 'atmospheric retrieval']",Yuanyuan Zhang;Shuanggen Jin,MFRXG: A multi-feature stacking ensemble RF-XGBoost model for total nitrogen retrieval in the Yellow River from Landsat 8/9 data,
None,True,International Journal of Applied Earth Observation and Geoinformation,该论文研究的主题涉及从单目遥感图像中进行高度估计，使用了视觉语言网络技术。虽然主要关注点在于高度估计，但遥感图像的获取和分析与大气环境遥感技术（如卫星观测、大气成分分析）密切相关，因此可以认为该论文与大气环境遥感技术具有相关性。,"['monocular remote sensing imagery', 'height estimation', 'vision-language network']",Tao Zhang;Furong Shi;Yuanping Zhu;Xin Huang,HeightCLIP: A vision-language network for height estimation from monocular remote sensing imagery,
None,False,International Journal of Applied Earth Observation and Geoinformation,该论文标题和摘要主要关注城市数字孪生技术及其在环境敏感型交通规划中的应用，与大气环境遥感技术（如空气质量监测、卫星观测、大气成分分析、气溶胶反演等）没有直接关联。,[],Thomas Trabert;Elmar Brockfeld;Alexander Sohr;Kerstin Krellenberg;Jakob Erdmann;Xiaoxu Bei;Carsten Dalaff;Timo Houben;Jan Bumberger,Urban digital twin for environmentally sensitive mobility planning: conceptual framework and application in pilot region Leipzig,
None,True,International Journal of Applied Earth Observation and Geoinformation,该论文研究的是SuperDove卫星如何检测负载物质的沙堆，这属于遥感技术在环境监测中的应用，特别是针对极端环境事件。虽然主要关注沙堆而非直接污染物，但沙堆的形成和分布与环境质量密切相关，因此与大气环境遥感技术有一定关联。,"['SuperDove', 'satellite', 'matter-loaded windrows']",Dimitris Papageorgiou;Stefano Aliani;Andrés Cózar;Konstantinos Topouzelis,SuperDove satellite detection of matter-loaded windrows with a focus on extreme environmental events,
None,True,International Journal of Applied Earth Observation and Geoinformation,该论文使用开源多模态数据和形态感知UDASS技术进行屋顶植被 mapping，这与大气环境遥感技术中的城市空气质量监测和地表覆盖分析相关，因为植被覆盖可以影响大气成分和污染物扩散。,"['roof vegetation mapping', 'open-source multimodal data', 'morphology-aware UDASS']",Jinhui Liu;Mi Zhang;Lina Tang;Guofan Shao;Huiwei Jiang;Xiangyun Hu;Yibing Xiong;Jiongwei Wang,A transferable framework for roof vegetation mapping across tropical cities based on open-source multimodal data and morphology-aware UDASS,
None,False,International Journal of Applied Earth Observation and Geoinformation,该论文标题和摘要主要关注土壤适宜性评估，使用的框架包括模糊熵、MAIRCA和TOPSIS，这些技术与大气环境遥感技术（如空气质量监测、卫星观测、大气成分分析、气溶胶反演）没有直接关系。,"['fuzzy entropy', 'MAIRCA', 'TOPSIS', 'soil suitability']",Karthik Subramani;Deva Nithyanandham;Felix Augustin;Saravanakumar Ramasamy;Ajeesh Puthusserry Paulose;Pandiyaraju V,An integrated picture fuzzy entropy–MAIRCA–TOPSIS framework for sustainable soil suitability evaluation,
None,True,International Journal of Applied Earth Observation and Geoinformation,该论文与大气环境遥感技术密切相关，因为其研究内容涉及利用多颗卫星平台进行作物（玉米）测绘，特别是在阿根廷和巴西的双季种植区，且无需地面参考数据。这属于遥感技术在农业和环境监测中的应用，与大气成分分析、卫星观测等方向相关。,"['maize mapping', 'satellite platforms', 'ground reference data']",Ryoungseob Kwon;Youngryel Ryu;Philippe Ciais;David Makowski;Changhyun Choi;Huaize Feng;Sungchan Jeong;Pengfei Tang;Kyungdo Lee,Enabling maize mapping in double-cropping regions of Argentina and Brazil without ground reference data by leveraging multiple satellite platforms,
None,False,International Journal of Applied Earth Observation and Geoinformation,该研究主要关注草地蝗虫栖息地的时空动态变化，涉及未来气候预测、植被生长和土地利用变化，不直接涉及大气环境遥感技术，如空气质量监测、卫星观测、大气成分分析或气溶胶反演。,[],Jing Guo;Wenjiang Huang;Yingying Dong;Qiaoyun Xie;Guofei Fang;Fangzheng Yue;Kun Wang;Zhuoqing Hao;Yan Zhang;Xiangzhe Cheng;Yue Shi;Bing Zhang,"Spatiotemporal dynamics of grasshopper habitats under future climate projections, vegetation growth, and land use change",
None,True,International Journal of Applied Earth Observation and Geoinformation,该论文研究了使用Sentinel-5 Precursor卫星数据和大气的Gaussian plume模型来量化大型煤矿的甲烷排放，这与大气环境遥感技术密切相关，特别是空气质量监测和大气成分分析。,"['methane', 'Sentinel-5 Precursor', 'Gaussian plume model']",Yuanyuan Chen;Yi Li;Lixia Tan;Yufan Qian;Shuangxi Fang,Quantifying methane emissions from large coal mine using Sentinel-5 Precursor satellite data and Gaussian plume model,
None,True,International Journal of Applied Earth Observation and Geoinformation,该论文标题和摘要涉及光谱分解和深度先验技术，与大气环境遥感技术（如空气质量监测、卫星观测、大气成分分析、气溶胶反演）密切相关。这些技术常用于处理遥感数据，提取大气成分信息。,"['spectral unmixing', 'deep priors', 'remote sensing']",Soorya Suresh;Shri Charan Ramesh;Arun Pattathal Vijayakumar;Vandita Srivastava;Krishna Mohan Buddhiraju,Self-supervised spectral unmixing using scene-aware deep priors,
None,True,International Journal of Applied Earth Observation and Geoinformation,该论文研究了利用Sentinel-2卫星数据通过Test-Time training技术进行叶绿素-a反演，以揭示中国湖泊富营养化动态。这与大气环境遥感技术中的卫星观测、水质监测和大气成分分析密切相关，属于遥感技术在环境监测领域的应用。,"['Sentinel-2', 'chlorophyll-a', 'lake eutrophication', 'Test-Time training']",Zhen Zhang;Cuilin Yang;JiaJia Yuan;Lehao Huang;Zhongxi Ge;Zhitao Fu;Bo-Hui Tang,Pioneering Test-Time training for robust Fine-Grained chlorophyll-a retrieval from Sentinel-2: Unveiling China’s lake eutrophication dynamics (2018–2025),
None,True,International Journal of Applied Earth Observation and Geoinformation,该论文的标题和摘要明确涉及从微波图像生成高精度水汽产品，这与大气环境遥感技术密切相关，特别是大气成分分析和卫星观测领域。,"['precipitable water vapor', 'microwave imagery', 'atmospheric remote sensing']",Yuhao Wu;Bao Zhang;Yibin Yao;Zheng Du;Hongming Li;Quanyu Chen,Generation of high-precision precipitable water vapor products from morphed integrated microwave imagery,
None,False,International Journal of Applied Earth Observation and Geoinformation,该论文研究的是冰川碎屑流的发生频率和极端气候的关系，主要关注的是地质和气候科学，与大气环境遥感技术（如空气质量监测、卫星观测、大气成分分析、气溶胶反演等）没有直接相关性。,[],Sen Zhang;Bochuan Zhang;Da Huang;Yongji Chen;Bei Zhang;Jianbing Peng,"Extreme climate effects on the occurrence and frequency of glacial debris flows: evidence from the Parlung Tsangpo Basin, Southeastern Tibetan Plateau",
None,True,International Journal of Applied Earth Observation and Geoinformation,该论文研究了如何利用无人机图像时间序列和多源环境特征来预测野火蔓延，这与大气环境遥感技术密切相关，特别是涉及火灾监测和大气成分分析。,"['UAV', 'wildfire spread prediction', 'environmental features']",Jiahao Zhou;Sen He;Shanjunxia Wu;Qiuhua Wang;Fei Wang,Integrating UAV image time-series with multi-source environmental features for sequential wildfire spread prediction,
None,True,International Journal of Applied Earth Observation and Geoinformation,该论文标题和摘要均涉及从卫星图像进行大尺度土地覆盖分类，其中使用了深度学习框架，这与大气环境遥感技术（如卫星观测和地表参数分析）密切相关。虽然主要关注土地覆盖分类而非直接的大气成分分析，但其技术方法和应用领域与遥感技术高度相关。,"['satellite imagery', 'deep learning', 'land cover classification']",Johannes Leonhardt;Juergen Gall;Ribana Roscher,LC-SLab — An object-based deep learning framework for large-scale land cover classification from satellite imagery and sparse in-situ labels,
None,True,International Journal of Applied Earth Observation and Geoinformation,该研究涉及叶片中叶绿素和类胡萝卜素的提取，虽然不直接涉及大气环境，但与遥感技术在生物地球化学循环监测中的应用相关。,"['leaf chlorophyll', 'carotenoids', 'multi-task learning']",Weilin Hao;Jia Sun;Kan Zhang;Shilin Yang;Feng Qiu;Jin Xu,A PROSPECT-guided multi-task learning hybrid framework for simultaneous retrieval of leaf chlorophyll and carotenoids,
None,True,International Journal of Applied Earth Observation and Geoinformation,该论文使用了卫星数据（Satellite）来分析澳大利亚北部地区火灾后对水分胁迫的抵抗力降低问题，这与大气环境遥感技术中的空气质量监测（air quality monitoring）和大气成分分析（atmospheric composition analysis）密切相关。,"['Satellite', 'air quality monitoring', 'atmospheric composition analysis']",Huanhuan Wang;Qiaoyun Xie;Sally E. Thompson;Caitlin E. Moore,Satellite evidence of reduced resistance and resilience to water stress after antecedent fire across a rainfall gradient in northern Australia,
None,True,International Journal of Applied Earth Observation and Geoinformation,该论文研究了覆盖作物生物量对卫星遥感检测覆盖作物能力的影响，涉及卫星观测和大气环境遥感技术，因此与大气环境遥感技术密切相关。,"['cover crop biomass', 'satellite-based detectability', 'atmospheric remote sensing']",Yide Xu;Qu Zhou;Kaiyu Guan;Sheng Wang;W. Dean Hively;Jyoti Jennewein;Alison Thieme;Steven Mirsky;Zhangliang Chen,The impacts of cover crop biomass on satellite-based detectability of cover crops in Maryland,
None,True,International Journal of Applied Earth Observation and Geoinformation,该论文将洪水类型分类与基于卫星的洪水监测相结合，涉及卫星观测和洪水产品机制分析，与大气环境遥感技术（如卫星观测和大气成分分析）密切相关。,"['satellite-based flood monitoring', 'flood extent mapping', 'atmospheric remote sensing']",Ziming Wang;Jeffrey Neal;Peter M. Atkinson;Ce Zhang,From flood extent mapping to mechanism-aware flood products: integrating flood type classification into satellite-based flood monitoring,
None,False,International Journal of Applied Earth Observation and Geoinformation,该论文标题和摘要中未提及与大气环境遥感技术相关的关键词，如空气质量监测、卫星观测、大气成分分析或气溶胶反演等。研究方向更偏向于分类模型和几何特征融合，而非大气环境遥感领域。,"['interchange classification', 'multi-scale geometric structural feature fusion']",Wan’er Yu;Gang Liu;Jing He;Zhiyong Luo,A high-resolution interchange classification model enhanced by multi-scale geometric structural feature fusion,
None,True,International Journal of Applied Earth Observation and Geoinformation,该论文研究了OCO-2卫星获取的XCO2数据与地面TCCON观测数据的时空偏差，属于大气环境遥感技术领域，特别是大气成分分析方面。,"['OCO-2', 'XCO2', 'TCCON', 'satellite observations', 'atmospheric composition analysis']",Tslil Nacson;David M. Broday;Fadi Kizel,Spatiotemporal bias in OCO-2 XCO<sub>2</sub> retrievals relative to TCCON observations,
None,True,International Journal of Applied Earth Observation and Geoinformation,该论文研究了如何通过街景图像和GIS数据来检测和识别城市街道树木，这与大气环境遥感技术中的空气质量监测和大气成分分析有一定的关联，因为街道树木可以影响局部微气候和空气质量。,"['air quality', 'street-view images', 'atmospheric composition', 'remote sensing technology']",Weijia Li;Xinjie Huo;Junyan Ye;Jinhua Yu;Hanxi Wang;Juepeng Zheng;Xiang Zhang;Haohuan Fu,Individual urban street tree detection and species-level mapping from street-view images and GIS data,
None,True,International Journal of Applied Earth Observation and Geoinformation,该论文的标题和摘要明确涉及使用高光谱技术进行卫星遥感分析，以评估水稻白叶枯病的严重程度。这属于大气环境遥感技术中的卫星观测和大气成分分析范畴，因此与大气环境遥感技术密切相关。,"['hyperspectral', 'satellite-scale', 'rice bacterial leaf blight', 'remote sensing', 'atmospheric composition analysis']",Weiwei Liu;Xin Zhang;Gang Yang;Jingfeng Huang;Weiwei Sun;Luming Liu,BLB_TVI: A hyperspectral triangular index for satellite-scale characterization of rice bacterial leaf blight severity,
None,True,International Journal of Applied Earth Observation and Geoinformation,该论文研究如何通过混合监督和特征掩码恢复技术对未受监管的垃圾堆进行高效映射。虽然主要关注垃圾堆的识别和管理，但其应用了遥感技术中的图像处理和监督学习方法，与大气环境遥感技术中的监测和数据分析有相关性，例如通过卫星或无人机观测地表特征。,"['unregulated waste dumps', 'remote sensing', 'mixed supervision']",Li Shen;Xinyu Liu;Geding Yan;Daoping Peng;Zhilin Li,Label-efficient mapping of unregulated waste dumps via mixed supervision with feature masked recovery,
None,False,International Journal of Applied Earth Observation and Geoinformation,该论文主要关注使用自主水面船只和深度学习技术进行海洋生物多样性的可重复性地图绘制，与大气环境遥感技术（如空气质量监测、卫星观测、大气成分分析、气溶胶反演）无关。,"['autonomous surface vehicles', 'deep learning', 'marine biodiversity']",Matteo Contini;Victor Illien;Mohan Julien;Sylvain Poulain;Mervyn Ravitchandirane;Victor Russias;Arthur Lazennec;Sarah Hamylton;Tom Spencer;Anna Koester;Pierre Gogendeau;Thomas Chevrier;Justine Talpaert Daudon;Annabelle Constance;Christopher Jones;Frauke Fleischer-Dogley;Serge Bernard;Alexis Joly;Julien Barde;Sylvain Bonhommeau,Reproducible mapping of marine biodiversity using autonomous surface vehicles and deep learning,
None,True,International Journal of Applied Earth Observation and Geoinformation,该论文研究了使用GOCI卫星观测数据，通过机器学习框架重建和预测富营养化湖泊中的叶绿素a浓度。这属于利用遥感技术进行大气环境监测的范畴，特别是水质和湖泊生态系统监测，因此与大气环境遥感技术密切相关。,"['Chl-a', 'GOCI', 'machine learning', 'eutrophic lakes', 'remote sensing']",Zehui Huang;Ronghua Ma;Xinhui Chen;Kun Xue;Minqi Hu;Haoze Liu,A two-stage machine learning framework for Chl-a reconstruction and short-term prediction in eutrophic lakes using GOCI observations,
None,True,International Journal of Applied Earth Observation and Geoinformation,该论文的标题和摘要中明确提到了“遥感图像分割”和“场景感知引导网络模型”，这些技术可以应用于大气环境遥感技术，例如通过卫星图像分析大气成分、空气质量监测等。因此，该论文与大气环境遥感技术密切相关。,"['Remote Sensing Image Segmentation', 'Scene-Aware Guided Network', 'atmospheric remote sensing']",Kai Tan;Hui Xia;Kaikai Tian;Hui Yang;Yanlan Wu;Peng Zhang;Yongchuang Wu,Referring Remote Sensing Image Segmentation method based on Scene-Aware Guided Network model,
None,False,International Journal of Applied Earth Observation and Geoinformation,该论文主要关注的是城市洪水风险评估，虽然涉及卫星土壤湿度监测，但与大气环境遥感技术（如空气质量监测、卫星观测、大气成分分析、气溶胶反演）的关系较弱。,"['rainfall', 'satellite soil moisture', 'urban flood risk assessment']",Sang Yeob Kim,Time-series framework integrating rainfall and satellite soil moisture for multi-scale urban flood risk assessment,
None,True,International Journal of Applied Earth Observation and Geoinformation,该论文使用SIF（太阳诱导荧光）约束的Noah-MP陆地表面模型来模拟水分利用效率和干旱恢复力，这与大气环境遥感技术中的大气成分分析和陆地表面过程监测密切相关，因此具有相关性。,"['SIF', 'Noah-MP', 'land surface model']",Tewekel Melese Gemechu;Huifang Zhang;Jialong Sun;Baozhang Chen,A SIF-Constrained Noah-MP land surface model for simulating water use efficiency and drought Resilience: Application in a Semi-Arid Basin,
None,False,International Journal of Applied Earth Observation and Geoinformation,该论文主要关注无人机图像匹配技术，涉及循环一致性和通道分离的联合检测器与描述符，与大气环境遥感技术（如空气质量监测、卫星观测、大气成分分析、气溶胶检索）关系不大。,"['UAV images', 'cycle-consistency', 'channel-separation']",Jingru Li;Kun Sun;Wen Dai;Chang Tang;Kunqian Li;Wenhao Bao;Xiongwu Xiao;Deren Li,C2D2: Matching UAV images with cycle-consistency and channel-separation for joint detector and descriptor,
None,True,International Journal of Applied Earth Observation and Geoinformation,该论文研究了利用雷达后向散射进行时空融合，以增强监测南极冰架的表面融化动态。这属于大气环境遥感技术范畴，特别是与卫星观测和大气成分分析相关，因为雷达后向散射是遥感技术中常用的手段，用于监测冰盖变化和大气现象。,"['radar backscatter', 'surface melt dynamics', 'Antarctic ice shelves']",Chengyu Pu;Lei Zheng;Jingan Wu;Qi Liang;Teng Li;Gang Li;Xiao Cheng,Spatiotemporal fusion of radar backscatter for enhanced monitoring of surface melt dynamics over Antarctic ice shelves,
None,True,International Journal of Applied Earth Observation and Geoinformation,该论文研究了利用空间遥感能否检测北极圈农业区与CO2和N2O交换相关的特征。这直接涉及大气环境遥感技术，特别是温室气体监测和农业排放分析，因此与大气环境遥感技术密切相关。,"['space-borne remote sensing', 'CO2', 'N2O', 'boreal agricultural fields']",Miia Salminen;Liisa Kulmala;Tuomas Laurila;Olli Nevalainen;Stephanie Gerin;Laura Heimsch;Henriikka Vekuri;Juval Cohen;Matias Takala;Kimmo Rautiainen;Narasinha Shurpali;Maarit Liimatainen;Jari Liski;Jouni Pulliainen,Feasibility of space-borne remote sensing to detect features related to CO<sub>2</sub> and N<sub>2</sub>O exchange of boreal agricultural fields,
None,True,International Journal of Applied Earth Observation and Geoinformation,该论文使用多源数据集成技术来绘制澳大利亚和新西兰的海岸沙丘的范围、类型和残留区域，涉及遥感技术在环境监测中的应用，特别是对地表特征的遥感分析，与大气环境遥感技术中的卫星观测和地表覆盖分析相关。,"['coastal dunes', 'multi-source data', 'remote sensing']",Zhijia Zheng;Guanli Li;Chenjun Wang;Xiuyuan Zhang;Noam Levin,"Mapping the extent, type and remnant areas of the coastal dunes of Australia and New Zealand by integrating multi-source data",
None,False,International Journal of Applied Earth Observation and Geoinformation,该论文主要研究利用地形态学约束进行浑浊潮汐通道的深度反演，并使用中心线网络先验和机器学习技术。虽然涉及到环境监测技术，但主要聚焦于水文学和地理学领域，而非大气环境遥感技术，如空气质量监测、卫星观测或大气成分分析。,"['geomorphology', 'bathymetric inversion', 'machine learning']",Jianchun Chen;Chao Gao;Yan Gu;Xiangyu Ou;Xiaoyi Cheng;Shibing Zhu;Ya Ping Wang,Geomorphology-constrained bathymetric inversion of turbid tidal channels using centerline-network priors and machine learning,
None,False,International Journal of Applied Earth Observation and Geoinformation,该论文标题和摘要内容均与大气环境遥感技术无关，而是专注于地质岩性的解释，因此不相关。,[],Ying Cao;Diming Wu;Yilong Li;Qing Cheng,Multi-source complementary feature self-integration network for geological lithology interpretation,
None,False,International Journal of Applied Earth Observation and Geoinformation,"该论文的主题是红树林湿地在 sea level rise 和 human activities 作用下的潜在 landward migration pattern，与大气环境遥感技术（如 air quality monitoring, satellite observations, atmospheric composition analysis, aerosol retrieval）关系不大。",[],Zhaoxuan Ding;Bin Ai;Jiali Zeng;Yuchao Sun;Xiaoping Liu;Zhuokai Jian;Zhenlin Lai;Poyuan Ou,Simulating potential landward migration pattern of mangrove wetlands under the ‘two-way squeeze’ from sea level rise and human activities,
None,True,International Journal of Applied Earth Observation and Geoinformation,该论文研究了从遥感图像中进行目标检测的边缘精度评估框架，这与大气环境遥感技术中的空气质量监测、卫星观测、大气成分分析等技术相关，因为目标检测是遥感图像分析的重要部分，可用于监测大气中的污染物、气溶胶等。,"['remotely sensed images', 'target detection', 'accuracy assessment']",Yingfan Zhang;Weiyi Hou;Lyndon Estes;Rui Lu;Shijie Zhu;Aiyin Zhang;Zhou Shi;Su Ye,A novel edge-based accuracy assessment framework for target detection from remotely sensed images,
None,False,International Journal of Applied Earth Observation and Geoinformation,该论文研究的是利用机器学习预测农业梯田的适宜性，应用对象是塞浦路斯托罗多斯山脉。这与大气环境遥感技术（如空气质量监测、卫星观测、大气成分分析、气溶胶反演等）没有直接关系，因此不相关。,"['machine learning', 'agricultural terrace', 'Troodos Mountains']",Aman Kumar Meena;Christos Zoumides;Hakan Djuma;Ioannis Sofokleous;Corrado Camera;Adriana Bruggeman,"A machine learning framework for predicting agricultural terrace suitability using positive and unlabelled datasets: an application for the Troodos Mountains, Cyprus",
None,True,International Journal of Applied Earth Observation and Geoinformation,该论文使用LiDAR技术评估树木顶部的死亡情况，以检测亚洲长角甲虫对杨树森林的损害。虽然主要关注点是林业和昆虫学，但LiDAR作为一种遥感技术，可用于监测和评估大气环境中的植被变化，与大气环境遥感技术有一定的相关性，特别是在监测森林健康和生态变化方面。,"['LiDAR', 'treetop dieback', 'Asian longhorned beetle', 'poplar forests']",Quan Zhou;Rui Tang;Linfeng Yu;Peiyun Bi;Lili Ren;Youqing Luo,LiDAR-based assessment of treetop dieback to detect asian longhorned beetle damage in poplar forests,
None,True,International Journal of Applied Earth Observation and Geoinformation,该论文标题和摘要明确涉及中国地区降水产品的评估和排名，这属于大气环境遥感技术范畴，特别是卫星降水监测和大气成分分析。,"['precipitation products', 'China', 'evaluation', 'remote sensing']",Le Xinlong;Kang Ling;Zhou Liwei;Wei Junfang;Chen Hao,Multi-Criteria evaluation and ranking of 28 precipitation products over China,
None,False,International Journal of Applied Earth Observation and Geoinformation,该论文主要关注农业用地地表温度的降尺度问题，涉及NDVI（归一化植被指数）的应用，但与大气环境遥感技术（如空气质量监测、卫星观测、大气成分分析、气溶胶反演）关系不大。,"['NDVI', 'land surface temperature', 'downscaling']",Jamal Elfarkh;Nadia Ouaadi;Said Grich;Abderrahman Liblab;Abdelghani Chehbouni,Stratified and adaptive regression for NDVI-based land surface temperature downscaling over agricultural fields,
None,False,International Journal of Applied Earth Observation and Geoinformation,该论文主要关注联邦学习在森林资源建模和监测中的应用，强调数据保密性和协作研究。虽然涉及环境监测，但与大气环境遥感技术（如空气质量监测、卫星观测、大气成分分析、气溶胶检索）的直接相关性较弱。,"['federated learning', 'forest resource', 'data confidentiality']",Johannes Schumacher;Alessandro Cescatti;Gherardo Chirici;Giovanni D’Amico;Saverio Francini;Johannes Hertzler;Lauri Mehtätalo;Gert-Jan Nabuurs;Mats Nilsson;Juho Pitkänen;Johannes Breidenbach,Federated learning in forest resource modelling and monitoring: Bridging data confidentiality and collaborative research,
None,True,International Journal of Applied Earth Observation and Geoinformation,该论文研究了SAR（合成孔径雷达）和LiDAR（激光雷达）数据之间的跨模态匹配框架，涉及深度学习技术。这些技术广泛应用于大气环境遥感，如空气质量监测、卫星观测和大气成分分析，因此与大气环境遥感技术密切相关。,"['SAR', 'LiDAR', 'deep learning', 'cross-modal matching', 'atmospheric remote sensing']",Yifan Zhang;Jordi J. Mallorqui;Wen Wang,SAR2LiDAR: A deep learning-based cross-modal matching framework between SAR images and LiDAR point clouds,
None,False,International Journal of Applied Earth Observation and Geoinformation,该论文主要研究利用SAR图像进行水提取的技术，涉及的是遥感图像处理和机器学习算法，但与大气环境遥感技术（如空气质量监测、卫星观测、大气成分分析、气溶胶反演等）没有直接关系。,"['SAR imagery', 'water extraction', 'weakly supervised network']",Kai Wang;Weicheng Zang;Zhongle Ren;Biao Hou;Jiawei Ning;Xi Li;Shulin Gao;Weibin Li;Licheng Jiao,WaterPLNet: A noise-robust weakly supervised network for water extraction from SAR imagery using point labels,
None,True,International Journal of Applied Earth Observation and Geoinformation,该论文研究的是如何通过基线框架推断城市中的兴趣点（POI）楼层，以增强三维城市垂直分析，这涉及到城市环境和数据分析方法，与大气环境远程传感技术中的空气质量监测、城市垂直结构分析等有一定关联，因此被认为是相关的。,"['POI floors', 'urban vertical analytics', 'Shanghai']",Liu Liu;Jiali Yang;Xiang Chen;Yao Shen;Mila Koeva,Baseline framework for inferring POI floors to enhance 3D urban vertical analytics: A comparative study in Shanghai,
None,True,International Journal of Applied Earth Observation and Geoinformation,该论文使用Landsat卫星数据的时间序列分析林地驯鹿的苔藓体积变化，涉及卫星观测技术，与大气环境遥感技术中的卫星观测和生态监测相关。,"['Landsat', 'time series', 'lichen volume']",Catherine Beaulieu;Nicholas C. Coops;Alexandre Morin-Bernard;Steeve D. Côté;Alexis Achim,Quantifying changes in annual lichen volume for woodland caribou in Newfoundland using Landsat time series,
None,False,International Journal of Applied Earth Observation and Geoinformation,该论文的研究主题是估算人为热通量，并考虑地表能量平衡的扰动，虽然涉及地表观测，但与大气环境遥感技术（如空气质量监测、卫星观测、大气成分分析、气溶胶反演等）的直接相关性较弱。,"['anthropogenic heat flux', 'surface energy balance', 'remote sensing']",Yu Zhou;Deyong Hu;Tianhan Li,A double-temperature-difference framework for anthropogenic heat flux estimation accounting for surface energy balance perturbations,
None,False,International Journal of Applied Earth Observation and Geoinformation,这篇文章主要研究加州海岸悬崖的形态动力学，使用了机载激光雷达和植被过滤技术，与大气环境遥感技术（如空气质量监测、卫星观测、大气成分分析、气溶胶反演等）关系不大。,"['airborne lidar', 'vegetation filtering', 'california coastal cliff']",Danghan Xie;Hironori Matsumoto;Zuzanna M. Swirad;Luc Lenain;Adam P. Young,Improved understanding of California coastal cliff morphodynamics using airborne lidar and vegetation filtering (2016–2023),
10.1016/j.atmosenv.2026.122294,True,Atmospheric Environment,该论文研究了城市化湿度对大气沉降中人为微小颗粒（包括微塑料）的影响，涉及空气质量监测和大气成分分析，与大气环境遥感技术密切相关。,"['microplastics', 'atmospheric deposition', 'humidity', 'urban air quality', 'remote sensing technology']",Natalie F. Hernandez;Daisy Youmans;Susanne M. Brander;Elizabeth A. Hasenmueller,Urbanization and humidity impact atmospheric deposition of anthropogenic microparticles (including microplastics) in a humid subtropical city,"•Microparticle deposition fluxes ranged from undetectable to 312.9 particles/m2/day. •Microplastics made up 41-49% of the microparticles in atmospheric deposition. •Deposition fluxes were significantly higher at an urban versus suburban site. •Humidity and microparticle deposition flux were positively correlated. •Globally, climate may explain deposition flux more effectively than population. 
 The fate of atmospheric anthropogenic microparticles (i.e., microplastics and other human-made materials < 5 mm) remains understudied. Current research suggests that climate influences deposition fluxes of anthropogenic microparticles from the atmosphere, and, globally, megacities in humid regions have high deposition fluxes. However, atmospheric anthropogenic microparticle deposition fluxes in the comparatively less populated humid subtropical cities of the central United States are understudied. Our study thus analyzes atmospheric deposition of anthropogenic microparticles (including microplastics) at an urban and suburban site in St. Louis, Missouri, United States, over 1 year. Anthropogenic microparticles were found from below our limit of detection up to 312.9 particles/m2/day. The urban site had a significantly higher 101.7 particles/m2/day average deposition flux compared to the suburban site's average deposition flux of 43.3 particles/m2/day. Microfibers (synthetic and cotton) were the most common morphology, and microplastics (fully synthetic substances) made up 41-49% of the analyzed microparticles. Relative humidity was positively correlated with anthropogenic microparticle deposition flux throughout the year of sampling. In global comparisons, anthropogenic microparticle deposition in the St. Louis region was similar in quantities and types to previously studied humid subtropical megacities despite population differences. Climate might therefore be a stronger driver of atmospheric anthropogenic microparticle deposition than population size."
10.1016/j.atmosenv.2026.122328,True,Atmospheric Environment,该论文研究了国际船舶NOx排放对地表臭氧浓度的影响，使用了大气化学全球模型（GACM）和归因方法，这与大气环境遥感技术中的空气质量监测和大气成分分析密切相关。,"['NOx', 'ozone', 'attribution', 'GACM']",Aditya Nalam;Mariano Mertens;Volker Grewe;Willem van Caspel;Jan Eiof Jonson;Tim Butler,Understanding the effect of international ship NO<sub>x</sub> emissions on surface O<sub>3</sub> concentration using three different attribution approaches,"•International shipping accounts for ∼10-20 % of global anthropogenic NOx emissions. •We use attribution approaches to quantify effect of these emissions on surface ozone. •Emission-tagged approaches attribute 5-15 % ozone over select land regions to ships. •O3response to ship NOx perturbation is ∼2.3 %, is smaller than tagged contribution. •This is due to a compensating negative response from non-ship emission contributors. 
 We use global atmospheric chemistry models (GACMs) to understand the extent to which NOx emissions from ships affect the surface ozone concentration and its seasonal cycle over continental regions. Here we use three different attribution approaches: NOx-tagged, combined-tagged and perturbation; implemented in three different GACMs, for understanding the qualitative and quantitative differences in employing these approaches for attributing surface ozone to NOx emitted from ships sailing over various marine regions. Using the NOx-tagged method, we attribute ∼10 % contribution of ship NOx emissions to the simulated surface ozone over the receptor regions considered in our study. The summer peak in this contribution (eg. Over NW Europe) was mainly from NOx emissions over nearby marine regions (such as Baltic and North Seas). During the non-summer months, we simulate large contributions to surface ozone from remote marine regions (such as North Pacific). The combined-tagged approach attributes only ∼7.7 % relative contribution from ship-tagged component, which is a smaller relative contribution compared to the NOx-tagged approach, due to the attribution considering an equally weighted small contribution of reactive carbon emitted from ships. Perturbation approach simulates the impact of changing NOx emissions on surface ozone concentration, which in our study is ∼2.3 % of the ozone in the unperturbed simulation. This impact simulated using the perturbation approach is smaller compared to the contributions simulated using the tagging approaches discussed above. We explore the reason for the smaller impact simulated using the perturbation approach compared to the tagged contributions, by simulating NOx-tagged and combined-tagged perturbations in ship NOx emissions and quantify the role of both perturbed and unperturbed tagged emission sources in contributing to the response to perturbation. The non-tagged surface ozone response to ship-NOx perturbation is ∼2.5-5 times smaller than the response from the ship-tagged ozone component, because of compensating negative responses due to reduction in ozone production from other contributing tagged-components such as land-based natural and anthropogenic ozone precursor NOx sources."
10.1016/j.atmosenv.2026.122331,True,Atmospheric Environment,该论文研究了长江下游气溶胶和挥发性有机化合物（VOCs）的污染特征，使用了船载观测平台和极化激光雷达等遥感技术，分析了污染物的时空分布、来源和演化过程。这与大气环境遥感技术（如空气质量监测、卫星观测、大气成分分析、气溶胶反演）密切相关，因此该论文与所给主题 strongly related。,"['aerosols', 'VOCs', 'shipborne observations', 'polarization lidar', 'SOA']",Yixiang Chen;Ming Ding;Zhen Zhang;Saifen Yu;Qiuwei Xia;Daihao Yu;Jiawei Yang;Haiyun Xia,Study on the pollution characteristics of aerosols and VOCs along the lower reaches of the Yangtze River based on shipborne observations,"•First high spatiotemporal resolution shipborne observation of aerosols and VOCs following stricter fuel standards in the Yangtze River Delta •Regional pollution transport has a significant impact on the pollution characteristics of local VOCs and aerosols. •Shipborne polarization lidar captured three typical aerosol evolution episodes over the Yangtze River. •VOCs exhibited distinct spatiotemporal heterogeneity, dominated by industrial halocarbons and port-related aromatics. Aromatics were critical precursors for regional SOA formation, with halocarbons showing negligible contributions. •Shipping emissions and riverside industrial discharges jointly regulated riverine air pollution characteristics. 
 China has faced complex air pollution challenges, particularly the synergistic evolution of particulate matter (PM) and its gaseous precursors. Although extensive near-ground observations exist, high-resolution insights into vertical distributions and chemical mechanisms along the Yangtze River via shipborne platforms remain limited. Shipborne measurements offer a unique advantage over fixed ground-based stations by enabling continuous spatial transects along the river, capturing spatial heterogeneity and vertical aerosol profiles that are inaccessible to point measurements alone. This study used a shipborne polarization lidar and single-photon ionization time-of-flight mass spectrometer to investigate spatiotemporal characteristics, sources, and evolution of aerosols and volatile organic compounds (VOCs) along the Yangtze River's Jiangsu section from 9 to 11 October 2022. Combined with ground data, we analyzed the temporal-spatial variations of vertical aerosol profiles, secondary organic aerosol (SOA) formation potentials (SOAP), and their interconnections. Three aerosol evolution episodes were identified: aged spherical particles via northwesterly regional transport; dust-mixed aerosols with high linear depolarization ratio (LDR) and low extinction coefficients; and aging of dust-polluted aerosols. VOCs showed strong spatiotemporal heterogeneity; high-pollution episodes were dominated by halogenated hydrocarbons and substituted aromatics, reflecting industrial emissions and solvent volatilization along the riverbanks. Xylene and ethylbenzene were linked to shipping and port activities. This represents the first high spatiotemporal resolution shipborne observation of aerosols and VOCs after the implementation of stricter fuel standards in the Yangtze River Delta, systematically revealing the VOC emission characteristics over the Yangtze River and the aging process of aerosols following regional transport."
None,False,Atmospheric Environment,标题和摘要未提供任何与大气环境遥感技术相关的具体信息。,[],,Editorial Board,
None,True,Atmospheric Research,该论文研究 Fengyun-4A 卫星的大气风场观测误差，涉及数据同化技术，与卫星观测和大气动力学相关，属于大气环境遥感技术的范畴。,"['Fengyun-4A', 'atmospheric motion vectors', 'data assimilation', 'Typhoon Doksuri']",Yongbo Zhou;Lijian Zhu;Jinhan Yuan;Chao Liu,Observation errors of Fengyun-4A atmospheric motion vectors for data assimilation during Typhoon Doksuri (2023),
None,False,Atmospheric Research,该论文研究的是海洋热浪的年际变化，与大气环境遥感技术（如空气质量监测、卫星观测、大气成分分析、气溶胶反演等）关系不大。,"['marine heatwave', 'MRI-ESM2–0', '2°C overshoot']",Lijuan Hua;Naiming Yuan,Asymmetric changes in annual marine heatwave duration before and after a 2°C overshoot in MRI-ESM2–0,
None,True,Atmospheric Research,该论文研究中国东部季风区极端降水的时间分布变化，与大气环境遥感技术中的气象观测和气候变化研究密切相关，属于大气环境遥感技术领域。,"['extreme precipitation', 'seasonal distribution', 'Eastern Monsoon China']",Junlong Gao;Kai Liu;Ming Wang;Nandi Wang;Linmei Zhuang;Qingrui Yue,Projected regional variations in seasonal distribution of extreme precipitation over Eastern Monsoon China,
None,False,Atmospheric Research,该论文的标题和摘要主要关注台风引起的极端小时降水量在中国大陆的特性，涉及气象学和环境科学领域，但与大气环境遥感技术（如空气质量监测、卫星观测、大气成分分析、气溶胶反演等）的直接关系较弱。研究内容主要集中在降水现象本身，而非遥感技术或其应用。,[],Li Jia;Dajun Zhao;Yubin Yu;Fumin Ren,Contrasting characteristics of typhoon-induced extreme hourly precipitation in China,
None,True,Atmospheric Research,该论文研究了地形扰动如何影响热带岛屿上的对流前兆条件，这涉及到大气成分和气象现象的分析，与大气环境遥感技术（如对流层成分监测、卫星观测）相关。,"['orographic disturbances', 'convective preconditioning', 'tropical island']",Lanqiang Bai;Yipeng Huang;Qian Liu;Guixing Chen;Shizuo Fu;Qiu Yang;Lei Zhu,Orographic disturbances shaping convective preconditioning over a tropical island,
None,False,Atmospheric Research,该论文主要关注的是埃塞俄比亚干旱低地的时空降雨变率和气候遥相关，以及这些变化对区域气候适应的影响。虽然涉及到气候和环境科学，但并未直接提及大气环境遥感技术，如空气质量监测、卫星观测、大气成分分析或气溶胶反演等具体技术。因此，该论文与大气环境遥感技术的关联性不强。,"['rainfall variability', 'climate teleconnections', 'Eastern Ethiopia']",Markato Markos;Kidist Sahle;Dawit Kanito;Bethel Geremew Shefine;Gemechu Fanta Garuma;Asaminew Teshome;Tsegaye Tadesse;Husam Musa Baalousha,Spatiotemporal rainfall variability and climate teleconnections in the arid lowlands of Eastern Ethiopia: implications for zone-specific climate adaptation,
None,True,Atmospheric Research,该论文研究青藏高原的气候变化，涉及高海拔地区的温度偏差和未来气候预测，与大气环境遥感技术中的卫星观测和气候分析相关。,"['Tibetan Plateau', 'elevation-dependent warming', 'cold biases']",Yu Deng;Qinglong You;Fangying Wu;Wenyu Zhou;Zhiyuan Cong;Zhiyan Zuo;Haijun Deng;Nick Pepin;Hans W. Chen;Deliang Chen;Renhe Zhang,Historical cold biases exaggerate future elevation-dependent warming over the Tibetan Plateau,
None,True,Atmospheric Research,该论文研究了伊朗冬季PM₂.₅污染的主导天气模式和环流调节机制，PM₂.₅是大气环境中的主要污染物，通过分析其污染模式和机制，与大气环境遥感技术中的空气质量监测和大气成分分析密切相关。,"['PM₂.₅', 'weather patterns', 'atmospheric pollution']",Zhuoen Liu;Yixuan Lyu;Weihang Xie;Lizhuo Zheng;Yuepeng Pan;Mohammad Darand;Anmin Duan,Identification of dominant weather patterns and circulation regulation mechanisms of winter PM₂.₅ pollution in Iran,
None,True,Atmospheric Research,该论文研究了鄂尔多斯盆地夏季臭氧污染的气象驱动因素，涉及空气质量和大气成分分析，与大气环境遥感技术（如空气质量监测和大气成分分析）密切相关。,"['O3 pollution', 'Ordos Basin', 'summertime']",Weiming An;Jilong Tong;Shengtong Lei;Lingyun Ma;Pengbo Wang;Yumin Guo;Yongle Liu;Min Chen;Qingjun Gao;Lei zhang,Distinct meteorological drivers of summertime O<sub>3</sub> pollution in arid and semi-arid cities of the Ordos Basin under extreme heat,
None,True,Atmospheric Research,该论文研究的是美索不达米亚平原主要沙尘源区的地表沙尘浓度未来预测，这与大气环境遥感技术中的空气质量监测和沙尘气溶胶检索密切相关，因此具有相关性。,"['surface dust concentrations', 'dust source regions', 'Mesopotamian plains']",Abbas Ranjbar Saadat Abadi;Nasim Hossein Hamzeh;Dimitris G. Kaskaoutis;Zahra Ghassabi;Christian Opp,Future projections of surface dust concentrations in major dust source regions of the Mesopotamian plains,
None,True,Atmospheric Research,该论文标题和摘要明确涉及气象雷达降水临近预报技术，与大气环境遥感技术（如空气质量监测、卫星观测、大气成分分析、气溶胶反演）密切相关，属于大气遥感领域的研究范畴。,"['weather radar', 'precipitation nowcasting', 'dual-domain spatio-temporal predictive network']",Hui Wang;Liping Wang;Wenjuan Li,DSTP: A Dual-Domain Spatio-Temporal Predictive Network for weather radar precipitation nowcasting,
None,True,Atmospheric Research,该论文研究了北方中国早秋时节山区到平原的降水系统如何受到气溶胶的调制，涉及气溶胶和大气成分分析，与大气环境遥感技术（如空气质量监测和大气成分分析）密切相关。,"['Aerosol', 'precipitation systems', 'Northern China']",Yu Zheng;Yucong Miao;Shuhua Liu;Huizheng Che,Aerosol modulation of precipitation systems migrating from mountains to plains in Northern China during early autumn,
None,False,Atmospheric Research,该论文主要关注干旱预测，使用CMIP6投影和混合深度学习模型，与大气环境遥感技术（如空气质量监测、卫星观测、大气成分分析、气溶胶反演）关系不大。,"['drought forecasting', 'CMIP6', 'deep learning']",Hatice Citakoglu;Necmiye Minarecioglu;Yuksel Gul Aslanbay;Veysi Kartal;Ercan Gemici,"Drought forecasting across multiple temporal scales using CMIP6 projections and hybrid deep learning models for Central Anatolia, Türkiye",
None,True,Atmospheric Research,该论文研究了青藏高原夏季风与降水的关系，涉及青藏高原的气候和环境特征，与大气环境遥感技术中的空气质量监测和大气成分分析有一定关联，但主要关注气候模式而非遥感技术本身。,"['Tibetan Plateau', 'westerly jet', 'precipitation', 'CMIP6 models']",Yuhan Feng;Sulan Nan;Ge Liu;Ting Zhang;Yanhong Liu,Relationship between July–August Tibetan Plateau westerly jet and precipitation over the Tibetan Plateau in CMIP6 models,
None,True,Atmospheric Research,该论文研究台湾南部在高压回流期间PM2.5的模拟，涉及空气质量和大气成分分析，与大气环境遥感技术（如空气质量监测和大气成分分析）密切相关。,"['PM2.5', 'high-pressure return flow', 'Kao-Ping Experiment']",Ming-Tung Chuang;Charles C.K. Chou;Chuan-Yao Lin;Wei-Che Lin;Neng-Huei Lin;Wei-Nai Chen;Steven Soon-Kai Kong,Simulating the PM<sub>2.5</sub> in southern Taiwan under high-pressure return flow during the Kao-Ping Experiment (KPEx),
None,True,Atmospheric Research,该论文标题和摘要明确涉及空气污染物PM2.5的治理，并特别关注了气象条件对治理效果的影响，这与大气环境遥感技术中的空气质量监测和气象影响分析密切相关。,"['PM2.5', 'governance', 'meteorology']",Ruihuan Liu;Xiaojuan Xu;Zelin Du;Jun He;Yifan Tao;Rongrong Shen;Yuesi Wang;Dongsheng Ji,Overcoming adverse meteorology: PM<sub>2.5</sub> governance progress during China's 2025 Victory Day,
None,True,Atmospheric Research,该论文研究了城市化对 Hyderabad 城市蔓延地区降水系统和雨微物理的影响，涉及大气成分和降水过程，与大气环境遥感技术（如降水监测和大气成分分析）密切相关。,"['urbanization', 'precipitating systems', 'rain microphysics']",Basivi Radhakrishna;Thota Narayana Rao;Kadiri Saikranthi;Roshan Kadbhane,"Impact of urbanization on precipitating systems and rain microphysics across the Hyderabad Urban Sprawl, India",
None,True,Atmospheric Research,该论文研究了低风速条件下的建成区气流迂回现象，这与大气环境遥感技术中的空气质量监测密切相关。研究低风速条件下的空气质量分布有助于理解污染物在大气中的传输和扩散机制，这对于利用遥感技术进行空气质量监测具有重要意义。,"['low wind conditions', 'built-up environment', 'air quality monitoring']",Hanane Bounouas;Eric Dupont;Pierre Roupsard;Yelva Roustan,Meandering analysis under low wind conditions in built-up environment,
None,False,Atmospheric Research,该论文标题和摘要主要关注2025年Senyar风暴和马来半岛涡旋对东南亚的影响，涉及气象灾害和区域气候，但未明确提及大气环境遥感技术、空气质量监测、卫星观测或大气成分分析等具体技术内容。,[],Luojie Dong;Junjun Li;Raju Pathak;Jingyu Wang,2025 Senyar storm: Malacca vortex as an emerging hazard over Southeast Asia,
None,True,Atmospheric Research,该论文研究青藏高原上水分输送的时空变化及其对降水的影响机制，与大气环境遥感技术中的大气成分分析、卫星观测等密切相关，属于强相关领域。,"['moisture transport', 'Tibetan Plateau', 'precipitation']",Guiping Li;Yanping Li;Zhongbo Yu;Qin Ju;Jing Yang;Zhaofeng Liu;YanYan Kang,Temporal and spatial changes in moisture transport over the Tibetan Plateau and their mechanisms influencing precipitation,
None,False,Atmospheric Research,该论文标题和摘要主要关注秋季暴雨的动力学前兆条件以及西地中海环流细胞的作用，与大气环境遥感技术（如空气质量监测、卫星观测、大气成分分析、气溶胶反演等）没有直接关联。,[],Eduardo A. Agosta;María José Estrela;David Corell;Juan J. Miró,Thermodynamic preconditioning of autumn torrential rains: The amplifying role of the western Mediterranean recirculation cell,
None,False,Atmospheric Research,该论文研究南非西部地区的极端降雨及其与阿古拉斯海流和本格拉海流的关系，主要涉及气候学和海洋学，与大气环境遥感技术（如空气质量监测、卫星观测、大气成分分析、气溶胶反演）关联性较弱。,[],Chelsey L. Jansen;Babatunde J. Abiodun;Akintunde I. Makinde;Sabina Abba Omar,"Cut-off low–induced extreme rainfall in the Western Cape, South Africa: The roles of the Agulhas and Benguela current systems",
None,True,Atmospheric Research,该论文研究了持续性浓雾与大气污染的相互作用，并基于旋翼无人机进行现场观测。这直接关联到大气环境遥感技术，特别是空气质量监测和大气成分分析。,"['persistent dense fog', 'atmospheric pollution', 'rotary-wing unmanned aerial vehicles']",Duanyang Liu;Ruolan Liu;Shujie Yuan;Fan Zu;Hong Wu;Aichen Niu;Ruixiang Liu;Huizheng Che;Shuqi Yan;Hongbin Wang;Zhujun Dai,Interaction between persistent dense fog and atmospheric pollution: Based on in-situ observations of rotary-wing unmanned aerial vehicles,
None,True,Atmospheric Research,该研究关注河北地区一次特定层状云伴随降雪的微物理时空变化，通过飞机观测进行，这与大气环境遥感技术中的云物理特性观测和大气成分分析密切相关，属于空气质量监测和卫星观测的范畴。,"['stratus cloud', 'snowfall', 'aircraft observations']",Jiefeng Li;Chuanfeng Zhao;Qinghong Zhang;Ji Nie;Xiaobo Dong;Rong Mai;Yan Yu;Jing Li;Huiwen Xue;Yikun Yang,"Case-specific spatiotemporal microphysical variability of a stratus cloud with snowfall over Hebei, China from aircraft observations",
None,True,Atmospheric Research,该论文研究了GSMaP和IMERG两种降水数据集在中国地区的应用，涉及降水监测，与大气环境遥感技术中的卫星观测和数据分析相关。,"['GSMaP', 'IMERG', 'precipitation', 'China', 'daily statistics']",Chun Zhou;Haowen Li;Yinan Guo;Lingling Wu;Li Zhou,Evaluating GSMaP and IMERG precipitation over China using daily statistics and event-based diagnostics,
None,True,Atmospheric Research,该研究探讨了不同地形高度下的雨滴大小分布特征，这与大气环境遥感技术中的大气成分分析、气溶胶反演等密切相关，因为雨滴分布是大气成分的重要指标之一。,"['raindrop size distribution', 'topographic heights', 'atmospheric composition']",Han Luo;Qiang Zhang;Ping Yue;Rong Wang;Songyu Li;Xia Li,A case study on the characteristics of raindrop size distribution at different topographic heights in the Qilian Mountains,
None,False,Atmospheric Research,该论文研究的是澳大利亚热带气旋大小的趋势，使用的是综合观测和高分辨率再分析数据集。虽然涉及大气现象，但主要关注的是热带气旋的物理特性，而非大气环境遥感技术，如空气质量监测、卫星观测、大气成分分析或气溶胶反演等。,"['tropical cyclone', 'size', 'Australia']",Sarvesh Kumar;Savin S. Chand;Samuel S. Bell;Hamish A. Ramsay;Valentina Koschatzky;Philip J. Klotzbach;Andrew Dowdy,Assessing trends in tropical cyclone size over Australia using consolidated observations and high-resolution reanalysis datasets,
None,True,Atmospheric Research,该论文研究青藏高原夏季极端降水的外部强迫和内部变异归因问题，涉及大气环境变化分析，与大气环境遥感技术（如大气成分分析、降水监测）密切相关。,"['extreme precipitation', 'Tibetan Plateau', 'atmospheric variability']",Guanqi Fu;Anmin Duan;Xu Yuan;Xianyi Yang,Multi-scale attribution of external forcing and internal variability to summer extreme precipitation in Tibetan Plateau,
None,True,Atmospheric Research,该论文研究中国南部沿海山地和城市地区的硝酸气溶胶形成机制，并基于同位素观测进行分析。这与大气环境遥感技术密切相关，特别是空气质量和大气成分分析领域。,"['nitrate aerosols', 'isotope observations', 'coastal mountain', 'urban sites']",Mei-Yi Fan;Peiwen Guo;Hai Guo;Yu Wang;Changliu Wu;Yihang Hong;Xiaopu Lyu;Yan-Lin Zhang,Formation mechanisms of nitrate aerosols at coastal mountain and urban sites of southern China based on isotope observations,
None,True,Atmospheric Research,该论文研究中国近地表风速在1980-2024年的变化趋势，涉及大气环境监测，与空气质量监测、卫星观测等技术相关。,"['wind speed', 'China', 'atmospheric monitoring']",Xi Chen;Jiayi Nie;Wentian Qiu;Qinghong Zhao;Hairong Li;Xiuhua Zhou;Chengyang Zhang;Kaiqiang Deng,Divergent trend reversals in near-surface wind speed over China during 1980–2024,
None,False,Atmospheric Research,该论文主要关注ERA5-Land模型在模拟亚热带浅水湖泊热力学方面的表现，与大气环境遥感技术（如空气质量监测、卫星观测、大气成分分析、气溶胶反演）相关性较低。,"['ERA5-Land', 'subtropical shallow lake', 'thermodynamics']",Wei Wang;Zihan Zhu;Mi Zhang;Heng Lyu;Zhiwen Wen;Bo Wang;Qiuxiang Jin;Zhen Zhang;Taikan Oki;Xuhui Lee,Performance evaluation of ERA5-Land in simulating thermodynamics of a subtropical shallow lake against long-term observations,
None,True,Atmospheric Research,该论文研究了北太平洋夏季内季节性波动对北美气温和极端高温的影响，涉及大气环境和气候变化的监测与分析，与大气环境遥感技术（如气温监测和极端天气分析）密切相关。,"['North Pacific intraseasonal waves', 'North American air temperatures', 'heat extremes']",Lei Du;Riyu Lu;Shanjun Luo;Chuandong Zhu;Yuhan Yan,Summer North Pacific intraseasonal waves drive North American air temperatures and heat extremes,
None,True,Atmospheric Research,该论文研究了超级台风利奇马快速增强过程中云-辐射强迫与水汽物种的关系，涉及大气成分和云的观测与分析，与大气环境遥感技术（如卫星观测、大气成分分析）密切相关。,"['cloud-radiation forcing', 'hydrometeor species', 'super Typhoon Lekima']",Lyu Leyang;Xinyan Lyu;Melinda Peng;Xuyang Ge,Distinct cloud-radiation forcing of hydrometeor species during the rapid intensification of super Typhoon Lekima (2019),
None,True,Atmospheric Research,该论文研究沿海青岛和西北太平洋海域雨水中细菌的环境驱动因素，涉及大气环境中的微生物成分和其影响因素，与大气环境遥感技术中的空气质量监测和大气成分分析相关。,"['rainwater bacteria', 'coastal Qingdao', 'Northwest Pacific Ocean']",Xiaoyu Wang;Yuanzhe Ni;Yangfei Ai;Zhongyu Diao;Jianhua Qi,Environmental drivers of rainwater bacteria over coastal Qingdao and the Northwest Pacific Ocean,
None,True,Atmospheric Research,该论文研究了西风对青藏高原夏季降水年际变化的影响，涉及大气环流和降水模式，与大气环境遥感技术中的大气成分分析和气象观测相关，因此具有相关性。,"['westerlies', 'precipitation', 'Tibetan Plateau']",Xin Mao;Xingwen Jiang;Huimei Wang;Jiaxin Ye;Yiwei Zhang;Chao Chen,Impacts of westerlies on interannual variability of summer precipitation over the southwestern Tibetan Plateau,
None,True,Atmospheric Research,该论文研究的是在复杂地形上，如何改进WRF模型对湍流地形摩擦力的表示，并考虑了稳定性依赖关系。虽然论文的核心是大气模型和地形影响，但其研究内容与大气环境遥感技术中的大气成分分析和空气质量监测密切相关，因为地形摩擦力和大气稳定性都会影响大气污染物和气溶胶的分布，而这些正是遥感技术监测的对象。,"['WRF model', 'turbulent orographic form drag', 'atmospheric stability']",Yulong Ma;Xingwen Jiang;Lin Mu;Qilin Wan;Zhiwei Heng,Improving the representation of turbulent orographic form drag with stability dependence in the WRF model over complex terrain,
None,True,Atmospheric Research,该论文研究了平流层臭氧侵入对中国东部近地面臭氧的影响，涉及大气成分分析和空气质量监测，与大气环境遥感技术密切相关。,"['stratospheric ozone', 'near-surface ozone', 'CESM-MUSICA', 'Typhoon Lekima']",Yichao Zhou;Xuewei Hou;Man Yue;Chenchao Zhan,Impact of stratospheric ozone intrusion on near-surface ozone in eastern China under Typhoon Lekima: A high-resolution CESM-MUSICA simulation analysis,
None,True,Atmospheric Research,这篇文章研究了东亚急流如何通过增强区域传输来调节中国中部地区的年代际气溶胶变化，这与大气环境遥感技术中的空气质量监测和大气成分分析密切相关。,"['jet stream', 'aerosol variability', 'Central China', 'enhanced regional transport']",Yujie Jiang;Xiefei Zhi;Yongqing Bai;Ling Zhang;Yi Fan;Shoupeng Zhu;Tianliang Zhao,East Asian jet stream modulates interdecadal aerosol variability over Central China via enhanced regional transport,
None,True,Atmospheric Research,该论文研究了中国东北地区冷涡下不同强对流事件的积云特征，使用了FY-4卫星观测数据，这与大气环境遥感技术（如卫星观测和大气成分分析）密切相关。,"['convective clouds', 'FY-4', 'severe convective events', 'atmospheric observations']",Yang Gao;Xiaoyong Zhuge;Xi Wang;Xiaowen Zhang,Characteristics of convective clouds associated with different severe convective events under Northeast China Cold Vortex revealed by FY-4 observations,
None,True,Atmospheric Research,该论文研究印度地表相对湿度，特别是东北地区的分析、数据验证、趋势和归因，与大气环境遥感技术相关，涉及空气质量和大气成分分析。,"['surface relative humidity', 'India', 'trends']",Rohit Gautam,"Analysis of surface relative humidity over India with special emphasis on the North Eastern Region: Data validation, trends and attribution",
None,True,Atmospheric Research,该论文研究大气河流如何调节季风亚洲的含水量气象学，涉及大气科学和气候学，与大气环境遥感技术（如卫星观测和大气成分分析）密切相关，因此相关性较强。,"['atmospheric rivers', 'hydrometeor climatology', 'Monsoon Asia']",Mingzhu Li;Ju Liang,How atmospheric rivers modulate hydrometeor climatology over Monsoon Asia,
None,True,Atmospheric Research,该论文研究了泰国地表层湍流中惯性行为的临界粒子尺寸阈值，这对PM2.5和粗颗粒空气质量的建模具有重要意义。虽然论文主要关注地面层的湍流和颗粒物行为，但其结果对理解大气成分和空气质量监测有直接关联，因此与大气环境遥感技术（如空气质量监测和大气成分分析）密切相关。,"['PM2.5', 'air-quality', 'atmospheric turbulence', 'particle-size']",Chalermpol Wangsomcholk,Critical particle-size threshold for inertial behaviour in Thai surface-layer turbulence: Implications for PM<sub>2.5</sub> and coarse-particle air-quality modelling,
None,False,Atmospheric Research,该论文主要研究的是台风“海莎”的快速路径和强度变化是否由切断低压引起，属于气象学和大气动力学领域，与大气环境遥感技术（如空气质量监测、卫星观测、大气成分分析、气溶胶反演等）没有直接关系。,"['typhoon', 'cutoff low', 'atmospheric dynamics']",Pin-Hong Chen;Ching-Yuang Huang,Can a cutoff low cause rapid track and intensity changes of typhoon hinnamnor (2022)?,
None,True,Atmospheric Research,该论文研究台风对长江中下游地区夏季复合高温干旱事件的影响，涉及大气环境变化和气象现象，与大气环境遥感技术（如气象观测、大气成分分析）相关。,"['tropical cyclones', 'Yangtze River', 'compound hot and dry events']",Jianqian Li;Chao Wang;Yuqin Wu;Liguang Wu;Haikun Zhao;Jian Cao,Track-dependent impacts of tropical cyclones on summer compound hot and dry events over the middle and lower reaches of the Yangtze River,
None,True,Atmospheric Research,该论文研究了Liupan山顶的气溶胶数量粒径分布和光谱拟合，这与大气环境遥感技术（如气溶胶观测和成分分析）密切相关，因此相关性较强。,"['aerosol number size distribution', 'Mount Liupan', 'spectrum fitting']",Hejue Zhao;Zhuolin Chang;Jianren Sang;Liren Xu;Zezhong Sun;Run Luo;Le Jia;Ning Cao;Haoran Zhu;Yanbo Dai;Longyan Li;Jun Zhang;Wei Deng;Tianxue Wen;Kai Bi;Jiming Sun,Characteristics of aerosol number size distribution and spectrum fitting at the summit of Mount Liupan,
None,True,Atmospheric Research,该论文研究北极平流层臭氧的变异性如何驱动北大西洋海表温度偶极和欧亚气候遥相关，涉及大气成分分析和气候学，与大气环境遥感技术（如臭氧监测和卫星观测）密切相关。,"['ozone', 'stratospheric', 'North Atlantic SST']",Dingzhu Hu;Cuiting Zhao;Huimin Zhang,Arctic stratospheric ozone variability drives North Atlantic SST dipole and Eurasian climate teleconnections,
None,True,Atmospheric Research,该论文研究了GPM IMERG卫星数据在西班牙东部地区亚日降水极端值监测中的性能极限，涉及了卫星观测技术和大气环境监测，因此与大气环境遥感技术密切相关。,"['GPM IMERG', 'sub-daily precipitation extremes', 'atmospheric remote sensing']",Marc Semper;Manuel Curado;Jose F. Vicent;Leandro Tortosa,"Performance limits of GPM IMERG for sub-daily precipitation extremes over the Comunitat Valenciana, eastern Spain: Representativeness, attenuation, and pixel-scale displacement",
None,True,Atmospheric Research,该论文研究比利牛斯山脉冬季暖事件及其对积雪融化的影响，涉及大气成分变化和气象驱动因素，与大气环境遥感技术（如大气成分分析、卫星观测）密切相关。,"['Pyrenees', 'snowmelt', 'atmospheric composition']",Josep Bonsoms;Roberto Serrano-Notivoli,Winter warm spells in the pyrenees: synoptic drivers and snowmelt impacts (1960–2024),
None,True,Atmospheric Research,该论文利用卫星数据约束构建了一个两阶段时空框架，用于分离气象动力学和地面NO2的排放足迹，这与大气环境遥感技术中的空气质量监测和卫星观测密切相关。,"['satellite', 'NO2', 'meteorological dynamics', 'emission footprints', 'air quality monitoring']",Mingbin Guo;Jianzhou Gong;Yuangong Chen;Yuqing Jian;Weifeng Xiao;Shikuan Wang,A satellite-constrained two-stage spatiotemporal framework for disentangling meteorological dynamics and emission footprints of ground-level NO<sub>2</sub>,
None,True,Atmospheric Research,该论文标题和摘要明确涉及热带气旋中的非对称降雨估计，TCRM（热带气旋降雨估算模型）是大气环境遥感技术中的一个重要工具，用于监测和预测热带气旋的降水分布，这与大气环境遥感技术（如卫星观测和大气成分分析）密切相关。,"['asymmetric rainfall', 'tropical cyclones', 'TCRM']",Bingyao Guo;Qingqing Li;Qi Gao;Changyu Zhao;Ruyan Chen,Improving asymmetric rainfall estimation in tropical cyclones: A revised TCRM,
None,True,Atmospheric Research,该论文研究基于U-Net的空间协同校正方法，用于改进中国中部CMA-MESO模型的夏季降水预报。虽然主要关注降水预报而非直接的空气质量监测或卫星观测，但其使用了空间协同校正技术，这与大气环境遥感技术中的数据处理和模型校正方法相关，因此属于大气环境遥感技术的范畴。,"['U-Net', 'spatial synergistic correction', 'gridded precipitation forecasts', 'atmospheric modeling']",Guangxin He;Wei Wu;Zhigang Zhang;Zhanshan Ma;Juanzhen Sun;Haonan Chen;Jingjia Luo,U-Net-based spatial synergistic correction of gridded summer precipitation forecasts for CMA-MESO in Central China,
None,True,Atmospheric Research,该研究涉及东北冷涡的结构和能量转换，以及与重降雨分布类型相关的干侵入影响。虽然不直接提及大气环境遥感技术，但冷涡和干侵入是大气动力学和气象学中的关键概念，与卫星观测和空气质量监测密切相关，因此可以认为与遥感技术有一定关联。,"['cold vortices', 'heavy rainfall', 'dry intrusion']",Yining Shen;Lijuan Wang;Zhaoyong Guan;Weijie Zeng;Xiaowen Zhao,Structure and energy conversion of Northeast China cold vortices with different distribution types of heavy rainfall influenced by dry intrusion,
None,True,Atmospheric Research,该论文研究地表放射性对大气电性的影响，涉及大气层内部的电学特性，与大气环境遥感技术中的某些方面（如大气电学监测）相关。虽然不直接涉及空气质量监测或卫星观测，但大气电性是大气环境研究的一个重要参数，可能与某些遥感技术相关联。,"['radioactivity', 'atmospheric electricity', 'stable boundary layer']",K.A. Nicoll;O. O'Neill;C. Miller;J. Paatero;T. Ulich,Surface radioactivity influences on atmospheric electricity during stable boundary layer conditions,
None,True,Atmospheric Research,该论文研究了使用ICON百米尺度集合预报对流风暴的技巧提升，涉及大气现象的数值模拟和预报技术，与大气环境遥感技术中的遥感能力提升和大气成分分析相关，因此具有相关性。,"['convective storm', 'ICON', 'hectometric-scale ensembles']",Matteo Siena;Thomas Gastaldo;Chiara Marsigli;Paolo Ruggieri;Silvana Di Sabatino,Improving forecast skill of a convective storm using ICON hectometric-scale ensembles,
None,True,Atmospheric Research,该论文标题和摘要明确涉及利用卫星技术评估伊朗东部的沙尘暴及其跨境影响，这与大气环境遥感技术（如空气质量监测、卫星观测、大气成分分析、气溶胶反演）密切相关。,"['satellite-based', 'dust storms', 'transboundary impacts']",Ali Darvishi Boloorani;Masoud Soleimani;Nastaran Nasiri;Fatemeh Amiri;Najmeh Neysani Samany;Ali Al-Hemoud;Iraj Gholami;Kan Huang,Satellite-based assessment of dust storms originating from Eastern Iran with measurable transboundary impacts,
None,True,Atmospheric Research,该研究探讨了土壤湿度对北中国夏季亚季节性降水预测的影响，使用了CWRF模型进行研究。虽然主要关注土壤湿度和降水预测，但该研究涉及大气环境监测和建模，与大气环境遥感技术有一定关联，因为遥感技术常用于监测土壤湿度和降水等气象参数。,"['soil moisture', 'subseasonal precipitation', 'CWRF model']",Chenyi Zhang;Minghao Wang;Yong Luo;Qingquan Li;Lili Dong;Kailu Yu,Effects of soil moisture on subseasonal precipitation forecasts in North China during summer: A study using CWRF model,
None,True,Atmospheric Research,该论文研究了中国大气氮沉降的长期变化，涉及大气成分分析，与大气环境遥感技术（如空气质量和大气成分监测）密切相关。,"['atmospheric nitrogen', 'deposition efficiency', 'atmospheric composition']",Shangyi Wang;Yiheng Wang;Guochao Chen;Yuhao Wang;Zimeng Wang;Chenliang Tao;Hongliang Zhang,Sector-specific deposition efficiency shapes long-term changes in atmospheric nitrogen deposition in China,
None,True,Atmospheric Research,该论文研究广州地区闪电发生区域的垂直反射率核心特征，涉及大气电学现象和大气物理过程，与大气环境遥感技术中的电离层监测、闪电监测等领域相关，但主要关注闪电而非空气质量或卫星遥感成像。,"['vertical reflectivity cores', 'lightning initiation regions', 'Guangzhou']",Fei Wang;Wen Yao;Yang Zhang;Dong Zheng,"Characteristics of vertical reflectivity cores at lightning initiation regions over Guangzhou, China",
None,True,Atmospheric Research,该论文与大气环境遥感技术相关，因为它涉及降水测量、估算和建模，这些都与大气成分分析（如水汽、气溶胶等）密切相关，而这些是大气环境遥感技术的重要应用领域。,"['precipitation', 'measurement', 'modeling']",Francisco J. Tapiador;Gabriela Juárez;Kyo-Sun Lim;Sohaib Fakar;Kyuhee Shin;Andrés Navarro;Sun-Young Park;Andrés Merino;Anahí Villalba-Pradas;Livia J. Leganés;Raúl Martín;José Luis Sánchez;Eduardo Garcia-Ortega;GyuWon Lee,"Precipitation science: State-of-the-Art in measurement, estimation, and modeling",
None,True,Atmospheric Research,该论文的标题和摘要明确涉及云播种和气溶胶-云相互作用，这与大气环境遥感技术密切相关，特别是空气质量监测和大气成分分析。,"['cloud seeding', 'aerosol–cloud interactions', 'environmental impacts']",Sanhita Shende;Swapnaja Gajbhiye;Nandu B. Chaure,Cloud seeding and aerosol–cloud interactions: Environmental impacts and future perspectives,
None,True,Atmospheric Research,该论文与大气环境遥感技术有较强的相关性，因为它涉及青藏高原的高分辨率温度数据集，使用了人工智能降尺度技术和站点校准方法，这些技术与大气遥感和气候监测密切相关。,"['Tibetan Plateau', 'temperature dataset', 'AI downscaling']",Jianyu Wang;Yong Feng;Xingwen Jiang,Corrigendum to ‘A 3-km high-resolution daily temperature dataset over the Tibetan Plateau (1993–2023) based on artificial intelligence downscaling and station calibration’ [Atmospheric Research 341 (2026) 109100],
None,True,Atmospheric Research,该论文研究北京北部山前地区的冬季山地平原风循环结构，涉及行星边界层方案模拟的不确定性，这与大气环境遥感技术中的空气质量和大气组成分析密切相关，因此相关性较强。,"['planetary boundary layer', 'wind circulation', 'atmospheric simulation']",Lei Zhang;Jinyuan Xin;Yongjing Ma;Xinbing Ren;Kecheng Peng;Luoqi Yang,Winter mountain-plain wind circulation structures at a Northern Beijing piedmont site: Characteristics and simulation uncertainties associated with planetary boundary layer schemes,
None,False,Atmospheric Research,该论文研究的是太平洋年代际振荡和大西洋海表温度对中国中部九月降水量的协同影响，主要关注气候和气象学变化，而非大气环境遥感技术（如空气质量监测、卫星观测、大气成分分析或气溶胶反演）。,[],Yuanyuan Zhou;Jianqi Sun;Mengqi Zhang;Yixi Liu,Interdecadal changes of September precipitation over Central China: The synergistic effect of Pacific Decadal Oscillation and North Atlantic Sea surface temperatures,
None,False,Atmospheric Research,该论文主要研究的是巴塔哥尼亚地区月度网格化降水产品的时空性能，与大气环境遥感技术（如空气质量监测、卫星观测、大气成分分析、气溶胶反演）相关性较弱。,"['precipitation', 'Patagonia', 'gridded data']",Santino Adduca;Santiago I. Hurtado;Natalia L. Pessacg;Leandro B. Díaz;Lorenzo Ricetti;Martín Jacques-Coper,Spatio-temporal performance of monthly gridded precipitation products in Patagonia,
None,True,Atmospheric Research,该论文研究了中国东南沿海锋面和暖区暴雨的微物理机制，涉及雨滴大小分布，这与大气环境遥感技术（如空气质量和大气成分分析）密切相关，因为雨滴大小分布是大气成分和空气质量的重要参数。,"['raindrop size distribution', 'frontal rainfall', 'warm-sector rainfall']",Mingrui Guo;Wen Lin;Jingjing Lv;Chenglong Gong;Qing Duan;Jingxi Sun;Pengcheng Lin;Chunsong Lu;Yiqi Chen,Distinct raindrop size distribution microphysical mechanisms of frontal and warm-sector heavy rainfall in Coastal Southeast China,
None,True,Atmospheric Research,该论文研究了南极Belgrano II站的平流层臭氧长期变化，涉及大气成分分析和空气质量监测，与大气环境遥感技术密切相关。,"['tropospheric ozone', 'atmospheric composition', 'Antarctica', 'air quality monitoring']",J.A. Adame;M. Navarro-Comas;H. Ochoa;C. Prados-Roman;M. Yela,"Synoptic-scale drivers of long-term tropospheric ozone variability at Belgrano II station, Antarctica",
None,True,Atmospheric Research,该论文研究了华南夏季气温异常的主要季节内模态及其对应的可预测信号，涉及大气环境变化分析，与大气环境遥感技术中的气温监测和大气组成分析相关。,"['air temperature anomalies', 'Southern China', 'atmospheric variability']",Zikang Jia;Zhihai Zheng;Guolin Feng,The main intraseasonal modes of summer air temperature anomalies in Southern China and their corresponding predictable signals,
None,True,Atmospheric Research,该论文研究中央欧洲地区风力涡轮机相关的季节性闪电现象，虽然不直接涉及空气质量监测、卫星观测、大气成分分析或气溶胶反演等技术，但与大气环境遥感的某些方面相关，例如对大气现象（如闪电）的监测和分析，这些信息可能对理解大气电学特性有间接帮助。,"['wind turbine', 'lightning', 'Central Europe']",M. Kákona;R. Duspara;Z. Sokol;J. Popová;J. Chum;J. Šlegl;M. Sommer;M. Lužová;R. Dvořák;V. Hanousek;J. Kákona;A. Kostinsky;I. Ambrožová;O. Ploc,Seasonal wind turbine-associated lightning in Central Europe,
None,True,Atmospheric Research,该论文研究热带风暴活动对东亚和西太平洋地区的大气环流异常的影响，涉及大气环境的变化和观测分析，与大气环境遥感技术（如大气成分分析、气象观测）密切相关。,"['atmospheric circulation', 'tropical storm', 'East Asia', 'Western Pacific', 'North Indian Ocean']",Hua Chen;Xueying Meng;Boqing Wang;Tianhao Chen,Circulation anomalies over East Asia and the Western Pacific induced by tropical storm activity in the North Indian Ocean: Observational analysis,
None,True,Atmospheric Research,该论文标题和摘要明确涉及空间borne的dual-frequency precipitation radar技术，用于分析各种极端降水类型的微物理特征。这与大气环境遥感技术密切相关，特别是卫星观测和降水监测领域。,"['dual-frequency precipitation radar', 'extreme precipitation', 'spaceborne']",Yanghua Liu;Zinian Wang;Xiang Ni,Global distinct microphysical characteristics of various extreme precipitation types revealed by the spaceborne dual-frequency precipitation radar,
None,True,Atmospheric Research,该论文研究的是中亚地区云水路径的时空特征和长期趋势，云水路径是大气环境遥感技术中的重要参数，与卫星观测、大气成分分析等密切相关，因此与大气环境遥感技术高度相关。,"['cloud water path', 'Central Asia', 'atmospheric remote sensing']",Zepeng Tong;Ping Chen;Yong Zeng;Ali Mamtimin;Zhanshan Ma;Zhigang Zhang,The temporal and spatial characteristics and long-term trends of cloud water path in Central Asia,
None,False,Atmospheric Research,该论文研究的是巴西马拉尼昂州雨季期间干旱期的时空变化，主要关注气候和气象现象，而非大气环境遥感技术（如空气质量监测、卫星观测、大气成分分析或气溶胶反演）。,"['dry spells', 'rainy season', 'Maranhão state']",Wellington Cruz Corrêa;Andreza Maciel de Sousa;João Valério de Souza Neto;Andressa Carvalho de Sousa;Edvaldo Sagrilo;José Oscar Lustosa de Oliveira Júnior;José Francisco de Oliveira-Júnior;Nítalo Andre Farias Machado,"Spatiotemporal variability of dry spells during the rainy season in Maranhão state, Brazil",
None,True,Atmospheric Research,该论文研究的是利用深度学习技术对海面风场进行偏差校正，这属于大气环境遥感技术中的卫星观测和大气成分分析领域，因此与大气环境遥感技术密切相关。,"['sea surface wind field', 'bias correction', 'deep learning', 'spatio-temporal']",Chen Zhang;Shuqin Liang;Jianxin Wang;Bo Liu;Yahui Liu;Tao Song;Yuhang Zhu,WindFormer: Spatio-temporal deep learning for refined sea surface wind field bias correction,
None,True,Atmospheric Research,该论文标题和摘要明确涉及微波卫星观测技术和微小水滴吸收效应，这与大气环境遥感技术密切相关，特别是大气成分分析和卫星观测领域。,"['microwave satellite observation', 'water droplet absorption', 'atmospheric remote sensing']",Yuxuan Feng;Jieying He;Gang Ma;Zongru Yang;Chao Zhang,The impact of minute water droplet absorption on microwave satellite observation simulation,
None,True,Atmospheric Research,该论文研究了使用综合感知可解释人工智能模型（SA-XAI）对卫星降水数据进行偏差校正和区域化的方法，涉及卫星观测和复杂地形下的大气环境分析，与大气环境遥感技术密切相关。,"['satellite precipitation', 'bias correction', 'regionalization']",Moein Tosan;Vahid Nourani;Vijay P. Singh;Ozgur Kisi;Jan Franklin Adamowski;Yongqiang Zhang;Mohammad Reza Alizadeh,Synoptic-aware explainable artificial intelligence (SA-XAI) model for bias correction and regionalization of satellite precipitation over complex terrain,
None,True,Atmospheric Research,该论文研究卫星估算降水的方法，与大气环境遥感技术中的卫星观测和数据分析密切相关，属于大气环境遥感技术领域。,"['satellite-based', 'precipitation estimates', 'global hourly and daily']",Pengsheng Li;Xiao-Feng Li;Jingjing Yu;Song Yang,Declining uncertainties in satellite-based global hourly and daily precipitation estimates,
None,True,Atmospheric Research,该论文研究城市扬尘事件，这是大气环境的一个重要部分。虽然不直接涉及遥感技术，但城市扬尘的监测和分析与大气成分分析相关，而CFD（计算流体动力学）分析常用于模拟大气过程，间接与遥感技术有关。因此，该论文与大气环境遥感技术有一定相关性。,"['urban dust', 'resuspension', 'CFD analysis']",Jakub Linda;Miroslav Šinger;Amra Hasečić;Dávid Frnda;Jiří Pospíšil,Short duration urban dust events driven by wind induced resuspension: observational evidence from a European city and inverse CFD analysis,
None,False,Atmospheric Research,该论文研究的是干旱环境中的极端降水行为，主要关注降水特征而非大气环境遥感技术，因此与大气环境遥感技术（如空气质量监测、卫星观测、大气成分分析、气溶胶反演等）的关联性较弱。,"['extreme precipitation', 'arid environment', 'characterizing']",Mohammad Reza Nikoo,From stationary to non-stationary: Characterizing extreme precipitation behavior in an arid environment,
None,True,Atmospheric Research,该论文研究的是利用低层变形动力学定义东亚夏季 monsoon 前沿，这与大气环境遥感技术中的大气动力学分析、季节性气象现象研究密切相关，因此属于大气环境遥感技术领域。,"['East Asian summer monsoon', 'low-level deformation', 'atmospheric dynamics']",Minwoo Kim;Eun-Chul Chang;Joowan Kim;Seok-Woo Son;Hee Choon Lee;Hyun-Suk Kang,Dynamical definition of the East Asian summer monsoon front using low-level deformation,
None,False,Atmospheric Research,该论文主要研究热带气旋增强的西南季风高降水事件的天气背景条件，虽然涉及大气现象，但与大气环境遥感技术（如空气质量监测、卫星观测、大气成分分析、气溶胶反演）的直接关联性较弱。,"['tropical cyclone', 'southwest monsoon', 'high precipitation']",Alwin Andriel L. Bathan;Lyndon Mark P. Olaguera;Faye Abigail T. Cruz;Jose Ramon T. Villarin;John A. Manalo;Jun Matsumoto,Synoptic conditions favoring tropical cyclone-enhanced southwest monsoon high precipitation events in the Philippines,
None,True,Atmospheric Research,该论文研究了硝酸盐光解对东南沿海地区夏季白天环境中亚硝酸根（HONO）产生的影响，这与大气环境遥感技术中的大气成分分析直接相关，因为HONO是一种重要的空气污染物，其监测和分析是大气环境研究的重要内容。,"['HONO', 'nitrate photolysis', 'atmospheric composition']",Ziying Chen;Feng Zhang;Lingling Xu;Ziyi Lin;Xiuwen Yong;Yuping Chen;Gaojie Chen;Xiaoting Ji;Xiaolong Fan;Lingjian Wang;Mengren Li;Jinsheng Chen,Nitrate photolysis as major summer daytime sources of ambient HONO in Southeastern Coastal China,
None,True,Atmospheric Research,该论文研究了台风“梅花”（2022年）在增强和减弱过程中眼壁的微物理演化，涉及大气层中气团的物理变化，这与大气环境遥感技术（如卫星观测和大气成分分析）密切相关，因此具有相关性。,"['Typhoon', 'eyewall', 'atmospheric evolution']",Dongdong Wang;Sheng Chen;Haiyang Zhang;Wenjuan Li;Xiaoping Tu;Xiaolin Lan;Haohao Xu,Microphysical evolution of the eyewall during intensification and weakening of Typhoon Muifa (2022),
None,True,Atmospheric Research,该论文研究了半干旱城市中的降水化学成分，特别是酸度的驱动因素。虽然不直接提及遥感技术，但研究内容与大气环境监测相关，例如通过降水化学成分分析推断空气质量或大气成分。因此，它与大气环境遥感技术（如空气质量和大气成分分析）有较强的关联性。,"['precipitation chemistry', 'acidity', 'semi-arid city']",Dongqi Chen;Bing Sun;Haijun Zhou;Wenjing Sun;Huifang Ren;Ying Sun;Xiaoqin Zhao;Xiaotao Fu;Zhonghua Li,Precipitation chemistry in a semi-arid city: Insights from the driving factors of acidity,
None,True,Atmospheric Research,该论文研究了波河平原的一次强冰雹事件，使用了观测数据和WRF模型进行分析，这与大气环境遥感技术（如大气成分分析、气象观测）密切相关。,"['hail event', 'WRF model', 'atmospheric observation']",Antonio Ricchi;Olivia Vashti Ayim;Pier Paolo Alberoni;Rossella Ferretti,Analysis of an intense hail event in the Po Valley using observation and WRF model,
None,True,Atmospheric Research,该论文研究了高原城市有机气溶胶的季节性变化、分子驱动因素和光吸收特性，这与大气环境遥感技术（如空气质量监测和大气成分分析）密切相关。,"['organic aerosols', 'Tibetan Plateau', 'light absorption properties']",Lijuan Qi;Yanhui Ha;Xiaotong Wang;Junchao Zhao;YanLin Zhang;Huan Liu;Rong Chen,Distinct seasonality of organic aerosols at a high-altitude Tibetan Plateau urban site: Molecular drivers and light absorption properties,
None,True,Atmospheric Research,该论文研究海风动力学对均匀和局部海表温度异常的敏感性，涉及大气环境中的海气相互作用，与大气环境遥感技术（如卫星观测、大气成分分析）有较弱但相关的联系，因为海表温度是大气观测的重要参数之一。,"['sea breeze', 'SST anomalies', 'Northern Yucatán Peninsula']",E. Salcedo;J.C. Cajas;C. Treviño;I. Mariño-Tapia;L. Martínez-Suástegui,Sensitivity of sea breeze dynamics to uniform and localized SST anomalies over the Northern Yucatán Peninsula,
None,True,Atmospheric Research,该研究涉及使用WRF模型和尺度感知积云方案来研究中国东部夏季降水预报的敏感性，这与大气环境遥感技术中的空气质量监测和大气成分分析密切相关。,"['WRF', 'scale-aware cumulus schemes', 'summer rainfall forecast']",Weiguang Liu;Xin Li;Hao Miao;Shiwei Sun;Wenru Shi;Kefeng Zhu,Sensitivity of summer rainfall forecast over eastern China to horizontal resolutions: A study using scale-aware cumulus schemes in WRF,
None,False,Atmospheric Research,该论文的主题是热带南大西洋对热带北大西洋海表温度的调制作用以及其对西太平洋热带气旋生成关系的影响，主要关注气候和气象学领域，与大气环境遥感技术（如空气质量监测、卫星观测、大气成分分析、气溶胶反演）的关联性较弱。,"['sea surface temperature', 'tropical cyclone', 'genesis relationship']",Lingling Zhang;Jinjie Song;Philip J. Klotzbach;Qingyuan Liu,Tropical South Atlantic modulation of the tropical North Atlantic sea surface temperature – western North Pacific tropical cyclone genesis relationship,
None,True,Atmospheric Research,该论文研究北中国一次层积云降水事件中的 riming 和 melting 过程的微物理特征，这与大气环境遥感技术中的大气成分分析和云物理过程研究密切相关，属于大气环境遥感技术领域。,"['stratocumulus cloud', 'riming', 'melting processes', 'precipitation event', 'atmospheric microphysics']",Zhuoxuan Shen;Xiaoli Liu;Yan Li;Jingyuan Xiong;Kerui Min;Hengjia Cai;Nan Wang,Distinct microphysical characteristics of riming and melting processes in a stratocumulus cloud precipitation event over North China,
None,True,Atmospheric Research,该研究使用雷达技术对印度核心季风区的暴雨类型进行分类，分析其垂直结构和时间演变，这与大气环境遥感技术（如降水监测和大气成分分析）密切相关。,"['Radar', 'rain-type classification', 'Indian Core Monsoon Zone', 'vertical structure', 'temporal evolution']",Harshad S. Hanmante;Sachin M. Deshpande;Subrata Kumar Das;Medha Deshpande,Radar-derived rain-type classification for heavy-rain episodes over the Indian Core Monsoon Zone: Insights into vertical structure and temporal evolution,
None,False,Atmospheric Research,该论文的标题和摘要主要讨论的是北大西洋冷水异常对南亚高压中心长期东移的影响，涉及气候和气象学领域，但未明确提及大气环境遥感技术，如空气质量监测、卫星观测、大气成分分析或气溶胶反演等。因此，它与大气环境遥感技术的关系不强。,[],Ran Duan;Kai Qie;Tao Wang;Jiakang Duan;Mingzhen Gu;Jiali Luo,North Atlantic cold SST anomaly contributes to the long-term eastward shift of the South Asian High center,
None,True,Atmospheric Research,该论文研究了春季亚洲Jet stream的先兆现象对西太平洋台风活动的影响，涉及大气环流和天气系统，与大气环境遥感技术（如卫星观测、大气成分分析）相关。,"['Asian-jet', 'western North Pacific typhoon', 'observability']",Zi-Liang Li;Xiao-Ran Wu,Pathway-dependent observability of a spring Asian-jet precursor for western North Pacific typhoon activity,
None,True,Atmospheric Research,该论文研究了长江三角洲地区过去十年PM2.5污染事件与主导天气模式的关系，涉及空气质量监测和大气成分分析，与大气环境遥感技术密切相关。,"['PM2.5', 'synoptic weather patterns', 'Yangtze River Delta']",Zhongrui Xie;Lili Shi;Xianman Ye;Qifan Shuai;Yaofu Zhu;Xiyao Chen;Ben Ye;Liang Xu;Min Gao;Shupeng Zhu;Shoujuan Shu;Renguang Wu;Weijun Li,Evolution of dominant synoptic weather patterns associated with PM<sub>2.5</sub> pollution events in the Yangtze River Delta over the past decade,
None,True,Atmospheric Research,该论文研究了利用耦合三维变分同化和深度学习代理框架进行中国近实时SO₂排放反演的技术，涉及大气环境监测和污染物排放分析，与大气环境遥感技术密切相关。,"['SO₂', 'emission', 'variational assimilation', 'deep learning']",Hancheng Ye;Zengliang Zang;Yiwen Hu;Ning Liu,Near-real-time inversion of SO₂ emission via coupled three-dimensional variational assimilation and deep learning surrogate framework over China,
None,True,Atmospheric Research,该论文研究的是堪察加半岛下游环流异常与极端寒事件之间的关系，以及这些异常对东亚的影响。虽然主要关注气候和大气环流，但涉及大气环境监测和区域气候影响，与遥感技术在空气质量监测和大气成分分析中的应用有一定关联。,"['atmospheric circulation', 'Kamchatka Peninsula', 'Eastern China']",Wencai Liu;Ning Shi;Huijun Wang,Contrasting downstream Kamchatka Peninsula circulation anomalies during extreme cold events over Eastern China and the upstream influence of these anomalies,
None,True,Atmospheric Research,该论文研究的是气溶胶到云凝结核（CCN）的转化过程，涉及气溶胶的大小和组成对其转化效率的影响，这些内容与大气环境遥感技术密切相关，特别是空气质量监测和大气成分分析领域。论文还提到了在印度西高止山脉的高海拔站点进行了长期数据采集，这与卫星观测和地面遥感技术结合研究大气环境问题高度相关。,"['aerosol-to-CCN', 'size', 'composition', 'Western Ghats', 'air quality monitoring']",Sachin S. Patil;Subrata Mukherjee;V. Anil Kumar;P.P. Leena;Vinayak Waghamare;M.Y. Aslam;V.S. Arun;Lalit Chaudhari;Ajit Waware;Sunil M. Sonbawne;G. Pandithurai;B. Padma Kumari,"Decoding Aerosol-to-CCN activation: Insights into size and composition effects using a long-term dataset from a high-altitude site in the Western Ghats, India",
None,True,Atmospheric Research,该论文研究的是青藏高原夏季水分的年际变化机制，从拉格朗日路径的角度进行分析。虽然不直接涉及遥感技术，但与大气环境遥感技术中的大气成分分析和空气质量监测有间接关联，因为水分变化会影响大气成分和空气质量。,"['Lagrangian pathways', 'moisture', 'Tibetan Plateau']",Hongwen Liu;Wenshou Tian;Hao Wu;Li He;Hua Qin;Hongying Tian;Tao Wang,A mechanism of interannual variations in summer moisture over the Tibetan Plateau from the perspective of Lagrangian pathways,
None,False,Atmospheric Research,该论文主要研究东亚季风区热带夜的主要环流模式，虽然涉及大气环流，但并未直接关联大气环境遥感技术，如空气质量监测或卫星观测等。,"['tropical night', 'East Asian monsoon', 'circulation patterns']",Ruidan Chen;Wenting Lin;Siao Tang;Lan Wei,Dominant circulation patterns influencing the tropical night in the East Asian monsoon region,
None,False,Atmospheric Research,该论文主要研究雨滴碰撞的观测和理论模型验证，与大气环境遥感技术（如空气质量监测、卫星观测等）的直接相关性较弱。,"['raindrop collision', 'theoretical regime diagram']",Kalimur Rahman;Firat Y. Testik,Raindrop collision outcomes: Field observations and validation of the T09 theoretical regime diagram,
None,True,Atmospheric Research,该论文研究了乌兰巴托市水溶性棕碳的光学特性，探讨了季节变化和居民固体燃料燃烧的影响，这与大气环境遥感技术中的空气质量监测和大气成分分析密切相关。,"['brown carbon', 'water-soluble brown carbon', 'Ulaanbaatar', 'optical properties']",Hyeyeon Lee;Sumin Ok;Tsatsral Batmunkh;Jinsang Jung,"Seasonal variability and residential solid-fuel combustion influence on the optical properties of water-soluble brown carbon in Ulaanbaatar, Mongolia",
