doi,is_relevant,journal,explanation,topic_words,authors,title,abstract
10.1088/1748-9326/ae93e0,False,Environmental Research Letters,该论文主要关注欧洲公正转型基金的地区支出模式，研究的是社会和经济脆弱性与基金分配之间的关系，与大气环境遥感技术（如空气质量监测、卫星观测、大气成分分析、气溶胶反演等）无关。,[],Philina Lelgemann;Clara Krämer;Florian Egli,Missing the vulnerable? Regional spending patterns under Europe’s just transition fund,"The European Just Transition Fund (JTF) allocates 19.7 billion for 2021–2027 to support regions most negatively affected by the low-carbon transition. Allocations from the EU to Member States are governed by guidelines on exposure, but national governments retain discretion over regional targeting and spending priorities, making the targeting of JTF spending unclear. In this paper, we therefore ask whether planned JTF spending aligns with regional vulnerabilities to the low-carbon transition. To answer this question, we adapt an established vulnerability framework to build regional indicators of transition vulnerability and assess how these compare with allocations and planned spending under the JTF. We find that allocation amounts track regions’ exposure to decarbonisation, while regions with greater social vulnerability do not systematically receive more funding. Adaptive capacity instead shapes how funding is structured: higher-capacity regions co-finance at higher rates, broadly as intended, though with notable outliers. Spending priorities show only weak alignment with transition risks. Regions with higher emissions or fossil fuel dependence do not systematically prioritise decarbonisation, and those with larger high-carbon employment do not prioritise reskilling. Overall, while funding reaches economically exposed regions, social vulnerability is overlooked, and thematic spending priorities are only loosely aligned with transition needs. Clearer guidance on spending priorities and systematic monitoring of realised expenditure would help ensure cohesion instruments respond to regional needs. Demonstrating how a vulnerability framework can be used to assess this alignment, we offer an approach to evaluating public spending for a just transition in other contexts. As governments worldwide scale up just transition spending, systematic methods for assessing whether it reaches the most vulnerable regions are increasingly needed."
10.1088/1748-9326/ae9565,False,Environmental Research Letters,该论文主要关注区域间贸易对资源负担和价值捕获的影响，涉及虚拟水和虚拟耕地的流动分析，但并未提及大气环境遥感技术、空气质量监测、卫星观测或大气成分分析等与该领域直接相关的内容。,"['virtual water', 'virtual cropland', 'inter-regional trade']",Zhenguo Wang;Wenbin Liu;Hong Wang;Tingting Wang;Fa Liu;Yao Feng;Xilin Wu;Wei Liang;Zhiyang Lan;Fubao Sun,Inter-regional trade reshapes resource burdens and value capture in a dryland production system,"Dryland production systems face strong water and land constraints, while supply chains can spatially separate consumption from the withdrawals and cropland occupation required for production. This study applies an environmentally extended multi-regional input-output model to quantify virtual water (VW) and virtual cropland (VL) flows associated with Xinjiang, China. We assess how domestic inter-regional trade reallocates embodied resource burdens and how these burdens compare with locally retained value added. Xinjiang remained a net exporter of both VW and VL, with exports increasing by 277% and 257%, respectively, from 2002 to 2017. Trade destinations shifted from East China to North China. Export-oriented prefectures combined high withdrawal stress with strong production-consumption asymmetry, while Urumqi depended more strongly on embodied resource imports. In 2017, the environmental-burden-to-value-added ratio reached 4.76 for cropland and 10.53 for water. These indices describe a growing mismatch between resource-burden shares and value-added shares within the domestic supply-chain structure. By linking virtual resource flows with local stress and value capture, the framework identifies burden-bearing dryland production regions and supports periodic supply-chain accounting and targeted governance."
10.1088/1748-9326/ae9b27,True,Environmental Research Letters,该论文研究南大西洋海面温度偶极子作为厄尔尼诺-南方涛动（ENSO）前兆的现象，并探讨其与太平洋年代际振荡（IPO）的关系。虽然不直接涉及大气环境遥感技术，但研究涉及海面温度观测和大气环流模式，与大气环境监测和卫星遥感有一定关联，因此认为其相关性较强。,"['sea-surface-temperature', 'ENSO', 'interdecadal pacific oscillation', 'Southern Hemisphere Rossby-wave', 'teleconnection']",Dzung Nguyen–Le,Interdecadal pacific oscillation modulation of a South Atlantic precursor of following-winter ENSO,"The South Atlantic sea-surface-temperature (SST) dipole has been proposed as a precursor of following-winter El Niño–Southern Oscillation (ENSO), but its unstable relationship with ENSO has limited its predictive use. Here, using observations, reanalysis, and a large model ensemble, we show that this instability is modulated by the interdecadal pacific oscillation (IPO). During positive IPO phases, a positive austral-summer South Atlantic subtropical dipole (SASD) tends to precede El Niño, while its negative phase tends to precede La Niña one year later; during negative IPO phases, this relationship is weak. The associated pathway involves a Southern Hemisphere Rossby-wave teleconnection from the South Atlantic to the South Pacific, followed by a South Pacific wind–SST footprint, wind–evaporation–SST feedback, Walker-circulation adjustment, and a thermocline response in the equatorial Pacific. Leave-one-out cross-validation shows that the SASD provides one-year forecast skill beyond persistence mainly during positive IPO years, and model ensemble members largely reproduce the sign of this IPO modulation. These results identify the IPO as a slowly varying background condition under which the South Atlantic can become a useful ENSO precursor, offering a physically interpretable basis for long-lead ENSO prediction."
10.5194/acp-26-12067-2026,True,Atmospheric Chemistry and Physics,该论文研究了大气重力波在低平流层中产生垂直剪切和混合的作用，这与大气环境遥感技术中的空气质量监测、卫星观测、大气成分分析以及气溶胶反演密切相关。论文涉及到的垂直剪切、湍流和大气传输等概念都是大气环境遥感技术的重要研究领域。,"['gravity wave', 'vertical shear', 'clear-air turbulence', 'lower stratosphere', 'atmospheric transport']",Madhuri Umbarkar;Daniel Kunkel;Annette Miltenberger;Hans-Christoph Lachnitt;Thorsten Kaluza;Cornelis Schwenk;Peter Hoor,Evidence of gravity wave contribution to vertical shear and mixing in the lower stratosphere,"We present an extratropical cyclone case study over the North Atlantic focusing on the role of atmospheric gravity waves (GW) in the generation of strong vertical shear and (clear-air) turbulence (CAT), as well as their impact on tracer distribution in the lowermost stratosphere. Our findings suggest that GW related processes should be considered as a key for upper troposphere lower stratosphere (UTLS) transport and mixing, and as an important candidate for the interpretation of CAT in the UTLS. 
 Small-scale dynamics, particularly gravity waves (GWs), modify vertical wind shear and can trigger turbulence in the lowermost stratosphere (LMS), thereby influencing the transport of trace species across the tropopause. Although idealized modeling and observational case studies have demonstrated this link, the contribution of small-scale dynamics to turbulence generation remains poorly understood, particularly under real atmospheric conditions. Here, we investigate the relationship between GWs, vertical wind shear, and clear-air turbulence (CAT) in the LMS over the North Atlantic during a baroclinic life cycle. We combine airborne observations with ERA5 reanalysis and high-resolution forecasts from the IFS and ICON models. To isolate the contribution of small-scale dynamics to turbulence generation, we extract the small-scale divergent component of the modeled wind field. From this, we derive momentum flux, perturbation vertical wind shear, and the turbulence indices TI1 and TI2, and compare these quantities with those calculated from the full wind fields. Trace-species mixing is observed within a region of enhanced GW activity over Iceland that is characterized by increased vertical wind shear and turbulence. ERA5 reproduces the spatial and temporal distribution of enhanced shear and turbulence but underestimates shear magnitudes relative to the forecasts while yielding comparable values of TI1 and TI2. These findings extend previous idealized studies from Umbarkar and Kunkel (2025) to real atmospheric conditions and provide further evidence that GW-induced small-scale dynamics contribute to turbulence generation in the LMS. They also demonstrate the potential of ERA5 for long-term investigations of the role of small-scale dynamics in transport and mixing near the tropopause."
10.5194/acp-26-12049-2026,True,Atmospheric Chemistry and Physics,该论文使用GEMS卫星观测数据评估了对平流层NO2浓度监测的价值，并探讨其对NOx排放估算和空气质量建模的影响，这与大气环境遥感技术密切相关。,"['GEMS', 'NO2', 'NOx', 'satellite observations', 'atmospheric composition']",Fei Yao;Paul I. Palmer;Xiaolin Wang;Yi Wang;Gitaek T. Lee;Haolin Wang;Liang Feng;Daven K. Henze;Rokjin J. Park,Do GEMS geostationary satellite observations of tropospheric NO2 always improve NOx emission estimates and related air quality modelling?,"The Geostationary Environment Monitoring Spectrometer (GEMS) provides hourly measurements of tropospheric NO2 during sunlight hours. We assess the added value of GEMS geostationary satellite observations of tropospheric NO2 to constrain monthly NOx emissions and subsequent air quality modelling over a full annual cycle across Asia. We observe a clear seasonal divide, with significant benefits outside summer while limited or even detrimental impacts during summer. 
 Satellite observations of atmospheric composition from low Earth orbit (LEO) have significantly advanced our understanding of global tropospheric chemistry; however, their 12 h overpass cadence limits the attribution of rapid compositional changes. The launch of the Korean Geostationary Environment Monitoring Spectrometer (GEMS) in 2020 heralded the beginning of continuous spaceborne monitoring of atmospheric composition during sunlit hours across Asia, allowing researchers to track atmospheric variability in real-time from a geostationary perspective. We assess the added value of GEMS observations of tropospheric NO2 to estimate monthly NOx emissions across Asia compared with the information provided by the equivalent instrument in LEO. We use the adjoint of the GEOS-Chem atmospheric chemistry transport model to infer NOx emissions, comparing estimates using the full set of GEMS tropospheric NO2 data against a surrogate LEO dataset created by subsampling the GEMS data at 13:45 local time (Korea Standard Time). We find that the benefits of assimilating high-frequency GEMS observations are most significant during non-summer months (September–May), when elevated NO2 concentrations provide strong constraints on emission estimates. During this period, anthropogenic NOx emission estimates derived from the full GEMS record deviate from LEO-proxy results, with differences of 0.2–52.6 Gg N per month, corresponding to 0.02 %–5.06 % of the a priori emissions. These differences further propagate into widespread adjustments in modelled ozone, hydroxyl radicals, and other secondary species, with evaluation against independent in situ measurements showing that GEMS-inferred emission estimates offer comparable or superior performance particularly in regions where the differences are most pronounced. In contrast, we find that during summer months (June–August), low NO2 levels for which a larger fraction originates from lightning and other background sources with greater uncertainties likely challenge our 4D-Var framework, leading to negligible or even detrimental impacts on our ability to estimate NOx emissions."
10.5194/acp-26-12097-2026,True,Atmospheric Chemistry and Physics,该论文研究的是北极冬季大气中的臭氧变化，使用了地面微波辐射仪和卫星观测（Aura MLS）进行对比分析，涉及臭氧监测和卫星观测技术，属于大气环境遥感技术领域。,"['ozone', 'microwave radiometer', 'Aura MLS']",Richard Johansson;Uwe Raffalski;Mathias Milz;Jochen Groß,Measurement report: Significant ozone loss during the Arctic winter 2020 measured from ground based microwave radiometer,"We studied how ozone in the upper atmosphere above the Arctic changed during winter 2019/2020 using ground-based microwave measurements from Kiruna, Sweden and compared them with satellite observations. The results matched closely and showed unusually strong decrease in ozone, peaking in early April. We used air mass tracking methods to estimate how much chemically induced ozone was lost over the season. This shows ground measurements can reliably monitor changes and support satellites. 
 Ground-based microwave observations from MIRA2 situated in Kiruna, Sweden, were used to investigate Arctic stratospheric ozone during the Arctic winter 2019/2020. A comparison of O3 retrievals with coincident measurements of Aura MLS between 1 October 2019 and 30 April 2020 show good agreement across the investigated pressure levels (74, 56, 10, and 1 hPa). Remaining differences are well within the retrieval uncertainty of MIRA2. This demonstrates the capability of MIRA2 to provide robust ozone measurements for studies of stratospheric variability. A tracer-based approach was applied to derive cumulative chemical ozone loss on isentropic surfaces. At the 475 K isentropic (at around 50–60 hPa), ozone depletion increased from late winter into early spring, reaching a maximum loss of 2.14±0.90 ppmv in early April 2020. The magnitude and timing of the loss are consistent with the exceptional Arctic ozone depletion stated by model simulations and satellite-based estimates during the Arctic winter 2019/2020. Despite limited temporal sampling, the tracer-based method enables a consistent estimate of seasonal ozone loss from ground-based observations. The results highlight the ability of ground-based microwave radiometers to quantify chemical ozone depletion and its temporal evolution. Our results demonstrate that MIRA2 provides reliable stratospheric O3 measurements, supporting robust monitoring of long-term ozone trends. However, our estimates of chemical O3 depletion currently depend on MLS N2O observations as a passive tracer. With MLS nearing the end of its mission, future chemical ozone loss assessments will require either data sets of other Earth observing satellites, expanded ground-based measurement capabilities for tracer species such as N2O or the use of model-based tracers."
10.5194/amt-19-5457-2026,True,Atmospheric Measurement Techniques,该论文研究了一种用于大气辐射测量用户设施全天空成像仪的机器学习分割算法，旨在提高云覆盖分析和数据评估的准确性。论文涉及大气环境遥感技术，特别是云覆盖监测和卫星数据评估，因此与大气环境遥感技术密切相关。,"['all-sky imager', 'machine learning', 'cloud cover', 'ARM User Facility', 'atmospheric measurements']",Israel Silber;Donna M. Flynn;Jennifer M. Comstock;Erol L. Cromwell;Brian D. Ermold,A novel segmentation algorithm for the ARM user facility all-sky imagers using machine learning applications,"We describe ASISKYCOVER, a new machine learning algorithm for pixel segmentation of all-sky imager (ASI-16) data used by the Atmospheric Radiation Measurement (ARM) User Facility. ASISKYCOVER provides cloud cover and thickness estimates, detects artifacts, and reports uncertainties. Using one year of data from the ARM Southern Great Plains site and comparisons with other ARM datasets, we demonstrate its use and robustness, which will improve cloud cover analyses and data evaluation efforts. 
 Clouds play a pivotal role in modulating the Earth's energy budget through the reflection of incoming solar radiation and the trapping of outgoing longwave radiation. Ground-based all-sky imagers offer an objective assessment of cloud cover and can be used to estimate solar irradiance, classify cloud types, track cloud movement, and serve as a benchmark for the evaluation of satellite and reanalysis data products. The Atmospheric Radiation Measurement (ARM) user facility has utilized all-sky imagers for more than 25 years to monitor cloud cover and augment its comprehensive suite of atmospheric measurements. Following the retirement of its Total Sky Imager (TSI), ARM recently deployed the TSI's successor, the All-Sky Imager (ASI-16 camera systems). To provide a smooth transition and continuity to the vast amount of knowledge gathered by the TSI over the years, while addressing typical deployment issues, we developed a novel pixel segmentation algorithm, the ASI Sky Cover (ASISKYCOVER). ASISKYCOVER builds on the different strengths and properties of the TSI processing algorithm while integrating machine learning techniques, ensuring data validity and accuracy across diverse atmospheric conditions. It enhances cloud cover characterization with new features such as artifact detection and uncertainty quantification. ASISKYCOVER also includes cloud cover estimates for near-zenith (narrow field-of-view) and reduces susceptibility to false detections. This study introduces ASISKYCOVER, details its algorithm framework, and demonstrates its capabilities using a year-long dataset from the ARM Southern Great Plains site. A comparison with co-located TSI data tentatively suggests that the dominant cloud type per scene might be the best predictor of inter-consistency between cloud detection algorithms. This ASI-TSI comparison and evaluation against other ARM measurements, such as zenith-pointing radars and lidars underscores the ASISKYCOVER's potential to improve cloud cover analyses and data evaluation efforts, as well as to be integrated into higher-level data products that synergize instrument suites to generate new and insightful information."
10.5194/essd-18-5969-2026,False,Earth System Science Data,该论文主要关注使用机器学习和公共数据估算 Global South 国家中低收入人口的地理空间微估计，虽然使用了卫星图像作为数据来源，但其核心主题是人口统计和城市可持续性，而非大气环境遥感技术，如空气质量监测、卫星观测或大气成分分析。,"['machine learning', 'public data', 'slum populations']",Dan Li;Laixiang Sun;Yang Yu;Peipei Tian,Geospatial micro-estimates of slum populations  in 129 Global South countries using  machine learning and public data,"We develop a generalized bottom-up framework for producing spatially explicit estimates of slum populations in data-sparse environments. The resulting dataset provides the first comprehensive inventory at an approximate spatial resolution of 6.72 km across 129 Global South countries. It addresses the underestimation in prior studies and supports national- and regional-scale assessments of urban sustainability and vulnerable populations, with potential applications for improving human well-being. 
 Slums are a visible manifestation of poverty in Global South countries. Reliable estimation of slum populations is crucial for urban planning, humanitarian aid provision, and improving well-being. However, large-scale and spatially explicit mapping is still lacking due to inconsistent methodologies and definitions across countries. Existing datasets often rely on government statistics, lacking spatial continuity or underestimating slum populations due to factors such as city image and privacy concerns. Here, we develop a standardized bottom-up approach to estimate slum populations at the grid-cell level (∼6.72 km resolution at the equator) for 129 Global South countries in 2018. Leveraging the Sustainable Development Goal 11.1 framework and machine learning, our estimation integrates publicly accessible household-based surveys, satellite imagery, and gridded population data. The resolution is thus jointly determined by the model input patch size and the spatial resolution of Landsat imagery. Our models explain 82 %–95 % of the variation in within-country spatial prediction and 45 %–91 % in country-level holdout validation, corresponding to median R2 values of 0.89 and 0.85, respectively. These results indicate strong predictive performance and remain broadly comparable with, and in some cases higher than, previously reported benchmarks. To our knowledge, this is the first comprehensive geospatial inventory of slum populations across Global South countries. Although not designed for site-specific operational applications, the dataset provides valuable insights for national and regional urban sustainability assessments and further research on vulnerable populations. The maps of slum populations and their local shares in Global South countries are available in the Zenodo repository at https://doi.org/10.5281/zenodo.13779002 (Li et al., 2025)."
10.5194/essd-18-5995-2026,True,Earth System Science Data,该论文与大气环境遥感技术密切相关，因为它涉及使用卫星再分析数据（ERA5）来计算森林火灾天气系统（FWI）组件，并利用太阳高度角（基于当地正午）进行更精确的空间分布计算。这些数据和方法对于空气质量监测、大气成分分析以及野火危险评估等应用具有重要价值。,"['Fire Weather Index', 'ERA5', 'reanalysis', 'atmospheric composition', 'wildfire danger']",Clémence Benoit;Jonathan Durand;Philippe Gachon;Jonathan Boucher;Yan Boulanger,"A daily gridded dataset of the Fire Weather Index across Canada, with calculations based on the sun's elevation","In this data description paper, we present the ERA5-FWI-SN dataset, which consists in a gridded dataset of the daily Forest Fire Weather System (FWI) components across Canada, derived from the hourly ERA5 reanalysis products. For the first time, FWI calculations use surface weather readings taken at the local solar noon. This new method enables a more physically realistic spatial distribution of FWI components values across the east–west extent of a single time zone. 
 This article summarizes the work carried out at the ESCER (Étude et Simulation du Climat à l'Échelle Régionale, UQAM) Centre to develop the ERA5-FWI-SN dataset – a new automated, gridded dataset of the Canadian Forest Fire Weather Index (FWI) System components for Canada, at a spatial resolution of approximately 31 km. The ERA5-FWI-SN dataset is derived from the hourly ERA5 reanalysis using a new method, called the solar noon method, which is based on the sun's elevation above the local horizon at noon. This method aims to improve the conventional method for calculating the FWI System components, the UTC method, based on the maximum insolation defined via time zones (or specific areas covered by one Coordinated Universal Time zone, i.e. UTC zone), which can cover a wide longitudinal region where the same time prevails. The classical method relies on the principle that the average solar time over the territory covered by the same time zone is not too far from legal time (i.e., solar noon is not too far from legal noon), which can be problematic in regions that are very extensive in longitude, such as in Canada where only six time zones have been defined over more than 95° of longitudes. The solar noon method also allows for the correction of systematic biases associated with the UTC method, particularly those arising in gridded datasets near time zone boundaries or across the east–west extent of a single time zone. The dataset spans from 1950 to the present and is updated daily through an automation process that allows the calculation of the FWI components with a six-day lag, corresponding to the latest ERA5 available reanalysis data for download, resulting in a rapid (i.e., 6 d lag) monitoring of recent wildfire danger throughout Canada. Data were compared between solar noon and UTC methods and were tested against the Canadian Wildland Fire Information System (CWFIS) FWI calculated from observation station data. The dataset is available for download at https://doi.org/10.5683/SP3/4B18XZ (Benoit et al., 2025), and derived visualization products can be accessed across the web platform http://feux.escer.uqam.ca/ (last access: 8 July 2026)."
10.5194/essd-18-6043-2026,True,Earth System Science Data,"该论文与大气环境遥感技术密切相关，因为它涉及使用卫星遥感技术（如Envisat, CryoSat-2, SARAL/AltiKa, Sentinel-3A）来监测和重建南大洋的海平面异常数据。这属于卫星观测和大气成分分析的范畴，尽管主要关注海洋数据，但遥感技术的应用使其与大气环境遥感技术相关。","['satellite missions', 'sea level anomaly', 'Southern Ocean', 'CryoSat-2', 'Sentinel-3A']",Cosme Mosneron Dupin;Jean-Baptiste Sallée;Casimir de Lavergne,SO_SLICE: a 19-year gridded sea level anomaly  dataset for the open and ice-covered  Southern Ocean (2003–2021),"Sea level is a key indicator of ocean change, but it is hard to measure around Antarctica, where sea ice hides the ocean from satellites. Yet satellites flying over the ice still receive clear echoes from openings in the ice, where water is exposed. We reprocessed these echoes from four satellite missions and combined them with open-water data, building the longest sea level record for the whole Southern Ocean (2003 to 2021). It offers a new way to track how this rapidly changing region evolves. 
 Sea Level Anomalies (SLA) in the Southern Ocean remain poorly observed due to sea ice, which hampers conventional satellite altimetry. Recent advances in lead-based retracking techniques have enabled SLA estimates within ice-covered regions. However, existing datasets are temporally limited, with most available products covering periods shorter than 10 years. Here, we present SO_SLICE (Southern Ocean Sea Level in Ice Conditions Estimate), a 25 km × 25 km gridded SLA dataset spanning ice-free and ice-covered areas of the Southern Ocean from 2003 to 2021. It is available at https://doi.org/10.5281/zenodo.17467407 (Mosneron Dupin et al., 2025). This 19-year dataset provides the longest temporal SLA coverage currently available across the whole Southern Ocean. It is produced by processing along-track measurements from four satellite missions: Envisat, CryoSat-2, SARAL/AltiKa, and Sentinel-3A. It relies on retrieving observations from openings in the sea-ice cover. The product shows continuous transitions across the sea-ice edge, with a mean formal mapping error of 1.3 cm in the subpolar Southern Ocean. The gridded fields have an effective spatial resolution of 200 km south of 65° S, mainly constrained by the input correlation length scales. SO_SLICE captures variability at periods longer than 30 d. Comparison with independent in situ observations yields mean correlation coefficients of 0.58 with tide gauges and 0.66 with bottom pressure recorders. Overall, SO_SLICE fills a key observational gap and offers new opportunities to study trends and interannual variability in sea level and ocean circulation in the Southern Ocean, particularly during sea-ice coverage."
10.5194/essd-18-6017-2026,True,Earth System Science Data,该论文使用Sentinel-1合成孔径雷达图像和深度学习技术来绘制南极洲固定冰山的分布，这与大气环境遥感技术中的卫星观测和大气成分分析密切相关。论文涉及的数据集和遥感方法对监测南极地区的环境变化具有重要意义。,"['Sentinel-1', 'SAR imagery', 'deep learning', 'grounded icebergs', 'Antarctica']",Kaihong Jiao;Alexander D. Fraser;Johannes Lohse;Pat Wongpan;Caitlin Adams;Alexander C. Bradley,Grounded icebergs around Antarctica: a high-resolution dataset derived from deep learning and  Sentinel-1 synthetic aperture radar,"Grounded icebergs anchor Antarctic sea ice and support marine ecosystems, yet their continent-wide distribution was previously unknown. Using satellite radar imagery and an automated artificial intelligence tool, we mapped nearly 40 000 stationary icebergs. We discovered that tiny, frequently overlooked icebergs actually dominate both the total number and area. This public dataset offers a crucial new baseline for modelling coastal ice stability and understanding broader environmental changes. 
 Icebergs frequently run aground on shoals on the continental shelf around Antarctica. Once rendered immobile, they can anchor landfast sea ice (fast ice) and their supply of limiting trace nutrients contribute to driving coastal marine productivity. They are also associated with seabed scouring, with implications for benthic marine ecosystems. Despite their importance, there is currently a lack of accurate, continent-wide automated mapping of grounded iceberg distribution and size and as a consequence, no large-scale, complete map of grounded icebergs exists. To address these gaps, this study implements an automated grounded iceberg detection framework based on Sentinel-1 Synthetic Aperture Radar (SAR) imagery, integrating a proposed ResUNet deep-learning network with a multi-temporal identification algorithm, incorporating strict physical constraints derived from bathymetry and sea ice concentration to mitigate environmental false positives. The method demonstrates strong robustness against interference from complex coastal conditions, achieving a detection F1 score exceeding 0.91 and successfully reducing the minimum detectable iceberg size to 0.016 km2. Since the presence of fast ice makes distinction between “truly grounded icebergs” and “those held motionless by fast ice”, we capitalise on the unprecedented low fast ice extent in early 2025 (late February to early April) to construct the first high-resolution, continent-wide dataset of grounded icebergs around Antarctica. A total of 39 619 stationary icebergs were identified on the Antarctic continental shelf. We partition these stationary targets into “high-confidence grounded icebergs” and fast ice-entrapped candidates. Analysis shows that 67.4 % of these targets are identified as high-confidence grounded. Across the entire dataset, tiny icebergs (<1 km2) dominate numerically, accounting for 92.6 % of the total. These high-density grounded iceberg clusters are primarily concentrated on shallow continental shelves and west of (i.e., downstream of) the actively disintegrating fronts of ice shelves, forming complex and discontinuous “grounded iceberg chains”. Our dataset reveals that these grounded icebergs cover a combined area of 13 430 km2 and are widely distributed along 56.5 % of the Antarctic coastline, with just 14.2 % of the coastline containing 80 % of all grounded icebergs. Crucially, while typically overlooked, tiny icebergs (<1 km2) contribute 53.9 % of this total grounded area. These dense clusters imply a potential “picket fence effect”, acting as a series of physical anchors to stabilise fast ice. This provides a quantitative baseline for modelling fast ice stability, assessing nutrient fluxes, and mapping benthic habitats. The grounded iceberg dataset (Jiao et al., 2026) is available at https://doi.org/10.25959/54sx-pt47."
10.5194/essd-18-6065-2026,False,Earth System Science Data,该论文主要关注的是利用过程模拟和深度学习生成玉米产量数据集，虽然涉及农业监测，但并未直接涉及大气环境遥感技术，如空气质量监测、卫星观测、大气成分分析或气溶胶反演等。,"['crop yield', 'deep learning', 'WOFOST']",Jingbo Hu;Xin Du;Qiangzi Li;Yuan Zhang;Hongyan Wang;Jiansong Luo;Jingyuan Xu;Yachao Zhao;Zhaoming Zhang;Yong Dong;Yunqi Shen,"NortheastChinaMaizeYield10m: a 10 m resolution maize yield dataset for Northeast China (2019–2024) generated via a mechanistically interpretable, field-label-free framework","We produced a 10 m maize yield dataset for Northeast China covering 2019–2024 by combining process-based crop simulations with deep learning. The framework avoids the need for field yield labels during training while maintaining good accuracy against independent observations. The dataset captures both regional yield patterns and fine-scale field variability, supporting agricultural monitoring and management. 
 In the face of escalating global food demand and increasing climate variability, precise and granular crop yield monitoring is indispensable for maintaining regional agricultural stability. However, current deep learning approaches for yield estimation are severely constrained by their heavy reliance on massive in situ labeled data, which limits their application in data-scarce regions. Furthermore, these models often overlook the essential temporal evolution logic of yield formation and lack a systematic discussion regarding the contribution patterns of different feature dimensions, resulting in a black-box nature of the underlying model mechanisms. To address these challenges, this study proposes a field-label-free training framework for maize yield estimation that couples mechanistic model with deep learning. The framework's core strength lies in a physiologically complete simulation database, using the WOFOST model to exhaustively cover 30 years of climate variability and habitat combinations across Northeast China (1.24 × 106 km2). A Gated Recurrent Unit (GRU) network was then introduced for end-to-end modeling, accurately capturing the energy accumulation trajectory from vegetative to reproductive growth. Validation against 458 independent ground points (2022–2024) demonstrated robust generalization with an R2 of 0.69, an RMSE of 1.21 t ha−1, and an RRMSE of 13.73 %, despite using no ground data for training. Our analysis revealed that integrating photosynthetic intensity (LAImean), duration (LAD) and peak features (LAImax) across growth stages is critical for accuracy, while omitting early-stage features significantly impairs the model's ability to capture cumulative growth effects. Furthermore, the model successfully captured the spatiotemporal yield anomalies caused by the 2023 typhoon and flooding events. Ultimately, this study generated a 10 m resolution maize yield dataset (2019–2024) for Northeast China. The dataset exhibits consistent interannual stability, with the RRMSE ranging from 7.98 % to 12.92 % and the R2 remaining above 0.44 at the city level. By deeply coupling mechanistic simulation with data mining, this dataset provides detailed support for optimizing agricultural production and guiding farming practices. The Northeast China Maize Yield 10 m dataset is openly available at https://doi.org/10.5281/zenodo.19547014 (Hu et al., 2026)."
10.5194/essd-2026-528,True,Earth System Science Data Discussions,该论文与大气环境遥感技术密切相关，因为它利用卫星遥感技术获取全球湖泊的水质数据，包括叶绿素a和浊度等参数，这些数据对于监测湖泊环境变化和评估气候变化影响具有重要意义。,"['satellite-derived', 'lake surface water quality', 'remote sensing', 'chlorophyll-a', 'turbidity']",Ali Reza Shahvaran;Roohollah Noori;Mohammed Basheer;Kaveh Madani;Chenxi Mi;Kun Shi;Yong Qiang Zhou;R. Iestyn Woolway;Yun Lin Zhang;Bo Qiang Qin;Amir AghaKouchak;Michelle T. H. van Vliet,Global daily satellite-derived lake surface water quality dataset (2002–2022),"We built the first global dataset that tracks daily water quality for more than five thousand lakes over twenty years. By turning complex satellite images into simple, ready-to-use tables, we make lake conditions easy to explore. Our new quality checks help users spot unusual or uncertain data. This resource opens the door for better research and smarter decisions about how lakes are changing in a warming world. 
 Satellite remote sensing is critical for monitoring global inland water quality, yet the complexity and volume of raw data archives often hinder their widespread application. Here, we present a standardized, accessible dataset of concurrent daily water quality statistics for 5,551 lakes worldwide from 2002 to 2022. Derived from the European Space Agency’s Lakes Climate Change Initiative (ESA Lakes_cci), this dataset provides lake-wide statistics—including estimates of mean, ranges and extremes, and spatial coverage—for three relevant water quality parameters: chlorophyll-a (Chl-a), lake surface water temperature (LSWT), and turbidity. Distinctively, these records are harmonized to retain only days on which all three parameters are simultaneously valid, facilitating robust multivariate analysis. The data were extracted using HydroLAKES polygon boundaries and introduce a novel multi-tiered quality assurance flagging scheme to identify spatial inhomogeneities and temporal anomalies, providing a new analytical dimension. By transforming massive, multidimensional NetCDF files into easily-accessible tabular formats, this resource eliminates steep computational barriers, supporting researchers and other end users in conducting macro-scale limnological studies, training machine learning models, and assessing climate change impacts on lake water quality and aquatic ecosystems. The dataset and developed codes are openly accessible at https://doi.org/10.5281/zenodo.20347115 (Shahvaran et al., 2026)"
10.5194/essd-2026-651,False,Earth System Science Data Discussions,该论文主要关注海洋浮游植物光合作用与光照的关系，涉及海洋生态系统的生物化学过程，而非大气环境遥感技术，如空气质量监测、卫星观测或大气成分分析。,"['photosynthesis', 'irradiance', 'marine phytoplankton', 'primary productivity', 'ecosystem models']",Mohammad M. Amirian;Emmanuel Devred;Stephanie Clay;Zoe V. Finkel;Andrew J. Irwin,A Compilation of Marine Photosynthesis–Irradiance Data from 14C Incubation Experiments,"We compiled 50 years of measurements describing how marine phytoplankton photosynthesis responds to light, covering the North Atlantic, Arctic, North Pacific, and Indian oceans. The database provides original measurements alongside environmental and experimental information. Our analyses show that photosynthetic parameters depend on both the mathematical model and experimental methods, highlighting the value of preserving original measurements for future research. 
 Photosynthesis-irradiance (PI) experiments that measure the uptake of 14C labelled bicarbonate over a light gradient established in an incubator are foundational to computations of primary productivity and models of photosynthesis in ecosystem models. We present a compilation of PI data collected over the last 50 years with largely consistent methods, totalling 3751 PI curves from the North Atlantic (2384 curves), Arctic (1209), North Pacific (90) and Indian (68) oceans. Unlike many compilations, we present original measurements of photosynthetic rate and irradiance, together with derived photosynthesis-irradiance (PI) model parameters as well as detailed metadata including experimental design, environmental conditions, and methodological variation. Using this database and a suite of PI models, we show how parameter estimates typically vary across observations and model formulations, and demonstrate how differences in experimental design and methodology can systematically affect parameter values. We show that quality statistical conversion of parameter values from one model to another is often possible, although direct estimation of parameters from original data is always preferable."
10.5194/gmd-19-7911-2026,True,Geoscientific Model Development,该研究评估了区域气候模型（ALARO1-SFX）在比利时不同分辨率的模拟效果，重点关注温度、降水和极端降水，这与大气环境遥感技术中的空气质量监测、卫星观测和大气成分分析密切相关。,"['regional climate model', 'SURFEX', 'temperature', 'precipitation extremes']",Wout Dewettinck;Hans Van de Vyver;Daan Degrauwe;Rafiq Hamdi;Michiel Van Ginderachter;Bert Van Schaeybroeck;Kwinten Van Weverberg;Kobe Vandelanotte;Steven Caluwaerts;Piet Termonia,Evaluation of the ALARO1-SFX (CY43T2) regional climate model over Belgium across different resolutions,"This study evaluates an updated version of the ALARO (ALADIN–AROME) regional climate model over Belgium at multiple resolutions, using long-term climate simulations. Coupling the model to the externalised surface scheme SURFEX (Surface Externalisée) and running at higher resolutions improved simulated temperature, precipitation, and precipitation extremes, supporting the value of high-resolution modelling for representing local climate extremes and informing adaptation. 
 Regional climate modelling is essential for providing reliable information to understand localised impacts and guide adaptation strategies in the context of climate change. This study evaluates long-term continuous climate simulations over Belgium performed with the ALARO1-SFX model, a novel version of ALARO-1 that incorporates an advanced surface scheme (SURFEX) and improved physiographic datasets.A scale-selective evaluation setup is introduced, employing a multi-level dynamical downscaling framework to assess the progressive added value of increasing resolution from the mesoscale to convection-permitting scales. The model's performance is evaluated against a gridded observational dataset and precipitation station measurements, focusing on temperature and precipitation biases, diurnal precipitation cycles, and extreme precipitation statistics.Results indicate that the higher resolutions (12.5  and 4 km) improve temperature and precipitation biases relative to the 25 km simulation, with the 4 km resolution providing the best representation of hourly extreme precipitation and its diurnal cycle. A dedicated sensitivity experiment isolates the contribution of the SURFEX land-surface scheme from that of resolution, attributing a substantial part of the improvement in near-surface temperature and precipitation to the introduction of SURFEX. However, all simulations exhibit varying degrees of wet and cold biases. The findings underscore the added value of convection-permitting modelling for improving diurnal precipitation cycles. Furthermore, the study provides evidence that increasing model resolution improves the representation of extreme precipitation."
10.5194/gmd-19-7893-2026,False,Geoscientific Model Development,该论文主要关注古气候数据同化方法，涉及从珊瑚记录中重建过去温度，虽然使用了自适应观测误差膨胀和自适应定位等技术，但其核心内容与大气环境遥感技术（如空气质量监测、卫星观测、大气成分分析、气溶胶反演）关系不大。,"['data assimilation', 'adaptive observation error inflation', 'adaptive localization']",Ge Luo;Yuefei Zeng;Feng Zhu;Jiuwei Zhao,Paleoclimate data assimilation with adaptive observation error inflation and adaptive localization,"Reconstructing past temperatures from sparse coral records is challenging. We developed two adaptive methods to improve how model simulations are combined with proxy data. The first adjusts trust in each record based on model consistency; the second adapts how far each record influences the reconstruction. Our approach improved accuracy and better captured El Niño–Southern Oscillation patterns, especially in data‑poor regions. These strategies enable more reliable climate reconstructions 
 Paleoclimate data assimilation methods significantly enhance the accuracy, spatiotemporal continuity, and global relevance of climate reconstructions by integrating Earth system models with proxy records. In this study, we further improve the algorithm by implementing two adaptive strategies – adaptive observation error inflation and adaptive localization – and systematically evaluate their performance in reconstructing temperature data over equatorial regions. For the adaptive observation error inflation experiments, two distinct methods were employed: the adaptive observation error inflation (AOEI) method yields significant improvements in specific regions but also introduces local biases, whereas the Huber Robust Estimation (HAOEI) method provides more robust and spatially consistent enhancements overall. In the adaptive localization experiments, the localization radius and weight matrix at each grid point are dynamically adjusted based on observational density and correlation information. This strategy effectively utilizes sparse observational data, suppresses spurious teleconnections, accurately reproduces the spatial structure of dominant climate variability modes, and thereby enhances the overall stability of the analyzed field."
10.1029/2026GL125188,True,Geophysical Research Letters,该论文使用卫星数据（土壤湿度）来分析陆地反馈状态，这与大气环境遥感技术中的大气成分分析和水文气候极端事件监测密切相关。,"['satellite-derived', 'soil moisture', 'land feedback', 'atmospheric composition', 'hydroclimatic extremes']",Sandipan Paul;Lanka Karthikeyan,Normalized Regime Persistence: A Simple Metric to Diagnose Land Feedback States,"Land feedbacks regulate energy flux partitioning and hydroclimatic extremes, yet their global characterization remains constrained by global‐scale robust flux estimates. Here, we introduce a new observation‐driven metric that circumvents multi‐variate flux dependencies by characterizing land feedback states using satellite‐derived soil moisture variability as the only dynamically varying input. Results demonstrate that climatic gradients fundamentally shape the seasonal evolution of three land feedback regimes. Weak coupling dominates arid regions throughout the year, whereas decoupling prevails in humid climates during wet seasons. Dynamically interacting states peak in semi‐arid to sub‐humid regions during pre‐ and post‐rainfall seasons when soil moisture intermittently crosses critical threshold. Analysis using energy flux‐based coupling diagnostics further shows that dynamically coupled states exhibit systematically stronger and more coherent water‐energy coupling, particularly across transitional climates. These findings confirm that the dynamic state is not merely a classification artifact but represents a physically distinct regime with robust and measurable coupling strength."
10.1029/2026GL122962,False,Geophysical Research Letters,该论文的主题是关于使用单站地震学定位月震，主要涉及地震波分析和月球地质研究，与大气环境遥感技术（如空气质量监测、卫星观测、大气成分分析、气溶胶反演）没有直接关系。,"['seismology', 'moonquakes', 'Apollo seismic network']",Doyeon Kim;Jung‐Hun Song;Nicholas C. Schmerr,Locating Moonquakes With Single‐Station Seismology,"Renewed international interest in lunar seismometer deployments requires robust single‐station location approach for the highly scattering Moon's crust. We present an event‐location strategy using major lunar event types recorded by the Apollo seismic network. Frequency‐dependent polarization analysis provides P‐wave back‐azimuth and incidence, which, combined with S–P differential times, enables event localization despite strong scattering. Artificial impacts with known source locations show that epicenter and depth are recovered within 1‐σ $\sigma $ uncertainty when signal‐to‐noise ratio (SNR) exceeds 2. Natural events with SNR >2 are likewise consistent with previously reported multi‐station locations, demonstrating robust performance across event types. For all events, azimuthal misfit strongly correlates with SNR and shows no systematic dependence on crustal path length. P‐wave inclination separates deep moonquake nests from shallow events and provides complementary sensitivity to Apollo‐site regolith thickness and seismic wavespeed. This approach is directly applicable to forthcoming lunar missions."
10.1029/2026GL124792,True,Geophysical Research Letters,该论文研究了美国湖泊的甲烷排放及其驱动因素，涉及大气甲烷的来源和排放机制，与大气环境遥感技术中的空气质量监测和大气成分分析密切相关。,"['methane', 'ebullition', 'lake emissions']",Chunqi Shen;Peter A. Raymond,"Methane Emissions From U.S. Lakes Dominated by Ebullition, Shallow Zones, and Anthropogenic Drivers","Lakes are globally important sources of atmospheric methane (CH4), yet a process‐based understanding of their emissions and drivers at regional scales remains limited. Here we developed and applied a one‐dimensional lake model to 42,948 natural lakes across the contiguous United States (CONUS). Simulations indicate that ebullition is the dominant emission pathway, contributing ∼70% of total fluxes, particularly in shallow, eutrophic systems. Shallow benthic zones act as emission hotspots, accounting for ∼85% of lake CH4 emissions. CONUS lakes oxidize ∼65% of produced CH4 on average, with oxidation efficiencies ranging from 46% in shallow lakes to 92% in deeper systems. Scenario analyses demonstrate that warming and nutrient enrichment jointly drive strong, nonlinear increases in lake CH4 emissions by preferentially enhancing ebullition. Our results indicate that nutrient management offers a practical and effective pathway to mitigate future lake CH4 release and weaken anthropogenic climate feedbacks."
10.1029/2026GL123797,True,Geophysical Research Letters,该论文研究西伯利亚火灾季节的变化及其驱动因素，涉及干旱、火灾天气条件等，与大气环境遥感技术（如空气质量监测、卫星观测、大气成分分析、气溶胶反演）密切相关，因为这些技术常用于监测和分析火灾、干旱等大气现象。,"['fire season', 'drought', 'wildfires', 'atmospheric composition', 'remote sensing']",Yawen Liu;Lian Xue;Xin Huang;Yun Qian;Minghuai Wang,Extended Fire Season Over Eastern Siberia Driven by Accumulated August–September Drought,"Siberian wildfires, a major disturbance to ecosystems and carbon cycles, have intensified in recent decades, yet long‐term changes in fire seasonality remain unclear. Here, using a refined fire‐season framework, we identify a pronounced shift in fire season characteristics over eastern Siberia during 2002–2023, marked by substantial lengthening of the fire season and increasingly clustered occurrence of large fires. The fire season extends primarily through delayed termination of 1.48 days/yr into late autumn, associated with the growing persistence of extremely large September fires and more wildfire ignitions in October. We further find that enhanced fire‐weather conditions are the main driver, arising from accumulated drought associated with precipitation deficits in the preceding August–September period. These deficits coincide with persistent high‐pressure anomalies linked to declining Arctic sea ice and subpolar North Atlantic cooling, underscoring the importance of understanding mechanisms and improving early warning of antecedent hydroclimate in shaping high‐latitude fire‐season dynamics."
10.1029/2026GL122809,True,Geophysical Research Letters,该论文研究的是大气环境变化，特别是冰芯同位素（δ18O）与区域降雨的关系，以及北大西洋 overturning circulation (AMOC) 对东亚夏季风的影响。虽然不直接涉及遥感技术，但其研究大气成分和降水变化，与大气环境遥感技术（如空气质量监测、卫星观测）有间接关联，因为大气成分和降水是环境遥感的重要监测对象。,"['δ18O', 'stalagmite oxygen isotopes', 'climate simulations', 'atmospheric composition', 'precipitation dipole']",Yitao Liu;Chengfei He;Jun Cheng;Hongbin Zhang;Youbin Sun,AMOC Weakening Controls δ18O but Not Rainfall in North China During Deglacial Abrupt Events,"East Asian Summer Monsoon (EASM) varied at orbital and millennial timescales during the Last Deglaciation (∼20–11 ka). The uniform δ18O response in East China is often linked to EASM circulation that drives a precipitation dipole in North and South China on orbital scale. Yet the relationship between stalagmite oxygen isotopes (δ18Oc) and regional rainfall remains ambiguous at millennial timescales. Combining proxy records with isotope‐enabled transient climate simulations (iTraCE), we demonstrate a decoupling between changes in δ18Oc and regional precipitation in North China during millennial‐scale events. Although δ18Oc responds uniformly across East China to AMOC changes and is correlated with South China rainfall, North China rainfall is instead largely driven by insolation, with negligible millennial‐scale variability. This reflects that East China δ18Oc is driven by AMOC‐induced shifts in moisture source δ18O. Our findings emphasize that δ18Oc records require forcing‐specific interpretation in East Asia across timescales."
10.1029/2026GL123600,False,Geophysical Research Letters,该论文研究的是地壳的地震学性质和裂谷的形成机制，主要涉及地震波速和径向各向异性，与大气环境遥感技术（如空气质量监测、卫星观测、大气成分分析、气溶胶反演）无直接关系。,"['ambient noise adjoint tomography', 'seismic radial anisotropy', 'crustal shear-wave velocity']",Taozhi Wang;Zhen Guo;Yanbin Wang;Lipeng He;Xiaobo Tian,Seismic Radial Anisotropy of the Southern Tibetan Rifts From Ambient Noise Adjoint Tomography: Basal Shear and Localized Crustal Weak Zones Promote Rifting,"North–south‐trending rifts in southern Tibet record E–W extension within the Tibetan Plateau, closely linked to high gravitational potential energy from collisional thickening and northward underthrusting of the Indian lower crust. To reveal how basal shear is transmitted upward and controls rifting, we use ambient noise adjoint tomography with broadband temporary‐array data to construct crustal shear‐wave velocity and seismic radial anisotropy (RA) models beneath three rifts. Positive RA is pervasive in the mid‐to lower crust of the Lhasa Terrane (∼30–55 km), indicating ductile shear deformation related to Indian lower‐crustal underthrusting. In contrast, low velocities (equivalent to ∼3.7%–5.2% partial melt) and strong positive RA in the mid‐to upper crust (∼10–30 km) are mainly confined beneath rift axes. These results suggest that, during upward transmission, deep basal shear preferentially focuses into localized weak zones in the mid‐to upper crust, thereby promoting rifting above."
10.1029/2026GL124323,False,Geophysical Research Letters,该论文主要关注河流建模和地表水观测技术，虽然提到了SWOT卫星测量，但其核心内容是关于河流模型的评估和应用，而非大气环境遥感技术，如空气质量监测或大气成分分析。,"['Surface Water and Ocean Topography', 'river modeling', 'satellite measurements']",Colin J. Gleason;Paul D. Bates;Michael T. Durand;Dongmei Feng;Augusto Getirana;Peirong Lin;Hind Oubanas;Tamlin M. Pavelsky;Chaopeng Shen;Laurence C. Smith;Jida Wang;Dai Yamazaki;Yuan Yang;Heejin An;Fiona B. Bennitt;Stephen J. Chuter;Chenqi Fang;Jonathan A. Flores;Elisa Friedmann;Sreelekha Jarugula;Haoyu Ji;Theodore Langhorst;Di Long;Dung T. Vu;Ziyun Yin;George H. Allen;Konstantinos M. Andreadis;Sylvain Biancamaria;Casey M. Brown;Cédric H. David;Ming Pan;Jeffrey C. Neal;Stephen P. Coss;Merritt E. Harlan;Peyman Saemian;Travis T. Simmons;Nikki Tebaldi;M. J. Tourian,"SWOT, Empiricism, and River Modeling","Given the insurmountable challenge of measuring all rivers in situ, global river models serve as the foundation of freshwater knowledge past, present, and future. We adopt an inductive empirical framework based on Surface Water and Ocean Topography (SWOT) satellite measurements to assess these models. After controlling for SWOT data quality, we examine 68,347 individual river reaches representing ∼38% of global discharge. We find river models currently struggle in areas of heavy economic development, multi‐channel rivers, arid areas, and many Arctic rivers. After controlling for these expected errors, we find better skill as rivers get wider and that parts of Siberia and China are particularly difficult to model. We also find large variability and spatial heterogeneity to model performance, resisting oversimplification. Our results suggest that leveraging SWOT observations within river models will improve them, but river models must adapt their structure to represent realistic hydraulics to do so."
10.1029/2026JD046489,True,Journal of Geophysical Research: Atmospheres,该论文研究欧洲中期天气预报中心（ECMWF）S2S模型的年周期偏差对东亚地区亚季节性降雨预报技巧的影响。涉及大气内部过程和年周期成分，与大气环境遥感技术（如降雨监测和大气成分分析）密切相关，因此密切相关。,"['ECMWF S2S model', 'subseasonal rainfall forecast', 'atmospheric internal processes']",Haoyu Li;Congwen Zhu;Yuhan Yan;Yuejian Zhu;Ning Jiang;Boqi Liu;Zhiqun Hu,Impact of Annual Cycle Bias of ECMWF S2S Model on the Subseasonal Rainfall Forecast Skill Over East Asia in 2024,"The subseasonal forecast of rainfall beyond 10 days over the East Asian monsoon region is largely affected by cross‐timescale modulations, particularly the synoptic time scale (<10 day) and annual cycle (>90 day) components, which are related to initial atmospheric condition and external forcing, play important roles in determining the subseasonal forecast skill of subseasonal‐to‐seasonal (S2S) models. Based on time scale decomposition, we investigate the multi‐time scale errors of the ensemble rainfall forecast generated by the European Centre for Medium‐Range Weather Forecasts (ECMWF) S2S model in 2024. Our results show that the model exhibits a faster annual cycle beyond 1 week forecast lead. This rapid drift restricts the model forecast skill for rainfall by one day via the impact of atmospheric internal processes. The systematic bias in the model is mainly observed in the phase and amplitude of the first harmonic rainfall component, which stems from the model's quick and strong response to the forcing of La Niña–like conditions during the Meiyu season in China."
10.1029/2026JD046491,True,Journal of Geophysical Research: Atmospheres,该论文研究长江流域的增温现象，并与全球陆地和同纬度区域的增温情况进行比较，涉及大气温度变化和影响因素分析，与大气环境遥感技术中的空气质量和大气成分监测密切相关。,"['warming amplification', 'Yangtze River Basin', 'surface air temperature', 'CO2 forcing', 'water vapor feedback']",Yawen Liu;Jianping Duan;Buwen Dong;Wei Chen;Adil Dilawar;Yanjiao Wang;Ruining Bao;Haoxin Zhang,Recent Warming Amplification in the Yangtze River Basin Compared to the Global Land,"Under global warming, regional warming amplification has drawn considerable attention. The Yangtze River Basin (YRB), one of the most densely populated regions worldwide, experienced frequent and exceptional warm extremes in recent decades, but whether the region is experiencing a warming amplification remains unclear. This study detects the signature of seasonal warming amplification by comparing warming magnitudes between the YRB, global land and the same latitudinal zone. Moreover, we use dominance analysis to quantify the relative importance of explanatory factors for seasonal surface air temperature (SAT) variability between periods. Results reveal a sharp acceleration in warming over the YRB in the recent three decades (1993–2023) compared to the preceding three decades (1961–1992), with rates during 1993–2023 exceeding three times those of 1961–1992. This shift marked a transition in dominant warming seasons from winter‐autumn (1961–1992) to spring‐summer (1993–2023). Spatially, seasonal warming magnitude over the YRB during 1993–2023 exceeds that of 37.56% (winter SAT) to 82.43% (summer SAT) of global land and 26.09% (winter SAT) to 74.38% (summer SAT) of the same latitudinal zone, with amplification most pronounced in spring and summer across the middle‐lower basin. Dominance analysis indicates that while intensified CO2 forcing and rapid urbanization were major explanatory factors of warming over the basin, water vapor feedback (WVF) likely further amplified warming by enhancing longwave radiative processes. Our results highlight the important role of WVF as a nonlinear amplifier of recent warming over the YRB, with implications for understanding basin‐scale climate sensitivity and future heat risks."
10.1029/2026JD046434,True,Journal of Geophysical Research: Atmospheres,该论文研究了从TEMPO图像中获取云概率和检测云的方法，涉及大气环境遥感技术，特别是卫星观测和大气成分分析。论文使用了物理引导特征选择机器学习框架，并强调了其在大气成分监测中的应用潜力，因此与大气环境遥感技术密切相关。,"['cloud probability retrieval', 'TEMPO imagery', 'physics-guided feature selection', 'hyperspectral observations', 'atmospheric composition monitoring']",Xiaohang Shi;Yulong Fan;Kai Yang;Zhanqing Li;Xiong Liu;Jhoon Kim;Lin Sun;Shulin Pang;Chao Liu;Jing Wei,A Physics‐Guided Feature Selection Machine Learning Approach for Cloud Probability Retrieval and Detection From TEMPO Imagery,"Accurate cloud detection is critical for reliable retrievals of aerosols and trace gases from remote‐sensing measurements. TEMPO provides unprecedented hourly observations over North America, but radiometric calibration biases, thousands of spectral channels, and limited spectral coverage make cloud detection challenging. Here, we develop a physics‐guided feature selection machine learning (PGML) framework that integrates radiative transfer simulations with a LightGBM architecture to detect clouds from TEMPO hyperspectral observations. Our approach starts with radiative transfer simulations to identify the spectral channels most sensitive to clouds among the 2,056 available. An explainable AI method is then applied to rank feature importance, further refining model inputs to 25 ultraviolet and visible channels plus geometric angles, improving interpretability and computational efficiency. Using mature GOES‐R cloud masks as reference labels, the model is trained and optimized with a cross‐entropy loss function to predict cloud probability. The approach effectively captures diurnal variations in both cloud fraction and spatial structures. The resulting cloud masks show high classification performance against the reference masks, with a balanced overall accuracy (BOA) of 84.43%, outperforming the Level 1B cloud mask (73.86%), which tends to underestimate cloud cover. Independent validation with AERONET observations further confirms this improvement (BOA: 78.54% vs. 54.88%). Moreover, the framework generalizes well to GEMS, achieving BOA scores of 80.38%, 71.98%, and 77.42% against Himawari cloud masks, AERONET, and CALIPSO observations, respectively. These results highlight the framework's strong adaptability and transferability, as well as its potential to enhance atmospheric composition monitoring with the next generation of hyperspectral environmental satellites."
10.1029/2026JD046517,False,Journal of Geophysical Research: Atmospheres,该论文主要关注利用GRACE数据改进陆地水文循环建模，特别是ENSO对水文的影响，并未涉及大气环境遥感技术，如空气质量监测、卫星观测、大气成分分析或气溶胶反演。,"['GRACE', 'terrestrial water storage', 'Noah-MP', 'Data Assimilation Research Testbed']",Wenli Fei;Hui Zheng;Peirong Lin;Zong‐Liang Yang;Xiangyong Lei;Kai Li;Anzhi Wang;Jiabing Wu;Lidu Shen;Yage Liu;Yuan Zhang;Rongping Li,Assimilating GRACE Data for Improved Modeling of the Terrestrial Hydrological Cycle and Its Response to ENSO With the Noah‐MP Multi‐Physics Ensemble,"Assimilating the Gravity Recovery and Climate Experiment (GRACE) terrestrial water storage (TWS) has been proven a promising approach to improving terrestrial hydrological simulation, but its impact under different climatic regimes and on hydrological responses to important climatic oscillations (i.e., El Niño‐Southern Oscillation (ENSO)) remains unclear. This study constructed a land surface data assimilation (DA) system based on a multi‐physics ensemble constructed by the Noah‐Multiparameterization land surface model (Noah‐MP) and the Data Assimilation Research Testbed over the southern contiguous United States (CONUS). The system features a set of high‐skill and low‐interdependence parameterization configurations as the assimilation ensemble, based on which the daily‐scale GRACE TWS was assimilated using the Ensemble Adjustment Kalman Filter. Results show that DA enhances the performance of TWS anomaly in the southeastern/south‐central CONUS, the Rocky Mountains, the Sierra Nevada, and the Pacific Northwest. For soil moisture, DA offers more skill gains in the deep layer than in the surface layer. For snow water equivalent, DA improves the performance in the northeastern/central CONUS and the western mountains, but offers limited gains in the southern CONUS, where the snow cover is shallow and seasonal. DA improves the runoff simulations in arid and semi‐arid regions where Noah‐MP performs poorly, but slightly degrades the performance in humid regions where Noah‐MP performs well. DA also improves the fidelity of runoff–ENSO linkages in semi‐arid and arid regions by eliminating spurious correlations. Our findings confirm the effectiveness of GRACE DA in reducing hydrological simulation uncertainties and demonstrate its potential for improving water management planning under climatic oscillations."
10.1029/2026JD046723,True,Journal of Geophysical Research: Atmospheres,该论文使用区域光谱模型（IsoRSM）对中美洲的降水和同位素进行高分辨率模拟，涉及大气变量的模拟和同位素监测，与大气环境遥感技术（如空气质量监测、大气成分分析）密切相关。,"['atmospheric simulation', 'precipitation isotopes', 'IsoRSM', 'topographic representation', 'air quality monitoring']",Yan Yang;Christian Birkel;Chris Soulsby;Ana M. Durán‐Quesada;Ricardo Sánchez‐Murillo;Germain Esquivel‐Hernández;Kei Yoshimura;Dörthe Tetzlaff,High‐Resolution Regional Atmospheric Simulation of Precipitation and Isotopes in Central America,"With advances in global and regional circulation models, the high‐resolution simulation of atmospheric variables has become increasingly feasible. In this study, we use IsoRSM, an isotope‐enabled regional spectral model, to improve the simulation of precipitation and its isotopic composition over tropical Costa Rica, which is marked by a pronounced topography and is surrounded by two oceans. A 14‐year (2010–2023) simulation was performed at a relatively high spatial (5 km) and temporal (6‐hourly) resolution over a 6° × 6° domain covering Costa Rica and surrounding regions. Model outputs were evaluated using observations from 58 precipitation‐amount sites and 27 isotope‐monitoring sites and were compared with a 10 km IsoRSM simulation from a previous study over a larger spatial domain. After applying quantile mapping (QM) bias correction, the model generally captured the spatial patterns and seasonal cycles of precipitation inputs and precipitation isotopes across Costa Rica. The mean Kling‐Gupta efficiency (KGE) for bias‐corrected precipitation δ2H reached 0.43, and the 5 km simulation outperformed the previous 10 km run, highlighting the benefits of improved topographic representation. IsoRSM also clearly simulated the δ2H‐δ18O relationship and the interannual variability along the topographical gradient of Costa Rica. Thus, the bias‐corrected IsoRSM outputs offer a promising source of simulated data for further application, such as the forcing data for isotope‐enabled eco‐hydrological models."
10.1029/2026JD047613,True,Journal of Geophysical Research: Atmospheres,该论文研究云垂直分布对地表温度异常的敏感性，涉及大气成分分析、卫星观测和气候变化，与大气环境遥感技术密切相关。,"['cloud vertical distribution', 'surface temperature', 'atmospheric heating rates']",Weiyuan Zhang;Jiming Li;Sihang Xu;Yang Zhao;Qiudi Xu;Yang Wang;Bida Jian;Yuan Wang,Significant Latitude‐Dependent Sensitivity of Cloud Vertical Distribution to Surface Temperature Anomalies,"Changes in the vertical distributions of cloud fraction (CF) and cloud phase (CP) are robust signatures of climate change and directly influence atmospheric heating rates, planetary energy budget and hydrological cycle. However, the global sensitivities of CF and CP profiles to surface temperature (ST) change remain poorly understood, contributing to major uncertainties in climate projections. Using DARDAR‐MASK observations, we show that clouds in low latitudes exhibit predominantly negative sensitivities, largely associated with a weakened Walker circulation. In the subtropical to mid‐latitude regions, low clouds decrease significantly with increasing STs. Over oceans, this reduction is associated with ST, estimated inversion strength, and horizontal ST advection, whereas over land, 850‐hPa relative humidity (RH) accounts for ∼45.6% of the total sensitivity. In contrast, high clouds increase in mid‐latitudes, mainly associated with enhanced upper‐tropospheric relative humidity and intensified ascent. Land–sea contrast further contributes to hemispheric asymmetry in mid‐latitude sensitivities. In polar regions, CF exhibits positive sensitivities with rising atmospheric RH. Regarding CP sensitivity, the ratios of ice clouds to all clouds exhibit positive sensitivities at mid‐to‐high latitudes but negative sensitivities at low latitudes within the mixed‐phase temperature range (−40 to 0°C), reflecting the combined influences of dynamical conditions and ice‐nucleating particles. These results provide an observation‐based understanding of the sensitivity of global cloud vertical distribution to ST variations, with implications for radiative feedbacks and constraints on climate models."
10.1029/2026JD046493,True,Journal of Geophysical Research: Atmospheres,该论文研究城市化对复杂海岸地形上热带气旋降水的影响，涉及大气环境与地表相互作用的改变，属于大气环境遥感技术（如空气质量监测、卫星观测、大气成分分析、气溶胶反演）的相关领域。,"['tropical cyclone', 'urbanization', 'atmospheric interactions', 'land use', 'rainfall']",Fanyu Xu;Huiling Yuan,The Impact of Urbanization on Tropical Cyclone Rainfall Over Complex Coastal Terrain,"Rapid coastal urbanization alters land–atmosphere interactions and can modify tropical cyclone (TC) rainfall. This study examines urbanization effects on TC rainfall in the Yongjiang River basin, China, using the Weather Research and Forecasting model. Two TCs (Lekima 2019 and In‐fa 2021) with contrasting predominant wind directions are analyzed under historical and future land use scenarios derived from multiple Shared Socioeconomic Pathways–Representative Concentration Pathways. Results show that urbanization enhances TC precipitation downwind of urban areas and in the mountainous region. Urban‐induced warming and increased surface roughness strengthen low‐to mid‐level convergence and ascent, and enhance moisture and equivalent potential temperature. In complex terrain, convergent ascent anomalies can propagate downwind, further amplifying rainfall over the mountainous region. Terrain‐removal experiments further verify the role of topography in the urbanization effect of TC precipitation. These results quantify how urbanization intensifies TC rainfall in coastal regions and highlight the importance of accounting for urban expansion in flood and disaster planning."
10.1029/2025EF007836,False,Earth's Future,该论文主要关注全球海平面上升预测的演变及其不确定性，与大气环境遥感技术（如空气质量监测、卫星观测、大气成分分析、气溶胶反演）没有直接关联。,[],Andra J. Garner;Amy Appollina;Jessica Slotter;Gregory G. Garner;Aimée B. A. Slangen;Robert E. Kopp;Benjamin P. Horton,Evolution of Global Sea‐Level Rise Projections and Their Uncertainty,"For more than 40 years, scientists have projected future sea‐level change. Documenting how sea‐level projections have evolved is vital for tracking progress, uncertainties, and future research needs. Here, we update and analyze a database of global‐mean sea level (GMSL) projections dating from 1982 to 2025, identifying five key findings. First, GMSL projection generation has been concentrated in a small number of developed countries, with 95% of projections produced in the United States, United Kingdom, European Union, or Australia. Second, while GMSL projections for 2050 and 2100 have been published regularly since the early 1980s, only 30 of 103 studies have produced projections extending beyond 2100; all but one of these 30 studies postdates 2010. Third, among studies providing multiple estimates, the range of highest GMSL projections for 2100 has broadened since 2007, reaching 0.6–2.0 m across publications since the Intergovernmental Panel on Climate Change (IPCC) Sixth Assessment Report (AR6). Fourth, GMSL projections from the IPCC have historically been conservative compared to projections from individual studies. Prior to AR6, ∼66% of 2100 projections at the upper end of uncertainty intervals from individual studies exceeded the corresponding upper projections from IPCC reports. However, the inclusion of “low‐confidence” GMSL projections in AR6 to assess higher amounts of GMSL change of poorly known likelihood reduces this problem: the 83rd percentile of these low‐confidence projections is exceeded by <25% of upper estimates from individual studies. Finally, analyses suggest that the arrival time of key GMSL milestones are often similar for projections spanning multiple eras and using various methodologies."
10.1038/s41561-026-02092-0,True,Nature Geoscience,该论文研究黑碳颗粒的涂层对其增温潜力的调节作用，涉及大气环境中的颗粒物和黑碳，属于大气环境遥感技术的范畴，与空气质量监测和大气成分分析密切相关。,"['black carbon', 'aerosol', 'warming potential', 'particulate matter', 'global observations']",,Black carbon warms more strongly in aerosol-rich air,"Coatings on black carbon particles modulate their warming potential. A decade of global single-particle observations shows that the amount of coating scales with the ratio of particulate matter smaller than 2.5 μm in diameter to black carbon mass, enabling the warming effect of black carbon to be evaluated worldwide. 
 Coatings on black carbon particles modulate their warming potential. A decade of global single-particle observations shows that the amount of coating scales with the ratio of particulate matter smaller than 2.5 μm in diameter to black carbon mass, enabling the warming effect of black carbon to be evaluated worldwide."
10.1038/s41561-026-02071-5,True,Nature Geoscience,该论文使用卫星数据（如Landsat）来监测地表温度，并分析森林扰动对地表气候的影响，这与大气环境遥感技术中的地表温度监测和空气质量评估密切相关。,"['satellite-derived', 'land-surface temperature', 'disturbance data', 'Landsat']",Yang Su;Yidi Xu;Xianglin Zhang;David Makowski;Agnes Pellissier-Tanon;Saverio Francini;Tianqi Shi;Ke Yu;Siyu Liu;Haotian Chen;Haoruo Li;Jinfeng Chang;Songchao Chen;Chaohui Yin;Nikola Besic;Martin Brandt;Alba Viana-Soto;Katja Kowalski;Cornelius Senf;Alexandre d’Aspremont;Philippe Ciais,Disturbance characteristics and forest properties regulate surface warming and recovery across Europe,"Forest disturbances drive substantial surface warming across Europe, with magnitude and recovery shaped by disturbance severity, size and forest characteristics, as inferred from combining satellite-derived land-surface temperature estimates with continent-wide disturbance data. 
 Disturbances that disrupt the structure, composition or functioning of forest ecosystems are increasing in frequency and severity across Europe due to climate change and land-use pressures. Yet their effects on local surface climate remain poorly quantified. Here we combine Landsat-derived summer land-surface temperature estimates with a Europe-wide disturbance record to assess how disturbance attributes and forest properties shape post-disturbance warming and thermal recovery. We find that disturbed forests exhibit higher summer land-surface temperatures, with warming of 1.70 °C relative to adjacent undisturbed forests located 100 to 500 m from disturbance edges. Post-disturbance temperature anomalies are driven primarily by vegetation and canopy-structure loss, with disturbance severity emerging as the strongest predictor. Forest properties further modulate warming, with needleleaf forests warming more strongly than broadleaf forests and plantations more than natural forests. Thermal recovery trajectories shows that more than 82% of disturbance-induced warming dissipates within ten years. Together, these findings identify key biophysical controls on disturbance-driven surface warming across Europe and highlight the potential of forest-management strategies to limit its magnitude, while balancing thermal, ecological and silvicultural goals. Forest disturbances drive substantial surface warming across Europe, with magnitude and recovery shaped by disturbance severity, size and forest characteristics, as inferred from combining satellite-derived land-surface temperature estimates with continent-wide disturbance data."
10.1038/s41561-026-02068-0,True,Nature Geoscience,该论文研究了大气中黑碳的增温潜力及其受颗粒物调制的影响，涉及空气质量监测、大气成分分析等，与大气环境遥感技术密切相关。,"['black carbon', 'particulate matter', 'radiative forcing', 'air quality monitoring', 'atmospheric composition analysis']",Dantong Liu;Fei Jiang;Kang Hu;Shuo Ding;Xuan Wang;Huihui Wu;Yang Yang;Zhonghua Zheng;Chenjie Yu;James Allan;Dawei Hu;Yuan Sun;Ping Tian;Delong Zhao;Mengyu Huang;Siyuan Li;Yangzhou Wu;Sobhan Kumar Kompalli;S. Suresh Babu;Weijun Li;Lei Bi;Shaofei Kong;Yuan Wang;Ying Chen;Pengfei Liu;Joshua P. Schwarz;Hugh Coe,Warming potential of atmospheric black carbon modulated by particulate matter,"Layers of particulate matter that accumulate on black carbon can boost warming by raising top-of-atmosphere forcing, with biomass-burning particles two to three times more impactful than urban ones, based on a model and global observations. 
 The mixing state of atmospheric black carbon is a key determinant of its climate forcing. While higher concentrations of non-black-carbon components surrounding black-carbon particles (known as coatings) can enhance radiative effects, accurately representing and validating these effects at high spatiotemporal resolution remain computationally challenging. Here, we synthesize a decade (2012–2021) of intensive ground-based and aircraft-based global in situ observations of single-particle black carbon and its coatings to quantify how coating thickness varies across urban and wildfire biomass-burning sources and how this variability influences black-carbon radiative forcing. We find that coatings increase the global top-of-atmosphere radiative effect of black carbon from 0.20 ± 0.25 W m−2 to 0.30 ± 0.42 W m−2, with an additional 0.065 ± 0.15 W m−2 attributable to black carbon in cloud liquid water. Thicker coatings make the radiative effects of biomass-burning black carbon two to three times stronger than the radiative effects of urban black carbon. This enhanced forcing may persist into the future, as particulate-matter concentrations are projected to follow divergent trajectories over the next half century. Our results suggest that black carbon exerts stronger warming effects in more polluted environments, highlighting the importance of jointly controlling black-carbon and particulate-matter emissions. Layers of particulate matter that accumulate on black carbon can boost warming by raising top-of-atmosphere forcing, with biomass-burning particles two to three times more impactful than urban ones, based on a model and global observations."
10.1038/s41467-026-77164-1,False,Nature Communications,该论文主要关注植物免疫中的小RNA生成基因簇及其与病原体的协同进化，不涉及大气环境遥感技术，如空气质量监测、卫星观测、大气成分分析或气溶胶反演等。,"['small RNA', 'gene cluster', 'plant immunity']",Li Feng;Yingnan Hou;AmirAli Toghani;Zhixue Wang;Bozeng Tang;Nicola Atkinson;Hui Li;Yue Qiao;Yan Wang;Jian Hua;Jixian Zhai;Wenbo Ma,A conserved small RNA-generating gene cluster undergoes sequence diversification and contributes to plant immunity,"Here the authors reveal a conserved small RNA-producing gene cluster that undergoes sequence diversification, driving a co-evolutionary arms race with pathogens. This native innate immunity offers new opportunities to engineer disease resistance in plants. 
 Small RNA-mediated gene silencing contributes to plant immunity. The secondary small interfering RNA (siRNA) pathway promotes defense by silencing target genes in invading fungal and oomycete pathogens. Many secondary siRNAs are derived from transcripts potentially encoding pentatricopeptide repeat (PPR) proteins. Here, we report that siRNA production is an ancient function of a conserved clade of PPR genes that undergo extensive within-species diversification. In Arabidopsis thaliana, siRNA-source PPRs are physically clustered on Chromosome 1. These sequences are diversified through gene duplication followed by sequence diversification and accumulation of high-impact variations including pseudogenization, leading to the accumulation of a diverse siRNA pool. These features are consistent with the engagement of PPR-siRNAs in a co-evolutionary arms race with the pathogens. This study defines siRNA-producing PPRs as a class of defense genes and highlights the potential of PPR-siRNA-based engineering as a strategy to enhance disease resistance. Here the authors reveal a conserved small RNA-producing gene cluster that undergoes sequence diversification, driving a co-evolutionary arms race with pathogens. This native innate immunity offers new opportunities to engineer disease resistance in plants."
10.1038/s41467-026-77152-5,False,Nature Communications,该论文主要研究非厄米带结构和非布洛赫超胞，涉及声学晶体和拓扑学，但与大气环境遥感技术（如空气质量监测、卫星观测、大气成分分析、气溶胶反演）无明显相关性。,"['non-Hermitian band structures', 'acoustic crystals', 'topology']",Jia-Xin Zhong;Jing Lin;Kai Chen;Jing Lu;Kun Ding;Yun Jing,Unveiling non-Hermitian band structures with non-Bloch supercells,"Non-Hermitian band structures enable unusual phenomena but remain difficult to map beyond one dimension. Here, the authors develop a general non-Bloch supercell framework to resolve complex momentum, energy, eigenstates, and topology, demonstrated in one- and two-dimensional acoustic crystals. 
 Real-valued band structures underpin the analysis of periodic Hermitian systems and are well established experimentally. By contrast, non-Hermitian systems feature complex band structures, in which energy and momentum acquire imaginary parts, enabling phenomena that defy conventional Bloch theory. Mapping these complex bands—relating complex momentum to complex energy—and identifying their associated eigenstates is essential yet remains challenging. Here, we introduce a non-Bloch supercell framework that addresses this challenge by treating non-Bloch Fermi points (NBFPs) as key observables and disentangling the roles of real and imaginary parts of momentum. As the non-Hermitian counterparts of Fermi surfaces, NBFPs provide experimentally accessible markers of point‑gap topology and open‑boundary behavior. Experimentally, our approach combines an exponent-flattening protocol with twisted boundary conditions, enabling system-size-independent control of imaginary momentum and preserving high-resolution sampling in real momentum. Implemented in programmable one- and two-dimensional acoustic crystals, our framework acquires momentum-resolved complex energy surfaces and biorthogonal eigenstates by Green’s function measurements. The resulting non‑Hermitian band structures, including complex momentum and energy and Berry curvature distributions, accurately predict open‑boundary spectra and eigenstates, validated in independent open‑geometry experiments. Our work delivers a broadly applicable experimental toolkit for exploring non-Hermitian band geometry and topology in diverse platforms with programmable couplings. Non-Hermitian band structures enable unusual phenomena but remain difficult to map beyond one dimension. Here, the authors develop a general non-Bloch supercell framework to resolve complex momentum, energy, eigenstates, and topology, demonstrated in one- and two-dimensional acoustic crystals."
10.1038/s41467-026-76648-4,False,Nature Communications,该论文主要研究DNA甲基化在基因表达调控中的作用，特别是“甲基化台地”作为焦点表观遗传调控元件的功能。虽然涉及基因表达和表观遗传调控，但与大气环境遥感技术（如空气质量监测、卫星观测、大气成分分析、气溶胶反演）没有直接关系。,"['DNA methylation', 'epigenetic regulatory elements', 'CRISPR-DiR']",Y. V. Liu;J. Suryatenggara;H. Wong;M. K. Jayasinghe;J. P. Tang;H. K. Tan;J. Kwon;Q. Zhou;J. Zhang;S. Moein;S. Ummarino;M. T. N. Le;J. G. Doench;T. Benoukraf;L. Chai;D. Hiwase;D. Thomas;A. Di Ruscio;D. G. Tenen;M. A. Bassal,Methylation Mesa define functional regulatory elements for targeted gene activation,"DNA methylation influences gene expression, but the regulatory importance of specific methylated regions is unclear. Here, the authors identify “Methylation Mesa” as focal epigenetic regulatory elements and show that precise Mesa demethylation drives gene activation, chromatin remodeling and tumor suppression. 
 DNA methylation regulates transcription, yet the demethylation of canonical elements like promoter CpG islands exhibits inconsistent correlations with gene activation. We hypothesize that causal regulatory elements are defined by biophysical hypersensitivity. Profiling 24 whole-genome bisulfite sequencing samples across diverse human and murine models, we identify Methylation Mesa, narrow (~45-300 bp), structurally conserved epigenetic regulatory elements. Mesa show enrichment in 5’ untranslated regions and associate with transcriptional activation significantly better than canonical promoters. To investigate causal regulatory dynamics, we develop CRISPR-DiR, an RNA-based targeted demethylation technology offering greater spatial precision, higher potency, and reduced toxicity compared to CRISPR-TET1. While proximal promoter demethylation initiated limited early transcription, focal demethylation of the Mesa seed acts as the primary driver of exponential CDKN2A (p16) reactivation and robust in vivo tumor suppression. We demonstrate that precise demethylation of a Mesa locus triggers localized demethylation, subsequent activation histone mark deposition, and long-range three-dimensional chromatin rewiring. Thus, Methylation Mesa act as precise, dominant epigenetic regulatory hubs, and CRISPR-DiR as a potent high-resolution tool, establishing a structural framework for biomarker discovery and targeted therapies. DNA methylation influences gene expression, but the regulatory importance of specific methylated regions is unclear. Here, the authors identify “Methylation Mesa” as focal epigenetic regulatory elements and show that precise Mesa demethylation drives gene activation, chromatin remodeling and tumor suppression."
10.1038/s41467-026-77245-1,True,Nature Communications,该研究涉及半导体-液体界面上的离子光伏效应，通过摩擦电诱导的离子极化实现能量转换，这与大气环境遥感技术中的空气质量和成分分析相关，因为半导体和液体界面的研究可以应用于监测和测量大气中的污染物和气体。,"['semiconductor-liquid interfaces', 'iontrovoltaic effect', 'electrical double layers']",Xiang Li;Yu Wei;Yaowen Ouyang;Zhong Lin Wang;Yuying Cao;Wei Di,Iontrovoltaic effect based on triboelectrically induced ion polarization at semiconductor-liquid interfaces,"This work introduces an iontrovoltaic effect that enables efficient energy conversion at semiconductor-liquid interfaces through coupling of triboelectric polarization, electrical double layers, and band modulation. 
 Controlling interfacial energy levels at semiconductor-liquid interfaces is critical yet challenging because charge separation is dictated by coupled semiconductor band bending and electrical double layers. Existing chemical and electrical regulation strategies inevitably require invasive treatments or external energy input. Here, we propose an iontrovoltaic mechanism, in which asymmetric electrical double layers establish ionic concentration gradients driving ionic directional migration. Triboelectrically induced ionic polarization simultaneously modulates electrical double layers and semiconductor band bending, enhancing the coupled electrical double layer-space charge region field to promote photocarrier separation. Coupled interfacial oxidation and ionic migration enable efficient ionic-electronic transport in iontrovoltaic nanogenerators. Local pH mapping, Kelvin probe measurements, and Mott-Schottky analysis confirm coupled ionic redistribution and band modulation. Integrating alkaline oxidation and infrared photothermal activation yields redox-coupled iontrovoltaic nanogenerators with a peak power density of 541 W m−2, exceeding representative triboelectric, tribovoltaic, and triboiontronic systems. By coupling dynamic electrical double layer programming with semiconductor band modulation, iontrovoltaic effect establishes interfacial electrostatics as an active driver of energy conversion and ionic transport, opening opportunities for autonomous, low-power ionic-electronic systems. This work introduces an iontrovoltaic effect that enables efficient energy conversion at semiconductor-liquid interfaces through coupling of triboelectric polarization, electrical double layers, and band modulation."
10.1038/s41467-026-77102-1,False,Nature Communications,该论文主要关注从视网膜图像中提取生物衰老特征，并探讨其与健康和疾病的关联，与大气环境遥感技术（如空气质量监测、卫星观测、大气成分分析、气溶胶反演）无关。,"['retinal images', 'retinal age predictor', 'sex-specific genetic signatures']",Olga Trofimova;Leah Böttger;Sacha Bors;Yating Pan;Bart Liefers;Jose D. Vargas-Quiros;Victor A. de Vries;Michael J. Beyeler;David M. Presby;Dennis Bontempi;Janna Hastings;Caroline C. W. Klaver;Ciara Bergin;Bogdan Draganski;Adham Elwakil;Györgyi V. Hamvas;Ilaria Iuliani;Ihor Kuras;Ilenia Meloni;Sofia Ortin Vela;Ian Quintas;Marc Schindewolf;Reinier O. Schlingemann;Mattia Tomasoni;Sven Bergmann,Deep learning aging marker from retinal images unveils sex-specific clinical and genetic signatures,"Retinal images capture biological features of aging, but their links to health and disease are not fully understood. Here, the authors develop a retinal age predictor and show that accelerated retinal aging is associated with age‑related diseases, mortality and distinct sex‑specific genetic and biological signatures. 
 Retinal fundus images offer a non-invasive window into systemic aging. Here, we fine-tune a foundation model (RETFound) to predict chronological age from color fundus images in 71,343 participants from the UK Biobank, achieving a mean absolute error of 2.85 years. The resulting retinal age gap, i.e. the difference between predicted and chronological age, is associated with cardiometabolic traits, inflammation, cognitive performance, all-cause mortality, dementia, cancer, and incident cardiovascular disease. Genome-wide analyses identify genes related to longevity, metabolism, neurodegeneration, and age-related eye diseases. Sex-stratified models reveal consistent performance but divergent biological signatures: males have stronger links to metabolic syndrome, while in females, both model attention and genetics point to a greater involvement of retinal vasculature. Additional analyses indicate that retinal aging patterns in females vary across the menopausal transition, with postmenopausal females exhibiting higher retinal age gap values and clinical associations that more closely resemble those observed in males. Our study positions the retinal age gap as a biologically relevant and sex-specific phenotype associated with multiple aging-related diseases and outcomes beyond conventional risk factors, including chronological age. Retinal images capture biological features of aging, but their links to health and disease are not fully understood. Here, the authors develop a retinal age predictor and show that accelerated retinal aging is associated with age‑related diseases, mortality and distinct sex‑specific genetic and biological signatures."
10.1038/s41467-026-75462-2,False,Nature Communications,该论文与大气环境遥感技术无关，主要研究cfDNA甲基组在食管鳞状细胞癌和癌前病变的早期检测中的应用。,[],Jiaqi Liu;Lijun Dai;Qiang Wang;Chenghao Li;Zhichao Liu;Tongyang Gong;Hengyi Xu;Ziqi Jia;Wanyuan Sun;Xinyu Wang;Minyi Lu;Tongxuan Shang;Ning Zhao;Jiahui Cai;Zhigang Li;Hongyan Chen;Jianzhong Su;Zhihua Liu,Author Correction: Multimodal analysis of cfDNA methylomes for early detecting esophageal squamous cell carcinoma and precancerous lesions,"Author Correction: Multimodal analysis of cfDNA methylomes for early detecting esophageal squamous cell carcinoma and precancerous lesions 
 "
10.1038/s41467-026-77092-0,False,Nature Communications,该论文研究的是酰胺的合成方法，涉及分子重排和羧酸官能团，与大气环境遥感技术（如空气质量监测、卫星观测、大气成分分析、气溶胶检索）无关。,[],Chenglong Li;Qihang Tan;Qiang Wu;Yun Fu;Yongmei Wang;Bin Song;Tianzeng Huang;Long Liu;Michal Szostak;Tieqiao Chen,Amide synthesis via molecular shuffling of carboxylic acids,"The amide bond represents the most fundamental functional group in chemistry and biology. Herein, the authors report an approach to amide synthesis that relies on molecular shuffling of carboxylic acid functional group. 
 The amide bond is fundamental in chemistry and biology and its classical construction from carboxylic acids and amines is limited by positional connectivity of the carboxylic acid group. Herein, we report an approach to amide synthesis that relies on molecular shuffling of carboxylic acid group. In this reaction, amino benzoic acids engage in oxidative addition to a Pd(0) complex, and CO from decarbonylation inserts into the C–Pd bond formed by alkene insertion before the last reductive elimination, achieving carbonyl shuttle amidation. This amide synthesis is precisely controlled by ligand selection, where the reaction pathway can be fully switched to a divergent amine synthesis by decarbonylative amination. This method features wide substrate scope and excellent functional-group tolerance. Moreover, it is scalable and applicable to linear amides, highlighting its synthetic value. The study opens avenues for amide synthesis by carbonyl reshuffling and advances their use as critical building blocks in chemical science. The amide bond represents the most fundamental functional group in chemistry and biology. Herein, the authors report an approach to amide synthesis that relies on molecular shuffling of carboxylic acid functional group."
10.1038/s41467-026-77057-3,False,Nature Communications,该论文主要研究的是微波到光子的转换技术，特别是利用量子存储来减少噪声，与大气环境遥感技术（如空气质量监测、卫星观测等）没有直接关系。,"['microwave-to-optical transduction', 'quantum memory', 'Yb:YSO crystal']",Ujjwal Gautam;Nasser Gohari Kamel;Sourabh Kumar;Daniel Oblak,Memory-assisted multimode microwave-to-optical transduction,"Current demonstrations of microwave-to-optical transduction suffer from noise due to the pump field. Here, the authors demonstrate memory-assisted microwave-to-optical transduction to avoid noise in a Yb:YSO crystal at 30 mK with zero B-field and multimode functionality. 
 Microwave-to-optical quantum transducers will enable coherent interconnection between distant superconducting quantum devices. Ongoing explorations have shown promising results at single-photon levels. However, eliminating noise arising from the concurrence of weak transduced signals with intense pump pulses remains a challenge, requiring high-suppression filtering. Memory-assisted transduction offers a versatile noise-mitigation approach and enables on-demand retrieval of transduced signals. Here, we integrate a quantum memory protocol with transduction in a three-level atomic system. Leveraging zero-first-order Zeeman transitions at zero magnetic field, providing long optical and spin coherence times, and GHz-range hyperfine splitting, we use a low-doping concentration 171Yb3+:Y2SiO5 crystal at 30 mK. We achieve on-demand memory-assisted transduction with 0.4 (and 0.3) noise photons at a storage duration of 460 (and 620) μs. Further, we establish coherence via interference patterns and demonstrate multimode capacity, utilizing spin and optical inhomogeneous broadening. The on-demand retrieval enables qubit synchronization in quantum repeaters, while multimode capacity boosts entanglement generation rates. Current demonstrations of microwave-to-optical transduction suffer from noise due to the pump field. Here, the authors demonstrate memory-assisted microwave-to-optical transduction to avoid noise in a Yb:YSO crystal at 30 mK with zero B-field and multimode functionality."
10.1038/s41558-026-02731-9,False,Nature Climate Change,该论文主要关注气候变暖对淡水鱼类的影响，特别是温度极端变化对生物多样性的威胁，虽然涉及环境监测和生物多样性保护，但与大气环境遥感技术（如空气质量监测、卫星观测等）关系不大。,"['freshwater fish', 'thermal extremes', 'habitat fragmentation']",Hong Wang;Junguo Liu;Joseph Holden;Penghan Chen;Valerio Barbarossa;Megan Klaar,Climate warming drives thermal shocks and accelerated freshwater habitat fragmentation,"Assessing 9,809 freshwater fish species globally, this study shows risk to a high proportion of species in the tropics, and severe extremes in non-tropical regions. Under high emissions, gradual warming drives abrupt exposure, with 63% of species facing accelerating thermal fragmentation by 2099. 
 Climate change is exposing freshwater fish to warmer temperatures, causing widespread range contraction and population declines. However, how climate-driven disruptions will affect freshwater fish persistence under future thermal extremes remains poorly understood. Here, using weekly water temperature data (1976–2099), we assess the vulnerability of 9,809 freshwater species to short- and long-term thermal extremes and show that gradual warming can trigger abrupt thermal exposure. Tropical regions experience a high proportion of species at risk, whereas non-tropical regions face severe thermal extremes. We introduce the concept of thermal fragmentation exposure to understand how heterogeneous warming fragments freshwater habitat, thereby amplifying local extinction risks. Around 63% of riverine fish will experience more persistent thermal barriers under a high-emissions scenario, with thermal fragmentation accelerating over time. These findings underscore the urgent need for targeted conservation strategies to safeguard freshwater fish biodiversity. Assessing 9,809 freshwater fish species globally, this study shows risk to a high proportion of species in the tropics, and severe extremes in non-tropical regions. Under high emissions, gradual warming drives abrupt exposure, with 63% of species facing accelerating thermal fragmentation by 2099."
10.1038/s41893-026-01915-7,False,Nature Sustainability,该论文主要关注美国公共土地的经济管理变化，涉及环境法和生态系统服务，与大气环境遥感技术（如空气质量监测、卫星观测、大气成分分析、气溶胶反演）没有直接关系。,[],Andrew R. Tilman;Tong Wu,The changing economics of public lands in the USA,"Debates over public land management in the USA have been divided between extractive use and environmental protection until the passage of major laws and consequent litigation cases. Through a historical lens, this Perspective shows the gradual move towards social-ecological systems management to emphasize resilience and diverse ecosystem services. 
 For over a century, economic ideas have shaped US public land management. This culminated with ‘maximum sustainable yield’ (MSY) becoming a central decision-making framework. However, the passage of major environmental legislation—echoing an American preservationist tradition—spurred the US Forest Service and other public agencies to reconsider this narrow utilitarian approach, setting the stage for the adoption of a social-ecological systems framework emphasizing ecosystem services and resilience—benefits that are largely public goods—aimed at achieving sustainability. However, a reorientation of US management priorities now may be afoot, with renewed emphasis on extractive uses of public lands. Debates over public land management in the USA have been divided between extractive use and environmental protection until the passage of major laws and consequent litigation cases. Through a historical lens, this Perspective shows the gradual move towards social-ecological systems management to emphasize resilience and diverse ecosystem services."
10.1038/s41893-026-01922-8,False,Nature Sustainability,该论文主要讨论的是电化学二氧化碳还原技术，用于将捕获的二氧化碳转化为燃料和化学品，以提高碳捕获效率。虽然与大气环境有关，但主要关注的是碳捕获和转化技术，而非大气环境遥感技术，如空气质量监测、卫星观测或大气成分分析。,"['carbon dioxide', 'electrochemical reduction', 'carbon capture']",Qi Gao;Sandra E. Kentish;Kathryn A. Mumford;Mengran Li,Maximizing electrochemical carbon dioxide reduction to achieve closed-loop reactive capture,"Directly converting captured carbon dioxide into fuels and chemicals could make carbon capture more efficient by avoiding energy-intensive solvent regeneration. This Review discusses the reaction pathways, key challenges and strategies for achieving high carbon conversion. 
 Extracting carbon dioxide from factory exhausts or the open air is expensive, largely because it takes so much energy to free the trapped gas from the capture solvent. What if one device could instead convert that captured carbon directly into fuels and chemicals, while refreshing the solvent so it could be used again? This emerging route could make carbon capture cheaper and cleaner—but only if we master a tangle of competing reactions. This Review shows that converting as much of the captured carbon as possible is key to closing the loop and describes how researchers are starting to get there. Directly converting captured carbon dioxide into fuels and chemicals could make carbon capture more efficient by avoiding energy-intensive solvent regeneration. This Review discusses the reaction pathways, key challenges and strategies for achieving high carbon conversion."
10.1038/s43247-026-03957-3,False,Communications Earth & Environment,该论文主要研究生物硝化抑制对土壤甲烷吸收的影响，虽然涉及大气环境中的甲烷循环，但并非直接研究大气环境遥感技术，如空气质量监测、卫星观测或大气成分分析。,"['methane oxidation', 'nitrification', 'soil bioreactor']",Seongmin Yang;Fuhad H. Fahim;Pratap B. Shahi;Lauren E. Stanton;Suna Jo;Won Min Park;Jesús A. Avalos-Calleros;Sunghun Park;Jaejin Lee;Parnian Mohammadian;Prathap Parameswaran;Jaebeom Suh;Man Jae Kwon;Jeongdae Im,Biological nitrification inhibition compromises the soil methane sink,"Biological nitrification inhibition compounds suppressed methane oxidation and nitrification, suggesting a link between biological nitrification inhibition and methane cycling, based on soil bioreactor experiments and metagenomic sequencing. 
 Biological nitrification inhibition (BNI) is a plant-mediated process that suppresses nitrification and is widely considered beneficial for reducing nitrous oxide emissions. Here, we show that methane oxidation is consistently suppressed in soil bioreactor systems containing the BNI-active plant Brachiaria and in methanotrophic pure cultures exposed to representative BNI compounds. Kinetic analyses indicated an uncompetitive-like inhibition pattern, characterized by concurrent decreases in Vmax and Km, while reversibility assays showed that inhibition was not associated with loss of cellular viability. Experiments under copper-replete and copper-depleted conditions further suggested that inhibition is primarily associated with particulate methane monooxygenase. Transcriptomic analyses demonstrated compound-specific responses, including suppression of methane oxidation pathways and altered expression of stress-associated genes. These findings suggest that plant-derived nitrification inhibitors may simultaneously inhibit methane oxidation while reducing N2O emissions, revealing a previously unrecognized trade-off in greenhouse gas regulation. Biological nitrification inhibition compounds suppressed methane oxidation and nitrification, suggesting a link between biological nitrification inhibition and methane cycling, based on soil bioreactor experiments and metagenomic sequencing."
10.1038/s43247-026-03960-8,False,Communications Earth & Environment,该论文研究的是更新世时期尼安德特人的栖息地与气候变化的关系，虽然涉及环境数据分析和栖息地分布模型，但主要关注古人类学和生态学，而非大气环境遥感技术、空气质量监测或卫星观测等。,"['paleoenvironmental data', 'species distribution models', 'habitat fragmentation']",Masoud Yousefi;Marc Grünig;Jens-Christian Svenning;Trine Kellberg Nielsen;Saman H. Guran;Elham Ghasidian;Felix Riede;Anooshe Kafash,No evidence for climate-driven fragmentation of Neanderthal habitats prior to their extinction,"“Neanderthal habitats remained spatially extensive and connected throughout the Late Pleistocene in western Europe, as shown by analysis using paleoenvironmental data and ensemble species distribution models.” 
 The role of climate–driven habitat fragmentation in Neanderthal extinction remains widely debated. Here, we test this hypothesis by reconstructing habitat suitability, connectivity, and landscape structure across the Neanderthal range from the Last Interglacial (LIG: ~130,000 years ago) to the period preceding their disappearance (40,000 years ago), using ensemble species distribution models and high-resolution paleoenvironmental data. Despite climatic changes, spatial patterns of habitat suitability remained broadly consistent, with core areas persisting in western Europe and along major coastal regions. Suitable habitat area declined modestly toward Marine Isotope Stage 3, but this was not accompanied by reductions in connectivity, increases in landscape resistance, or fragmentation of the habitat network. Instead, connectivity remained stable or even increased locally, and major dispersal pathways persisted across Eurasia. These results indicate that large-scale climate–driven habitat fragmentation did not intensify prior to Neanderthal extinction. Rather, Neanderthal habitats remained spatially extensive and connected throughout the Late Pleistocene. Our findings therefore provide little support for fragmentation-based extinction hypotheses and are more consistent with scenarios in which ecological and demographic factors, including interactions with expanding Homo sapiens, played a central role. “Neanderthal habitats remained spatially extensive and connected throughout the Late Pleistocene in western Europe, as shown by analysis using paleoenvironmental data and ensemble species distribution models.”"
10.1038/s43247-026-03969-z,True,Communications Earth & Environment,该论文研究的是黄河沉积物汇系统对人类活动和气候强迫的响应，涉及悬浮沉积物浓度、人类活动导致的沉积物减少和冬季风暴增强等，这些内容与大气环境遥感技术中的空气质量监测、大气成分分析等密切相关。,"['suspended sediment concentration', 'anthropogenic sediment reduction', 'winter-storm forcing']",Zhaoying Li;Naishuang Bi;Jeffrey A. Nittrouer;Kunpeng Sun;Yingjie Liu;Houjie Wang,Yellow River sediment sinks exhibit divergent decadal responses to anthropogenic and climatic forcing,"The Yellow River sink system shows contrasting decadal trends from anthropogenic sediment reduction and intensified winter-storm forcing, with proximal sinks declining 18% and distal sinks enriching 23%, based on reconstructed daily suspended sediment concentration. 
 Large river sediment sinks face profound reconfiguration under anthropogenic and climatic pressures. Using machine-learning-reconstructed daily suspended sediment concentration (SSC) records, we reveal a distinct divergence in decadal trends across the Yellow River sink system: proximal sinks show an ~18% mean decline in SSC, whereas distal sinks show a ~ 23% enrichment. This contrast emerges from two competing processes: anthropogenic sediment reduction and intensified winter-storm forcing that amplifies distal resuspension and lateral transport. Proximal depletion is driven by anthropogenic forcing, including an ~83% fluvial sediment reduction since the 1980s, a ~ 69% coastline solidification since the 1980s, and a ~ 30% seabed grain-size increase since the 1990s, which raise entrainment thresholds and inhibit resuspension. Conversely, distal sinks retain highly erodible sediments activated by more frequent winter storms and shortened inter-event durations. These findings highlight a critical Anthropocene regime shift: natural, fluvial-dominated source-to-sink continuums becoming systems governed by the asymmetric interplay of human engineering and climatic extremes. The Yellow River sink system shows contrasting decadal trends from anthropogenic sediment reduction and intensified winter-storm forcing, with proximal sinks declining 18% and distal sinks enriching 23%, based on reconstructed daily suspended sediment concentration."
10.1038/s43247-026-03842-z,False,Communications Earth & Environment,该研究主要关注植物叶片上的真菌群落和次级代谢物的生物地理学和气候决定因素，虽然涉及气候和地理因素，但并未直接涉及大气环境遥感技术，如空气质量监测、卫星观测或大气成分分析。,"['phyllosphere', 'fungal diversity', 'secondary metabolites']",Kaile Zhang;Valerie M. Stansly;Ko-Hsuan Chen;Jennifer Duringer;Ann Blount;Cheryl Mackowiak;Hui-Ling Liao,Biogeographic and climatic determinants of host-specific phyllosphere fungus-secondary metabolite associations,"Phyllosphere fungal assemblages and secondary metabolite profiles showed strong biogeographic, climatic, and host-specific patterns, while warmer, high-irradiance sites had greater fungal diversity and more complex fungal and fungus-metabolite associations, based on a survey of 13 cattle ranches in Florida during 2017-2019. 
 Phyllosphere microbiomes can modulate leaf-associated secondary metabolites in managed grasslands under biotic and abiotic stress. Yet the ecological drivers linking host plants, phyllosphere fungi, and secondary metabolites in warm-season grasslands remain poorly understood. We surveyed 13 cattle ranches across Florida from 2017 to 2019, profiling leaf-associated fungal communities and targeted secondary metabolites in four perennial warm-season grasses. Fungal assemblages and metabolite composition were significantly structured by geography, climate, and host grass species. Warmer, high-irradiance southern sites harbored greater fungal diversity (particularly among foliar endophytes, mycoparasites, and epiphytes) and metabolite chemodiversity, alongside more complex fungal co-occurrence and fungus-metabolite associations. Host identity further partitioned taxa and metabolites across the landscape, yielding site-dependent association patterns that predicted metabolite composition. Together, these results provide field-based evidence that climate- and host-mediated filtering shapes the linkage between phyllosphere microbes and chemical phenotypes, improving our ability to predict microbiome-driven functional outcomes in grasslands under changing climates. Phyllosphere fungal assemblages and secondary metabolite profiles showed strong biogeographic, climatic, and host-specific patterns, while warmer, high-irradiance sites had greater fungal diversity and more complex fungal and fungus-metabolite associations, based on a survey of 13 cattle ranches in Florida during 2017-2019."
10.1038/s43247-026-03945-7,True,Communications Earth & Environment,该研究关注的是火灾中塑料热降解产生的空气颗粒物（PyP-PM），涉及火灾、空气污染和大气传输等环境遥感技术相关领域，因此与大气环境遥感技术密切相关。,"['pyroplastic particulate matter', 'airborne particles', 'combustion pollutants', 'atmospheric transport', 'fire management policy']",Logeshwaran Panneerselvan;Raji Kandaiah;Philip Demokritou;Mahesh Padukudru Anand;Gregory Franklin;Sotiris Vardoulakis;Arun Chandra Manivannan;Gowthamarajan Kuppusamy;Thava Palanisami,Pyroplastic particulate matter from fire events adds a hidden dimension of plastic pollution,"Thermal degradation of plastics during wildfires, structural fires, and waste burning releases airborne particles containing altered polymers, combustion pollutants, and additives, highlighting the climate–fire–plastic nexus, based on a review assessing pyroplastic as an emerging pollutant. 
 Wildfires and structural fires increasingly involve synthetic materials, yet plastic transformation during combustion remains poorly understood. Here we characterise plastic-derived particulate matter generated during fire events, termed pyroplastic particulate matter (PyP-PM): airborne micro- to nanoscale particles from thermal degradation of synthetic polymers, comprising carbonized polymer matrices enriched with combustion-derived toxicants and additives, particularly the inhalable fraction ( < 10 μm). PyP-PM is physicochemically and toxicologically distinct from conventional micro- and nanoplastics (MNPs): a carbonaceous soot core bears adsorbed polycyclic aromatic hydrocarbons (PAHs) and heavy metals, conferring elevated oxidative potential, alongside environmentally persistent free radicals (EPFRs) that extend particle reactivity in the atmosphere. Generated during wildfires, structural fires, and open burning at wildland-urban interfaces (WUI), PyP-PM combines MNP environmental persistence with the toxicity of combustion by-products and additives. This review outlines PyP-PM formation pathways, chemistry, and dispersion, emphasising long-range atmospheric transport and accumulation in ecosystems and human lungs. We identify research gaps, including the absence of standardised detection methods, limited toxicological evidence (particularly on neuroinflammatory pathways), and poor integration of PyP-PM into fire and air-quality models. Recognising PyP-PM as an emergent pollutant at the climate-fire-plastic nexus is essential for advancing monitoring frameworks, informing fire management policy, and protecting vulnerable communities from fire-driven pollution. Thermal degradation of plastics during wildfires, structural fires, and waste burning releases airborne particles containing altered polymers, combustion pollutants, and additives, highlighting the climate–fire–plastic nexus, based on a review assessing pyroplastic as an emerging pollutant."
10.1038/s43247-026-03900-6,True,Communications Earth & Environment,该论文研究了人类活动导致的气候变化对西部美国水资源的影响，其中提到了碳排放对大气成分的影响，这与大气环境遥感技术中的空气质量监测和大气成分分析密切相关。,"['carbon emissions', 'air quality monitoring', 'atmospheric composition analysis']",Emily. L. Williams;John T. Abatzoglou;Carly. A. Phillips;Mohammad Safeeq;Shaina Sadai;Oriana. S. Chegwidden;Angel. Santiago Fernandez-Bou;L. Delta Merner;J. Pablo Ortiz-Partida,Carbon emissions exacerbating the Western US water crisis,"Human-caused climate change drove large decreases in snowpack and streamflow as well as increases in irrigation demand in the western US (2014-2024), with roughly half attributable to the Carbon Majors, according to a study applying a source-to-impact attribution approach. 
 In the western US, limited water supply and high demand--accentuated by anthropogenic climate change--have resulted in overallocated water resources and rapidly depleting groundwater. Simultaneously, legal and policy mechanisms are being pursued regarding the contributions of large emitting entities (“Carbon Majors”) to such impacts. Here, we quantify impacts on western US water resources attributable to the Carbon Majors, and compare results with a simpler-to-use (‘proportional’) approach. Anthropogenic climate change has driven large decreases in water supply (snowpack and streamflow) and increases in water demand (irrigation demand), with roughly half attributable to the Carbon Majors. These changes have led to a widening seasonal gap between water supply and demand, and with Carbon Majors emissions accounting for ~1/3 of observed, climatically-driven groundwater loss in the Central Valley during 2003-2024. Though both approaches yield similar results, consistent over- and underestimations are present in each variable, suggesting caution is needed when using the proportional approach. Human-caused climate change drove large decreases in snowpack and streamflow as well as increases in irrigation demand in the western US (2014-2024), with roughly half attributable to the Carbon Majors, according to a study applying a source-to-impact attribution approach."
10.1038/s43247-026-03943-9,True,Communications Earth & Environment,该论文研究利用卫星衍生的海岸线时间序列数据观测海滩尺度的潮汐变化，这与大气环境遥感技术中的海岸带观测和分析密切相关。虽然主要关注潮汐动态而非空气质量和大气成分，但其涉及卫星遥感技术在海岸带环境中的应用，因此属于相关领域。,"['satellite-derived shoreline', 'tidal dynamics', 'coastal zone', 'harmonic analysis', 'response-based methods']",Michael G. Hart-Davis;Thomas Monahan;Kilian Vos;Ole B. Andersen,Beach scale tidal variations observed from satellite-derived shoreline time series,"Satellite-derived shoreline measurements can provide insights into coastal tidal dynamics and for the validation of models in the coastal zone, according to analyses using shoreline position data from around the Pacific Rim. 
 Coastal tidal dynamics play a crucial role in a variety of biogeophysical processes, ranging from compound flooding to sediment transport. Satellite altimetry has revolutionized our understanding of ocean tides, but coastal regions remain challenging for satellite altimetry-based observations. In recent years, important efforts have been made to produce shoreline measurements from satellite optical imagery. These datasets raise the question of whether shoreline observations can resolve tidal dynamics at fine coastal scales. Here, we show that shoreline measurements provide fine-scale insights into tidal characteristics, demonstrating variability at beach scales across the Pacific Rim. We explore how both harmonic analysis and response-based methods can be applied to these data to study a range of tidal constituents. Our results are contrasted with in situ measurements and state-of-the-art models as well as with wide-swath satellite observations. We demonstrate that satellite-derived shoreline measurements are a valuable resource for tidal research, particularly for model validation and the study of tidal constituent variability in the coastal zone. Satellite-derived shoreline measurements can provide insights into coastal tidal dynamics and for the validation of models in the coastal zone, according to analyses using shoreline position data from around the Pacific Rim."
None,True,Remote Sensing of Environment,该论文研究了在光复杂水域中识别不同浮游植物功能群和尺寸类的可能性，这与大气环境遥感技术相关，特别是涉及通过遥感技术监测水体光学特性，从而推断大气或水体成分的研究。,"['phytoplankton', 'optically complex waters', 'remote sensing']",Tiit Kutser;Karolin Teeveer;Tuuli Soomets;Birgot Paavel;Laura Argus;Ele Vahtmäe;Martin Ligi;Kaire Toming,On the possibility of recognising different phytoplankton functional groups and size classes in optically complex waters,
None,False,Remote Sensing of Environment,该论文主要关注使用SWOT卫星数据反演海洋重力场来揭示墨西哥湾的地质结构，与大气环境遥感技术（如空气质量监测、卫星观测、大气成分分析、气溶胶反演等）关系不大。,"['marine gravity', 'SWOT', 'tectonic structures']",Daocheng Yu;James Pindell;Cheinway Hwang;Xiaoli Deng;Emmy T. Chang;Jinyun Guo,Revealing buried tectonic structures in the Gulf of Mexico using SWOT-derived marine gravity,
None,True,Remote Sensing of Environment,该论文与大气环境遥感技术密切相关，因为它涉及从EPIC/DSCOVR卫星获取的气溶胶光学质心高度（AOCH）数据产品，这是一种用于监测大气成分和空气质量的重要技术。,"['aerosol optical centroid height', 'EPIC/DSCOVR', 'space', 'satellite observations']",Zhendong Lu;Jun Wang;Xi Chen;Meng Zhou;Xiaoguang Xu;Yeonsu Park;Hyerim Kim,Version 2 of hourly aerosol optical centroid height (AOCH) data product from EPIC/DSCOVR in deep space,
None,True,Remote Sensing of Environment,该论文的标题和摘要明确涉及从空间监测、量化分类火山活动，这属于大气环境遥感技术的范畴，特别是与火山喷发相关的空气质量监测和大气成分分析相关。,"['volcanic activity', 'space', 'thermal framework']",S. Aveni;D. Coppola;M. Laiolo,"A synergistic thermal framework for monitoring, quantifying, and classifying volcanic activity from space",
None,False,Remote Sensing of Environment,该论文主要关注利用Landsat数据进行灌溉映射和实际蒸散量估算，结合水文模型评估区域灌溉动态，以及建立国家层面的灌溉水资源核算系统。虽然Landsat是一种遥感技术，但该研究的应用领域主要集中在农业和水文方面，而非大气环境遥感技术，如空气质量监测、卫星观测或大气成分分析。因此，它与大气环境遥感技术的相关性不强。,"['Landsat', 'irrigation mapping', 'evapotranspiration']",Jorge L. Peña-Arancibia;Yingying Yu;Tim R. McVicar;Thomas G. Van Niel;Francis H.S. Chiew;Darin Hodgson;Jamie Vleeshouwer;Aarond Dino;Zachary Brown;Anthony Nadelko,Integrating Landsat-based irrigation mapping and actual evapotranspiration estimates with hydrological modelling to assess regional irrigation dynamics in a large basin experiencing extreme climate variability: Towards a national operational irrigation water accounting system,
None,True,Remote Sensing of Environment,本文研究的是使用0.4-2 GHz宽带辐射计技术观测冷水海水的表面盐度，这属于大气环境遥感技术中的海洋遥感部分，与大气成分分析和卫星观测有一定关联，但主要关注的是海洋参数而非大气污染物或传统的大气遥感技术。,"['wideband radiometry', 'surface salinity', 'cold seawater']",Jacqueline Boutin;Jean-Luc Vergely;Stéphane Ferron;Laurent Bertino;Giovanni Macelloni;Marco Brogioni;Emmanuel Dinnat;Lars Kaleschke;Rasmus Tonboe;Yiwen Zhou;Marie-Laure Frery;Valerie Dutto;Katia Nagamine Urata;Matthias Drusch,Beyond L-band: 0.4-2 GHz wideband radiometry for observing surface salinity in cold seawater,
None,False,Remote Sensing of Environment,该论文主要关注玉米疾病压力的垂直分层异质性特征，虽然涉及大气环境的垂直分层，但并未明确提到与大气环境遥感技术相关的具体方法或应用，如空气质量监测、卫星观测或大气成分分析等。,"['maize disease stress', 'vertically stratified heterogeneity', 'SCOPE adaptation']",Binxiang Qian;Wenjiang Huang;Zhijun Zhen;Kehui Ren;Peiqi Yang;Jianbo Qi;Michael Henke;Xiuliang Jin;Lingjing Ouyang;Anting Guo;Jie Bai;Chao Ruan;Tiecheng Huang;Yin Jin;Zhenong Jin,The cmSCOPE-D model: A transmission-dynamics-enabled SCOPE adaptation to characterize vertically stratified heterogeneity of maize disease stress,
None,False,Remote Sensing of Environment,该论文主要研究使用GEDI和ICESat-2观测数据生成热带沼泽地最优数字高程模型（DTM），虽然涉及卫星观测技术，但重点在于地形测绘，而非大气环境遥感技术如空气质量监测或大气成分分析。,"['GEDI', 'ICESat-2', 'DTM', 'tropical peatlands']",Yuan Sun;Huan Xie;Xiaohua Tong;Yi Li;Alexander R. Cobb;Rahayu S. Sukri;Muhammad Arif bin Haji Selamat;Hao Tang,A novel method for generating optimal DTM in tropical peatlands using GEDI and ICESat-2 observations,
None,True,Remote Sensing of Environment,该论文与大气环境遥感技术密切相关，因为它涉及地球矿物表面的轨道成像光谱技术，这属于遥感技术的一种，用于分析地球表面的物质组成和性质。具体来说，EMIT（Earth Mineral and Atmosphere Telescope）是一个卫星传感器，用于收集地球矿物表面的光谱数据，这与大气成分分析和空气质量监测等遥感应用相关。,"['Orbital imaging spectroscopy', 'EMIT', 'Earth’s mineral surface', 'spectroscopy', 'mineral']",Marie-Stephane Guillaumont;David R. Thompson;Philip G. Brodrick;Roger Clark;Robert O. Green;Gregory S. Okin,Orbital imaging spectroscopy of Earth’s mineral surface: Results and stability from EMIT’s first two years,
None,True,Remote Sensing of Environment,该论文研究地球观测基础模型的校准空间不确定性，通过Matérn动机潜在随机正则化方法进行处理。地球观测技术与大气环境遥感技术密切相关，涉及卫星观测、大气成分分析等领域，因此该论文与大气环境遥感技术 strongly related。,"['Earth observation', 'latent stochastic regularization', 'spatial uncertainty']",Daniel P. Johnson,Calibrated spatial uncertainty for Earth observation foundation models via Matérn-motivated latent stochastic regularization,
None,False,Remote Sensing of Environment,该论文主要关注叶绿素含量的监测，虽然与植物生理学和环境科学相关，但与大气环境遥感技术（如空气质量监测、卫星观测、大气成分分析、气溶胶反演）没有直接关联。,"['chlorophyll index', 'leaf chlorophyll content', 'monitoring']",Si Gao;Kai Yan;Jinhua Li;Cheng Huang;Xuanlong Ma;Wenjie Fan;Liangyun Liu;Qiao Wang,Structure-resistant chlorophyll index: A novel indicator for leaf chlorophyll content monitoring,
None,True,Remote Sensing of Environment,该论文使用Landsat地表温度数据提取生物热变量，用于生物多样性应用。虽然主要关注生物多样性，但Landsat地表温度数据是大气环境遥感技术的一部分，涉及卫星观测和地表热辐射分析，因此与大气环境遥感技术有一定相关性。,"['Landsat', 'surface temperature', 'biodiversity']",Eduarda M.O. Silveira;Anna M. Pidgeon;Volker C. Radeloff,The BioThermal variables derived from Landsat surface temperature data for biodiversity applications,
None,True,Remote Sensing of Environment,该论文研究的是城市热异性模型中的热点模拟，涉及大气环境中的热辐射和地表温度分布，与大气环境遥感技术中的空气质量监测和大气成分分析相关。,"['urban thermal anisotropy', 'hotspot simulation', 'atmospheric composition analysis']",Dandan Wang;James A. Voogt;Lu Jiang;Xinyang Liu;Qiyao Li;Huihui Xu;Zhenyuan Zhu;Yunhao Chen,A revised physically-based shadow kernel for improved hotspot simulation in urban thermal anisotropy models,
None,True,Remote Sensing of Environment,该论文标题和摘要明确涉及使用卫星图像进行大气校正的技术，具体来说是利用Landsat数据档案中的伪不变特征进行自适应大气校正。这与大气环境遥感技术密切相关，特别是涉及卫星观测和大气成分分析。,"['atmospheric correction', 'satellite imagery', 'Landsat archive']",Wenchang Li;Tao He,LAPAC: A self-adaptive atmospheric correction method for fine-resolution satellite imagery using pseudo-invariant features from Landsat archive,
None,True,Remote Sensing of Environment,该论文使用Sentinel-2卫星观测数据来绘制加勒比海区Sargassum海藻的分布，涉及卫星观测技术和海洋生物监测，与大气环境遥感技术（如卫星观测）密切相关。,"['Sentinel-2', 'Sargassum', 'satellite observations']",Junnan Jiao;Chuanmin Hu;Brian B. Barnes,Maximizing the potential of Sentinel-2 satellite observations in mapping <em>Sargassum</em> seaweed in the Wider Caribbean Region,
None,True,Remote Sensing of Environment,该论文的标题和摘要中提到了合成孔径雷达（SAR）图像匹配技术，这是一种用于高分辨率遥感图像处理的技术，广泛应用于卫星观测和大气成分分析等领域。特别是“pseudo-modality generation”和“coupled spectrum-spatial learning”等关键词，表明该研究涉及先进的信号处理和机器学习方法，这些方法在遥感数据解译和大气环境监测中具有重要应用价值。因此，该论文与大气环境遥感技术（如空气质量监测、卫星观测、大气成分分析、气溶胶反演）密切相关。,"['SAR image matching', 'pseudo-modality generation', 'spectrum-spatial learning']",Mingyang Song;Hong Zhang;Yukun Fan;Lu Tian;Yuzhou Liu;Yazhe Xie;Yinhaibing Ding,A robust method for high-resolution C/S-band SAR image matching via pseudo-modality generation and coupled spectrum-spatial learning,
None,False,Remote Sensing of Environment,该论文主要研究的是湿地边界划分的弱监督动态框架，与大气环境遥感技术（如空气质量监测、卫星观测、大气成分分析、气溶胶反演等）没有直接关系。,"['wetland delineation', 'dynamic framework', 'wetness-based']",Yang Li;Nandin-Erdene Tsendbazar;Kirsten de Beurs;Lassi Päkkilä;Lammert Kooistra,"A weakly supervised, wetness-based dynamic framework for wetland delineation across globally distributed sites",
None,True,Remote Sensing of Environment,该论文使用卫星数据监测全球极端下午光合作用抑制现象，涉及卫星遥感技术和大气成分分析，因此与大气环境遥感技术密切相关。,"['satellite-based', 'GPP', 'photosynthesis depression']",Jingyu Lin;Xing Li;Xiaojun Li;Xuanlong Ma;Lei Fan;Sadegh Ranjbar;Jing M. Chen,"Tracking global extreme afternoon photosynthesis depression: Frequency, duration, and drivers from satellite-based hourly GPP products",
None,True,Remote Sensing of Environment,该论文标题和摘要明确涉及从PACE卫星的SPEXone多角度偏振仪器中获取气溶胶和海洋色信息，这与大气环境遥感技术（如空气质量监测、卫星观测、大气成分分析、气溶胶反演）密切相关。,"['PACE SPEXone', 'multi-angle polarimetry', 'aerosol retrieval', 'ocean color', 'atmospheric composition']",Meng Gao;Kamal Aryal;Peng-Wang Zhai;Kirk Knobelspiesse;Bryan Franz;Brian Cairns;Ivona Cetinić;Guangliang Fu;Otto Hasekamp;Amir Ibrahim;Andrew M. Sayer;P. Jeremy Werdell,Where sky meets sea: Integrated aerosol and ocean color retrieval from PACE SPEXone multi-angle polarimetry,
None,True,Remote Sensing of Environment,该论文研究的是短波辐射从高反射表面产生的邻近效应的量化方法，这与大气环境遥感技术密切相关。短波辐射和高反射表面是大气成分分析和空气质量监测中的关键要素，邻近效应的研究有助于更准确地理解地表与大气之间的相互作用，进而提升遥感监测的精度。,"['shortwave radiation', 'reflective surfaces', 'adjacency effect']",Wanchun Leng;Tianxing Wang;Xuewei Yan;Huabing Huang;Husi Letu;Ziqian Zhang,A scheme to quantify the adjacency effect of shortwave radiation from highly reflective surfaces,
None,True,Remote Sensing of Environment,该研究涉及从太空测量多光谱土壤反射率，这与大气环境遥感技术密切相关。土壤反射率是大气成分分析的重要参数，卫星观测是其主要手段，因此该研究属于大气环境遥感技术的范畴。,"['space', 'multi-spectral', 'soil reflectance', 'satellite observations', 'atmospheric composition analysis']",Paul Karlshoefer;Christine Alewell;Pablo d’Angelo;Uta Heiden,Drivers of spectro-temporal variability in multi-spectral soil reflectance measured from space: A continental-scale analysis,
None,True,Remote Sensing of Environment,该论文研究了扩展MAIAC算法用于TROPOMI卫星的hyperspectral大气校正，特别是在植被区域的应用，这与大气环境遥感技术（如卫星观测、大气成分分析）密切相关。,"['MAIAC', 'hyperspectral', 'atmospheric correction', 'TROPOMI', 'vegetated regions']",Sujung Go;Alexei Lyapustin;Yujie Wang;Sergey Korkin;Weizhen Hou;Xiong Liu;Jhoon Kim,Extending the MAIAC algorithm for hyperspectral atmospheric correction of TROPOMI measurements: A case study over vegetated regions,
None,True,Remote Sensing of Environment,该论文研究的是利用GEDI数据（全球地球观测系统中的激光雷达卫星）来减轻地形对区域地上生物量估算的影响，涉及遥感技术和大气环境监测。,"['GEDI', 'aboveground biomass', 'terrain effects', 'waveform metrics']",Tianyu Yu;Wenjian Ni;Yunxiao Wang;Hao Tang;Zhiyu Zhang;Zhifeng Guo;Guoqing Sun,Mitigating terrain effects of GEDI data on regional accounting of aboveground biomass utilizing slope-adaptive waveform metrics,
None,False,Remote Sensing of Environment,该论文主要关注地表水范围的测绘，评估的是SWOT（SeaWiFS Water Tracking）技术的能力，涉及的是水体的监测，而非大气环境遥感技术，如空气质量监测、卫星观测、大气成分分析或气溶胶反演等。,"['Level-2', 'High-Rate Raster', 'water fraction']",Maurício C.R. Cordeiro;Mohammad J. Tourian;Santiago Peña-Luque;Renato Prata de Moraes Frasson;Daniel Moreira;Fabrice Papa;Tati de Almeida,Assessing SWOT's capability for surface water extent mapping: An evaluation of Level-2 High-Rate Raster water fraction,
None,True,Remote Sensing of Environment,该论文研究的是使用GEDI（全球地球观测系统高分辨率干涉成像仪）数据来改进全球森林高度地图的方法，涉及卫星观测技术和森林参数分析，与大气环境遥感技术中的卫星观测和地表参数反演相关。,"['GEDI', 'forest height', 'satellite observations']",Eugene Seo;Sean P. Healey;Zhiqiang Yang;John D. Armston;Ralph O. Dubayah;Simon Ilyushchenko;Tiago De Conto;Matthew G. Betts,Beyond RMSE: The GEDI imputed waveform product minimizes artificial homogeneity evident in existing global forest height maps,
None,True,Remote Sensing of Environment,该论文与大气环境遥感技术密切相关，因为USGS Landsat卫星是用于地表温度和发射率测量的重要遥感工具，这对于空气质量监测、大气成分分析等领域有重要应用。,"['USGS Landsat', 'surface temperature', 'emissivity product']",Saeed Arab;Chase Mueller;Christopher J. Crawford;Danika Wellington;Ray Dittmeier;Glynn Hulley;Aaron Gerace;Calli Jenkerson;Simon Hook;Amirhossein Hassanzadeh;Rehman Eon;Cody Anderson;Pat Scaramuzza;Frank M. Göttsche,Enhancements to the USGS Landsat Level 2 surface temperature and emissivity product for Collection 3 reprocessing,
None,False,Remote Sensing of Environment,该论文主要关注使用GRACE数据监测中国洪水易发区域，与大气环境遥感技术（如空气质量监测、卫星观测、大气成分分析、气溶胶反演等）关系不大，因为其核心内容是水文监测，而非大气环境遥感技术。,"['GRACE', 'flood-prone region', 'China']",Wei Ren;Yuyue Xu;Yubo Zhang;Shuang Luo;Jianli Chen;Chang-Qing Ke,An enhanced GRACE-based index for nationwide flood-prone region monitoring in China from 2003 to 2022,
None,True,Remote Sensing of Environment,该论文研究如何利用深度学习技术从亚米级分辨率的光学影像中估算生物量，这与大气环境遥感技术中的卫星观测和大气成分分析有一定关联，但主要关注的是植被生物量而非空气质量和污染物监测。,"['biomass', 'optical imagery', 'deep learning']",Sizhuo Li;Martin Brandt;Xiaoye Tong;Stefan Oehmcke;Christian Igel;Florian Reiner;Fabian Gieseke;Thomas Nord-Larsen;Rasmus Fensholt;Jerome Chave;Philippe Ciais,Deep learning tree and forest biomass from sub-meter resolution optical imagery,
None,True,Remote Sensing of Environment,该论文的标题和摘要明确涉及遥感图像的时空交叉注意力Transformer模型，属于遥感图像处理和数据分析的范畴，与大气环境遥感技术（如卫星观测、大气成分分析等）高度相关。,"['remote sensing images', 'spatio-temporal cross attention', 'transformer']",Jun Li;Xiaowei He;Yantai Yang;Qinghong Sheng;Zhaocong Wu;Bo Wang;Xiao Ling;Xiang Liu;Yu Liu;Fan Gao;Libo Wang;Matthieu Molinier,STCAFormer: Spatio-temporal cross attention based transformer for fusion of remote sensing images,
None,True,Remote Sensing of Environment,该论文研究了不同有效的散射反照率和土壤粗糙度参数化方案对SMAP土壤湿度和L-VOD反演的影响，涉及土壤湿度和大气水汽含量（L-VOD）的反演技术，与大气环境遥感技术（如土壤湿度监测和大气成分分析）密切相关。,"['SMAP', 'soil moisture', 'L-VOD retrieval', 'scattering albedo', 'soil roughness parameterization']",Yao Xiao;Xiaojun Li;Lei Fan;Andress Colliander;Ardeshir Ebtehaj;Jian Peng;Frédéric Frappart;Lanka Karthikeyan;Wei Zhao;Gabrielle De Lannoy;Patricia de Rosnay;Zanpin Xing;Mengjia Wang;Xiangzhuo Liu;Pariha Helili;Preethi Konkathi;Jean-Pierre Wigneron,Global comparison of different effective scattering albedo and soil roughness parameterization schemes for SMAP soil moisture and L-VOD retrieval,
None,True,Remote Sensing of Environment,该论文研究了水稻叶片病原体感染如何改变辐射传输模型反演揭示的光谱-生化关系，涉及光谱分析和模型反演技术，与大气环境遥感技术中的成分分析和监测方法相关。,"['spectral–biochemical relationships', 'radiative transfer model inversion', 'leaf pathogen infection']",Long Tian;Susan L. Ustin;Yuanyuan Kong;Bowen Xue;Pablo J. Zarco-Tejada;Chongya Jiang;Xia Yao;Yufang Jin;Yan Zhu;Weixing Cao;Tao Cheng,Rice leaf pathogen infection alters the spectral–biochemical relationships revealed by radiative transfer model inversion,
None,True,Remote Sensing of Environment,该论文研究了使用GNSS-T技术监测欧洲山毛榉森林的生态水文过程，评估不同系统和频段特征对解析时间体积含水量（VOD）动态的影响。虽然主要关注的是生态水文监测，但GNSS-T技术可以用于大气环境遥感，例如监测大气中的水分含量，因此与大气环境遥感技术有一定关联。,"['GNSS–T', 'ecohydrological monitoring', 'VOD dynamics']",Nicolas François Bader;Ruxandra-Maria Zotta;Eugenio Diaz-Pines;Gregor Möller;Walter Loderer;Thomas Kager;Wouter Dorigo,GNSS–T for ecohydrological monitoring of a european beech forest: Assessing different system and band characteristics for resolving temporal VOD dynamics,
None,True,Remote Sensing of Environment,该论文研究的是利用多尺度时空张量插值方法重建全球叶面积指数时间序列，这与大气环境遥感技术中的植被监测和大气成分分析密切相关，因为叶面积指数是植被生长的重要指标，可用于反演大气环境中的碳循环和空气质量。,"['leaf area index', 'spatiotemporal tensor imputation', 'global reconstruction']",Xinpei Yu;Kai Yan;Jiabin Pu;Jinxiu Liu;Jin Wu;Alexander J.Winkler;Qiao Wang,MUSTI: Multi-scale spatiotemporal tensor imputation for global leaf area index time series reconstruction,
None,True,Remote Sensing of Environment,该论文与大气环境遥感技术密切相关，因为它涉及使用卫星传感器（MERIS）来估算叶绿素含量，这是大气成分分析中的一个重要参数。论文中的土壤和结构校正方法也属于遥感数据处理技术。,"['MERIS', 'chlorophyll index', 'leaf chlorophyll content']",Runfei Zhang;Peiqi Yang,cscMTCI: A soil and structure corrected MERIS terrestrial chlorophyll index for improving leaf chlorophyll content estimation,
None,True,Remote Sensing of Environment,该论文研究了利用散射模型和深度迁移学习框架来获取地表土壤湿度，虽然主要关注土壤湿度，但涉及遥感技术和模型应用，与大气环境遥感技术有一定关联，特别是在遥感数据反演和模型构建方面。,"['soil moisture retrieval', 'scattering model', 'deep transfer learning']",Zuo Wang;Jianhui Chen;Jiangyuan Zeng;Chang Huang;Lisheng Song;Yingying Chen;Liujun Zhu,A scattering model-informed deep transfer learning framework for surface soil moisture retrieval,
None,True,Remote Sensing of Environment,该论文研究从卫星图像中获取水稻叶绿素的技术，涉及卫星观测和大气成分分析，属于大气环境遥感技术领域。,"['satellite imagery', 'rice chlorophyll retrieval', 'RiceGORT', 'satellite observations']",Haoran Sun;Hifza Mariam;Junnan She;Ming Chen;Dong Li;Chongya Jiang;Xia Yao;Iftikhar Ali;Yan Zhu;Weixing Cao;Tao Cheng,Breaking barriers in rice chlorophyll retrieval from satellite imagery: Mitigating row structure and saturation effects via RiceGORT and chlorophyll sensitivity enhancement,
None,True,Remote Sensing of Environment,该论文研究从SMAP L波段辐射计在降雨条件下获取海表盐度的技术，属于大气环境遥感技术中的卫星观测和大气成分分析领域，因此与大气环境遥感技术有强关联。,"['sea surface salinity', 'SMAP L-band radiometry', 'rainfall conditions']",Xuchen Jin;Xianqiang He;Yan Bai;Yilei Wang;Lizhang Zhou;Shujie Yu;Teng Li;Fang Gong;Delu Pan,Retrieval of sea surface salinity from SMAP L-band radiometry under rainfall conditions,
None,True,Remote Sensing of Environment,该论文研究了通过校正地球同步卫星定位偏差来改进卫星反演的短波辐射产品。这与大气环境遥感技术密切相关，特别是涉及卫星观测和辐射传输分析。,"['geostationary satellite', 'shortwave radiation', 'geolocation displacement']",Wangkang She;Changkun Shao;Wenjun Tang;Guopeng Zhu;Zengqiang Pang;Tongfei Liu;Shuibao Liang;Kun Yang,Substantial improvement of geostationary satellite-derived shortwave radiation product through correcting geolocation displacement,
None,True,Remote Sensing of Environment,该论文使用Landsat和Sentinel-2卫星观测数据与近地表PhenoCam时间序列数据融合，以增强美国西部干旱地区地表物候的检测，这属于遥感技术在地表监测中的应用，与大气环境遥感技术中的卫星观测和地表参数反演相关。,"['Landsat', 'Sentinel-2', 'PhenoCam', 'land surface phenology', 'atmospheric remote sensing']",Yuxia Liu;Xiaoyang Zhang;Yu Shen;Yongchang Ye;Shuai An,Enhanced land surface phenology detections in the western U.S. drylands by fusing harmonized Landsat and Sentinel-2 observations with near-surface PhenoCam time series,
None,True,Remote Sensing of Environment,该论文研究了Sentinel 2卫星数据在热带森林地区的归一化处理，涉及BRDF（双向反射分布函数）调整反射率，这与大气环境遥感技术中的卫星观测和地表反射率分析密切相关，因此是强相关的。,"['Sentinel 2', 'BRDF adjusted reflectance', 'tropical forests']",Pierre Ploton;Gaëlle Viennois;Florian de Boissieu;Erik Lindquist;Jean-Baptiste Féret;Daniel Wiell;Hervé Poilvé;Pierre Couteron;Raphaël Pélissier;Nicolas Barbier,Normalization of Sentinel 2 data over tropical forests to nadir BRDF adjusted reflectance,
None,False,Remote Sensing of Environment,该论文主要关注的是果树疾病的诊断，使用了新型双角度植被指数和冠层垂直分布知识，与大气环境遥感技术（如空气质量监测、卫星观测、大气成分分析、气溶胶反演等）的关联性较弱。,"['vegetation index', 'canopy vertical distribution', 'disease diagnosis']",Wenjie Zhang;Guijun Yang;Xinlian Liang;Xiaohong Liu;Jianbo Qi;Hao Yang;Haikuan Feng;Bo Li;Changyuan Zhai;Baoguo Wu;Xiaohui Su;Liping Chen;Chunjiang Zhao,Toward accurate disease diagnosis of fruit trees: Integrating a novel dual-angle vegetation index with canopy vertical distribution knowledge,
None,False,Remote Sensing of Environment,该论文主要关注的是三维森林地图的标注效率，涉及实例分割、语义分割和物种分类等计算机视觉技术，以及自监督学习和迁移学习等算法。这些内容与大气环境遥感技术（如空气质量监测、卫星观测、大气成分分析、气溶胶反演等）没有直接关联，因此不认为是强相关。,"['instance segmentation', 'semantic segmentation', 'species classification', 'self-supervised learning', 'transfer learning']",Aldino Rizaldy;Fabian Ewald Fassnacht;Ahmed Jamal Afifi;Hua Jiang;Richard Gloaguen;Pedram Ghamisi,"Label-efficient 3D forest mapping: Self-supervised and transfer learning for instance segmentation, semantic segmentation, and species classification",
None,True,Remote Sensing of Environment,该论文研究利用单卫星图像进行多灾害检测，涉及光谱语义图推理技术，与大气环境遥感技术中的卫星观测和灾害监测相关，因此是相关的。,"['single satellite imagery', 'spectral-semantic graph reasoning', 'multi-hazard detection']",Wei Ao;Zhi Gao;Boan Chen;Xinyu Gong;Yuyang Zhai;Ziyao Li;Qiao Wang,Towards efficient multi-hazard detection from single satellite imagery via spectral-semantic graph reasoning,
None,True,Remote Sensing of Environment,该论文研究的是利用光学遥感技术监测海面风条和风波，并提取风向信息，这与大气环境遥感技术中的空气质量监测、卫星观测、大气成分分析、气溶胶反演等方向有关，因此相关性较强。,"['optical remote sensing', 'sea surface wind streaks', 'wind direction retrieval', 'wind waves']",Lifeng Wang;Yingcheng Lu;Chuanmin Hu,Optical remote sensing of sea surface wind streaks: Retrievals of wind directions and wind waves,
None,True,Remote Sensing of Environment,该论文研究了使用ICESat-2和Sentinel-1/2卫星数据来检索未测量流域的径流量算法，涉及遥感技术和水文监测，与大气环境遥感技术（如卫星观测和水质监测）有一定关联，但主要关注点是水文而非大气环境。,"['ICESat-2', 'Sentinel-1/2', 'discharge retrieval algorithm']",Ziting Chen;Yonghong Yi;Huimin Lei;Jijun Xu;Li Liu;Lachun Wang;Chongyu Xu,A hydraulic-geometry informed discharge retrieval algorithm for ungauged basins using ICESat-2 and Sentinel-1/2: Application to Qinghai-Tibet Plateau,
None,True,Remote Sensing of Environment,该论文研究了冠层反射率与叶密度之间的关系，这涉及到植物冠层对大气成分的吸收和反射特性，与大气环境遥感技术中的空气质量监测和大气成分分析密切相关。,"['canopy reflectance', 'leaf density', 'atmospheric composition']",Abdelaziz Kallel;Yingjie Wang;Jean Philippe Gastellu-Etchegorry,Derivative of canopy reflectance with respect to leaf density: A probabilistic rendering framework,
None,True,Remote Sensing of Environment,该论文使用多时相InSAR技术揭示高填方运河的细尺度变形模式和机制，InSAR是一种利用卫星观测数据进行地表形变监测的技术，与大气环境遥感技术中的卫星观测和大气成分分析相关，因此具有相关性。,"['InSAR', 'multi-temporal', 'canals', 'deformation', 'satellite observations']",Nan Wang;Yanru Yu;Haocheng Li;Jie Dong;Mingsheng Liao,Fine-scale deformation pattern and mechanism of high-fill canals revealed by multi-temporal InSAR,
None,False,Remote Sensing of Environment,标题和摘要内容为'编辑委员会'，不涉及大气环境遥感技术相关主题。,[],,Editorial Board,
None,False,International Journal of Applied Earth Observation and Geoinformation,该论文主要关注的是全球海洋颜色数据集，用于海洋生态监测，与大气环境遥感技术（如空气质量监测、卫星观测、大气成分分析、气溶胶反演）没有直接关系。,"['Ocean-Colour', 'marine ecological monitoring', 'daily dataset']",Yuan Zhang;Hui Yang;Fang Shen;Tingwei Cui;Liu Cui;Renhu Li;Qingzhou Lv;Xuerong Sun,"A Global, Gap-Free daily Ocean-Colour dataset (2000–2024) for robust marine ecological monitoring",
None,True,International Journal of Applied Earth Observation and Geoinformation,该论文研究无人机（UAV）在基于BRDF（双向反射分布函数）推导的植被指数进行树木高度反演中的应用，涉及遥感技术和大气环境监测中的植被参数反演，与大气环境遥感技术（如空气质量和植被监测）密切相关。,"['UAV', 'BRDF', 'vegetation indices', 'tree height retrieval']",Zhihui Mao;Lei Deng;Qinghua Qiao,Viewing-geometry effects on UAV-based tree height retrieval using BRDF-derived vegetation indices,
None,True,International Journal of Applied Earth Observation and Geoinformation,该论文涉及使用卫星技术监测中国最大的海草床的长期时空动态，虽然主要研究对象是海草床，但使用了卫星遥感技术，因此与大气环境遥感技术有一定相关性，特别是在环境监测方面。,"['satellite', 'spatiotemporal dynamics', 'seagrass meadow']",Jun Tang;Yingcheng Lu;Zhiyuan Ouyang;Yarong Zou;Futao Wang;Yuntao Wang;Chao Zhou;Yanlong Chen,Satellite tracking of long-term spatiotemporal dynamics in China’s largest seagrass meadow,
None,False,International Journal of Applied Earth Observation and Geoinformation,该论文标题和摘要中并未提及与大气环境遥感技术相关的具体内容，如空气质量监测、卫星观测、大气成分分析或气溶胶反演等。标题中的'Remote SAMsing'和'segment anything'暗示这是一种与图像分割或计算机视觉相关的技术，但并未明确与大气环境遥感技术有直接关联。,"['Remote SAMsing', 'segment anything', 'segment everything']",Osmar Luiz Ferreira de Carvalho;Osmar Abílio de Carvalho Júnior;Anesmar Olino de Albuquerque;Daniel Guerreiro e Silva,Remote SAMsing: From segment anything to segment everything,
None,False,International Journal of Applied Earth Observation and Geoinformation,该论文主要研究使用移动激光扫描和语义3D道路空间模型对物体表面进行辐射指纹识别，与大气环境遥感技术（如空气质量监测、卫星观测、大气成分分析、气溶胶反演）关系不大。,"['mobile laser scanning', 'semantic 3D road space models']",Benedikt Schwab;Thomas H. Kolbe,Radiometric fingerprinting of object surfaces using mobile laser scanning and semantic 3D road space models,
None,True,International Journal of Applied Earth Observation and Geoinformation,该论文使用深度学习模型，结合光学和SAR卫星图像，估算北欧地区的体积和Lorey高度。这些技术属于大气环境遥感技术范畴，特别是卫星观测和大气成分分析领域，因此与大气环境遥感技术密切相关。,"['optical satellite images', 'SAR satellite images', 'deep learning models', 'volume', 'Lorey’s height']",Zsofia Koma;Oleg Antropov;Oliver Cartus;Jukka Miettinen;Johannes Breidenbach,Deep learning models for estimating volume and Lorey’s height across Nordic countries using optical and SAR satellite images,
None,False,International Journal of Applied Earth Observation and Geoinformation,该论文主要关注的是利用卫星嵌入技术进行作物类型分类的比较研究，虽然使用了卫星数据，但核心内容是农业应用而非大气环境遥感技术，如空气质量监测、卫星观测或大气成分分析。,"['satellite embeddings', 'crop type classification', 'comparative examination']",Britt W. Smith;Jessica J. Walker;Christopher E. Soulard,Satellite embeddings for crop type classification: a comparative examination,
None,False,International Journal of Applied Earth Observation and Geoinformation,该论文的主题是利用网络技术对单个树木进行分割，属于计算机视觉和遥感数据处理领域，但与大气环境遥感技术（如空气质量监测、卫星观测、大气成分分析、气溶胶反演）没有直接关联。,"['air quality monitoring', 'satellite observations', 'atmospheric composition analysis', 'aerosol retrieval']",Lei Bao;Yong Wu;Leiguang Wang;Xiaoli Zhang;Zhibo Yu;Zhi Liu;Chi Lu;Yuansu Xu;Hong Wang;Xiaohan Liu;Weibin Wang;Hongbin Luo;Guanglong Ou,Network-inspired restructuring for individual tree segmentation in ULS point clouds,
None,True,International Journal of Applied Earth Observation and Geoinformation,该论文研究联合学习频率-时空依赖性和结构上下文，用于光学-SAR变化检测。光学-SAR技术是卫星遥感的一种形式，常用于监测地表变化，包括大气环境中的某些特征。因此，该论文与大气环境遥感技术（如空气质量监测、卫星观测、大气成分分析、气溶胶反演）有较强的相关性。,"['optical-SAR', 'change detection', 'atmospheric remote sensing', 'satellite observations']",Yujie Li;Xuanguang Liu;Chenguang Dai;Zhenchao Zhang;Lei Ding;Han Zhu;Ruihua Lu;Hanyun Wang,Joint learning of frequency-spatio-temporal dependencies and structural context for optical-SAR change detection,
None,True,International Journal of Applied Earth Observation and Geoinformation,该论文使用AVIRIS-3卫星传感器模拟了植被演替模式，AVIRIS-3是一种高光谱遥感技术，用于大气环境监测和植被分析，因此与大气环境遥感技术密切相关。,"['AVIRIS-3', 'vegetation succession', 'atmospheric remote sensing']",Bhagyashree Verma;Emma C. Hall;Mark J. Lara,Simulated AVIRIS-3 detects species-specific patterns of vegetation succession in retrogressive thaw slumps,
None,False,International Journal of Applied Earth Observation and Geoinformation,该论文研究的是利用Mamba网络进行小冰期冰川的绘制，虽然涉及地形引导的多模态网络，但主题与大气环境遥感技术（如空气质量监测、卫星观测、大气成分分析、气溶胶反演）关系不大，主要关注冰川地质变化。,"['glaciers', 'Mamba network', 'terrain-guided']",Jun Zhou;Shiyin Liu;Fuming Xie;Caixia Qin,Mamba-trident: terrain-guided tri-modal Mamba network for mapping little ice age glaciers,
None,True,International Journal of Applied Earth Observation and Geoinformation,该论文研究叶绿素荧光和总初级生产力之间的关系，涉及植被生理和冠层结构对太阳诱导叶绿素荧光的影响，这与大气环境遥感技术中的植被监测和大气成分分析相关，因为叶绿素荧光是遥感技术中用于监测植物健康和光合作用的重要指标。,"['solar-induced chlorophyll fluorescence', 'gross primary productivity', 'canopy structure']",Fangyi Lv;Kaimin Sun;Shunxia Miao;Yi Xu;Wei Cui;YePei Chen;Wenzhuo Li;Xiuqing Hu,Disentangling leaf physiology and canopy structure effects on solar-induced chlorophyll fluorescence and gross primary productivity: A multi-biome and cross-site assessment,
None,True,International Journal of Applied Earth Observation and Geoinformation,该论文研究的是基于物理约束的神经网络技术，用于重建全谱太阳能诱导叶绿素荧光。虽然主要关注植物生理和环境监测，但叶绿素荧光是大气环境监测中的一项重要指标，可用于评估植被健康和大气成分。因此，该研究与大气环境遥感技术（如植被监测和大气成分分析）有较强的关联性。,"['physics-constrained neural network', 'solar-induced chlorophyll fluorescence', 'reconstruction']",Dianrun Zhao;Shanshan Du;Yulu Du;Xinjie Liu;Liangyun Liu,FSIF-PCNN: A physics-constrained neural network for full-spectrum solar-induced chlorophyll fluorescence reconstruction,
None,True,International Journal of Applied Earth Observation and Geoinformation,该研究使用夜光影像技术评估城市户外运动场的照明质量，涉及遥感技术（夜光影像）和城市环境监测，与大气环境遥感技术（如卫星观测和城市环境分析）有一定关联，但主要关注点为照明质量而非空气质量或大气成分。,"['SDGSAT-1', 'nighttime light imagery', 'urban outdoor sports fields']",Tingrui Guo;Min Zhao;Zhuolin Tao;Jiaqi Fu;Xinyi Song;Yuyu Zhou,Assessment of lighting quality in urban outdoor sports fields using 10-m SDGSAT-1 nighttime light imagery,
None,True,International Journal of Applied Earth Observation and Geoinformation,该论文标题和摘要明确涉及使用多源地球观测数据（卫星观测）进行近实时野火烧毁区绘制，这与大气环境遥感技术（如卫星观测、大气成分分析）密切相关。关键词如“wildfire burned area mapping”、“multi-source earth observation”和“self-supervised framework”都直接指向了遥感技术在环境监测中的应用。,"['wildfire burned area mapping', 'multi-source earth observation', 'self-supervised framework']",Mirza Waleed;Muhammad Bilal,BAM: A physics-informed self-supervised framework for near-real-time wildfire burned area mapping from multi-source earth observation,
None,True,International Journal of Applied Earth Observation and Geoinformation,该论文标题和摘要中涉及合成孔径雷达（SAR）技术，用于在复杂背景下生成高保真度船舶图像。SAR是一种重要的遥感技术，用于大气环境监测，如通过卫星观测大气成分、气溶胶等。因此，该论文与大气环境遥感技术（如空气质量监测、卫星观测、大气成分分析、气溶胶检索等）密切相关。,"['SAR', 'ship generation', 'atmospheric remote sensing', 'physical Scattering-Guided Prior', 'Mamba model']",Moran Ju;Changqi Wang;Si-Nian Jin,A physical Scattering-Guided Prior-Enhanced Mamba model for high-fidelity SAR ship generation in complex backgrounds,
None,True,International Journal of Applied Earth Observation and Geoinformation,该论文研究了无人机RGB和高光谱图像的深度空间-光谱融合技术在马铃薯植物病害检测中的应用，涉及遥感技术中的图像处理和分析方法，与大气环境遥感技术中的空气质量监测、卫星观测等领域有部分交叉，因此相关性较强。,"['UAV', 'RGB imagery', 'hyperspectral imagery', 'disease detection']",Tianyi Jia;Magdalena Smigaj;Gert Kootstra;Lammert Kooistra,Deep spatial-spectral fusion of UAV RGB and hyperspectral imagery for potato plant disease detection,
None,False,International Journal of Applied Earth Observation and Geoinformation,该论文研究的是使用深度学习技术自动划定产权边界，与大气环境遥感技术（如空气质量监测、卫星观测、大气成分分析、气溶胶反演等）无关。,"['property boundaries', 'deep learning', 'automated delineation']",Jeroen Grift;Claudio Persello;Mila Koeva,From pixels to vectorized cadastral boundaries: Deep learning-based automated delineation of property boundaries in the Netherlands,
None,False,International Journal of Applied Earth Observation and Geoinformation,该论文标题和摘要主要关注图像匹配和姿态先验学习，与大气环境遥感技术（如空气质量监测、卫星观测、大气成分分析、气溶胶反演等）无关。,[],Hongyang Zhang;Yusheng Xu;Changyou Xu;Rong Huang;Zhen Ye;Yan Xia;Xiaohua Tong,Learning from noisy pose priors: Geometry-guided routing attention for robust image matching,
None,True,International Journal of Applied Earth Observation and Geoinformation,该论文涉及多角度TECIS数据特征选择和森林生物量估算，虽然不直接提及大气环境遥感技术，但TECIS（Total Electron Content Integrated Sensor）是一种用于监测大气电离层总电子含量的卫星传感器，其数据可用于大气环境研究，因此与大气环境遥感技术有一定关联。,"['Multi-Angular TECIS', 'forest biomass estimation', 'Model-driven sensitivity analysis']",Xuexia Sun;Xiaoyao Li;Bingxiang Tan;Fayun Wu;Yuxuan Liu;Shimei Xiong,Feature selection from Multi-Angular TECIS data for forest biomass estimation using a Model-driven sensitivity analysis approach,
None,False,International Journal of Applied Earth Observation and Geoinformation,该论文主要关注地震引起的建筑物损坏，使用VIIRS夜间灯光数据和深度学习技术进行多尺度框架下的区域验证，与大气环境遥感技术（如空气质量监测、卫星观测、大气成分分析、气溶胶反演）没有直接关联。,"['VIIRS', 'nighttime lights', 'deep learning']",Hee-Su Joo;Seon-Gyu Kim;Jin-Hyeong Lee;Hyung-Sup Jung,Quantifying earthquake-induced building damage from VIIRS nighttime lights: A multi-scale framework with deep learning–based area validation,
None,False,International Journal of Applied Earth Observation and Geoinformation,该论文的主题是利用时空先验知识和因子驱动模型来预测森林昆虫的损害预警，这与大气环境遥感技术（如空气质量监测、卫星观测、大气成分分析、气溶胶反演等）没有直接关系，因此不相关。,"['spatiotemporal', 'factor-driven modeling', 'forest insect damage']",Haoyan Zhang;Shiming Li;Yaozhong Pan,Integrating spatiotemporal prior knowledge from co-segmented time-series into factor-driven modeling for forest insect damage warning,
None,True,International Journal of Applied Earth Observation and Geoinformation,该论文研究了印度砖窑的时空分布和技术类型，砖窑是大气污染的重要来源，涉及空气质量和大气成分分析，与大气环境遥感技术密切相关。,"['brick kilns', 'atmospheric pollution', 'remote sensing']",Sugandha Arora;Clément Goldmann;Stefan Oehmcke;Jan Pauls;Chuanlong Zhou;Abhinav Sharma;Kushal Tibrewal;Harish Phuleria;Fabian Gieseke;Philippe Ciais,Brick kilns across India: A temporal analysis of brick kiln distribution and technology types,
None,True,International Journal of Applied Earth Observation and Geoinformation,该论文研究了喀斯特干旱的传播，使用了多源地球观测数据，这与大气环境遥感技术中的卫星观测和数据分析密切相关，特别是对地表水和地下水系统的监测。,"['Earth Observation', 'karst drought', 'multisource']",Chengchang Tian;Qiuwen Zhou;Ze Yuan;Yuan Li;Igor Leščešen;Slobodan Gnjato;Pedro A.M. Leite,Global assessment of karst drought propagation from multisource Earth Observation: Epikarst-mediated rapid shallow coupling and delayed deep responses,
None,True,International Journal of Applied Earth Observation and Geoinformation,该论文研究了如何利用FY-3G多角度偏振观测技术监测全球云相，并与独立的多站点激光雷达验证相结合。这直接涉及大气环境遥感技术，特别是云相监测和大气成分分析，因此与所要求的领域密切相关。,"['FY-3G', 'polarimetric observations', 'cloud phase monitoring', 'lidar validation']",Yaying Wang;Haofei Wang;Chuanfeng Zhao;Qiao Wang;Kun Jia;Jinlong Fan;Hang Lyu;Sijie Chen;Zhenping Yin;Xing Yan,Global cloud phase monitoring from FY-3G multi-angle polarimetric observations using the new MAPLE-CP framework with independent multi-site lidar validation,
None,True,International Journal of Applied Earth Observation and Geoinformation,该论文研究的是如何通过体积保持插值预处理步骤减少空气温度降尺度中的网格伪影问题，这与大气环境遥感技术中的空气质量监测和温度数据分析相关，因此是相关的。,"['air temperature', 'downscaling', 'interpolation']",Zitong Wen;Lu Zhuo;Jiao Wang;Ahmed Abdelhalim;Ming Zhong;Dawei Han,Reducing grid artifacts in air temperature downscaling with a Volume-Preserving interpolation preprocessing step,
None,True,International Journal of Applied Earth Observation and Geoinformation,该论文标题和摘要明确涉及了大气环境遥感技术中的关键术语，如“气溶胶-云探测通道”、“532 nm”以及“DQ-1/ACDL”卫星传感器，且摘要中提到“线性拟合校准算法”，这些都表明该研究直接与大气成分分析、气溶胶和云的遥感监测相关，因此与大气环境遥感技术高度相关。,"['Aerosol-Cloud detection channels', '532 nm', 'DQ-1/ACDL', 'Linear-Fitting calibration algorithm']",Feiyue Mao;Chengen Li;Lin Zang;Zengxin Pan;Weiwei Xu;Ge Han;Xiuqing Hu;Weibiao Chen;Wei Gong,Linear-Fitting calibration algorithm for Aerosol-Cloud detection channels at 532 nm of the DQ-1/ACDL,
None,False,International Journal of Applied Earth Observation and Geoinformation,该研究主要关注的是利用高光谱数据和机器学习技术检测水稻白叶枯病，与大气环境遥感技术（如空气质量监测、卫星观测、大气成分分析、气溶胶反演等）没有直接关联。,"['hyperspectral data', 'machine learning', 'rice bacterial leaf blight disease']",Ziyi Wang;Roshanak Darvishzadeh;Nancy Castilla;Alice Laborte;Andrew Nelson,Early detection of rice bacterial leaf blight disease using canopy hyperspectral data and machine learning,
None,False,International Journal of Applied Earth Observation and Geoinformation,该论文标题和摘要主要涉及图Transformer和向量建筑数据的更新框架，与大气环境遥感技术（如空气质量监测、卫星观测、大气成分分析、气溶胶反演）没有直接相关性。,[],Yue Qiu;Fang Wu;Haizhong Qian;Jichong Yin;Xianyong Gong;Chengyi Liu;Hao Zhang;Rui Cao,V-BUILD: A graph Transformer-based decision framework for selective updating of vector building data,
None,True,International Journal of Applied Earth Observation and Geoinformation,该论文标题和摘要明确涉及地表煤矿的环境质量评估方法，其中提到的方法'MiecoI'可能涉及环境监测技术，虽然未直接提及大气遥感技术，但与空气质量和环境监测相关，因此认为与大气环境遥感技术有一定关联。,"['surface coal Mines', 'Eco-Environmental quality assessment', 'MiecoI']",Feiyue Li;Jun Li;Chengye Zhang;Han Zhang;Chuanying Peng;Lixia Liang;Jingyu Hao;Simit Raval,A new approach for comprehensive and spatiotemporally comparable Eco-Environmental quality assessment of surface coal Mines: MiecoI,
None,True,International Journal of Applied Earth Observation and Geoinformation,该论文研究了利用Sentinel-2卫星图像进行近实时作物收割检测的无监督框架，涉及遥感技术和卫星观测，与大气环境遥感技术中的卫星图像分析相关。,"['Sentinel-2 imagery', 'reaped index', 'unsupervised framework']",Kai Tang;Zeteng Li;Youzhi Zhang;Laigang Wang;Peng Yang;Bingwen Qiu;Xuehong Chen;Ruilin Chen;Jianlong Li;Jin Chen,A near-real-time and unsupervised framework for grain crop harvest detection using sentinel-2 imagery: the reaped index (RI) and automated thresholding,
None,True,International Journal of Applied Earth Observation and Geoinformation,该论文的标题和摘要涉及太阳能光伏产业的发展及其生态影响，虽然主要关注土地用途变化，但与大气环境遥感技术有间接关联，例如通过卫星观测和地理信息系统（GIS）分析地表覆盖变化，这可能对空气质量和气候研究提供数据支持。,"['solar photovoltaics', 'ecological implications', 'spatiotemporal dynamics']",Shoki Shimada;Wataru Takeuchi;Kei Oyoshi,Corrigendum to “Spatiotemporal dynamics of solar photovoltaics development and ecological implications in Japan from cropland to forest” [Int. J. Appl. Earth Obs. Geoinf. 150 (2026) 105348],
None,True,International Journal of Applied Earth Observation and Geoinformation,该论文研究的是从单类标注的遥感数据集中对农田和农村道路进行联合分割的方法，这属于遥感图像处理和地物分类的范畴，与大气环境遥感技术中的地表特征提取和监测相关，因此是相关的。,"['remote sensing', 'segmentation', 'farmland', 'rural roads']",Zhaoxiang Cao;Yuchun Huang;Yibo Zhou;Peng Zhou;Zhiqiang Qin;Shengyuan Zhang,A partially supervised joint segmentation method for farmland and rural roads from single-class annotated remote sensing datasets,
None,True,International Journal of Applied Earth Observation and Geoinformation,该研究使用双极化全球导航卫星系统反演技术，结合微卫星观测数据，对FYI-MYI海冰类型进行分类。这与大气环境遥感技术中的卫星观测和大气成分分析密切相关，因此相关性较强。,"['Dual-polarization GNSS reflectometry', 'sea ice type classification', 'microsatellite observations']",Runchuan Li;Fei Guo;Wentao Yang;Weiqiang Li;Xiaohong Zhang;Estel Cardellach,Dual-polarization GNSS reflectometry for FYI–MYI sea ice type classification using microsatellite observations,
None,True,International Journal of Applied Earth Observation and Geoinformation,该研究使用HLS、LiDAR指标和GGP-GAM分析波兰云杉林的NDVI-林分结构关系，涉及遥感技术和大气成分分析，与大气环境遥感技术相关。,"['NDVI', 'LiDAR', 'atmospheric composition', 'aerosol retrieval', 'satellite observations']",Luiza Tymińska-Czabańska;Piotr Janiec;Michał Lupa;Vahid Nasiri;Franciszek Błaś;Adam Ziółkowski;Paweł Hawryło;Jarosław Socha,"Spatially varying NDVI–stand structure relationships in Scots pine forests across Poland using HLS, LiDAR metrics and GGP-GAM",
None,False,International Journal of Applied Earth Observation and Geoinformation,该论文研究的是农业和城市扩张对全球干旱地区的生态水文影响，主要关注点为生态和水资源，而非大气环境遥感技术，如空气质量监测、卫星观测、大气成分分析或气溶胶反演等。,[],Ran Wang;Wei Zhou;Tao Lin;Zhe Hao;Shibin Zhang;Conghong Huang,Divergent ecohydrological impacts of agricultural and urban expansions across global drylands,
None,True,International Journal of Applied Earth Observation and Geoinformation,该论文研究了利用Sentinel-2卫星数据和ERA5-Land数据估算瑞典湖泊溶解有机碳的方法，涉及地球观测技术、卫星数据和湖泊水质监测，与大气环境遥感技术中的空气质量和水质监测相关。,"['Sentinel-2', 'ERA5-Land', 'dissolved organic carbon', 'Earth observation']",Xufeng Wei;Wenbo Xu;Lanhui Wang;Renkui Guo;Zheng Duan,An interpretable Earth observation framework for estimating lake dissolved organic carbon in Sweden using Sentinel-2 and ERA5-Land data,
None,False,International Journal of Applied Earth Observation and Geoinformation,该论文的标题和摘要主要关注虚拟现实（VR）城市建模中的层次细节设计（LOD）和现实主义问题，与大气环境遥感技术（如空气质量监测、卫星观测、大气成分分析、气溶胶反演）无关。,[],Yunlei Su;Guosheng Yang;Wufan Zhao;Cai Wu,Beyond fidelity: Rethinking realism through human behavior in VR city modeling LOD design,
None,False,International Journal of Applied Earth Observation and Geoinformation,该论文研究的是从火星撞击坑数据集中提取撞击坑的技术，与大气环境遥感技术（如空气质量监测、卫星观测、大气成分分析、气溶胶反演）无明显关联。,"['impact craters', 'martian', 'BQEL-Net']",Chang Li;Haoyan Ma;Yi He;Zhizhong Kang,BQEL-Net: A bimodal quantitative ensemble learning network with uncertainty-aware for vectorized extraction of martian impact craters from bimodal catalogic-and-quantitative dataset (BCQDS),
None,True,International Journal of Applied Earth Observation and Geoinformation,该论文研究融合高分辨率航空影像与Sentinel-1和Sentinel-2时间序列数据，用于多年果园类型分类。这些技术属于遥感技术范畴，涉及卫星观测和图像处理，与大气环境遥感技术（如空气质量监测、卫星观测、大气成分分析、气溶胶反演）密切相关，因此具有相关性。,"['aerial imagery', 'Sentinel-1', 'Sentinel-2', 'orchard classification', 'remote sensing']",Lior Fine;Tarin Paz-Kagan;Offer Rozenstein,Fusing very high-resolution aerial imagery with Sentinel-1 and Sentinel-2 time series improves multi-year orchard type classification,
None,True,International Journal of Applied Earth Observation and Geoinformation,该论文使用遥感技术和集成建模来识别和分类蝗虫（Calliptamus italicus）的风险区，并考虑了人口密度和栖息地适宜性。虽然论文的主要目的是蝗虫风险管理，但其使用了遥感技术，这与大气环境遥感技术（如空气质量监测、卫星观测、大气成分分析、气溶胶反演）密切相关。因此，该论文与大气环境遥感技术是强相关的。,"['remote sensing', 'ensemble modeling', 'habitat suitability']",Junteng Luo;Liang Liu;Jianghua Zheng;Jun Lin;Wanqiang Han;Yang Yan;Jianhao Li;Feifei Zhang;Zhong Liang;Qige Qi,Identification and classification of risk zones for <em>Calliptamus italicus</em> based on remote sensing and ensemble modeling: considering population density and habitat suitability,
None,True,International Journal of Applied Earth Observation and Geoinformation,该论文使用地球观测数据结合机器学习技术，对阿拉伯湾和波斯湾的有害藻华进行预测，属于环境监测和遥感技术的应用范畴，与大气环境遥感技术中的监测和分析方法密切相关。,"['Earth Observation', 'machine learning', 'harmful algal blooms', 'Arabian Gulf', 'Sea of Oman']",Kaltham A. Ismail;Roqaya A. Ismail;Mohammed Salim,Earth Observation–Based Machine learning for operational forecasting of harmful algal blooms in the Arabian Gulf and Sea of Oman,
None,True,International Journal of Applied Earth Observation and Geoinformation,该文章的标题和摘要明确提到了GNSS-R（全球导航卫星系统后向反射），这是一种用于大气环境遥感的技术，特别涉及高风速的检索。这表明该研究与应用大气环境遥感技术密切相关，特别是卫星观测和大气参数反演领域。,"['PLGF-NET', 'Physics-Guided', 'Local-Global fusion', 'network', 'GNSS-R']",Xinzhe Xu;Minfeng Song;Xiufeng He;Jinsheng Tu;Xiaolei Wang;Jinwen Zeng;Hao Yang;Wei Zhan,PLGF-NET: A Physics-Guided Local-Global fusion network for GNSS-R high wind speed retrieval,
None,False,International Journal of Applied Earth Observation and Geoinformation,该论文主要研究如何利用无人机时间序列数据和少样本基础模型来分析苜蓿的空间和时间生长特征及其功能表征，与大气环境遥感技术（如空气质量监测、卫星观测、大气成分分析、气溶胶反演等）关系不大。,"['UAV', 'alfalfa', 'few-shot foundation models']",Tao Cheng;Zhangru Gao;Ziyu Ding;Dong Han;Yaling Liu;Ruopu Zan;Xinyuan He;Shibo Yang;Feng Yuan;Weibo Ren;Dongyan Zhang,DINO-Pheno-Cluster: Integrating few-shot foundation models and UAV time-series for spatiotemporal growth and functional characterization of alfalfa,
None,True,International Journal of Applied Earth Observation and Geoinformation,该论文研究使用Landsat 8/9卫星数据，通过RF-XGBoost模型反演总氮浓度，这与大气环境遥感技术中的大气成分分析和空气质量监测密切相关，因此相关性较强。,"['total nitrogen', 'Landsat 8/9', 'RF-XGBoost', 'atmospheric retrieval']",Yuanyuan Zhang;Shuanggen Jin,MFRXG: A multi-feature stacking ensemble RF-XGBoost model for total nitrogen retrieval in the Yellow River from Landsat 8/9 data,
None,True,International Journal of Applied Earth Observation and Geoinformation,该论文标题和摘要明确涉及从单目遥感图像进行高度估计的视觉语言网络，这与大气环境遥感技术中的卫星观测、大气成分分析等技术相关，属于遥感技术应用领域。,"['monocular remote sensing imagery', 'height estimation', 'vision-language network']",Tao Zhang;Furong Shi;Yuanping Zhu;Xin Huang,HeightCLIP: A vision-language network for height estimation from monocular remote sensing imagery,
None,False,International Journal of Applied Earth Observation and Geoinformation,该论文标题和摘要主要关注的是城市数字孪生技术在环境敏感型交通规划中的应用，涉及的是城市规划和技术框架，与大气环境遥感技术（如空气质量监测、卫星观测、大气成分分析、气溶胶反演等）没有直接关系。,[],Thomas Trabert;Elmar Brockfeld;Alexander Sohr;Kerstin Krellenberg;Jakob Erdmann;Xiaoxu Bei;Carsten Dalaff;Timo Houben;Jan Bumberger,Urban digital twin for environmentally sensitive mobility planning: conceptual framework and application in pilot region Leipzig,
None,True,International Journal of Applied Earth Observation and Geoinformation,该论文与大气环境遥感技术相关，因为它涉及使用卫星（SuperDove）检测“负载物质的堆垛”，这与大气成分分析（如空气质量和污染物监测）密切相关。论文还特别关注极端环境事件，这进一步表明其与大气环境遥感技术的关联性。,"['SuperDove', 'satellite', 'matter-loaded windrows']",Dimitris Papageorgiou;Stefano Aliani;Andrés Cózar;Konstantinos Topouzelis,SuperDove satellite detection of matter-loaded windrows with a focus on extreme environmental events,
None,False,International Journal of Applied Earth Observation and Geoinformation,该论文研究的是基于开源多模态数据和形态感知UDASS的屋顶植被映射框架，主要关注城市植被分布，与大气环境遥感技术（如空气质量监测、卫星观测、大气成分分析、气溶胶反演）相关性较弱。,"['roof vegetation', 'open-source multimodal data', 'morphology-aware UDASS']",Jinhui Liu;Mi Zhang;Lina Tang;Guofan Shao;Huiwei Jiang;Xiangyun Hu;Yibing Xiong;Jiongwei Wang,A transferable framework for roof vegetation mapping across tropical cities based on open-source multimodal data and morphology-aware UDASS,
None,False,International Journal of Applied Earth Observation and Geoinformation,该论文标题和摘要主要关注土壤适宜性评估，涉及模糊熵、MAIRCA和TOPSIS框架，与大气环境遥感技术（如空气质量监测、卫星观测、大气成分分析、气溶胶反演）无关。,[],Karthik Subramani;Deva Nithyanandham;Felix Augustin;Saravanakumar Ramasamy;Ajeesh Puthusserry Paulose;Pandiyaraju V,An integrated picture fuzzy entropy–MAIRCA–TOPSIS framework for sustainable soil suitability evaluation,
None,True,International Journal of Applied Earth Observation and Geoinformation,该论文与大气环境遥感技术密切相关，因为它专注于利用多个卫星平台进行作物（玉米）的遥感监测，特别是在阿根廷和巴西的复种地区，且无需地面参考数据。这涉及到卫星观测、遥感技术和农业环境监测，这些都是大气环境遥感技术的重要应用领域。,"['maize mapping', 'satellite platforms', 'ground reference data']",Ryoungseob Kwon;Youngryel Ryu;Philippe Ciais;David Makowski;Changhyun Choi;Huaize Feng;Sungchan Jeong;Pengfei Tang;Kyungdo Lee,Enabling maize mapping in double-cropping regions of Argentina and Brazil without ground reference data by leveraging multiple satellite platforms,
None,False,International Journal of Applied Earth Observation and Geoinformation,该论文研究的是蝗虫栖息地的时空动态变化，涉及未来气候变化、植被生长和土地利用变化，与大气环境遥感技术（如空气质量监测、卫星观测、大气成分分析、气溶胶反演）没有直接关系。,[],Jing Guo;Wenjiang Huang;Yingying Dong;Qiaoyun Xie;Guofei Fang;Fangzheng Yue;Kun Wang;Zhuoqing Hao;Yan Zhang;Xiangzhe Cheng;Yue Shi;Bing Zhang,"Spatiotemporal dynamics of grasshopper habitats under future climate projections, vegetation growth, and land use change",
None,True,International Journal of Applied Earth Observation and Geoinformation,该论文使用Sentinel-5 Precursor卫星数据和高斯烟羽模型量化大型煤矿的甲烷排放，这与大气环境遥感技术（如空气质量监测和卫星观测）密切相关。,"['methane', 'Sentinel-5 Precursor', 'Gaussian plume model']",Yuanyuan Chen;Yi Li;Lixia Tan;Yufan Qian;Shuangxi Fang,Quantifying methane emissions from large coal mine using Sentinel-5 Precursor satellite data and Gaussian plume model,
None,True,International Journal of Applied Earth Observation and Geoinformation,该论文标题和摘要涉及光谱分解和深度先验，这些技术与大气环境遥感技术密切相关，如空气质量监测和卫星观测。光谱分解是遥感数据处理的重要方法，用于解析大气成分和气溶胶信息。,"['spectral unmixing', 'deep priors', 'remote sensing']",Soorya Suresh;Shri Charan Ramesh;Arun Pattathal Vijayakumar;Vandita Srivastava;Krishna Mohan Buddhiraju,Self-supervised spectral unmixing using scene-aware deep priors,
None,True,International Journal of Applied Earth Observation and Geoinformation,该论文与大气环境遥感技术密切相关，因为它涉及使用Sentinel-2卫星数据来检索叶绿素-a浓度，以监测中国湖泊的富营养化动态。这些研究内容属于大气环境遥感技术中的卫星观测和大气成分分析领域。,"['Sentinel-2', 'chlorophyll-a', 'lake eutrophication']",Zhen Zhang;Cuilin Yang;JiaJia Yuan;Lehao Huang;Zhongxi Ge;Zhitao Fu;Bo-Hui Tang,Pioneering Test-Time training for robust Fine-Grained chlorophyll-a retrieval from Sentinel-2: Unveiling China’s lake eutrophication dynamics (2018–2025),
None,True,International Journal of Applied Earth Observation and Geoinformation,该论文标题和摘要明确涉及从微波影像生成高精度水汽产品，这与大气环境遥感技术（如大气成分分析、卫星观测）高度相关。水汽是大气的重要组成部分，通过微波遥感技术可以监测其含量，因此该研究属于大气环境遥感领域。,"['precipitable water vapor', 'microwave imagery', 'atmospheric remote sensing']",Yuhao Wu;Bao Zhang;Yibin Yao;Zheng Du;Hongming Li;Quanyu Chen,Generation of high-precision precipitable water vapor products from morphed integrated microwave imagery,
None,False,International Journal of Applied Earth Observation and Geoinformation,该论文主要研究冰川泥石流的发生频率和极端气候的影响，与大气环境遥感技术（如空气质量监测、卫星观测、大气成分分析、气溶胶反演）没有直接关联。,[],Sen Zhang;Bochuan Zhang;Da Huang;Yongji Chen;Bei Zhang;Jianbing Peng,"Extreme climate effects on the occurrence and frequency of glacial debris flows: evidence from the Parlung Tsangpo Basin, Southeastern Tibetan Plateau",
None,True,International Journal of Applied Earth Observation and Geoinformation,该论文标题和摘要明确涉及无人机图像时间序列和多种环境特征，用于预测野火蔓延，这属于大气环境遥感技术的范畴，特别是与空气质量监测和大气成分分析相关，因为野火会释放大量污染物和气溶胶，遥感技术可用于监测和分析这些变化。,"['UAV', 'wildfire spread prediction', 'environmental features', 'remote sensing']",Jiahao Zhou;Sen He;Shanjunxia Wu;Qiuhua Wang;Fei Wang,Integrating UAV image time-series with multi-source environmental features for sequential wildfire spread prediction,
None,True,International Journal of Applied Earth Observation and Geoinformation,该论文标题和摘要明确涉及从卫星图像进行大尺度土地覆盖分类，这属于遥感技术领域，特别是利用深度学习方法处理卫星数据。虽然主要关注土地覆盖分类而非直接的空气质量和大气成分分析，但遥感技术在土地覆盖分类和大气环境监测中均有广泛应用，因此与大气环境遥感技术有较强的相关性。,"['satellite imagery', 'land cover classification', 'deep learning']",Johannes Leonhardt;Juergen Gall;Ribana Roscher,LC-SLab — An object-based deep learning framework for large-scale land cover classification from satellite imagery and sparse in-situ labels,
None,True,International Journal of Applied Earth Observation and Geoinformation,该论文研究了利用PROSPECT引导的多任务学习混合框架同时检索叶片叶绿素和类胡萝卜素，这与大气环境遥感技术中的大气成分分析密切相关。叶绿素和类胡萝卜素是植物叶片中的重要色素，其含量可以通过遥感技术进行监测，进而用于评估植物健康状况和大气环境质量。因此，该研究属于大气环境遥感技术领域，具有较强的相关性。,"['leaf chlorophyll', 'carotenoids', 'multi-task learning', 'remote sensing', 'atmospheric composition analysis']",Weilin Hao;Jia Sun;Kan Zhang;Shilin Yang;Feng Qiu;Jin Xu,A PROSPECT-guided multi-task learning hybrid framework for simultaneous retrieval of leaf chlorophyll and carotenoids,
None,True,International Journal of Applied Earth Observation and Geoinformation,该论文使用卫星观测技术研究火灾后北部澳大利亚地区的干旱抗性和恢复能力，涉及大气成分和降雨梯度，与大气环境遥感技术（如卫星观测和大气成分分析）密切相关。,"['卫星观测', '干旱抗性', '火灾影响', '大气成分', '降雨梯度']",Huanhuan Wang;Qiaoyun Xie;Sally E. Thompson;Caitlin E. Moore,Satellite evidence of reduced resistance and resilience to water stress after antecedent fire across a rainfall gradient in northern Australia,
None,True,International Journal of Applied Earth Observation and Geoinformation,该论文研究覆盖作物生物量对卫星探测覆盖作物的影响，这与大气环境遥感技术密切相关，特别是卫星观测和大气成分分析方面。,"['cover crop biomass', 'satellite-based detectability', 'satellite observations']",Yide Xu;Qu Zhou;Kaiyu Guan;Sheng Wang;W. Dean Hively;Jyoti Jennewein;Alison Thieme;Steven Mirsky;Zhangliang Chen,The impacts of cover crop biomass on satellite-based detectability of cover crops in Maryland,
None,True,International Journal of Applied Earth Observation and Geoinformation,该论文的主题涉及利用卫星技术进行洪水监测，特别是通过分类洪水类型来改进监测产品。这与大气环境遥感技术密切相关，因为洪水监测通常依赖于卫星观测数据，而卫星遥感技术是大气环境监测的重要组成部分。,"['flood extent mapping', 'satellite-based flood monitoring', 'flood type classification']",Ziming Wang;Jeffrey Neal;Peter M. Atkinson;Ce Zhang,From flood extent mapping to mechanism-aware flood products: integrating flood type classification into satellite-based flood monitoring,
None,False,International Journal of Applied Earth Observation and Geoinformation,该论文标题和摘要主要关注的是一种高分辨率的交换分类模型，通过多尺度几何结构特征融合进行增强。虽然这种技术可能应用于环境监测领域，但并未明确提及与大气环境遥感技术（如空气质量监测、卫星观测、大气成分分析、气溶胶反演等）直接相关的具体内容。因此，该论文与大气环境遥感技术的关联性不强。,"['interchange classification model', 'multi-scale geometric structural feature fusion']",Wan’er Yu;Gang Liu;Jing He;Zhiyong Luo,A high-resolution interchange classification model enhanced by multi-scale geometric structural feature fusion,
None,True,International Journal of Applied Earth Observation and Geoinformation,该论文研究了OCO-2卫星观测到的CO2浓度数据与地面基准观测站TCCON数据的偏差，涉及卫星遥感技术和大气成分分析，与大气环境遥感技术密切相关。,"['OCO-2', 'XCO2', 'TCCON', 'satellite observations', 'atmospheric composition']",Tslil Nacson;David M. Broday;Fadi Kizel,Spatiotemporal bias in OCO-2 XCO<sub>2</sub> retrievals relative to TCCON observations,
None,True,International Journal of Applied Earth Observation and Geoinformation,该论文与大气环境遥感技术相关，因为它利用街景图像和GIS数据来检测和分类城市街道树木。树木可以影响城市空气质量，例如通过吸收污染物和产生蒸腾作用，因此这项研究间接与空气质量监测和大气成分分析相关。,"['street-view images', 'GIS data', 'urban street tree detection']",Weijia Li;Xinjie Huo;Junyan Ye;Jinhua Yu;Hanxi Wang;Juepeng Zheng;Xiang Zhang;Haohuan Fu,Individual urban street tree detection and species-level mapping from street-view images and GIS data,
None,True,International Journal of Applied Earth Observation and Geoinformation,该论文使用高光谱三角指数（BLB_TVI）通过卫星尺度来表征水稻细菌性叶斑病的严重程度，这属于遥感技术在农业和大气环境监测中的应用，特别是大气成分分析的范畴。,"['hyperspectral', 'satellite-scale', 'rice bacterial leaf blight', 'remote sensing', 'atmospheric composition analysis']",Weiwei Liu;Xin Zhang;Gang Yang;Jingfeng Huang;Weiwei Sun;Luming Liu,BLB_TVI: A hyperspectral triangular index for satellite-scale characterization of rice bacterial leaf blight severity,
None,False,International Journal of Applied Earth Observation and Geoinformation,该论文研究的是如何通过混合监督和特征掩码恢复来高效标记未受监管的垃圾堆，这与大气环境遥感技术（如空气质量监测、卫星观测、大气成分分析、气溶胶反演）没有直接关系。,"['unregulated waste dumps', 'mixed supervision', 'feature masked recovery']",Li Shen;Xinyu Liu;Geding Yan;Daoping Peng;Zhilin Li,Label-efficient mapping of unregulated waste dumps via mixed supervision with feature masked recovery,
None,False,International Journal of Applied Earth Observation and Geoinformation,该论文主要关注使用自主水面车辆和深度学习进行海洋生物多样性的可重复性地图绘制，与大气环境遥感技术（如空气质量监测、卫星观测、大气成分分析、气溶胶反演）没有直接关联。,"['marine biodiversity', 'autonomous surface vehicles', 'deep learning']",Matteo Contini;Victor Illien;Mohan Julien;Sylvain Poulain;Mervyn Ravitchandirane;Victor Russias;Arthur Lazennec;Sarah Hamylton;Tom Spencer;Anna Koester;Pierre Gogendeau;Thomas Chevrier;Justine Talpaert Daudon;Annabelle Constance;Christopher Jones;Frauke Fleischer-Dogley;Serge Bernard;Alexis Joly;Julien Barde;Sylvain Bonhommeau,Reproducible mapping of marine biodiversity using autonomous surface vehicles and deep learning,
None,True,International Journal of Applied Earth Observation and Geoinformation,该论文使用GOCI遥感观测数据，通过机器学习框架重建和预测富营养化湖泊中的叶绿素a含量。这属于大气环境遥感技术中的卫星观测和水质监测领域，因此与题目要求的相关性较强。,"['Chl-a', 'GOCI', 'machine learning', 'eutrophic lakes', 'remote sensing']",Zehui Huang;Ronghua Ma;Xinhui Chen;Kun Xue;Minqi Hu;Haoze Liu,A two-stage machine learning framework for Chl-a reconstruction and short-term prediction in eutrophic lakes using GOCI observations,
None,True,International Journal of Applied Earth Observation and Geoinformation,该标题和摘要涉及遥感图像分割方法，虽然未直接提及大气环境监测或卫星观测，但遥感技术在大气环境监测中扮演重要角色，因此与大气环境遥感技术有一定关联。,"['remote sensing', 'image segmentation', 'atmospheric remote sensing']",Kai Tan;Hui Xia;Kaikai Tian;Hui Yang;Yanlan Wu;Peng Zhang;Yongchuang Wu,Referring Remote Sensing Image Segmentation method based on Scene-Aware Guided Network model,
None,False,International Journal of Applied Earth Observation and Geoinformation,该论文主要关注城市洪水风险评估，虽然涉及卫星土壤湿度数据，但核心内容与大气环境遥感技术（如空气质量监测、卫星观测、大气成分分析、气溶胶反演）关系不大。,"['satellite soil moisture', 'urban flood risk', 'rainfall']",Sang Yeob Kim,Time-series framework integrating rainfall and satellite soil moisture for multi-scale urban flood risk assessment,
None,True,International Journal of Applied Earth Observation and Geoinformation,该论文研究了使用SIF（太阳诱导叶绿素荧光）约束的Noah-MP陆地地表模型来模拟水分利用效率和干旱恢复力，并将其应用于半干旱流域。虽然主要关注陆地水分过程，但SIF作为一种遥感技术，可用于大气环境监测，特别是与植被和大气相互作用相关的研究，因此与大气环境遥感技术有一定相关性。,"['SIF', 'Noah-MP', 'land surface model', 'water use efficiency', 'drought Resilience']",Tewekel Melese Gemechu;Huifang Zhang;Jialong Sun;Baozhang Chen,A SIF-Constrained Noah-MP land surface model for simulating water use efficiency and drought Resilience: Application in a Semi-Arid Basin,
None,False,International Journal of Applied Earth Observation and Geoinformation,该论文标题和摘要主要关注无人机图像匹配、循环一致性和通道分离技术，涉及计算机视觉和深度学习领域，与大气环境遥感技术（如空气质量监测、卫星观测、大气成分分析、气溶胶反演）无直接关联。,[],Jingru Li;Kun Sun;Wen Dai;Chang Tang;Kunqian Li;Wenhao Bao;Xiongwu Xiao;Deren Li,C2D2: Matching UAV images with cycle-consistency and channel-separation for joint detector and descriptor,
None,True,International Journal of Applied Earth Observation and Geoinformation,该论文研究了利用雷达后向散射进行时空融合，以增强监测南极冰架的表面融化动力学。这与大气环境遥感技术中的卫星观测和大气成分分析密切相关，特别是涉及冰盖和大气交互的研究，因此属于强相关领域。,"['radar backscatter', 'Antarctic ice shelves', 'surface melt dynamics']",Chengyu Pu;Lei Zheng;Jingan Wu;Qi Liang;Teng Li;Gang Li;Xiao Cheng,Spatiotemporal fusion of radar backscatter for enhanced monitoring of surface melt dynamics over Antarctic ice shelves,
None,True,International Journal of Applied Earth Observation and Geoinformation,该论文研究了利用太空遥感技术检测北方农业田中CO2和N2O交换特征的可行性，这与大气环境遥感技术（如大气成分分析、卫星观测）密切相关，因此是强相关的。,"['space-borne remote sensing', 'CO2', 'N2O', 'boreal agricultural fields']",Miia Salminen;Liisa Kulmala;Tuomas Laurila;Olli Nevalainen;Stephanie Gerin;Laura Heimsch;Henriikka Vekuri;Juval Cohen;Matias Takala;Kimmo Rautiainen;Narasinha Shurpali;Maarit Liimatainen;Jari Liski;Jouni Pulliainen,Feasibility of space-borne remote sensing to detect features related to CO<sub>2</sub> and N<sub>2</sub>O exchange of boreal agricultural fields,
None,True,International Journal of Applied Earth Observation and Geoinformation,该论文使用多源数据（可能包括卫星遥感数据）来绘制澳大利亚和新西兰的海岸沙丘的范围、类型和残留区域，这与大气环境遥感技术中的卫星观测和地表特征分析相关。,"['coastal dunes', 'multi-source data', 'remote sensing']",Zhijia Zheng;Guanli Li;Chenjun Wang;Xiuyuan Zhang;Noam Levin,"Mapping the extent, type and remnant areas of the coastal dunes of Australia and New Zealand by integrating multi-source data",
None,False,International Journal of Applied Earth Observation and Geoinformation,该论文主要关注利用地形学约束进行浑浊潮汐通道的深度反演，涉及机器学习方法，但与大气环境遥感技术（如空气质量监测、卫星观测、大气成分分析或气溶胶反演）关系不大。,"['geomorphology', 'bathymetric inversion', 'turbid tidal channels', 'machine learning']",Jianchun Chen;Chao Gao;Yan Gu;Xiangyu Ou;Xiaoyi Cheng;Shibing Zhu;Ya Ping Wang,Geomorphology-constrained bathymetric inversion of turbid tidal channels using centerline-network priors and machine learning,
None,False,International Journal of Applied Earth Observation and Geoinformation,该论文标题和摘要均未提及与大气环境遥感技术相关的关键词，如空气质量监测、卫星观测、大气成分分析或气溶胶检索等。研究方向主要集中在地质岩性解释，与大气环境遥感技术无关。,[],Ying Cao;Diming Wu;Yilong Li;Qing Cheng,Multi-source complementary feature self-integration network for geological lithology interpretation,
None,False,International Journal of Applied Earth Observation and Geoinformation,该论文的主题是红树林湿地在 sea level rise 和人类活动“双向挤压”下的潜在陆地向迁移模式，与大气环境遥感技术（如空气质量监测、卫星观测、大气成分分析、气溶胶反演）无关。,[],Zhaoxuan Ding;Bin Ai;Jiali Zeng;Yuchao Sun;Xiaoping Liu;Zhuokai Jian;Zhenlin Lai;Poyuan Ou,Simulating potential landward migration pattern of mangrove wetlands under the ‘two-way squeeze’ from sea level rise and human activities,
None,True,International Journal of Applied Earth Observation and Geoinformation,该论文研究的是从遥感图像中进行目标检测的边缘精度评估框架，这与大气环境遥感技术中的卫星观测和图像分析密切相关，因此是相关的。,"['remote sensed images', 'target detection', 'accuracy assessment']",Yingfan Zhang;Weiyi Hou;Lyndon Estes;Rui Lu;Shijie Zhu;Aiyin Zhang;Zhou Shi;Su Ye,A novel edge-based accuracy assessment framework for target detection from remotely sensed images,
None,False,International Journal of Applied Earth Observation and Geoinformation,该论文主要关注的是利用机器学习预测农业梯田的适宜性，应用于塞浦路斯托罗多斯山区。研究内容与大气环境遥感技术（如空气质量监测、卫星观测、大气成分分析、气溶胶反演等）关系不大，因此不相关。,"['machine learning', 'agricultural terrace', 'positive and unlabelled datasets']",Aman Kumar Meena;Christos Zoumides;Hakan Djuma;Ioannis Sofokleous;Corrado Camera;Adriana Bruggeman,"A machine learning framework for predicting agricultural terrace suitability using positive and unlabelled datasets: an application for the Troodos Mountains, Cyprus",
None,True,International Journal of Applied Earth Observation and Geoinformation,该论文使用LiDAR技术评估树木顶端死亡情况，以检测亚洲长角甲虫对杨树林的损害。虽然LiDAR是一种遥感技术，但该研究主要关注的是生物损害检测，而非大气环境监测或成分分析。因此，它与大气环境遥感技术的关系较弱。,"['LiDAR', 'treetop dieback', 'Asian longhorned beetle', 'poplar forests']",Quan Zhou;Rui Tang;Linfeng Yu;Peiyun Bi;Lili Ren;Youqing Luo,LiDAR-based assessment of treetop dieback to detect asian longhorned beetle damage in poplar forests,
None,True,International Journal of Applied Earth Observation and Geoinformation,该论文研究了中国28种降水产品的多标准评估和排名，降水是大气环境的重要组成部分，与空气质量、卫星观测和大气成分分析密切相关，因此与大气环境遥感技术相关。,"['precipitation', 'products', 'China']",Le Xinlong;Kang Ling;Zhou Liwei;Wei Junfang;Chen Hao,Multi-Criteria evaluation and ranking of 28 precipitation products over China,
None,True,International Journal of Applied Earth Observation and Geoinformation,该论文研究了使用分层和自适应回归方法对农业用地NDVI数据进行地表温度降尺度，这与大气环境遥感技术中的地表参数反演和空气质量监测相关，因为地表温度是大气环境的重要参数之一。,"['NDVI', 'land surface temperature', 'downscaling']",Jamal Elfarkh;Nadia Ouaadi;Said Grich;Abderrahman Liblab;Abdelghani Chehbouni,Stratified and adaptive regression for NDVI-based land surface temperature downscaling over agricultural fields,
None,False,International Journal of Applied Earth Observation and Geoinformation,该论文主要关注联邦学习在森林资源建模和监测中的应用，强调数据保密性和协作研究，与大气环境遥感技术（如空气质量监测、卫星观测、大气成分分析、气溶胶反演）关系不大。,"['federated learning', 'forest resource', 'data confidentiality']",Johannes Schumacher;Alessandro Cescatti;Gherardo Chirici;Giovanni D’Amico;Saverio Francini;Johannes Hertzler;Lauri Mehtätalo;Gert-Jan Nabuurs;Mats Nilsson;Juho Pitkänen;Johannes Breidenbach,Federated learning in forest resource modelling and monitoring: Bridging data confidentiality and collaborative research,
None,True,International Journal of Applied Earth Observation and Geoinformation,该论文研究了合成孔径雷达（SAR）图像和激光雷达（LiDAR）点云之间的跨模态匹配框架，利用深度学习技术。这涉及遥感技术中常见的传感器数据融合与分析，与大气环境遥感技术（如卫星观测、大气成分分析）密切相关。,"['SAR', 'LiDAR', 'deep learning', 'cross-modal matching']",Yifan Zhang;Jordi J. Mallorqui;Wen Wang,SAR2LiDAR: A deep learning-based cross-modal matching framework between SAR images and LiDAR point clouds,
None,False,International Journal of Applied Earth Observation and Geoinformation,该论文主要关注从合成孔径雷达（SAR）图像中提取水，使用弱监督网络进行噪声鲁棒的水提取。虽然涉及遥感技术，但主题与大气环境遥感（如空气质量监测、卫星观测、大气成分分析、气溶胶反演）关系不大，因此相关性不强。,"['SAR imagery', 'water extraction', 'weakly supervised network']",Kai Wang;Weicheng Zang;Zhongle Ren;Biao Hou;Jiawei Ning;Xi Li;Shulin Gao;Weibin Li;Licheng Jiao,WaterPLNet: A noise-robust weakly supervised network for water extraction from SAR imagery using point labels,
None,True,International Journal of Applied Earth Observation and Geoinformation,该研究关注于通过推断城市兴趣点（POI）的楼层信息来增强三维城市垂直分析，这与大气环境遥感技术中的城市空气质量监测和垂直结构分析密切相关。虽然不直接提及卫星观测或特定污染物，但其方法对理解城市大气环境具有重要意义。,"['POI floors', 'urban vertical analytics', 'Shanghai']",Liu Liu;Jiali Yang;Xiang Chen;Yao Shen;Mila Koeva,Baseline framework for inferring POI floors to enhance 3D urban vertical analytics: A comparative study in Shanghai,
None,True,International Journal of Applied Earth Observation and Geoinformation,该论文使用Landsat时间序列数据量化新芬兰州林地驯鹿的苔藓体积变化，这与大气环境遥感技术中的空气质量监测和卫星观测相关，因为苔藓可以用于指示空气污染水平。,"['Landsat', 'lichen volume', 'air quality monitoring']",Catherine Beaulieu;Nicholas C. Coops;Alexandre Morin-Bernard;Steeve D. Côté;Alexis Achim,Quantifying changes in annual lichen volume for woodland caribou in Newfoundland using Landsat time series,
None,True,International Journal of Applied Earth Observation and Geoinformation,该论文研究的是人为热通量的估算方法，涉及地表能量平衡扰动，这与大气环境遥感技术中的大气成分分析、空气质量监测等领域密切相关。,"['anthropogenic heat flux', 'surface energy balance', 'atmospheric composition']",Yu Zhou;Deyong Hu;Tianhan Li,A double-temperature-difference framework for anthropogenic heat flux estimation accounting for surface energy balance perturbations,
None,False,International Journal of Applied Earth Observation and Geoinformation,该论文主要关注的是使用机载激光雷达和植被过滤技术来改善对加州海岸悬崖形态动力学的理解，这与大气环境遥感技术（如空气质量监测、卫星观测、大气成分分析、气溶胶反演）没有直接关系。,"['airborne lidar', 'vegetation filtering', 'coastal cliff morphodynamics']",Danghan Xie;Hironori Matsumoto;Zuzanna M. Swirad;Luc Lenain;Adam P. Young,Improved understanding of California coastal cliff morphodynamics using airborne lidar and vegetation filtering (2016–2023),
None,True,International Journal of Applied Earth Observation and Geoinformation,该论文研究了通过基于Unet的框架获取全球水散射辐射的斯托克斯向量，这与大气环境遥感技术密切相关，特别是与卫星观测和大气成分分析相关。,"['water-leaving radiance', 'Unet-based framework', 'atmospheric remote sensing']",Jia Liu;Chunxia Li;Tieqiao Chen;Xinyin Jia;Siyuan Li;Bingliang Hu;Xianqiang He;Delu Pan,Global retrieval of stokes vector of water-leaving radiance via Unet-based framework,
None,True,International Journal of Applied Earth Observation and Geoinformation,该论文的标题和摘要中明确提到了“remote sensing imagery”（遥感影像）和“semantic segmentation”（语义分割），这与大气环境遥感技术中的卫星观测和大气成分分析密切相关。虽然摘要中没有直接提到具体的空气质量和卫星传感器名称，但语义分割技术在处理遥感影像时，可以用于分析大气成分和污染物分布，因此可以认为该论文与大气环境遥感技术有较强的相关性。,"['remote sensing imagery', 'semantic segmentation', 'atmospheric composition analysis']",Wenqi Cui;Peng Luo;Weisong Li;Xing Xu;Jiale Chen;Chuan Chen,Navigating Hierarchies in Hyperbolic Space: A Knowledge-Driven Graph Network for Semantic Segmentation of Remote Sensing Imagery,
None,False,International Journal of Applied Earth Observation and Geoinformation,该论文研究的是基于SAM模型的作物地块识别方法，主要关注的是土地利用识别和分类，与大气环境遥感技术（如空气质量监测、卫星观测、大气成分分析、气溶胶反演）没有直接关系。,"['cropland', 'segment anything model', 'data-driven']",Qing Geng;Kaiqi Ye;Fan Xu;Yu Meng;Miao Huang;Chunyan Yuan;Li Li;Bingbo Gao;Hu Zhou;Jianyu Yang;Ying Li;Jianxi Huang;Xiaochuang Yao,A data- and knowledge-driven cropland parcel recognition method based on segment anything model (SAM),
None,True,International Journal of Applied Earth Observation and Geoinformation,该论文标题和摘要明确涉及地表温度和发射率 retrieves，这属于大气环境遥感技术中的地表参数反演范畴。虽然主要关注的是人工智能模型，但其应用场景与大气环境遥感技术密切相关，例如通过遥感手段监测地表温度和发射率，进而用于大气成分分析或空气质量监测。因此，该论文与大气环境遥感技术有较强的关联性。,"['land surface temperature', 'emissivity', 'AI model', 'MoE']",Liu Ma;Kebiao Mao;Jiancheng Shi;Sayed M. Bateni;Zhonghua Guo;Zijin Yuan,An optimization AI model based on MoE for retrieving land surface temperature and emissivity,
None,True,International Journal of Applied Earth Observation and Geoinformation,该论文使用Sentinel-1雷达观测技术监测高山区干燥积雪，属于遥感技术在高山环境中的应用，与大气环境遥感技术（如卫星观测、地表监测）密切相关。,"['Sentinel-1 SAR', 'High Mountain Asia', 'dry snow', 'satellite observations']",Ying Huang;Lei Huang;Tobias Bolch,Large-Scale monitoring of dry snow in High Mountain Asia (2015–2024) from Sentinel-1 SAR observations,
None,True,International Journal of Applied Earth Observation and Geoinformation,该论文研究了卫星遥感技术在监测印度西北部水稻秸秆焚烧方面的局限性，这与大气环境遥感技术（如卫星观测和大气成分分析）密切相关。,"['satellite-based fire detection', 'crop residue burning', 'rice straw burning']",Prakhar Misra;Sachiko Hayashida;Masao Moriyama;Hikaru Araki,Limitations of interpreting orbiting satellite-based fire detection for crop residue burning: Has rice straw burning in northwest India decreased in recent years?,
None,False,International Journal of Applied Earth Observation and Geoinformation,该论文的标题和摘要主要关注的是利用空间成像光谱技术对食草动物资源选择进行建模，这与大气环境遥感技术（如空气质量监测、卫星观测、大气成分分析、气溶胶反演等）没有直接关系。,"['spaceborne imaging spectroscopy', 'grazer resource selection', 'modeling']",Hamed Gholizadeh;Aisha Sams;M. Ny Aina Rakotoarivony;Nimalka Weerasuriya;Elizabeth Struble;Clara Freese;Andrew Shepard;Saiful Islam;Ehsan Foroutan;Tony Brown;Christian Rossi;Robert Hamilton;Samuel Fuhlendorf;Nicholas McMillan;Ran Wang;Benedicte Bachelot;John Gamon,Spaceborne imaging spectroscopy advances modeling of grazer resource selection,
None,True,International Journal of Applied Earth Observation and Geoinformation,该论文研究了使用P波段PolInSAR技术进行森林高度反演的方法，涉及遥感技术在森林生态系统中的应用，属于大气环境遥感技术范畴。,"['P-band PolInSAR', 'forest height inversion', 'atmospheric remote sensing']",Lei Wang;Linping Yang;Gaoyun Shen;Junyi Liu;Junnan Xiong;Lin Fu;Li Zeng;Bing Yu;Chongchong Ye,PG-GVB: A prior constrained backscatter framework for P-band PolInSAR forest height inversion,
10.1016/j.atmosenv.2026.122315,True,Atmospheric Environment,该论文研究了实验性增温对原始红树林土壤的影响，重点关注了铁生物地球化学、有机碳动力学和温室气体（CO2和CH4）通量的相互作用。这些内容与大气环境遥感技术中的空气质量监测、大气成分分析和气溶胶检索密切相关，因此该论文与大气环境遥感技术密切相关。,"['mangrove soils', 'CO2 emissions', 'CH4 emissions', 'redox conditions', 'atmospheric composition']",Manoella Martins Molitor;Antonio Elves Barreto da Silva;Murilo Andrade Miranda;Xosé Luis Otero;Tiago Osório Ferreira;Hermano Melo Queiroz,Experimental warming alters iron–carbon interactions and CO<sub>2</sub> and CH<sub>4</sub> emissions in pristine mangrove soils,"•Warming induces rapid redox shifts in mangrove soils. •Fe reduction dominates carbon mineralization pathways. •CO2emissions decrease while CH4emissions increase under experimental warming. •Warming shifts mangrove soils toward net CH4emission regimes. 
 Mangrove soils store large amounts of carbon due to persistent waterlogging and reducing soil conditions, yet their response to global warming remains poorly constrained, particularly regarding the coupling between iron (Fe) biogeochemistry, organic carbon (OC) dynamics, and greenhouse gas (GHG) fluxes. This study evaluated the short-term effects of experimental warming on soil redox conditions, Fe mineral transformations, organic carbon dynamics, and greenhouse gas (CO2 and CH4) fluxes in pristine mangrove soils from southeastern Brazil using open-top chambers, which increased air temperature by approximately +7 to +12 °C relative to ambient conditions over a six-month period. Warming rapidly shifted soils toward more reduced conditions, with Eh decreasing from +27.5 ± 25.4 mV to −4.2 ± 4.9 mV. This shift was accompanied by increases in poorly crystalline Fe phases and a transient decline in pyritic Fe. CO2 fluxes decreased sharply (∼−73%), whereas CH4 emissions increased progressively (∼6.4-fold), reaching up to 5.1 ± 2.4 mg m−2 h−1. These results indicate that warming promotes Fe-reducing conditions that slow OC decomposition while enhancing methanogenesis under sustained reduced conditions. Notably, CH4 emissions under warming approached values reported for high-emission wetland systems, indicating a shift beyond typical mangrove biogeochemical functioning. Our results demonstrate that warming alters mangrove soil functioning through redox-mediated feedback, shifting carbon mineralization pathways toward lower CO2 emissions but higher CH4 fluxes, potentially offsetting climate mitigation benefits and informing predictions of ecosystem responses to global warming."
10.1016/j.atmosenv.2026.122307,True,Atmospheric Environment,该论文研究了氨气对二次有机气溶胶（SOA）形成的影响，特别是其对气溶胶中活性氧（ROS）生成的影响。这直接与大气环境遥感技术中的空气质量监测和气溶胶成分分析相关，因为SOA和ROS是大气中的重要污染物，其形成和演化过程对空气质量有显著影响。,"['secondary organic aerosols', 'reactive oxygen species', 'ammonia', 'oxidation flow reactor']",Qinghe Cai;Tianyi Zhao;Yang Bai;Jiayi Chen;Yang Zhang,Effect of ammonia on reactive oxygen species generation in secondary organic aerosols,"•NH3promoted SOA mass but suppressed ROS generation from isoprene and toluene. •Isoprene SOA shows stronger NH3-related ROS decay and a lower half-decay ratio. •NH3reduced multiple radical species in both SOA systems as revealed by EPR. •NH3lowered O/C and raised volatility of isoprene SOA by suppressing HOC oligomers. •NH3formed low-volatility N-products with toluene SOA via addition/neutralization. 
 Ammonia (NH3) plays a significant role in the multiphase chemistry of secondary organic aerosols (SOA), but its impact on particle-bound reactive oxygen species (ROS) remains uncertain. This study investigated the influence of NH3 on SOA formation using isoprene and toluene as representative biogenic and anthropogenic precursors. A Potential Aerosol Mass oxidation flow reactor (PAM-OFR) was employed to mimic atmospheric ·OH oxidation processes at varying NH3/VOC ratios. The findings revealed that NH3 promoted SOA production from both precursors, predominantly affecting mass rather than number concentration. For isoprene SOA, the mass size distribution shifted towards larger sizes while maintaining a unimodal pattern. In contrast, the primary mode of toluene SOA gradually broadened towards coarser sizes, suggesting precursor-specific effects on particle growth. Despite the increase in SOA mass, NH3 significantly suppressed ROS generation, with the mass-normalized ROS concentration (ROSm) decreasing exponentially as the NH3/VOC ratio increased. Isoprene SOA exhibited a larger fitted NH3-suppressible fraction and a lower fitted half-decay ratio than toluene SOA, suggesting that its ROS-related response may be more sensitive to NH3. Chemical composition analysis showed that NH3 reduced oxygenated reactive components and increased nitrogen-containing species in SOA, with strong precursor dependence. For isoprene SOA, high-molecular-weight and highly oxygenated components decreased significantly, and the volatility distribution shifted toward more volatile compounds. For toluene SOA, its interaction with NH3 may be dominated by acid-base reactions. These findings show that NH3 enhances SOA mass formation while lowering ROS-related responses, providing insight into NH3-related changes in SOA composition under controlled PAM-OFR conditions."
10.1016/j.atmosenv.2026.122314,True,Atmospheric Environment,该论文研究中国地表臭氧污染及其健康风险，探讨了气候变化对臭氧的影响，并使用了CMIP6气候模型和Transformer模型进行预测和分析，这些技术都与大气环境遥感技术相关，因此该论文与大气环境遥感技术密切相关。,"['ozone', 'atmospheric pollution', 'climate change', 'remote sensing', 'surface ozone']",Xiaoyi Wang;Jinghui Ma;Shaojing Wang;Pengguo Zhao,Chinese ozone pollution and health risks: Future trends and climate drivers,"•China's surface ozone may rise up to 2.7% by 2100 under climate-only forcing. •Climate change extends ozone seasons, with temperature and radiation as key factors. •LMDI reveals a positive climate-driven mortality masked by population decline. 
 Climate change and tropospheric ozone pollution present interconnected challenges to China's environmental and public health. To quantify the climatic impacts on ozone, we employed a Transformer model trained on multi-source data including a multi-model ensemble from the Coupled Model Intercomparison Project Phase 6 (CMIP6). This model projected China's ozone trends for 2024–2100 under four Shared Socioeconomic Pathways (SSPs: SSP1-2.6 to SSP5-8.5) and quantified the health risks attributable to long-term ozone exposure. Historical validation confirmed the high accuracy of the ozone Transformer model (R2 = 0.91), with SHapley Additive exPlanations (SHAP) analysis pinpointing temperature and surface solar radiation as the dominant meteorological drivers. Results showed a clear upward trend in annual mean near-surface ozone, with the national average under SSP5-8.5 reaching 92.66 μg/m3 by 2100. Regionally, the near-surface ozone increased by 1%–5% over the Northeast (NE), Eastern China (EC), and the Northwest (NW), with the NE showing the largest increases and the highest scenario sensitivity. Climate forcing intensified seasonal contrasts, lengthening the ozone season and amplifying the winter-spring increases. A health risk assessment showed that the population-weighted excess ozone concentration (ExC) above the WHO Long-term Air Quality Guideline increased by up to 11.0% under SSP2-4.5. Although the national premature mortality declined by 10%–42% across the four scenarios due to the population reduction, an LMDI decomposition revealed that the climate-driven component is positive, with the largest climate-driven increase of +106.5 thousand persons occurring under SSP2-4.5 rather than under SSP5-8.5These findings indicate the climate-driven amplification of ozone pollution and support-coordinated mitigation to advance China's dual-carbon goals."
None,True,Atmospheric Research,该论文研究伊朗冬季PM₂.₅污染的主导天气模式和环流调节机制，PM₂.₅是大气环境中的主要污染物，监测其来源和变化与大气环境遥感技术密切相关。,"['PM₂.₅', 'weather patterns', 'atmospheric pollution']",Zhuoen Liu;Yixuan Lyu;Weihang Xie;Lizhuo Zheng;Yuepeng Pan;Mohammad Darand;Anmin Duan,Identification of dominant weather patterns and circulation regulation mechanisms of winter PM₂.₅ pollution in Iran,
None,True,Atmospheric Research,该论文研究了鄂尔多斯盆地干旱和半干旱城市夏季臭氧污染的气象驱动因素，涉及空气质量和大气成分分析，因此与大气环境遥感技术密切相关。,"['O3 pollution', 'Ordos Basin', 'extreme heat']",Weiming An;Jilong Tong;Shengtong Lei;Lingyun Ma;Pengbo Wang;Yumin Guo;Yongle Liu;Min Chen;Qingjun Gao;Lei zhang,Distinct meteorological drivers of summertime O<sub>3</sub> pollution in arid and semi-arid cities of the Ordos Basin under extreme heat,
None,True,Atmospheric Research,该论文的标题和摘要明确涉及地表尘浓度，这与大气环境遥感技术中的空气质量监测和大气成分分析密切相关。尘浓度是重要的环境指标，而主要尘源区的识别和监测是遥感技术的重要应用领域。,"['dust concentrations', 'Mesopotamian plains', 'source regions']",Abbas Ranjbar Saadat Abadi;Nasim Hossein Hamzeh;Dimitris G. Kaskaoutis;Zahra Ghassabi;Christian Opp,Future projections of surface dust concentrations in major dust source regions of the Mesopotamian plains,
None,True,Atmospheric Research,该论文标题和摘要明确涉及气象雷达降水临近预报技术，属于大气环境遥感监测的范畴，具体涉及空间-时间预测网络，与空气质量和大气成分分析相关。,"['weather radar', 'precipitation nowcasting', 'spatio-temporal predictive network']",Hui Wang;Liping Wang;Wenjuan Li,DSTP: A Dual-Domain Spatio-Temporal Predictive Network for weather radar precipitation nowcasting,
None,True,Atmospheric Research,该论文研究了中国北方早秋山区到平原的降水系统受到气溶胶的影响，涉及气溶胶和大气成分分析，与大气环境遥感技术中的空气质量监测和卫星观测密切相关。,"['aerosol', 'precipitation', 'Northern China']",Yu Zheng;Yucong Miao;Shuhua Liu;Huizheng Che,Aerosol modulation of precipitation systems migrating from mountains to plains in Northern China during early autumn,
None,False,Atmospheric Research,该论文主要关注干旱预测，使用CMIP6投影和混合深度学习模型，研究对象为土耳其中央安纳托利亚地区，与大气环境遥感技术（如空气质量监测、卫星观测、大气成分分析、气溶胶反演）关系不大。,"['drought forecasting', 'CMIP6 projections', 'hybrid deep learning models']",Hatice Citakoglu;Necmiye Minarecioglu;Yuksel Gul Aslanbay;Veysi Kartal;Ercan Gemici,"Drought forecasting across multiple temporal scales using CMIP6 projections and hybrid deep learning models for Central Anatolia, Türkiye",
None,True,Atmospheric Research,该论文研究青藏高原7-8月西风带与高原降水的关系，涉及大气环流和降水模式，与大气环境遥感技术（如大气成分分析、卫星观测）相关，因为西风带和降水是大气环境的重要特征，通常通过遥感技术进行监测和分析。,"['Tibetan Plateau', 'westerly jet', 'precipitation', 'CMIP6 models']",Yuhan Feng;Sulan Nan;Ge Liu;Ting Zhang;Yanhong Liu,Relationship between July–August Tibetan Plateau westerly jet and precipitation over the Tibetan Plateau in CMIP6 models,
None,True,Atmospheric Research,该论文研究了台湾南部在高压回流期间PM2.5的模拟，涉及空气质量监测和大气成分分析，与大气环境遥感技术密切相关。,"['PM2.5', 'southern Taiwan', 'high-pressure return flow']",Ming-Tung Chuang;Charles C.K. Chou;Chuan-Yao Lin;Wei-Che Lin;Neng-Huei Lin;Wei-Nai Chen;Steven Soon-Kai Kong,Simulating the PM<sub>2.5</sub> in southern Taiwan under high-pressure return flow during the Kao-Ping Experiment (KPEx),
None,True,Atmospheric Research,该论文标题和摘要明确涉及PM2.5（细颗粒物）治理，这属于大气环境质量监测的范畴。虽然摘要未明确提及遥感技术，但PM2.5治理通常依赖于卫星观测等遥感手段，因此与大气环境遥感技术有较强关联。,"['PM2.5', 'governance', 'China']",Ruihuan Liu;Xiaojuan Xu;Zelin Du;Jun He;Yifan Tao;Rongrong Shen;Yuesi Wang;Dongsheng Ji,Overcoming adverse meteorology: PM<sub>2.5</sub> governance progress during China's 2025 Victory Day,
None,True,Atmospheric Research,该论文研究了城市化对印度海得拉巴城市扩张区降水系统和雨微物理的影响，涉及大气环境监测和成分分析，与大气环境遥感技术（如空气质量监测和降水观测）密切相关。,"['urbanization', 'precipitating systems', 'rain microphysics']",Basivi Radhakrishna;Thota Narayana Rao;Kadiri Saikranthi;Roshan Kadbhane,"Impact of urbanization on precipitating systems and rain microphysics across the Hyderabad Urban Sprawl, India",
None,False,Atmospheric Research,该论文的主题是关于建成环境下低风速条件下的曲折分析，主要关注的是城市环境中的空气流动和污染物扩散，而不是大气环境遥感技术，如空气质量监测、卫星观测或大气成分分析。因此，它与大气环境遥感技术的关系较弱。,"['built-up environment', 'low wind conditions', 'meandering analysis']",Hanane Bounouas;Eric Dupont;Pierre Roupsard;Yelva Roustan,Meandering analysis under low wind conditions in built-up environment,
None,True,Atmospheric Research,该论文标题和摘要涉及东南亚地区的马六甲涡旋作为一种新兴灾害，这与大气环境遥感技术中的空气质量监测、大气成分分析等领域相关，因为灾害的形成和监测通常需要遥感技术的支持。,"['Malacca vortex', 'atmospheric hazard', 'Southeast Asia']",Luojie Dong;Junjun Li;Raju Pathak;Jingyu Wang,2025 Senyar storm: Malacca vortex as an emerging hazard over Southeast Asia,
None,True,Atmospheric Research,该论文研究了青藏高原上水分传输的时空变化及其对降水的影响机制，这与大气环境遥感技术中的大气成分分析和降水监测密切相关，因此具有相关性。,"['moisture transport', 'Tibetan Plateau', 'precipitation']",Guiping Li;Yanping Li;Zhongbo Yu;Qin Ju;Jing Yang;Zhaofeng Liu;YanYan Kang,Temporal and spatial changes in moisture transport over the Tibetan Plateau and their mechanisms influencing precipitation,
None,True,Atmospheric Research,该论文研究西地中海再循环细胞对秋季暴雨的热力学预条件作用，涉及大气成分和降水现象，与大气环境遥感技术（如大气成分分析、气象观测）密切相关。,"['western Mediterranean recirculation cell', 'autumn torrential rains', 'atmospheric composition']",Eduardo A. Agosta;María José Estrela;David Corell;Juan J. Miró,Thermodynamic preconditioning of autumn torrential rains: The amplifying role of the western Mediterranean recirculation cell,
None,False,Atmospheric Research,该论文研究南非西开普省的极端降雨现象，主要关注切断低压和好望角及本格拉洋流的相互作用，与大气环境遥感技术（如空气质量监测、卫星观测、大气成分分析、气溶胶反演）关联性较弱。,"['Cut-off low', 'extreme rainfall', 'Agulhas current', 'Benguela current']",Chelsey L. Jansen;Babatunde J. Abiodun;Akintunde I. Makinde;Sabina Abba Omar,"Cut-off low–induced extreme rainfall in the Western Cape, South Africa: The roles of the Agulhas and Benguela current systems",
None,True,Atmospheric Research,该论文研究了持续浓雾与大气污染之间的相互作用，并基于旋翼无人机进行现场观测。这直接涉及大气环境遥感技术，特别是空气质量监测和大气成分分析，因此与该领域密切相关。,"['persistent dense fog', 'atmospheric pollution', 'rotary-wing unmanned aerial vehicles']",Duanyang Liu;Ruolan Liu;Shujie Yuan;Fan Zu;Hong Wu;Aichen Niu;Ruixiang Liu;Huizheng Che;Shuqi Yan;Hongbin Wang;Zhujun Dai,Interaction between persistent dense fog and atmospheric pollution: Based on in-situ observations of rotary-wing unmanned aerial vehicles,
None,True,Atmospheric Research,该研究涉及使用飞机观测手段对河北地区一次含有降雪的层云进行微物理特性的时空变化分析，这与大气环境遥感技术中的云物理特性观测和大气成分分析密切相关。,"['stratus cloud', 'snowfall', 'aircraft observations']",Jiefeng Li;Chuanfeng Zhao;Qinghong Zhang;Ji Nie;Xiaobo Dong;Rong Mai;Yan Yu;Jing Li;Huiwen Xue;Yikun Yang,"Case-specific spatiotemporal microphysical variability of a stratus cloud with snowfall over Hebei, China from aircraft observations",
None,True,Atmospheric Research,该论文研究GSMaP和IMERG两种降水监测技术的数据，使用每日统计和事件诊断方法，与大气环境遥感技术中的降水监测和卫星观测密切相关。,"['GSMaP', 'IMERG', 'precipitation', 'daily statistics', 'event-based diagnostics']",Chun Zhou;Haowen Li;Yinan Guo;Lingling Wu;Li Zhou,Evaluating GSMaP and IMERG precipitation over China using daily statistics and event-based diagnostics,
None,False,Atmospheric Research,该论文研究了祁连山不同海拔高度下的雨滴大小分布特征，主要关注的是降水物理特性与地形的关系，与大气环境遥感技术（如空气质量监测、卫星观测、大气成分分析、气溶胶反演等）的直接关联性较弱。,"['raindrop size distribution', 'topographic heights', 'Qilian Mountains']",Han Luo;Qiang Zhang;Ping Yue;Rong Wang;Songyu Li;Xia Li,A case study on the characteristics of raindrop size distribution at different topographic heights in the Qilian Mountains,
None,False,Atmospheric Research,该论文主要研究澳大利亚热带气旋的规模变化趋势，虽然涉及大气现象，但与大气环境遥感技术（如空气质量监测、卫星观测、大气成分分析、气溶胶反演等）没有直接关系。,"['tropical cyclone', 'size', 'Australia']",Sarvesh Kumar;Savin S. Chand;Samuel S. Bell;Hamish A. Ramsay;Valentina Koschatzky;Philip J. Klotzbach;Andrew Dowdy,Assessing trends in tropical cyclone size over Australia using consolidated observations and high-resolution reanalysis datasets,
None,True,Atmospheric Research,该论文研究青藏高原夏季极端降水的外部强迫和内部变异的归因，涉及大气环境的观测和分析，与遥感技术在空气质量和大气成分分析中的应用密切相关。,"['extreme precipitation', 'Tibetan Plateau', 'external forcing']",Guanqi Fu;Anmin Duan;Xu Yuan;Xianyi Yang,Multi-scale attribution of external forcing and internal variability to summer extreme precipitation in Tibetan Plateau,
None,True,Atmospheric Research,该论文研究了华南沿海山地和城市地区的硝酸盐气溶胶形成机制，并基于同位素观测进行分析。这涉及大气环境监测技术，特别是空气质量和大气成分分析，因此与大气环境遥感技术密切相关。,"['nitrate aerosols', 'isotope observations', 'coastal mountain', 'urban sites']",Mei-Yi Fan;Peiwen Guo;Hai Guo;Yu Wang;Changliu Wu;Yihang Hong;Xiaopu Lyu;Yan-Lin Zhang,Formation mechanisms of nitrate aerosols at coastal mountain and urban sites of southern China based on isotope observations,
None,True,Atmospheric Research,该论文研究了1980-2024年中国近地表风速的变化趋势，涉及大气环境监测，与空气质量和大气成分分析相关，因此与大气环境遥感技术相关。,"['wind speed', 'China', 'atmospheric environment']",Xi Chen;Jiayi Nie;Wentian Qiu;Qinghong Zhao;Hairong Li;Xiuhua Zhou;Chengyang Zhang;Kaiqiang Deng,Divergent trend reversals in near-surface wind speed over China during 1980–2024,
None,False,Atmospheric Research,该论文主要关注ERA5-Land模型在模拟亚热带浅层湖泊热力学方面的表现，与大气环境遥感技术（如空气质量监测、卫星观测、大气成分分析、气溶胶反演等）的直接相关性较弱。,"['ERA5-Land', 'subtropical shallow lake', 'thermodynamics']",Wei Wang;Zihan Zhu;Mi Zhang;Heng Lyu;Zhiwen Wen;Bo Wang;Qiuxiang Jin;Zhen Zhang;Taikan Oki;Xuhui Lee,Performance evaluation of ERA5-Land in simulating thermodynamics of a subtropical shallow lake against long-term observations,
None,True,Atmospheric Research,该论文研究了北太平洋夏季内季节性波动对北美气温和极端高温的影响，涉及大气环境监测和气候变化分析，与大气环境遥感技术（如气温监测、大气成分分析）密切相关。,"['North Pacific intraseasonal waves', 'North American air temperatures', 'heat extremes']",Lei Du;Riyu Lu;Shanjun Luo;Chuandong Zhu;Yuhan Yan,Summer North Pacific intraseasonal waves drive North American air temperatures and heat extremes,
None,True,Atmospheric Research,该论文研究的是台风的云-辐射强迫效应，涉及大气成分和云的特性分析，这与大气环境遥感技术（如卫星观测和大气成分分析）密切相关。,"['super Typhoon', 'cloud-radiation forcing', 'hydrometeor species']",Lyu Leyang;Xinyan Lyu;Melinda Peng;Xuyang Ge,Distinct cloud-radiation forcing of hydrometeor species during the rapid intensification of super Typhoon Lekima (2019),
None,True,Atmospheric Research,该论文研究了沿海青岛和西北太平洋海洋的雨水中细菌的环境驱动因素，涉及大气环境中的微生物监测和海洋大气相互作用，与大气环境遥感技术（如空气质量监测和大气成分分析）有一定相关性，但主要关注点在细菌而非遥感技术本身。,"['rainwater bacteria', 'coastal Qingdao', 'Northwest Pacific Ocean']",Xiaoyu Wang;Yuanzhe Ni;Yangfei Ai;Zhongyu Diao;Jianhua Qi,Environmental drivers of rainwater bacteria over coastal Qingdao and the Northwest Pacific Ocean,
None,True,Atmospheric Research,该论文研究的是西风对青藏高原夏季降水年际变化的影响，涉及大气环流和降水模式，与大气环境遥感技术中的空气质量监测、卫星观测、大气成分分析等领域有一定关联，因此认为其相关性较强。,"['westerlies', 'precipitation', 'Tibetan Plateau']",Xin Mao;Xingwen Jiang;Huimei Wang;Jiaxin Ye;Yiwei Zhang;Chao Chen,Impacts of westerlies on interannual variability of summer precipitation over the southwestern Tibetan Plateau,
None,True,Atmospheric Research,该论文研究了在复杂地形上使用WRF模型改进湍流地形阻力表示的问题，涉及大气建模和地形对大气过程的影响，与大气环境遥感技术中的大气成分分析和空气质量监测有一定相关性，但主要关注点在大气建模而非遥感技术本身。,"['WRF model', 'turbulent orographic form drag', 'atmospheric modeling']",Yulong Ma;Xingwen Jiang;Lin Mu;Qilin Wan;Zhiwei Heng,Improving the representation of turbulent orographic form drag with stability dependence in the WRF model over complex terrain,
None,True,Atmospheric Research,该论文研究平流层臭氧侵入对中国东部近地面臭氧的影响，涉及大气成分分析和气象事件（台风）的影响，属于大气环境遥感技术领域，特别是空气质量监测和大气成分分析。,"['stratospheric ozone', 'near-surface ozone', 'Typhoon Lekima', 'CESM-MUSICA', 'atmospheric composition']",Yichao Zhou;Xuewei Hou;Man Yue;Chenchao Zhan,Impact of stratospheric ozone intrusion on near-surface ozone in eastern China under Typhoon Lekima: A high-resolution CESM-MUSICA simulation analysis,
None,True,Atmospheric Research,该论文研究了东亚急流对华中地区气溶胶变率的调节作用，涉及气溶胶的时空变化和区域传输，与大气环境遥感技术（如气溶胶监测和区域传输分析）密切相关。,"['aerosol variability', 'East Asian jet stream', 'Central China']",Yujie Jiang;Xiefei Zhi;Yongqing Bai;Ling Zhang;Yi Fan;Shoupeng Zhu;Tianliang Zhao,East Asian jet stream modulates interdecadal aerosol variability over Central China via enhanced regional transport,
None,True,Atmospheric Research,该论文研究了东北冷涡下不同强对流事件的积云特征，使用了FY-4卫星观测数据，属于大气环境遥感技术范畴，特别是卫星观测和大气成分分析领域。,"['convective clouds', 'FY-4', 'severe convective events', 'atmospheric observations']",Yang Gao;Xiaoyong Zhuge;Xi Wang;Xiaowen Zhang,Characteristics of convective clouds associated with different severe convective events under Northeast China Cold Vortex revealed by FY-4 observations,
None,True,Atmospheric Research,该论文研究了印度地表相对湿度，特别是东北地区的分析和归因，这与大气环境遥感技术（如空气质量监测、卫星观测和大气成分分析）密切相关。,"['surface relative humidity', 'India', 'North Eastern Region']",Rohit Gautam,"Analysis of surface relative humidity over India with special emphasis on the North Eastern Region: Data validation, trends and attribution",
None,True,Atmospheric Research,该论文研究大气河流对季风亚洲水汽气候的影响，涉及大气环境和水汽分布，与大气环境遥感技术（如卫星观测和大气成分分析）相关，但主要关注点在气候学而非技术本身。,"['atmospheric rivers', 'hydrometeor climatology', 'Monsoon Asia']",Mingzhu Li;Ju Liang,How atmospheric rivers modulate hydrometeor climatology over Monsoon Asia,
None,True,Atmospheric Research,该论文研究了泰国地表层湍流中惯性行为的临界粒径阈值，这直接与空气质量管理（特别是PM2.5和粗颗粒物）的建模相关。这属于大气环境遥感技术领域，因为它探讨了如何更好地理解和模拟大气中的颗粒物分布，这对于通过遥感技术监测空气质量至关重要。,"['PM2.5', 'air-quality', 'particle-size', 'turbulence', 'atmospheric modelling']",Chalermpol Wangsomcholk,Critical particle-size threshold for inertial behaviour in Thai surface-layer turbulence: Implications for PM<sub>2.5</sub> and coarse-particle air-quality modelling,
None,False,Atmospheric Research,该论文标题和摘要主要关注台风“海花”的路径和强度变化，并未涉及大气环境遥感技术，如空气质量监测、卫星观测、大气成分分析或气溶胶反演等。,[],Pin-Hong Chen;Ching-Yuang Huang,Can a cutoff low cause rapid track and intensity changes of typhoon hinnamnor (2022)?,
None,True,Atmospheric Research,该论文研究了台风对长江中下游夏季复合高温干旱事件的影响，涉及大气成分和空气质量监测，与大气环境遥感技术（如空气质量监测、卫星观测和大气成分分析）密切相关。,"['tropical cyclones', 'air quality', 'atmospheric composition', 'satellite observations']",Jianqian Li;Chao Wang;Yuqin Wu;Liguang Wu;Haikun Zhao;Jian Cao,Track-dependent impacts of tropical cyclones on summer compound hot and dry events over the middle and lower reaches of the Yangtze River,
None,True,Atmospheric Research,该论文研究的是六盘山山顶的气溶胶数量大小分布特征，涉及气溶胶的观测与分析，属于大气环境遥感技术中的空气质量监测和大气成分分析的范畴。,"['aerosol', 'size distribution', 'Mount Liupan']",Hejue Zhao;Zhuolin Chang;Jianren Sang;Liren Xu;Zezhong Sun;Run Luo;Le Jia;Ning Cao;Haoran Zhu;Yanbo Dai;Longyan Li;Jun Zhang;Wei Deng;Tianxue Wen;Kai Bi;Jiming Sun,Characteristics of aerosol number size distribution and spectrum fitting at the summit of Mount Liupan,
None,True,Atmospheric Research,该论文研究了北极平流层臭氧的变异性如何驱动北大西洋海表温度偶极和欧亚气候遥相关，涉及大气成分分析和气候变化，与大气环境遥感技术（如臭氧监测和大气成分分析）密切相关。,"['ozone', 'North Atlantic SST', 'atmospheric variability']",Dingzhu Hu;Cuiting Zhao;Huimin Zhang,Arctic stratospheric ozone variability drives North Atlantic SST dipole and Eurasian climate teleconnections,
None,True,Atmospheric Research,该论文研究的是GPM IMERG卫星数据在西班牙东部地区的亚日降水极端值的表现，涉及卫星观测和降水分析，属于大气环境遥感技术领域，特别是与卫星降水监测相关。,"['GPM IMERG', 'sub-daily precipitation extremes', 'atmospheric remote sensing']",Marc Semper;Manuel Curado;Jose F. Vicent;Leandro Tortosa,"Performance limits of GPM IMERG for sub-daily precipitation extremes over the Comunitat Valenciana, eastern Spain: Representativeness, attenuation, and pixel-scale displacement",
None,True,Atmospheric Research,该论文研究了比利牛斯山脉冬季暖 spell 的天气学驱动因素和雪融化的影响，涉及大气组成变化和气候变化对环境的影响，与大气环境遥感技术（如空气质量监测、卫星观测、大气成分分析）密切相关。,"['winter warm spells', 'snowmelt impacts', 'atmospheric composition']",Josep Bonsoms;Roberto Serrano-Notivoli,Winter warm spells in the pyrenees: synoptic drivers and snowmelt impacts (1960–2024),
None,True,Atmospheric Research,该论文的标题和摘要明确涉及使用卫星数据来分析地面NO2（二氧化氮）的气象动力学和排放足迹，这与大气环境遥感技术（如空气质量监测、卫星观测、大气成分分析、气溶胶反演）密切相关。,"['satellite', 'NO2', 'meteorological dynamics', 'emission footprints']",Mingbin Guo;Jianzhou Gong;Yuangong Chen;Yuqing Jian;Weifeng Xiao;Shikuan Wang,A satellite-constrained two-stage spatiotemporal framework for disentangling meteorological dynamics and emission footprints of ground-level NO<sub>2</sub>,
None,True,Atmospheric Research,该论文的标题和摘要明确涉及热带气旋中的非对称降雨估计，TCRM（热带气旋降雨估算模型）是与大气环境遥感技术（如卫星观测和气象数据分析）密切相关的领域。,"['asymmetric rainfall', 'tropical cyclones', 'TCRM']",Bingyao Guo;Qingqing Li;Qi Gao;Changyu Zhao;Ruyan Chen,Improving asymmetric rainfall estimation in tropical cyclones: A revised TCRM,
None,True,Atmospheric Research,该论文研究了基于U-Net的空间协同校正技术，用于改进网格化夏季降水预报，这对于理解大气环境遥感和空气质量监测具有重要意义。,"['U-Net', 'spatial synergistic correction', 'gridded summer precipitation forecasts', 'atmospheric environmental remote sensing']",Guangxin He;Wei Wu;Zhigang Zhang;Zhanshan Ma;Juanzhen Sun;Haonan Chen;Jingjia Luo,U-Net-based spatial synergistic correction of gridded summer precipitation forecasts for CMA-MESO in Central China,
None,True,Atmospheric Research,该论文研究了中国东北地区的冷涡结构、能量转换及其对重降水分布的影响，涉及大气环境中的动力和热力过程，与大气环境遥感技术中的大气成分分析和气象观测相关。,"['cold vortices', 'heavy rainfall', 'dry intrusion']",Yining Shen;Lijuan Wang;Zhaoyong Guan;Weijie Zeng;Xiaowen Zhao,Structure and energy conversion of Northeast China cold vortices with different distribution types of heavy rainfall influenced by dry intrusion,
None,False,Atmospheric Research,该论文研究的主题是地表放射性对大气电性的影响，主要关注稳定边界层条件下的现象，与大气环境遥感技术（如空气质量监测、卫星观测、大气成分分析、气溶胶反演等）的直接相关性较弱。,"['radioactivity', 'atmospheric electricity', 'stable boundary layer']",K.A. Nicoll;O. O'Neill;C. Miller;J. Paatero;T. Ulich,Surface radioactivity influences on atmospheric electricity during stable boundary layer conditions,
None,True,Atmospheric Research,该论文研究使用ICON百米级集合预报对流风暴的技巧提升，涉及大气现象的数值模拟和集合预报技术，这与大气环境遥感技术中的大气成分分析和气象监测有强相关性。,"['convective storm', 'ICON', 'hectometric-scale ensembles']",Matteo Siena;Thomas Gastaldo;Chiara Marsigli;Paolo Ruggieri;Silvana Di Sabatino,Improving forecast skill of a convective storm using ICON hectometric-scale ensembles,
None,True,Atmospheric Research,该论文使用卫星技术评估伊朗东部的沙尘暴，并探讨其对邻国的跨界影响，这与大气环境遥感技术（如空气质量监测、卫星观测、大气成分分析、气溶胶反演）高度相关。,"['satellite-based', 'dust storms', 'transboundary impacts']",Ali Darvishi Boloorani;Masoud Soleimani;Nastaran Nasiri;Fatemeh Amiri;Najmeh Neysani Samany;Ali Al-Hemoud;Iraj Gholami;Kan Huang,Satellite-based assessment of dust storms originating from Eastern Iran with measurable transboundary impacts,
None,False,Atmospheric Research,该论文研究土壤湿度对夏季中国北方亚季节性降水预报的影响，使用的是CWRF模型。虽然涉及大气现象和环境模型，但主要关注点在于降水预报而非大气环境遥感技术，如空气质量监测、卫星观测或大气成分分析。,"['soil moisture', 'subseasonal precipitation', 'CWRF model']",Chenyi Zhang;Minghao Wang;Yong Luo;Qingquan Li;Lili Dong;Kailu Yu,Effects of soil moisture on subseasonal precipitation forecasts in North China during summer: A study using CWRF model,
None,True,Atmospheric Research,该论文研究了中国大气氮沉降的长期变化，重点关注了不同行业的沉降效率，这与大气环境遥感技术中的空气质量监测和大气成分分析密切相关。,"['atmospheric nitrogen deposition', 'China', 'sector-specific deposition efficiency']",Shangyi Wang;Yiheng Wang;Guochao Chen;Yuhao Wang;Zimeng Wang;Chenliang Tao;Hongliang Zhang,Sector-specific deposition efficiency shapes long-term changes in atmospheric nitrogen deposition in China,
None,True,Atmospheric Research,该论文研究广州地区闪电发生区域的垂直反射率特征，涉及大气成分和遥感技术，与大气环境遥感技术（如大气成分分析、闪电监测）密切相关。,"['vertical reflectivity', 'lightning initiation', 'Guangzhou', 'atmospheric composition', 'remote sensing']",Fei Wang;Wen Yao;Yang Zhang;Dong Zheng,"Characteristics of vertical reflectivity cores at lightning initiation regions over Guangzhou, China",
None,True,Atmospheric Research,该论文的标题和摘要明确涉及大气降水相关的测量、估算和建模，这与大气环境遥感技术中的空气质量监测、卫星观测和大气成分分析等领域密切相关。虽然直接提及“遥感技术”或“卫星传感器”等具体术语，但降水研究是大气环境科学的重要组成部分，且遥感技术在降水监测中扮演关键角色，因此可以认为该论文与大气环境遥感技术具有强相关性。,"['precipitation', 'measurement', 'estimation', 'modeling']",Francisco J. Tapiador;Gabriela Juárez;Kyo-Sun Lim;Sohaib Fakar;Kyuhee Shin;Andrés Navarro;Sun-Young Park;Andrés Merino;Anahí Villalba-Pradas;Livia J. Leganés;Raúl Martín;José Luis Sánchez;Eduardo Garcia-Ortega;GyuWon Lee,"Precipitation science: State-of-the-Art in measurement, estimation, and modeling",
None,True,Atmospheric Research,该论文的标题和摘要明确涉及云播种和气溶胶-云相互作用等大气环境相关主题，这与大气环境遥感技术（如空气质量监测、卫星观测、大气成分分析、气溶胶反演）密切相关。,"['cloud seeding', 'aerosol–cloud interactions', 'environmental impacts']",Sanhita Shende;Swapnaja Gajbhiye;Nandu B. Chaure,Cloud seeding and aerosol–cloud interactions: Environmental impacts and future perspectives,
None,True,Atmospheric Research,该论文与大气环境遥感技术相关，因为它涉及青藏高原的高分辨率温度数据集，使用了人工智能降尺度技术和站点校准方法，这些技术在大气成分分析和气象观测中具有重要意义。,"['Tibetan Plateau', 'temperature dataset', 'artificial intelligence downscaling']",Jianyu Wang;Yong Feng;Xingwen Jiang,Corrigendum to ‘A 3-km high-resolution daily temperature dataset over the Tibetan Plateau (1993–2023) based on artificial intelligence downscaling and station calibration’ [Atmospheric Research 341 (2026) 109100],
None,True,Atmospheric Research,该论文研究了北京北部山前地区的冬季山地平原风环流结构，分析了行星边界层方案的特性及模拟不确定性，这与大气环境遥感技术中的空气质量和大气成分分析密切相关，因此是强相关的。,"['atmospheric circulation', 'planetary boundary layer', 'wind simulation']",Lei Zhang;Jinyuan Xin;Yongjing Ma;Xinbing Ren;Kecheng Peng;Luoqi Yang,Winter mountain-plain wind circulation structures at a Northern Beijing piedmont site: Characteristics and simulation uncertainties associated with planetary boundary layer schemes,
None,True,Atmospheric Research,该论文研究了太平洋年代际振荡和大西洋海表温度对华中九月降水的影响，涉及气候和气象学，与大气环境遥感技术中的气候监测和大气成分分析有一定关联，但并非直接涉及空气质量监测、卫星观测或气溶胶反演等具体技术。,"['Pacific Decadal Oscillation', 'North Atlantic Sea surface temperatures', 'precipitation', 'Central China']",Yuanyuan Zhou;Jianqi Sun;Mengqi Zhang;Yixi Liu,Interdecadal changes of September precipitation over Central China: The synergistic effect of Pacific Decadal Oscillation and North Atlantic Sea surface temperatures,
None,True,Atmospheric Research,该论文研究了巴塔哥尼亚地区月度网格化降水产品的时空性能，这属于大气环境遥感技术的范畴，特别是大气成分分析和卫星观测。,"['precipitation', 'atmospheric', 'remote sensing']",Santino Adduca;Santiago I. Hurtado;Natalia L. Pessacg;Leandro B. Díaz;Lorenzo Ricetti;Martín Jacques-Coper,Spatio-temporal performance of monthly gridded precipitation products in Patagonia,
None,True,Atmospheric Research,该研究探讨了华南沿海地区锋面和暖区暴雨的微物理机制，涉及雨滴大小分布，这与大气环境遥感技术中的降水监测和大气成分分析密切相关。,"['raindrop size distribution', 'frontal heavy rainfall', 'warm-sector heavy rainfall']",Mingrui Guo;Wen Lin;Jingjing Lv;Chenglong Gong;Qing Duan;Jingxi Sun;Pengcheng Lin;Chunsong Lu;Yiqi Chen,Distinct raindrop size distribution microphysical mechanisms of frontal and warm-sector heavy rainfall in Coastal Southeast China,
None,True,Atmospheric Research,该论文研究南极Belgrano II站大尺度驱动因素对平流层臭氧长期变化的驱动因素，涉及大气成分分析，与大气环境遥感技术（如大气成分监测）密切相关。,"['tropospheric ozone', 'atmospheric composition', 'Belgrano II station', 'Antarctica', 'long-term variability']",J.A. Adame;M. Navarro-Comas;H. Ochoa;C. Prados-Roman;M. Yela,"Synoptic-scale drivers of long-term tropospheric ozone variability at Belgrano II station, Antarctica",
None,True,Atmospheric Research,该论文研究了中国南部夏季气温异常的主要内部季节性模式及其相应的可预测信号，这与大气环境遥感技术中的空气质量监测和大气成分分析密切相关，因为气温异常通常与大气污染物浓度和成分变化有关。,"['air temperature anomalies', 'summer', 'Southern China', 'predictable signals']",Zikang Jia;Zhihai Zheng;Guolin Feng,The main intraseasonal modes of summer air temperature anomalies in Southern China and their corresponding predictable signals,
None,True,Atmospheric Research,该论文研究了中欧地区风力涡轮机相关的季节性闪电现象，虽然不直接涉及空气质量监测或卫星观测等技术，但闪电现象与大气电学和环境科学密切相关，对理解大气环境中的能量转换和粒子过程有潜在关联，因此与大气环境遥感技术的某些方面（如大气电学监测）有一定关联性。,"['lightning', 'wind turbine', 'Central Europe']",M. Kákona;R. Duspara;Z. Sokol;J. Popová;J. Chum;J. Šlegl;M. Sommer;M. Lužová;R. Dvořák;V. Hanousek;J. Kákona;A. Kostinsky;I. Ambrožová;O. Ploc,Seasonal wind turbine-associated lightning in Central Europe,
None,False,Atmospheric Research,该论文的主题是关于北印度洋热带风暴活动引起的东亚和西太平洋环流异常的观测分析，主要关注气象学中的环流异常现象，而不是大气环境遥感技术，如空气质量监测、卫星观测、大气成分分析或气溶胶反演等。,[],Hua Chen;Xueying Meng;Boqing Wang;Tianhao Chen,Circulation anomalies over East Asia and the Western Pacific induced by tropical storm activity in the North Indian Ocean: Observational analysis,
None,True,Atmospheric Research,该论文的标题和摘要明确涉及使用空间 borne dual-frequency precipitation radar（双频降水雷达）来揭示各种极端降水类型的全球微物理特征，这与大气环境遥感技术（如卫星观测和降水监测）密切相关。,"['dual-frequency precipitation radar', 'extreme precipitation', 'spaceborne', 'microphysical characteristics']",Yanghua Liu;Zinian Wang;Xiang Ni,Global distinct microphysical characteristics of various extreme precipitation types revealed by the spaceborne dual-frequency precipitation radar,
None,True,Atmospheric Research,该论文研究的是中亚地区云水路径的时空特征和长期趋势，这属于大气环境遥感技术的范畴，特别是大气组成分析。云水路径是大气水循环的重要参数，遥感技术常用于监测和分析这一参数，因此与大气环境遥感技术密切相关。,"['cloud water path', 'Central Asia', 'atmospheric composition']",Zepeng Tong;Ping Chen;Yong Zeng;Ali Mamtimin;Zhanshan Ma;Zhigang Zhang,The temporal and spatial characteristics and long-term trends of cloud water path in Central Asia,
None,False,Atmospheric Research,该论文主要研究巴西马拉尼昂州的干季时空变化，与大气环境遥感技术（如空气质量监测、卫星观测、大气成分分析、气溶胶反演）没有直接关系。,"['dry spells', 'rainy season', 'Maranhão state']",Wellington Cruz Corrêa;Andreza Maciel de Sousa;João Valério de Souza Neto;Andressa Carvalho de Sousa;Edvaldo Sagrilo;José Oscar Lustosa de Oliveira Júnior;José Francisco de Oliveira-Júnior;Nítalo Andre Farias Machado,"Spatiotemporal variability of dry spells during the rainy season in Maranhão state, Brazil",
None,True,Atmospheric Research,该论文研究的是利用深度学习方法对海面风场进行偏差校正，这与大气环境遥感技术中的大气成分分析和空气质量监测密切相关，因为海面风场是大气环境的重要参数之一。,"['sea surface wind field', 'bias correction', 'deep learning']",Chen Zhang;Shuqin Liang;Jianxin Wang;Bo Liu;Yahui Liu;Tao Song;Yuhang Zhu,WindFormer: Spatio-temporal deep learning for refined sea surface wind field bias correction,
None,True,Atmospheric Research,该论文的标题和摘要明确涉及微波卫星观测技术，特别是水滴吸收对观测模拟的影响。这与大气环境遥感技术密切相关，因为微波卫星观测是大气成分分析、空气质量和气溶胶检索的重要手段。,"['microwave satellite observation', 'water droplet absorption', 'atmospheric remote sensing']",Yuxuan Feng;Jieying He;Gang Ma;Zongru Yang;Chao Zhang,The impact of minute water droplet absorption on microwave satellite observation simulation,
None,True,Atmospheric Research,该论文的标题和摘要明确涉及卫星降水监测、偏差校正和人工智能技术，这些都与大气环境遥感技术（如卫星观测和大气成分分析）密切相关。因此，该论文与大气环境遥感技术高度相关。,"['satellite precipitation', 'bias correction', 'artificial intelligence']",Moein Tosan;Vahid Nourani;Vijay P. Singh;Ozgur Kisi;Jan Franklin Adamowski;Yongqiang Zhang;Mohammad Reza Alizadeh,Synoptic-aware explainable artificial intelligence (SA-XAI) model for bias correction and regionalization of satellite precipitation over complex terrain,
None,True,Atmospheric Research,该论文与大气环境遥感技术密切相关，因为它是关于卫星遥感降水估计的研究。这涉及到使用卫星观测大气中的降水情况，这与大气环境监测（如空气质量、大气成分分析）直接相关。,"['satellite', 'precipitation', 'estimates']",Pengsheng Li;Xiao-Feng Li;Jingjing Yu;Song Yang,Declining uncertainties in satellite-based global hourly and daily precipitation estimates,
None,True,Atmospheric Research,该论文研究城市扬尘事件，涉及风诱导的再悬浮现象，并使用计算流体动力学（CFD）进行分析，这些内容与大气环境遥感技术（如空气质量监测和大气成分分析）密切相关。,"['urban dust', 'wind induced resuspension', 'CFD analysis']",Jakub Linda;Miroslav Šinger;Amra Hasečić;Dávid Frnda;Jiří Pospíšil,Short duration urban dust events driven by wind induced resuspension: observational evidence from a European city and inverse CFD analysis,
None,False,Atmospheric Research,该论文的主题是干旱地区极端降水行为的研究，虽然涉及大气环境，但主要集中在降水现象而非遥感技术，如空气质量监测、卫星观测或大气成分分析。,"['extreme precipitation', 'arid environment', 'characterizing']",Mohammad Reza Nikoo,From stationary to non-stationary: Characterizing extreme precipitation behavior in an arid environment,
None,True,Atmospheric Research,该论文研究东亚夏季季风锋的动力学定义，涉及低层变形，这与大气环境遥感技术中的大气组成分析和气象观测密切相关，因此相关性较强。,"['East Asian summer monsoon', 'low-level deformation', 'atmospheric dynamics']",Minwoo Kim;Eun-Chul Chang;Joowan Kim;Seok-Woo Son;Hee Choon Lee;Hyun-Suk Kang,Dynamical definition of the East Asian summer monsoon front using low-level deformation,
None,True,Atmospheric Research,该论文研究了热带气旋增强西南季风的菲律宾高降水事件，涉及大气环流和降水过程，与大气环境遥感技术中的空气质量和气象观测相关。,"['tropical cyclone', 'southwest monsoon', 'precipitation events']",Alwin Andriel L. Bathan;Lyndon Mark P. Olaguera;Faye Abigail T. Cruz;Jose Ramon T. Villarin;John A. Manalo;Jun Matsumoto,Synoptic conditions favoring tropical cyclone-enhanced southwest monsoon high precipitation events in the Philippines,
None,True,Atmospheric Research,该论文研究了硝酸盐光解对东南沿海地区夏季白天环境中亚硝酸氢盐（HONO）生成的影响，涉及大气成分分析和污染物来源解析，与大气环境遥感技术中的空气质量监测和大气成分分析密切相关。,"['HONO', 'nitrate photolysis', 'atmospheric composition']",Ziying Chen;Feng Zhang;Lingling Xu;Ziyi Lin;Xiuwen Yong;Yuping Chen;Gaojie Chen;Xiaoting Ji;Xiaolong Fan;Lingjian Wang;Mengren Li;Jinsheng Chen,Nitrate photolysis as major summer daytime sources of ambient HONO in Southeastern Coastal China,
None,True,Atmospheric Research,该论文研究的是台风“梅花”（2022年）的眼壁在增强和减弱过程中的微物理演变，涉及大气环境中的台风现象，与大气环境遥感技术（如卫星观测、大气成分分析）有一定关联，但主要关注点在于台风的动力学过程而非直接的环境监测技术。,"['Typhoon', 'eyewall', 'atmospheric evolution']",Dongdong Wang;Sheng Chen;Haiyang Zhang;Wenjuan Li;Xiaoping Tu;Xiaolin Lan;Haohao Xu,Microphysical evolution of the eyewall during intensification and weakening of Typhoon Muifa (2022),
None,True,Atmospheric Research,该论文研究了半干旱城市中的降水化学成分，特别是酸度的影响因素，这与大气环境遥感技术中的空气质量监测和大气成分分析密切相关。,"['precipitation chemistry', 'semi-arid city', 'acidity']",Dongqi Chen;Bing Sun;Haijun Zhou;Wenjing Sun;Huifang Ren;Ying Sun;Xiaoqin Zhao;Xiaotao Fu;Zhonghua Li,Precipitation chemistry in a semi-arid city: Insights from the driving factors of acidity,
None,True,Atmospheric Research,该论文使用观测和WRF模型分析了一个强烈的冰雹事件，这与大气环境遥感技术（如大气成分分析、气象观测）密切相关。冰雹事件是大气现象之一，而WRF模型是一种常用的数值天气预报模型，可用于模拟和分析大气过程，这些都属于大气环境遥感技术的应用范畴。,"['WRF model', 'hail event', 'atmospheric observation']",Antonio Ricchi;Olivia Vashti Ayim;Pier Paolo Alberoni;Rossella Ferretti,Analysis of an intense hail event in the Po Valley using observation and WRF model,
None,True,Atmospheric Research,该论文研究了青藏高原城市站点有机气溶胶的季节性变化，涉及分子驱动因素和光吸收特性，这与大气环境遥感技术（如空气质量监测和大气成分分析）密切相关。,"['organic aerosols', 'Tibetan Plateau', 'light absorption properties']",Lijuan Qi;Yanhui Ha;Xiaotong Wang;Junchao Zhao;YanLin Zhang;Huan Liu;Rong Chen,Distinct seasonality of organic aerosols at a high-altitude Tibetan Plateau urban site: Molecular drivers and light absorption properties,
None,False,Atmospheric Research,该论文主要研究海风动力学对均匀和局部海表温度异常的敏感性，涉及的是海洋气象学领域，与大气环境遥感技术（如空气质量监测、卫星观测、大气成分分析、气溶胶反演等）的直接关联性较弱。,"['sea breeze', 'SST anomalies', 'Northern Yucatán Peninsula']",E. Salcedo;J.C. Cajas;C. Treviño;I. Mariño-Tapia;L. Martínez-Suástegui,Sensitivity of sea breeze dynamics to uniform and localized SST anomalies over the Northern Yucatán Peninsula,
None,True,Atmospheric Research,该研究涉及使用WRF模型和尺度感知积云方案来研究东亚夏季降雨预报的分辨率敏感性，这与大气环境遥感技术中的气象观测和预报方法相关，属于大气科学领域，因此与大气环境遥感技术（如空气质量监测、卫星观测、大气成分分析、气溶胶反演）有较强关联。,"['WRF', 'scale-aware cumulus schemes', 'summer rainfall forecast']",Weiguang Liu;Xin Li;Hao Miao;Shiwei Sun;Wenru Shi;Kefeng Zhu,Sensitivity of summer rainfall forecast over eastern China to horizontal resolutions: A study using scale-aware cumulus schemes in WRF,
None,False,Atmospheric Research,该论文主要研究热带南大西洋对热带北大西洋海表面温度的影响，以及这种影响与西太平洋热带气旋生成的关系。虽然涉及大气和海洋的相互作用，但并未明确涉及大气环境遥感技术，如空气质量监测、卫星观测、大气成分分析或气溶胶反演等。,"['sea surface temperature', 'tropical cyclone', 'atmospheric composition']",Lingling Zhang;Jinjie Song;Philip J. Klotzbach;Qingyuan Liu,Tropical South Atlantic modulation of the tropical North Atlantic sea surface temperature – western North Pacific tropical cyclone genesis relationship,
None,True,Atmospheric Research,该论文研究了华北地区层积云降水事件的微物理特征，涉及冰相和液相过程的区分，这与大气环境遥感技术中的云和降水观测密切相关，属于大气成分分析和空气质量监测的范畴。,"['stratocumulus', 'riming', 'melting', 'precipitation', 'atmospheric microphysics']",Zhuoxuan Shen;Xiaoli Liu;Yan Li;Jingyuan Xiong;Kerui Min;Hengjia Cai;Nan Wang,Distinct microphysical characteristics of riming and melting processes in a stratocumulus cloud precipitation event over North China,
None,True,Atmospheric Research,该论文使用雷达技术对印度核心季风区的暴雨进行分类，研究其垂直结构和时间演变，这与大气环境遥感技术中的空气质量和大气成分分析密切相关，特别是通过雷达观测手段进行降水监测。,"['Radar', 'rain-type classification', 'heavy-rain', 'Indian Core Monsoon Zone', 'vertical structure']",Harshad S. Hanmante;Sachin M. Deshpande;Subrata Kumar Das;Medha Deshpande,Radar-derived rain-type classification for heavy-rain episodes over the Indian Core Monsoon Zone: Insights into vertical structure and temporal evolution,
None,False,Atmospheric Research,该论文标题和摘要主要涉及海洋温度异常和南亚高压中心的位置变化，与大气环境遥感技术（如空气质量监测、卫星观测、大气成分分析、气溶胶反演）没有直接关系。,[],Ran Duan;Kai Qie;Tao Wang;Jiakang Duan;Mingzhen Gu;Jiali Luo,North Atlantic cold SST anomaly contributes to the long-term eastward shift of the South Asian High center,
None,True,Atmospheric Research,该论文研究的是春季亚洲急流对西太平洋台风活动的影响，涉及大气环境的前体观测，属于大气环境遥感技术的研究范畴，因此与题目要求的领域相关。,"['Asian-jet', 'North Pacific typhoon', 'observability', 'atmospheric precursor']",Zi-Liang Li;Xiao-Ran Wu,Pathway-dependent observability of a spring Asian-jet precursor for western North Pacific typhoon activity,
None,True,Atmospheric Research,该论文研究长江三角洲过去十年PM2.5污染事件与主导天气模式的关系，涉及空气质量和气象模式，与大气环境遥感技术（如空气质量监测和大气成分分析）密切相关。,"['PM2.5', 'synoptic weather patterns', 'Yangtze River Delta']",Zhongrui Xie;Lili Shi;Xianman Ye;Qifan Shuai;Yaofu Zhu;Xiyao Chen;Ben Ye;Liang Xu;Min Gao;Shupeng Zhu;Shoujuan Shu;Renguang Wu;Weijun Li,Evolution of dominant synoptic weather patterns associated with PM<sub>2.5</sub> pollution events in the Yangtze River Delta over the past decade,
None,True,Atmospheric Research,该论文研究了利用耦合三维变分同化和深度学习代理框架进行中国近实时二氧化硫排放反演的技术。涉及大气成分分析（SO₂监测）、数据同化技术以及深度学习算法，与大气环境遥感技术（如空气质量监测和卫星观测）密切相关。,"['SO₂', 'emission', 'variational assimilation', 'deep learning', 'atmospheric inversion']",Hancheng Ye;Zengliang Zang;Yiwen Hu;Ning Liu,Near-real-time inversion of SO₂ emission via coupled three-dimensional variational assimilation and deep learning surrogate framework over China,
None,True,Atmospheric Research,该论文研究了堪察加半岛环流异常对东亚极端冷事件的影响，涉及大气环流和气候变化，与大气环境遥感技术中的大气成分分析和气象观测相关。,"['atmospheric circulation', 'extreme cold events', 'Kamchatka Peninsula']",Wencai Liu;Ning Shi;Huijun Wang,Contrasting downstream Kamchatka Peninsula circulation anomalies during extreme cold events over Eastern China and the upstream influence of these anomalies,
None,True,Atmospheric Research,该论文研究了气溶胶到CCN的活化过程，涉及气溶胶的尺寸和组成效应，这与大气环境遥感技术（如空气质量监测、卫星观测、大气成分分析、气溶胶反演）密切相关。,"['aerosol', 'CCN', 'size', 'composition', 'remote sensing']",Sachin S. Patil;Subrata Mukherjee;V. Anil Kumar;P.P. Leena;Vinayak Waghamare;M.Y. Aslam;V.S. Arun;Lalit Chaudhari;Ajit Waware;Sunil M. Sonbawne;G. Pandithurai;B. Padma Kumari,"Decoding Aerosol-to-CCN activation: Insights into size and composition effects using a long-term dataset from a high-altitude site in the Western Ghats, India",
None,True,Atmospheric Research,该论文研究的是青藏高原夏季水分的年际变化机制，从拉格朗日路径的角度进行分析。这与大气环境遥感技术中的大气成分分析、空气质量监测等领域相关，因为水分和气溶胶的传输路径是大气环境研究的重要部分。,"['Tibetan Plateau', 'Lagrangian pathways', 'moisture', 'interannual variations']",Hongwen Liu;Wenshou Tian;Hao Wu;Li He;Hua Qin;Hongying Tian;Tao Wang,A mechanism of interannual variations in summer moisture over the Tibetan Plateau from the perspective of Lagrangian pathways,
None,True,Atmospheric Research,该论文研究东亚季风区热带夜间主导环流模式，这与大气环境遥感技术中的大气成分分析和气象观测相关，因为理解和监测大气环流模式对于空气质量监测和卫星遥感数据解释至关重要。,"['atmospheric circulation', 'East Asian monsoon', 'tropical night']",Ruidan Chen;Wenting Lin;Siao Tang;Lan Wei,Dominant circulation patterns influencing the tropical night in the East Asian monsoon region,
None,False,Atmospheric Research,该论文主要关注雨滴碰撞的观测和理论模型验证，与大气环境遥感技术（如空气质量监测、卫星观测、大气成分分析、气溶胶反演等）没有直接关系。,"['raindrop collision', 'theoretical regime diagram']",Kalimur Rahman;Firat Y. Testik,Raindrop collision outcomes: Field observations and validation of the T09 theoretical regime diagram,
None,True,Atmospheric Research,该论文研究了乌兰巴托地区可溶性棕碳的光学特性及其季节变化，并探讨了居民使用固体燃料燃烧的影响。这涉及空气质量和大气成分分析，与大气环境遥感技术（如空气质量监测和大气成分分析）密切相关。,"['brown carbon', 'water-soluble brown carbon', 'residential solid-fuel combustion', 'optical properties', 'Ulaanbaatar']",Hyeyeon Lee;Sumin Ok;Tsatsral Batmunkh;Jinsang Jung,"Seasonal variability and residential solid-fuel combustion influence on the optical properties of water-soluble brown carbon in Ulaanbaatar, Mongolia",
None,True,Atmospheric Research,该论文研究黎凡特地区冬季持续干旱现象与印度洋偶极子之间的关系，涉及大气环境变化和遥感的监测技术，因此与大气环境遥感技术（如大气成分分析、气候监测）有较强关联。,"['Indian Ocean dipole', 'dry spells', 'atmospheric variability']",Sigalit Berkovic;Victor Murphy;Assaf Hochman,Unraveling the variability of winter persistent dry spells in the levant via the Indian Ocean dipole,
None,True,Atmospheric Research,该论文研究的是东帕米尔高原复杂地形中降水随海拔的变化特征和机制，涉及大气环境中的降水现象，与大气环境遥感技术（如大气成分分析、卫星观测）有较强的相关性。,"['precipitation', 'atmospheric', 'Pamir Plateau']",Mengying Yao;Junqiang Yao;Weiyi Mao;Jing Chen;Jiangang Li,Elevation-dependent precipitation in the complex Terrain of Eastern Pamir Plateau: Characteristics and mechanisms,
None,False,Atmospheric Research,该论文主要关注全球河流域的多变量干旱热事件驱动因素及其复合效应，与大气环境遥感技术（如空气质量监测、卫星观测、大气成分分析、气溶胶反演）相关性较弱。,"['drought', 'heat events', 'river basins']",Xin Feng;Weizhi Gao;Zhaoli Wang;Xushu Wu;Yuxiang Zhao;Jiajin Feng;Josep Peñuelas;Jordi Sardans,Quantifying drivers and compound effects of multivariate drought heat events in global river basins,
None,True,Atmospheric Research,该论文研究了西北中国背景区域的垂直气溶胶廓线和区域传输的影响，使用了地面激光雷达技术，这与大气环境遥感技术（如空气质量监测、大气成分分析、气溶胶反演）密切相关。,"['aerosol profiles', 'ground-based lidar', 'regional transport']",Kai Cheng;Xia Li;Yaqiong Kuang;Yuting Zhong;Haiyang Cai;Shuting Li,Vertical aerosol profiles and the impact of regional transport in a background region of Northwest China: Insights from ground-based lidar,
None,True,Atmospheric Research,该论文研究拉普拉塔盆地雷暴的短期可预测性，属于大气环境领域，与大气成分分析和气象观测技术相关，因此与大气环境遥感技术（如空气质量监测和卫星观测）有较强关联。,"['thunderstorms', 'La Plata Basin', 'atmospheric predictability']",Gabriel Elias Mandanda;Maria Assunção Faus da Silva Dias;Marlon Sproesser Mathias,Short-term predictability of thunderstorms in the La Plata Basin,
None,True,Atmospheric Research,该论文研究沙特阿拉伯雷暴环境的变化频率、变异性及其驱动因素，与大气环境遥感技术（如大气成分分析、气象观测）相关，因为雷暴是大气环境的重要组成部分，其变化可能影响空气质量监测和卫星观测数据。,"['thunderstorms', 'atmospheric variability', 'Saudi Arabia']",Moutassem El Rafei;Andrew Dowdy;Mazen E. Assiri;Md. Arfan Ali;Muhammad Haroon Siddiqui;Sajjad Saeed;Saeed Ahmad Alghamdi;Shamsuddin Shahid,"Changing thunderstorms environments in Saudi Arabia: Frequency, variability and drivers of change",
None,True,Atmospheric Research,该论文研究的是印度恒河和亚穆纳河流域极端降雨事件在近几十年的时空连接和同步变化，这与大气环境遥感技术中的大气成分分析和气象观测密切相关，因此相关性强。,"['extreme rainfall', 'Ganga River Basin', 'Yamuna River Basin']",Ripunjay Pandey;Pragati Prajapati;Ashish Kumar Meena;Akshay Singhal;Sanjeev Kumar Jha;Kundan Kandhway,Changes in the spatial connection and synchronization of extreme rainfall events in recent decades over the Ganga and Yamuna River Basins of India,
