doi,is_relevant,journal,explanation,topic_words,authors,title,abstract
10.1088/1748-9326/ae9e24,True,Environmental Research Letters,这篇论文研究了由变暖引起的温室气体排放对全球变暖的放大效应，这与大气环境遥感技术中的温室气体排放监测和分析密切相关。虽然论文没有直接涉及遥感技术，但其研究内容（如甲烷和二氧化碳排放与温度的关系）与大气成分分析高度相关，是大气环境遥感技术的重要应用领域之一。,"['greenhouse gas emissions', 'permafrost', 'wetlands']",Sam Abernethy;Danielle Monteverde;Christina Schädel;Brian Buma;Philip B Duffy;Robert B Jackson;Susan M Natali;Ilissa Ocko;Brendan M Rogers;Benjamin Poulter,Projected amplification of global warming by warming-induced greenhouse gas emissions,"Warming-induced emissions (WIE) of greenhouse gases from natural sources are a large amplifying feedback that most climate models do not yet represent. This absence risks systematic underestimation of projected future warming and overestimation of remaining carbon budgets. To assess the potential magnitude of these feedbacks, we derived relationships between global temperature and WIE rates from process-based model estimates across three Shared Socioeconomic Pathways, SSP1-2.6, SSP2-4.5, and SSP4-6.0. The warming-induced methane emission rate from permafrost, wetlands, freshwaters, and wildfire combined increases with temperature at an estimated 97 ± 6 Tg CH4 yr−1 °C−1 across all three scenarios, while the warming-induced carbon dioxide emission rate from permafrost and wildfire combined increases at 7 ± 1 Pg CO2 yr−1 °C−1 in SSP2-4.5 and SSP4-6.0. Using the MAGICC climate model, we projected that WIE could add 0.2 °C–0.4 °C of warming by 2100 across scenarios, split roughly equally between carbon dioxide and methane, amplifying post-2020 anthropogenic warming by 20%–30%. Combined emission sensitivity and climate response 1σ uncertainties are ±0.2 °C on the added warming and ±10%–30% on the warming amplification."
10.5194/acp-26-12751-2026,True,Atmospheric Chemistry and Physics,该论文研究了平流层气溶胶喷射（SAI）对平流层臭氧的影响，这与大气环境遥感技术中的臭氧监测和大气成分分析密切相关。论文使用了多模型框架（GeoMIP G6-1.5K-SAI实验）来评估SAI对21世纪臭氧投影的影响，涉及了大气成分和气溶胶的遥感监测技术。,"['Stratospheric Aerosol Injection', 'ozone', 'GeoMIP']",Ewa M. Bednarz;Amy H. Butler;James M. Haywood;Matthew Henry;Andy Jones;Ben Kravitz;Walker R. Lee;Douglas G. MacMartin;Amanda C. Maycock;Takashi Sekiya;Shingo Watanabe;Daniele Visioni,Stratospheric ozone projections under sulfur-based stratospheric aerosol injection: Insights from the multi-model G6-1.5K-SAI experiment,"An assessment of the potential impacts of Stratospheric Aerosol Injection, a proposed method to offset global warming, on stratospheric ozone projections over the 21st century using the new multi-model GeoMIP (Geoengineering Model Intercomparison Project) G6-1.5K-SAI (Stratospheric Aerosol Injection) experiment. We discuss drivers of the responses, identify areas of model agreement and disagreement and sources of uncertainty. Our results highlight the need to assess any projected SAI impacts in wider strategy and scenario dimension using a multi-model framework. 
 Owing to the crucial role of stratospheric ozone in shielding the Earth from harmful solar ultraviolet radiation, impacts of human activities on the ozone layer remain of interest. Here we provide an assessment of the potential impacts of Stratospheric Aerosol Injection (SAI), a proposed method to temporarily offset global warming, on stratospheric ozone projections over the 21st century using the new multi-model GeoMIP G6-1.5K-SAI experiment. The experiment injects SO2 at a pair of subtropical latitudes and utilizes a more plausible “middle-of-the-road” greenhouse gas emission pathway (SSP2-4.5) and SAI start date compared to earlier studies.All three participating Earth system models show a decrease in global mean total column ozone of a few Dobson units (1 %–2 %) under SAI compared to the no-SAI scenario. This decrease is dominated by enhancement in active halogens  from heterogenous chemistry on sulfate aerosol, most clearly evident in the Southern Hemisphere mid- and high latitudes. This is unlike previous results using strategies injecting at the equator, which show increased global mean column ozone, partly due to larger ozone transport changes. As background halogen levels continue to decrease, the potential of SAI to deplete ozone is found to be a factor of ∼ 2 larger in earlier part of the 21st century (2045–2064) than later (2065–2084). We further identify areas of model disagreement and sources of uncertainty, but also areas of more confidence and potential emergent constraints.  Our results highlight the need to assess any projected SAI impacts in the wider strategy and scenario dimension using a multi-model framework."
10.5194/amt-19-5753-2026,True,Atmospheric Measurement Techniques,该论文研究撒哈拉和中东地区的沙尘气溶胶及其对短波直接辐射效应的影响，涉及空气质量监测、卫星观测和大气成分分析等领域，与大气环境遥感技术密切相关。,"['dust aerosols', 'radiative effects', 'AERONET', 'MODIS', 'HYSPLIT']",Georgia Charalampous;Konstantinos Fragkos;Ilias Fountoulakis;Kyriakoula Papachristopoulou;Anna Moustaka;Franco Marenco;Yevgeny Derimian;Argyro Nisantzi;Rodanthi-Elisavet Mamouri;Diofantos Hadjimitsis;Stelios Kazadzis,Characterization of Saharan and Middle Eastern dust aerosols and their associated shortwave direct radiative effects over Cyprus,"This study analyses seven years of dust events over Cyprus to identify their origin and quantify their impact on surface solar radiation. Most events originated from the Sahara. Dust reduces surface solar radiation, leading to surface cooling, while also causing atmospheric heating and cooling at the top of the atmosphere. Surface reductions in solar radiation reach about 5 %–15 % on average, with effects mainly controlled by dust amount. 
 Atmospheric mineral dust modulates surface solar radiation, with important implications for regional climate and solar energy production. In this study, we investigate dust aerosol typing and associated shortwave (SW) direct radiative effects (DREs) using radiative transfer simulations over Cyprus using a 7-year dataset (2015–2022) from the Agia Marina Xyliatou station. Dust events were identified using AERONET optical properties, LIDAR observations, MODIS imagery, and classified by origin (Sahara or Middle East) based on HYSPLIT back-trajectories analysis. Dust accounts for ∼ 28.3 % of aerosol cases during spring (MAM) and ∼ 12.7 % during autumn (SON), with 86 % of events originating from the Sahara and 14 % from the Middle East. The mean AOD at 440 nm for the period studied here is 0.34 ± 0.13 for Saharan events and 0.40 ± 0.13 for Middle Eastern events, while the SSA at 440 nm remains high for both sources (0.93 ± 0.04 and 0.93 ± 0.03, respectively), indicating predominantly scattering aerosols. Radiative transfer estimates of global horizontal irradiance (GHI) agree well with ground-based irradiance measurements, with ∼ 87 % of modelled GHI values within ±5 % and ∼ 96 % within ±10 % of observations. Monthly DREs were evaluated for observations acquired at a common solar zenith angle (SZA ≈ 60 ± 4°). Under these conditions, the strongest monthly mean surface cooling reached approximately −92 W m−2 for Saharan dust and −86 W m−2 for Middle Eastern dust, while atmospheric heating reached approximately +72 and +59 W m−2, respectively. The corresponding TOA cooling reached approximately −31 W m−2 for Saharan dust and −28 W m−2 for Middle Eastern dust. The mean surface SW DREs (for all SZAs) are −84 ± 49 W m−2 for Saharan dust in March and −79 ± 33 W m−2 for Middle Eastern dust in October. Although the Ångström exponent is slightly higher for Middle Eastern dust (0.37 vs. 0.30), suggesting enhanced fine-mode contribution due to aerosol mixing, radiative forcing efficiencies are comparable, indicating that aerosol loading primarily controls the magnitude of radiative perturbations."
10.5194/essd-18-6667-2026,True,Earth System Science Data,该论文标题和摘要明确涉及使用卫星测量技术（IASI）获取大气二氧化硫（SO2）数据，这与大气环境遥感技术（如空气质量监测、卫星观测、大气成分分析、气溶胶反演）密切相关。,"['atmospheric sulphur dioxide', 'IASI', 'satellite measurements']",Lieven Clarisse;Bruno Franco;Lorenzo Fabris;Nicolas Theys;Juliette Hadji-Lazaro;Daniel Hurtmans;Cathy Clerbaux;Pierre Coheur,A 19-year record of atmospheric sulphur dioxide (SO2) derived from IASI measurements,"We present a 19-year (2007–2026) global record of atmospheric sulphur dioxide (SO2) abundances and plume altitudes measured twice a day from space by the Infrared Atmospheric Sounding Interferometers (IASI). The first part of the paper covers the retrieval methodology and detailed comparisons with other satellite measurements. The second part presents an overview of the dataset, offering in particular an analysis of the temporal evolution and vertical distribution of volcanic SO2. 
 Over the past decades, satellite measurements of atmospheric sulphur dioxide (SO2) have served a wide range of applications, from volcanology to air quality monitoring and climate assessment. In this paper, we present a 2007–2026 record of twice-daily global SO2 vertical column abundances and SO2 plume altitudes derived from measurements by the three Infrared Atmospheric Sounding Interferometer (IASI) instruments onboard the Metop platforms. Building upon earlier work, the algorithm has been refined and complemented with several new components. Most notably, the sensitivity of the algorithm to low SO2 abundances and low-altitude plumes has been improved and the plume altitude retrieval now features enhanced performance for large SO2 columns. Special care was taken to maximize consistency of the product over time and across the IASI instruments. In addition to SO2 at the retrieved altitude, the dataset also includes SO2 column retrievals assuming plume altitudes ranging from 1 to 60 km. These allow the construction of averaging kernels that can be used in model assimilation or to obtain more accurate column estimates when the plume altitude is constrained by independent information. The first part of the paper details the retrieval methodology and presents sensitivity and uncertainty analyses. The latter indicate that the retrieval uncertainty is smallest for plumes above 8 km and increases gradually toward lower altitudes, particularly within the first few kilometres and in atmospheres with a high water vapour content. Detailed comparisons with measurements from the CALIOP lidar indicate that plume altitudes are generally accurate to within 1–2 km. Column comparisons with TROPOMI in fresh volcanic plumes indicate reasonable agreement. In the second part of the paper, we present an overview of the 19-year dataset, providing detailed time series of SO2 column abundances and mass-altitude profiles, with a focus on volcanic SO2. For each eruption with a plume mass exceeding 30 kt, we report the maximum atmospheric SO2 mass, the mass below and above 8 km altitude, the peak plume altitude, and the altitude range containing 75 % of the mass. When available, the maximum mass is compared with estimates reported in the literature. The SO2 altitude and column data from IASI/Metop-A, -B, and -C are available at https://doi.org/10.25326/870 (Clarisse and Franco, 2026a), https://doi.org/10.25326/869 (Clarisse and Franco, 2026b), and https://doi.org/10.25326/868 (Clarisse and Franco, 2026c), respectively."
10.5194/essd-18-6649-2026,False,Earth System Science Data,该论文主要关注北极表层沉积物的矿物学和地球化学来源数据，虽然涉及北极环境，但与大气环境遥感技术（如空气质量监测、卫星观测、大气成分分析、气溶胶反演）无关。,"['sediment provenance', 'geochemistry', 'Arctic Ocean']",Zhengquan Yao;Han Feng;Ruediger Stein;Yanguang Liu;Xuefa Shi;Yuri Vasilenko;Seung-Il Nam;Linsen Dong;Fengdeng Shi;Kunshan Wang;Zhihua Chen;Shuqing Qiao;Qiuling Li;Song Zhao;Xinyue Pei;Huiyu Guo;Yaru Liu,Circum-Arctic Sediment PROvenance Database (CASPROD): a database of mineralogy and geochemistry for the Circum-Arctic surface sediments,"We present an open-access compilation of mineralogical and geochemical provenance data for surface sediments across the Arctic Ocean. The Circum-Arctic Sediment PROvenance Database (CASPROD) integrates four provenance proxies, including bulk sediment Sr–Nd isotopes, detrital zircon U–Pb ages, clay mineral assemblages, and detrital mineral compositions, from more than 4000 stations in the Arctic Ocean. All datasets are standardized with consistent metadata and are provided in multiple machine-readable formats. 
 Arctic amplification is fundamentally reshaping the cryosphere, leading to accelerated sea-ice retreat, permafrost thaw, and intensified riverine discharge. These shifts collectively modify sediment source-to-sink dynamic processes in the Arctic Ocean. While surface sediments in this semi-enclosed basin integrate complex signals from diverse Eurasian and North American source regions, disentangling these provenance signatures requires a robust, multi-proxy framework that has historically been hampered by fragmented, heterogeneous datasets. Here, we present CASPROD (Circum-Arctic Sediment PROvenance Database), a standardized and high-resolution mineralogical and geochemical synthesis of Arctic surface sediments. The dataset integrates multi-proxy records from a broad spatial network, comprising 4308 sampling stations, including bulk sediment Sr-Nd isotopes (n=175 stations), detrital zircon U-Pb ages (n=4671 grains from 21 key stations), clay mineral assemblages (n=1647 stations), and detrital mineral proportions (n=2465 stations). These integrated proxies provide cross-validated sediment provenance constraints: Sr-Nd isotopes discriminate between ancient cratonic shields and juvenile orogenic belts; detrital zircon geochronology yields diagnostic age spectra distinguishing Eurasian versus North American crustal affinities; and clay and detrital mineralogy reflect different circum-Arctic sediment provenances, lithologies and transport processes. By synthesizing these diverse datasets, CASPROD delineates robust pan-Arctic spatial provenance domains and transport pathways. This database thus provides a critical benchmark for reconstructing palaeoceanographic, glacial, and sedimentary dynamics over geological timescales. CASPROD is freely available online (https://doi.org/10.6084/m9.figshare.31926927; Yao et al., 2026) in multiple machine-readable formats (e.g., tabular tables, GIS shapefiles, and GEOTIFF)."
10.5194/essd-2026-549,True,Earth System Science Data Discussions,该论文研究了使用94GHz频段的垂直指向极化雷达在格陵兰岛收集的云数据，涉及云微物理结构和气溶胶-云相互作用，这与大气环境遥感技术（如空气质量监测、卫星观测和大气成分分析）密切相关。,"['94 GHz', 'spectral polarimetric radar', 'cloud radar', 'hydrometeor classification', 'Arctic clouds']",Romanos Foskinis;Anne-Claire Billault-Roux;Henrik Skov;Lise Lotte Sørensen;Sven-Erik Gryning;Athanasios Nenes;Alexis Berne,Observations from a 94-GHz spectral polarimetric vertically-pointing radar at Villum research station during the CLAVIER Clean Cloud campaign,"We present a dataset collected with the WProf cloud radar during the CleanCloud Arctic Villum ExpeRiment campaign in northeast Greenland in spring 2024. It includes Doppler spectra, hydrometeor classification, and cloud observations that reveal the microphysical structure of Arctic clouds. The data show that multimodality, where different cloud particle populations coexist, is common and support studies of aerosol–cloud interactions and improvements in weather and climate models. 
 This paper presents a dataset obtained from a ground-based W-band (94 GHz) Doppler spectral polarimetric cloud radar (WProf) during the CLeancloud Arctic VIllum ExpeRiment (Clavier) campaign at Villum Research Station, Northeast Greenland, from 23 March to 13 April 2024. The campaign aimed to investigate Arctic cloud microphysical processes and aerosol–cloud interactions under pristine and Arctic haze conditions. Here, we describe the WProf radar measurements and the full processing chain, including noise removal and quality-control filtering, ensuring complete traceability from raw spectra to higher-level products. To resolve the complex microphysical structure of Arctic clouds, the peakTree algorithm was applied to Doppler spectra to identify and characterize multimodal velocity distributions, enabling the detection of coexisting hydrometeor populations within individual radar volumes. Peak-resolved spectral parameters are subsequently used within a hydrometeor classification framework implemented in pyLARDA enabling the identification of liquid droplets, pristine ice crystals, aggregates and rimed particles. The dataset captures a wide range of Arctic spring cloud regimes, including persistent mixed-phase clouds, deep and shallow ice-precipitating systems, and vertically structured seeder–feeder configurations. The observations indicate that multimodality is a common feature of Arctic clouds, particularly during periods of active ice growth, aggregation, and cloud-layer interaction. As dynamic forcing weakens, cloud systems frequently evolve toward shallower and more homogeneous stratiform states with reduced spectral complexity. Overall, the dataset provides a solid basis for studying Arctic aerosol-cloud interactions and cloud microphysics for evaluating the cloud and precipitation parameterizations in models."
10.5194/essd-2026-557,True,Earth System Science Data Discussions,该论文与大气环境遥感技术密切相关，因为它涉及使用高空气球进行大气成分测量，包括远红外辐射、水汽、云和气溶胶，这些都与空气质量监测和大气成分分析直接相关。此外，论文还提到了ESA FORUM任务的准备活动，以及FIRMOS-B仪器在气球上的演示，这表明该研究致力于开发用于大气遥感的技术和仪器。,"['far-infrared radiation', 'water vapor', 'aerosols', 'FIRMOS-B', 'stratospheric aerosol']",Mélanie Ghysels;Luca Palchetti;Silvia Viciani;Claudio Belotti;Marco Barucci;Gwenaël Berthet;Elizabeth Asher;Emrys Hall;Alex Fritz;Armin Afchine;Christian Rolf;Thomas Kuhn;Chris Stopford;Alain Hauchecorne;Nadir Amarouche;Georges Durry;Jean-Christophe Samake;Lars E. Kalnajs;Terry Deshler;Samuele Del Bianco;Paolo Pettinari,The ATMOSFER campaign: synergistic observations for the preparation of the ESA FORUM mission,"ATMOSFER, a CNES-supported 2024 balloon campaign in Kiruna, Sweden, prepared ESA’s FORUM mission by measuring far-infrared radiation, water vapor, clouds and aerosols in the UTLS. FIRMOS-B (balloon borne demonstrator of FORUM) showed excellent performance, while hygrometers agreed closely. The campaign observed cirrus clouds, ice crystals and stratospheric aerosol layers linked to wildfire and tropical air masses, improving climate observations and FORUM validation. 
 The balloon-borne ATMOSFER campaign, supported by CNES, was held in Kiruna in June 2024. This campaign involved lightweight hygrometers (Pico-Light H2O, NOAA GML frost point hygrometer, EN-SCI Cryogenic frost point hygrometer), optical particle counters and ice crystal imager (POPS, LOAC v1.5, LPC and NIXE-B), ozone sondes and the airborne demonstrator of the future ESA FORUM mission developed by CNR-INO (FIRMOS-B instrument). The instruments have been flown aboard Zero Pressure Balloon (ZPB) and small weather balloons (RS) by CNES and the scientific teams. The synergistic observations aboard stratospheric balloons captured the signature of multiple influences which are useful for preparation activities of the ESA FORUM mission. The measurements revealed stratospheric intrusions of sub-tropical air, the presence of upper tropospheric ice cirrus clouds and aerosol layers of small particles potentially originating from volcanic eruption (between 15 and 17 km of altitude) and forest fires (near the polar cold point tropopause), which will influence the vertical profile retrievals from FIRMOS-B radiances and provide interesting features for radiative closure studies. This article aims to give an overview of the observation potential of the campaign for further studies in the frame of the ESA FORUM mission. The datasets are publicly available in the HEMERA datacenter (https://data.hemera-h2020.eu/atmospheric-balloon-experiments/#/)."
10.5194/gmd-19-8407-2026,False,Geoscientific Model Development,该论文主要关注地质建模技术，特别是基于深度学习的三维地质结构建模，与大气环境遥感技术（如空气质量监测、卫星观测、大气成分分析、气溶胶反演）无关。,[],Zhenxi Fang;Tongyun Zhang;Wuyi Cai;Yuzheng Shi;Syed Yasir Ali Shah;Or Aimon Brou Koffi Kablan;Baoyi Zhang,Three-dimensional geological modeling based on dual-task stratigraphy-aware attention networks (Geo-SAN v1.0),"We developed a new AI framework called Geo-SAN to create 3D geological models. Traditional modeling approaches struggle with complex geological structures and limited data. Our method analyzes relationships based on stratigraphy-aware attention networks between sampling points while incorporating knowledge about how stratigraphical sequence is ordered in nature. This helps the framework understand both the types of lithology and their interface and attitude positions. 
 The current three-dimensional (3D) geological implicit modelling methods are mainly based on interpolation methods, which struggle to capture the nonlinear characteristics of complex geological structures and are limited in their capacity to integrate multi-source modeling data. To overcome these limitations, we proposed a 3D geological modelling framework, Geo-SAN, which consists of a dual-task stratigraphy-aware attention network. The framework starts with graph neural networks (GNNs) with a multi-scale neighborhood aggregation mechanism which is aimed to identify critical sampled points adjacent to fault planes and aggregate the lithological features. Subsequently, a stratigraphy-aware attention mechanism is introduced to explicitly incorporate similarities in stratigraphic sequence into the framework. A unidirectional stratigraphic scalar field penalty to lithology classification is developed and incorporated into loss functions, thereby denoising lithology classification. Finally, a dual-task prediction head is designed to simultaneously complete lithology classification and scalar field interpolation. Ablation experiment further validates the contributions of the three core components, that is, graph neighborhood aggregation, stratigraphy-aware attention, and dual-task learning. A case study at the Lingnian-Ningping region of Guangxi Zhuang Autonomous Region (GZAR), China, demonstrates that the proposed Geo-SAN framework, with an accuracy of 92.1 % in lithology classification and a coefficient of determination (R2) of 0.971 in predicting the scalar field, outperforms the Hermite RBFs (HRBFs). In summary, the proposed framework is an important innovation of intelligent modelling of intricate geological formations, which is promising in the application of concealed mineral exploration."
10.5194/gmd-19-8447-2026,True,Geoscientific Model Development,该论文研究地面臭氧对植物生长的影响，并将其参数化方案整合到SSiB4/TRIFFID模型中，评估了臭氧污染对植被光合作用的影响。这涉及大气环境中的污染物监测和模型分析，属于大气环境遥感技术的范畴。,"['ozone', 'vegetation damage', 'SSiB4/TRIFFID']",Lingfeng Li;Bo Qiu;Siwen Zhao;Xin Miao;Chaorong Chen;Jiuyi Chen;Yueyang Ni;Xin Huang;Haishan Chen;Weidong Guo,Integrating ozone–vegetation damage schemes into SSiB4/TRIFFID: evaluation of six parameterizations and refinement of  ozone decay process across plant functional types,"Ground-level ozone can reduce plant growth, but models represent this damage in different ways. We tested six approaches in the same vegetation model for China during the 2010s. They estimated that ozone reduced plant carbon uptake by 17 % to 27 %, averaging about 21 %. Approaches based on broader observations and leaf traits matched measurements more closely, while using leaf lifespan improved how the model represented the accumulation and decline of ozone damage. 
 Tropospheric ozone (O3) is a major air pollutant that threatens vegetation productivity and terrestrial ecosystems. Quantifying O3-induced impacts on photosynthesis and stomatal conductance is crucial for understanding biosphere–atmosphere interactions at regional and global scales. In recent decades, several parameterization schemes have been developed to describe the photosynthetic and stomatal responses to O3 exposure. However, substantial discrepancies remain when applying different schemes in various model frameworks. In this study, we integrated six flux-based O3–vegetation damage parameterizations into SSiB4/TRIFFID, a well-established dynamic global vegetation model, to assess the impacts of O3 pollution on vegetation photosynthesis in China during the 2010s. Our results indicate that O3 pollution led to approximately a 21 % reduction in GPP during the 2010s, with discrepancies ranging from 17 %–27 % across different schemes. Comparison of the O3 damage schemes revealed substantial differences in plant O3 sensitivity across schemes and plant functional types (PFTs). When evaluated against observations, the newly developed Li2024 parameterization – which features non-linear response formulations – and the trait-informed approaches based on leaf mass per area (LMA) both reproduce observed O3 sensitivity more closely, as reflected in their consistently smaller biases. This improved performance can be attributed to the inclusion of a broader range of observational and experimental data, as well as key physiological parameters (e.g., LMA) to better capture O3 sensitivity. Furthermore, we found that the implementation of Li2024 scheme in SSiB4/TRIFFID exhibited strong inhibition of photosynthesis in the late growing season due to cumulative O3 exposure. By refining the “decay” process of O3 accumulation using leaf lifespan parameters and applying the “decay” and “healing” processes across all PFTs, we improved the spatial and temporal distribution of gross primary productivity (GPP) simulations. This study highlights the importance of observations and physiological insights in developing O3–vegetation damage parameterizations. Future efforts should focus on expanding observational and experimental data on O3 responses in China's natural ecosystems to enhance O3 damage assessment and model development."
10.5194/gmd-19-8427-2026,True,Geoscientific Model Development,该论文研究了高分辨率耦合大气-陆地模型，用于模拟极端水文过程（如洪水），并评估了飓风Helene带来的影响。虽然不直接涉及空气质量监测或卫星观测，但其模型耦合技术和对大气环境过程（如土壤饱和、径流生成、河流洪水）的模拟与大气环境遥感技术密切相关，因此被认为是相关的。,"['atmospheric model', 'land-atmosphere coupling', 'hydrological extremes', 'extreme rainfall']",Joseph Mouallem;Sergey Malyshev;Zhihong Tan;Elena Shevliakova;Kun Gao;Lucas Harris;Rusty Benson;William Cooke;Niki Zadeh;Lauren Chilutti,"Development of a high-resolution coupled SHiELD-MOM6-LM4 model – Part 2: Model overview, coupling technique, and evaluation of hydrological extremes during Hurricane Helene","We integrate GFDL's (Geophysical Fluid Dynamics Laboratory) land model in the high resolution global atmospheric model SHiELD (System for High-resolution modeling for Earth-to-Local Domains), unlocking new capabilities in simulating new suite of land-atmosphere conditions and extreme hydrological processes such as flooding. A single global simulation captures Hurricane Helene's 2024 landfall, including soil saturation, runoff generation, and river flooding in Western North Carolina, while simultaneously capturing an independent extreme rainfall and flooding event in Nepal. 
 This work describes the implementation strategy and technical challenges involved in integrating the Geophysical Fluid Dynamics Laboratory (GFDL)’s Land Model (LM4) with dynamic subgrid tiling capabilities within the atmospheric model, System for High-resolution modeling for Earth-to-Local Domains (SHiELD), capable of kilometer-scale global simulations. A key challenge addressed in this effort is coupling LM4, which was designed for implicit surface flux coupling, with SHiELD’s explicit physics solver. We achieve this through a refactoring of the atmospheric physics suite and code drivers, enabling implicit land-atmosphere coupling of heat and moisture within the well-established FMS coupler infrastructure. The resulting flexible architecture supports multiple model configurations from a single executable without recompilation. This extends SHiELD from an uncoupled atmospheric model, in which land processes are treated as a part of the atmospheric physics package, to a fully coupled high-resolution atmosphere-ocean-land-ice model. We demonstrate the new system through a high-resolution global simulation of Hurricane Helene's landfall where the land component realistically captures the rapid soil saturation, localized runoff generation and multi-day river flooding in Western North Carolina. These results demonstrate the technical coupling strategy, unlock new forecast capabilities, and highlight the importance of interactive land-atmosphere coupling for simulating extreme weather and hydrological events."
10.1029/2026GL123024,True,Geophysical Research Letters,该论文研究南极冰架下海洋涡旋和锋面对基底融化的影响，涉及大气环境中的海洋成分分析和热传输过程，与大气环境遥感技术中的空气质量监测和卫星观测有强关联。,"['Antarctic ice shelves', 'ocean eddies', 'basal melting', 'upwelling', 'salinity front']",Wangpeng Gui;Ankit Bhadouriya;Catherine A. Vreugdenhil;Bishakhdatta Gayen,The Impact of Fronts and Eddies Under Various Melt Conditions on Antarctic Ice Shelves,"Ocean eddies are observed beneath Antarctic ice shelves, yet their role in regulating basal melting remains unclear. We use nonhydrostatic Large‐Eddy Simulations that resolve eddies and boundary‐layer turbulence to examine a baroclinically unstable salinity front that breaks into eddies. Anticyclones reorganize the density field by transporting freshwater across the front and forming subsurface isopycnal troughs, which drive upwelling within eddy cores. This vertical circulation transports warmer subsurface water toward the ice base, enhancing peak melting rates by up to double depending on the vertical thermal structure of the eddy. In contrast, cyclones produce downwelling that suppresses melting. Ekman dynamics and buoyancy‐driven density adjustment regulate the vertical circulation. The turbulence‐resolving nonhydrostatic simulations additionally capture diffusive convection that develops in warmer cavity environments, providing an additional pathway for vertical heat transport close to the ice. Simulated ocean properties and melt rates agree with recent Antarctic observations of eddy‐driven upwelling beneath ice shelves."
10.1029/2026GL122365,True,Geophysical Research Letters,该论文使用多污染物卫星观测数据反演部门化石燃料二氧化碳排放，涉及卫星观测和大气成分分析，与大气环境遥感技术密切相关。,"['Multi-Pollutant Satellite Observations', 'Nitrogen oxides (NOx)', 'Greenhouse Gases Observing Satellite (GOSAT)']",Zhen Qu,An Activity‐Based Inversion Framework for Estimating Sectoral Anthropogenic CO2 Emissions Using Multi‐Pollutant Satellite Observations,"This study develops an activity‐based inversion framework to quantify sectoral carbon dioxide (CO2) emissions using observations of co‐emitted air pollutants. It leverages distinct sectoral co‐emission profiles of nitrogen oxides (NOx), sulfur dioxide (SO2), and carbon monoxide (CO) to attribute sources and optimize sectoral activity‐rate scaling factors, which are applied to bottom‐up CO2 emissions to estimate posterior emissions. Results show that nitrogen dioxide (NO2) informs energy and transportation adjustments, while SO2 and CO constrain industrial and residential adjustments. Pseudo‐observation tests with known solutions show that the posterior reduces normalized mean square error (NMSE) by 26%–68% and normalized mean bias (NMB) by 10%–63% relative to the prior when evaluated against true CO2 emissions. Posterior simulations show improved agreement with Greenhouse Gases Observing Satellite (GOSAT) CO2 dry column mixing ratios, but gains are limited where CO model‐observation mismatches drive large residential emission adjustments, highlighting the need to reduce and better characterize CO‐related errors."
10.1029/2026JD046374,True,Journal of Geophysical Research: Atmospheres,该论文研究了自由下落雪聚合物的运动，涉及流体动力学和空气动力学，与大气环境遥感技术中的空气动力学和粒子运动分析相关。尽管主要关注雪聚合物的运动而非直接的大气污染物监测，但其研究方法（如数值模拟和流体力学分析）与大气环境遥感技术中的空气动力学研究有交集。,"['snow aggregates', 'flow fields', 'Navier–Stokes equations']",Pao K. Wang;Kai‐Yuan Cheng;Chung‐Rui Lee;Yen‐Liang Chou,A Numerical Study on the Motion of Snow Aggregates Freely Falling in Air,"This paper reports the results of the first quantitative study on the flow fields of freely falling snow aggregates. The motions are investigated by performing numerical simulations of four snow aggregate models consisting of 2, 3, 4, and 5 conformally shaped dendrites of different sizes. The dendrites are attached primarily in a horizontal configuration, with some at small angles, to resemble commonly observed snowflakes. These models are assumed to represent an early stage of aggregate formation, with the largest dimension of the aggregates approximately 2.15–2.3 mm, corresponding to Reynolds numbers in the range Re = 44–54. The flow fields around the falling aggregates are determined by numerically solving the unsteady Navier–Stokes equations using a solver capable of six‐degrees‐of‐freedom (6‐DOF) motion. Distributions of pressure, velocity, and vorticity around the falling aggregates are shown, and empirical formulas for the drag coefficient, terminal velocity, and ventilation coefficient are provided. No simple relationship between the kinematic properties and aggregate dimension exists because of the highly asymmetric shapes and the many possible arrangements of the component dendrites. All aggregates appear to move in a preferred horizontal direction, possibly determined by the specific geometry of each particle. Such fall attitudes have important implications for the collision growth of snowflakes."
10.1029/2026JD046925,True,Journal of Geophysical Research: Atmospheres,该论文研究了中国西南地区白天和昼夜复合热浪的边界层过程，涉及大气成分和热浪的监测与分析，与大气环境遥感技术密切相关。,"['boundary layer', 'heatwaves', 'atmospheric composition']",Liyang Zhao;Yang Chen,Boundary Layer Processes Distinguish Daytime‐Only and Day‐Night Compound Heatwaves in Southwest China,"Compared to daytime‐ and nighttime‐only heatwaves, day‐night sustained compound heatwaves prove to be more impactful to human health, energy and agriculture sectors. Southwest China saw the most frequent occurrence of compound heatwaves across the country, and therefore needs heat type‐tailored forecasting and warning most. Achieving this goal, however, is hindered by unclear mechanistic understanding, especially the critical process that decides the daytime heat persisting into the night or not. Despite seemingly common large‐scale descending motion, reduced cloud cover and enhanced solar radiation during daytime‐ and compound heatwaves, their synoptic origins differ fundamentally. Daytime heatwaves in the region are primarily driven by isolated continental highs, whereas compound heatwaves are dynamically triggered by the well‐organized Western Pacific Subtropical High. Reduced cloud cover typically promotes strong radiative cooling at night and should interrupt the persistence of daytime heat into night, as seen in daytime heatwaves. The warm nighttime anomalies of compound heatwaves apparently violate this radiative cooling paradigm. We find that a near‐neutral boundary layer profile during compound heatwaves is conducive to turbulent mixing and entrainment between near‐surface air and adiabatically‐heated low‐level atmosphere. Preconditioned dry soil and the resulting soil moisture‐dominated land–atmosphere coupling help shape this unique boundary layer structure."
10.1029/2026EF009044,False,Earth's Future,该论文主要关注海洋碱度增强对钙质有孔虫生物矿化过程的影响，虽然涉及海洋环境化学和生物地球化学，但与大气环境遥感技术（如空气质量监测、卫星观测、大气成分分析、气溶胶反演）没有直接关系。,"['Ocean Alkalinity Enhancement', 'benthic foraminifera', 'biomineralization', 'carbonate chemistry']",George Henry;Daniela Basso,"Calcareous Benthic Foraminifera Under Ocean Alkalinity Enhancement: Synthesis, Knowledge Gaps, and Future Research Agenda","Limiting global warming to 1.5°C will require carbon dioxide removal, and Ocean Alkalinity Enhancement (OAE) is increasingly being explored as a marine carbon dioxide removal pathway. However, benthic biological responses remain much less constrained than water‐column processes and planktonic responses, even though calcareous benthic foraminifera play important roles in sediment–water interface biogeochemistry and coastal carbonate budgets. This review synthesizes current understanding of benthic foraminiferal biomineralization, experimental evidence relevant to elevated alkalinity, and analytical approaches for detecting OAE‐driven changes in test structure and chemistry. Available evidence indicates that calcification in benthic foraminifera is a tightly regulated, energy‐dependent process controlled by the interaction between inorganic‐carbon supply, biological pH regulation, and external carbonate chemistry. While inverse analogs such as ocean acidification studies provide mechanistic clues regarding species‐specific sensitivities, direct experimental evidence of benthic foraminiferal responses to true OAE conditions remains a critical knowledge gap. We propose an analytical framework that integrates morphometric measurements, X‐ray diffraction, Raman spectroscopy, SEM/micro‐CT imaging, and calibrated geochemical proxies such as δ11B, U/Ca, and selected element ratios to distinguish primary biomineralization responses from redox, nutrient, and diagenetic overprints. We propose a four‐tier framework for geochemical proxies that links primary carbonate‐system indicators with feedstock‐related tracers and quality‐control metrics for interpreting OAE‐driven perturbations. The framework proposed here enables cross‐calibrated workflows for laboratory, mesocosm, and field settings, supporting evaluation of benthic responses, refining environmental assessment, and identifying where foraminiferal observations may inform OAE efficacy and benthic feedbacks on alkalinity retention."
10.1029/2026EF008221,False,Earth's Future,该论文研究的是干旱内陆盆地的绿洲化对生态系统弹性的影响，虽然涉及环境监测和生态系统分析，但并未直接涉及大气环境遥感技术，如空气质量监测、卫星观测、大气成分分析或气溶胶反演等。,"['oasisification', 'resilience', 'PSR accounting']",Jian Liu;Yu Zhang;Cun Chang;Wei Yan;Yonglong Han;Shuai Wu;Jianwei Mao;Lin Han;Yonghui Wang;Xiaofei Ma,Oasisification Yields Response‐Compensated Resilience in an Arid Endorheic Basin,"Rapid oasisification is widely pursued to strengthen regional livelihoods and ecological security in arid endorheic basins, yet it proceeds under mounting water scarcity and ecological trade‐offs. Whether such greening actually enhances ecosystem resilience—and through which components—remains unclear. Here we couple Pressure–State–Response (PSR) accounting with explainable machine learning (XGBoost–TreeSHAP) to characterize how pressure, ecosystem state, response capacity, and composite resilience (ER) co‐vary across contrasting landscapes in the Tarim River Basin (2000–2020). Oasis cover expanded from 12.06% to 14.32% and basin‐wide ER rose modestly from 0.50 to 0.54. However, this gain coincided with improvement in the Response component across 86.9% of the basin, whereas Pressure increased across 75.6%—most acutely along the mainstem corridor (98.8%)—and only 65.8% of the basin showed net ecological improvement. Composite resilience thus appears response‐compensated rather than pressure‐relieved. TreeSHAP attribution revealed contrasting predictor structures: net primary productivity (NPP) was the leading contributor in oasis models (26%–43%), while evaporative‐demand and moisture‐related variables contributed more in non‐oasis models. PSR quadrant analysis further localized higher‐pressure, lower‐state conditions along the mainstem. These results indicate that rising composite resilience can mask persistent pressure in water‐limited inland river systems, and that coordinated monitoring of pressure, state, and response capacity is needed to support integrated water–land management under intensifying climatic and human forcing."
10.1029/2026EF008572,False,Earth's Future,该论文主要研究的是塑料对海鸟（沙鸻）的影响，涉及生态学和环境污染问题，但与大气环境遥感技术（如空气质量监测、卫星观测、大气成分分析、气溶胶反演等）没有直接关系。,"['塑料', '鸟类', '生态']",Jennifer L. Lavers;Alix M. de Jersey;Jack Rivers‐Auty;Alexander L. Bond,Abrupt Recent Increases in Plastic Ingestion by Sable Shearwaters (Ardenna carneipes),"The world is a complex system with rapid changes making it difficult to anticipate further change and mitigate the impacts. Long‐term ecological studies have contributed disproportionately to our understanding of complex ecosystem responses, including shifts in baseline conditions. While numerous studies have identified serious health consequences resulting from plastics exposure, plastics research often suffers from contradictory messaging. To help address this issue, we use a long‐term plastic ingestion data set for Australian shearwaters (2010–2026) to describe patterns in total plastics exposure over time (number and mass of plastic consumed) as well as two commonly ingested items (plastic bottle caps, plastic resin pellets or “nurdles”). Plastic prevalence within the population (typically 75%–85%) has remained consistent over 16 years; however, there has been a substantial and rapid increase in the mass and number of ingested plastics, including lids and pellets, since 2022. We demonstrate that, had this project been shorter in duration (e.g., the focus of a graduate research project), the conclusions could have been very different, and potentially incomplete. Overall, as the study window increases, a more complete picture becomes apparent: a combination of “good” and “bad” years for the birds, variable patterns in “problematic” items such as lids, and an accelerating trend in the quantity of plastics ingested by fledglings, particularly in the last 5 years. As plastic‐related pressures increase, understanding rapidly changing systems requires thoughtful consideration of the most relevant analyses and metrics which may differ from those used historically."
10.1029/2026EF008163,False,Earth's Future,该论文主要关注城市地区市政用水需求模型的开发和分析，涉及水资源管理、生态水文学和城市可持续发展等领域，与大气环境遥感技术（如空气质量监测、卫星观测、大气成分分析、气溶胶反演）没有直接关系。,[],Donya Dezfooli;Mazdak Arabi;Cibi Vishnu Chinnasamy;Sybil Sharvelle,Characterization of Municipal Water Uses in Urban Areas Across the Contiguous United States,"An improved understanding of municipal water demand is essential for transitioning toward sustainable urban water management. This study develops a municipal water demand model by utilizing the Integrated Urban Water Model (IUWM), aimed at estimating and analyzing urban water use patterns across urban areas rather than conventional county‐level units within the contiguous United States (CONUS) for the period 2005–2017. The objectives of this study are to regionalize model parameters for urban regions, quantify these parameters and associated predictive uncertainties, and explore the intensity of municipal water use in various ecohydrological regions across the CONUS. Findings suggest that by analyzing total water use and the Commercial, Industrial, and Institutional to Residential (CII/Res) water use ratio, along with socio‐ecohydrological factors, cities can be grouped into four distinct clusters: arid cities with high total and outdoor use; western and arid‐region cities; eastern cities in continental and temperate climates; and major urban centers with high CII/Res ratios. The results indicate that water use intensity and predictive uncertainty differ across regions and urban clusters, influenced by both climatic and demographic factors. While arid and southern cities experience the highest levels of uncertainty, densely populated areas tend to have more predictable water use patterns. Conversely, smaller cities are marked by greater variation and less predictable municipal water use estimates. The use of regionalized model parameters improves the assessment of municipal water use at finer spatial scales, enabling more effective decision‐making by water managers and contributing to more resilient and sustainable water management."
10.1029/2026EF008431,True,Earth's Future,该论文研究台风带来的风-雨复合灾害，涉及气候变化下的大气环境变化，与大气环境遥感技术中的空气质量监测、卫星观测、大气成分分析、气溶胶反演等方向相关，因此相关性较强。,"['Tropical cyclones', 'wind-rainfall hazards', 'atmospheric extremes', 'climate change', 'compound events']",Lishu Xu;Liang Gao;Haoxuan Du,Projecting Compound Wind‐Rainfall Hazards From Tropical Cyclones in China Under Climate Change,"Tropical cyclones (TCs) pose significant compound wind‐rainfall hazards to coastal China, which are projected to intensify under a changing climate. This study employs simulations from a statistical‐dynamical TC model with bias‐corrected ensembles from CMIP6 projections to quantify the evolution of compound hazards from 1980 to 2100. Wind and rainfall fields are simulated using physically based models, while compound extremes are analyzed via peaks‐over‐threshold marginal distributions and copula‐based joint return periods. A northward shift in TC track density is detected, with an increase up to 155.8% in the Yellow Sea area by end‐century. The 100‐year return period wind speeds intensify with an average of 17.2%, and 24‐hr rainfall accumulations rise by 43%. TCs bring peak winds 1–4 hr before the heaviest rain at coastal areas; but the rain arrives first at inland areas and amplified by mountainous terrain. The joint return periods corresponding to historical 100‐year wind‐rain extremes will shorten significantly by a factor of 2–80, which is primarily attributed to higher TC frequency, amplified rainfall, and slower translation speeds. Compound events caused by TCs are becoming more intense, lasting longer over a broader season. Annual compound exposure increases by approximately 2.7‐fold by end‐century relative to the historical baseline, implying longer and more widespread concurrent hazards and motivating multi‐hazard early warning that accounts for the co‐occurrence of wind and rainfall."
10.1029/2025EF006830,False,Earth's Future,该论文主要研究的是小型水库在大型流域中减少洪水的能力，涉及水文模型和水库网络特性，但与大气环境遥感技术（如空气质量监测、卫星观测、大气成分分析、气溶胶反演等）无直接关系。,"['reservoirs', 'flood reduction', 'hydrologic model']",Krutikkumar Patel;M. Rezaul Haider;Adnan Rajib;Shih‐Chieh Kao;Huilin Gao;Travis A. Dahl;Debjani Singh,Small Reservoirs Offer a New Perspective on Flood Reduction in Large Basins,"The flood reduction potential of individual reservoirs within a large river network continuum remains poorly understood due to the complex interplay between reservoir characteristics and network properties. Here we investigate whether a collection of relatively small reservoirs can play a significant role in mediating downstream floods and assess how that role may be influenced by reservoir network properties compared to traditionally known reservoir characteristics. Our unique contribution was the simulation of downstream flood inundation maps alongside peak flows for each of the 81 major reservoirs (6 × 104 to 8 × 109 m3) across 15,000 river reach segments, integrated into a process‐based hydrologic model covering a 415,000 km2 region in the Texas Gulf Coast, United States. The three key takeaways from our study are as follows. (a) Smaller reservoirs can substantially reduce downstream flooding, suggesting that inclusion of large reservoirs—the traditional approach in flood risk management studies—may present only a partial picture. (b) Flood reduction by smaller reservoirs is more effective upstream, although this phenomenon may be linked with aridity and overall water availability. (c) While reservoir size matters, it is not the primary factor determining its downstream flood reduction potential; the influence of network properties, such as catchment area, the count of upstream reservoirs, the cumulative maximum storage capacity of upstream reservoirs, and Stream Order (i.e., location), is equally and often more important. The broader impact of our findings goes beyond just floods, providing foundational insights for addressing emerging challenges such as aging dams and river connectivity."
10.1029/2026EF008796,True,Earth's Future,该论文研究了中国大陆干旱的传播机制，重点关注降水频率和强度对干旱传播的影响，使用了地理加权回归（GWR）等空间分析方法。虽然论文不直接涉及遥感技术，但其对降水和干旱的研究与大气环境遥感技术（如大气成分分析、降水监测）密切相关，因此属于相关领域。,"['precipitation partitioning', 'drought propagation', 'geographically weighted regression']",Qi Zhang;Chiyuan Miao;Xuewei Fan;Jiaojiao Gou;Yuanfang Chai;Jiajia Su;Xufeng Mao;Juntai Han;Meiliang Zhao,Drought Propagation in Mainland China Is More Strongly Associated With Precipitation Partitioning Than With Bulk Precipitation: Historical Patterns and Future Projections,"Understanding how meteorological drought propagates to hydrological drought under natural conditions is essential for improving drought early warning, yet the roles of precipitation frequency and intensity in regulating this process remain poorly understood. Here, we quantified drought propagation time (DPT) and drought response rate (DRR) across mainland China under natural conditions, and further assessed the spatial effects of precipitation intensity and frequency using geographically weighted regression (GWR) and future climate projections. The results show that: (a) DRR declines significantly with aridity, with 22.9% of the study area showing DRR values of ≤0.2, indicating weaker meteorological–hydrological coupling in drylands. (b) GWR results indicate that meteorological controls on DPT are dominated by precipitation, while the effects of precipitation intensity and frequency exhibit strong spatial heterogeneity: total precipitation metrics fluctuate around zero across aridity classes, whereas light‐precipitation intensity and heavy‐precipitation frequency are more strongly associated with DPT in drylands, indicating that drought propagation depends more on precipitation partitioning than on bulk precipitation alone. (c) Under future climate scenarios (2030–2100; SSP2‐4.5 and SSP5‐8.5), future changes in drought propagation are driven less by shifts in mean precipitation intensity than by increasing uncertainty in precipitation‐frequency effects, especially in arid and hyper‐arid regions. These findings highlight the critical role of precipitation partitioning in regulating drought propagation and establish a natural‐condition baseline for drought early warning and climate adaptation in water‐limited regions."
10.1029/2026GH001852,False,GeoHealth,该论文主要关注气候与健康模型中空间尺度的重要性，特别是温度对急诊科就诊的影响，并未涉及大气环境遥感技术，如空气质量监测、卫星观测或大气成分分析等。,"['weather station', 'ERA5 reanalysis', 'climate-health models']",Truc‐Ly Le‐Huynh;Wendy M. Novicoff;Pamela B. DeGuzman;Robert E. Davis,"Assessing the Importance of Spatial Scale in Climate‐Health Models: The Effect of Temperature on Emergency Department Visits in Richmond, Virginia","Climate‐health studies often rely on data from a single high‐quality weather station to represent the exposure of individuals living in the surrounding region. However, with the availability of various gridded climatic data sets, a critical question is whether spatially explicit data can better capture individual environmental exposures and reveal stronger climate‐health associations. We investigated the impact of spatial‐scale climatic variability and representativeness for emergency department (ED) visits in Richmond, Virginia, United States. This study compared the climate‐health relationship using data from a weather station and the ERA5 reanalysis from 2016 to 2022. We evaluated the correlation of the two time‐series and used generalized additive models to compare the temperature‐ED visit associations across four nested spatial scales. The results were highly consistent across all spatial scales. The station and ERA5 data exhibited similar distributions. The temperature‐ED visit relationships showed strong agreement between the two data sources, reflected in both location‐specific and pooled estimates. Although ERA5 produced slightly lower cold‐related and higher heat‐related estimates at extreme temperatures, no marked differences were found between the two data sources. Our findings suggest that, in this region with a relatively homogeneous climate, the variations of regional climate might be small enough to fall within the model's expected uncertainty. Although this result may not apply in regions with considerable local climate variation, data from a single high‐quality station in many regions are appropriate to model climate‐health relationships over the greater surrounding areas. We recommend similar comparative work across diverse climatic settings to evaluate the generalizability of this conclusion."
10.1038/s41586-026-11079-1,False,Nature,该论文标题和摘要均关于PIEZO2的分子力学选择性研究，与大气环境遥感技术（如空气质量监测、卫星观测、大气成分分析、气溶胶反演等）无关。,[],Eric M. Mulhall;Oleg Yarishkin;Rose Z. Hill;Anna K. Koster;Ardem Patapoutian,Author Correction: The molecular basis of force selectivity by PIEZO2,"Author Correction: The molecular basis of force selectivity by PIEZO2 
 "
10.1038/d41586-026-02834-5,False,Nature,该论文研究的是神经系统中抑制癌症生长的神经元，与大气环境遥感技术（如空气质量监测、卫星观测、大气成分分析、气溶胶反演）无关。,[],,The neurons that can put a brake on a nervous-system cancer,"Drugs that imitate the effect of GABAergic neurons slow the growth of tumours called gliomas in mice. 
 "
10.1038/d41586-026-02809-6,False,Nature,该论文主要讨论的是水下火山喷发引发的破坏性海啸，与大气环境遥感技术（如空气质量监测、卫星观测、大气成分分析、气溶胶反演）无关。,[],,Distant sensors announced a fearsome tsunami’s birth,"Seismic data pinpoint the collapse of an underwater volcano, and reveal how the eruption triggered a destructive tsunami. 
 Seismic data pinpoint the collapse of an underwater volcano, and reveal how the eruption triggered a destructive tsunami."
10.1038/d41586-026-02026-1,False,Nature,该论文标题和摘要主要讨论学术界的薪酬和研究自由问题，与大气环境遥感技术（如空气质量监测、卫星观测、大气成分分析、气溶胶反演）无关。,[],Ben Deighton,AI researchers reckon with the $1.5 million ‘academia tax’,"Academics explain that their research freedom beats the increased salary they would get in the corporate sector, but emerging hybrid models might allow them to get the best of both worlds. 
 Academics explain that their research freedom beats the increased salary they would get in the corporate sector, but emerging hybrid models might allow them to get the best of both worlds."
10.1038/d41586-026-02821-w,False,Nature,这篇论文与大气环境遥感技术无关，主要讨论的是古代亚洲城市的工程和组织能力，没有涉及空气质量监测、卫星观测、大气成分分析或气溶胶反演等关键词。,[],,Ruins of ancient Asian city show engineering prowess and organization,"The 5,000-year-old city of Liangzhu has mounds, dams and city walls built in a challenging waterlogged site. 
 The 5,000-year-old city of Liangzhu has mounds, dams and city walls built in a challenging waterlogged site."
10.1038/d41586-026-02867-w,False,Nature,该论文标题和摘要内容与大气环境遥感技术无关，主要涉及数学突破和生物工程领域的进展。,[],Flora Graham,Daily briefing: OpenAI claims a huge maths breakthrough,"The AI giant claims to have solved one of maths’ trickiest problems, but questions swirl over should get the credit. Plus, an atlas of every single DNA letter mutation in humans and why more bioengineered microorganisms aren’t making it out of the lab. 
 The AI giant claims to have solved one of maths’ trickiest problems, but questions swirl over should get the credit. Plus, an atlas of every single DNA letter mutation in humans and why more bioengineered microorganisms aren’t making it out of the lab."
10.1038/s41561-026-02082-2,False,Nature Geoscience,该论文主要研究土壤湿度亏缺对全球生态系统的影响，虽然涉及土壤湿度和干旱等环境问题，但并未直接涉及大气环境遥感技术，如空气质量监测、卫星观测、大气成分分析或气溶胶反演等。,"['soil moisture', 'drought', 'carbon uptake']",,Multilayer soil moisture deficit amplifies drought impacts on global ecosystems,"Our global analysis of multi-source, multilayer soil moisture datasets shows that droughts become particularly damaging when moisture deficits occur simultaneously throughout the soil profile, eliminating vertical hydrological buffering. These vertically compound droughts have intensified across much of the globe and pose a growing threat to carbon uptake in forests and croplands. 
 Our global analysis of multi-source, multilayer soil moisture datasets shows that droughts become particularly damaging when moisture deficits occur simultaneously throughout the soil profile, eliminating vertical hydrological buffering. These vertically compound droughts have intensified across much of the globe and pose a growing threat to carbon uptake in forests and croplands."
10.1038/s41561-026-02094-y,False,Nature Geoscience,该论文主要研究火星上的哈德利环流及其对物质混合的影响，虽然涉及大气环境，但并未明确提及与遥感技术（如空气质量监测、卫星观测等）的直接相关性。,"['Martian Hadley circulation', 'atmospheric circulation', 'temperature relaxation']",,Martian Hadley circulation divides the atmosphere and connects the poles,"The single-cell Hadley circulation on Mars limits the mixing of materials across the cell’s interior and exterior, and it also leads to a pole-to-pole connection. This regime is created by the dominance of the mean flow over turbulences, which are dampened by the rapid temperature relaxation in the Martian atmosphere. 
 The single-cell Hadley circulation on Mars limits the mixing of materials across the cell’s interior and exterior, and it also leads to a pole-to-pole connection. This regime is created by the dominance of the mean flow over turbulences, which are dampened by the rapid temperature relaxation in the Martian atmosphere."
10.1038/s41561-026-02069-z,True,Nature Geoscience,该论文研究了大西洋-欧洲急流的变化趋势及其对西欧天气极端事件的影响，涉及气候模型模拟和气压数据，与大气环境遥感技术中的气象监测和气候变化分析密切相关。,"['Atlantic–European jet stream', 'weather extremes', 'climate model simulations']",Stefan Brönnimann;Yuri Brugnara;Patrick Kallabis,A strengthening yet less extreme Atlantic–European jet during winter,"Since 1725, weather extremes in Western Europe have been closely linked to the Atlantic–European jet stream, which is projected to strengthen by 2100 while becoming less extreme, according to daily sea-level pressure records and climate model simulations. 
 The Atlantic–European jet stream is a key driver of weather extremes in Europe, yet its recent variability and trends remain poorly understood. Here we investigate daily changes in jet strength, tilt and latitudinal extent from 1725 to 2100 using pressure data from four European stations alongside climate model simulations. These indices explain about 40% of day-to-day temperature variability in Western Europe year-round. Weather extremes—including heat waves, cold spells, heavy precipitation and windstorms—are closely linked to the jet stream, and the indices also capture signals of sudden stratospheric warmings and major solar storms. Since the pre-industrial period, the jet has strengthened by 0.13 standard deviations and shifted poleward during the cold season. Future projections indicate continued strengthening in winter, while extremes in the indices become less frequent, suggesting a potential reduction in some types of weather extremes. Since 1725, weather extremes in Western Europe have been closely linked to the Atlantic–European jet stream, which is projected to strengthen by 2100 while becoming less extreme, according to daily sea-level pressure records and climate model simulations."
10.1038/s41561-026-02093-z,False,Nature Geoscience,该论文研究的是地震学中的俯冲带界面粗糙度与最大地震震级之间的关系，不涉及大气环境遥感技术，如空气质量监测、卫星观测、大气成分分析或气溶胶反演等。,"['subduction zones', 'earthquake magnitude', 'interface roughness']",Xiaodong Yang;Rebecca E. Bell;Alexander C. Whittaker;Haobo Xu;Xinze Han;Angela R. Knowlson;Valerie A. Locher,Maximum earthquake magnitude unlikely to be controlled by subduction interface roughness,"An analysis of data from 15 subduction zones finds no relationship between metrics of the topography of the plate interface and the largest earthquake it can generate, implying that this topography is not a key control on subduction zone seismicity. 
 Understanding the controls on seismogenic behaviour at the plate interface in subduction zones is essential to assessing the hazard they pose. The interface topography, or roughness, is widely thought to be an important factor, yet how roughness influences earthquake magnitude is still debated. This debate persists because, generally, studies are limited to individual subduction margins, proxies for roughness are used rather than direct measurements and historical earthquake records are short. Here we show by analysing data from 15 subduction zones globally that there is no relationship between any interface roughness parameter we derive from observations and a proxy for maximum earthquake magnitude. Specifically, for each margin, we use seismic reflection profiles of the plate boundary fault to quantify its roughness at 1–10 km scales, and in the same locations we test whether geodetically constrained interface coupling is an indicator of earthquake potential in lieu of a longer historical record. This analysis shows a strong positive relationship between earthquake magnitude and interface coupling, and that roughness parameters are unrelated to maximum magnitude or coupling. Our findings challenge the prevailing hypothesis that subduction interface roughness is a predominant control on its seismogenic behaviour and imply that interface roughness measured over length scales up to 10 km should not be used to assess a margin’s seismic hazard. An analysis of data from 15 subduction zones finds no relationship between metrics of the topography of the plate interface and the largest earthquake it can generate, implying that this topography is not a key control on subduction zone seismicity."
10.1038/s41467-026-77485-1,False,Nature Communications,该论文研究的是LIM domains基因突变与肾脏损伤的关系，涉及的是生物医学领域，与大气环境遥感技术（如空气质量监测、卫星观测、大气成分分析、气溶胶反演等）无关。,[],Joshua Hermens;Lisa Lucke;Oliver Pieles;Olga Maier;Helga Othmen;Tillmann Burghardt;Alexander Schmidt;Markus Moser;M. Gregor Madej;Uwe Schwartz;Melanie Zaparty;Ralph Witzgall,Proteasome inhibition alleviates proteinuria in <i>Lmx1b</i> knock-in mice with dysfunctional LIM domains,"Mutations in the LIM domains of LMX1B cause ubiquitin-mediated proteasomal degradation and result in podocyte injury. Inhibition of the proteasome ameliorated renal symptoms in Lmx1b knock-in mice, thus providing proof of principle for a novel therapeutic strategy. 
 Mutations in the transcription factor LMX1B have been identified as the cause of the autosomal-dominant disease nail-patella syndrome. It manifests in small or absent patellae and dysplastic or missing toe- and fingernails, but the prognosis of the patients is determined by the development of renal symptoms due to dysfunctional podocytes. The pathogenetic mechanisms leading to podocyte damage and their association with specific mutations in the LMX1B gene are not understood, which has impeded the development of specific therapeutic strategies. Here we identify the pathogenetic mechanism affecting many patients with nail-patella syndrome, provide proof of principle for a novel therapeutic approach and suggest a domain-specific effect in gene regulation by LMX1B. Interestingly, missense mutations in the LIM domains of Lmx1b result in a recessive phenotype in two different knock-in mouse lines due to proteasomal degradation of the mutated proteins. The decreased half-life of the mutated LMX1B proteins can be attributed to ubiquitinylation and is prolonged by two proteasomal inhibitors, one of which was also tested in our mouse models and results in an alleviation of the renal symptoms. RNA sequencing of genetically altered podocytes indicates that LMX1B predominantly acts as a transcriptional repressor and furthermore suggests that the two LIM domains contribute to the distinct regulation of LMX1B target genes. We conclude that proteasomal inhibitors, drugs already approved for treatment of patients with multiple myeloma, warrant further studies to prevent renal failure in patients with nail-patella syndrome caused by mutations in the LIM domains. These studies should be designed to deliver the drug specifically to podocytes and to target specific ubiquitin ligases in order to limit side effects. Mutations in the LIM domains of LMX1B cause ubiquitin-mediated proteasomal degradation and result in podocyte injury. Inhibition of the proteasome ameliorated renal symptoms in Lmx1b knock-in mice, thus providing proof of principle for a novel therapeutic strategy."
10.1038/s41467-026-77618-6,False,Nature Communications,该论文研究的是CsV3Sb5材料中的Berry曲率多极性和电子向列相，与大气环境遥感技术（如空气质量监测、卫星观测、大气成分分析、气溶胶反演）没有直接关系。,"['Berry curvature', 'Kagome superconductor', 'nonlinear Hall response']",Shanshan Liu;Prasun Boyal;Enze Zhang;Qifeng Hu;Xu Han;Kian Ping Loh,Berry curvature multipoles in Kagome superconductor CsV<sub>3</sub>Sb<sub>5</sub>,"Higher-order nonlinear Hall responses can reveal Berry-curvature multipoles associated with electronic nematicity. Here, the authors identify a vortex-enhanced third-order Hall response in CsV3Sb5 and uncover a Berry-curvature quadrupole associated with chiral loop-current order 
 Electronic nematic transitions in correlated systems often involve substantial reorganization of Berry curvature. Nonlinear transport measurements serve as a powerful tool for distinguishing between different types of Berry curvature multipoles that characterize nematic phases and topological changes. Herein, we systematically measured nonlinear responses up to the sixth harmonic in the Kagome superconductor CsV3Sb5. Our results identify the odd-order nonlinear Hall effect as the dominant signature of nematicity. During the superconducting transition, vortex dynamics induce rapid spatial variations in the phase gradient ∇ϕ, which significantly amplify the Berry curvature quadrupole (BCQ) relative to Berry curvature dipole (BCD). The third-order nonlinear response peaks sharply near the superconducting transition, where enhanced vortex–antivortex fluctuations and nonlinear vortex dynamics amplify the BCQ-related nonlinear Hall response. First-principles calculations further support this interpretation by revealing pronounced Berry-curvature quadrupoles induced by chiral loop-current order near the Fermi level. This work establishes BCQ as a sensitive probe of electronic nematicity, particularly when enhanced by superconducting vortex dynamics. Higher-order nonlinear Hall responses can reveal Berry-curvature multipoles associated with electronic nematicity. Here, the authors identify a vortex-enhanced third-order Hall response in CsV3Sb5 and uncover a Berry-curvature quadrupole associated with chiral loop-current order"
10.1038/s41467-026-77395-2,False,Nature Communications,该论文研究的是一种用于治疗胶质母细胞瘤的多功能纳米平台，其作用机制涉及抑制线粒体转移和 astrocyte-cancer cell crosstalk，与大气环境遥感技术（如空气质量监测、卫星观测、大气成分分析、气溶胶反演）无关。,"['polymeric nanoplatform', 'mitochondrial transfer', 'glioblastoma therapy']",Yun Chen;Zonghua Tian;Hongrui Fan;Jingyi Zhou;Shilin Zhang;Xuwen Li;Boyu Su;Chen Jiang;Tao Sun,ROS-autocatalytic nanoplatform interfering astrocyte-cancer crosstalk and enhancing glioblastoma therapy,"Mitochondrial transfer from astrocytes to cancer cells fuels metabolic reprogramming and enhances glioblastoma (GBM) tumorigenicity. Here this group reports a polymeric nanoplatform co-loading S-Gboxin and Galunisertib targeting GBM mitochondria and mitochondrial transfer in astrocyte-cancer cell crosstalk, thereby enhancing GBM therapeutic efficacy. 
 Glioblastoma (GBM) remains incurable and exhibits exceptionally high metabolic demands, driving the evolution of hyperactive mitochondrial systems within tumors. In parallel, mitochondrial transfer from astrocytes to cancer cells fuels metabolic reprogramming and enhances GBM tumorigenicity. These malignant traits markedly constrain therapeutic efficacy and patient survival. Herein, we report a dehydroascorbic acid (DHA)-functionalized, ROS-responsive, ferrocene-integrated polymer nanoplatform (GS@DFP) co-loaded with S-Gboxin and Galunisertib, simultaneously targeting GBM mitochondria and mitochondrial transfer in astrocyte-cancer cell crosstalk. After crossing the blood-brain barrier (BBB) through Glut1-mediated transport enabled by DHA, GS@DFP responds to elevated intracellular reactive oxygen species (ROS) levels in GBM to trigger payload release and initiate Fenton reactions. S-Gboxin inhibits mitochondrial complex V and depletes ATP, whereas Galunisertib downregulates TGF-β/SMAD-driven thrombospondin-1 (TSP-1) expression, suppressing tumor microtube (MT) formation and thereby reducing astrocyte-to-GBM mitochondrial transfer. Notably, TGF-β inhibition also reprograms the immunosuppressive tumor microenvironment (TME). This work establishes a multifunctional nanoplatform that targets mitochondrial vulnerabilities and intercellular crosstalk, offering a translatable strategy for enhancing GBM therapy. Mitochondrial transfer from astrocytes to cancer cells fuels metabolic reprogramming and enhances glioblastoma (GBM) tumorigenicity. Here this group reports a polymeric nanoplatform co-loading S-Gboxin and Galunisertib targeting GBM mitochondria and mitochondrial transfer in astrocyte-cancer cell crosstalk, thereby enhancing GBM therapeutic efficacy."
10.1038/s41467-026-77661-3,False,Nature Communications,该论文主要研究基于波浪神经形态硬件的自主机器人控制技术，涉及的是一种新型的计算架构和机器人控制方法，并未直接涉及大气环境遥感技术，如空气质量监测、卫星观测、大气成分分析或气溶胶反演等。,"['neuromorphic hardware', 'wave-based computation', 'robotic control']",Jacob Zohar;Daniele Pinna;Gerrit van der Laan;Thorsten Hesjedal;C. K. Safeer,Autonomous robotic operation controlled by wave-based neuromorphic hardware,"The authors demonstrate autonomous robotic control using wave-based neuromorphic hardware. Physical wave interference performs reservoir computing for obstacle recognition and real-time robot navigation, with a route toward solid-state implementations based on spin waves. 
 Equipping robots with a physical, brain-inspired computing unit is a key step towards achieving true autonomy in intelligent machines; however, the practical realization of such neuromorphic hardware remains a major challenge. Because both software- and hardware-based spiking neural network approaches demand substantial training and energy consumption, an architecturally simple neuromorphic platform is required to enable scalable and energy-efficient robotics. Here, we experimentally demonstrate robotic control driven by a neuromorphic hardware based on physical wave interactions. Using a water-based experimental system that provides direct visual access to wave-network dynamics, we establish a wave-based reservoir computing framework that achieves near-perfect accuracy in robotic vehicle obstacle recognition, followed by real-time autonomous motion with obstacle avoidance controlled entirely by this wave-based hardware. Through micromagnetic simulations, we extend this concept to electrically excited spin waves in a magnetic nanodevice operating at gigahertz frequencies, outlining an approach toward solid-state robotic chips based on wave computing. These results position wave-based computation as a scalable and energy-efficient alternative to conventional digital neuromorphic architectures for next-generation intelligent machines. The authors demonstrate autonomous robotic control using wave-based neuromorphic hardware. Physical wave interference performs reservoir computing for obstacle recognition and real-time robot navigation, with a route toward solid-state implementations based on spin waves."
10.1038/s41467-026-77515-y,False,Nature Communications,该论文主要研究微尺度下水的蒸发和稳定性，涉及吸附、毛细作用等物理机制，但与大气环境遥感技术（如空气质量监测、卫星观测、大气成分分析、气溶胶反演等）的直接相关性较弱。论文的核心内容更偏向于基础物理和材料科学，而非大气环境遥感技术的应用。,"['adsorption', 'evaporation', 'X-ray imaging', 'picoliter water bridges']",Gun Oh;Dohyeon Jeon;Sung Hoon Kang;Byung Mook Weon,Spontaneous formation of picoliter water bridges,"Water evaporation at the microscale is primarily governed by vapor diffusion and capillarity, but the stability of picoliter water bridges remained poorly explained. Here, the authors demonstrate that adsorption at solid interfaces can significantly inhibit evaporation, thereby enabling the spontaneous formation and long-term stability of picoliter water bridges through an energy-minimization mechanism, as visualized by X-ray imaging. 
 Picoliter water, ubiquitous at the microscale and predominantly confined between solids, underpins critical physical, chemical, and biological processes. Although vapor diffusion governs water evaporation in air, and capillarity inhibits evaporation at the nanoscale, neither mechanism fully accounts for the stability of picoliter water at the microscale. Here, we demonstrate that adsorption at solid interfaces can substantially inhibit evaporation, stabilizing picoliter water bridges beyond predictions from capillarity alone. Employing high-resolution X-ray imaging, we directly visualize the evolving geometry of picoliter water during evaporation and develop a physical model that disentangles the roles of capillarity and adsorption. Our results reveal that adsorption-driven inhibition is essential for maintaining water at the microscale, establishing a new framework for understanding and controlling water retention in natural and engineered systems. Water evaporation at the microscale is primarily governed by vapor diffusion and capillarity, but the stability of picoliter water bridges remained poorly explained. Here, the authors demonstrate that adsorption at solid interfaces can significantly inhibit evaporation, thereby enabling the spontaneous formation and long-term stability of picoliter water bridges through an energy-minimization mechanism, as visualized by X-ray imaging."
10.1038/s41467-026-77718-3,False,Nature Communications,该论文主要关注蛋白质的位点特异性功能化技术，涉及的是生物化学和生物医学领域，而不是大气环境遥感技术，如空气质量监测、卫星观测或大气成分分析。,"['protein functionalization', 'cysteine masking', 'late-stage reversible thiol caging']",Manjeet Singh;Raj V. Nithun;Omer Harel;Muhammad Jbara,Site-specific protein functionalization by late-stage reversible cysteine masking,"Site-selective functionalization strategies are essential for generating complex proteins for basic research and biomedical applications, but achieving precise transformations across protein sequences remains challenging. Here, the authors report a modular strategy for site-selective protein functionalization that enables the selective targeting of desired cysteine residues through late-stage reversible thiol caging (ReCag). 
 Site-selective functionalization strategies are essential for generating complex proteins for basic research and biomedical applications. However, achieving precise transformations across protein sequences remains a significant challenge and often requires protein engineering with orthogonal handles or sequence interventions to achieve selectivity. Here, we report a modular strategy for site-selective protein functionalization that enables the selective targeting of desired Cys residues through late-stage reversible thiol caging. This strategy involves splitting the protein sequence into two segments and transiently masking native Cys residues to enable chemoselective ligation, thereby restoring the full-length protein with a single reactive Cys for late-stage functionalization. A subsequent decaging step regenerates the native Cys residues, yielding the desired site-specifically modified protein while preserving the native sequence. We demonstrate the versatility of this strategy through multiple transformations, including Cys arylation, alkylation, and elimination, and demonstrate the power of this approach by selective modification of 30 examples in high resolution. Furthermore, we apply this approach to edit Cys-rich zinc fingers, leading to the discovery of advanced analogs with enhanced DNA-binding activity. The versatility and modularity of the developed reversible thiol caging approach establish a powerful platform for site-selective protein modification, providing rapid access to structurally diverse proteins for fundamental research and therapeutic development. Site-selective functionalization strategies are essential for generating complex proteins for basic research and biomedical applications, but achieving precise transformations across protein sequences remains challenging. Here, the authors report a modular strategy for site-selective protein functionalization that enables the selective targeting of desired cysteine residues through late-stage reversible thiol caging (ReCag)."
10.1038/s41467-026-77706-7,False,Nature Communications,这篇论文主要研究的是催化剂在甲烷干重整反应中的作用，特别是如何通过可见光抑制碳沉积。虽然涉及到催化剂和化学反应，但与大气环境遥感技术（如空气质量监测、卫星观测、大气成分分析、气溶胶反演）没有直接关系。,"['catalyst', 'carbon deposition', 'methane conversion']",Kristijan Lorber;Vasyl Shvalya;Damjan Vengust;Janez Zavašnik;Matej Huš;Blaž Likozar;Matjaž Mazaj;Petar Djinović,Visible light suppresses carbon formation on Ni/CeO<sub>2</sub> catalyst in methane dry reforming reaction,"Carbon deposition hampers the conversion of methane and carbon dioxide into syngas. Here, the authors use visible light to help oxygen move through a nickel-based catalyst, preventing carbon deposits while boosting methane conversion and hydrogen production. 
 Dry reforming of methane (DRM) with carbon dioxide produces CO-rich syngas for methanol and Fischer–Tropsch fuel synthesis, but carbon deposition deactivates catalysts and limits commercialization. We suppress detectable carbon accumulation by illuminating a 2Ni/CeO₂₋ₓ nanorod catalyst with visible light (610 mW/cm²) under the tested conditions. Illumination enhances methane conversion, improves H₂ selectivity, and prevents carbon deposition during conversion of undiluted CH₄/CO₂ = 3:1 feed at 400–600 °C. Isotopically labeled ¹⁸O₂ experiments reveal that visible light activates oxygen mobility in nickel-decorated ceria at just 40 °C, compared with 327 °C under thermal stimulation in the dark. Illumination dramatically lowers the activation barriers for surface and lattice oxygen exchange to 18 and 55 kJ/mol through light-induced electron displacement, Ce–O bond weakening, and ceria lattice expansion. These findings establish photo-stimulation as a low-temperature redox trigger for enhanced oxygen ion mobility, enabling improved catalytic performance and broader catalytic and sensing applications. Carbon deposition hampers the conversion of methane and carbon dioxide into syngas. Here, the authors use visible light to help oxygen move through a nickel-based catalyst, preventing carbon deposits while boosting methane conversion and hydrogen production."
10.1038/s41467-026-77541-w,False,Nature Communications,该论文研究的是人类睾丸特异性基因TTRP如何调节昼夜节律，与大气环境遥感技术（如空气质量监测、卫星观测、大气成分分析、气溶胶反演）无关。,"['circadian clock', 'PER2', 'TTRP']",Tongyue Chen;Lirong Guo;Han Zhang;Bing Cai;Yong Gao;Xinle He;Peiliang Wang;Xiaohong Ma;Yunzhen Li;Minyi He;Tianlun Lei;Huiying Yang;Xiaolin Yang;Meimei Liao;Ziqing Yu;Wenliang Zhou;Peng Zhang;Dan Liang;Yanwen Xu;Jinhu Guo,Human testis-specific <i>TTRP</i> regulates circadian clock as an evolutionarily young natural antisense transcript of <i>PER2</i>,"TTRP is an evolutionarily novel gene in higher Hominoidea that has been recruited to regulate the human circadian clock. As an antisense gene to PER2, TTRP modulates circadian rhythms through both transcriptional interference and its encoded protein. 
 The circadian clock orchestrates a variety of physiological and behavioral processes, endowing the ability to adapt to the cycling environment. Here, we report the identification of TTRP, a TDP-43 pseudogene that emerged in higher Hominoidea species ~8.6 Mya. TTRP is a human testis-specific gene that overlaps with the clock gene PER2 and interferes with PER2 transcription. TTRP encodes a protein that interacts with the clock proteins PER2, BMAL1, and CRY2, and promotes PER2 and CRY1 turnover. The expression of gorilla and bonobo TTRP proteins changes the period and amplitude of circadian rhythms in human cells. Knock-in and expression of human TTRP in mouse testes prolong the brood-interval time and increase the ratio of sperm with high motility. These findings highlight the functional importance of TTRP as a regulator of the circadian clock and suggest that the human circadian clock may be undergoing continuous evolution through the recruitment of novel factors. TTRP is an evolutionarily novel gene in higher Hominoidea that has been recruited to regulate the human circadian clock. As an antisense gene to PER2, TTRP modulates circadian rhythms through both transcriptional interference and its encoded protein."
10.1038/s41558-026-02743-5,True,Nature Climate Change,该论文探讨了全球变暖和城市发展如何共同影响城市温度，这与大气环境遥感技术中的城市热岛效应、空气质量监测和城市气候分析密切相关。尽管论文没有直接提及遥感技术，但其研究内容与遥感技术在城市环境监测中的应用高度相关。,"['global warming', 'urban development', 'urban warming']",Andrew Sudmant,Where global warming meets urban development,"Global warming and urban development combine to shape the temperatures people experience in cities. Here I revisit a 2016 attribution study of urban warming in China and consider what its legacy reveals about urban climate knowledge, responsibility and action. 
 Global warming and urban development combine to shape the temperatures people experience in cities. Here I revisit a 2016 attribution study of urban warming in China and consider what its legacy reveals about urban climate knowledge, responsibility and action."
10.1038/s41558-026-02733-7,True,Nature Climate Change,该论文研究干旱地区的植被变化，使用了叶面积指数（LAI）等指标，分析了40年的趋势和年际变化，这与大气环境遥感技术中的生态系统监测和卫星观测相关。,"['leaf area index', 'drylands', 'rainfall sensitivity', 'LAI', 'interannual variability']",Wen Zhang;David J. P. Moore;Yang Li;Natasha MacBean;Andrew F. Feldman;Christopher R. Schwalm;Yanghui Kang;Julia K. Green;Benjamin Poulter;Mostafa Javadian;Russell L. Scott;Zexi Shen;Youngryel Ryu;Sungchan Jeong;Sasha C. Reed;William K. Smith,Greening masks stability loss in drylands,"The authors consider greening trends and interannual variability, linked to ecosystem stability, in dryland ecosystems across 40 years (1982–2020). They show persistent greening yet increased interannual variability, with the latter driven by increasing rainfall sensitivity. 
 Drylands are already undergoing large-scale change due to climate change, yet understanding of this response remains limited by observational gaps, conflicting satellite records and substantial model uncertainty. Here, considering trends and interannual variability based on leaf area index (LAI), we show persistent (1982–2020) greening across global drylands and increasing interannual variability. Greening rates are higher than current dynamic global vegetation models and contradict reports of a recent greening slowdown. The interannual variability increase is spatially coherent, covering about 82% of global drylands, and is characterized by increasing LAI maxima and declining minima. Increasing rainfall sensitivity is the dominant driver of increasing variability with both inter- and intraannual rainfall variability acting as secondary drivers. The dynamic global vegetation models analysed cannot reproduce increasing variability and divergent LAI trajectories. Rising variability may indicate eminent state transitions that could intensify carbon cycle uncertainty and disrupt key dryland ecosystem services. The authors consider greening trends and interannual variability, linked to ecosystem stability, in dryland ecosystems across 40 years (1982–2020). They show persistent greening yet increased interannual variability, with the latter driven by increasing rainfall sensitivity."
10.1038/s41893-026-01929-1,True,Nature Sustainability,该论文与大气环境遥感技术密切相关，因为它关注极端天气事件（如暴风雨、干旱等）的监测和预测，这些事件是大气环境遥感技术的重要研究内容。论文讨论了气候变化如何加剧极端天气，以及如何通过改进理解和研究来预防和减轻这些灾难性后果。,"['extreme weather', 'climate change', 'catastrophic weather risks']",Tom Matthews;Tom Wood;Hebe Nicholson;Jenix Justine;S. J. Beard;Radley M. Horton;Frans Berkhout;Joe P. L. Davidson;Maria Vittoria Gargiulo;Constantin W. Arnscheidt;Gordon Woo;Engielle Mae R. Paguican;Maximillian Van Wyk de Vries;Pauline Sophie Heinrichs;Robin Noyelle;Viktor Roezer;Faith Taylor;Nausheen H. Anwar;Emma Moffett;Daoping Wang;Pengfei Yuan;Luke Kemp,Discovering catastrophic weather risks,"Extreme weather is becoming more common as Earth’s climate changes. This Perspective argues that the most catastrophic extremes, beyond what has been previously recorded, must be considered and prepared for to avoid drastic impacts. 
 Climate change is one of the greatest challenges to humanity’s future and worsening of extreme weather is at the leading edge of concerns. The most extreme weather events contribute disproportionately to risk amplification because they account for such a large share of total impacts, and can trigger cascading consequences. Yet our ability to pre-empt such events is limited. In this Perspective, we urge more targeted research combining the power of human imagination with improved understanding of what is possible across impact-relevant systems—including in extreme climate states—to help identify, and avoid, catastrophic consequences from climate change. Extreme weather is becoming more common as Earth’s climate changes. This Perspective argues that the most catastrophic extremes, beyond what has been previously recorded, must be considered and prepared for to avoid drastic impacts."
10.1038/s41612-026-01537-y,True,npj Climate and Atmospheric Science,该论文研究混合相云结构如何组织冬季回击电流和极性，涉及大气结构和云层成分分析，与大气环境遥感技术（如云层观测、大气成分分析）密切相关。,"['mixed-phase cloud', 'winter return-stroke', 'cloud-to-ground discharge', 'atmospheric structure']",Nengxing Guo;Li Cai;Yuheng Niu;Yongxing Zeng;Tao Li;Wenzhao Lu;Yu Feng;Shanqiang Gu,Mixed-phase cloud structure organizes winter return-stroke current and polarity,"Mixed-phase cloud structure organizes winter return-stroke current and polarity 
 Winter thunderstorms are shallow yet can produce strong and frequently positive cloud-to-ground (CG) discharges. We matched 29,251 main or first return strokes from ten winters to terrain-relative temperature profiles and temperature-resolved cloud liquid water, cloud ice, and snow from the European Centre for Medium-Range Weather Forecasts Reanalysis version 5 (ERA5). In lower-profile environments, the 0, −8, and −25 ∘C isotherms were 2.27–2.51 km closer to the ground, while the −8 to −25 ∘C mixed-phase-region depth differed by only 56 m. Lower profiles preferentially enriched the strong-current tail: the fraction exceeding 200 kA increased from 14.6% to 21.3%, and the fraction exceeding 300 kA approximately doubled. This upper-tail response recurred in all ten winters and persisted after event-day weather adjustment. Positive CG probability responded most strongly to ERA5 cloud ice and snow at −8 to −15 ∘C. A one-standard-deviation increase raised the probability by 6.45 percentage points across event days and regions and by 4.03 percentage points within event-day grid cells, with positive winter-specific responses throughout the record. The terrain-relative position of the mixed-phase region therefore organizes the high-current tail, while its warm-layer frozen-condensate structure organizes polarity composition."
10.1038/s41612-026-01540-3,True,npj Climate and Atmospheric Science,该论文研究的是半干旱非洲稀树草原中异戊二烯的季节性变化及其区域和局部控制因素，涉及大气成分分析和生物排放监测，与大气环境遥感技术（如空气质量监测和大气成分分析）密切相关。,"['isoprene', 'ambient isoprene', 'atmospheric dynamics', 'vegetation growth', 'atmospheric processing']",Yang Liu;Toni Tykkä;Arnaud P. Praplan;Simon Schallhart;Kelebogile B. Mfundisi;Baagi T. Mmereki;Ville Vakkari;Heidi Hellén,Seasonal shifts in regional and local controls on ambient isoprene in a semi-arid African savanna,"Seasonal shifts in regional and local controls on ambient isoprene in a semi-arid African savanna 
 A key challenge in semiarid savannas is determining whether ambient isoprene directly traces local biogenic emissions or represents an integrated signal shaped by chemistry and atmospheric dynamics. Here we use hourly measurements of isoprene, methyl vinyl ketone, and methacrolein from August to December 2024 at a savanna site near the Okavango Delta, Botswana, spanning dry to early wet seasons. During the early-wet seasons, daytime isoprene increased with vegetation growth and followed the expected daytime pattern of biogenic emission, suggesting a stronger local contribution. During the dry seasons, isoprene often increased at night, with patterns consistent with stronger atmospheric processing and shallow nighttime boundary-layer influence. Back-trajectory analyses suggested a preferred upwind sector, consistent with possible recent transport. These results suggest that seasonal state affects both isoprene abundance and its representativeness as a proxy for local biogenic emissions in semiarid savannas."
10.1038/s41612-026-01501-w,False,npj Climate and Atmospheric Science,该论文主要研究热带气旋预报，结合深度学习和物理模型，虽然涉及大气现象，但未明确提及与大气环境遥感技术（如空气质量监测、卫星观测、大气成分分析、气溶胶反演等）直接相关的内容。,"['tropical cyclone', 'deep learning', 'physics-based models']",Shan Guo;Lei Chen;Yangyang Zhao;Yuetan Lin;Zeyi Niu;Xinyan Zhang;Ziyao Sun;Xiaohui Zhong;Hao Li,FuXi-TC: a generative framework integrating deep learning and physics-based models for improved tropical cyclone forecasts,"FuXi-TC: a generative framework integrating deep learning and physics-based models for improved tropical cyclone forecasts 
 Tropical cyclones (TCs) are among the most devastating natural hazards, yet their intensity remains notoriously difficult to predict. Numerical weather prediction (NWP) models are constrained by both computational demands and intrinsic predictability, while state-of-the-art deep learning-based weather forecasting models tend to underestimate TC intensity due to biases in reanalysis-based training data. Here, we present FuXi-TC, a diffusion-based generative forecasting framework that combines the track prediction strength of the FuXi model with the intensity representation of NWP simulations. By conditioning a diffusion model on the large-scale forecasts of the global FuXi model, FuXi-TC effectively downscales and delivers higher-accuracy forecasts of fine-grained variable fields such as wind speed and precipitation. In evaluations across the Western North Pacific, our approach matches the TC intensity forecast skill of the operational ECMWF deterministic model while delivering superior precipitation forecasts. Meanwhile, this is achieved with higher inference speeds and lower computational costs. Moreover, FuXi-TC demonstrates promising generalization directly when applied to North Atlantic hurricanes without any fine-tuning or retraining. When applied to the FuXi ensemble model, this framework effectively yields well-dispersed probabilistic forecasts and refines the ensemble intensity predictions. More broadly, these results highlight the potential of leveraging physics-based simulations to construct new training datasets that further advance deep learning-based weather forecasting."
10.1038/s43247-026-04043-4,False,Communications Earth & Environment,该论文的主题是地震学中的扩散地震及其滑动距离标度关系，涉及地震活动性、地震矩和地震群等概念，与大气环境遥感技术（如空气质量监测、卫星观测、大气成分分析、气溶胶反演等）无直接相关性。,[],Dye SK Sato;Keisuke Yoshida,Diffusional earthquakes and their slip-distance scaling,"A scaling relation unifying diffusional earthquakes is derived from prolonged natural earthquake swarms in Northeast Japan and a compilation of cataloged slow earthquakes, injection-induced seismicity, and natural earthquake swarms, with earthquake magnitude constrained by diffusive envelopes. 
 The final size of an earthquake typically cannot be predicted from its ongoing seismic radiation. Expanding observations reveal distinct exceptions, such as slow earthquakes, injection-induced seismicity, and natural earthquake swarms, in which fault slip has an upper bound. A common thread among these anomalies is the diffusive migration of active areas. Here, we report a unified scaling relation for these diffusional earthquakes. By tracking prolonged earthquake swarms in Northeast Japan, we constrained the time evolution of their active seismicity areas and cumulative seismic moments. Their moment-duration trajectories coincide with the terminal scales documented for natural swarms and induced seismicity across various scales and regions. When plotted as seismic moment versus seismicity area, their trajectories collapse onto those of slow earthquakes, uniformly explained by a diffusional constant-slip model. This constant-slip scaling carves out a unique class of diffusional earthquakes, where the final available seismic energy is predetermined by slip distance. A scaling relation unifying diffusional earthquakes is derived from prolonged natural earthquake swarms in Northeast Japan and a compilation of cataloged slow earthquakes, injection-induced seismicity, and natural earthquake swarms, with earthquake magnitude constrained by diffusive envelopes."
10.1038/s43247-026-04042-5,False,Communications Earth & Environment,该论文研究的是西北太平洋深海多金属结核对底栖大型动物群落的影响，与大气环境遥感技术（如空气质量监测、卫星观测、大气成分分析、气溶胶反演）没有直接关系。,"['air quality monitoring', 'satellite observations', 'atmospheric composition analysis', 'aerosol retrieval']",Leyi Fang;Dongsheng Zhang;Chengcheng Shen;Yuntian Pang;Shiquan Lin;Runxuan Yan;Rui Li;Huaiming Li;Chunsheng Wang,Pronounced megafaunal community transition driven by polymetallic nodule cover in the Northwest Pacific abyss,"Abyssal benthic megafaunal density exhibit a unique U-shaped response to polymetallic nodule cover in the Northwest Pacific that is distinct from other well-studied areas, highlighting the need for region specific management of deep-sea mining, according to photographic surveys. 
 Polymetallic nodules provide essential hard substrata for benthic fauna and are widely assumed to enhance biodiversity on abyssal plains. Yet, our understanding of how nodule cover shapes megafaunal communities remains limited and largely restricted to low nodule cover conditions. Using a large image dataset from a nodule-rich abyssal basin in the northwest Pacific (NWP), we characterized megafaunal communities and quantitatively assessed their responses across a broad gradient of nodule cover. A total of 169 morphospecies from 14 phyla were recorded, with holothurians and sponges comprising the dominant taxa. Surprisingly, megafaunal density exhibited a U-shaped response to nodule cover, declining from low to intermediate nodule cover, remaining relatively stable at intermediate levels, and increasing sharply at high nodule cover. Community composition shifted markedly from mobile deposit-feeder dominance at low cover to sessile filter-feeder dominance at high cover. This transition was primarily driven by changes in the relative density of dominant taxa rather than species turnover. Compared with the Clarion–Clipperton Zone (CCZ), the NWP showed lower megafaunal density and distinct assemblage composition but comparable diversity, consistent with large-scale influences of particulate organic carbon flux and carbonate saturation. Our findings reveal a previously unrecognized relationship between megafauna and nodule cover in the NWP nodule province and underscore the need for region-specific management of deep-sea mining. Abyssal benthic megafaunal density exhibit a unique U-shaped response to polymetallic nodule cover in the Northwest Pacific that is distinct from other well-studied areas, highlighting the need for region specific management of deep-sea mining, according to photographic surveys."
10.1038/s43247-026-04038-1,True,Communications Earth & Environment,该论文研究了月球表面的镍同位素组成，探讨了微陨石撞击对月球表面物质来源的影响，这与大气环境遥感技术中的大气成分分析和卫星观测密切相关，因为它涉及从地外物质中获取地球系统的信息。,"['Ni isotopic compositions', 'lunar regolith', 'micrometeorite accretion', 'inner Solar System materials', 'space weathering']",Kewei Chen;Yingnan Zhang;Ziwei Wang;Ji Shen;Bing Yang;Mi Zhou;Jiahuai Sun;Kecheng Liu;Deliang Chen;Liping Qin,Nickel isotopes reveal micrometeorite accretion on the lunar farside dominated by inner Solar System materials,"Material accreted to the Moon over time through impactors has dominantly originated from the inner solar system, according to analysis of Ni isotopic compositions in regolith samples and lithic clasts returned from the lunar farside by the Chang’e 6 mission 
 Space weathering driven by meteoritic and micrometeoritic impacts plays a fundamental role in modifying the planetary surfaces. However, the sources of impactors and the effects of impact-induced evaporation on micrometeorite accretion remain unconstrained. Here, we analyzed the nickel isotopic compositions of regolith and lithic clasts collected by the Chang’e-6 (CE6) mission. Our results show that CE6 regolith and some lithic clasts exhibit systematically enriched heavy nickel isotopic compositions (δ60Ni = 1.07‰ to 1.25‰), consistent with cumulative evaporation during repeated micrometeoritic bombardment under quasi-saturated conditions. In addition, a subset of CE6 basaltic clasts records unusually light nickel isotopic compositions (δ60Ni = −0.95‰ to −0.48‰), beyond the range previously reported for lunar materials and indicative of post-evaporation recondensation. Further, the nickel isotopic anomalies of the CE6 regolith (μ60Ni = 7 ± 3 and μ62Ni = −6 ± 9) suggest that the long-term average accreting materials to the lunar surface were dominantly sourced from the inner Solar System. Material accreted to the Moon over time through impactors has dominantly originated from the inner solar system, according to analysis of Ni isotopic compositions in regolith samples and lithic clasts returned from the lunar farside by the Chang’e 6 mission"
10.1038/s43247-026-04040-7,True,Communications Earth & Environment,该论文使用遥感数据分析了全球森林的功能重组和恢复力损失，涉及大气干旱对森林生产力的影响，这与大气环境遥感技术（如大气成分分析、卫星观测）密切相关。,"['remote sensing data', 'vapour pressure deficit', 'atmospheric aridity']",Peiqing Jing;Zhenfeng Shao;Deren Li;Xiongjie Deng;Peng Fu;Jinlong Chen;Zihan Lu;Yuankun Wang;Jinyang Wang;Siyuan Wang;Xiuwen Zhong;Xiongwu Xiao;Qingwei Zhuang;Xiwei Shen;Xiran Zhou;Sifan Wu;Neema Simon Sumari;Ashraf Dewan;Tsehaie Woldai;Orhan Altan,Atmospheric aridity drives functional reorganisation and resilience loss in global forests,"Over one-third of global forests are becoming simultaneously more productive and less resilient, with rising atmospheric dryness driving resilience loss and reshaping how forests coordinate carbon uptake and water use, according to analyses of 20 years of remote sensing data. 
 Global forests are gaining productivity while losing resilience, yet the mechanisms underlying this divergence remain unclear. Here we show, using multi-source remote sensing data spanning 2001–2021, that over one-third of global forests simultaneously gain gross primary productivity and lose resilience, linked to shifts in ecosystem functional coupling. Rising vapour pressure deficit was the primary driver of resilience loss. This resilience erosion weakened the coupling between gross primary productivity and ecosystem photosynthetic efficiency in boreal forests. By contrast, vapour pressure deficit directly strengthened gross primary productivity-water use efficiency covariation in tropical and boreal forests. This tighter coupling reflects stomatal constraint on transpiration variability rather than improved carbon-water coordination. In intact forests, vapour pressure deficit instead weakened this coupling. Non-intact forests were twice as sensitive to resilience loss as intact forests, indicating that structural simplification disproportionately amplifies climate-driven vulnerability to atmospheric aridity. These findings call for integrating resilience and functional coupling into forest monitoring to safeguard carbon sink stability. Over one-third of global forests are becoming simultaneously more productive and less resilient, with rising atmospheric dryness driving resilience loss and reshaping how forests coordinate carbon uptake and water use, according to analyses of 20 years of remote sensing data."
10.1038/s43247-026-04048-z,False,Communications Earth & Environment,该论文主要研究的是地壳碳酸盐岩熔融与稀土元素（REE）的分布，与大气环境遥感技术（如空气质量监测、卫星观测、大气成分分析、气溶胶反演等）关系不大。,"['carbonatite', 'REE', 'crustal melting']",Andrea Maroni;Fabrizio Tursi;Chiara Groppo;Francesca Piccoli;Vincenzo Festa;Nils B. Gies;Daniele Castelli;Eleanor C. R. Green;Franco Rolfo;Richard Spiess,REE-depleted anatectic marble reveals the primary source of crustal carbonatites,"Granulite-facies metacarbonate melting generates carbonatitic melts with ~35% REE enrichment, highlighting crustal carbonate melting as a key mechanism for rare-earth elements redistribution in orogenic crust, according to analysis of a 15-m thick marble layer exposed in the Serre Massif of Calabria in southern Italy. 
 Crustal-derived carbonatitic melts are increasingly recognised in high-grade terrains, but their residual source rocks remain largely unexplored. As a result, the crustal origin of carbonatites is generally constrained from geochemical signatures of the crystallised melts without a direct link to their anatectic source. Assessing this problem, and the trace-element redistribution during carbonate melting, requires integrated microstructural and geochemical analyses. Here we show a set of partial melting microstructures preserved in an olivine–spinel dolomite marble from the Variscan lower crust exposed in central Calabria (Italy). The residual anatectic marble contains REE-poor pockets of dolomite crystallised from a residual Mg-rich carbonatitic melt, left behind after extraction and fractionation of the highly mobile carbonatitic melt, whose remnants crystallised as intergranular calcite films. Volatile-bearing olivine and highly porous calcite enclosed in dolomite pockets document an early generation of H2O–F-rich carbonatitic melt formed through fluid-present incongruent melting. Mass-balance calculations indicate that at least 35% of the initial REE budget, with an LREE/HREE ratio of ~9:1, was removed with the extracted melt. Our results demonstrate that granulite-facies metacarbonate rocks can act as an efficient source of carbonatitic melts, implying that crustal carbonate melting may exert first-order control on trace-element signatures in the continental crust of orogens. Granulite-facies metacarbonate melting generates carbonatitic melts with ~35% REE enrichment, highlighting crustal carbonate melting as a key mechanism for rare-earth elements redistribution in orogenic crust, according to analysis of a 15-m thick marble layer exposed in the Serre Massif of Calabria in southern Italy."
10.1038/s43247-026-03975-1,True,Communications Earth & Environment,该论文研究了亚马逊地区气候变化对极端天气的影响，特别是热浪和干旱的加剧情况，这与大气环境遥感技术在监测气候变化和极端天气方面的应用密切相关。,"['climate extremes', 'temperature', 'drought']",Jos Barlow;Nathália S. Carvalho;Cássio Alencar Nunes;Ana Paula Dutra Aguiar;Ane Alencar;Liana O. Anderson;Luiz E.O.C Aragão;Fabricio Baccaro;Mike Barrett;Erika Berenguer;Kristian Bodolai;Paulo Monteiro Brando;Thiago B. A. Couto;Tomas Ferreira Domingues;Fernando Elias;Ted R. Feldpausch;Igor José Malfetoni Ferreira;Joice N. Ferreira;Bernardo M. Flores;David Galbraith;Toby Alan Gardner;Emanuel Gloor;Marina Hirota;Valerie Kapos;David M. Lapola;Cecília Leal;Alexander Charles Lees;Bel Lyon;Marcia N. Macedo;Yadvinder Malhi;Beatriz Schwantes Marimon;Ben Hur Marimon Junior;Patrick Meir;Lina M. Mercado;Oliver Metcalf;Leonardo de Sousa Miranda;Edward T. A. Mitchard;Douglas C. Morton;Jeanne L. Nel;Rafael Silva Oliveira;Oliver L. Phillips;Lucy Rowland;Juliana Schietti;Camila V. J. Silva;Celso H. L. Silva-Junior;Patrícia S. Silva;Juliana M. Silveira;Divino Vicente Silvério;Stephen Sitch;Paulo Amador Tavares;Cristina Telhado;Ima C. G. Vieira;Helga Correa Wiederhecker,Rapid increase of climate extremes reveals new areas of concern in Amazonia,"Climate change impacts in the Amazon, particularly heat and drought extremes, are increasing faster than average climate trends, with especially rapid changes in the central-northern region that has so far attracted less attention than other regions. 
 Amazonia is highly sensitive to climate extremes, yet we lack an Amazon-wide assessment that examines the spatial-temporal changes in these extreme conditions. We address this within seasons and across the hydrological year, using a quantiles approach that integrates the frequency and magnitude of climate extremes and by linking changes in temperature with evapotranspiration. We show that high temperature extremes and temperature-linked measures of water deficit are both changing at a much faster rate than central trends. The 95th percentile of maximum temperatures in the driest period increased by 0.49 °C per decade (dec-1) compared to 0.21°C dec-1 for the central trend of mean temperatures for the year. Crucially, over 700,000 square kilometres in central-north Amazonia have experienced increases in extreme dry season temperatures ≥ 0.75 °C dec-1 ( ≥ 3.22 °C over 43 years). Adaptation measures for these rapid changes in climate extremes must include preventing the deforestation and disturbances that amplify risks. Climate change impacts in the Amazon, particularly heat and drought extremes, are increasing faster than average climate trends, with especially rapid changes in the central-northern region that has so far attracted less attention than other regions."
10.1038/s43247-026-04037-2,False,Communications Earth & Environment,该论文主要研究海底扇的沉积动力学和演化过程，与大气环境遥感技术（如空气质量监测、卫星观测、大气成分分析、气溶胶反演）没有直接关系。,[],Pauline H. Cornard;Tilmann Schwenk;Greta Feddersen;Christian France-Lanord;Cecilia McHugh;Till J. J. Hanebuth;Hermann R. Kudrass;Nikolas Römer-Stange;Bingbing Wei;Walter Geibert;Anja Zander;Volkhard Spieß;Elda Miramontes,The active Bengal lobe complex as the modern terminal sink of Earth’s largest submarine fan,"“The currently active lobe complex and modern sediment sink of the Bengal Fan are constrained to the middle fan, where an avulsion of the active channel shifted its location 1,800 km landward, establishing a critical closure point for the world’s largest source-to-sink system” 
 The Bengal Fan, the world’s largest and among the few deep-sea fans still active today, has long been thought to have its active channel reaching the lower fan. Our findings reveal a middle-fan avulsion that shifted the terminal sediment sink 1,800 km landward, forming the modern terminal lobe complex. The lobes, dominated by sandy turbidites, are relatively thin (<20 m), but cover large areas (up to 1,350 km2). Their evolution is strongly related to inherited topography and probably autogenic processes while external factors (e.g., monsoon and sea-level variation) control sediment supply and types of gravity flows. These lobes represent a small portion of the channel-levee-lobe system, as sediments mainly accumulated on the levees during Holocene highstand. Identifying the modern sink of the Bengal Fan provides a closure point for the Earth’s largest source-to-sink system, with implications for present-day fluxes of sediments, carbon, and marine litter across a vulnerable coastal region. “The currently active lobe complex and modern sediment sink of the Bengal Fan are constrained to the middle fan, where an avulsion of the active channel shifted its location 1,800 km landward, establishing a critical closure point for the world’s largest source-to-sink system”"
10.1038/s43247-026-04024-7,False,Communications Earth & Environment,该论文主要研究南极洲大陆的地质年代和形成过程，虽然提到了通过遥感地质信号来推断南极洲的内部地质，但并没有涉及大气环境遥感技术，如空气质量监测、卫星观测、大气成分分析或气溶胶检索等内容。,"['Antarctic', 'geology', 'detrital zircon']",Bei Chen;Ian H. Campbell;Richard J. Arculus,Growth rate of the preserved Antarctic continent reveals the anatomy of a late developer,"“Primary growth of the Antarctic continent occurred a billion years later than other well-studied continents, since Archean crust is found to be rare beneath Antarctica’s ice sheet, as shown by offshore detrital zircon analyses”. 
 Ice covers 99.5% of Antarctica. Consequently, its interior geology can only be inferred through subglacial topography and remotely sensed geophysical signatures. We present U-Pb dates, trace elements, and O-Hf isotope data from detrital zircons recovered from scientific ocean drilling sites and derived by glacial erosion of 90% of Antarctica. Areal-restricted outcrops, particularly in Eastern Antarctica, reveal the presence of Archean terranes, but our results show these terranes cannot be extensive beneath the ice. Less than 3% of zircons recovered from offshore cores yield Archean ages. The majority are much younger, with a predominant age population at 650–450 Ma, produced during the orogenic events associated with the amalgamation of Gondwana. Detritus shed from the Antarctic mountains dominated sedimentation, generating giant turbidite fans that extended across Antarctica to southeastern Australia. Our findings characterize Antarctica as a “late developer,” with its primary continental growth occurring a billion years later than other well-studied continents. “Primary growth of the Antarctic continent occurred a billion years later than other well-studied continents, since Archean crust is found to be rare beneath Antarctica’s ice sheet, as shown by offshore detrital zircon analyses”."
None,True,Remote Sensing of Environment,该论文研究使用Sentinel-5P和EnMAP卫星遥感技术对格陵兰冰盖上的总水汽柱进行对比分析，涉及大气成分监测和卫星观测技术，与大气环境遥感技术密切相关。,"['Sentinel-5P', 'EnMAP', 'total column water vapor', 'Greenland ice sheet']",Alexander Kokhanovsky;Luca Lelli;Karl Segl;Jörg Bendix,The intercomparison of total column water vapor over a melting glacier on the Greenland ice sheet derived using spaceborne Sentinel-5P and high spatial resolution EnMAP measurements,
None,True,Remote Sensing of Environment,该论文研究了利用Sentinel-1卫星的时间序列数据来检测作物播种和收获日期的新方法，这属于遥感技术在农业和环境监测中的应用，与大气环境遥感技术有一定关联，但主要关注点在农业领域。,"['Sentinel-1', 'crop sowing', 'harvesting dates', 'time series']",Shuai Xu;Xiaolin Zhu,A new adaptive approach for detecting crop sowing and harvesting dates from Sentinel-1 time series,
None,True,Remote Sensing of Environment,该论文使用卫星土壤湿度数据来预测水限制环境下的作物生产力异常，这属于大气环境遥感技术中的卫星观测和大气成分分析范畴，特别是与空气质量和环境监测相关。,"['satellite soil moisture', 'sub-seasonal forecasting', 'cropland productivity']",Adebowale Daniel Adebayo;Catherine Nakalembe,Sub-seasonal forecasting of cropland productivity anomalies using satellite soil moisture in water-limited environments,
None,True,Remote Sensing of Environment,该论文与大气环境遥感技术相关，因为Planet Dove是一种用于海岸线监测的遥感平台，涉及卫星观测和数据收集技术。,"['Planet Dove', 'coastlines', 'remote sensing']",Katherine C. Cavanaugh;Kyle Dorman;Kyle C. Cavanaugh,Capability of Planet Dove for monitoring the world's coastlines,
None,True,Remote Sensing of Environment,该论文研究了地上生物量和土壤湿度干旱对基于VOD（植被光学深度）的全球等湿度估计的影响，涉及遥感技术和大气成分分析，与大气环境遥感技术（如空气质量监测、卫星观测和大气成分分析）密切相关。,"['VOD', 'global isohydricity', 'biomass', 'soil moisture drought']",Yuanzhizi Deng;Yao Zhang,Effects of aboveground biomass and soil moisture drought on VOD-based global isohydricity estimates,
None,False,Remote Sensing of Environment,该论文研究的是利用机器学习方法从高分辨率植被指数数据中提取作物物候信息，主要关注农业领域，与大气环境遥感技术（如空气质量监测、卫星观测、大气成分分析、气溶胶反演等）相关性较低。,"['machine learning', 'crop phenology', 'vegetation index']",Ruoque Shen;Qiongyan Peng;Xiangqian Li;Jianxi Huang;Jin Chen;Jie Dong;Xiuzhi Chen;Wenping Yuan,SMFS-RF: a knowledge-guided machine-learning method for crop phenology extraction from fine-resolution vegetation index data,
None,True,Remote Sensing of Environment,该论文与大气环境遥感技术密切相关，因为Landsat系列传感器是用于地球观测的重要卫星工具，可用于大气成分分析、空气质量监测等任务。,"['Landsat', 'LandIS', 'satellite sensor']",Matthew Montanaro;Jeffrey Yee;Edmond Chung;Julie Montoya;Benjamin Turk;Eric Johnson;Andrew Pozo;Evan Haas;Steven Persh;Shawn Serbin;Thomas R. Holmes;Phillip W. Dabney;Bruce D. Cook;Christopher S.R. Neigh,Landsat Instrument Suite (LandIS) sensor design for the Landsat 10 mission,
None,False,Remote Sensing of Environment,该论文主要关注生物多样性科学和保护的BioSat指数，与大气环境遥感技术（如空气质量监测、卫星观测、大气成分分析、气溶胶反演）没有直接关系。,"['bioSat indices', 'biodiversity', 'conservation']",Volker C. Radeloff;Eduarda M.O. Silveira;Akash Anand;Duanyang Liu;Kathleen A. Carroll;Nicholas C. Coops;Gabriel C. Costa;Maxim Dubinin;Laura S. Farwell;Paul R. Elsen;Martina L. Hobi;Elena Razenkova;Naparat Suttidate;Benjamin Zuckerberg;Anna M. Pidgeon,The BioSat indices designed for biodiversity science and conservation,
None,True,Remote Sensing of Environment,该论文的标题和摘要明确涉及使用Landsat卫星数据开发全球范围的蒸散量产品，蒸散量是大气环境的重要组成部分，与空气质量和水分循环密切相关，因此与大气环境遥感技术密切相关。,"['Landsat', 'evapotranspiration', 'global product']",Gabriel B. Senay;Gabriel E.L. Parrish;Kul Khand;Lei Ji;Ray Dittmeier;MacKenzie Friedrichs;John Volk;Charles Morton;Leonardo Laipelt;Stefanie Kagone;Sheila M.V. Cochrane;Jordan Dornbierer;Saeed Arab;Calli Jenkerson;Anderson Ruhoff;Michael Budde,"On-demand global Landsat evapotranspiration product: development, evaluation, and dissemination",
None,False,Remote Sensing of Environment,该论文主要关注的是利用Landsat数据进行灌溉映射和蒸散量估算，并结合水文模型评估区域灌溉动态，研究重点是农业灌溉和水资源管理，与大气环境遥感技术（如空气质量监测、卫星观测、大气成分分析、气溶胶反演）关系不大，因此相关性不强。,"['Landsat', 'irrigation mapping', 'evapotranspiration']",Jorge L. Peña-Arancibia;Yingying Yu;Tim R. McVicar;Thomas G. Van Niel;Francis H.S. Chiew;Darin Hodgson;Jamie Vleeshouwer;Aarond Dino;Zachary Brown;Anthony Nadelko,Integrating Landsat-based irrigation mapping and actual evapotranspiration estimates with hydrological modelling to assess regional irrigation dynamics in a large basin experiencing extreme climate variability: Towards a national operational irrigation water accounting system,
None,True,Remote Sensing of Environment,该论文利用Landsat地表温度数据提取生物热变量，应用于生物多样性研究。虽然主题是生物多样性，但使用了Landsat卫星数据，这属于遥感技术范畴，与大气环境遥感技术有一定关联，如地表温度监测可用于大气成分分析（如热红外遥感）。因此，论文与大气环境遥感技术有较强的相关性。,"['Landsat', 'surface temperature', 'biodiversity']",Eduarda M.O. Silveira;Anna M. Pidgeon;Volker C. Radeloff,The BioThermal variables derived from Landsat surface temperature data for biodiversity applications,
None,True,Remote Sensing of Environment,该论文标题和摘要涉及地球观测基础模型的校准空间不确定性，通过Matérn动机的潜在随机正则化方法进行处理。这与大气环境遥感技术有关，因为地球观测技术通常用于大气成分分析、空气质量监测和卫星观测等。虽然摘要中没有明确提及具体的污染物、卫星传感器或算法类型，但“地球观测”和“空间不确定性”表明该研究可能应用于大气环境遥感领域的数据处理和分析。,"['Earth observation', 'latent stochastic regularization', 'spatial uncertainty']",Daniel P. Johnson,Calibrated spatial uncertainty for Earth observation foundation models via Matérn-motivated latent stochastic regularization,
None,True,Remote Sensing of Environment,该论文是关于Landsat和MODIS卫星获取的地表温度数据的角向异性分析，旨在提高多源地表温度数据的一致性。这与大气环境遥感技术密切相关，特别是卫星观测和地表参数反演领域。,"['Landsat', 'MODIS', 'land surface temperature', 'LST consistency', 'remote sensing']",Xue Li;Dandan Wang;Huihui Xu;Mengmeng Wang;Ji Zhou;Frank Göttsche;Xiaoyu He;Gaijing Chang;Yue Han,Corrigendum to ‘Angular anisotropy of Landsat and MODIS land surface temperature toward multi-source LST consistency’ [Remote Sens. Environ. 346 (2026) 115624],
None,True,Remote Sensing of Environment,该论文研究了城市化、植被和背景气候如何在大尺度上影响地表热岛效应，这与大气环境遥感技术密切相关，特别是与城市热岛效应的监测和遥感分析相关。,"['urbanization', 'vegetation', 'climate', 'surface urban heat island', 'remote sensing']",Song Jiang;Yongling Zhao;Lei Zhao;Jan Carmeliet;Jian Peng,"Disentangling diverse findings on how urbanization, vegetation, and background climate shape the surface urban heat island at large scales",
None,True,Remote Sensing of Environment,该论文使用成像光谱技术进行物种分类，涉及遥感技术，与大气环境遥感技术（如卫星观测、大气成分分析）有较强关联。,"['imaging spectroscopy', 'species classification', 'remote sensing']",Sofia J. van Moorsel;Bernhard Schmid;Michael Niederberger;Jeremiah Huggel;Michael Scherer-Lorenzen;Uwe Rascher;Alexander Damm;Meredith C. Schuman,Using a planted tree biodiversity experiment to evaluate imaging spectroscopy for species classification,
None,True,Remote Sensing of Environment,该研究比较了当代遥感技术和物种分布模型在预测海岸栖息地空间分布方面的应用，涉及遥感技术，与大气环境遥感技术（如空气质量监测、卫星观测、大气成分分析、气溶胶反演）有一定关联，但重点在于海岸栖息地的分布预测，而非大气环境本身。,"['remote sensing', 'species distribution modelling', 'coastal habitats']",Louise Forsblom;Ari-Pekka Jokinen;Dimitry Van der Zande;Mihailo Azhar;Dimitar Berov;Jacob Carstensen;Vivi Drakopoulou;Vasilis Gerakaris;Hege Gundersen;Jonne Kotta;Valeria Mobilia;Nadia Papadopoulou;Bogdan Prodanov;Sofia Reizopoulou;Christopher J. Smith;Anna Spinosa;Valentina Todorova;Peter Anton Upadhyay Stæhr;Sanjina Upadhyay Stæhr;Elina A. Virtanen,Comparative analysis of contemporary remote sensing techniques and species distribution modelling in predicting spatial distribution of coastal habitats,
None,True,Remote Sensing of Environment,该论文标题和摘要明确涉及使用地球静止轨道观测技术（GIIRS和GEMS）监测生物质燃烧产生的空气污染物，这与大气环境遥感技术（如空气质量监测、卫星观测、大气成分分析、气溶胶反演）高度相关。,"['biomass burning', 'GIIRS', 'GEMS', 'air pollutants', 'Southeast Asia']",Shan Han;Shangyi Liu;Mengya Sheng;Jhoon Kim;Ximin Cui;Minqiang Zhou;Wei Wang;Isamu Morino;Voltaire A. Velazco;Zhao-Cheng Zeng,Geostationary observations of air pollutants from biomass burning: A synergy of GIIRS and GEMS over Southeast Asia,
None,True,Remote Sensing of Environment,该论文使用Sentinel-1和Sentinel-2卫星数据，结合土壤水分平衡模型和水云模型进行田间尺度灌溉估算，与大气环境遥感技术中的卫星观测和大气成分分析密切相关，属于遥感技术在环境监测中的应用范畴。,"['Sentinel-1', 'Sentinel-2', 'soil water balance model', 'Water Cloud Model']",Martina Natali;Sara Modanesi;Domenico De Santis;Gabriëlle De Lannoy;Susan Steele-Dunne;Alessia Flammini;Alessio Domeneghetti;Christian Massari,Field-scale irrigation estimation using Sentinel-1 and Sentinel-2 data within a soil water balance model coupled to the Water Cloud Model,
None,True,Remote Sensing of Environment,该论文研究的是在浑浊的沿海和河口水域中通过算法检索颗粒物背向散射、尺寸和悬浮颗粒物，这属于大气环境遥感技术中关于空气质量监测和大气成分分析的范畴。,"['particle backscattering', 'size retrieval', 'suspended particulate matter', 'turbid waters', 'MOSAIC algorithm']",Juliana Tavora;Amanda de Liz Arcari;Mhd. Suhyb Salama;Cédric G. Fichot;Joshua P. Harringmeyer;Gian Marco Scarpa;Federica Braga;Emmanuel Boss;David Doxaran;Romaric Verney,"An algorithm for the retrieval of particle backscattering, size, and suspended particulate matter in turbid coastal and estuarine waters (MOSAIC)",
None,True,Remote Sensing of Environment,该文章的标题和摘要明确涉及了大气成分分析和高分辨率量化技术，这与大气环境遥感技术（如空气质量监测、卫星观测）高度相关。,"['carbon quantification', 'atmospheric composition', 'remote sensing']",Bokyung Son;Taejun Sung;Sejeong Bae;Minki Choo;Jungho Im;Yeonsu Lee;S.M. Sohel Rana;Dongjin Cho;Cheolhee Yoo;Jeonghyun Hong;Hojin Lee;Hyun Seok Kim,"UNIQUE: UNified, high-resolution Intelligent carbon QUantification and Explanation",
None,True,Remote Sensing of Environment,该论文研究了基于无人机系统和DART模型的最优观测尺度模型，用于玉米冠层的太阳诱导叶绿素荧光地面测量。太阳诱导叶绿素荧光是植物生理状态的一个重要指标，与大气环境遥感技术中的植被监测和空气质量评估密切相关。因此，该论文与大气环境遥感技术（如卫星观测、大气成分分析）有较强的关联性。,"['UAV system', 'DART model', 'maize canopy', 'solar-induced chlorophyll fluorescence']",Xiaokang Zhang;Zhaoying Zhang;Linsheng Wu;Yongguang Zhang,Developing the optimal observation scale model for maize canopy solar-induced chlorophyll fluorescence ground measurements based on UAV system and DART model,
None,True,Remote Sensing of Environment,该论文的标题和摘要涉及辐射传输和方向温度的监测，这与大气环境遥感技术密切相关，特别是在地表异质条件下的观测和分析。这些内容与空气质量监测、卫星观测、大气成分分析等领域高度相关。,"['radiative transfer', 'directional temperatures', 'heterogeneous surfaces']",Shouyi Zhong;Zunjian Bian;Roujean Jean-Louis;Qiang Liu;Juan Cheng;Yongming Du;Hua Li;Jianguang Wen;Qing Xiao,A global system for monitoring radiative transfer and directional temperatures over heterogeneous surfaces,
None,False,Remote Sensing of Environment,该论文主要关注SWOT（卫星 водородная оптика）数据的水面高程精度，与大气环境遥感技术（如空气质量监测、卫星观测、大气成分分析、气溶胶反演）关系不大。,"['SWOT', 'water surface elevation', 'accuracy']",Rucha Sanjay Deshpande;Tajdarul Hassan Syed;Michael Durand;Steve Coss;Tamlin M. Pavelsky,Identifying regional drivers of variability in SWOT-derived water surface elevation accuracy,
None,True,Remote Sensing of Environment,该论文与大气环境遥感技术相关，因为它涉及使用1.5米森林冠层高度时间序列数据来揭示细尺度森林扰动。这些数据可以通过遥感技术获取，例如卫星观测，从而用于大气成分分析和空气质量监测。,"['forest canopy height', 'time series', 'disturbances']",Martin Schwartz;Fajwel Fogel;Nikola Besic;Damien Robert;Louis Geist;Jean-Pierre Renaud;Jean-Matthieu Monnet;Clemens Mosig;Cédric Vega;Alexandre d’Aspremont;Loic Landrieu;Philippe Ciais,FORMSpoT: Revealing fine-scale forest disturbances from nation-wide 1.5 m forest canopy height time series,
None,True,Remote Sensing of Environment,该论文研究Landsat和MODIS卫星获取的地表温度数据的各向异性，以及如何实现多源LST数据的一致性，这与大气环境遥感技术中的地表温度监测和卫星观测密切相关，因此是相关的。,"['Landsat', 'MODIS', 'land surface temperature', 'LST consistency']",Xue Li;Dandan Wang;Huihui Xu;Mengmeng Wang;Ji Zhou;Frank Göttsche;Xiaoyu He;Gaijing Chang;Yue Han,Angular anisotropy of Landsat and MODIS land surface temperature toward multi-source LST consistency,
None,True,Remote Sensing of Environment,该论文研究了在光复杂水域中识别不同浮游植物功能群和大小类别的可能性，这与大气环境遥感技术中的光学遥感方法密切相关，例如通过卫星观测分析水体光学特性，可用于监测海洋环境，间接与大气环境质量监测相关。,"['phytoplankton', 'optically complex waters', 'remote sensing']",Tiit Kutser;Karolin Teeveer;Tuuli Soomets;Birgot Paavel;Laura Argus;Ele Vahtmäe;Martin Ligi;Kaire Toming,On the possibility of recognising different phytoplankton functional groups and size classes in optically complex waters,
None,False,Remote Sensing of Environment,该论文研究使用SWOT卫星获取的海洋重力数据揭示墨西哥湾的隐埋地质结构，属于地质学领域，与大气环境遥感技术（如空气质量监测、卫星观测、大气成分分析、气溶胶反演等）关系不大。,"['SWOT', 'marine gravity', 'tectonic structures']",Daocheng Yu;James Pindell;Cheinway Hwang;Xiaoli Deng;Emmy T. Chang;Jinyun Guo,Revealing buried tectonic structures in the Gulf of Mexico using SWOT-derived marine gravity,
None,True,Remote Sensing of Environment,该论文标题和摘要明确涉及气溶胶光学质心高度（AOCH）数据产品，由EPIC/DSCOVR卫星在深空获取。这直接与大气环境遥感技术相关，特别是涉及卫星观测和大气成分分析。,"['aerosol optical centroid height', 'EPIC/DSCOVR', 'deep space', 'satellite observations', 'atmospheric composition']",Zhendong Lu;Jun Wang;Xi Chen;Meng Zhou;Xiaoguang Xu;Yeonsu Park;Hyerim Kim,Version 2 of hourly aerosol optical centroid height (AOCH) data product from EPIC/DSCOVR in deep space,
None,True,Remote Sensing of Environment,该论文的标题和摘要明确涉及从空间监测、量化、分类火山活动，这属于大气环境遥感技术的一个子领域，特别是涉及卫星观测和大气成分分析。因此，它与大气环境遥感技术密切相关。,"['volcanic activity', 'space', 'monitoring']",S. Aveni;D. Coppola;M. Laiolo,"A synergistic thermal framework for monitoring, quantifying, and classifying volcanic activity from space",
None,False,Remote Sensing of Environment,该论文主要研究的是利用0.4-2 GHz宽频辐射计观测冷海水表面盐度，这与大气环境遥感技术（如空气质量监测、卫星观测、大气成分分析、气溶胶反演）关系不大，因此不相关。,"['wideband radiometry', 'surface salinity', 'cold seawater']",Jacqueline Boutin;Jean-Luc Vergely;Stéphane Ferron;Laurent Bertino;Giovanni Macelloni;Marco Brogioni;Emmanuel Dinnat;Lars Kaleschke;Rasmus Tonboe;Yiwen Zhou;Marie-Laure Frery;Valerie Dutto;Katia Nagamine Urata;Matthias Drusch,Beyond L-band: 0.4-2 GHz wideband radiometry for observing surface salinity in cold seawater,
None,False,Remote Sensing of Environment,该论文主要关注玉米疾病的传输动力学和垂直分层异质性，与大气环境遥感技术（如空气质量监测、卫星观测、大气成分分析、气溶胶反演）关系不大，因此相关性较弱。,"['maize disease stress', 'vertical stratification', 'transmission dynamics']",Binxiang Qian;Wenjiang Huang;Zhijun Zhen;Kehui Ren;Peiqi Yang;Jianbo Qi;Michael Henke;Xiuliang Jin;Lingjing Ouyang;Anting Guo;Jie Bai;Chao Ruan;Tiecheng Huang;Yin Jin;Zhenong Jin,The cmSCOPE-D model: A transmission-dynamics-enabled SCOPE adaptation to characterize vertically stratified heterogeneity of maize disease stress,
None,True,Remote Sensing of Environment,该论文研究使用GEDI和ICESat-2卫星观测数据生成热带沼泽地最优数字高程模型（DTM），涉及卫星观测技术和地理信息系统，与大气环境遥感技术（如卫星观测、地理空间数据分析）密切相关。,"['GEDI', 'ICESat-2', 'DTM']",Yuan Sun;Huan Xie;Xiaohua Tong;Yi Li;Alexander R. Cobb;Rahayu S. Sukri;Muhammad Arif bin Haji Selamat;Hao Tang,A novel method for generating optimal DTM in tropical peatlands using GEDI and ICESat-2 observations,
None,True,Remote Sensing of Environment,该论文研究了地球矿物表面的轨道成像光谱技术，涉及卫星传感器（EMIT）和地表成分分析，这与大气环境遥感技术（如大气成分分析）密切相关。,"['orbital imaging spectroscopy', 'EMIT', 'mineral surface']",Marie-Stephane Guillaumont;David R. Thompson;Philip G. Brodrick;Roger Clark;Robert O. Green;Gregory S. Okin,Orbital imaging spectroscopy of Earth’s mineral surface: Results and stability from EMIT’s first two years,
None,False,Remote Sensing of Environment,该论文主要关注叶绿素含量的监测，虽然与植物生理学和环境科学相关，但并未涉及大气环境遥感技术，如空气质量监测、卫星观测、大气成分分析或气溶胶反演等主题。,"['chlorophyll index', 'leaf chlorophyll content']",Si Gao;Kai Yan;Jinhua Li;Cheng Huang;Xuanlong Ma;Wenjie Fan;Liangyun Liu;Qiao Wang,Structure-resistant chlorophyll index: A novel indicator for leaf chlorophyll content monitoring,
None,False,Remote Sensing of Environment,标题和摘要中未提及与大气环境遥感技术相关的关键词，如空气质量监测、卫星观测、大气成分分析或气溶胶反演。因此，该论文与该领域无强关联性。,[],,Editorial Board,
None,True,International Journal of Applied Earth Observation and Geoinformation,该论文的研究内容涉及高空间分辨率成像光谱（HSI）和激光雷达（LiDAR）的联合分类，这些技术广泛应用于大气环境遥感，如空气质量监测、大气成分分析和气溶胶反演等领域。因此，该论文与大气环境遥感技术密切相关。,"['HSI', 'LiDAR', 'classification', 'remote sensing', 'atmospheric composition']",Hao Zhu;Yulin Xie;Xiaotong Li;Huanhuan Wu;Zhongle Ren;Zhen Cao;Biao Hou,GICL-Net: A graph-interactive collaborative learning network for joint classification of HSI and LiDAR,
None,False,International Journal of Applied Earth Observation and Geoinformation,该论文主要关注地热活跃地区的岩石学和矿物蚀变，利用热红外光谱数据进行分析。虽然涉及光谱技术，但主题与大气环境遥感技术（如空气质量监测、卫星观测、大气成分分析、气溶胶反演）关系不大。,"['thermal infrared spectroscopy', 'lithology', 'mineral alteration']",Federico Rabuffi;Simon J. Hook;Massimo Musacchio;Malvina Silvestri;Kerry Cawse-Nicholson;Maria Fabrizia Buongiorno;Zoe Amie Pierrat,Utilizing thermal infrared spectroscopy data to map lithology and mineral alteration in geothermally active areas,
None,True,International Journal of Applied Earth Observation and Geoinformation,该论文使用多季节MODIS EVI数据研究印度植被绿化的结构稳定性，涉及地球观测技术和遥感技术，与大气环境遥感技术（如卫星观测和植被监测）密切相关。,"['MODIS', 'EVI', 'vegetation greening', 'Earth observation']",Dibyendu Dutta,Structural stability of vegetation greening across India from multi-season MODIS EVI: a time–frequency earth observation framework,
None,False,International Journal of Applied Earth Observation and Geoinformation,该论文主要关注长距离铁路MLS数据的空间语义分割框架，涉及全局先验和局部几何集成技术，与大气环境遥感技术（如空气质量监测、卫星观测、大气成分分析、气溶胶反演等）关系不大。,"['semantic segmentation', 'long-distance railway', 'MLS data']",Yue Zhang;Tao Xu;Wen Xiao;Liang Fei;Jiawei Wang;Yuanwei Yang;Lunche Wang,SegRail: A Framework for semantic segmentation of long-distance railway MLS data via global priors and local geometry integration,
None,True,International Journal of Applied Earth Observation and Geoinformation,该论文标题和摘要中明确提到了“多源遥感”（multi-source remote sensing），这与大气环境遥感技术密切相关。此外，“辐射耦合分析”（radiation coupling analysis）和“大气组成”（atmospheric composition）也与大气环境监测（如空气质量监测）相关。因此，该论文与大气环境遥感技术**强相关**。,"['remote sensing', 'atmospheric composition', 'air quality monitoring']",Guanjun Lian;Huaiqing Zhang;Hua Liu;Tingdong Yang;Hanqing Qiu;Yang Liu;Hongyan Yu;Xianying Wang,Tree-neighborhood scale structure–radiation coupling analysis and modeling using multi-source remote sensing and ensemble learning,
None,True,International Journal of Applied Earth Observation and Geoinformation,该论文研究的是利用无人机进行白天和黑夜的野火分割，涉及亮度自适应的RGB-热成像网络。虽然野火本身不是大气环境污染物，但无人机遥感技术在大气环境监测（如空气质量、火灾烟雾监测）中具有重要应用，因此与大气环境遥感技术有一定相关性。,"['UAV wildfire segmentation', 'brightness-adaptive', 'RGB–thermal network']",Peng Cheng;Luli Zhang;Bin Wang;Junyi Liu;Haigang Sui,DNFNet: a brightness-adaptive lightweight RGB–thermal network for day–night UAV wildfire segmentation,
None,False,International Journal of Applied Earth Observation and Geoinformation,该论文的主题是地质灾害监测中的岩石裂缝分割技术，涉及岩石物理特性和地质建模，与大气环境遥感技术（如空气质量监测、卫星观测、大气成分分析、气溶胶反演）没有直接关联。,"['rock-mass cracks', 'anisotropic feature modeling', 'geological hazard monitoring']",Qin Bao;Yong Yang;Yongyi Xiang;Heng Zhang,Lightweight segmentation of rock-mass cracks based on anisotropic feature modeling for geological hazard monitoring,
None,True,International Journal of Applied Earth Observation and Geoinformation,该论文标题和摘要涉及光学-SAR技术在土地覆盖分类中的应用，与大气环境遥感技术中的卫星观测和地表参数反演密切相关，因此相关性强。,"['GFS-Net', 'optical-SAR', 'land-cover classification']",Hongkang Tao;Qin Huang;Teng Zhong;Zan Yang;Haobo Qiu;Chen Jiang,GFS-Net: Geometry–frequency synergistic fusion for accurate optical–SAR land-cover classification,
None,True,International Journal of Applied Earth Observation and Geoinformation,该论文研究利用多源时间序列数据监测森林生长动态，特别是冠层高度变化。虽然主要关注森林生态学，但冠层高度是大气环境遥感中的重要参数，可用于反演植被覆盖、生物量等，与大气环境监测有间接关联。,"['canopy height', 'time series', 'forest growth dynamics']",Hugo de Lame;Thibauld Collet;Pauline Depoortere;Alexia Favaro;Philippe Lejeune;Adrien Michez;Antoine Plumacker;Jérôme Perin;Thomas Pollet;Quentin Ponette;Zoé Rousseau;Arthur Vander Linden;Marie-Pierre Tasseroul;Christian Messier;Jean-François Bastin,Monitoring forest growth dynamics from harmonized multi-source time series of canopy height,
None,False,International Journal of Applied Earth Observation and Geoinformation,该论文主要关注的是在火星上识别高价值着陆椭圆点，使用连续优化框架和适宜性地图。这与大气环境遥感技术（如空气质量监测、卫星观测、大气成分分析、气溶胶反演）没有直接关系，因此不相关。,"['Mars', 'landing ellipses', 'optimization framework', 'suitability map']",Rong Wang;Yongjiu Feng;Yuhao Wang;Yi Zhou;Panli Tang;Jingbo Sun;Yusheng Xu;Chao Wang;Sicong Liu;Zhen Ye;Xiaohua Tong,Identifying high-value landing ellipses on Mars using a continuous optimization framework with suitability map,
None,True,International Journal of Applied Earth Observation and Geoinformation,该论文研究利用GEDI数据结合空间光谱特征进行建筑物高度测绘，涉及遥感技术对城市大气环境监测中的应用，属于大气环境遥感技术范畴。,"['GEDI', 'building height mapping', 'spatial-spectral characteristics', 'remote sensing']",Xiao Ma;Yajie Qu;Hexiang Wang;Meiyuan Chen;Chuyi Yang;Guang Zheng;Chi Xu;Yixi Bi,Filtering GEDI footprints based on combined spatial-spectral characteristics for individual building height mapping in 12 major global cities,
None,True,International Journal of Applied Earth Observation and Geoinformation,该论文标题和摘要中明确提到了火星（Martian）和人类活动引起的改变（anthropogenic changes），虽然研究对象是火星而非地球大气环境，但其使用的对比引导层次无监督方法（contrast-guided hierarchical unsupervised method）可能应用于大气环境遥感技术中，例如通过卫星观测分析火星大气成分变化。因此，该论文与大气环境遥感技术有一定相关性。,"['Martian', 'contrast-guided', 'hierarchical unsupervised', 'anthropogenic changes']",Jiang Long;Sicong Liu;Yuxuan Hu;Jiayi Wu;Tao Liu;Yonggang Xiong;Kaiyue Luo;Jie Zhang;Kecheng Du;Huan Xie;Xiaohua Tong,CGHU-CD: A contrast-guided hierarchical unsupervised method for detecting Martian anthropogenic changes,
None,True,International Journal of Applied Earth Observation and Geoinformation,该论文的标题和摘要明确涉及卫星-地面闪电融合技术，这属于大气环境遥感技术的范畴，特别是与大气电学和环境监测相关。'Chinese marginal seas'（中国边缘海）进一步明确了研究区域，而'null-model framework'（空模型框架）表明了研究方法，这些都直接关联到大气环境遥感的分析与应用。,"['satellite-ground lightning fusion', 'Chinese marginal seas', 'atmospheric environmental remote sensing']",Nengxing Guo;Li Cai;Wenzhao Lu;Yingpu Xie;Yuheng Niu;Tao Li;Chun Zhao;Shanqiang Gu,A factorial spatial–temporal null-model framework for satellite–ground lightning fusion across Chinese marginal seas,
None,False,International Journal of Applied Earth Observation and Geoinformation,该论文研究的虚拟地理场景建模和城市高速公路隧道案例与大气环境遥感技术（如空气质量监测、卫星观测、大气成分分析、气溶胶反演）没有直接关联。,[],Jinbin Zhang;Jun Zhu;Bowen Yang;Zhihao Guo;Ranran Tang;Tao Jiang;Jigang You,Virtual geographical scene modeling towards geospatial digital twins: A case study of urban highway tunnel scenarios,
None,True,International Journal of Applied Earth Observation and Geoinformation,该论文研究了从太空探测甲烷并估计其排放量的技术，涉及了PRISMA、EnMAP和GHGSat等卫星传感器，这些内容与大气环境遥感技术（如空气质量监测、卫星观测、大气成分分析、气溶胶反演）密切相关，因此密切相关。,"['Methane', 'PRISMA', 'EnMAP', 'GHGSat', 'space']",Daniele Settembre;Davide De Santis;Giovanni Schiavon;Fabio Del Frate,Methane detection and emission estimation from space: Benchmarking PRISMA and EnMAP with the GHGSat constellation,
None,True,International Journal of Applied Earth Observation and Geoinformation,该论文的标题和摘要明确涉及大气环境遥感技术，特别是利用GNSS观测和ERA5再分析数据重建三维对流层延迟场，这与大气成分分析和空气质量监测密切相关。,"['tropospheric delay fields', 'GNSS observations', 'spatiotemporal reconstruction']",Fangxin Hu;Bo Chen;Mingyuan Zhang;Ran Lu;Pengfei Xia;Tengfeng Wang;Xiaowei Zou;Yuanfan Deng,Tropoformer-S: iTransformer-based spatiotemporal reconstruction of three-dimensional tropospheric delay fields integrating ERA5 reanalysis and GNSS observations,
None,True,International Journal of Applied Earth Observation and Geoinformation,该论文使用了多源地球观测数据和 vine copula 理论来量化湖泊扩张概率，涉及冰川-气候强迫的复合影响，这与大气环境遥感技术（如空气质量和大气成分分析）密切相关，因为地球观测数据是大气环境遥感的重要组成部分。,"['Earth observation', 'lake expansion', 'glacier–climate forcing', 'remote sensing', 'atmospheric composition']",Xiaoyang Zhao;Nai’ang Wang;Liqiang Zhao;Dezhong Zhang;Na’na Zhai;Hang Zhao;Liqiong Bai,Quantifying lake expansion probability under compound glacier–climate forcing using a GCL-CPF framework integrating multi-source Earth observation and vine copula theory,
None,True,International Journal of Applied Earth Observation and Geoinformation,该论文标题和摘要明确涉及遥感技术（remote sensing）和作物绘制（crop mapping），虽然主要关注点在农业领域，但遥感技术本身是大气环境监测和成分分析（atmospheric composition analysis）的重要手段，因此与大气环境遥感技术具有一定相关性。,"['remote sensing', 'crop mapping', 'atmospheric composition analysis']",Lihua Cui;Wenting Han;Xuedong Zhai;Guang Li;Shah Jahan Leghari;Yi Liao;Ziao Zhou;Shenjin Huang,PLGCA-SAM: Progressive local and global context-aware network incorporating SAM for remote sensing crop mapping,
None,True,International Journal of Applied Earth Observation and Geoinformation,该论文标题和摘要中提到了“多频微波遥感”，这是一种遥感技术，用于监测和分析大气环境。虽然主要研究对象是森林对干旱胁迫的响应，但微波遥感技术在环境监测中的应用使其与大气环境遥感技术相关。,"['microwave remote sensing', 'drought stresses', 'forest responses']",Xu Zhang;Xiang Zhang;Fei Zhang;Xihui Gu;Hongliang Ma;Aminjon Gulakhmadov;Rabindra Kumar Panda;Mahlatse Kganyago;Veber Costa;Won-Ho Nam;Dash Subhaprada;Uma Charan Mohanty;Jiangyuan Zeng;Wen Xiao;José A. Marengo;Chao Yang;Wenying Du;Zeqiang Chen;Longgang Xiang;Nengcheng Chen,Multi-frequency microwave remote sensing reveals stratified forest responses to diverse drought stresses,
None,False,International Journal of Applied Earth Observation and Geoinformation,该论文研究的是地震引发的地表滑坡强度建模，涉及地质学和自然灾害科学，与大气环境遥感技术（如空气质量监测、卫星观测、大气成分分析、气溶胶反演）无关。,[],Binghai Gao;Yi Wang;Xiaolong Zhang;Xin Wang;Jingqi Huang;Pan Cao;Yongheng Li;Jiwei Wang,"Modeling regional coseismic landslide intensity with an interpretable Log-Gaussian GAM: Integrating size, mobility, and their interactions",
None,True,International Journal of Applied Earth Observation and Geoinformation,该论文标题和摘要明确涉及遥感图像分割和视觉基础模型，这与大气环境遥感技术（如卫星观测、大气成分分析）密切相关。虽然摘要未直接提及空气质量监测或特定污染物，但遥感图像分割是大气环境遥感技术中的一个重要环节，用于分析大气成分和现象。,"['remote sensing', 'image segmentation', 'vision foundation model']",Yijie Zhang;Jian Cheng;Shimiao Fan;Changjian Deng;Ziying Xia;Nyima Tashi,Improving text–image alignment for referring remote sensing image segmentation guided by vision foundation model,
None,True,International Journal of Applied Earth Observation and Geoinformation,该论文研究了气象干旱与长江中下游地区复合水汽源的输送异常之间的关系，涉及大气成分和水汽输送等与大气环境遥感技术相关的内容。,"['meteorological drought', 'moisture sources', 'atmospheric composition']",Hanlin Zheng;Tianliang Jiang;Yanping Qu;Qianfeng Wang;Yachao Zhang,Probabilistic associations between meteorological drought and compound moisture sources-transport anomalies in the middle and lower Yangtze River,
None,False,International Journal of Applied Earth Observation and Geoinformation,该论文主题是使用社交媒体数据识别大城市中的城市内涝优先区域，与大气环境遥感技术（如空气质量监测、卫星观测、大气成分分析、气溶胶反演）无关。,[],Xi Huang;Guicheng Yang;Yinyin Chen;Luo Liu;Jiufeng Li;Xianzhe Tang,A spatiotemporal framework for identifying urban flood priority areas in megacities using social media data,
None,True,International Journal of Applied Earth Observation and Geoinformation,该论文研究的是基于地表温度异常提取的框架，与大气环境遥感技术中的地表参数监测相关，属于遥感技术在环境监测中的应用范畴。,"['LST', 'surface thermal anomaly', 'framework']",Pengcheng Wu;Qingyan Meng;Linlin Zhang;Mona Allam;Longfei Liu;Hantian Wu,SRAIN: An isolated-neighborhood-based framework for LST-based surface thermal anomaly extraction,
None,True,International Journal of Applied Earth Observation and Geoinformation,该论文研究的主题是使用单时相遥感影像进行建筑物损坏检测的灾害感知网络（DPNet），这与大气环境遥感技术中的卫星观测和图像分析相关，但更侧重于灾害管理和灾后评估，而非直接的大气成分或空气质量监测。尽管如此，遥感影像在大气环境监测中仍扮演重要角色，因此可以认为该论文与大气环境遥感技术有较强的相关性。,"['remote sensing imagery', 'building damage detection', 'disaster perception network']",Chunfeng Gao;Zheng Gong;Bing He;Ying Qu;Qiao Wang;Weihua Dong,DPNet: A disaster perception network for building damage detection using single-temporal remote sensing imagery,
None,True,International Journal of Applied Earth Observation and Geoinformation,该论文研究了沿海湿地景观中不同土地覆盖类型的最优分割尺度，涉及从0.02米到30米的遥感技术，这与大气环境遥感技术相关，特别是与卫星观测和土地覆盖分类有关。,"['land-cover types', 'segmentation scale', 'remote sensing']",Xiaonan Zhou;Junkai Shi;Qingyu Li;Zhenguo Niu,"Resolution-dependent divergence of optimal segmentation scale across land-cover types in a coastal wetland landscape: A systematic empirical characterization from 0.02 to 30 m near the Yellow River estuary, Dongying, China",
None,False,International Journal of Applied Earth Observation and Geoinformation,该论文的标题和摘要主要关注多尺度空间条件光谱路由网络用于高光谱和多光谱图像融合，与大气环境遥感技术（如空气质量监测、卫星观测、大气成分分析、气溶胶反演）的关联性较弱。虽然图像融合技术在遥感数据处理中有应用，但论文的核心内容并未涉及大气环境相关的具体技术或应用。,"['hyperspectral', 'multispectral', 'image fusion']",Bo Zhou;Xianfeng Zhang;Ziyuan Feng;Miao Ren;Xiaobo Zhi,A multi-scale spatial-conditioned spectral routing network for hyperspectral and multispectral image fusion,
None,True,International Journal of Applied Earth Observation and Geoinformation,该论文研究了如何通过物理约束的多任务学习技术，从地球静止卫星的太阳总辐射反射率中改进小时PM2.5的估算。PM2.5是大气环境监测中的关键污染物，而地球静止卫星和太阳总辐射反射率是大气环境遥感技术的重要组成部分，因此该论文与大气环境遥感技术密切相关。,"['PM2.5', 'geostationary satellite', 'TOA reflectance', 'multi-task learning']",Ruijie Li;Zhe Zheng;Chenru Zou;Ke Li;Xidong Sun;Chaoshun Liu;Guangze Zhang;Kaixu Bai,Improving hourly PM<sub>2.5</sub> estimation from geostationary satellite TOA reflectance through physically constrained multi-task learning,
None,True,International Journal of Applied Earth Observation and Geoinformation,该论文标题和摘要明确涉及遥感场景分割技术，其中提到的“remote sensing”和“scene segmentation”直接关联到大气环境遥感技术，如卫星观测和图像分析。虽然摘要中没有具体提到空气质量监测或污染物名称，但其技术方法（如空间-频率协作）与大气环境遥感数据处理密切相关。,"['remote sensing', 'scene segmentation', 'spatial–frequency collaboration']",Wenwu Xiong;Wei Chen;Zhou Huang;Hongzhao Tang;Kevin Tansey;Józef Hernik;Binbin Lu;Shichao Cui;Yida Chen,SFMNet: Joint semantic and structural modeling via spatial–frequency collaboration for remote sensing scene segmentation,
None,True,International Journal of Applied Earth Observation and Geoinformation,该论文研究了使用物理引导的机器学习方法从Landsat地表反射率估算时空无缝的FAPAR（叶面积指数），FAPAR是大气环境遥感中的重要参数，Landsat是常用的卫星传感器之一，因此该研究属于大气环境遥感技术领域。,"['FAPAR', 'Landsat', 'machine learning', 'surface reflectance']",Yimin Ni;Gaofei Yin;Guodong Zhang;Gang Sun;Xiaodan Wu;Xiaojun Li;Xinyan Liu;Anxin Ding;Rui Chen;Meilian Wang;Yi Zhang;Jiangchuan Hu;Zongyan Li;Aleixandre Verger,Physics-Guided Machine learning approach for estimating spatiotemporally seamless FAPAR from Landsat surface reflectance,
None,False,International Journal of Applied Earth Observation and Geoinformation,该论文主要关注的是视觉基础模型在遥感语义分割中的应用，涉及多模态适应和参数高效等技术，但并未明确提及大气环境遥感技术相关的具体内容，如空气质量监测、卫星观测、大气成分分析或气溶胶反演等，因此与大气环境遥感技术相关性不强。,"['multimodal adaptation', 'vision foundation models', 'remote sensing semantic segmentation']",Haocheng Li;Juepeng Zheng;Shuangxi Miao;Ruibo Lu;Guosheng Cai;Haohuan Fu;Jianxi Huang,Parameter-efficient multimodal adaptation of vision foundation models for remote sensing semantic segmentation,
None,True,International Journal of Applied Earth Observation and Geoinformation,该论文使用深度学习和超分辨率技术对加州野火进行烧毁区域地图绘制，涉及Sentinel-2和Landsat-8卫星图像，属于大气环境遥感技术中的卫星观测和图像处理领域，因此与大气环境遥感技术密切相关。,"['Sentinel-2', 'Landsat-8', 'deep learning', 'burned area mapping']",Youngmin Seo;Seung Hee Kim;Menas Kafatos;Jinsoo Kim;Yangwon Lee,Deep learning-based burned area mapping of California wildfires using Sentinel-2 and Landsat-8 imagery enhanced with super-resolution techniques,
None,True,International Journal of Applied Earth Observation and Geoinformation,该论文研究了使用数据驱动的深度学习方法增强从地球静止卫星Himawari-8获取的气溶胶光学/微物理参数的检索技术，这与大气环境遥感技术（如空气质量监测、卫星观测、大气成分分析、气溶胶检索）密切相关。,"['Himawari-8', 'aerosol optical/microphysical parameters', 'deep learning method']",Lina Xu;Siyu Liu;Minghui Tao;Jun Wang;Xincai Chang;Wenjing Man;Jie Ma;Huang Zhang;Jhoon Kim,Enhanced retrieval of aerosol optical/microphysical parameters for Himawari-8 geostationary satellite measurements with data-driven deep learning method,
None,False,International Journal of Applied Earth Observation and Geoinformation,该论文主要关注的是在山区使用深度学习技术进行树木分割和多维度属性提取，与大气环境遥感技术（如空气质量监测、卫星观测、大气成分分析、气溶胶反演等）没有直接关系。,"['deep learning', 'tree segmentation', 'attribute extraction']",Guangbin Lei;Ainong Li;Jinhu Bian;Zhengjian Zhang;Xiaohan Lin;Xi Nan;Amin Naboureh;Yulan Chen;Yi Deng,A multi-task collaborative method for individual tree segmentation and multi-dimensional attribute extraction in mountainous areas using deep learning technologies,
None,True,International Journal of Applied Earth Observation and Geoinformation,该论文与大气环境遥感技术密切相关，因为它是关于从SMAP卫星获取全球土壤湿度数据的优化土壤介电模型。土壤湿度是大气水循环的重要组成部分，通过遥感技术监测土壤湿度有助于大气环境监测和研究。,"['soil moisture', 'SMAP', 'dielectric model', 'global soil moisture retrieval']",Yulin Shangguan;Jian Peng;Cheng Tong;Xingyu Xue;Xiaojun Xu;Xiaodong Deng;Xiaoxiao Min;Zhou Shi;Jean-Pierre Wigneron,Optimal soil dielectric model map for global soil moisture retrieval from SMAP,
None,True,International Journal of Applied Earth Observation and Geoinformation,该论文与大气环境遥感技术相关，因为它涉及使用卫星观测（Ocean-Colour）来获取全球海洋颜色数据，用于海洋生态监测。虽然主要关注海洋生态，但其使用遥感技术获取数据的方法与大气环境遥感技术有共通之处。,"['Ocean-Colour', 'marine ecological monitoring', 'satellite observations']",Yuan Zhang;Hui Yang;Fang Shen;Tingwei Cui;Liu Cui;Renhu Li;Qingzhou Lv;Xuerong Sun,"A Global, Gap-Free daily Ocean-Colour dataset (2000–2024) for robust marine ecological monitoring",
None,True,International Journal of Applied Earth Observation and Geoinformation,该研究涉及使用无人机（UAV）和基于双向反射率分布函数（BRDF）的植被指数来检索树木高度，这与大气环境遥感技术中的植被参数反演和遥感监测高度相关。虽然主要关注树木高度，但该技术可以间接应用于大气成分分析（如通过植被参数推断大气污染扩散）。,"['UAV', 'BRDF', 'vegetation indices', 'tree height retrieval', 'remote sensing']",Zhihui Mao;Lei Deng;Qinghua Qiao,Viewing-geometry effects on UAV-based tree height retrieval using BRDF-derived vegetation indices,
None,False,International Journal of Applied Earth Observation and Geoinformation,该论文研究的是中国最大的海草床的长期时空动态变化，虽然使用了卫星追踪技术，但主题与大气环境遥感技术（如空气质量监测、卫星观测、大气成分分析、气溶胶反演）无关，而是属于海洋生态学领域。,"['seagrass meadow', 'satellite tracking', 'spatiotemporal dynamics']",Jun Tang;Yingcheng Lu;Zhiyuan Ouyang;Yarong Zou;Futao Wang;Yuntao Wang;Chao Zhou;Yanlong Chen,Satellite tracking of long-term spatiotemporal dynamics in China’s largest seagrass meadow,
None,True,International Journal of Applied Earth Observation and Geoinformation,该论文标题和摘要中提到了“remote sensing”和“segment anything”，表明其与遥感技术相关，且“segment everything”可能涉及大气成分分析或环境监测，因此与大气环境遥感技术相关。,"['segment anything', 'remote sensing', 'atmospheric composition']",Osmar Luiz Ferreira de Carvalho;Osmar Abílio de Carvalho Júnior;Anesmar Olino de Albuquerque;Daniel Guerreiro e Silva,Remote SAMsing: From segment anything to segment everything,
None,False,International Journal of Applied Earth Observation and Geoinformation,该论文主要关注的是使用移动激光扫描和语义3D道路空间模型进行物体表面的辐射指纹识别，这与大气环境遥感技术（如空气质量监测、卫星观测、大气成分分析、气溶胶反演等）没有直接关系。,"['mobile laser scanning', 'semantic 3D road space models', 'radiometric fingerprinting']",Benedikt Schwab;Thomas H. Kolbe,Radiometric fingerprinting of object surfaces using mobile laser scanning and semantic 3D road space models,
None,True,International Journal of Applied Earth Observation and Geoinformation,该研究使用深度学习模型来估计北欧国家的体积和Lorey高度，并利用光学和SAR卫星图像。这与大气环境遥感技术密切相关，特别是卫星观测和大气成分分析领域。,"['optical satellite images', 'SAR satellite images', 'deep learning models']",Zsofia Koma;Oleg Antropov;Oliver Cartus;Jukka Miettinen;Johannes Breidenbach,Deep learning models for estimating volume and Lorey’s height across Nordic countries using optical and SAR satellite images,
None,True,International Journal of Applied Earth Observation and Geoinformation,该论文使用卫星嵌入技术对作物类型进行分类，与大气环境遥感技术中的卫星观测和数据分析相关。虽然主要关注农业领域，但遥感技术是大气环境监测的重要工具之一，因此该研究在技术层面与大气环境遥感有相关性。,"['satellite embeddings', 'crop type classification', 'remote sensing']",Britt W. Smith;Jessica J. Walker;Christopher E. Soulard,Satellite embeddings for crop type classification: a comparative examination,
None,False,International Journal of Applied Earth Observation and Geoinformation,该论文的标题和摘要专注于树木分割技术，涉及点云数据处理和网络结构重构，与大气环境遥感技术（如空气质量监测、卫星观测、大气成分分析、气溶胶反演）无明显关联。,"['air quality monitoring', 'satellite observations', 'atmospheric composition analysis', 'aerosol retrieval']",Lei Bao;Yong Wu;Leiguang Wang;Xiaoli Zhang;Zhibo Yu;Zhi Liu;Chi Lu;Yuansu Xu;Hong Wang;Xiaohan Liu;Weibin Wang;Hongbin Luo;Guanglong Ou,Network-inspired restructuring for individual tree segmentation in ULS point clouds,
None,True,International Journal of Applied Earth Observation and Geoinformation,该论文研究了联合学习频率-时空依赖性和结构上下文用于光学-SAR变化检测，光学-SAR技术可用于监测大气成分和空气质量，因此与大气环境遥感技术密切相关。,"['optical-SAR', 'change detection', 'atmospheric composition']",Yujie Li;Xuanguang Liu;Chenguang Dai;Zhenchao Zhang;Lei Ding;Han Zhu;Ruihua Lu;Hanyun Wang,Joint learning of frequency-spatio-temporal dependencies and structural context for optical-SAR change detection,
None,True,International Journal of Applied Earth Observation and Geoinformation,该论文使用AVIRIS-3（高光谱卫星传感器）对退化冻土斜坡的植被演替进行模拟，涉及遥感技术和大气环境监测（特别是地表植被和土壤成分分析），因此与大气环境遥感技术相关。,"['AVIRIS-3', 'vegetation succession', 'retrogressive thaw slumps']",Bhagyashree Verma;Emma C. Hall;Mark J. Lara,Simulated AVIRIS-3 detects species-specific patterns of vegetation succession in retrogressive thaw slumps,
None,False,International Journal of Applied Earth Observation and Geoinformation,该研究主要关注的是利用地形引导的三模态Mamba网络来绘制小冰期冰川，与大气环境遥感技术（如空气质量监测、卫星观测、大气成分分析、气溶胶反演）关系不大。,"['glaciers', 'terrain-guided', 'Mamba network']",Jun Zhou;Shiyin Liu;Fuming Xie;Caixia Qin,Mamba-trident: terrain-guided tri-modal Mamba network for mapping little ice age glaciers,
None,True,International Journal of Applied Earth Observation and Geoinformation,该论文研究了叶片生理和冠层结构对太阳诱导叶绿素荧光和总初级生产力的影响，涉及大气环境中的植被生理和冠层结构分析，这与大气环境遥感技术中的植被监测和大气成分分析密切相关。,"['solar-induced chlorophyll fluorescence', 'gross primary productivity', 'canopy structure']",Fangyi Lv;Kaimin Sun;Shunxia Miao;Yi Xu;Wei Cui;YePei Chen;Wenzhuo Li;Xiuqing Hu,Disentangling leaf physiology and canopy structure effects on solar-induced chlorophyll fluorescence and gross primary productivity: A multi-biome and cross-site assessment,
None,True,International Journal of Applied Earth Observation and Geoinformation,该论文研究的是基于物理约束的神经网络，用于重建全谱太阳能诱导叶绿素荧光，这与大气环境遥感技术中的叶绿素荧光遥感、植被监测等方向相关，属于大气成分分析和卫星观测的范畴。,"['physics-constrained neural network', 'solar-induced chlorophyll fluorescence', 'reconstruction']",Dianrun Zhao;Shanshan Du;Yulu Du;Xinjie Liu;Liangyun Liu,FSIF-PCNN: A physics-constrained neural network for full-spectrum solar-induced chlorophyll fluorescence reconstruction,
None,True,International Journal of Applied Earth Observation and Geoinformation,该论文使用SDGSAT-1夜间光影像技术评估城市户外运动场地的照明质量，这与大气环境遥感技术中的卫星观测和城市环境分析相关，属于大气环境遥感技术应用领域。,"['SDGSAT-1', 'nighttime light imagery', 'urban outdoor sports fields']",Tingrui Guo;Min Zhao;Zhuolin Tao;Jiaqi Fu;Xinyi Song;Yuyu Zhou,Assessment of lighting quality in urban outdoor sports fields using 10-m SDGSAT-1 nighttime light imagery,
None,True,International Journal of Applied Earth Observation and Geoinformation,该论文标题和摘要明确涉及地球观测技术（remote sensing）和火灾烧毁区域测绘，这与大气环境遥感技术（如空气质量监测、卫星观测、大气成分分析、气溶胶检索）密切相关，因此该论文与大气环境遥感技术密切相关。,"['wildfire', 'burned area mapping', 'earth observation', 'remote sensing']",Mirza Waleed;Muhammad Bilal,BAM: A physics-informed self-supervised framework for near-real-time wildfire burned area mapping from multi-source earth observation,
None,False,International Journal of Applied Earth Observation and Geoinformation,该论文研究的是一种用于生成复杂背景中高保真SAR船舶图像的物理散射引导先验增强Mamba模型，主要关注的是合成孔径雷达（SAR）技术及其在图像生成中的应用，而非大气环境遥感技术，如空气质量监测、卫星观测或大气成分分析。,"['SAR', 'scattering', 'Mamba model']",Moran Ju;Changqi Wang;Si-Nian Jin,A physical Scattering-Guided Prior-Enhanced Mamba model for high-fidelity SAR ship generation in complex backgrounds,
None,True,International Journal of Applied Earth Observation and Geoinformation,该论文研究了无人机RGB和高光谱图像的深度空间-光谱融合技术，用于马铃薯植物病害检测。这属于遥感技术在农业领域的应用，涉及图像处理和数据分析技术，与大气环境遥感技术中的图像分析和监测有间接关联，但主要聚焦于农业病害检测，而非大气环境本身。,"['UAV RGB', 'hyperspectral imagery', 'disease detection']",Tianyi Jia;Magdalena Smigaj;Gert Kootstra;Lammert Kooistra,Deep spatial-spectral fusion of UAV RGB and hyperspectral imagery for potato plant disease detection,
None,False,International Journal of Applied Earth Observation and Geoinformation,该论文的标题和摘要主要关注使用深度学习自动划分荷兰的产权边界，与大气环境遥感技术（如空气质量监测、卫星观测、大气成分分析、气溶胶反演）没有直接关系。,[],Jeroen Grift;Claudio Persello;Mila Koeva,From pixels to vectorized cadastral boundaries: Deep learning-based automated delineation of property boundaries in the Netherlands,
None,False,International Journal of Applied Earth Observation and Geoinformation,该论文标题和摘要主要关注图像匹配和几何引导的注意力机制，与大气环境遥感技术（如空气质量监测、卫星观测、大气成分分析、气溶胶反演）无关。,[],Hongyang Zhang;Yusheng Xu;Changyou Xu;Rong Huang;Zhen Ye;Yan Xia;Xiaohua Tong,Learning from noisy pose priors: Geometry-guided routing attention for robust image matching,
None,True,International Journal of Applied Earth Observation and Geoinformation,该论文研究了利用多角度TECIS数据估算森林生物量，TECIS（Total Electron Content Integrated Sensor）是一种用于大气电离层测量的仪器，但常用于大气环境遥感技术中，例如通过分析大气中电离层信息来反演地表参数。森林生物量估算与大气环境监测密切相关，因此该研究属于大气环境遥感技术领域。,"['Multi-Angular TECIS', 'forest biomass estimation', 'atmospheric remote sensing']",Xuexia Sun;Xiaoyao Li;Bingxiang Tan;Fayun Wu;Yuxuan Liu;Shimei Xiong,Feature selection from Multi-Angular TECIS data for forest biomass estimation using a Model-driven sensitivity analysis approach,
None,False,International Journal of Applied Earth Observation and Geoinformation,该论文研究的是利用VIIRS夜间灯光数据量化地震引起的建筑损坏，主要涉及深度学习模型和区域验证，与大气环境遥感技术（如空气质量监测、卫星观测、大气成分分析、气溶胶反演）关系不大。,"['VIIRS', 'nighttime lights', 'deep learning']",Hee-Su Joo;Seon-Gyu Kim;Jin-Hyeong Lee;Hyung-Sup Jung,Quantifying earthquake-induced building damage from VIIRS nighttime lights: A multi-scale framework with deep learning–based area validation,
None,False,International Journal of Applied Earth Observation and Geoinformation,该论文主要关注森林昆虫损害的预警，涉及的是生物灾害监测和预测，与大气环境遥感技术（如空气质量监测、卫星观测、大气成分分析、气溶胶反演等）没有直接关联。,"['forest insect damage', 'spatiotemporal prior knowledge', 'factor-driven modeling']",Haoyan Zhang;Shiming Li;Yaozhong Pan,Integrating spatiotemporal prior knowledge from co-segmented time-series into factor-driven modeling for forest insect damage warning,
None,True,International Journal of Applied Earth Observation and Geoinformation,该论文研究的是印度砖窑的分布和技术类型，这直接与大气环境遥感技术相关，因为砖窑是重要的空气污染源，其分布和类型可以通过遥感技术进行监测和分析。,"['brick kilns', 'distribution', 'technology types']",Sugandha Arora;Clément Goldmann;Stefan Oehmcke;Jan Pauls;Chuanlong Zhou;Abhinav Sharma;Kushal Tibrewal;Harish Phuleria;Fabian Gieseke;Philippe Ciais,Brick kilns across India: A temporal analysis of brick kiln distribution and technology types,
None,True,International Journal of Applied Earth Observation and Geoinformation,该论文研究了从多源地球观测数据中评估喀斯特干旱的传播，涉及地球观测技术，与大气环境遥感技术（如卫星观测和地球观测数据）密切相关。,"['Earth Observation', 'karst drought', 'multisource']",Chengchang Tian;Qiuwen Zhou;Ze Yuan;Yuan Li;Igor Leščešen;Slobodan Gnjato;Pedro A.M. Leite,Global assessment of karst drought propagation from multisource Earth Observation: Epikarst-mediated rapid shallow coupling and delayed deep responses,
None,True,International Journal of Applied Earth Observation and Geoinformation,该论文研究利用FY-3G多角度偏振观测数据进行全球云相监测，并使用新MAPLE-CP框架，同时通过多站点激光雷达进行验证。这与大气环境遥感技术密切相关，特别是云相监测和大气成分分析。,"['FY-3G', 'polarimetric', 'cloud phase monitoring', 'lidar validation']",Yaying Wang;Haofei Wang;Chuanfeng Zhao;Qiao Wang;Kun Jia;Jinlong Fan;Hang Lyu;Sijie Chen;Zhenping Yin;Xing Yan,Global cloud phase monitoring from FY-3G multi-angle polarimetric observations using the new MAPLE-CP framework with independent multi-site lidar validation,
None,True,International Journal of Applied Earth Observation and Geoinformation,该论文研究如何通过体积保持插值预处理步骤来减少空气温度降尺度中的网格伪影，这与大气环境遥感技术中的空气质量监测和大气组成分析密切相关，因为空气温度是大气环境的重要参数，而降尺度技术常用于处理卫星观测数据。,"['air temperature', 'downscaling', 'Volume-Preserving interpolation']",Zitong Wen;Lu Zhuo;Jiao Wang;Ahmed Abdelhalim;Ming Zhong;Dawei Han,Reducing grid artifacts in air temperature downscaling with a Volume-Preserving interpolation preprocessing step,
None,True,International Journal of Applied Earth Observation and Geoinformation,该论文标题和摘要明确涉及了气溶胶-云探测通道的线性拟合校准算法，以及DQ-1/ACDL传感器的532 nm通道，这与大气环境遥感技术（如气溶胶和云的遥感监测）密切相关，因此判断为强相关。,"['Aerosol-Cloud detection', '532 nm', 'DQ-1/ACDL', 'Linear-Fitting calibration algorithm']",Feiyue Mao;Chengen Li;Lin Zang;Zengxin Pan;Weiwei Xu;Ge Han;Xiuqing Hu;Weibiao Chen;Wei Gong,Linear-Fitting calibration algorithm for Aerosol-Cloud detection channels at 532 nm of the DQ-1/ACDL,
None,False,International Journal of Applied Earth Observation and Geoinformation,该论文主要关注的是利用高光谱数据和机器学习技术检测水稻白叶枯病，与大气环境遥感技术（如空气质量监测、卫星观测、大气成分分析、气溶胶反演等）关系不大，因此相关性较低。,"['hyperspectral data', 'machine learning', 'rice bacterial leaf blight']",Ziyi Wang;Roshanak Darvishzadeh;Nancy Castilla;Alice Laborte;Andrew Nelson,Early detection of rice bacterial leaf blight disease using canopy hyperspectral data and machine learning,
None,False,International Journal of Applied Earth Observation and Geoinformation,该论文标题和摘要主要关注的是基于图Transformer的决策框架，用于选择性更新向量建筑数据，这与大气环境遥感技术（如空气质量监测、卫星观测、大气成分分析、气溶胶反演等）没有直接关系。,[],Yue Qiu;Fang Wu;Haizhong Qian;Jichong Yin;Xianyong Gong;Chengyi Liu;Hao Zhang;Rui Cao,V-BUILD: A graph Transformer-based decision framework for selective updating of vector building data,
None,True,International Journal of Applied Earth Observation and Geoinformation,该论文关注的是地表煤矿的环境质量评估，涉及到生态环境质量评估，与大气环境遥感技术中的空气质量监测和地表环境分析有一定关联，但并非直接针对大气成分分析或卫星观测技术。,"['surface coal Mines', 'Eco-Environmental quality assessment', 'MiecoI']",Feiyue Li;Jun Li;Chengye Zhang;Han Zhang;Chuanying Peng;Lixia Liang;Jingyu Hao;Simit Raval,A new approach for comprehensive and spatiotemporally comparable Eco-Environmental quality assessment of surface coal Mines: MiecoI,
None,True,International Journal of Applied Earth Observation and Geoinformation,该论文使用Sentinel-2卫星图像，开发了一种近实时和无监督的框架来检测粮食作物的收获情况。这涉及利用卫星遥感技术分析地表变化，属于大气环境遥感技术在农业应用中的一个方面，与空气质量监测、卫星观测、大气成分分析等领域有间接关联。,"['Sentinel-2 imagery', 'grain crop harvest detection', 'reaped index (RI)']",Kai Tang;Zeteng Li;Youzhi Zhang;Laigang Wang;Peng Yang;Bingwen Qiu;Xuehong Chen;Ruilin Chen;Jianlong Li;Jin Chen,A near-real-time and unsupervised framework for grain crop harvest detection using sentinel-2 imagery: the reaped index (RI) and automated thresholding,
None,False,International Journal of Applied Earth Observation and Geoinformation,该论文主要关注太阳能光伏产业的发展及其生态影响，涉及土地利用变化（农田到森林），与大气环境遥感技术（如空气质量监测、卫星观测、大气成分分析、气溶胶反演）没有直接关联。虽然遥感技术可能被用于监测这些变化，但论文的核心内容并非大气环境遥感技术本身。,"['solar photovoltaics', 'ecological implications', 'cropland to forest']",Shoki Shimada;Wataru Takeuchi;Kei Oyoshi,Corrigendum to “Spatiotemporal dynamics of solar photovoltaics development and ecological implications in Japan from cropland to forest” [Int. J. Appl. Earth Obs. Geoinf. 150 (2026) 105348],
None,True,International Journal of Applied Earth Observation and Geoinformation,该论文研究的是从单类标注的遥感数据集中对农田和乡村道路进行联合分割的方法，虽然不直接涉及大气环境监测，但遥感技术是大气环境遥感技术的重要组成部分，因此与大气环境遥感技术的应用领域有一定关联。,"['remote sensing', 'segmentation', 'farmland']",Zhaoxiang Cao;Yuchun Huang;Yibo Zhou;Peng Zhou;Zhiqiang Qin;Shengyuan Zhang,A partially supervised joint segmentation method for farmland and rural roads from single-class annotated remote sensing datasets,
None,True,International Journal of Applied Earth Observation and Geoinformation,该论文研究使用双极化GNSS反射计技术，结合微型卫星观测数据，对FYI-MYI海冰类型进行分类。虽然主要关注海冰，但GNSS反射计技术属于大气环境遥感技术的一种，可用于大气成分分析和观测。因此，该论文与大气环境遥感技术（如卫星观测、大气成分分析）有较强的相关性。,"['Dual-polarization GNSS reflectometry', 'sea ice type classification', 'microsatellite observations']",Runchuan Li;Fei Guo;Wentao Yang;Weiqiang Li;Xiaohong Zhang;Estel Cardellach,Dual-polarization GNSS reflectometry for FYI–MYI sea ice type classification using microsatellite observations,
None,True,International Journal of Applied Earth Observation and Geoinformation,该论文研究了波兰云杉森林中NDVI与林分结构的关系，使用了HLS、LiDAR指标和GGP-GAM方法。这些技术广泛应用于大气环境遥感，如空气质量监测和大气成分分析，因此与大气环境遥感技术密切相关。,"['NDVI', 'LiDAR', 'atmospheric composition']",Luiza Tymińska-Czabańska;Piotr Janiec;Michał Lupa;Vahid Nasiri;Franciszek Błaś;Adam Ziółkowski;Paweł Hawryło;Jarosław Socha,"Spatially varying NDVI–stand structure relationships in Scots pine forests across Poland using HLS, LiDAR metrics and GGP-GAM",
None,False,International Journal of Applied Earth Observation and Geoinformation,该论文主要研究农业和城市扩张在全球干旱地区的生态水文影响，与大气环境遥感技术（如空气质量监测、卫星观测、大气成分分析、气溶胶反演）的关系较弱。虽然可能涉及大气成分的间接影响，但核心内容并非遥感技术本身。,"['agricultural expansion', 'urban expansion', 'drylands', 'ecohydrology']",Ran Wang;Wei Zhou;Tao Lin;Zhe Hao;Shibin Zhang;Conghong Huang,Divergent ecohydrological impacts of agricultural and urban expansions across global drylands,
None,True,International Journal of Applied Earth Observation and Geoinformation,该论文使用Sentinel-2和ERA5-Land数据估算瑞典湖泊溶解有机碳，属于地球观测领域，涉及卫星观测技术，与大气环境遥感技术（如大气成分分析）有一定关联，但主要关注点在水体有机碳，相关性较强。,"['Sentinel-2', 'ERA5-Land', 'dissolved organic carbon', 'Earth observation']",Xufeng Wei;Wenbo Xu;Lanhui Wang;Renkui Guo;Zheng Duan,An interpretable Earth observation framework for estimating lake dissolved organic carbon in Sweden using Sentinel-2 and ERA5-Land data,
None,False,International Journal of Applied Earth Observation and Geoinformation,该论文的标题和摘要主要关注虚拟现实（VR）城市建模中的层次细节设计（LOD）和真实感问题，与大气环境遥感技术（如空气质量监测、卫星观测、大气成分分析、气溶胶反演等）没有直接关联。,[],Yunlei Su;Guosheng Yang;Wufan Zhao;Cai Wu,Beyond fidelity: Rethinking realism through human behavior in VR city modeling LOD design,
None,False,International Journal of Applied Earth Observation and Geoinformation,这篇论文研究的是利用机器学习技术从火星数据集中提取撞击坑，与大气环境遥感技术（如空气质量监测、卫星观测、大气成分分析、气溶胶反演）没有直接关联。,"['martian impact craters', 'bimodal dataset', 'quantitative ensemble learning']",Chang Li;Haoyan Ma;Yi He;Zhizhong Kang,BQEL-Net: A bimodal quantitative ensemble learning network with uncertainty-aware for vectorized extraction of martian impact craters from bimodal catalogic-and-quantitative dataset (BCQDS),
None,True,International Journal of Applied Earth Observation and Geoinformation,该论文研究了融合高分辨率航空图像与Sentinel-1和Sentinel-2时间序列数据以提高多年果园类型分类的精度。虽然主要关注点在于土地覆盖分类，但使用了Sentinel-1和Sentinel-2卫星数据，这些数据属于大气环境遥感技术的范畴，因此与大气环境遥感技术相关。,"['aerial imagery', 'Sentinel-1', 'Sentinel-2', 'orchard classification']",Lior Fine;Tarin Paz-Kagan;Offer Rozenstein,Fusing very high-resolution aerial imagery with Sentinel-1 and Sentinel-2 time series improves multi-year orchard type classification,
None,False,International Journal of Applied Earth Observation and Geoinformation,该论文研究的是基于遥感技术和集成模型识别和分类<em>Calliptamus italicus</em>的风险区域，考虑了人口密度和栖息地适宜性。虽然使用了遥感技术，但其主要关注点是生物风险评估，而非大气环境遥感技术（如空气质量监测、卫星观测、大气成分分析或气溶胶反演）。因此，它与大气环境遥感技术的关联性较弱。,"['remote sensing', 'ensemble modeling', 'population density', 'habitat suitability']",Junteng Luo;Liang Liu;Jianghua Zheng;Jun Lin;Wanqiang Han;Yang Yan;Jianhao Li;Feifei Zhang;Zhong Liang;Qige Qi,Identification and classification of risk zones for <em>Calliptamus italicus</em> based on remote sensing and ensemble modeling: considering population density and habitat suitability,
None,True,International Journal of Applied Earth Observation and Geoinformation,该论文使用地球观测数据和机器学习技术对阿曼湾和阿拉伯海的有害藻华进行操作预测，这与大气环境遥感技术（如卫星观测和海洋环境监测）密切相关，因此相关性较强。,"['Earth Observation', 'Machine learning', 'harmful algal blooms', 'Arabian Gulf', 'Sea of Oman']",Kaltham A. Ismail;Roqaya A. Ismail;Mohammed Salim,Earth Observation–Based Machine learning for operational forecasting of harmful algal blooms in the Arabian Gulf and Sea of Oman,
None,True,International Journal of Applied Earth Observation and Geoinformation,该论文标题和摘要明确涉及GNSS-R（全球导航卫星系统反演）技术，这是一种利用卫星信号反演大气参数（如风速）的方法。标题中的'Physics-Guided Local-Global fusion network'表明使用了物理指导的局部-全局融合网络进行高风速反演，这与大气环境遥感技术密切相关。因此，该论文与大气环境遥感技术（特别是卫星观测和风速反演）高度相关。,"['PLGF-NET', 'Physics-Guided', 'Local-Global fusion network', 'GNSS-R', 'high wind speed retrieval']",Xinzhe Xu;Minfeng Song;Xiufeng He;Jinsheng Tu;Xiaolei Wang;Jinwen Zeng;Hao Yang;Wei Zhan,PLGF-NET: A Physics-Guided Local-Global fusion network for GNSS-R high wind speed retrieval,
None,False,International Journal of Applied Earth Observation and Geoinformation,该论文主要研究利用无人机时间序列数据和少样本基础模型对苜蓿的时空生长和功能进行表征，虽然涉及遥感技术（无人机），但重点在于农业应用而非大气环境监测或成分分析。,"['UAV', 'alfalfa', 'few-shot foundation models']",Tao Cheng;Zhangru Gao;Ziyu Ding;Dong Han;Yaling Liu;Ruopu Zan;Xinyuan He;Shibo Yang;Feng Yuan;Weibo Ren;Dongyan Zhang,DINO-Pheno-Cluster: Integrating few-shot foundation models and UAV time-series for spatiotemporal growth and functional characterization of alfalfa,
None,True,International Journal of Applied Earth Observation and Geoinformation,该论文研究了使用Landsat 8/9卫星数据结合RF-XGBoost模型来检索总氮，这属于大气环境遥感技术中的大气成分分析领域，特别是针对空气质量的监测。,"['total nitrogen retrieval', 'Landsat 8/9', 'RF-XGBoost model', 'Yellow River', 'atmospheric composition analysis']",Yuanyuan Zhang;Shuanggen Jin,MFRXG: A multi-feature stacking ensemble RF-XGBoost model for total nitrogen retrieval in the Yellow River from Landsat 8/9 data,
None,True,International Journal of Applied Earth Observation and Geoinformation,该论文研究的是从单目遥感影像中进行高度估计的视觉语言网络，涉及遥感影像处理和计算机视觉技术，与大气环境遥感技术中的卫星观测和图像分析有较强关联，因此认为它与此领域相关。,"['monocular remote sensing imagery', 'height estimation', 'vision-language network']",Tao Zhang;Furong Shi;Yuanping Zhu;Xin Huang,HeightCLIP: A vision-language network for height estimation from monocular remote sensing imagery,
None,False,International Journal of Applied Earth Observation and Geoinformation,该论文主要关注城市数字孪生和环境敏感的移动性规划，虽然与环境监测有关，但并未涉及大气环境遥感技术，如空气质量监测、卫星观测或大气成分分析等具体技术。,"['urban digital twin', 'environmentally sensitive mobility planning', 'Leipzig']",Thomas Trabert;Elmar Brockfeld;Alexander Sohr;Kerstin Krellenberg;Jakob Erdmann;Xiaoxu Bei;Carsten Dalaff;Timo Houben;Jan Bumberger,Urban digital twin for environmentally sensitive mobility planning: conceptual framework and application in pilot region Leipzig,
None,True,International Journal of Applied Earth Observation and Geoinformation,该论文研究了SuperDove卫星如何检测负载物质的雪堆，重点在于极端环境事件。虽然主题不直接涉及空气质量和成分，但卫星遥感技术在监测环境事件中的应用与大气环境遥感技术相关，因此可以认为与大气环境遥感技术有一定的相关性。,"['SuperDove', 'satellite', 'matter-loaded windrows']",Dimitris Papageorgiou;Stefano Aliani;Andrés Cózar;Konstantinos Topouzelis,SuperDove satellite detection of matter-loaded windrows with a focus on extreme environmental events,
None,False,International Journal of Applied Earth Observation and Geoinformation,该研究主要关注热带城市屋面植被的测绘，利用开源多模态数据和形态感知UDASS技术。虽然涉及遥感技术和数据分析，但重点在于城市绿化和形态分析，而非大气环境监测、空气质量或卫星观测等与大气环境遥感技术直接相关的领域。,"['roof vegetation mapping', 'open-source multimodal data', 'morphology-aware UDASS']",Jinhui Liu;Mi Zhang;Lina Tang;Guofan Shao;Huiwei Jiang;Xiangyun Hu;Yibing Xiong;Jiongwei Wang,A transferable framework for roof vegetation mapping across tropical cities based on open-source multimodal data and morphology-aware UDASS,
None,False,International Journal of Applied Earth Observation and Geoinformation,该论文的标题和摘要主要关注土壤适宜性评估，涉及模糊熵、MAIRCA和TOPSIS方法，与大气环境遥感技术（如空气质量监测、卫星观测、大气成分分析、气溶胶反演）无关。,[],Karthik Subramani;Deva Nithyanandham;Felix Augustin;Saravanakumar Ramasamy;Ajeesh Puthusserry Paulose;Pandiyaraju V,An integrated picture fuzzy entropy–MAIRCA–TOPSIS framework for sustainable soil suitability evaluation,
None,True,International Journal of Applied Earth Observation and Geoinformation,该论文研究了利用多颗卫星平台在没有地面参考数据的情况下进行玉米种植区（阿根廷和巴西双季稻区）的遥感监测，这与大气环境遥感技术中的卫星观测和作物监测密切相关，属于农业遥感领域，但与空气质量监测、大气成分分析等直接关联性较弱。,"['maize mapping', 'satellite platforms', 'double-cropping regions']",Ryoungseob Kwon;Youngryel Ryu;Philippe Ciais;David Makowski;Changhyun Choi;Huaize Feng;Sungchan Jeong;Pengfei Tang;Kyungdo Lee,Enabling maize mapping in double-cropping regions of Argentina and Brazil without ground reference data by leveraging multiple satellite platforms,
None,False,International Journal of Applied Earth Observation and Geoinformation,该论文主要关注蝗虫栖息地的时空动态变化，涉及未来气候变化、植被生长和土地利用变化等环境因素，但未明确涉及大气环境遥感技术，如空气质量监测、卫星观测、大气成分分析或气溶胶反演等。,"['grasshopper habitats', 'climate projections', 'vegetation growth', 'land use change']",Jing Guo;Wenjiang Huang;Yingying Dong;Qiaoyun Xie;Guofei Fang;Fangzheng Yue;Kun Wang;Zhuoqing Hao;Yan Zhang;Xiangzhe Cheng;Yue Shi;Bing Zhang,"Spatiotemporal dynamics of grasshopper habitats under future climate projections, vegetation growth, and land use change",
None,True,International Journal of Applied Earth Observation and Geoinformation,该论文使用Sentinel-5 Precursor卫星数据和高斯烟羽模型量化大型煤矿的甲烷排放，涉及卫星观测和大气污染物监测，与大气环境遥感技术密切相关。,"['methane emissions', 'Sentinel-5 Precursor', 'Gaussian plume model']",Yuanyuan Chen;Yi Li;Lixia Tan;Yufan Qian;Shuangxi Fang,Quantifying methane emissions from large coal mine using Sentinel-5 Precursor satellite data and Gaussian plume model,
None,True,International Journal of Applied Earth Observation and Geoinformation,该论文标题和摘要涉及光谱解混和深度先验等技术，这些技术在遥感领域（如空气质量监测、卫星观测）中用于分析大气成分和气溶胶，因此与大气环境遥感技术密切相关。,"['spectral unmixing', 'deep priors', 'remote sensing']",Soorya Suresh;Shri Charan Ramesh;Arun Pattathal Vijayakumar;Vandita Srivastava;Krishna Mohan Buddhiraju,Self-supervised spectral unmixing using scene-aware deep priors,
None,True,International Journal of Applied Earth Observation and Geoinformation,该论文研究了利用Sentinel-2卫星数据通过Pioneering Test-Time training方法进行叶绿素-a反演，以揭示中国湖泊富营养化动态。这与大气环境遥感技术中的卫星观测、水质监测（叶绿素-a是水华的重要指标）密切相关，属于环境遥感领域。,"['Sentinel-2', 'chlorophyll-a', 'remote sensing', 'lake eutrophication']",Zhen Zhang;Cuilin Yang;JiaJia Yuan;Lehao Huang;Zhongxi Ge;Zhitao Fu;Bo-Hui Tang,Pioneering Test-Time training for robust Fine-Grained chlorophyll-a retrieval from Sentinel-2: Unveiling China’s lake eutrophication dynamics (2018–2025),
None,True,International Journal of Applied Earth Observation and Geoinformation,该论文标题和摘要明确涉及从形态化的集成微波图像生成高精度水汽总量产品，这与大气环境遥感技术密切相关，特别是大气成分分析和卫星观测领域。,"['precipitable water vapor', 'microwave imagery', 'atmospheric remote sensing']",Yuhao Wu;Bao Zhang;Yibin Yao;Zheng Du;Hongming Li;Quanyu Chen,Generation of high-precision precipitable water vapor products from morphed integrated microwave imagery,
None,False,International Journal of Applied Earth Observation and Geoinformation,该论文研究的是冰川泥石流的发生频率和极端气候的影响，与大气环境遥感技术（如空气质量监测、卫星观测、大气成分分析、气溶胶反演）没有直接关系。,[],Sen Zhang;Bochuan Zhang;Da Huang;Yongji Chen;Bei Zhang;Jianbing Peng,"Extreme climate effects on the occurrence and frequency of glacial debris flows: evidence from the Parlung Tsangpo Basin, Southeastern Tibetan Plateau",
None,True,International Journal of Applied Earth Observation and Geoinformation,该论文研究了无人机图像时间序列与多源环境特征在预测连续性火灾扩散方面的应用，涉及遥感技术和环境监测，与大气环境遥感技术（如空气质量监测和火灾监测）密切相关。,"['UAV', 'wildfire spread prediction', 'environmental features']",Jiahao Zhou;Sen He;Shanjunxia Wu;Qiuhua Wang;Fei Wang,Integrating UAV image time-series with multi-source environmental features for sequential wildfire spread prediction,
None,True,International Journal of Applied Earth Observation and Geoinformation,该论文研究的是基于深度学习的土地覆盖分类框架，使用卫星图像和稀疏的现场标签进行大规模分类。虽然主要关注点在于土地覆盖分类，但卫星图像是大气环境遥感技术的重要数据来源，因此与大气环境遥感技术有一定关联性。,"['deep learning', 'land cover classification', 'satellite imagery']",Johannes Leonhardt;Juergen Gall;Ribana Roscher,LC-SLab — An object-based deep learning framework for large-scale land cover classification from satellite imagery and sparse in-situ labels,
None,True,International Journal of Applied Earth Observation and Geoinformation,该论文研究了利用PROSPECT算法指导的多任务学习混合框架，用于同时反演叶片叶绿素和类胡萝卜素。虽然主要研究对象是植物色素，但这种方法与遥感技术中的大气成分分析、光谱数据处理等密切相关，因此与大气环境遥感技术有一定关联。,"['leaf chlorophyll', 'carotenoids', 'multi-task learning']",Weilin Hao;Jia Sun;Kan Zhang;Shilin Yang;Feng Qiu;Jin Xu,A PROSPECT-guided multi-task learning hybrid framework for simultaneous retrieval of leaf chlorophyll and carotenoids,
None,True,International Journal of Applied Earth Observation and Geoinformation,该论文使用卫星观测数据研究了澳大利亚北部地区火灾后植被对干旱的抵抗力变化，涉及卫星遥感技术和大气成分分析，与大气环境遥感技术相关。,"['Satellite', 'air quality monitoring', 'atmospheric composition analysis']",Huanhuan Wang;Qiaoyun Xie;Sally E. Thompson;Caitlin E. Moore,Satellite evidence of reduced resistance and resilience to water stress after antecedent fire across a rainfall gradient in northern Australia,
None,True,International Journal of Applied Earth Observation and Geoinformation,该论文研究覆盖作物生物量对卫星探测覆盖作物能力的影响，涉及卫星遥感技术和作物监测，与大气环境遥感技术（如卫星观测和植被监测）密切相关。,"['satellite-based detectability', 'cover crops', ' Maryland']",Yide Xu;Qu Zhou;Kaiyu Guan;Sheng Wang;W. Dean Hively;Jyoti Jennewein;Alison Thieme;Steven Mirsky;Zhangliang Chen,The impacts of cover crop biomass on satellite-based detectability of cover crops in Maryland,
None,True,International Journal of Applied Earth Observation and Geoinformation,该论文研究利用卫星监测洪水，涉及遥感技术在环境监测中的应用，与大气环境遥感技术（如卫星观测、大气成分分析）密切相关。,"['satellite-based flood monitoring', 'flood extent mapping', 'atmospheric remote sensing']",Ziming Wang;Jeffrey Neal;Peter M. Atkinson;Ce Zhang,From flood extent mapping to mechanism-aware flood products: integrating flood type classification into satellite-based flood monitoring,
10.1016/j.atmosenv.2026.122349,True,Atmospheric Environment,该论文研究的是大气氢气（H2）的土壤吸收过程，使用了空气动力学梯度技术进行测量，这与大气环境遥感技术中的空气质量监测和大气成分分析密切相关。,"['atmospheric hydrogen', 'soil sink', 'aerodynamic gradient technique']",Nicholas Cowan;Mark Hanlon;Aurelia Bezanger;Chiara F. Di Marco;Carole Helfter;Neil J. Mullinger;Ruby Devlin;Toby Roberts;Sarah R. Leeson;Karen Yeung;Duncan Harvey;Eiko Nemitz;Julia Drewer,Environmental controls of the soil sink of atmospheric hydrogen: a year-long study at a UK grassland using the aerodynamic gradient technique,"•Continuous, year-long aerodynamic gradient (AG) measurement of H2fluxes. •First field-scale micrometeorological flux measurements of H2in Europe. •Soil moisture strongly controls H2flux in mineral grassland soils. •AG method agrees well with flux chamber measurements of H2flux at site. 
 Atmospheric hydrogen (H2) plays a significant role in tropospheric chemistry, yet substantial uncertainty remains surrounding the magnitude and controls of the global soil sink. We report the first year-long, continuous measurements of H2 exchange using the aerodynamic gradient (AG) method at a temperate grassland. Despite the challenges associated with resolving small vertical gradients and the slow response time of GC instrumentation, the AG system produced a coherent record of ecosystem-scale H2 uptake. Temporally aggregated data revealed that soil moisture was the dominant control of H2 uptake at our site, with stronger uptake during warm, dry periods and minimal uptake when water-filled pore space was high (>50%). Soil temperature showed little independent effect once covariance with moisture was accounted for. The annual flux of two adjacent grassland fields was estimated to be −3.00 and −7.67 kg H2 ha−1 over the measurement period of September 2024 to September 2025 (mean deposition velocity (Vds) of 0.20 and 0.51 mm s−1). This study provides further evidence that the H2 soil sink can be quantified accurately at the field scale using currently available micrometeorological methods but highlights the need for thorough temporal and spatial resolution measurements of soil parameters to better understand the drivers behind H2 flux in soils."
None,False,Atmospheric Research,该论文主要研究阿尔泰山脉中雪盖的垂直变化及其对气候和极地涡旋的响应，与大气环境遥感技术（如空气质量监测、卫星观测、大气成分分析、气溶胶反演等）关系不大。,"['snow cover', 'Altai mountains', 'climate', 'polar vortex']",Jiarui Li;Wei Zhang;Xuejiao Wu;An'an Chen;Xinyue Zhong;Yongping Shen,Elevation-dependent variations in snow cover and their response to climate and the polar vortex in the Altai mountains,
None,True,Atmospheric Research,该论文研究了利用Mie-偏振-荧光激光雷达技术量化尘埃气溶胶的老化过程，并探讨了光学演变与化学转化的关系，这与大气环境遥感技术中的气溶胶检索和大气成分分析密切相关，因此是强相关的。,"['dust aerosols', 'Mie-polarization-fluorescence lidar', 'atmospheric composition']",Yuanzong Ji;Zhongwei Huang;Yongkai Wang;Wenjin Zhang;Da Lu;Qingqing Dong;Jianrong Bi;Tian Zhou,Quantifying the aging of dust aerosols using Mie–polarization–fluorescence lidar: Linking optical evolution to chemical transformations,
None,True,Atmospheric Research,该论文研究了先进的云微物理方案对2018年和2019年喀拉拉洪水事件的影响，使用了NCMRWF区域模型。虽然标题中没有明确提到大气环境遥感技术，但研究内容涉及大气物理过程和区域模型模拟，与大气环境监测和遥感技术有一定的关联性。,"['cloud microphysics schemes', 'Kerala flood events', 'NCMRWF regional model']",Rose Raphel;A. Jayakumar;T.J. Anurose;Saji Mohandas;Greeshma M. Mohan;M. Sandhya;Anumeha Dube;Donali Gogoi;V.S. Prasad;Claudio Sanchez,Impact of advanced cloud microphysics schemes for the Kerala flood events in 2018 and 2019 using the NCMRWF regional model,
None,True,Atmospheric Research,该论文研究海冰异常对东南亚半岛夏季降水的影响，涉及大气环境的自然现象和变化，与大气环境遥感技术中的气象观测、大气成分分析等领域相关。,"['sea ice', 'precipitation', 'atmospheric anomalies']",Yan Zhang;Shu Gui;Jie Cao;Ruowen Yang;Li Zhu;Lei Cai,Spring and summer sea ice anomalies synergetically enhance summer precipitation over the Indochina Peninsula,
None,True,Atmospheric Research,该论文研究了天山北坡短时强降水事件的 moisture transport 和动态-热力学机制，涉及大气成分和动力学过程，与大气环境遥感技术中的空气质量和大气成分分析相关，因此是强相关的。,"['heavy precipitation', 'Tianshan Mountains', 'moisture transport', 'atmospheric dynamics']",Zhiyi Li;Junqiang Yao;Changchun Xu;Yu Luo;Ting Zhang,Multidirectional moisture transport and dynamic–thermodynamic mechanisms of a short-duration heavy precipitation case on the Northern Slope of the Tianshan Mountains,
None,True,Atmospheric Research,该论文研究了长江三角洲夏季降水的年际至年代际变化，并将其与北太平洋海面温度联系起来。虽然论文主题主要涉及气候和气象学，但其中涉及大气成分和海洋-大气相互作用的分析，与大气环境遥感技术中的某些领域（如气候变化监测和大气成分分析）有一定关联。,"['Yangtze River Delta', 'summer rainfall', 'North Pacific Sea surface temperature']",Yanhao Peng;Dong Xiao,Interannual-to-decadal variations of the Yangtze River Delta summer rainfall during 1901–1975 linked with North Pacific Sea surface temperature,
None,True,Atmospheric Research,该论文研究了1951年至2024年中国夏季湿球温度的非平稳演变，探讨了加速变暖和温度、湿度的时间变化作用。虽然论文主要关注气候和温度变化，但其研究内容与大气环境遥感技术中的大气成分分析和空气质量监测密切相关，因为湿球温度是衡量大气热舒适度和湿度的关键指标，而这些指标通常通过遥感技术进行监测。,"['wet-bulb temperature', 'China', 'atmospheric warming']",Tianci Yao;Shengfa Li;Qing Yu;Jia Sun;Xiangyu Wang;Wanjun Zhang;Lixin Su,Non-stationary evolution of summer wet-bulb temperature in China (1951–2024): Accelerated warming and time-varying roles of temperature and humidity,
None,True,Atmospheric Research,该论文研究了印度空气滞留和热浪事件的增加频率和人口暴露情况，这与大气环境遥感技术中的空气质量监测和大气成分分析密切相关。,"['air pollution', 'heatwave', 'atmospheric composition']",Gayathri Balachandran;S. Sumith Satheendran,Compound air stagnation and heatwave events: A ninefold increase in frequency and a tenfold rise in population exposure to air pollution over India,
None,True,Atmospheric Research,该论文研究的是西太平洋副热带高压的西伸现象及其人为强迫因素，涉及大气环流和组成分析，与大气环境遥感技术中的大气成分分析相关。,"['western North Pacific subtropical high', 'atmospheric forcing', 'atmospheric composition']",Xiadong An;Wen Chen;Peng Hu,Anthropogenic forcing dominates relentless westward extension of the western North Pacific subtropical high,
None,True,Atmospheric Research,该论文研究利用GNSS ZTD（全球导航卫星系统大气水汽延迟）同化技术来增强强降水预报，涉及大气水汽和降水过程的分析，与大气环境遥感技术（如大气成分分析、水汽监测）密切相关。,"['GNSS ZTD', 'heavy rainfall forecasting', 'atmospheric composition analysis']",Ying Hui;Wei Han;Yabin Zhang;Lu Sun;Panxing Lou;Yongyong Ma;Xin Song;Caiyan Kang;Mingheng Chang,Enhanced heavy rainfall forecasting via GNSS ZTD assimilation with advanced observation error diagnosis,
None,True,Atmospheric Research,该论文研究了极化雷达技术如何用于分析印度季风区对流风暴的结构与闪电活动的关系，这是大气环境遥感技术的一个重要应用领域，涉及风暴监测和雷电活动分析。,"['polarimetric radar', 'storm structure', 'lightning activity']",Rakesh Ghosh;Pavan R. Vaidya;Manoj A. Domkawale;Hamza Varikoden;Sunil D. Pawar,Linking polarimetric radar-derived storm structure to lightning activity in monsoon-trough convection over the Indian Core Monsoon Zone,
None,False,Atmospheric Research,该论文研究的主题是“AMO调制下的复合热浪-水文干旱模式”以及“黄河流域”，这与大气环境遥感技术（如空气质量监测、卫星观测、大气成分分析、气溶胶反演）没有直接关系。论文关注的是气候模式和干旱现象，而非遥感技术或大气成分监测。,[],Mengxin Bai;Peng Zhang;Zihui Yue;Wupeng Du;Bisheng Zhu;Jiali Jiang;Chunyi Xuan,AMO-modulated seesaw pattern of compound heatwave-hydrological drought over the Yellow River Basin,
None,True,Atmospheric Research,该论文研究了风云四号A卫星（Fengyun-4A）大气运动矢量在台风杜苏芮（Typhoon Doksuri）期间的数据同化过程中的观测误差。大气运动矢量是大气环境遥感技术中用于监测和分析大气运动的重要参数，而数据同化是结合观测数据和数值模型以提高天气预报和气候分析精度的关键技术。因此，该论文与大气环境遥感技术（如卫星观测和大气成分分析）密切相关。,"['Fengyun-4A', 'atmospheric motion vectors', 'data assimilation', 'Typhoon Doksuri']",Yongbo Zhou;Lijian Zhu;Jinhan Yuan;Chao Liu,Observation errors of Fengyun-4A atmospheric motion vectors for data assimilation during Typhoon Doksuri (2023),
None,False,Atmospheric Research,该论文的标题和摘要主要关注海洋热浪的持续时间变化，涉及的是气候模型和海洋环境研究，与大气环境遥感技术（如空气质量监测、卫星观测、大气成分分析、气溶胶反演）没有直接关联。,[],Lijuan Hua;Naiming Yuan,Asymmetric changes in annual marine heatwave duration before and after a 2°C overshoot in MRI-ESM2–0,
None,True,Atmospheric Research,该论文研究了东亚季风区极端降水在季节分布上的区域变化，涉及大气环境监测和气候分析，与大气环境遥感技术中的空气质量监测和大气成分分析密切相关。,"['extreme precipitation', 'seasonal distribution', 'Eastern Monsoon China']",Junlong Gao;Kai Liu;Ming Wang;Nandi Wang;Linmei Zhuang;Qingrui Yue,Projected regional variations in seasonal distribution of extreme precipitation over Eastern Monsoon China,
None,False,Atmospheric Research,该论文主要研究中国台风引起的极端小时降水特征，虽然涉及气象学和环境科学，但并未直接涉及大气环境遥感技术，如空气质量监测、卫星观测、大气成分分析或气溶胶反演等。,"['typhoon', 'precipitation', 'China']",Li Jia;Dajun Zhao;Yubin Yu;Fumin Ren,Contrasting characteristics of typhoon-induced extreme hourly precipitation in China,
None,True,Atmospheric Research,该论文研究地形扰动如何影响热带岛屿上的对流预条件，涉及大气物理过程和现象，与大气环境遥感技术（如对流层成分监测、卫星观测）密切相关，但未明确提及遥感技术或具体应用。,"['orographic disturbances', 'convective preconditioning', 'tropical island']",Lanqiang Bai;Yipeng Huang;Qian Liu;Guixing Chen;Shizuo Fu;Qiu Yang;Lei Zhu,Orographic disturbances shaping convective preconditioning over a tropical island,
None,False,Atmospheric Research,该论文主要关注埃塞俄比亚干旱低地的时空降雨变异性以及气候遥相关，涉及气候适应，与大气环境遥感技术（如空气质量监测、卫星观测、大气成分分析、气溶胶反演）关系不大。,[],Markato Markos;Kidist Sahle;Dawit Kanito;Bethel Geremew Shefine;Gemechu Fanta Garuma;Asaminew Teshome;Tsegaye Tadesse;Husam Musa Baalousha,Spatiotemporal rainfall variability and climate teleconnections in the arid lowlands of Eastern Ethiopia: implications for zone-specific climate adaptation,
None,True,Atmospheric Research,该论文研究了青藏高原未来升温的时空变化，涉及气候变化监测和区域气候分析，虽然未直接提及遥感技术，但与大气环境遥感监测技术（如气候变化监测、区域气候分析）有强关联性。,"['Tibetan Plateau', 'elevation-dependent warming', 'cold biases', 'climate monitoring']",Yu Deng;Qinglong You;Fangying Wu;Wenyu Zhou;Zhiyuan Cong;Zhiyan Zuo;Haijun Deng;Nick Pepin;Hans W. Chen;Deliang Chen;Renhe Zhang,Historical cold biases exaggerate future elevation-dependent warming over the Tibetan Plateau,
None,True,Atmospheric Research,该研究关注伊朗冬季PM₂.₅污染的天气模式和环流调节机制，涉及大气污染的监测和分析，与大气环境遥感技术中的空气质量监测和大气成分分析密切相关。,"['PM₂.₅', 'weather patterns', 'atmospheric pollution']",Zhuoen Liu;Yixuan Lyu;Weihang Xie;Lizhuo Zheng;Yuepeng Pan;Mohammad Darand;Anmin Duan,Identification of dominant weather patterns and circulation regulation mechanisms of winter PM₂.₅ pollution in Iran,
None,True,Atmospheric Research,该论文研究了干旱和半干旱城市鄂尔多斯盆地夏季臭氧污染的气象驱动因素，涉及空气质量和大气成分分析，与大气环境遥感技术密切相关。,"['O<sub>3</sub>', 'air quality', 'summertime', 'Ordos Basin', 'meteorological drivers']",Weiming An;Jilong Tong;Shengtong Lei;Lingyun Ma;Pengbo Wang;Yumin Guo;Yongle Liu;Min Chen;Qingjun Gao;Lei zhang,Distinct meteorological drivers of summertime O<sub>3</sub> pollution in arid and semi-arid cities of the Ordos Basin under extreme heat,
None,True,Atmospheric Research,该论文研究主要尘源区的地表尘浓度未来预测，涉及大气环境中的尘埃污染物，与空气质量监测、卫星观测和大气成分分析密切相关，因此与大气环境遥感技术密切相关。,"['dust concentrations', 'Mesopotamian plains', 'surface dust']",Abbas Ranjbar Saadat Abadi;Nasim Hossein Hamzeh;Dimitris G. Kaskaoutis;Zahra Ghassabi;Christian Opp,Future projections of surface dust concentrations in major dust source regions of the Mesopotamian plains,
None,True,Atmospheric Research,该论文标题和摘要明确涉及气象雷达降水临近预报技术，属于大气环境遥感技术领域，具体涉及空间-时间预测网络，与大气监测和遥感分析相关。,"['weather radar', 'precipitation nowcasting', 'dual-domain spatio-temporal predictive network']",Hui Wang;Liping Wang;Wenjuan Li,DSTP: A Dual-Domain Spatio-Temporal Predictive Network for weather radar precipitation nowcasting,
None,True,Atmospheric Research,该论文研究了北方中国早秋季节山区到平原的降水系统受气溶胶调制的影响，涉及气溶胶、降水、大气成分等与大气环境遥感技术相关的关键主题，因此与该领域高度相关。,"['Aerosol', 'precipitation', 'Northern China', 'mountains to plains', 'atmospheric composition']",Yu Zheng;Yucong Miao;Shuhua Liu;Huizheng Che,Aerosol modulation of precipitation systems migrating from mountains to plains in Northern China during early autumn,
None,False,Atmospheric Research,该论文主要关注利用CMIP6投影和混合深度学习模型进行干旱预测，主题与大气环境遥感技术（如空气质量监测、卫星观测、大气成分分析、气溶胶反演等）关系不大。,"['CMIP6', 'hybrid deep learning', 'drought forecasting']",Hatice Citakoglu;Necmiye Minarecioglu;Yuksel Gul Aslanbay;Veysi Kartal;Ercan Gemici,"Drought forecasting across multiple temporal scales using CMIP6 projections and hybrid deep learning models for Central Anatolia, Türkiye",
None,True,Atmospheric Research,该论文研究了青藏高原7-8月西风急流与高原降水的关系，使用了CMIP6气候模型，这与大气环境遥感技术（如大气成分分析、气象观测）密切相关，属于大气科学领域的研究。,"['Tibetan Plateau', 'westerly jet', 'precipitation', 'CMIP6 models']",Yuhan Feng;Sulan Nan;Ge Liu;Ting Zhang;Yanhong Liu,Relationship between July–August Tibetan Plateau westerly jet and precipitation over the Tibetan Plateau in CMIP6 models,
None,True,Atmospheric Research,该论文研究台湾南部在高压回流期间PM2.5的模拟，涉及空气质量和大气成分分析，与大气环境遥感技术相关，特别是空气质量监测和大气成分分析。,"['PM2.5', 'southern Taiwan', 'high-pressure return flow', 'Kao-Ping Experiment']",Ming-Tung Chuang;Charles C.K. Chou;Chuan-Yao Lin;Wei-Che Lin;Neng-Huei Lin;Wei-Nai Chen;Steven Soon-Kai Kong,Simulating the PM<sub>2.5</sub> in southern Taiwan under high-pressure return flow during the Kao-Ping Experiment (KPEx),
None,True,Atmospheric Research,该论文与大气环境遥感技术相关，因为标题和摘要中提到了PM2.5（一种空气污染物）及其治理，而治理过程受到气象条件的影响。PM2.5的监测和治理通常涉及遥感技术，如卫星观测和空气质量监测。,"['PM2.5', 'governance', 'meteorology']",Ruihuan Liu;Xiaojuan Xu;Zelin Du;Jun He;Yifan Tao;Rongrong Shen;Yuesi Wang;Dongsheng Ji,Overcoming adverse meteorology: PM<sub>2.5</sub> governance progress during China's 2025 Victory Day,
None,True,Atmospheric Research,该论文研究了城市化对印度海得拉巴城市扩张地区降水系统和雨微物理的影响，与大气环境遥感技术相关，特别是与空气质量监测和大气成分分析有关。,"['urbanization', 'precipitating systems', 'rain microphysics']",Basivi Radhakrishna;Thota Narayana Rao;Kadiri Saikranthi;Roshan Kadbhane,"Impact of urbanization on precipitating systems and rain microphysics across the Hyderabad Urban Sprawl, India",
None,False,Atmospheric Research,该论文的标题和摘要主要关注于低风速条件下的建成区弯曲分析，与大气环境遥感技术（如空气质量监测、卫星观测、大气成分分析、气溶胶反演）等主题无关。,[],Hanane Bounouas;Eric Dupont;Pierre Roupsard;Yelva Roustan,Meandering analysis under low wind conditions in built-up environment,
None,False,Atmospheric Research,该论文标题和摘要主要关注东南亚地区的Senyar风暴和马来漩涡，属于气象灾害和气候学领域，与大气环境遥感技术（如空气质量监测、卫星观测、大气成分分析、气溶胶反演等）关系不大。,[],Luojie Dong;Junjun Li;Raju Pathak;Jingyu Wang,2025 Senyar storm: Malacca vortex as an emerging hazard over Southeast Asia,
None,True,Atmospheric Research,该论文研究了青藏高原上水分输送的时间和空间变化及其对降水的影响机制，这与大气环境遥感技术密切相关，特别是空气质量和大气成分分析方面，因为水分输送和降水是大气环境的重要参数。,"['moisture transport', 'Tibetan Plateau', 'precipitation']",Guiping Li;Yanping Li;Zhongbo Yu;Qin Ju;Jing Yang;Zhaofeng Liu;YanYan Kang,Temporal and spatial changes in moisture transport over the Tibetan Plateau and their mechanisms influencing precipitation,
None,True,Atmospheric Research,该论文研究西地中海再循环细胞在秋季暴雨中的作用，涉及大气成分和环流，与大气环境遥感技术（如大气成分分析）密切相关。,"['western Mediterranean recirculation cell', 'autumn torrential rains', 'atmospheric composition']",Eduardo A. Agosta;María José Estrela;David Corell;Juan J. Miró,Thermodynamic preconditioning of autumn torrential rains: The amplifying role of the western Mediterranean recirculation cell,
None,False,Atmospheric Research,该论文主要研究南非西开普省的极端降雨现象及其与阿古拉斯海流和本格拉海流的关系，涉及气象学和海洋学，但未涉及大气环境遥感技术，如空气质量监测、卫星观测、大气成分分析或气溶胶反演等。,"['Cut-off low', 'extreme rainfall', 'Agulhas current', 'Benguela current']",Chelsey L. Jansen;Babatunde J. Abiodun;Akintunde I. Makinde;Sabina Abba Omar,"Cut-off low–induced extreme rainfall in the Western Cape, South Africa: The roles of the Agulhas and Benguela current systems",
None,True,Atmospheric Research,该论文研究了持续性浓雾与大气污染的相互作用，并基于旋翼无人机进行实地观测，这与大气环境遥感技术（如空气质量监测、大气成分分析）密切相关，因此是相关的。,"['persistent dense fog', 'atmospheric pollution', 'rotary-wing unmanned aerial vehicles']",Duanyang Liu;Ruolan Liu;Shujie Yuan;Fan Zu;Hong Wu;Aichen Niu;Ruixiang Liu;Huizheng Che;Shuqi Yan;Hongbin Wang;Zhujun Dai,Interaction between persistent dense fog and atmospheric pollution: Based on in-situ observations of rotary-wing unmanned aerial vehicles,
None,True,Atmospheric Research,该论文研究了中国河北省的一次层云带降雪的微物理时空变化，使用了飞机观测数据，这与大气环境遥感技术（如大气成分分析、云物理观测）密切相关。,"['stratus cloud', 'snowfall', 'aircraft observations']",Jiefeng Li;Chuanfeng Zhao;Qinghong Zhang;Ji Nie;Xiaobo Dong;Rong Mai;Yan Yu;Jing Li;Huiwen Xue;Yikun Yang,"Case-specific spatiotemporal microphysical variability of a stratus cloud with snowfall over Hebei, China from aircraft observations",
None,True,Atmospheric Research,该论文研究了GSMaP和IMERG两种降水数据产品，涉及每日统计和事件诊断，这与大气环境遥感技术中的降水监测和卫星观测相关，因此是强相关的。,"['GSMaP', 'IMERG', 'precipitation', 'daily statistics', 'event-based diagnostics']",Chun Zhou;Haowen Li;Yinan Guo;Lingling Wu;Li Zhou,Evaluating GSMaP and IMERG precipitation over China using daily statistics and event-based diagnostics,
None,True,Atmospheric Research,该研究探讨了祁连山不同地形高度处雨滴大小的分布特征，这与大气环境遥感技术中的空气质量监测和大气成分分析相关，因为雨滴大小分布可以反映大气中的污染物和气溶胶的分布情况。,"['raindrop size distribution', 'topographic heights', 'Qilian Mountains']",Han Luo;Qiang Zhang;Ping Yue;Rong Wang;Songyu Li;Xia Li,A case study on the characteristics of raindrop size distribution at different topographic heights in the Qilian Mountains,
None,False,Atmospheric Research,该论文主要关注的是热带气旋的大小趋势，使用的是综合观测和高分辨率再分析数据集，与大气环境遥感技术（如空气质量监测、卫星观测、大气成分分析、气溶胶反演）没有直接关系。,"['tropical cyclone', 'Australia', 'reanalysis datasets']",Sarvesh Kumar;Savin S. Chand;Samuel S. Bell;Hamish A. Ramsay;Valentina Koschatzky;Philip J. Klotzbach;Andrew Dowdy,Assessing trends in tropical cyclone size over Australia using consolidated observations and high-resolution reanalysis datasets,
None,True,Atmospheric Research,该论文研究的是青藏高原夏季极端降水的外部强迫和内部变异的归因，涉及大气环境变化，与大气环境遥感技术（如降水监测、大气成分分析）有一定关联，但更侧重于气候和气象学领域。,"['extreme precipitation', 'Tibetan Plateau', 'external forcing', 'internal variability']",Guanqi Fu;Anmin Duan;Xu Yuan;Xianyi Yang,Multi-scale attribution of external forcing and internal variability to summer extreme precipitation in Tibetan Plateau,
None,True,Atmospheric Research,该论文研究了中国南部沿海山区和城市地区的硝酸盐气溶胶形成机制，并基于同位素观测进行分析。这与大气环境遥感技术密切相关，特别是与空气质量监测和大气成分分析相关，因为硝酸盐是重要的大气污染物，而同位素观测是遥感技术中常用的分析方法之一。,"['nitrate aerosols', 'isotope observations', 'coastal mountain', 'urban sites']",Mei-Yi Fan;Peiwen Guo;Hai Guo;Yu Wang;Changliu Wu;Yihang Hong;Xiaopu Lyu;Yan-Lin Zhang,Formation mechanisms of nitrate aerosols at coastal mountain and urban sites of southern China based on isotope observations,
None,True,Atmospheric Research,该论文研究中国近地表风速在1980-2024年间的变化趋势，涉及大气环境监测，与遥感技术在空气质量监测和大气成分分析中的应用相关。,"['wind speed', 'China', 'atmospheric monitoring']",Xi Chen;Jiayi Nie;Wentian Qiu;Qinghong Zhao;Hairong Li;Xiuhua Zhou;Chengyang Zhang;Kaiqiang Deng,Divergent trend reversals in near-surface wind speed over China during 1980–2024,
None,True,Atmospheric Research,该论文研究ERA5-Land模型在模拟亚热带浅层湖泊的热力学特性方面的性能，与大气环境遥感技术中的大气成分分析和湖泊环境监测相关，因此具有相关性。,"['ERA5-Land', 'subtropical shallow lake', 'thermodynamics']",Wei Wang;Zihan Zhu;Mi Zhang;Heng Lyu;Zhiwen Wen;Bo Wang;Qiuxiang Jin;Zhen Zhang;Taikan Oki;Xuhui Lee,Performance evaluation of ERA5-Land in simulating thermodynamics of a subtropical shallow lake against long-term observations,
None,True,Atmospheric Research,该论文研究北太平洋夏季内季节性波对北美气温和极端高温的影响，这与大气环境遥感技术中的空气质量监测和气候分析相关，因为气温和极端天气是大气成分和动态的重要指标。,"['North Pacific intraseasonal waves', 'North American air temperatures', 'heat extremes']",Lei Du;Riyu Lu;Shanjun Luo;Chuandong Zhu;Yuhan Yan,Summer North Pacific intraseasonal waves drive North American air temperatures and heat extremes,
None,True,Atmospheric Research,该论文研究了台风中的云-辐射强迫和含水汽物质的影响，这与大气环境遥感技术（如卫星观测和大气成分分析）密切相关，因为它涉及云和大气成分的遥感监测。,"['cloud-radiation forcing', 'hydrometeor species', 'super Typhoon Lekima']",Lyu Leyang;Xinyan Lyu;Melinda Peng;Xuyang Ge,Distinct cloud-radiation forcing of hydrometeor species during the rapid intensification of super Typhoon Lekima (2019),
None,True,Atmospheric Research,该论文研究沿海青岛和西北太平洋海洋降雨中细菌的环境驱动因素，涉及大气环境监测和成分分析，与大气环境遥感技术（如空气质量和大气成分监测）密切相关。,"['rainwater bacteria', 'coastal Qingdao', 'Northwest Pacific Ocean']",Xiaoyu Wang;Yuanzhe Ni;Yangfei Ai;Zhongyu Diao;Jianhua Qi,Environmental drivers of rainwater bacteria over coastal Qingdao and the Northwest Pacific Ocean,
None,True,Atmospheric Research,该研究探讨了西风对藏南地区夏季降水年际变化的影响，涉及大气环流和降水模式，与大气环境遥感技术中的大气成分分析和气象监测相关。,"['westerlies', 'summer precipitation', 'Tibetan Plateau']",Xin Mao;Xingwen Jiang;Huimei Wang;Jiaxin Ye;Yiwei Zhang;Chao Chen,Impacts of westerlies on interannual variability of summer precipitation over the southwestern Tibetan Plateau,
None,True,Atmospheric Research,该论文研究了在复杂地形上改进WRF模型对湍流地形摩擦力的表征，涉及大气物理和数值模拟技术，与大气环境遥感技术中的空气质量监测和大气成分分析密切相关，因为地形摩擦力是影响大气污染物扩散和传输的重要因素。,"['WRF model', 'turbulent orographic form drag', 'complex terrain']",Yulong Ma;Xingwen Jiang;Lin Mu;Qilin Wan;Zhiwei Heng,Improving the representation of turbulent orographic form drag with stability dependence in the WRF model over complex terrain,
None,True,Atmospheric Research,该论文研究了平流层臭氧入侵对中国东部近地面臭氧的影响，使用了高分辨率的CESM-MUSICA模拟分析，属于大气环境遥感技术中的大气成分分析和空气质量监测领域。,"['stratospheric ozone', 'near-surface ozone', 'Typhoon Lekima', 'CESM-MUSICA', 'simulation analysis']",Yichao Zhou;Xuewei Hou;Man Yue;Chenchao Zhan,Impact of stratospheric ozone intrusion on near-surface ozone in eastern China under Typhoon Lekima: A high-resolution CESM-MUSICA simulation analysis,
None,True,Atmospheric Research,该论文研究东亚急流如何调制中亚的气溶胶变化，涉及大气环境中的气溶胶传输和区域变化，与大气环境遥感技术（如空气质量监测和区域传输分析）密切相关。,"['jet stream', 'aerosol variability', 'Central China', 'enhanced regional transport']",Yujie Jiang;Xiefei Zhi;Yongqing Bai;Ling Zhang;Yi Fan;Shoupeng Zhu;Tianliang Zhao,East Asian jet stream modulates interdecadal aerosol variability over Central China via enhanced regional transport,
None,True,Atmospheric Research,该论文使用FY-4卫星观测数据研究了东北冷涡下不同强对流事件中的对流云特征，涉及卫星观测和大气现象分析，与大气环境遥感技术（如卫星观测、大气成分分析）密切相关。,"['FY-4', 'convective clouds', 'severe convective events']",Yang Gao;Xiaoyong Zhuge;Xi Wang;Xiaowen Zhang,Characteristics of convective clouds associated with different severe convective events under Northeast China Cold Vortex revealed by FY-4 observations,
None,True,Atmospheric Research,该论文的标题和摘要明确涉及地表相对湿度的分析，特别是印度东北部地区，这与大气环境遥感技术密切相关，例如通过卫星观测或地面监测来获取和分析湿度数据，从而进行空气质量监测或大气成分分析。,"['surface relative humidity', 'India', 'North Eastern Region']",Rohit Gautam,"Analysis of surface relative humidity over India with special emphasis on the North Eastern Region: Data validation, trends and attribution",
None,True,Atmospheric Research,该论文研究大气河流如何调节季风亚洲的水汽气候，涉及大气成分和气候学，与大气环境遥感技术（如卫星观测和大气成分分析）密切相关。,"['atmospheric rivers', 'hydrometeor climatology', 'Monsoon Asia']",Mingzhu Li;Ju Liang,How atmospheric rivers modulate hydrometeor climatology over Monsoon Asia,
None,True,Atmospheric Research,该论文研究了泰国地表层湍流中的惯性行为临界粒径，这对PM2.5和粗颗粒空气质量的建模有影响，因此与大气环境遥感技术（如空气质量监测和大气成分分析）密切相关。,"['PM<sub>2.5</sub>', 'air-quality', 'atmospheric turbulence']",Chalermpol Wangsomcholk,Critical particle-size threshold for inertial behaviour in Thai surface-layer turbulence: Implications for PM<sub>2.5</sub> and coarse-particle air-quality modelling,
None,True,Atmospheric Research,该论文研究的是台风Hinnamnor (2022)的快速路径和强度变化是否由切变低压引起，这与大气环境遥感技术中的大气动力学分析相关，属于气象学和环境科学交叉领域，涉及大气环境监测和组成分析。,"['typhoon', 'cutoff low', 'atmospheric dynamics']",Pin-Hong Chen;Ching-Yuang Huang,Can a cutoff low cause rapid track and intensity changes of typhoon hinnamnor (2022)?,
None,True,Atmospheric Research,该论文研究了热带气旋对长江中下游夏季复合高温干旱事件的影响，这与大气环境遥感技术中的空气质量和气候变化监测相关。虽然不直接提及遥感技术或卫星观测，但其研究内容涉及大气环境变化，因此与该领域有较强的关联性。,"['tropical cyclones', 'summer compound hot and dry events', 'Yangtze River']",Jianqian Li;Chao Wang;Yuqin Wu;Liguang Wu;Haikun Zhao;Jian Cao,Track-dependent impacts of tropical cyclones on summer compound hot and dry events over the middle and lower reaches of the Yangtze River,
None,True,Atmospheric Research,该论文研究的是六盘山山顶的气溶胶数量大小分布和光谱拟合，这与大气环境遥感技术中的气溶胶观测和分析密切相关，属于空气质量和大气成分分析的研究范畴。,"['aerosol number size distribution', 'Mount Liupan', 'spectrum fitting']",Hejue Zhao;Zhuolin Chang;Jianren Sang;Liren Xu;Zezhong Sun;Run Luo;Le Jia;Ning Cao;Haoran Zhu;Yanbo Dai;Longyan Li;Jun Zhang;Wei Deng;Tianxue Wen;Kai Bi;Jiming Sun,Characteristics of aerosol number size distribution and spectrum fitting at the summit of Mount Liupan,
None,True,Atmospheric Research,该论文研究了北极平流层臭氧的变化如何影响北大西洋海表温度偶极子和欧亚气候遥相关，涉及大气成分分析和气候学，与大气环境遥感技术（如臭氧监测和气候遥相关分析）密切相关。,"['ozone variability', 'North Atlantic SST', 'Eurasian climate', 'teleconnections']",Dingzhu Hu;Cuiting Zhao;Huimin Zhang,Arctic stratospheric ozone variability drives North Atlantic SST dipole and Eurasian climate teleconnections,
None,True,Atmospheric Research,该论文研究了GPM IMERG卫星数据在西班牙东部地区亚日降水极端值监测的性能极限，涉及卫星观测技术和降水分析，与大气环境遥感技术（特别是卫星观测和降水监测）密切相关。,"['GPM IMERG', 'sub-daily precipitation extremes', 'satellite observations']",Marc Semper;Manuel Curado;Jose F. Vicent;Leandro Tortosa,"Performance limits of GPM IMERG for sub-daily precipitation extremes over the Comunitat Valenciana, eastern Spain: Representativeness, attenuation, and pixel-scale displacement",
None,True,Atmospheric Research,该论文研究比利牛斯山脉冬季暖 spell 的天气驱动因素和雪融化的影响，涉及大气环境变化和成分分析，与大气环境遥感技术（如大气成分分析）相关。,"['synoptic drivers', 'snowmelt impacts', 'atmospheric composition']",Josep Bonsoms;Roberto Serrano-Notivoli,Winter warm spells in the pyrenees: synoptic drivers and snowmelt impacts (1960–2024),
None,True,Atmospheric Research,该论文标题和摘要都与大气环境遥感技术密切相关。标题中明确提到了“卫星”，而摘要中讨论了利用卫星数据分离气象动态和地面NO2排放足迹的方法，这与空气质量监测和大气成分分析直接相关。,"['NO2', 'satellite', 'spatiotemporal framework']",Mingbin Guo;Jianzhou Gong;Yuangong Chen;Yuqing Jian;Weifeng Xiao;Shikuan Wang,A satellite-constrained two-stage spatiotemporal framework for disentangling meteorological dynamics and emission footprints of ground-level NO<sub>2</sub>,
None,True,Atmospheric Research,该论文标题和摘要明确涉及热带气旋中的不对称降雨估计，TCRM（热带气旋雨水分布模型）是一种用于大气环境遥感技术中的模型，用于分析和预测气旋中的降雨分布，因此与大气环境遥感技术密切相关。,"['asymmetric rainfall', 'tropical cyclones', 'TCRM']",Bingyao Guo;Qingqing Li;Qi Gao;Changyu Zhao;Ruyan Chen,Improving asymmetric rainfall estimation in tropical cyclones: A revised TCRM,
None,True,Atmospheric Research,该论文研究基于U-Net的空间协同校正方法，用于改进网格化夏季降水预报，这与大气环境遥感技术中的空气质量监测和卫星观测有直接关联，因为降水预报是大气成分分析和 aerosol（气溶胶）研究的重要数据来源。,"['U-Net', 'spatial synergistic correction', 'gridded precipitation forecasts']",Guangxin He;Wei Wu;Zhigang Zhang;Zhanshan Ma;Juanzhen Sun;Haonan Chen;Jingjia Luo,U-Net-based spatial synergistic correction of gridded summer precipitation forecasts for CMA-MESO in Central China,
None,True,Atmospheric Research,该论文研究了东北冷涡的结构和能量转换，并探讨了干侵入对不同类型强降水分布的影响。这些研究内容与大气环境遥感技术密切相关，特别是与空气质量监测、卫星观测和大气成分分析等领域相关。,"['cold vortices', 'heavy rainfall', 'dry intrusion', 'atmospheric composition', 'air quality monitoring']",Yining Shen;Lijuan Wang;Zhaoyong Guan;Weijie Zeng;Xiaowen Zhao,Structure and energy conversion of Northeast China cold vortices with different distribution types of heavy rainfall influenced by dry intrusion,
None,True,Atmospheric Research,该论文研究地表放射性对大气电性的影响，特别是在稳定边界层条件下的影响。虽然主题不直接涉及空气质量监测或卫星观测，但大气电性是大气环境的一个重要方面，与大气成分和电离层等密切相关，因此与大气环境遥感技术有一定关联。,"['atmospheric electricity', 'stable boundary layer', 'radioactivity']",K.A. Nicoll;O. O'Neill;C. Miller;J. Paatero;T. Ulich,Surface radioactivity influences on atmospheric electricity during stable boundary layer conditions,
None,True,Atmospheric Research,该论文研究使用ICON百米级集合预报对流风暴，与大气环境遥感技术中的对流风暴监测和预报相关，属于大气环境遥感技术领域。,"['convective storm', 'ICON', 'hectometric-scale ensembles']",Matteo Siena;Thomas Gastaldo;Chiara Marsigli;Paolo Ruggieri;Silvana Di Sabatino,Improving forecast skill of a convective storm using ICON hectometric-scale ensembles,
None,True,Atmospheric Research,该论文使用卫星技术评估了伊朗东部尘暴的影响，涉及跨境污染，与大气环境遥感技术（如空气质量监测、卫星观测）密切相关。,"['satellite-based', 'dust storms', 'Eastern Iran', 'transboundary impacts']",Ali Darvishi Boloorani;Masoud Soleimani;Nastaran Nasiri;Fatemeh Amiri;Najmeh Neysani Samany;Ali Al-Hemoud;Iraj Gholami;Kan Huang,Satellite-based assessment of dust storms originating from Eastern Iran with measurable transboundary impacts,
None,False,Atmospheric Research,该论文研究土壤湿度对夏季中国北方亚季节性降水预报的影响，主要关注气候模型（CWRF模型）和降水预报，与大气环境遥感技术（如空气质量监测、卫星观测、大气成分分析、气溶胶反演）关系不大。,"['soil moisture', 'subseasonal precipitation', 'CWRF model']",Chenyi Zhang;Minghao Wang;Yong Luo;Qingquan Li;Lili Dong;Kailu Yu,Effects of soil moisture on subseasonal precipitation forecasts in North China during summer: A study using CWRF model,
None,True,Atmospheric Research,该论文研究了中国特定行业的沉降效率如何影响长期氮沉降变化，涉及大气氮沉降的监测和分析，与大气环境遥感技术（如空气质量和大气成分分析）密切相关。,"['atmospheric nitrogen deposition', 'sector-specific deposition efficiency', 'China']",Shangyi Wang;Yiheng Wang;Guochao Chen;Yuhao Wang;Zimeng Wang;Chenliang Tao;Hongliang Zhang,Sector-specific deposition efficiency shapes long-term changes in atmospheric nitrogen deposition in China,
None,True,Atmospheric Research,该论文研究广州地区闪电发生区域的垂直反射率核心特征，涉及大气环境监测和雷电现象分析，与大气环境遥感技术（如大气成分分析）密切相关。,"['lightning', 'vertical reflectivity', 'atmospheric', 'Guangzhou']",Fei Wang;Wen Yao;Yang Zhang;Dong Zheng,"Characteristics of vertical reflectivity cores at lightning initiation regions over Guangzhou, China",
None,False,Atmospheric Research,尽管降水科学与环境监测有一定关联，但该论文主要关注降水本身的测量、估计和建模，而非大气环境遥感技术，如空气质量监测、卫星观测或大气成分分析。,"['precipitation', 'measurement', 'estimation', 'modeling']",Francisco J. Tapiador;Gabriela Juárez;Kyo-Sun Lim;Sohaib Fakar;Kyuhee Shin;Andrés Navarro;Sun-Young Park;Andrés Merino;Anahí Villalba-Pradas;Livia J. Leganés;Raúl Martín;José Luis Sánchez;Eduardo Garcia-Ortega;GyuWon Lee,"Precipitation science: State-of-the-Art in measurement, estimation, and modeling",
None,True,Atmospheric Research,该论文的标题和摘要明确涉及大气环境中的云播种和气溶胶-云相互作用，这与大气环境遥感技术中的空气质量监测、大气成分分析等领域密切相关。关键词如“云播种”、“气溶胶-云相互作用”和“环境影响”直接指向了大气环境的研究范畴。,"['cloud seeding', 'aerosol–cloud interactions', 'environmental impacts']",Sanhita Shende;Swapnaja Gajbhiye;Nandu B. Chaure,Cloud seeding and aerosol–cloud interactions: Environmental impacts and future perspectives,
10.1126/science.aei4007,False,Science,该标题和摘要主要关注泥炭地保护，未提及大气环境遥感技术相关内容，如空气质量监测、卫星观测或大气成分分析。,[],Sarah Boon,"Save the bogs, for peat’s sake",
10.1126/science.adp3564,False,Science,该论文主要研究燃料电池中的质子传递增强技术，涉及催化剂层、质子传导和界面设计，与大气环境遥感技术（如空气质量监测、卫星观测、大气成分分析、气溶胶反演）没有直接关系。,"['proton exchange membrane fuel cells', 'Brønsted acid–Lewis base interfaces', 'proton conductivity']",";;;;;;;;;;;;;;;;;;;;;;;,",Open framework–based Brønsted acid–Lewis base interfaces boost proton transfer in the fuel cells,"Limited proton conductivity within the catalyst layer induces severe ohmic polarizations and constrains power output at high hydrogen-to-electricity efficiencies in proton exchange membrane fuel cells. We demonstrate that proton transfer can be boosted by constructing Brønsted acid–Lewis base interfaces through integrating organic open frameworks with Nafion. These confined interfaces mediate low-barrier relay pathways, disrupt hydrogen bonding to expedite water network reorganization, facilitate consecutive proton transfer, and enrich protons locally. Compared with Nafion, the complexes exhibit an order-of-magnitude increase in proton self-diffusion coefficient, a 6.5-fold rise in proton conductivity, and a 55% reduction in activation energy. When integrated with commercial platinum on carbon, they deliver a fourfold increase in rated power output relative to the baseline, outperforming representative state-of-the-art membrane electrode assemblies with advanced catalysts under similar conditions."
10.1126/science.adt9365,False,Science,该论文研究的是免疫学领域中的T细胞信号传导和PD-1抑制机制，与大气环境遥感技术（如空气质量监测、卫星观测、大气成分分析、气溶胶反演等）没有直接关系。,"['T cell', 'LAT', 'PD-1', 'tyrosine phosphorylation', 'immunology']",Monica Sharma;Zachary B. Katz;David C. Dewitt;Kiersten M. Ruff;Akashdip Singh;Huan Lan;Wilson Phung;Jeffery Tom;Aimin Song;Jawahar Sudhamsu;John Davies;John G. Quinn;Rohit V. Pappu;Andrey S. Shaw,Unphosphorylated tyrosines mediate PD-1 inhibition of T cell signaling condensate formation,"T cell receptor (TCR) engagement stimulates formation of a biomolecular condensate, including the scaffold protein linker of activated T cells (LAT). We investigated whether the immune-inhibitory receptor programmed cell death protein 1 (PD-1) inhibits by impeding TCR-induced LAT condensation. In vitro reconstitutions revealed that the cytoplasmic domain of PD-1 directly inhibited LAT condensation. This inhibitory interaction required tyrosine residues in the two inhibitory motifs of PD-1. Contrary to current working models, tyrosine phosphorylation eliminated PD-1 inhibition. Replacing tyrosine with tryptophan reconstituted PD-1 inhibition in T cells, confirming that phosphorylation does not mediate this effect. These findings support the concept that hydrogen bond–donating aromatic residues within inhibitory motifs provide the primary mechanism that explains how inhibitory receptors disrupt signaling networks and block immune activation."
10.1126/science.adw4498,False,Science,该论文主要研究的是陨石（碳质球粒陨石）的形成时间和来源，涉及天体物理学和行星科学领域，与大气环境遥感技术（如空气质量监测、卫星观测、大气成分分析、气溶胶反演）没有直接关系。,"['carbonaceous chondrites', 'meteorites', 'isotopic properties']",Noriyuki Kawasaki;Kazuhide Nagashima;Naoya Sakamoto;Wataru Fujiya;Sota Arakawa;Ken-ichi Bajo;Noriko T. Kita;Kouki Kitajima;Alexander N. Krot;Gary R. Huss;Yoshinari Abe;Jérôme Aléon;Conel M. O’D. Alexander;Sachiko Amari;Yuri Amelin;Martin Bizzarro;Audrey Bouvier;Richard W. Carlson;Marc Chaussidon;Byeon-Gak Choi;Nicolas Dauphas;Andrew M. Davis;Tommaso Di Rocco;Ryota Fukai;Ikshu Gautam;Makiko K. Haba;Yuki Hibiya;Hiroshi Hidaka;Hisashi Homma;Tsuyoshi Iizuka;Trevor R. Ireland;Akira Ishikawa;Shoichi Itoh;Thorsten Kleine;Shintaro Komatani;Ming-Chang Liu;Yuki Masuda;Kazuko Motomura;Frédéric Moynier;Izumi Nakai;Ann Nguyen;Larry Nittler;Andreas Pack;Changkun Park;Laurette Piani;Liping Qin;Sara S. Russell;Maria Schönbächler;Kentaro Terada;Yasuko Terada;Tomohiro Usui;Sohei Wada;Meenakshi Wadhwa;Richard J. Walker;Katsuyuki Yamashita;Qing-Zhu Yin;Tetsuya Yokoyama;Shigekazu Yoneda;Edward D. Young;Hiroharu Yui;Ai-Cheng Zhang;Tomoki Nakamura;Hiroshi Naraoka;Takaaki Noguchi;Ryuji Okazaki;Kanako Sakamoto;Hikaru Yabuta;Masanao Abe;Akiko Miyazaki;Aiko Nakato;Masahiro Nishimura;Tatsuaki Okada;Toru Yada;Kasumi Yogata;Satoru Nakazawa;Takanao Saiki;Satoshi Tanaka;Fuyuto Terui;Yuichi Tsuda;Sei-ichiro Watanabe;Makoto Yoshikawa;Shogo Tachibana;Hisayoshi Yurimoto,The parent bodies of Ryugu and Ivuna formed before those of other carbonaceous chondrites,"Most carbonaceous chondrite (CC) meteorites contain abundant chondrules, millimeter-scale spherical inclusions of previously molten material. Ivuna-type carbonaceous chondrites (CIs) do not contain chondrules, nor do samples of the carbonaceous asteroid Ryugu. CIs and Ryugu share isotopic properties distinct from those of other CCs, implying that their parent bodies formed at a different time or place than those of other CCs. We applied manganese-chromium dating and oxygen isotope thermometry to Ryugu and Ivuna samples. The results indicate that the parent bodies of Ryugu and Ivuna formed less than 2 million years after the beginning of Solar System formation—before the majority of chondrules in CCs and the parent bodies of other CCs formed. This implies that Ryugu and CIs are remnants of an earlier generation of carbonaceous planetesimals."
10.1126/science.ady0339,False,Science,该论文研究的是儿童化疗对肝脏等正常组织的突变影响，与大气环境遥感技术（如空气质量监测、卫星观测、大气成分分析、气溶胶反演）无关。,[],Anna Wenger;Jean-Baptiste Vannier;Henry Lee-Six;Robin Loesch;Giulia Emanuelli;Manas Dave;Mehdi Layeghifard;Andrew R. J. Lawson;Federico Abascal;Pantelis A. Nicola;Taryn D. Treger;Toochi Ogbonnah;Conor Parks;Thomas R. W. Oliver;Jonathan Kennedy;Angus Hodder;Nathaniel D. Anderson;Felipe Luz Torres Silva;Mi K. Trinh;Thomas Dowe;Marwo Habarwaa;James J. Sun;Sergio Assia-Zamora;Miriam Cortes-Cerisuelo;Wayel Jassem;Charlotte Town;Anil Dhawan;Vandana Jain;Karin Straathof;Maesha Deheragoda;Iñigo Martincorena;Liina Palm;J. Ciaran Hutchinson;Tim H. H. Coorens;Claire Trayers;Mariia Yuneva;Nigel Heaton;Adam Shlien;Yoh Zen;Foad J. Rouhani;Sam Behjati,Extensive and differential platinum chemotherapy mutagenesis in livers of children,"Childhood cancer survivors often experience late adverse effects that may be linked to chemotherapy mutagenesis. We studied chemotherapy mutagenesis in normal pediatric tissues using duplex sequencing (NanoSeq) to enable the detection of mutations from single DNA molecules. We found that platinum chemotherapeutics increased the mutation burdens of normal pediatric tissues to levels seen in adults. In the liver, platinum agents imparted a tissue-specific mutational signature that was absent from other tissues. Gene-focused duplex sequencing revealed that chemotherapy mutagenesis generates a great diversity of nonsynonymous variants, some of which may have functional potential, such as leukemogenic variants in blood. Our findings demonstrate extensive chemotherapy mutagenesis in normal tissues of children, which may provide a plausible link between chemotherapy exposure and adverse effects in later life."
10.1126/science.ady4670,False,Science,该论文研究的是凝聚态物质中的非厄米相位转变，涉及磁性材料、电荷载体和弛豫动力学等概念，与大气环境遥感技术（如空气质量监测、卫星观测、大气成分分析、气溶胶检索）没有直接关联。,"['ferromagnetic', 'charge carriers', 'non-Hermitian', 'relaxation dynamics', 'europium monoxide']",Jingwen Li;Michael Turaev;Masakazu Matsubara;Kristin Kliemt;Cornelius Krellner;Shovon Pal;Manfred Fiebig;Johann Kroha,Discovery of an intrinsic non-Hermitian phase transition in a bulk condensed-matter system,"Across regular phase transitions, systems remain in thermal equilibrium. However, when a system is driven far from equilibrium, non-Hermitian phase transitions may arise where the dynamical behavior—rather than steady properties—undergoes a qualitative change at a critical, so-called exceptional point. We experimentally realize a non-Hermitian phase transition in a bulk condensed-matter system. Optical excitation creates charge carriers in ferromagnetic europium monoxide. In a temperature-dependent interplay with the Hermitian transition to ferromagnetic order, a non-Hermitian change of the relaxation dynamics occurs, manifesting in our time-resolved reflection data as the transition from biexponential real to single-exponential complex decay. Our theory models this behavior and suggests that non-Hermitian phase transitions may generically emerge in bulk condensed matter."
10.1126/science.aea2249,False,Science,该论文主要研究小鼠Y染色体的全基因组测序和组装，涉及基因注释、卫星数组分析等生物学领域，与大气环境遥感技术（如空气质量监测、卫星观测、大气成分分析、气溶胶反演等）无直接相关性。,"['mouse Y chromosome', 'telomere-to-telomere sequence', 'gene annotation']",Qilin Li;Junli Liu;Si Chen;Yixuan Hu;Dengfeng Li;Zhuojie Su;Yanxiao Zhang;Xiaochun Yu,The complete telomere-to-telomere sequence of a mouse Y chromosome,"The mouse Y chromosome is essential for male reproduction, yet the GRCm39 reference contains 25 gaps, particularly in repetitive and complex regions. Here, we assembled a telomere-to-telomere Y chromosome (mT2T Y) of 95.21 Mb from a C57BL/6 mouse incorporating parental genomes. This assembly fills all gaps, corrects structural errors, and adds over 8.70 Mb of previously unassembled sequence to the reference genome. We annotated 142 previously unidentified genes, identified Y specific satellite arrays, and mapped homologous recombination loci in the pseudoautosomal region (PAR). Analysis of X Y homologous gene expression revealed a Y chromosome dosage compensation mechanism. By combining mT2T Y with T2T mhaESC, we completed the T2T assembly of all C57BL/6 chromosomes, designated T2T mhaESC+Y, providing a complete C57BL/6 reference genome."
10.1126/science.aea4287,False,Science,该论文研究的是脂肪细胞中的氧化脂质信号通路与乳腺癌之间的关系，涉及的是生物医学领域的细胞和分子机制，与大气环境遥感技术（如空气质量监测、卫星观测、大气成分分析、气溶胶反演等）没有直接关联。,"['oxylipin', 'ferroptosis', 'adipocytes']",Meghan C. Curtin;Abigail E. Jackson;Mark D. Lee;Elisabeth A. Brown;J. Alan Maschek;David H. Lum;James E. Cox;Alana L. Welm;Keren I. Hilgendorf,Lean adipocyte oxylipin signaling restrains breast cancer through ferroptosis,"Obesity increases breast cancer risk and tumor aggressiveness, yet the mechanisms underlying this association remain unclear. In this work, we identify a tumor-suppressive lipid signaling pathway in which mammary adipocytes secrete the oxylipin 9S-hydroxyoctadecadienoic acid (9S-HODE). 9S-HODE induces ferroptosis in breast cancer cells by disrupting iron homeostasis. Adipocytes in obese mammary tissue produce less 9S-HODE, and tumors in obese mice exhibit reduced ferroptosis. Accordingly, ferroptosis inhibition accelerates tumor growth in lean mice, and restoring 9S-HODE suppresses tumor growth in obese mice. In humans, mammary 9S-HODE content is inversely correlated with body mass index, and 9S-HODE inhibits patient-derived breast cancer organoid growth. These findings identify the loss of adipocyte-derived 9S-HODE as a mechanism by which obesity promotes breast cancer and suggest that the restoration of ferroptosis-inducing lipid signaling may be a therapeutic strategy."
10.1126/science.aeb4487,False,Science,该论文主要关注河流中微塑料的输送和影响因素，虽然涉及环境监测和污染物分析，但并未明确涉及大气环境遥感技术，如空气质量监测、卫星观测或大气成分分析等。,"['microplastic', 'riverine', 'hydroclimatic']",Hehao Qin;Maodian Liu;Yanxu Zhang;Qianru Zhang;Changhao Xiao;Chengzhen Zhou;Xingrui Cai;Xinran Qiu;Xuejun Wang,Hydroclimatic-driven pulse enrichment amplifies riverine microplastic export in developing countries,"Rivers are key conduits in the global microplastic cycle, but how much they export to ` ocean and what controls this export remain unresolved. Here, we present a global daily dataset of riverine microplastic concentrations and exports and find that rivers delivered far more microplastics to the ocean than most previous estimates suggest. Ninety-six percent of this export originated in the Global South, with Southeast and East Asia contributing >50% of the total flux. Furthermore, ~70% of global freshwater discharge exhibits “pulse enrichment,” whereby rainfall-driven high flows trigger spikes in microplastic concentrations and fluxes; 80% of these cases occur in developing countries. Without stronger upstream controls on plastic production and waste management, climate-driven increases in extreme rainfall may intensify these pulses, worsening marine microplastic pollution."
10.1126/science.aec0002,False,Science,该论文的主题是免疫学和肿瘤生物学，涉及干扰素和肿瘤生长的机制，与大气环境遥感技术（如空气质量监测、卫星观测、大气成分分析、气溶胶反演）无关。,[],Melissa A. Johnson;Siva Karthik Varanasi;Kailash Chandra Mangalhara;Kathryn Lande;Gladys R. Rojas;Pau B. Esparza-Moltó;Mack B. Reynolds;Neva Olliffe;Karl Wessendorf-Rodriguez;Sagnika Ghosh;Dan Chen;Alexandra G. Moyzis;Matthew P. Donnelly;Rebecca Chinn;Ziyan Xu;Kym J. Grae;Victoria Tripple;Michael A. LaPorta;Christian M. Metallo;Diana C. Hargreaves;Susan M. Kaech;Gerald S. Shadel,Chronic type II interferon promotes tumor growth through mitochondrial RNA–induced type I interferon and prostaglandin synthesis,"Interferons (IFNs) are proinflammatory cytokines that promote immune cell engagement to eliminate malignant cells. Paradoxically, chronic interferon signaling can also activate anti-inflammatory mechanisms that allow cancer cells to evade the immune system. In this study, we sought to determine the cellular mechanisms underlying this switch from antitumorigenic to protumorigenic interferon activity. We show that chronic type II interferon (IFN-II) exposure distinctively induced tumor growth by activating a type I interferon (IFN-I) response mediated by release of double-stranded mitochondrial RNA (ds-mtRNA) into the cytoplasm. This IFN-I signal synergized with IFN-II to enhance tumor growth by increasing immunosuppressive prostaglandin E2(PGE2) synthesis through increased cyclooxygenase 2 expression. Elimination of PGE2synthesis in immunotherapy-resistant melanoma cells restored their responsiveness to anti-PD1 treatment, indicating that this covert mtRNA-IFN-prostaglandin pathway could be a therapeutic target to combat immunotherapy resistance."
10.1126/science.aec7337,False,Science,该论文研究的是压电铁电材料的耐久性和缺陷控制，虽然涉及材料科学和电子技术，但与大气环境遥感技术（如空气质量监测、卫星观测、大气成分分析、气溶胶反演）没有直接关系。,"['wurtzite ferroelectric', 'nitrogen-vacancy', 'defect-mediated pathways']",Ruiqing Wang;Feng Zhu;Haoji Qian;Jiuren Zhou;Wenxin Sun;Siying Zheng;Jiajia Chen;Bochang Li;Yan Liu;Peng Zhou;Yue Hao;Genquan Han,Endurance beyond 10 billion cycles in wurtzite ferroelectrics by confining nitrogen vacancies,"Wurtzite ferroelectrics could provide a route to wafer-scale integrated ferroelectric memories but are limited by endurance, typically failing at ~108cycles. We identified nitrogen-vacancy (VN) clustering and long-range percolative migration as the defect-mediated pathways that drive leakage-current growth and dielectric breakdown. We combined a spatially engineered aluminum scandium nitride/aluminum nitride (AlScN/AlN) superlattice with a dynamic recovery protocol to spatially and energetically confineVNevolution that stabilized defect topology under cyclic electrical stress and suppressed hard breakdown and ferroelectric degradation. We demonstrated endurance beyond 1010cycles in wurtzite ferroelectrics under a complete-switching criterion (remnant polarization ≥ 100 microcoulombs per square centimeter). These findings establishVNconfinement as a scalable defect-topology framework that couples atomic-scale defect stability to reliable ultradense ferroelectric memories and provide guidance for next-generation nonvolatile memory technologies."
10.1126/science.aec8866,False,Science,该论文主要研究气候变化对森林生长的影响，特别是生长速率与生长季节长度对树木生长的关系，与大气环境遥感技术（如空气质量监测、卫星观测、大气成分分析、气溶胶反演）没有直接关联。,"['air quality monitoring', 'satellite observations', 'atmospheric composition analysis', 'aerosol retrieval']",Antoine Cabon;Patrick Fonti;Georg von Arx;Franco Biondi;J. Julio Camarero;Filipe Campelo;Marco Carrer;Katarina Čufar;Henri Cuny;Annie Deslauriers;Marek Fajstavr;Marina Fonti;David Frank;Alessio Giovannelli;Andreas Gruber;Jožica Gričar;Vladimír Gryc;Aylin Güney;Minhui He;Petr Horáček;Jianguo Huang;Malcolm Hughes;Yuan Jiang;Hans-Peter Kahle;Gregory King;Alexander V. Kirdyanov;Elena Larysch;Xiaoxia Li;Eryuan Liang;Martín de Luis;Harri Mäkinen;Edurne Martínez del Castillo;Sergei Mikhailov;Tobias Walter Miller;Kiyomi Morino;Cristina Nabais;Walter Oberhuber;Momchil Panayotov;Richard L. Peters;Peter Prislan;Sergio Rossi;Seyedehmasoumeh Saderi;Antonio Saracino;Luigi Saulino;Roberto Silvestro;Thomas Seifert;Anne Sophie Sergent;Dominik Florian Stangler;Marko Stojanović;Vaclav Treml;Hanuš Vavrčík;Joana Vieira;Wenjin Wang;Gerhard Wieser;Bao Yang;Yiping Zhang;Emanuele Ziaco;Cyrille B. K. Rathgeber,Growth rate overrides the benefit of extended growing season from boreal to semiarid conifers,"Climate warming lengthens the productive season in extratropical forests. Yet there is inconclusive evidence on whether this in turn elicits enhanced tree growth and forest carbon sequestration. In this study, we used cellular observations of conifer wood formation spanning boreal to semiarid forests to quantify the relative importance of cambial growth rate versus season length in driving annual cell production, the key process underlying woody growth. We found that rate is the primary driver of annual cell production. Furthermore, whereas the growing season lengthens with annual temperature, growth rate exhibited an optimum at ~6°C, beyond which increasingly dry conditions compromise wood production gains. The negative impact of warming on intra-annual growth dynamics can thus largely offset the benefit of longer growing season on future forest carbon storage."
10.1126/science.aeg4851,False,Science,该论文研究的是病毒（特别是轮状病毒）如何进入细胞，以及在这个过程中膜穿孔的机制。这与大气环境遥感技术（如空气质量监测、卫星观测、大气成分分析、气溶胶反演）没有直接关系。,"['rotavirus', 'cryogenic electron tomography', 'viral entry']",Marilina de Sautu;Conny Leistner;Tomas Kirchhausen;Simon Jenni;Stephen C. Harrison,Mechanism of membrane perforation in rotavirus cell entry,"Cell entry of nonenveloped animal viruses requires translocation of a macromolecular assembly across a cellular membrane. Double-stranded RNA viruses introduce into the target cell an inner capsid particle that does not uncoat further. Instead, it extrudes capped viral mRNA by virtue of polymerase and capping activities within it. As described here, we used cryogenic electron tomography to visualize the full course of rhesus rotavirus entry, from cell attachment and virion uptake to release of the subviral particle. The cryo-tomograms and subtomogram averaging of classified subparticles link high-resolution structures of the virion and its components with time series from live-cell fluorescence microscopy. We outline the mechanism of each step in the entry process, including the membrane perforation step that transfers a subviral particle into the cytosol."
10.1126/science.aeh1348,False,Science,该论文主要研究CRISPR技术在蛋白质翻译和干细胞自我更新中的作用，涉及rRNA转录和基因调控。与大气环境遥感技术（如空气质量监测、卫星观测、大气成分分析、气溶胶检索等）无关。,[],Maximilian Wiesbeck;Emilie L. Alard;Florencia Merino;Niti Chowdhury;Luisa Egert;Anna Danese;Simon Imhof;Matilde Iraci Borgia;Akshaya Rajan;Nadine  Fernandez-Novel Marx;Edina Kepesidis;Anna Köferle;Luis Miguel Cerron-Alvan;Franziska Vierl;Thi-Tram Truong;Manja Thorwirth;Lorina Bilalli;André Santos Dias Mourão;Jovica Ninkovic;Rico Schieweck;Markus Diefenbacher;Stefanie M. Hauck;Paul A. Trainor;Faraz K. Mardakheh;Magdalena Götz;Stefan H. Stricker,Manipulation of protein translation and stem cell self-renewal by CRISPR activation of rRNA transcription,"Ribosomal RNA (rRNA) transcription rates vary during development, and their dysregulation is linked to diseases such as cancer and ribosomopathies. Owing to their high abundance and genomic redundancy, the functional significance of rRNA levels remains unclear. We developed TAPIR (Targeted Activation of Protein Translation), a CRISPR-based approach to elevate rRNA levels by inducing 47Sribosomal DNA transcription. TAPIR increased nucleolar size and enhanced protein synthesis, even in rapidly proliferating cells. In neural stem cells, elevated translation promoted self-renewal and proliferation in vitro and in vivo. Furthermore, TAPIR enabled the modeling and partial rescue of associated disease phenotypes. Our findings reveal that rRNA levels directly regulate translational output and that protein synthesis capacity can act as a key determinant of mammalian stem cell behavior."
10.1126/science.aeh3697,False,Science,该论文主要研究的是一种新型非易失性存储器的制造技术，涉及铁电材料和隧道结的电学特性，与大气环境遥感技术（如空气质量监测、卫星观测、大气成分分析、气溶胶检索）没有直接关系。,"['ferroelectric', 'tunneling electroresistance', 'memory']",Yue Wang;Yu Zhao;Yifei Zhang;Liutianyi Zhang;Zijian Zhong;Sishuo Liu;Chentao Hou;Fanxin Liu;Bin-Bin Zhang;Zhongming Wei;Yue-Yang Liu;Han Wang;Ping-Heng Tan;Jiangbin Wu,Giant tunneling electroresistance in sliding ferroelectrics,"Nonvolatile memories should store information reliably while consuming little energy. Ferroelectric tunnel junctions offer compact readout, but conventional ionic displacement ferroelectrics can fatigue, and two-dimensional sliding ferroelectrics are robust but generate weak readout in two terminal devices. We engineered a van der Waals junction using rhombohedral molybdenum disulfide, hexagonal boron nitride, monolayer graphene, and chromium. This architecture converts small sliding polarization into synergistic modulation of tunneling barrier height and carrier concentration. The devices showed tunneling electroresistance above 10 million, a high conductance state current density of 222 amperes per square centimeter at 0.5 volts, and an endurance beyond 100 billion cycles while switching with 13-nanosecond pulses at an estimated energy of 6.5 femtojoules, offering a route to compact low-power memory."
10.1126/science.aed0430,False,Science,该论文主要关注古基因组学和栖息地建模，研究 woolly rhinoceros 的起源和古气候周期响应，未涉及大气环境遥感技术，如空气质量监测、卫星观测、大气成分分析或气溶胶反演等。,"['paleogenomics', 'habitat modeling', 'woolly rhinoceros']",",,†;,†;;Raquel Teixeira;;Alexandre Gilardet;;;;;Maxim Kozlikin;Sergey Vasiliev;Stanislav Medvedev;Sergei Kruskop;;;Vera Basova;;;;Katerina Douka;Michael Shunkov;Alexandra Buzhilova;Love Dalén;,*",Paleogenomics and habitat modeling reveal temperate Eurasian origins of woolly rhinoceroses,"The woolly rhinoceros was a prominent Ice Age megafaunal species, and there is limited knowledge regarding its origin and responses to past glacial cycles. We sequenced 29 mitochondrial and 14 nuclear genomes from Pleistocene specimens across Eurasia and modeled the species’ habitats over the past 500,000 years. Our results suggest that its maternal genetic diversity mainly evolved in temperate Eurasia around 460 thousand to 420 thousand years ago during a prolonged glacial-interglacial transition. We found that a ~170-thousand-year-old East Asian individual was ancestral to all later populations, indicating East Asia as one possible origin of Late Pleistocene ancestry. We also identified the Altai region as a major climatic refugium. These findings highlight the crucial role of temperate Eurasia in the evolution of woolly rhinoceroses and the diversification of cold-adapted megafauna."
10.1126/science.aem1230,False,Science,标题和摘要中未提及与大气环境遥感技术相关的关键词，如空气质量监测、卫星观测、大气成分分析或气溶胶反演。,[],Corinne Simonti;Jesse Smith;Bianca Lopez;Cheri Sirois;Joana Osório;Sarah H. Ross;Jack Huang;Jesse Smith;Brad Wible,In Other Journals,
10.1126/science.aem1231,False,Science,标题和摘要内容不涉及大气环境遥感技术相关主题，如空气质量监测、卫星观测、大气成分分析或气溶胶反演等。,[],Violeta J. Rodriguez,Letting go of certainty,
10.1126/science.aek6943,False,Science,标题和摘要中没有明确提及与大气环境遥感技术相关的关键词，如空气质量监测、卫星观测、大气成分分析或气溶胶反演等。,[],Yogesh Joglekar,Catching a glimpse of complex relaxation,
10.1126/science.ael3828,False,Science,该论文标题和摘要内容与大气环境遥感技术无关，主要涉及癌症免疫疗法的研究，属于生物医学领域。,[],Arup K. Chakraborty,Decondensing cancer immunotherapy,
10.1126/science.aek8249,False,Science,该论文的标题和摘要内容主要涉及铂金化疗对肝脏的影响，与大气环境遥感技术（如空气质量监测、卫星观测、大气成分分析、气溶胶反演）无关。,[],Sanjeev A. Vasudevan and D. Williams Parsons,Platinum chemotherapy ages the liver,
10.1126/science.aee8320,False,Science,该论文的标题和摘要主要涉及人类逆转录病毒、白细胞介素-2以及免疫疗法的发现，与大气环境遥感技术（如空气质量监测、卫星观测、大气成分分析、气溶胶反演）无关。因此，该论文与大气环境遥感技术主题无关。,[],Rafi Ahmed and Steven Rosenberg,How the hunt for human retroviruses led to the discovery of interleukin-2 and a path to immunotherapy,
10.1126/science.aek2884,False,Science,该论文标题和摘要内容与大气环境遥感技术无关，主题涉及中国保护区面临的围栏威胁，属于环境政策或生态保护领域。,[],Jiangwei Zhu;Kun Xie;Min Wang;Meixia Guo;Zekai Yang,Fencing threatens China’s protected areas,
10.1126/science.aek3731,False,Science,该论文标题和摘要主要关注生物多样性危机，与大气环境遥感技术（如空气质量监测、卫星观测、大气成分分析、气溶胶反演）没有直接关系。,[],Tao Liang;Shai Meiri;Uri Roll,Wars exacerbate the biodiversity crisis,
10.1126/science.aek7855,False,Science,该论文标题和摘要内容与大气环境遥感技术（如空气质量监测、卫星观测、大气成分分析、气溶胶反演等）无关，主要讨论的是埋葬地作为保护区的问题，属于生态保护或土地管理领域。,[],Zishan Ahmad Wani,Assess burial grounds as conservation areas,
10.1126/science.aem2418,False,Science,该论文的标题和摘要主要关注中国地质历史的深层次疤痕，与大气环境遥感技术（如空气质量监测、卫星观测、大气成分分析、气溶胶反演）无关。,[],Richard Stone,China maps the deep scars of its geological past,
10.1126/science.aem2419,False,Science,该论文的标题和摘要主要关注水资源危机和科罗拉多河的解决方案，与大气环境遥感技术（如空气质量监测、卫星观测、大气成分分析、气溶胶反演）无关。,[],Jeffrey Mervis,NSF looks for technology fixes to ease water crisis along Colorado River,
10.1126/science.aem2420,False,Science,该论文标题和摘要内容与大气环境遥感技术无关。标题涉及癌症研究所的领导层，摘要未提供具体内容，但根据标题判断与遥感技术无关。,[],Jocelyn Kaiser,NCI director counters gloomy forecast for cancer institute,
10.1126/science.aem2421,False,Science,该论文标题和摘要主要关注美国森林服务局撤销“无路区域规则”的决策，与大气环境遥感技术（如空气质量监测、卫星观测、大气成分分析、气溶胶反演等）无关。,[],Warren Cornwall,Scientists question U.S. Forest Service’s rationale for rescinding ‘roadless rule’,
10.1126/science.aem2422,False,Science,该论文的标题和摘要内容主要关注免疫系统和大脑健康，与大气环境遥感技术（如空气质量监测、卫星观测、大气成分分析、气溶胶反演）无关。,[],Jennie Erin Smith,Clues to immune havoc in the brain,
10.1126/science.aem2423,False,Science,标题和摘要中没有提及与大气环境遥感技术相关的任何关键词，如空气质量监测、卫星观测、大气成分分析或气溶胶反演等。因此，该论文与大气环境遥感技术没有强关联。,[],Andrew Lawler,High culture,
10.1126/science.aek8362,False,Science,标题和摘要中没有提及与大气环境遥感技术相关的关键词，如空气质量监测、卫星观测、大气成分分析或气溶胶反演。,[],Alondra Nelson and Lindsey D. Cameron,The wrong platform for science,
10.1126/science.aem0783,False,Science,标题和摘要中未提及与大气环境遥感技术相关的具体内容，如空气质量监测、卫星观测、大气成分分析或气溶胶反演等。,[],Dan Wang,China’s ultimate orchestration—integrating the science,
10.1126/science.aem1478,False,Science,标题和摘要中没有提及与大气环境遥感技术相关的关键词，如空气质量监测、卫星观测、大气成分分析或气溶胶反演。,[],Authors not available,New Products,
10.1126/science.aee7868,False,Science,该论文标题和摘要与大气环境遥感技术无关，主题是教育领域的实施科学，不涉及空气质量监测、卫星观测、大气成分分析或气溶胶反演等相关技术或概念。,[],Noam Angrist;Tahir Andrabi;Stefan Dercon;Sharnic Djaker;James Habyarimana;Michelle Kaffenberger;Clare Leaver;Akshay Mangla;Nompumelelo Mohohlwane;Abhijeet Singh,An agenda for implementation science in education,
10.1126/science.aem1229,False,Science,标题和摘要中未提及任何与大气环境遥感技术相关的术语，如空气质量监测、卫星观测、大气成分分析或气溶胶反演等。,[],Michael Funk;Corinne Simonti;Bianca Lopez;Yevgeniya Nusinovich;Keith T. Smith;Cheri Sirois;Phil Szuromi;Annalisa VanHook;Dustin R. Rubenstein;Priscilla N. Kelly;Jack Huang;Jesse Smith;Stella M. Hurtley;L. Bryan Ray;Jelena Stajic;Leoma Bere,In Science Journals,
