doi,is_relevant,journal,explanation,topic_words,authors,title,abstract
10.1088/1748-9326/ae860c,False,Environmental Research Letters,该论文主要关注城市水基础设施退化对水质的影响及缓解策略，虽然涉及水质监测（如E. coli和isotope ratio），但并未明确涉及大气环境遥感技术，如卫星观测、空气质量监测等。因此，它与大气环境遥感技术相关性不强。,"['water quality', 'urbanization', 'E. coli']",Fernando Pagán;David Bahamón-Pinzón;Jay Banner;Helen G Siegel;Susana Almanza;Lindsey Sydow;Mary Jo Kirisits,Improved community resilience through multi-stakeholder collaboration: identifying and mitigating impacts of municipal water infrastructure degradation in an urban watershed,"Urbanization can negatively impact water quality, threatening key community resilience benefits including ecological health, recreation, and cultural significance. In Austin, Texas, urbanized central and eastern watersheds have poorer water quality and fewer historical protections than rural western watersheds. Boggy Creek, in East Austin, is among the most environmentally degraded watersheds in Austin, yet community members report that 50 years ago it was a valuable high-quality amenity. Our objective is to investigate the processes and sources of water quality degradation in Boggy Creek and identify potential remediation strategies to improve environmental health. Monthly stream water monitoring results show that elevated levels of anthropogenic indicators (e.g. Na, Cl, Escherichia coli [E. coli] and 87Sr/86Sr isotope ratio) are correlated with the spatial distribution of older infrastructure, with stream water in the upstream sections of Boggy Creek revealing more pronounced effects of urbanization and municipal water input than in the downstream areas. An unexpectedly high stream discharge occurred during drought conditions at a previously dry upstream site. Water quality parameters for the high discharge (pH = 9.2, total dissolved solids [TDS] = 264 ppm, E. coli= 1.0 Most Probable Number [MPN]/100 ml, Ca = 12 ppm, and SO4 = 31 ppm) align closely with that of the municipal supply water within the watershed (n= 3, pH = 9.3–9.5, TDS = 245–266 ppm, E. coli = <1.0 MPN/100 ml, Ca = 11–14 ppm, and SO4 = 29–31 ppm). Fluid mixing modeling indicates that 93%–100% of streamflow was from municipal supply water. At a second upstream site, E. coli concentrations markedly increased from 5.2 × 102 MPN/100 ml in April 2024 to >2.4 × 105 MPN/100 ml in May and June 2024, indicating that streamflow was predominantly comprised of municipal wastewater. Through collaboration with the city’s Watershed Protection Department, a leak in a private wastewater line near the sampling site was identified and repaired, which led to a significant decrease in E. coli concentrations in September 2024 to 29 MPN/100 ml, which is below Texas’s health guideline levels for water recreation. Our collaborative research approach has value for advancing the resilience of this water resource and can be implemented in other urban hydrologic systems with aging infrastructure."
10.1088/1748-9326/ae962c,True,Environmental Research Letters,该论文研究了铁路与北极航运的排放差距，涉及北极航运对气候变化的影响，包括二氧化碳和黑碳等污染物排放，与大气环境遥感技术中的空气质量监测和排放分析密切相关。,"['Arctic shipping', 'CO2e', 'black carbon']",Lin Wang;Fei-Teng Wang;Zhen-Cai Du;Jing Ming,"Emissions gap between rail and arctic shipping: Poland–Belarus border closure, September 2025","When the September 2025 Poland–Belarus border closure disrupted the Euro–China railway, cargo was diverted to the Northern Sea Route. We quantify the emissions gap between rail and Arctic shipping for this diverted cargo using verified disruption dates, automatic identification system-tracked distances, and IPCC/IMO GHG methodology. For 52 500 tons diverted during the 14 d closure, Arctic shipping produced 4.7% less CO2 than rail (−676 tons CO2). However, including black carbon (BC), methane, and nitrous oxide emissions reveals a critical trade-off: under both time horizons, Arctic shipping produces more CO2e than rail. At GWP100, the gap is +435 tons CO2e (+3.0%); at GWP20, the penalty rises to +1,286 tons CO2e (+8.8%) due to the strong albedo effect of BC on Arctic ice and snow. Monte Carlo simulation (10 000 runs) quantifies uncertainty. These results challenge Arctic shipping’s framing as a climate-friendly alternative, demonstrating that black carbon penalties can outweigh CO2 savings from modal substitution."
10.1088/1748-9326/ae97f9,False,Environmental Research Letters,该论文主要研究发展中国家受保护地区附近的人口数量估算，虽然涉及地理空间分析，但与大气环境遥感技术（如空气质量监测、卫星观测、大气成分分析、气溶胶反演）没有直接关系。,"['gridded population data', 'protected areas', 'demographic scale']",Florent Bédécarrats,How many people live near protected areas in developing countries? Estimates from gridded population data (2000–2020),"Impact evaluations of protected areas (PAs) routinely define ‘local populations’ through spatial proximity, yet the demographic scale implied by these definitions is almost never quantified. We estimate population counts inside PAs and within 10 km of their boundaries for 75 low- and lower-middle-income countries (LMICs) in 2000 and 2020, using the World Database on PAs and globally harmonized gridded population data (GHSL, with WorldPop as robustness check). India, which represents about 36% of the LMIC population, is excluded because its national PAs are not publicly available in the World Database on Protected Areas. Results are decomposed by IUCN management category (strict and non-strict). In 2020, out of a combined population of about 2.48 billion people, approximately 61 million (2.5%) lived inside PAs and 732 million (29.5%) lived inside or within 10 km of their boundaries; the corresponding figures for 2000 are 19 million (1.1%) and 258 million (15.4%). Although the IUCN management category is not recorded for 59% of PAs, among those for which it is documented PA-adjacent populations are located mostly near non-strict PAs (IUCN categories IV to VI) rather than strict protection regimes (IUCN categories I to III), largely because non-strict PAs are more numerous and cover more land. These population orders of magnitude are relevant for interpreting the scope of PA impact evaluations but do not themselves constitute impact estimates."
10.5194/acp-26-11991-2026,True,Atmospheric Chemistry and Physics,该论文研究了意大利波河流域空气污染中吸水但未形成雾滴的颗粒如何影响雾和能见度，涉及了空气污染监测、雾的形成机制和能见度分析，与大气环境遥感技术（如空气质量监测、雾的形成和能见度分析）密切相关。,"['hydrated aerosol particles', 'fog', 'air pollution', 'visibility', 'Po Valley']",Almuth Neuberger;Rahul Ranjan;Hao Ding;Fredrik Mattsson;Lea Haberstock;Darrel Baumgardner;Stefano Decesari;Annica M. L. Ekman;Dagen D. Hughes;Claudia Mohr;Marco Paglione;Ilona Riipinen;Matteo Rinaldi;Paul Zieger,Importance of hydrated aerosol particles for aerosol–fog relationships in the Italian Po Valley,"We studied how particles from air pollution that absorb water but do not yet form fog droplets influence fog and visibility in northern Italy’s Po Valley. Using detailed field observations and computer modeling, we found that these “hydrated” particles can explain many low-visibility events. Recognizing their role helps improve forecasts of fog, air quality, and climate effects in polluted regions. 
 Air pollution and fog are closely connected, influencing both visibility and human health. As relative humidity rises, aerosol particles absorb water and grow hygroscopically, potentially activating into fog droplets when supersaturation is reached. Distinguishing between hydrated (non-activated) aerosols and activated particles is critical, as their differing thermodynamic states influence fog chemistry and dissipation. This study quantifies the impact of hydrated aerosol particles on fog microphysical properties and visibility in the Po Valley, one of Europe’s most polluted regions. We analyzed detailed aerosol–fog observations from the FAIRARI 2021/2022 campaign at San Pietro Capofiume, Italy, using κ–Köhler theory and the Large Eddy Simulation (LES) model MIMICA. The median hygroscopicity parameter (κ) of fog residuals (0.45) exceeded that of interstitial particles (0.40) and out-of-fog aerosols (0.34), reflecting enhanced inorganic content in fog droplets. Hygroscopic growth calculations show that hydrated particles can reach several micrometers in diameter, significantly influencing inferred fog microphysical properties. Excluding hydrated aerosols led to an 81 % increase in effective diameter (from 11.6 to 21.0 µm) and an 87 % decrease in cloud droplet number concentration (from 97.4 to 12.4 cm−3). Hydrated particles contributed, on average, 21 % to liquid water content and accounted for 36 % of sub-kilometer visibility events without droplet activation. LES results emphasize that fog prediction depends strongly on the largest dry aerosol particles. Our findings demonstrate the need to distinguish between hydrated and activated particles when interpreting fog observations and modeling fog development in polluted environments."
10.5194/acp-26-12019-2026,True,Atmospheric Chemistry and Physics,该论文研究的是大气中甲烷和二氧化碳的碳-14同位素含量，这直接与大气环境遥感技术相关，特别是空气质量监测和大气成分分析。论文探讨了区域核排放和全球大气14CH4信号的影响，使用了高海拔站点（Jungfraujoch）的测量数据，并结合了放射性氡测量和拉格朗日粒子扩散模型，这些都是大气环境遥感技术的应用实例。,"['atmospheric CH4', 'CO2', 'carbon-14 (14C)', 'air quality monitoring', 'atmospheric composition analysis']",Thomas Laemmel;Dylan Geissbühler;Stephan Henne;Ryo Fujita;Heather Graven;Christophe Espic;Matthias Bantle;Negar Haghipour;Franz Conen;Dominik Brunner;Martin Steinbacher;Giulia Zazzeri;Samuel Hammer;Markus Leuenberger;Sönke Szidat,Radiocarbon in atmospheric CH4 and CO2 at Jungfraujoch in 2019–2024: influence of regional nuclear emissions and current global atmospheric 14CH4 signal,"Carbon dioxide and methane are the two main anthropogenic greenhouse gases responsible for current climate change. Beside the measurement of their atmospheric concentration, the analysis of the abundance of their isotope carbon-14 (14C) gives hints about their origin, either biogenic or fossil. Here we present six years of atmospheric 14CH4 and 14CO2 measurements at a high-elevation alpine site in Switzerland (Jungfraujoch) and discuss the observed trends in both local and global views. 
 Radiocarbon (14C) is a valuable tracer to determine the relative fossil fractions of emitted carbonaceous greenhouse gases, such as CO2 and CH4. While atmospheric Δ14CO2 measurements have been conducted at multiple sites for several decades, Δ14CH4 measurements remain more limited, mainly due to measurement challenges. In addition, 14CH4 emissions from nuclear power plants (NPPs) can complicate data interpretation. In this study, fortnightly Δ14CH4 and Δ14CO2 measurements at the Swiss High-Altitude Research Station Jungfraujoch (JFJ, about 3500 m a.s.l.) between 2019 and 2024 are presented. Over this period, Δ14CH4 values showed an increase from 350 ± 19 ‰ to 381 ± 13 ‰, while Δ14CO2 values decreased from −2.0 ± 3.8 ‰ to −12.7 ± 2.0 ‰, respectively. The former is related to the slight increase of 14CH4 emissions from the nuclear industry over the last years, while the latter is linked to the continued dilution of the 14CO2 signal due to the release of 14C-devoid CO2 from combustion of fossil fuels. Despite its high elevation, JFJ is still influenced by NPPs operating in Europe. To assess the nuclear 14C contribution to our individual measurements, we use a combination of in situ 222Radon measurements and Lagrangian particle dispersion model convolved with bottom-up inventory of 14C emissions from NPPs. Furthermore, our Δ14CH4 measurements reasonably agree with simulated atmospheric values of Δ14CH4 estimated by a global atmospheric one-box model and an estimation of global nuclear 14CH4 emissions."
10.5194/acp-26-11967-2026,True,Atmospheric Chemistry and Physics,该论文研究了异戊二烯衍生的二次有机气溶胶（ISOA）在中国区域的变化及其驱动因素，使用了CAM6-Chem模型进行模拟和分析，这与大气环境遥感技术中的空气质量监测和气溶胶成分分析密切相关。,"['isoprene-derived secondary organic aerosol', 'CAM6-Chem', 'air quality monitoring']",Wenxin Zhang;Man Yue;Xinyue Shao;Xinyi Dong;Minghuai Wang,Improved representation of isoprene-derived secondary organic aerosol in CAM6-Chem reveals regional contrasts in its long-term changes over China,"Isoprene-derived secondary organic aerosol (ISOA) remains poorly represented in models, creating uncertainty in its changes and drivers. An improved model better matches observations and shows that low-NOx formation dominates. Overall ISOA changed little from 2000 to 2019 because opposite regional trends offset each other: increases in Southwest China were driven by stronger isoprene emissions, while decreases in Shaanxi–Gansu–Ningxia were driven by changes in anthropogenic emissions. 
 Isoprene-derived secondary organic aerosol (ISOA) is an important component of atmospheric organic aerosol, but its formation remains incompletely represented in global chemical models, creating uncertainty in ISOA changes and their drivers. In this study, we implemented an explicit ISOA formation scheme in Community Atmosphere Model version 6 with comprehensive tropospheric and stratospheric chemistry (CAM6-Chem), incorporating high-NOx gas-phase epoxide precursors and explicitly representing branch-resolved heterogeneous uptake from both low-NOx and high-NOx pathways. Evaluation against ground-based observations shows that the updated model reasonably reproduces the concentrations and compositional structure of four explicitly represented ISOA subspecies. At the bulk aerosol level, the update alleviates the underestimation of SOA over China, improving the normalized mean bias from −76.7 % to −51.6 %. ISOA formation in China is governed by NOx-dependent competition between the low- and high-NOx pathways, with the former remaining dominant at the national scale. Long-term analysis for 2000–2019 shows a weak national-mean ISOA trend due to offsetting regional changes of opposite signs. The most pronounced increase occurs in Southwest China, where enhanced biogenic isoprene emissions emerge as the leading statistical predictor of the ISOA increase, with a regression-based relative contribution of 58.29 %. The strongest decrease occurs in the Shaanxi–Gansu–Ningxia region, where declining sulfate is identified as the leading statistical predictor, with a regression-based relative contribution of 63.37 %. These results highlight the regional heterogeneity of ISOA changes in China and the importance of jointly representing precursor supply and heterogeneous reaction conditions in simulating ISOA formation and trends."
10.5194/acp-26-12037-2026,True,Atmospheric Chemistry and Physics,该论文研究大气中纳米颗粒的增长速率及其与挥发性物质的关系，这与大气环境遥感技术中的空气质量监测、大气成分分析密切相关。论文提到的分子组成、挥发性和扩散率等概念，都是大气遥感技术中分析空气质量的常用参数。,"['nanoparticle', 'atmospheric aerosols', 'chemical kinetics', 'air quality monitoring']",Zhiqiang Zhang;Hyun Gu Kang;Ulrich Pöschl;Thomas Berkemeier,"Buffering of atmospheric nanoparticle growth by temperature-dependent shifts in molecular  composition, volatility and diffusivity","New particle formation in the atmosphere has long been a scientific conundrum because nanoparticle growth rates are less dependent on condensable vapor concentration than expected. We have developed a new multiphase chemical kinetics model that reconciles observational data from field measurements and chamber experiments. We uncover an effective buffering of particle growth rates through antagonistic effects concerning particle phase state and shifts in volatility distributions. 
 Aerosols have a profound influence on climate and human health, but new particle formation in the atmosphere has remained a scientific conundrum. In particular, the growth rates of atmospheric nanoparticles are often smaller and less dependent on condensable vapor concentration than expected. Here, we take a new integrative approach to analyze observational data from field measurements and chamber experiments, which were previously unexplained and appeared inconsistent with theory and model predictions. We show that the observed growth rates can be predicted when the temperature dependence and multiphase kinetics of gas-particle partitioning are resolved. Slow surface-to-bulk transport limits the rates of vapor uptake by semi-solid particles with low diffusivity, whereas shifts in the volatility distribution following the Clausius-Clapeyron equation enhance growth rates at low temperature and concentration levels. These antagonistic effects lead to an effective buffering of the organic vapor concentration dependence of nanoparticle growth in secondary organic aerosols. Our study reveals how counteracting temperature dependencies of organic vapor oxidation, volatility and diffusivity can explain the convergence of growth rates around a few nanometers per hour under widely varying atmospheric conditions."
10.5194/essd-18-5951-2026,True,Earth System Science Data,该论文使用合成孔径雷达（SAR）和光学遥感（Sentinel-1和Sentinel-2）技术融合，创建了中国长江三角洲地区浮式太阳能设施的十年地图。这涉及大气环境遥感技术，特别是卫星观测和大气成分分析，因为浮式太阳能设施对水表面反射和光谱混淆的遥感检测具有挑战性。因此，该研究在遥感大气环境技术方面具有强相关性。,"['Sentinel-1', 'Sentinel-2', 'Random Forest', 'SAR', 'Optical Remote Sensing']",Yue Yan;Xin Jiang;Sihuan Wei;Yubin Jin;Xinyu Zou;Junwei Liu;Yaotong Cai;Jianhuai Ye;Zhilin Guo;Zhenzhong Zeng,Decadal surge of water-surface solar in China's  Yangtze Delta: A high-fidelity SAR-optical  fusion inventory (2015–2024),"Floating solar is growing rapidly in China, but its long-term development remains poorly documented. We created a decade-long map of floating solar installations in the Yangtze River Delta using satellite observations and visual verification. The mapped area increased from 17.4 square kilometers in 2015 to 145.4 square kilometers in 2024. This dataset supports renewable energy planning and future studies of environmental changes related to floating solar expansion. 
 China hosts approximately 97 % of the world's water-surface photovoltaics (WPV), with nearly two-thirds of its national capacity concentrated in the Yangtze River Delta (YRD), a densely populated economic powerhouse facing intense land–energy trade-offs. Despite this dominance, no high-resolution, decade-long inventory has been available to track this rapid expansion. WPV detection using optical remote sensing (RS) imagery is severely limited by persistent cloud cover, water surface reflections, and spectral confusion, compromising long-term consistency across aquatic environments. Here, we developed a multi-sensor fusion framework integrating all-weather Sentinel-1 Synthetic Aperture Radar (SAR) observations and annual composite Sentinel-2 optical imagery. Input features include six Sentinel-2 bands, spectral indices (NDVI, MNDWI, NDBI, NDPI, and SAVI), texture metrics, and dual-polarization SAR backscatter. We trained a random forest classifier on 55 849 verified samples to generate annual WPV maps for 2015–2024. Subsequently, we applied post-processing procedures, including noise removal, patch merging, and area thresholding, and further verified installation years and removed misclassified areas through manual inspection of Google Earth time-series imagery. The resulting 10 m-resolution WPV atlas for the YRD maps 401 validated projects with a cumulative area of 145.4 km2 by 2024. It outperforms existing global PV inventories with an overall accuracy of 97.3 % and a Cohen's kappa coefficient of 0.94. The results reveal rapid expansion from 17.4 km2 in 2015 to 145.4 km2 in 2024, with 87 % of WPV area deployed on natural lakes, a marked shift in dominance from Jiangsu to Anhui, and clear spatial clustering near grid infrastructure and stable water bodies. This high-fidelity inventory provides a robust foundation for monitoring WPV evolution, assessing environmental impacts, and informing sustainable energy planning in the world's leading floating solar region. The dataset is available at https://doi.org/10.5281/zenodo.17484488 (Yan et al., 2025)."
10.5194/essd-2026-330,False,Earth System Science Data Discussions,该论文主要关注青藏高原多年冻土地区的活动层湿度数据集，虽然使用了机器学习技术，但并未涉及大气环境遥感技术，如空气质量监测、卫星观测、大气成分分析或气溶胶反演等。,"['active layer moisture', 'permafrost', 'machine learning']",Erji Du;Tonghua Wu;Liyun Dai;Youhua Ran;Yufang Min;Lin Zhao;Lingxiao Wang;Jimin Yao;Zhibin Li;Keting Feng;Yao Xiao;Guojie Hu;Defu Zou;Guangyue Liu;Zanpin Xing;Xiaofan Zhu;Ji Chen,A first 90 m resolution active layer moisture dataset across the Qinghai–Tibet Plateau permafrost region,"We present the first 90 m resolution dataset of active layer moisture covering the entire permafrost region of the Qinghai–Tibet Plateau. It was produced from 342 field observations (2009–2024) using four machine learning models combined through bias-aware fusion, and is accompanied by an area-of-applicability mask and per-pixel uncertainty estimates. The dataset is freely available at https://doi.org/10.12072/ncdc.permafrost.db7312.2026. 
 Active layer moisture (ALM) plays a fundamental role in regulating the hydrothermal dynamics, freeze–thaw processes, carbon cycling, and ecosystem and load-bearing functions of permafrost. However, spatially continuous, high-resolution datasets that characterize soil moisture across the entire active layer remain largely unavailable for the Qinghai–Tibet Plateau (QTP), which hosts the largest low- to mid-latitude permafrost region globally. Here, we present the first 90 m resolution, spatially complete dataset of ALM – the depth-averaged volumetric water content of the entire active layer – for the entire permafrost region of the QTP. The dataset was produced by integrating 342 in situ samples collected during peak-thaw seasons from 2009 to 2024 with multi-source remote sensing environmental predictors, topographic factors, and soil physicochemical properties. Four ensemble machine learning models, include Random Forest, Extra Trees, XGBoost, and CatBoost, were trained, and a bias-aware multi-model fusion strategy was applied to generate the final ALM product. SHAP-based recursive feature elimination was used to identify the dominant environmental controls and optimize feature selection. Random five-fold cross-validation showed high apparent accuracy (R² =0.62–0.63, RMSE ≈ 0.08 m³ m⁻³), and a group-based spatial cross-validation provided a conservative transferability estimate (pooled R² = 0.30–0.38). Within the permafrost region, ALM ranges from 0.02 to 0.70 m³ m⁻³, with a mean of 0.21 m³ m⁻³ and a standard deviation of 0.09 m³ m⁻³, exhibiting a distinct southeast-to-northwest decreasing gradient. The dataset is freely available with DOI: https://doi.org/10.12072/ncdc.permafrost.db7312.2026. The dataset is accompanied by an area-of-applicability (AOA) mask delineating the region – approximately 60 % of the permafrost region – where the cross-validated performance can be expected to hold, together with per-pixel uncertainty estimates derived from the DI–RMSE relationship and the divergence among the four models."
10.5194/essd-2026-471,True,Earth System Science Data Discussions,该论文研究的是从卫星微波观测中获取北极海冰的穿透感知发射特性，这与大气环境遥感技术中的卫星观测、大气成分分析、气溶胶反演等密切相关。研究中使用了AMSR2卫星数据，并提供了2012-2025年的海冰发射特性数据集，这些都与大气环境遥感技术直接相关。,"['AMSR2', 'Arctic sea-ice', 'microwave observations', 'emissivity', 'remote sensing']",Eui-Jong Kang;Byung-Ju Sohn;Hwan-Jin Song;Wonho Kim;Chao Liu,Thirteen Winters (2012–2025) of Penetration-Aware Arctic Sea-Ice Emissivity and Emission Temperature from AMSR2,"This study provides a new winter Arctic sea-ice dataset of penetration-aware emission properties from satellite microwave observations for 2012–2025. It offers physically interpretable information on how snow-covered sea ice emits microwave radiation, helping to describe the Arctic sea-ice environment as a multivariate geophysical system. The dataset can serve as reusable geophysical information for characterizing sea-ice variability and supporting remote sensing and modelling applications. 
 Passive microwave observations enable long-term, all-weather monitoring of Arctic sea ice, but their physical interpretation depends on how surface emission is represented. In conventional satellite emissivity products, emissivity is typically retrieved under a skin-emission assumption, even though low-frequency microwave radiation over sea ice can originate from a deeper, non-isothermal subsurface layer. This study presents a new satellite-derived dataset of low-frequency sea-ice emissivity representative of the microwave-emitting layer and the corresponding emission temperature for wintertime Arctic sea ice. The dataset is generated using a simulation-trained retrieval framework in which penetration-aware sea-ice surface emission parameters are combined with reanalysis atmospheric profiles in radiative transfer calculations to construct forward-consistent training data, and neural-network inversion models are trained separately for emissivity and emission temperature to retrieve each variable independently from top-of-atmosphere brightness temperatures."
10.5194/essd-2026-589,True,Earth System Science Data Discussions,该论文研究了使用OLCI传感器（搭载在Sentinel-3卫星上）对热带大西洋海域的漂浮藻类Sargassum进行每日检测的方法。这属于大气环境遥感技术范畴，特别是卫星观测和大气成分分析，与空气质量监测和气溶胶检索等技术密切相关。,"['OLCI', 'Sentinel-3', 'Sargassum detection', 'atmospheric remote sensing']",Marianne Debue;Thibault Guinaldo;Anastasia Tarasenko;Stéphane Saux-Picart,Daily Sargassum detection from OLCI images over the tropical Atlantic Ocean since 2018 through a multi-index approach,"This article presents a dataset of Sargassum detections and the methodology used to obtain it. The detections were made using images from the OLCI sensor aboard the Sentinel-3 satellite. They are freely available for the entire tropical Atlantic, the Caribbean Sea, and the Gulf of Mexico, covering the period from May 2018 to the present, with the latest detections added daily. These detections are intended for use in both operational and research applications. 
 This datapaper presents the methodology and the associated dataset of Sargassum detection from Sentinel-3 OLCI images developed at Météo-France. The dataset includes daily detections over the whole tropical Atlantic Ocean, the Caribbean Sea and the Gulf of Mexico, from May 2018 up to date. It is updated daily with the latest detections. Sargassum is detected through a physically-based approach relying on two indices (the AFAI and the MCI) and using adaptive thresholds. A comparison of this dataset with two existing ones reveals a reduction in masked areas and improved detection of Sargassum, particularly in areas of sunglint and at the edges of clouds. The entire dataset is freely available on the Odatis platform and can be downloaded in NetCDF format (DOI: 10.12770/1eb82d09-77ed-4f63-9f03-2c3516a9713d; Météo-France, 2026). Two variables are available: the status of detection and the deviation of the AFAI for pixels including Sargassum."
10.5194/essd-2026-599,True,Earth System Science Data Discussions,该论文与大气环境遥感技术密切相关。它涉及使用现场叶绿素和光学数据集对近海叶绿素浓度进行遥感监测，这是大气环境遥感技术的一个重要应用。论文还提到了使用卫星数据进行叶绿素反演，以及开发近海叶绿素算法，这些都直接与遥感技术相关。,"['chlorophyll', 'coastal chlorophyll algorithm', 'remote sensing reflectance', 'ocean color remote sensing']",Gianna Milton;Kimberly Hyde;Ivona Cetinic;Maxwell Beal;Ryan Vandermeulen;Haley Synan,Coastal North America In Situ Chlorophyll and Optical Dataset,"Chlorophyll is a crucial environmental variable for understanding marine biological processes, but ocean color remote sensing measurements in coastal regions can be inaccurate due to optically complex waters. This manuscript describes the creation of a standardized dataset from over 700,000 in situ chlorophyll and optical measurements in North America waters from multiple public repositories and programs. The dataset will be used for calibration and validation of a coastal chlorophyll algorithm. 
 Chlorophyll is a crucial climate variable and remotely sensed satellite chlorophyll estimates are essential to understanding large-scale biological processes. Current ocean color chlorophyll algorithms, however, are less accurate in optically complex inland and coastal waters. As a result, remote sensing algorithms are not able to fully resolve chlorophyll concentrations in optically complex coastal regions leading to greater uncertainty in regions of high productivity. This can further lead to errors in regional biogeochemical models and hinder fisheries and ecosystem monitoring and research. In order to develop more accurate coastal chlorophyll retrievals, in situ chlorophyll measurements are needed for algorithm calibration and validation. Here the methods used to develop a single cohesive standardized in situ chlorophyll, chromophoric dissolved organic matter (CDOM), and remote sensing reflectance (Rrs) dataset from multiple public data repositories are described. The final product is a North American dataset of quality controlled chlorophyll measurements and associated metadata. The dataset includes more than 700,000 chlorophyll values with coincidental CDOM and Rrs data when available. Methodological flags such as chlorophyll measurement method, triplicate samples, and in vitro/in vivo flags distinguish between data collection methods. The dataset includes regularly formatted metadata across all sources to ensure due credit to the programs collecting the samples. The resulting dataset is then matched to satellite chlorophyll data to examine the difference in chlorophyll retrievals across multiple water types and regions. This dataset is currently being used to validate a new coastal chlorophyll algorithm in development and to assess chlorophyll retrievals. All methods and data are publicly available at doi.org/10.5281/zenodo.20140178 (Milton et al., 2026)."
10.5194/essd-2026-650,False,Earth System Science Data Discussions,该论文主要关注海洋数据的统一管理和整合，虽然与地球观测和环境科学有关，但直接涉及大气环境遥感技术（如空气质量监测、卫星观测、大气成分分析、气溶胶反演）的内容较少。,"['ocean', 'data management', 'policy-driven integration']",Li-Qing Jiang;Jean-Pierre Gattuso,Unifying global ocean data: an urgent call and roadmap,"The ocean is changing rapidly, yet the data needed to understand and respond to these changes remains scattered across institutions and countries. We examine the barriers in ocean data management and propose a new framework built on: a research-driven data model, policy-driven integration, and long-term preservation. This framework would enable seamless global data integration, open new horizons in ocean science, and strengthen economic resilience for present and future generations. 
 The ocean faces escalating stress from warming, acidification, deoxygenation, biodiversity loss, and pollution. Robust ocean data are indispensable for advancing fundamental research and for generating the actionable knowledge urgently needed for society to navigate a changing planet. We have entered a new era in which scientific progress and critical societal decisions hinge on our capacity to integrate and synthesize data across institutions, national borders, observation platforms, and disciplines. Yet the global ocean data landscape remains deeply fragmented, constrained by institutional silos, inconsistent standards, and outdated policies. Here, we introduce a modernized framework for global ocean data management built on four foundational pillars: policy-driven integration, unified direction through alignment with scientific needs, sustainable long-term stewardship, and rigorous version control. Realizing this vision will require coordinated action on three fronts: (a) reforms to remove policy barriers to data sharing; (b) sustained engagement with the scientific community to develop research-aligned metadata schemas, controlled vocabularies, and data standards; and (c) long-term investment in globally integrated, interoperable data infrastructure. Together, these efforts will enable seamless global data integration, open new horizons in ocean science, and strengthen economic resilience for present and future generations."
10.5194/gmd-19-7855-2026,False,Geoscientific Model Development,该论文主要关注水文模型（LISFLOOD）在意大利波河盆地中的应用，评估模型设置对水流、蒸发、土壤湿度和地下水位的影响。虽然涉及大气环境中的水循环过程，但并未直接涉及大气环境遥感技术，如空气质量监测、卫星观测或大气成分分析。因此，它与大气环境遥感技术的相关性不强。,"['hydrological modeling', 'water balance', 'LISFLOOD']",Francesca Moschini;Andrea Ficchí;Alberto Pistocchi,Hydrological auditing of LISFLOOD v4.1.1: impacts of model  setup on water balance components in the Po River Basin,"We evaluated how different configurations of a large-scale river basin model affect simulations of streamflow, evaporation, soil moisture, and groundwater in the Po River Basin in Italy. We tested alternative soil depths and the inclusion or removal of subsurface flow pathways, and compared results with observations and with an established long-term water balance relationship. Setups that best matched river flow often underestimated evaporation and overestimated deep groundwater recharge. 
 In recent years, large-scale hydrological models have been increasingly used at regional and global scales to support decision making. Their realism in simulating water balance components is crucial for building trust across different use cases. Hydrological models may reproduce streamflow well but misrepresent other fluxes, due to internal fluxes compensations and equifinality. Alternative setups, such as the choice of input data, model structure, and calibration methods, can influence how water is partitioned across model states and fluxes. Modellers can adjust these choices to improve the representation of the water-balance components most relevant for a given application, even when this comes at some cost to overall streamflow performance. “Hydrological auditing” of models, i.e. a thorough critical review of their realism beyond the calibration targets (usually streamflow), provides useful insights for both practical applications and process understanding. We present one such exercise in a representative European case study using a physically based hydrological model (LISFLOOD), as calibrated and set up for the European Flood Awareness System (EFAS). Originally developed for flood forecasting, LISFLOOD is increasingly also employed for drought monitoring and water resources management. We evaluate LISFLOOD v4.1.1's performance in simulating streamflow, evapotranspiration, and overall water balance in the Po River Basin, a complex and highly managed basin in Northern Italy. Six alternative model setups are tested, including different soil layers depths and preferential flow representations. Results show that the model setup currently used in EFAS v.5.0 performs best in terms of streamflow simulation, particularly at the daily time step, but tends to underestimate evapotranspiration. In turn, this may lead to an overestimation of groundwater recharge and a poor water balance representation. The use of the Budyko framework as a diagnostic tool reveals that model setups without preferential flow better match the expected long-term water balance, but reduce daily streamflow performance. The study highlights the importance of evaluating model performance and auditing alternative parametrizations to ensure accurate simulations of water balance components, crucial for water resources management. We propose diagnostic criteria to support the evaluation of physically based distributed models, across different applications, while preserving consistency in the representation of long-term water-balance components. Finally, we argue that such hydrological auditing becomes increasingly relevant as the added value of physically based models, compared to increasingly competitive data-driven models, lies in their ability to provide diagnostically useful and physically-consistent representations of internal water-balance processes."
10.5194/gmd-19-7835-2026,True,Geoscientific Model Development,这篇论文研究的是利用扩散模型来预测风速预报误差，并进行不确定性量化。虽然不直接涉及空气质量监测或卫星观测等遥感技术，但它属于大气环境中的气象预报领域，与大气组成分析和 aerosol（气溶胶）等遥感应用有间接关联，因为准确的气象数据是大气成分研究的基础。,"['diffusion model', 'wind speed nowcasting', 'forecast uncertainty']",Yanwei Zhu;Aitor Atencia;Markus Dabernig;Yong Wang;Shuyan Zhou,Predicting forecast errors with diffusion model for uncertainty quantification in wind speed nowcasting,"The study proposes a diffusion-based framework for uncertainty quantification in wind speed nowcasting by learning forecast error distributions. By randomly generating errors and adding them to a physics-based wind nowcast, multiple forecast scenarios can be produced. The results improve forecast accuracy and provide reliable estimates of forecast uncertainty. 
 Weather forecasts are inherently uncertain due to the chaotic nature of the atmosphere and unavoidable errors. Ensemble forecasting is the established approach for quantifying the uncertainty. However, it is both computationally expensive and inherently prone to under-dispersion, as it simulates multiple atmospheric trajectories with a finite number of members. In this study, we propose a novel paradigm that achieves uncertainty quantification by directly predicting forecast errors, thereby bypassing the need to simulate multiple trajectories. We employ a denoising diffusion probabilistic model for this task, as its generative capabilities are well-suited for learning high-dimensional distributions. By stochastically sampling from the learned distribution and adding the generated errors to the physics-based nowcast, an ensemble nowcast can be constructed efficiently without the need for perturbation generation or parallel model running. The proposed approach is applied to 10 m wind speed nowcast, which is important but has received relatively limited attention in diffusion-based weather forecasting studies. Results show that the diffusion model effectively captures the spatial structure and probabilistic characteristics of forecast errors, leading to improved deterministic accuracy and a well-calibrated ensemble. In addition, different noise schedules for the diffusion process are systematically evaluated. The results indicate that the Cosine schedule provides the most reliable performance for uncertainty prediction, and the comparison with a climatological baseline confirms the added value of the conditional error formulation, offering practical guidance for configuring diffusion models in weather forecasting applications."
10.1029/2026AV002539,False,AGU Advances,该论文研究的是土卫二（Enceladus）上的间歇泉形成机制，涉及的是行星科学和海洋动力学，与大气环境遥感技术（如空气质量监测、卫星观测、大气成分分析、气溶胶反演等）无关。,"['Enceladus', 'geyser formation', 'ocean dynamics']",D. Y. Abdulah;W. Kang;A. Berne,An Oceanic Mechanism for Geyser Formation on Enceladus,"The tiger stripes of Enceladus are a sequence of four parallel and evenly‐spaced fissures 130 km long that erupt water from a global subsurface ocean into space. We present an ocean dynamical theory of their formation. Given one initial fissure, topography on the underside of the ice shell rubs periodically against the ocean due to the satellite's libration. This motion excites internal gravito‐inertial waves that propagate downward and reflect at the seafloor before reimpacting the underside of the shell. Wave breaking upon impact generates thermal energy which promotes melting via a feedback mechanism, forming subsequent fissures in a chain of parallel stripes. Dissipation predicted by linear analytical theory matches nonlinear simulations using the MIT General Circulation Model, with stronger agreement when the topography is less steep. Sufficiently large topography and libration amplitude excite waves with enough energy to initiate the fissure formation process. For south polar ocean thickness between 30 and 60 km, we constrain the stratification (N<4.6×10−5 $N<  4.6\times 1{0}^{-5}$ s−1 ${\mathrm{s}}^{-1}$) at which the resulting wave pattern replicates the observed 35 km spacing of the tiger stripes."
10.1029/2026AV002403,False,AGU Advances,该论文主要研究格陵兰冰盖下冰流系统的连通性和其对冰流运动的影响，与大气环境遥感技术（如空气质量监测、卫星观测、大气成分分析、气溶胶反演）关系不大。,"['subglacial drainage', 'ice motion', 'Greenland Ice Sheet']",R. Ing;E. Bagshaw;J. Hawkins;M. Peacey;S. Doyle;S. Livingstone;M. Prior‐Jones;S. Thorpe;A. Moffatt;A. Sole;G. Bianchi;A. Booth;S. Buzzard;T. Chudley;C. Clason;L. Craw;L. Edwards;F. Gimbert;A. Hepburn;A. Jones;T. Le Bris;S. Mann;A. Michel;N. Ross;R. Storrar;R. Veness;T. Young,Connectivity Between Primary and Secondary Subglacial Drainage Subsystems Beneath a Land‐Terminating Outlet Glacier of the Greenland Ice Sheet,"The evolution and connectivity of subglacial drainage systems control basal sliding and therefore modulate ice motion, yet direct observations of these systems remain limited. Here, we investigate hydraulic connectivity and its influence on ice motion at Isunnguata Sermia, a large land‐terminating outlet glacier of the Greenland Ice Sheet. We use “Cryoegg” wireless sensors to obtain moulin water pressure and electrical conductivity, in conjunction with passive seismics to measure glacio‐hydraulic tremor and GNSS‐derived measurements of ice motion. We identify rapid switching (<24 hr) of subglacial hydraulic connectivity between distinct subsystems: a large, primary drainage axis located in a deep trough, and secondary subglacial channels. When surface melt inputs are high, the secondary subsystem fed by the instrumented moulins connects with the efficient primary drainage axis and exhibits smoothed diurnal variability and synchronization with regional ice motion and seismic tremor. When surface melt decreases, hydraulic connectivity is reduced, and the secondary subsystem becomes disconnected and responds sensitively to variations in local melt inputs, increasing local meltwater residence time. Regional ice motion is controlled by the characteristics of the primary drainage axis and is insensitive to local inputs into the secondary subsystem."
10.1029/2025GL119760,False,Geophysical Research Letters,该论文主要研究亚马逊盆地河流中千年和十年碳的输出，涉及碳循环和有机碳的来源与分布，但并未直接涉及大气环境遥感技术，如空气质量监测、卫星观测、大气成分分析或气溶胶反演等。,"['Amazon River', 'particulate OC', 'radiocarbon measurements']",Valier Galy;Brenna Boehman;Timothy Eglinton;Negar Haghipour;Taian Lu;Jose Mauro S. Moura;Sarah Rosengard;Robert G. M. Spencer;Brad E. Rosenheim,Riverine Export of Millennial and Decadal Carbon From the Amazon Basin,"The riverine mobilization and export of OC from different compartments of the terrestrial biosphere such as standing biomass, organic‐rich surface soils and deep mineral soils have contrasting impacts on the carbon cycle. Heretofore, the distribution of these OC sources in river sediments remains poorly constrained, hampering attempts to close the carbon budget of river catchments. Here, we use a time series of radiocarbon measurements to suggest that particulate OC in the Amazon River is composed of ca. 60% plant and soil litter contributions characterized by a turnover of <5 years, mixed with millennial‐age soil OC and minor petrogenic OC contributions. This reflects concomitant organic matter stabilization over millennial timescales in soil horizons via mineral protection and mobilization of abundant primary production from the Amazon rainforest. The Amazon Basin thus holds large reservoirs of millennial and decadal carbon that are susceptible to destabilization upon increasing temperature and deforestation, respectively."
10.1029/2026GL124108,False,Geophysical Research Letters,该论文研究的是地壳和地幔的耦合现象，涉及弹性异质性和粘性流动对 Cascadia 断层的地震耦合的影响。这与大气环境遥感技术（如空气质量监测、卫星观测、大气成分分析、气溶胶反演）无关。,"['elastic heterogeneity', 'viscoelastic mantle flow', 'interseismic coupling']",E. M. Sherrill;K. M. Johnson;F. F. Pollitz,Competing Effects of Elastic Heterogeneity and Viscous Flow on Interseismic Coupling at Cascadia,"Interseismic coupling maps are important tools for estimating future earthquake hazard at subduction zones. Often interseismic coupling is estimated from surface velocities using a homogeneous elastic Earth model. However, inversions that incorporate viscoelastic mantle flow or elastic heterogeneity show that each can change the spatial distribution and magnitude of estimated coupling. We present here a Bayesian inversion of surface deformation for the boundaries of coupling zones at the Cascadia subduction zone that incorporates both elastic heterogeneity and a viscoelastic earthquake cycle model. We find that elastic heterogeneity deepens inferred coupling and worsens fit to surface deformation compared to homogeneous elastic models, but viscoelasticity partly offsets these effects and yields similar coupling and a better fit to the vertical data than homogeneous elastic models. We also find that, of all geometries and viscosities tested, downgoing plate thickness and oceanic mantle viscosity have the greatest impact on modeled displacements and coupling."
10.1029/2026GL123382,True,Geophysical Research Letters,该论文研究东亚中纬度地区高空雷暴的极性反转现象，涉及大气电学和雷暴物理，与大气环境遥感技术（如雷电监测和大气成分分析）密切相关。研究内容直接关联到大气环境中的电学现象，属于遥感技术应用范畴。,"['cloud-to-ground lightning', 'East Asian midlatitudes', 'return strokes']",Nengxing Guo;Li Cai;Yu Feng;Wenzhao Lu;Yongxing Zeng;Yuheng Niu;Chun Zhao;Shanqiang Gu,Seasonal Reversal of Polarity Dominance in High‐Current Cloud‐to‐Ground Return Strokes Over East Asian Midlatitudes,"Extreme positive cloud‐to‐ground lightning over East Asian midlatitudes exhibits a spring–autumn double maximum hidden by the familiar winter climatology. Using 1,838,538 return strokes with absolute peak currents at least 200 kA during 2006–2024, we resolve its annual cycle by month and latitude. At 35–55° ${}^{\circ}$N, positive strokes account for 86.2% in April and 77.1% in October and remain dominant from September through November; negative strokes dominate in winter and midsummer. The contrast arises primarily within latitude bands and strengthens with current: positive strokes are 28.3 and 23.7 times more likely than negative strokes to exceed 200 kA in April and October. April dominance spans cloud environments, whereas October dominance collapses above 9‐km cloud tops and accompanies freezing levels 0.3–0.4 km lower. This twice‐yearly reversal links the polarity of extreme ground lightning to seasonally changing current distributions and storm vertical structure."
10.1029/2025GL121477,True,Geophysical Research Letters,该论文研究了青藏高原冬季气候的变化及其对水文的影响，涉及气候模式、水汽输送和环流异常等，与大气环境遥感技术中的大气成分分析和气候变化监测密切相关。,"['atmospheric shift', 'winter hydrology', 'Tibetan Plateau', 'compound climate regimes', 'hydroclimatic observations']",Hao Chen;Xianhong Meng;S.‐Y. Simon Wang;Yaling Chen;Lin Zhao;Lele Shu;Mingshan Deng;Zhaoguo Li;Chenghai Wang,A Subtle Atmospheric Shift Is Redefining Winter Hydrology on the Tibetan Plateau,"Winter climate over the Tibetan Plateau has long been characterized by cold conditions that preserve snow and regulate downstream water supply through delayed melt. Here we show that this buffering function is weakening in the Sanjiangyuan region due to a shift in winter compound climate regimes. Using standardized temperature–precipitation anomaly classification, circulation composites, water‐vapor transport diagnostics, and hydroclimatic observations, we identify a transition from historically dominant cold‐dry and cold‐wet winters toward warm‐dominated regimes since the early 2000s, with warm‐dry events exhibiting the strongest increase. Composite geopotential height anomalies reveal persistent mid‐tropospheric ridging during warm‐dry winters, while integrated water vapor transport indicates moisture diversion rather than enhanced convergence. These circulation‐driven compound extremes are associated with widespread snow depth reductions, soil moisture depletion, and suppressed or redistributed runoff, consistent with a multi‐decadal shift from storage‐dominated to flux‐limited winter hydrology."
10.1029/2026GL123919,True,Geophysical Research Letters,该论文研究的是流体性质和边界条件对封闭多孔介质中对流混合的预测的影响，这与大气环境遥感技术中的空气质量监测和大气成分分析相关，因为对流混合是影响大气污染物扩散和碳 dioxide 浓度分布的重要因素。,"['convective mixing', 'carbon dioxide', 'porous media']",Marco De Paoli;Sergio Pirozzoli,How Modeling Assumptions Shape Predictions of Convective Mixing of Carbon Dioxide,"We investigate how models of fluid properties and boundary conditions influence predictions of convective mixing in confined porous media, with relevance to subsurface carbon dioxide storage. Using high‐resolution simulations at high Rayleigh‐Darcy numbers (O(104 ${10}^{4}$)), we analyze miscible fluids with linear, nonlinear, and non‐monotonic density‐concentration relationships under fixed‐ and free‐interface in 2D and 3D. We show that, across all cases, mixing is quantified by the mean scalar dissipation, providing a unifying framework for convective–diffusive interactions. The density‐concentration relationship affects mixing via the effective density contrast driving convection and the position of the maximum density. Free interfaces enhance early‐time mixing through deformation, while long‐term behavior depends on fluid properties and dimensionality. We demonstrate that simplified modeling assumptions (e.g., monotonic density laws or 2D flow) can lead to deviations in predicted mixing rates of up to O(10–100)%. These results offer guidance for model selection and improving predictions of convective mixing in geophysical systems."
10.1029/2026GL123839,True,Geophysical Research Letters,该论文研究平流层温度调整对CO2辐射强迫状态依赖性的影响，涉及大气成分分析和辐射过程，与大气环境遥感技术（如大气成分分析、辐射强迫监测）密切相关。,"['CO2 radiative forcing', 'stratospheric temperature', 'atmospheric adjustments', 'state dependence', 'clear-sky condition']",Ruogu He;Yi Huang,Stratospheric Temperature Adjustment Robustly Damps the State Dependence of CO2 Radiative Forcing,"The equilibrium climate sensitivity (ECS) depends on background climate state, a phenomenon known as state dependence. Recent studies highlighted state‐dependent CO2 radiative forcing as a mechanism for ECS state dependence, largely attributing it to enhanced instantaneous forcing (FINS) at higher CO2. However, about 30% of CO2 effective radiative forcing comes from atmospheric adjustments, whose role and underlying mechanisms in forcing state dependence remain unclear. We focus on forcing induced by stratospheric temperature adjustment (FSTA), a dominant component of atmospheric adjustment. Using multi‐model assessment in clear‐sky condition, we show that FSTA decreases as CO2 increases, partially offsetting FINS enhancement, reducing overall forcing state dependence from 40% (FINS) to 17% (FINS + FSTA) under pre‐industrial climatology. We further decompose FSTA into multiplicative components and show that the reduction is primarily driven by changes in instantaneous heating rate perturbation, which emerges from reduced stratospheric Planck emission and decreased stratospheric transmissivity in higher CO2 climate states."
10.1029/2026JD046897,True,Journal of Geophysical Research: Atmospheres,该论文研究的是正极性闪电通道中的分支现象，涉及电场、电压上升率等物理量，这些都与大气环境中的电离层和等离子体现象相关，属于大气环境遥感技术的研究范畴。,"['positive leader', 'air-gap discharges', 'branching', 'field-related factors']",Lili Guo;Xiangen Zhao;Xiankang Wang;Xiaopeng Liu;Yao Yao;Yaping Du;Junjia He,Statistical Evidence for Factors Associated With Positive Leader Branching in Long Air‐Gap Discharges,"Branching is a common feature in positive leader development, which changes the channel topology and significantly influences discharge behavior. However, the factors associated with its occurrence remain poorly understood. In this study, an event‐based analytical framework was established using synchronized optical observations and electrical measurements. Five physically motivated variables were constructed, including the injected charge Q, the rise rate of applied voltage dU/dt, the background field E, the background‐field direction angle θ1, and the prior‐channel deflection angle θ2. Their independent, nonlinear, and interaction effects were analyzed using multivariable logistic regression, restricted cubic splines, and random‐forest‐assisted interaction mining with regression validation. Primary and sensitivity analyses show that Q, dU/dt, and E are consistently and positively associated with branching occurrence, whereas θ1 and θ2 provide weaker and less stable information. Q shows the most reproducible nonlinear association, although its curve shape is partly affected by original‐scale skewness. The interaction rule of E > 275 kV/m and dU/dt > 8.1 kV/μs is identified as the most reproducible candidate interaction signal, suggesting that branching is more likely when stronger background‐field conditions coincide with faster dU/dt; however, its statistical support is sensitive to variable definition and sample composition. These results suggest that positive leader branching is associated with multiple interacting field‐related factors rather than a single fixed threshold. The proposed event‐based proxy‐variable framework provides a feasible approach for quantitatively analyzing branching‐related factors under the resolution limits of the present experiments."
10.1038/s41467-026-77055-5,False,Nature Communications,该论文主要研究组合群测试技术在生物学应用中的成本效率问题，并未涉及大气环境遥感技术、空气质量监测、卫星观测、大气成分分析或气溶胶反演等相关领域。,"['combinatorial group testing', 'PoolPy', 'biological assays']",Lorenzo Talamanca;Julian Trouillon,Combinatorial group testing for efficient scaling across biological applications,"Combinatorial group testing can reduce experimental costs but remains challenging to apply due to its complexity and the lack of implementation tools. Here, the authors present PoolPy, a complete combinatorial group testing framework, enabling up to 93% cost reduction across biological assays. 
 Combinatorial group testing can reduce experimental costs and turnaround time by strategically pooling samples to minimize the number of measurements needed for a given experiment. Despite broad potential utility, it remains underutilized due to its intrinsic complexity and the lack of implementation tools. Here we present PoolPy, a unified end-to-end framework and web platform to benchmark, automate, and decode combinatorial group testing strategies. PoolPy tailors pooling designs to application-specific constraints, such as time, cost, or signal dilution, across experiment types. By implementing ten different pooling algorithms, which we comprehensively benchmark in silico across >100,000 conditions, we identify key design trade-offs that define pooling applicability to specific use cases. We experimentally validate PoolPy across diverse applications, including protein-ligand interaction screening, RT-qPCR viral testing and genome-wide protein-DNA interaction profiling, achieving a 60 to 93% reduction in number of measurements needed. Overall, PoolPy provides a scalable, user-friendly ecosystem to increase throughput and reduce costs across biological applications. PoolPy is available at https://poolpy.trouillonlab.org for open use. Combinatorial group testing can reduce experimental costs but remains challenging to apply due to its complexity and the lack of implementation tools. Here, the authors present PoolPy, a complete combinatorial group testing framework, enabling up to 93% cost reduction across biological assays."
10.1038/s41467-026-77249-x,False,Nature Communications,该论文研究的是深海微生物的生存策略，涉及有机物降解、能量生成途径和氧化还原分层等生物地球化学过程，与大气环境遥感技术（如空气质量监测、卫星观测、大气成分分析、气溶胶反演）的主题无关。,"['air quality monitoring', 'satellite observations', 'atmospheric composition analysis', 'aerosol retrieval']",Yongxin Lv;Peiyu Liu;Yan Liu;Liang Dong;Jinhua Li;Yu Zhang,Redox-stratified macromolecule degradation supports microbial survival in the oligotrophic Kermadec Trench sediments,"Understanding how microbes survive in the crushing pressure and nutrient-poor conditions of the deepest ocean has remained a major challenge. This study reveals that Kermadec Trench microbes thrive by recycling organic matter and flexibly switching energy-generation pathways. 
 Kermadec Trench is a hadal ecosystem in the South Pacific with the water depth 10,047 m. The trench bottom harbors a highly active and populated microbial community, despite the surface sediment is characterized as extremely pressurized, oligotrophic and with low oxygen concentration. It is intriguing, as well as technically challenging, to investigate the microbial adaptation strategies therein. Here we performed the in situ RNA fixation on sediment samples with the assistant of Fendouzhe manned submersible, to approach natural status of microbial metabolisms on both genomic and transcriptomic levels. We reconstructed 1369 metagenome-assembled genomes (MAGs), revealing dominant heterotrophic lineages encoding carbohydrate-active enzymes targeting complex macromolecules such as peptidoglycan and β−1,4-mannan. These degradation processes were transcriptionally coupled with flexible respiratory pathways utilizing oxygen, nitrate, and nitrite as electron acceptors. Co-expression analyses and microbial co-occurrence networks demonstrated niche partitioning driven by redox stratification, with slope communities favoring oxidative pathways and bottom communities enriched in reductive metabolisms, including denitrification and N₂O reduction. Despite compositional divergence, both habitats exhibited conserved functional strategies centered on macromolecule recycling and redox-coupled respiration. Our findings highlight a coordinated system of organic matter remineralization and electron acceptor versatility that underpins microbial survival in Earth’s deepest seafloor ecosystems. Understanding how microbes survive in the crushing pressure and nutrient-poor conditions of the deepest ocean has remained a major challenge. This study reveals that Kermadec Trench microbes thrive by recycling organic matter and flexibly switching energy-generation pathways."
10.1038/s41467-026-76964-9,False,Nature Communications,该论文研究的是利用纳米孔测序技术量化非天然碱基对的复制保真度，属于生物技术领域，与大气环境遥感技术（如空气质量监测、卫星观测、大气成分分析、气溶胶反演等）没有直接关联。,"['nanopore sequencing', 'unatural base pairs', 'replication fidelity']",Nicholas A. Kaplan;Jayson R. Sumabat;Jane V. McKelvey;Jeantine E. Lunshof;Jorge A. Marchand,Quantifying replication fidelity of unnatural base pairs using nanopore sequencing,"Expanded DNA alphabets with more than 4 letters can be replicated by polymerases, but with higher error rates than standard DNA. Here the authors develop a high-throughput sequencing approach to quantify the replication fidelity of unnatural base pairs. 
 Expanded genetic alphabets built from unnatural base pairs (UBPs) are part of an emerging frontier in biotechnology. However, their wider adoption is constrained by lower replication fidelity relative to standard DNA bases. To address this challenge, we develop a method to rapidly assess UBP replication fidelity using nanopore sequencing. We train post hoc machine-learning classifiers to detect UBPs in sequencing data, then use these models to extract fidelity measurements from PCR-amplified datasets. This approach provides a general route to assess the replication fidelity of diverse UBPs, enabling optimization across chemistries, enzymes, and reaction conditions. In this work, we apply this strategy to three distinct UBP systems, demonstrating: (i) rapid screening of reaction conditions that yields > 98.6% per-cycle replication fidelity for the B ≡ S base pair, (ii) single-molecule tracking of replication outcomes in an 8-letter UBP system (ATGCBSPZ), and (iii) quantitative decomposition of multiple error pathways for the hydrophobic Ds:Diol-Px system. Expanded DNA alphabets with more than 4 letters can be replicated by polymerases, but with higher error rates than standard DNA. Here the authors develop a high-throughput sequencing approach to quantify the replication fidelity of unnatural base pairs."
10.1038/s41467-026-77029-7,False,Nature Communications,该论文研究的是植物生长中的基因调控机制，特别是BRANCHED1基因在腋芽发育中的作用，与大气环境遥感技术无关。,"['air quality monitoring', 'satellite observations', 'atmospheric composition analysis', 'aerosol retrieval']",Mai Yang;Hao Zhu;Jinping Zhao;Xiaofeng Shi;Wenzhi Lan;Sheng Luan;Yongbiao Zhang;Chun Yan,BRANCHED1 acts as a rheostat of Nuclear Factor Y-dependent epigenetic regulation in axillary bud development,"Shoot branching plasticity is largely regulated by BRC1. The authors show that BRC1 acts as a dose-dependent rheostat, modulating NF-Y-mediated chromatin looping and H3K27me3 demethylation at floral organ development genes to fine-tune axillary bud activity. 
 Shoot branching exhibits significant plasticity and is largely regulated by BRANCHED1 (BRC1), a key integrator of endogenous and environmental cues that acts locally to control axillary bud development. However, the gene regulatory networks governed by BRC1 and the mechanisms underlying its regulation remain poorly understood. Here, we identify a cluster of transcription factor-encoding genes that are dynamically responsive to multiple branching pathways, inversely correlated in expression with BRC1 levels, and functionally enriched in pathways related to floral organ development (FOD) and shoot system morphogenesis. Mechanistically, the heterotrimeric Nuclear Factor Y (NF-Y) complex is required for transcriptional activation of representative FOD genes, functioning through chromatin looping and H3K27me3 demethylation to establish active chromatin states at target loci. In contrast, BRC1 inhibits NF-Y complex assembly and its epigenetic regulatory effects in a dose-dependent manner, thereby enabling tunable FOD gene expression and plastic bud development. These findings position BRC1 as a molecular rheostat of NF-Y-dependent epigenetic regulation, providing mechanistic insights into the dynamic control of axillary bud development. Shoot branching plasticity is largely regulated by BRC1. The authors show that BRC1 acts as a dose-dependent rheostat, modulating NF-Y-mediated chromatin looping and H3K27me3 demethylation at floral organ development genes to fine-tune axillary bud activity."
10.1038/s41467-026-76875-9,False,Nature Communications,该论文主要研究蛋白质的折叠和降解机制，虽然涉及生物大分子的结构和功能，但与大气环境遥感技术（如空气质量监测、卫星观测、大气成分分析、气溶胶检索）无直接关联。,"['proteomics', 'proteasomal degradation', 'protein misfolding']",Yang Jiang;Anushka Jain;Sina Ghaemmaghami;Edward P. O’Brien,Protein entanglement misfolding influences whether proteins undergo proteasomal degradation or persist in near-native misfolded states,"Protein entanglements can generate long-lived misfolded states, but their cellular fate is poorly understood. Here, the authors combine proteomics and simulations to show that entanglement misfolding promotes proteasomal degradation, while soluble, near-native misfolded proteins escape degradation. 
 A novel class of protein misfolding involving changes in entanglement status occurs across the bacterial cytosolic proteome and likely exists in many other organisms. Here, we test whether this class of misfolding has measurable consequences for protein homeostasis by examining its relationship with ubiquitin-mediated proteasomal degradation immediately after protein synthesis. Integrating protein structural information with ubiquitin mass spectrometry (Ubq-MS) data from human fibroblasts, we find that proteins containing native non-covalent lasso entanglements (NCLEs), which are known to be more prone to misfolding, are 93% (95% Confidence Interval: 44–160%) more likely to be ubiquitinated and targeted for proteasomal degradation than proteins lacking native entanglements. Coarse-grained folding simulations further show that ubiquitinated proteins with native entanglements are four-fold more likely to misfold than non-ubiquitinated proteins without entanglements. These results suggest that entanglement misfolding, primarily through failure to form native entanglements, increases susceptibility to proteasomal degradation. We further estimate that approximately one-third of the globular proteome populates near-native entanglement-misfolded states that evade proteasomal degradation because they remain structurally similar to the native ensemble. Given that entanglement misfolding is inherent to the polymeric nature of proteins, these findings are likely applicable across diverse organisms. Protein entanglements can generate long-lived misfolded states, but their cellular fate is poorly understood. Here, the authors combine proteomics and simulations to show that entanglement misfolding promotes proteasomal degradation, while soluble, near-native misfolded proteins escape degradation."
10.1038/s41467-026-77010-4,False,Nature Communications,该论文研究的是胚胎发育过程中的组织力学问题，与大气环境遥感技术（如空气质量监测、卫星观测、大气成分分析、气溶胶反演）无关。,[],Abdul Basith Tanari;Antoine Jallon;Jocelyn Étienne;Matteo Rauzi,Ectoderm tensile stress controls mesoderm internalization during embryo gastrulation,"The biomechanical basis for tissue folding during morphogenesis remains incompletely understood. Here they show that precisely balanced mechanical tension in tissues surrounding the future mesoderm is essential for its internalization during fruit fly gastrulation. 
 Gastrulation is the dynamic reorganization of embryonic cells into a multi-stratified epithelial system from which inner and outer organs originate and a mature animal emerges. Tissue folding is one of the key morphogenetic processes driving gastrulation. While the biochemical signals are well deciphered, the biomechanical bases of tissue folding are still poorly understood. Here we study mesoderm invagination during Drosophila gastrulation, a process that results from the folding of the ventral embryonic tissue. The prospective mesoderm forms a furrow and eventually internalizes. How mesoderm internalization is mechanically controlled is still unclear. By combining spatio-temporal stress mapping, two-photon optogenetic-based force patterning, and in toto embryo imaging, we show that the ectoderm tensile stress is developmentally fine-tuned on both lateral sides of the embryo to control the internalization of the mesoderm. Thus, the ectoderm-mesoderm mechanical interplay is key to ensuring folding in embryo gastrulation. The biomechanical basis for tissue folding during morphogenesis remains incompletely understood. Here they show that precisely balanced mechanical tension in tissues surrounding the future mesoderm is essential for its internalization during fruit fly gastrulation."
10.1038/s41467-026-77001-5,False,Nature Communications,该论文主要研究火山在长期休眠后重新活动前的地壳弱化和断裂破裂现象，与大气环境遥感技术（如空气质量监测、卫星观测、大气成分分析、气溶胶反演）无关。,"['volcano', 'crustal stress', 'earthquakes']",Eric L. Newland;Christopher R. J. Kilburn,Crustal weakening before rupture at volcanoes after long repose,"In this study, the authors show that accelerating volcano-tectonic earthquakes can occur as crustal stress decreases and fractures weaken the crust, providing a way to recognise when a reawakening volcano may be approaching rupture. 
 At volcanoes reawakening after prolonged quiescence, local seismicity commonly increases before eruption. The earthquakes occur as crust extends over a zone of pressurising fluid several kilometres underground. The deformation causes existing faults to slip and new fractures to open. An eruption is most likely when the fractures grow large enough to rupture the crust. Fracture growth coincides with a net decrease in the elastic energy stored in the crust. Here we present a method for following changes in stored energy through a balance between the energy supplied by the pressure source and lost by seismicity. We test the method against unrest sequences at two large calderas, Sierra Negra and Campi Flegrei. The results provide a practical procedure for identifying the onset of fracture growth and, hence, for recognising an increased potential for crustal rupture. In this study, the authors show that accelerating volcano-tectonic earthquakes can occur as crustal stress decreases and fractures weaken the crust, providing a way to recognise when a reawakening volcano may be approaching rupture."
10.1038/s41467-026-77176-x,False,Nature Communications,该论文的标题和摘要涉及疟疾传播和宿主巨噬细胞/单核细胞对蚊子微生物群落的调节，与大气环境遥感技术（如空气质量监测、卫星观测、大气成分分析、气溶胶反演）无关。,[],Biao He;Meilin Li;Shuai Guo;Jiaqin Fang;Yongling Fan;Nie Tan;Taiping Liu;Jianyong Li;Feng Zhu;Jian Zhang;Wenyue Xu,Author Correction: Host macrophages/monocytes promote malaria transmission by modulating mosquito microbiota via SR-A-mediated phagocytosis,"Author Correction: Host macrophages/monocytes promote malaria transmission by modulating mosquito microbiota via SR-A-mediated phagocytosis 
 "
10.1038/s41893-026-01918-4,False,Nature Sustainability,该论文的主题是欧洲土地沉降，重点关注人为驱动因素的管理和减轻影响，以及数据监测基础设施的作用。虽然涉及监测和数据分析，但与大气环境遥感技术（如空气质量监测、卫星观测、大气成分分析、气溶胶反演）没有直接关联。,[],Kay Koster;Manon Verberne;Ekbal Hussain;Luke Bateson;David Bekaert;Thibault Candela;Francesca Cigna;Bart Davids;Pierre-Yves Declercq;Xavier Devleeschouwer;Joana Esteves Martins;Holly Hourston;Aurélie Maspataud;Lorenzo Solari;Pietro Teatini;Rémi Thieblemont;Claudia Zoccarato;Eleftheria Poyiadji,Lessons learned from European land subsidence,"Millions of people are impacted by land subsidence, which is accelerated by human-induced drivers. Across Europe, research and policy is focused on managing these drivers and mitigating their influence, with data and monitoring infrastructure playing a key role in tackling future challenges. 
 Land subsidence is a global threat. In Europe, it impacts tens of millions of people by increasing flood risk and damage to the built environment. Land subsidence is the result of a combination of natural and human-induced subsurface processes, and there is considerable potential to mitigate the human-induced drivers through policy and legislation. We show how Europe is approaching the issues of measuring and addressing subsidence at a continental scale. We look ahead to the challenges of climate change and the energy transition in the context of amplifying the impacts of land subsidence, providing lessons learned from the European approach. Millions of people are impacted by land subsidence, which is accelerated by human-induced drivers. Across Europe, research and policy is focused on managing these drivers and mitigating their influence, with data and monitoring infrastructure playing a key role in tackling future challenges."
10.1038/s41612-026-01522-5,False,npj Climate and Atmospheric Science,该论文主要研究土壤湿度的全球-区域嵌套预测模型，虽然与大气环境有一定关联（如大气强迫对土壤湿度的影响），但核心内容并非大气环境遥感技术，如空气质量监测、卫星观测或大气成分分析等。,"['soil moisture', 'forecasting', 'artificial model']",Quan. Zhang;Yuze. Sun;Wenbin. Liu;Yichuan. Zhang;Jiaolong. Ying;Yanyan. Huang;Yanfei. Xiang;Dongxiao. Xu;Shuo. Wang;Le. Yu;Xiaomeng. Huang,Global-regional nested forecasting of soil moisture,"Global-regional nested forecasting of soil moisture 
 Soil moisture is a key component of the Earth system and is important for ecosystem functioning and water resources. However, existing approaches still face limitations in soil moisture forecast skill and spatial resolution. Here, we develop an Artificial Soil Moisture Forecasting Model (ASM) with a global–regional nested framework that links global low-resolution prediction with regional high-resolution forecasting. ASM consistently outperforms representative deep learning models across forecast lead times, with ablation experiments confirming the contributions of its major architectural components. Compared with ECMWF, ASM more closely reproduces ERA5 soil moisture fields and preserves greater spatial heterogeneity at 1° resolution. At a 14 day lead time, ASM achieves an ACC of 0.612, demonstrating reliable early-subseasonal forecast skill. At the regional scale, ASM provides 0.1° soil moisture forecasts for Henan Province, China, and Southern Africa, while improving extreme drought detection relative to ECMWF-driven forecasts. Attribution analysis shows that antecedent soil moisture is the dominant predictor, accounting for 61.2% of the total attribution and highlighting the importance of soil moisture memory. Soil-moisture-only autoregressive experiments further highlight that external atmospheric forcing remains essential for maintaining forecast skill. Overall, ASM provides an scalable and interpretable framework for synoptic-to-early-subseasonal soil moisture forecasting."
10.1038/s41612-026-01517-2,True,npj Climate and Atmospheric Science,该论文研究了基于观测的元学习框架，用于中国近实时每小时多污染物空气质量映射。论文涉及PM2.5、PM10、SO2、NO2、CO和O3等空气污染物，结合地面观测、卫星反演、气象、排放和地理协变量，这与大气环境遥感技术（如空气质量监测、卫星观测、大气成分分析、气溶胶反演）密切相关，因此密切相关。,"['PM2.5', 'satellite retrievals', 'air quality monitoring', 'multi-pollutant', 'HAMP']",Zhiguo Zhang;Qihou Hu;Qihua Li;Jingkai Xue;Peize Lin;Zhijian Tang;Jun Zhang;Zirui Xuan;Chuan Lu;Cheng Liu,Observation-driven meta-learning framework for near-real-time mapping of hourly multi-pollutant air quality across China,"Observation-driven meta-learning framework for near-real-time mapping of hourly multi-pollutant air quality across China 
 High-resolution, temporally continuous information on multiple air pollutants is essential for understanding atmospheric processes, tracking emission-control outcomes, and assessing population exposure. Here we present an observation-driven framework for hourly, 1-km, near-real-time reconstruction of PM2.5, PM10, SO2, NO2, CO and O3 and generate the Hourly Air Multi-species Pollutants product for China (HAMP). This framework combines neural-process-based meta-learning, long-range dependency modeling and multi-objective optimization to fuse ground observations with satellite retrievals, meteorology, emissions and geographic covariates. In a temporally independent 2025 evaluation, HAMP reproduced in-situ observations with $${R}^{2}$$ values of 0.58–0.95, and reduced RMSE by 59.2–83.5% relative to CAMS analysis data; blind validation at 148 newly established stations confirmed its spatiotemporal transferability. Removing non-target pollutant observations increased RMSE by 17.8–44.9%, showing that cross-species information provides useful constraints. The resulting 2015–2025 dataset reveals strong sub-daily variability and rapid cross-regional transport that daily averages obscure. A modified hourly AQHI-based comparative exposure analysis indicates that the population-weighted metric decreased by 16.03–23.80%, while O3 became an increasingly important exposure driver."
10.1038/s43247-026-03946-6,True,Communications Earth & Environment,该研究涉及大气环境中的持久性有机污染物（POPs）——全氟化合物（PFAAs）在永久冻土区表面水体中的释放和分布，探讨了全球变暖对污染物迁移和分布的影响，这与大气环境遥感技术中的空气质量监测和污染物分布分析密切相关。,"['perfluoroalkyl substance', 'permafrost', 'surface water', 'machine learning', 'PFAA']",Huimin Yu;Xiaoping Wang;Cong Wang;Dianchao Sun;Yunqiao Zhou;Huike Dong;Ping Gong,Perfluoroalkyl substance release in permafrost surface waters is projected to increase under global warming,"Intensified permafrost degradation and reduced vegetation cover are projected to increase the likelihood of perfluoroalkyl acid (PFAA) exceedance in surface waters across permafrost regions, according to a machine-learning study that mapped the global distribution of PFAAs and their congeners. 
 As the largest component of the global cryosphere, permafrost regions serve as major reservoirs for perfluoroalkyl substances. Climate change is altering cryospheric hydrological processes and pollutant transport, yet their impacts on the distribution of perfluoroalkyl substances in surface waters remain poorly understood. Here we show that intensified permafrost degradation and reduced vegetation cover substantially increase the risk of perfluoroalkyl substance contamination across global permafrost regions. By integrating environmental observations with machine learning approaches, we identify the northwestern Tibetan Plateau, Mongolia and the pan-Arctic as current contamination hotspots. Furthermore, continued deepening of the active layer under future climate scenarios increases contamination risks, particularly in a high-risk zone spanning Mongolia and northeastern China. Our findings reveal the role of climate-driven permafrost degradation in reshaping persistent pollutant distributions and provide critical insights for early warning, long-term monitoring and sustainable management of vulnerable cryospheric environments. Intensified permafrost degradation and reduced vegetation cover are projected to increase the likelihood of perfluoroalkyl acid (PFAA) exceedance in surface waters across permafrost regions, according to a machine-learning study that mapped the global distribution of PFAAs and their congeners."
10.1038/s43247-026-03968-0,True,Communications Earth & Environment,该论文使用卫星海冰观测数据研究了北极地区海冰动态对生态系统的结构影响，特别是海冰拱在北极水域的生态系统中的作用。这与大气环境遥感技术（如海冰监测、卫星观测）密切相关，因为论文明确使用了卫星观测数据来分析海冰变化及其对浮游植物生产力的影响。,"['satellite sea-ice observations', 'phytoplankton blooms', 'sea-ice arches', 'North Water Polynya', 'ice export']",Foucaut Tachon;Karen Nieto;Philippe Massicotte;Philippe Archambault;Marie Latil;Simon Bélanger;Marcel Babin;Karl Attard;Mathieu Ardyna,Long-term stability of the North Water Polynya and emerging productivity hotspots driven by sea-ice arch dynamics in Nares Strait,"Sea-ice arches act as ecosystem structuring features, influencing phytoplankton bloom dynamics at the southern boundary of the Last Ice Area, according to analyses of two decades of satellite sea-ice observations. 
 Nares Strait, at the southern edge of the Last Ice Area, is a key ecological gateway where seasonal sea-ice arches modulate ice export, stratification and light availability, shaping the timing and intensity of phytoplankton blooms. Using two decades (2003–2023) of satellite sea-ice observations combined with depth-resolved estimates of phytoplankton primary production, we identify two recurrent productivity hotspots with contrasting temporal dynamics. Primary production in the North Water Polynya (Pikialasorsuaq/Sarvarjuaq) remains remarkably stable over the satellite record, despite pronounced interannual variability in sea-ice conditions. In contrast, a northern hotspot in Kennedy Channel is highly variable and develops only under specific sea-ice arch configurations, with its spatial footprint constrained by underlying local bathymetry. We also observe increasing production in the northern strait, consistent with earlier ice retreat and longer open-water seasons. Together, these results identify sea-ice arches as key physical regulators of ecosystem functioning at the gateway to the Last Ice Area and provide new insights into the stability of the North Water Polynya and its role for regional ecosystems and local communities under ongoing climate-driven environmental changes. Sea-ice arches act as ecosystem structuring features, influencing phytoplankton bloom dynamics at the southern boundary of the Last Ice Area, according to analyses of two decades of satellite sea-ice observations."
None,True,Remote Sensing of Environment,该论文的标题和摘要明确涉及气溶胶光学质心高度（AOCH）数据产品，以及从EPIC/DSCOVR卫星获取的数据。这些内容与大气环境遥感技术密切相关，特别是空气质量和大气成分分析领域。,"['aerosol optical centroid height', 'EPIC/DSCOVR', 'satellite observations', 'atmospheric composition']",Zhendong Lu;Jun Wang;Xi Chen;Meng Zhou;Xiaoguang Xu;Yeonsu Park;Hyerim Kim,Version 2 of hourly aerosol optical centroid height (AOCH) data product from EPIC/DSCOVR in deep space,
None,True,Remote Sensing of Environment,该论文标题和摘要明确涉及从空间监测、量化和分类火山活动，这与大气环境遥感技术（如卫星观测、大气成分分析）密切相关，因此相关性较强。,"['volcanic activity', 'space', 'monitoring']",S. Aveni;D. Coppola;M. Laiolo,"A synergistic thermal framework for monitoring, quantifying, and classifying volcanic activity from space",
None,True,Remote Sensing of Environment,该论文涉及使用Landsat卫星数据进行的灌溉制图和实际蒸散量估计，结合水文模型来评估区域灌溉动态，这与大气环境遥感技术中的卫星观测和大气成分分析有一定关联，但主要关注点在水文领域。,"['Landsat', 'irrigation mapping', 'actual evapotranspiration', 'hydrological modelling']",Jorge L. Peña-Arancibia;Yingying Yu;Tim R. McVicar;Thomas G. Van Niel;Francis H.S. Chiew;Darin Hodgson;Jamie Vleeshouwer;Aarond Dino;Zachary Brown;Anthony Nadelko,Integrating Landsat-based irrigation mapping and actual evapotranspiration estimates with hydrological modelling to assess regional irrigation dynamics in a large basin experiencing extreme climate variability: Towards a national operational irrigation water accounting system,
None,False,Remote Sensing of Environment,该论文主要研究0.4-2 GHz宽带辐射计在观测冷水表面盐度方面的应用，与大气环境遥感技术（如空气质量监测、卫星观测、大气成分分析、气溶胶反演）相关性较弱。,"['wideband radiometry', 'surface salinity', 'cold seawater']",Jacqueline Boutin;Jean-Luc Vergely;Stéphane Ferron;Laurent Bertino;Giovanni Macelloni;Marco Brogioni;Emmanuel Dinnat;Lars Kaleschke;Rasmus Tonboe;Yiwen Zhou;Marie-Laure Frery;Valerie Dutto;Katia Nagamine Urata;Matthias Drusch,Beyond L-band: 0.4-2 GHz wideband radiometry for observing surface salinity in cold seawater,
None,False,Remote Sensing of Environment,该论文研究的是玉米病害胁迫的垂直分层异质性，虽然涉及大气环境中的生物过程，但主要关注点在于植物病害和生态模型，而非大气环境遥感技术（如空气质量监测、卫星观测、大气成分分析或气溶胶反演）。因此，它与大气环境遥感技术的直接关联性较弱。,"['maize disease stress', 'vertical stratification', 'SCOPE adaptation']",Binxiang Qian;Wenjiang Huang;Zhijun Zhen;Kehui Ren;Peiqi Yang;Jianbo Qi;Michael Henke;Xiuliang Jin;Lingjing Ouyang;Anting Guo;Jie Bai;Chao Ruan;Tiecheng Huang;Yin Jin;Zhenong Jin,The cmSCOPE-D model: A transmission-dynamics-enabled SCOPE adaptation to characterize vertically stratified heterogeneity of maize disease stress,
None,True,Remote Sensing of Environment,该论文研究使用GEDI和ICESat-2卫星观测数据生成热带沼泽地最优数字高程模型（DTM），涉及卫星观测和地形分析方法，与大气环境遥感技术中的卫星观测和地表参数反演相关，因此是强相关的。,"['GEDI', 'ICESat-2', 'DTM', 'tropical peatlands']",Yuan Sun;Huan Xie;Xiaohua Tong;Yi Li;Alexander R. Cobb;Rahayu S. Sukri;Muhammad Arif bin Haji Selamat;Hao Tang,A novel method for generating optimal DTM in tropical peatlands using GEDI and ICESat-2 observations,
None,True,Remote Sensing of Environment,该论文与大气环境遥感技术密切相关，因为它涉及从轨道成像光谱学角度研究地球表面矿物，这属于卫星观测和大气成分分析的范畴。,"['Orbital imaging spectroscopy', 'EMIT', 'Earth’s mineral surface']",Marie-Stephane Guillaumont;David R. Thompson;Philip G. Brodrick;Roger Clark;Robert O. Green;Gregory S. Okin,Orbital imaging spectroscopy of Earth’s mineral surface: Results and stability from EMIT’s first two years,
None,False,Remote Sensing of Environment,该论文标题和摘要主要关注地球观测基础模型的校准空间不确定性，通过Matérn动机潜在随机正则化方法进行处理。虽然地球观测与大气环境遥感技术有一定关联，但论文的核心内容更偏向于机器学习和数据分析领域，并未直接涉及空气质量监测、卫星观测、大气成分分析或气溶胶反演等具体大气环境遥感技术。因此，该论文与大气环境遥感技术的相关性不强。,[],Daniel P. Johnson,Calibrated spatial uncertainty for Earth observation foundation models via Matérn-motivated latent stochastic regularization,
None,False,Remote Sensing of Environment,该论文研究的是叶绿素含量的监测，虽然与植物生理学和环境科学相关，但主要关注点在于叶绿素含量，而非大气环境遥感技术，如空气质量监测、卫星观测、大气成分分析或气溶胶反演。因此，它与大气环境遥感技术的关联性不强。,"['chlorophyll', 'leaf chlorophyll content', 'monitoring']",Si Gao;Kai Yan;Jinhua Li;Cheng Huang;Xuanlong Ma;Wenjie Fan;Liangyun Liu;Qiao Wang,Structure-resistant chlorophyll index: A novel indicator for leaf chlorophyll content monitoring,
None,True,Remote Sensing of Environment,该论文使用Landsat地表温度数据提取生物热变量，用于生物多样性应用。虽然主要关注生物多样性，但Landsat是卫星观测技术，地表温度数据获取与分析与大气环境遥感技术（如卫星观测、大气成分分析）密切相关，因此属于强相关领域。,"['Landsat', 'surface temperature', 'biodiversity']",Eduarda M.O. Silveira;Anna M. Pidgeon;Volker C. Radeloff,The BioThermal variables derived from Landsat surface temperature data for biodiversity applications,
None,True,Remote Sensing of Environment,该论文研究的是城市热异性模型中的热点模拟技术，涉及大气环境中的热辐射和温度分布，与大气环境遥感技术（如热红外遥感、城市热岛效应监测）密切相关。虽然不直接涉及空气污染物或卫星传感器，但热异常检测和模拟是大气环境遥感的重要应用方向之一。,"['urban thermal anisotropy', 'hotspot simulation', 'physically-based shadow kernel']",Dandan Wang;James A. Voogt;Lu Jiang;Xinyang Liu;Qiyao Li;Huihui Xu;Zhenyuan Zhu;Yunhao Chen,A revised physically-based shadow kernel for improved hotspot simulation in urban thermal anisotropy models,
None,True,Remote Sensing of Environment,该论文标题和摘要明确涉及使用卫星影像进行大气校正的技术，利用Landsat档案中的伪不变特征。这直接关联到大气环境遥感技术，特别是卫星观测和大气成分分析领域。,"['atmospheric correction', 'satellite imagery', 'Landsat archive']",Wenchang Li;Tao He,LAPAC: A self-adaptive atmospheric correction method for fine-resolution satellite imagery using pseudo-invariant features from Landsat archive,
None,True,Remote Sensing of Environment,该论文使用Sentinel-2卫星观测数据来绘制加勒比海地区的海藻（Sargassum）分布，这属于遥感技术在海洋环境监测中的应用，与大气环境遥感技术（如空气质量监测、卫星观测、大气成分分析、气溶胶反演）相关，但主要关注海洋生态系统而非大气环境。,"['Sentinel-2', 'Sargassum', 'satellite observations']",Junnan Jiao;Chuanmin Hu;Brian B. Barnes,Maximizing the potential of Sentinel-2 satellite observations in mapping <em>Sargassum</em> seaweed in the Wider Caribbean Region,
None,True,Remote Sensing of Environment,该论文研究了高分辨率C/S波段合成孔径雷达（SAR）图像匹配的方法，涉及伪模态生成和频谱-空间联合学习技术。合成孔径雷达是一种用于地球观测和遥感的技术，广泛应用于大气环境监测和地表分析，因此与大气环境遥感技术密切相关。,"['SAR image matching', 'pseudo-modality generation', 'coupled spectrum-spatial learning']",Mingyang Song;Hong Zhang;Yukun Fan;Lu Tian;Yuzhou Liu;Yazhe Xie;Yinhaibing Ding,A robust method for high-resolution C/S-band SAR image matching via pseudo-modality generation and coupled spectrum-spatial learning,
None,False,Remote Sensing of Environment,该论文主要研究的是基于湿度的湿地划分动态框架，与大气环境遥感技术（如空气质量监测、卫星观测、大气成分分析、气溶胶反演等）没有直接相关性。,"['wetland', 'delineation', 'globally distributed sites']",Yang Li;Nandin-Erdene Tsendbazar;Kirsten de Beurs;Lassi Päkkilä;Lammert Kooistra,"A weakly supervised, wetness-based dynamic framework for wetland delineation across globally distributed sites",
None,True,Remote Sensing of Environment,该论文使用卫星数据追踪全球极端下午光合作用抑制，涉及卫星遥感技术和大气成分分析，与大气环境遥感技术密切相关。,"['photosynthesis', 'GPP', 'satellite']",Jingyu Lin;Xing Li;Xiaojun Li;Xuanlong Ma;Lei Fan;Sadegh Ranjbar;Jing M. Chen,"Tracking global extreme afternoon photosynthesis depression: Frequency, duration, and drivers from satellite-based hourly GPP products",
None,True,Remote Sensing of Environment,该论文标题和摘要明确涉及从PACE卫星的SPEXone多角度偏振仪器中获取气溶胶和海洋颜色信息，这与大气环境遥感技术密切相关，特别是空气质量监测和卫星观测领域。,"['PACE', 'SPEXone', 'multi-angle polarimetry', 'aerosol retrieval', 'ocean color']",Meng Gao;Kamal Aryal;Peng-Wang Zhai;Kirk Knobelspiesse;Bryan Franz;Brian Cairns;Ivona Cetinić;Guangliang Fu;Otto Hasekamp;Amir Ibrahim;Andrew M. Sayer;P. Jeremy Werdell,Where sky meets sea: Integrated aerosol and ocean color retrieval from PACE SPEXone multi-angle polarimetry,
None,True,Remote Sensing of Environment,该研究涉及短波辐射从高反射表面的邻域效应量化，这与大气环境遥感技术相关，因为短波辐射和反射表面是大气成分分析和空气质量监测的重要参数。,"['shortwave radiation', 'reflective surfaces', 'adjacency effect', 'atmospheric composition', 'air quality monitoring']",Wanchun Leng;Tianxing Wang;Xuewei Yan;Huabing Huang;Husi Letu;Ziqian Zhang,A scheme to quantify the adjacency effect of shortwave radiation from highly reflective surfaces,
None,True,Remote Sensing of Environment,该论文研究了从太空测量多光谱土壤反射率的时空变化驱动因素，涉及遥感技术和大气环境监测的交叉领域，因此与大气环境遥感技术（如卫星观测、大气成分分析）密切相关。,"['soil reflectance', 'space', 'spectro-temporal variability', 'continental-scale analysis']",Paul Karlshoefer;Christine Alewell;Pablo d’Angelo;Uta Heiden,Drivers of spectro-temporal variability in multi-spectral soil reflectance measured from space: A continental-scale analysis,
None,True,Remote Sensing of Environment,该论文研究的是将MAIAC算法扩展应用于TROPOMI卫星的hyperspectral大气校正，特别是在植被区域的案例研究。这直接涉及大气环境遥感技术，特别是卫星观测和大气成分分析。,"['MAIAC', 'hyperspectral', 'TROPOMI', 'atmospheric correction', 'vegetated regions']",Sujung Go;Alexei Lyapustin;Yujie Wang;Sergey Korkin;Weizhen Hou;Xiong Liu;Jhoon Kim,Extending the MAIAC algorithm for hyperspectral atmospheric correction of TROPOMI measurements: A case study over vegetated regions,
None,True,Remote Sensing of Environment,该论文与大气环境遥感技术密切相关，因为GEDI（Geospatial Ecosystem Dynamics Investigation）是一种利用激光雷达技术进行大气和地表观测的卫星传感器，用于监测生物量等。研究中提到的地形效应缓解和波形指标自适应方法属于遥感数据处理和反演技术，与大气环境遥感技术中的空气质量监测、地表参数反演等领域相关。,"['GEDI', 'aboveground biomass', 'slope-adaptive waveform metrics']",Tianyu Yu;Wenjian Ni;Yunxiao Wang;Hao Tang;Zhiyu Zhang;Zhifeng Guo;Guoqing Sun,Mitigating terrain effects of GEDI data on regional accounting of aboveground biomass utilizing slope-adaptive waveform metrics,
None,True,Remote Sensing of Environment,该论文与大气环境遥感技术密切相关，因为SWOT（Surface Water and Ocean Topography）卫星用于监测地表水范围，而Level-2 High-Rate Raster水分数是遥感技术中用于分析水体覆盖的一种数据产品。这些内容与大气环境遥感技术中的卫星观测和水质监测直接相关。,"['SWOT', 'surface water extent mapping', 'Level-2 High-Rate Raster', 'water fraction']",Maurício C.R. Cordeiro;Mohammad J. Tourian;Santiago Peña-Luque;Renato Prata de Moraes Frasson;Daniel Moreira;Fabrice Papa;Tati de Almeida,Assessing SWOT's capability for surface water extent mapping: An evaluation of Level-2 High-Rate Raster water fraction,
None,True,Remote Sensing of Environment,该论文研究了GEDI（全球地表高度探测仪）的数据产品，涉及森林高度地图的构建和分析，这与大气环境遥感技术中的地表参数监测和大气组成分析密切相关。,"['GEDI', 'forest height maps', 'atmospheric remote sensing']",Eugene Seo;Sean P. Healey;Zhiqiang Yang;John D. Armston;Ralph O. Dubayah;Simon Ilyushchenko;Tiago De Conto;Matthew G. Betts,Beyond RMSE: The GEDI imputed waveform product minimizes artificial homogeneity evident in existing global forest height maps,
None,True,Remote Sensing of Environment,该论文与大气环境遥感技术密切相关，因为它涉及USGS Landsat卫星的表面温度和发射率产品，这些数据在空气质量和大气成分分析中具有重要应用。,"['USGS Landsat', 'surface temperature', 'emissivity product']",Saeed Arab;Chase Mueller;Christopher J. Crawford;Danika Wellington;Ray Dittmeier;Glynn Hulley;Aaron Gerace;Calli Jenkerson;Simon Hook;Amirhossein Hassanzadeh;Rehman Eon;Cody Anderson;Pat Scaramuzza;Frank M. Göttsche,Enhancements to the USGS Landsat Level 2 surface temperature and emissivity product for Collection 3 reprocessing,
None,False,Remote Sensing of Environment,该论文主要关注的是利用GRACE数据监测中国洪水易发区域，与大气环境遥感技术（如空气质量监测、卫星观测、大气成分分析、气溶胶反演等）相关性较弱。,"['GRACE', 'flood-prone region', 'China']",Wei Ren;Yuyue Xu;Yubo Zhang;Shuang Luo;Jianli Chen;Chang-Qing Ke,An enhanced GRACE-based index for nationwide flood-prone region monitoring in China from 2003 to 2022,
None,True,Remote Sensing of Environment,该论文研究了利用深度学习技术从亚米级分辨率的光学影像中提取森林生物量，这与大气环境遥感技术中的卫星观测和大气成分分析相关，因为光学影像是遥感技术的重要数据来源，而生物量是大气成分和环境监测的重要指标。,"['biomass', 'optical imagery', 'deep learning']",Sizhuo Li;Martin Brandt;Xiaoye Tong;Stefan Oehmcke;Christian Igel;Florian Reiner;Fabian Gieseke;Thomas Nord-Larsen;Rasmus Fensholt;Jerome Chave;Philippe Ciais,Deep learning tree and forest biomass from sub-meter resolution optical imagery,
None,True,Remote Sensing of Environment,该论文的标题和摘要表明其研究内容涉及遥感图像的融合，使用了时空交叉注意力机制的Transformer模型，这与大气环境遥感技术中的卫星观测、图像处理和数据分析密切相关，因此与大气环境遥感技术高度相关。,"['remote sensing images', 'transformer', 'spatio-temporal cross attention']",Jun Li;Xiaowei He;Yantai Yang;Qinghong Sheng;Zhaocong Wu;Bo Wang;Xiao Ling;Xiang Liu;Yu Liu;Fan Gao;Libo Wang;Matthieu Molinier,STCAFormer: Spatio-temporal cross attention based transformer for fusion of remote sensing images,
None,True,Remote Sensing of Environment,该论文与大气环境遥感技术密切相关，因为它涉及从卫星数据中检索土壤水分和液态水蒸气总量（L-VOD），这属于大气成分分析和遥感监测的范畴。此外，论文还比较了不同散射反照率和土壤粗糙度参数化方案，这些是遥感技术中用于提高数据准确性的关键参数。,"['SMAP', 'soil moisture', 'L-VOD retrieval', 'scattering albedo', 'soil roughness parameterization']",Yao Xiao;Xiaojun Li;Lei Fan;Andress Colliander;Ardeshir Ebtehaj;Jian Peng;Frédéric Frappart;Lanka Karthikeyan;Wei Zhao;Gabrielle De Lannoy;Patricia de Rosnay;Zanpin Xing;Mengjia Wang;Xiangzhuo Liu;Pariha Helili;Preethi Konkathi;Jean-Pierre Wigneron,Global comparison of different effective scattering albedo and soil roughness parameterization schemes for SMAP soil moisture and L-VOD retrieval,
None,True,Remote Sensing of Environment,该论文研究了水稻叶片病原体感染如何改变由辐射传输模型反演揭示的光谱-生化关系，这与大气环境遥感技术（如辐射传输模型反演）密切相关，因为它涉及通过遥感手段分析植物与大气相互作用的光谱特征。,"['radiative transfer model inversion', 'spectral–biochemical relationships', 'atmospheric remote sensing']",Long Tian;Susan L. Ustin;Yuanyuan Kong;Bowen Xue;Pablo J. Zarco-Tejada;Chongya Jiang;Xia Yao;Yufang Jin;Yan Zhu;Weixing Cao;Tao Cheng,Rice leaf pathogen infection alters the spectral–biochemical relationships revealed by radiative transfer model inversion,
None,True,Remote Sensing of Environment,该论文研究使用GNSS-T技术对欧洲山毛榉森林进行生态水文监测，评估不同系统和频段特性在解析水蒸气氧含量（VOD）动态变化中的作用。虽然主要关注生态水文领域，但GNSS-T技术可用于大气环境遥感，特别是大气成分分析，因此与大气环境遥感技术有一定关联。,"['GNSS–T', 'VOD dynamics', 'ecohydrological monitoring', 'european beech forest']",Nicolas François Bader;Ruxandra-Maria Zotta;Eugenio Diaz-Pines;Gregor Möller;Walter Loderer;Thomas Kager;Wouter Dorigo,GNSS–T for ecohydrological monitoring of a european beech forest: Assessing different system and band characteristics for resolving temporal VOD dynamics,
None,True,Remote Sensing of Environment,该论文研究了利用多尺度时空张量插值技术重建全球叶面积指数时间序列的方法，这与大气环境遥感技术中的卫星观测和植被参数反演密切相关。叶面积指数是植被生态和大气相互作用的重要参数，其遥感反演是大气环境监测的重要应用领域。,"['global leaf area index', 'spatiotemporal tensor imputation', 'remote sensing']",Xinpei Yu;Kai Yan;Jiabin Pu;Jinxiu Liu;Jin Wu;Alexander J.Winkler;Qiao Wang,MUSTI: Multi-scale spatiotemporal tensor imputation for global leaf area index time series reconstruction,
None,False,Remote Sensing of Environment,该论文主要关注的是土壤和结构校正的MERIS陆地叶绿素指数，用于改进叶绿素含量的估算，与大气环境遥感技术（如空气质量监测、卫星观测、大气成分分析、气溶胶反演等）关系不大，更偏向于植被遥感领域。,"['MERIS', 'chlorophyll index', 'leaf chlorophyll content']",Runfei Zhang;Peiqi Yang,cscMTCI: A soil and structure corrected MERIS terrestrial chlorophyll index for improving leaf chlorophyll content estimation,
None,True,Remote Sensing of Environment,该论文研究的是利用散射模型和深度迁移学习框架来检索地表土壤湿度，与大气环境遥感技术中的土壤湿度监测相关，属于大气环境遥感技术领域。,"['scattering model', 'deep transfer learning', 'surface soil moisture retrieval']",Zuo Wang;Jianhui Chen;Jiangyuan Zeng;Chang Huang;Lisheng Song;Yingying Chen;Liujun Zhu,A scattering model-informed deep transfer learning framework for surface soil moisture retrieval,
None,True,Remote Sensing of Environment,该论文研究从卫星图像中获取水稻叶绿素的方法，涉及卫星观测技术和大气成分分析，与大气环境遥感技术密切相关。,"['satellite imagery', 'chlorophyll retrieval', 'RiceGORT']",Haoran Sun;Hifza Mariam;Junnan She;Ming Chen;Dong Li;Chongya Jiang;Xia Yao;Iftikhar Ali;Yan Zhu;Weixing Cao;Tao Cheng,Breaking barriers in rice chlorophyll retrieval from satellite imagery: Mitigating row structure and saturation effects via RiceGORT and chlorophyll sensitivity enhancement,
None,True,Remote Sensing of Environment,该论文研究从SMAP L波段辐射计在降雨条件下获取海面盐度的技术，属于大气环境遥感技术范畴，特别是卫星观测和大气成分分析领域。,"['sea surface salinity', 'SMAP L-band radiometry', 'rainfall conditions']",Xuchen Jin;Xianqiang He;Yan Bai;Yilei Wang;Lizhang Zhou;Shujie Yu;Teng Li;Fang Gong;Delu Pan,Retrieval of sea surface salinity from SMAP L-band radiometry under rainfall conditions,
None,True,Remote Sensing of Environment,该论文研究了通过校正地球同步卫星的地理位置偏差来改进卫星反演的短波辐射产品，这与大气环境遥感技术中的卫星观测和辐射监测密切相关，因此具有相关性。,"['geostationary satellite', 'shortwave radiation', 'geolocation displacement']",Wangkang She;Changkun Shao;Wenjun Tang;Guopeng Zhu;Zengqiang Pang;Tongfei Liu;Shuibao Liang;Kun Yang,Substantial improvement of geostationary satellite-derived shortwave radiation product through correcting geolocation displacement,
None,True,Remote Sensing of Environment,该论文使用Landsat和Sentinel-2卫星观测数据与近地表PhenoCam时间序列数据融合，以增强美国西部干旱地区地表物候的检测。这属于遥感技术在土地利用和生态监测中的应用，虽然不直接涉及空气质量监测或大气成分分析，但与大气环境遥感技术有间接关联，因为它利用卫星数据进行地表特征的分析，这对于理解大气环境下的地表-大气相互作用有重要意义。,"['Landsat', 'Sentinel-2', 'PhenoCam', 'land surface phenology', 'remote sensing']",Yuxia Liu;Xiaoyang Zhang;Yu Shen;Yongchang Ye;Shuai An,Enhanced land surface phenology detections in the western U.S. drylands by fusing harmonized Landsat and Sentinel-2 observations with near-surface PhenoCam time series,
None,True,Remote Sensing of Environment,该论文标题和摘要明确涉及Sentinel 2卫星数据，以及热带森林的归一化处理，其中BRDF调整反射率是大气环境遥感技术中常用的方法，用于提高卫星观测数据的质量，因此与大气环境遥感技术密切相关。,"['Sentinel 2', 'BRDF adjusted reflectance', 'tropical forests']",Pierre Ploton;Gaëlle Viennois;Florian de Boissieu;Erik Lindquist;Jean-Baptiste Féret;Daniel Wiell;Hervé Poilvé;Pierre Couteron;Raphaël Pélissier;Nicolas Barbier,Normalization of Sentinel 2 data over tropical forests to nadir BRDF adjusted reflectance,
None,False,Remote Sensing of Environment,该论文主要关注的是果树疾病的准确诊断，通过整合一种新型的双角度植被指数和冠层垂直分布知识。虽然涉及植被指数和冠层分布，但主要目的是疾病诊断，而非大气环境遥感技术，如空气质量监测、卫星观测或大气成分分析。因此，它与大气环境遥感技术的关联性较弱。,"['vegetation index', 'canopy vertical distribution', 'fruit trees']",Wenjie Zhang;Guijun Yang;Xinlian Liang;Xiaohong Liu;Jianbo Qi;Hao Yang;Haikuan Feng;Bo Li;Changyuan Zhai;Baoguo Wu;Xiaohui Su;Liping Chen;Chunjiang Zhao,Toward accurate disease diagnosis of fruit trees: Integrating a novel dual-angle vegetation index with canopy vertical distribution knowledge,
None,False,Remote Sensing of Environment,该论文主要关注三维森林地图绘制，涉及自监督学习和迁移学习等技术，但与大气环境遥感技术（如空气质量监测、卫星观测、大气成分分析或气溶胶检索）无关。,"['forest mapping', 'self-supervised learning', 'transfer learning']",Aldino Rizaldy;Fabian Ewald Fassnacht;Ahmed Jamal Afifi;Hua Jiang;Richard Gloaguen;Pedram Ghamisi,"Label-efficient 3D forest mapping: Self-supervised and transfer learning for instance segmentation, semantic segmentation, and species classification",
None,True,Remote Sensing of Environment,该论文研究利用单卫星影像进行多灾害检测，涉及光谱语义图推理技术，与大气环境遥感技术（如卫星观测、大气成分分析）密切相关。,"['satellite imagery', 'spectral-semantic graph reasoning', 'multi-hazard detection']",Wei Ao;Zhi Gao;Boan Chen;Xinyu Gong;Yuyang Zhai;Ziyao Li;Qiao Wang,Towards efficient multi-hazard detection from single satellite imagery via spectral-semantic graph reasoning,
None,True,Remote Sensing of Environment,该论文标题和摘要明确涉及海洋表面风条带的遥感技术，包括风向和风浪的检索。这属于大气环境遥感技术中的海洋遥感部分，与空气质量和大气成分分析有一定关联，但主要聚焦于海洋观测技术。,"['sea surface wind streaks', 'wind directions', 'wind waves']",Lifeng Wang;Yingcheng Lu;Chuanmin Hu,Optical remote sensing of sea surface wind streaks: Retrievals of wind directions and wind waves,
None,True,Remote Sensing of Environment,该论文研究了利用ICESat-2和Sentinel-1/2卫星数据以及水文几何信息来检索无测量站流域的径流量。虽然主要关注的是水文领域，但该研究涉及使用卫星遥感技术（ICESat-2和Sentinel-1/2）对地表水进行监测和分析，这与大气环境遥感技术中的卫星观测和数据分析方法有部分重叠，因此可以认为与大气环境遥感技术有较强的关联性。,"['ICESat-2', 'Sentinel-1/2', 'discharge retrieval algorithm']",Ziting Chen;Yonghong Yi;Huimin Lei;Jijun Xu;Li Liu;Lachun Wang;Chongyu Xu,A hydraulic-geometry informed discharge retrieval algorithm for ungauged basins using ICESat-2 and Sentinel-1/2: Application to Qinghai-Tibet Plateau,
None,True,Remote Sensing of Environment,该论文研究了冠层反射率与叶片密度的导数关系，并提出了一个概率渲染框架。这与大气环境遥感技术相关，因为冠层反射率是遥感监测大气成分和空气质量的重要参数，而叶片密度是影响大气中气体和颗粒物吸收与散射的关键因素。因此，该研究对于通过遥感技术分析大气环境具有重要意义。,"['canopy reflectance', 'leaf density', 'atmospheric composition']",Abdelaziz Kallel;Yingjie Wang;Jean Philippe Gastellu-Etchegorry,Derivative of canopy reflectance with respect to leaf density: A probabilistic rendering framework,
None,True,Remote Sensing of Environment,该论文研究了高填方运河的细尺度变形模式和机制，使用了多时相InSAR技术。InSAR（干涉合成孔径雷达）是一种遥感技术，广泛应用于地表形变监测和环境分析，因此与大气环境遥感技术（如卫星观测、大气成分分析）有较强的相关性。,"['InSAR', 'multi-temporal', 'canals', 'deformation', 'remote sensing']",Nan Wang;Yanru Yu;Haocheng Li;Jie Dong;Mingsheng Liao,Fine-scale deformation pattern and mechanism of high-fill canals revealed by multi-temporal InSAR,
None,False,Remote Sensing of Environment,标题和摘要中未提及与大气环境遥感技术相关的任何内容。,[],,Editorial Board,
None,False,International Journal of Applied Earth Observation and Geoinformation,该论文研究的是中国最大的海草床的长期时空动态变化，主要关注生态和海洋环境，而非大气环境遥感技术，如空气质量监测、卫星观测、大气成分分析或气溶胶反演。,"['satellite tracking', 'seagrass meadow', 'spatiotemporal dynamics']",Jun Tang;Yingcheng Lu;Zhiyuan Ouyang;Yarong Zou;Futao Wang;Yuntao Wang;Chao Zhou;Yanlong Chen,Satellite tracking of long-term spatiotemporal dynamics in China’s largest seagrass meadow,
None,True,International Journal of Applied Earth Observation and Geoinformation,该标题和摘要涉及“remote sensing”和“segment anything”，表明与大气环境遥感技术相关，可能涉及大气监测或遥感分析。,"['segment anything', 'remote sensing', 'atmospheric monitoring']",Osmar Luiz Ferreira de Carvalho;Osmar Abílio de Carvalho Júnior;Anesmar Olino de Albuquerque;Daniel Guerreiro e Silva,Remote SAMsing: From segment anything to segment everything,
None,False,International Journal of Applied Earth Observation and Geoinformation,该论文的标题和摘要主要涉及使用移动激光扫描和语义3D道路空间模型对物体表面进行辐射指纹识别，这与大气环境遥感技术（如空气质量监测、卫星观测、大气成分分析、气溶胶检索等）没有直接关联。论文的研究内容更偏向于三维建模和激光扫描技术，而非大气环境遥感。,[],Benedikt Schwab;Thomas H. Kolbe,Radiometric fingerprinting of object surfaces using mobile laser scanning and semantic 3D road space models,
None,True,International Journal of Applied Earth Observation and Geoinformation,该论文使用深度学习模型并结合光学和SAR卫星图像来估算北欧国家的体积和Lorey’s高度，这属于大气环境遥感技术的范畴，特别是卫星观测和大气成分分析。,"['optical satellite images', 'SAR satellite images', 'deep learning models', 'volume', 'Lorey’s height']",Zsofia Koma;Oleg Antropov;Oliver Cartus;Jukka Miettinen;Johannes Breidenbach,Deep learning models for estimating volume and Lorey’s height across Nordic countries using optical and SAR satellite images,
None,False,International Journal of Applied Earth Observation and Geoinformation,该论文的主题是使用卫星嵌入技术进行作物类型分类的比较研究，虽然涉及卫星技术，但主要关注的是农业领域，而不是大气环境遥感技术，如空气质量监测、卫星观测、大气成分分析或气溶胶反演。,"['satellite embeddings', 'crop type classification', 'comparative examination']",Britt W. Smith;Jessica J. Walker;Christopher E. Soulard,Satellite embeddings for crop type classification: a comparative examination,
None,False,International Journal of Applied Earth Observation and Geoinformation,该论文主要关注的是利用网络启发式重构技术对个体树木进行分割，研究的是点云数据中的树木识别问题，与大气环境遥感技术（如空气质量监测、卫星观测、大气成分分析、气溶胶反演等）不直接相关。,"['tree segmentation', 'ULS point clouds', 'network-inspired']",Lei Bao;Yong Wu;Leiguang Wang;Xiaoli Zhang;Zhibo Yu;Zhi Liu;Chi Lu;Yuansu Xu;Hong Wang;Xiaohan Liu;Weibin Wang;Hongbin Luo;Guanglong Ou,Network-inspired restructuring for individual tree segmentation in ULS point clouds,
None,True,International Journal of Applied Earth Observation and Geoinformation,该论文研究了联合学习频率-时空依赖性和结构上下文用于光学-SAR变化检测，涉及遥感技术，特别是光学合成孔径雷达（optical-SAR），这与大气环境遥感技术（如空气质量监测、卫星观测、大气成分分析、气溶胶反演）密切相关。,"['optical-SAR', 'change detection', 'atmospheric remote sensing']",Yujie Li;Xuanguang Liu;Chenguang Dai;Zhenchao Zhang;Lei Ding;Han Zhu;Ruihua Lu;Hanyun Wang,Joint learning of frequency-spatio-temporal dependencies and structural context for optical-SAR change detection,
None,True,International Journal of Applied Earth Observation and Geoinformation,该论文使用AVIRIS-3卫星传感器模拟植被演替模式，涉及遥感技术，与大气环境遥感技术相关。,"['AVIRIS-3', 'vegetation succession', 'atmospheric remote sensing']",Bhagyashree Verma;Emma C. Hall;Mark J. Lara,Simulated AVIRIS-3 detects species-specific patterns of vegetation succession in retrogressive thaw slumps,
None,False,International Journal of Applied Earth Observation and Geoinformation,该论文研究的是利用地形引导的三模态Mamba网络来绘制小冰期冰川，主要关注冰川的地理分布和变化，而非大气环境遥感技术，如空气质量监测、卫星观测或大气成分分析。,"['glaciers', 'terrain-guided', 'Mamba network']",Jun Zhou;Shiyin Liu;Fuming Xie;Caixia Qin,Mamba-trident: terrain-guided tri-modal Mamba network for mapping little ice age glaciers,
None,True,International Journal of Applied Earth Observation and Geoinformation,该论文研究了叶片生理和冠层结构对太阳诱导叶绿素荧光和总初级生产力的影响，涉及大气环境中的植被监测和遥感技术，与大气环境遥感技术（如卫星观测、大气成分分析）密切相关。,"['solar-induced chlorophyll fluorescence', 'gross primary productivity', 'canopy structure']",Fangyi Lv;Kaimin Sun;Shunxia Miao;Yi Xu;Wei Cui;YePei Chen;Wenzhuo Li;Xiuqing Hu,Disentangling leaf physiology and canopy structure effects on solar-induced chlorophyll fluorescence and gross primary productivity: A multi-biome and cross-site assessment,
None,True,International Journal of Applied Earth Observation and Geoinformation,该论文标题和摘要明确涉及大气环境遥感技术中的太阳诱导叶绿素荧光重建，使用了物理约束神经网络技术，这与大气成分分析和卫星观测密切相关。,"['physics-constrained neural network', 'solar-induced chlorophyll fluorescence', 'reconstruction']",Dianrun Zhao;Shanshan Du;Yulu Du;Xinjie Liu;Liangyun Liu,FSIF-PCNN: A physics-constrained neural network for full-spectrum solar-induced chlorophyll fluorescence reconstruction,
None,True,International Journal of Applied Earth Observation and Geoinformation,该论文使用SDGSAT-1卫星的夜间光影像来评估城市户外运动场地的照明质量，这与大气环境遥感技术中的卫星观测和城市光环境分析相关，属于大气环境遥感技术的一个应用领域。,"['SDGSAT-1', 'nighttime light imagery', 'urban outdoor sports fields']",Tingrui Guo;Min Zhao;Zhuolin Tao;Jiaqi Fu;Xinyi Song;Yuyu Zhou,Assessment of lighting quality in urban outdoor sports fields using 10-m SDGSAT-1 nighttime light imagery,
None,True,International Journal of Applied Earth Observation and Geoinformation,该论文与大气环境遥感技术密切相关，因为它涉及使用多源地球观测数据进行近实时野火烧毁面积绘制。这涉及到卫星观测和大气成分分析，特别是通过遥感技术监测和绘制野火影响区域。,"['wildfire burned area mapping', 'multi-source earth observation', 'self-supervised framework']",Mirza Waleed;Muhammad Bilal,BAM: A physics-informed self-supervised framework for near-real-time wildfire burned area mapping from multi-source earth observation,
None,False,International Journal of Applied Earth Observation and Geoinformation,该论文的主题是使用散射引导先验增强的Mamba模型生成高保真度SAR船舶图像，主要关注的是合成孔径雷达（SAR）技术及其在复杂背景下的船舶生成应用，这与大气环境遥感技术（如空气质量监测、卫星观测、大气成分分析、气溶胶检索）没有直接关联。,"['SAR', 'ship generation', 'scattering-guided prior']",Moran Ju;Changqi Wang;Si-Nian Jin,A physical Scattering-Guided Prior-Enhanced Mamba model for high-fidelity SAR ship generation in complex backgrounds,
None,True,International Journal of Applied Earth Observation and Geoinformation,该论文研究使用无人机搭载的RGB和超光谱图像进行马铃薯植物病害检测，涉及遥感技术中的多源数据融合方法，与大气环境遥感技术中的图像处理和特征提取 techniques 相关。,"['UAV', 'RGB imagery', 'hyperspectral imagery', 'disease detection']",Tianyi Jia;Magdalena Smigaj;Gert Kootstra;Lammert Kooistra,Deep spatial-spectral fusion of UAV RGB and hyperspectral imagery for potato plant disease detection,
None,False,International Journal of Applied Earth Observation and Geoinformation,该论文的主题是使用深度学习自动划分产权边界，与大气环境遥感技术（如空气质量监测、卫星观测、大气成分分析、气溶胶反演）没有直接相关性。,"['deep learning', 'automated delineation', 'property boundaries']",Jeroen Grift;Claudio Persello;Mila Koeva,From pixels to vectorized cadastral boundaries: Deep learning-based automated delineation of property boundaries in the Netherlands,
None,False,International Journal of Applied Earth Observation and Geoinformation,该论文标题和摘要主要关注图像匹配和姿态先验的几何引导路由注意力机制，涉及计算机视觉和深度学习领域，与大气环境遥感技术（如空气质量监测、卫星观测、大气成分分析、气溶胶反演等）没有直接关联。,[],Hongyang Zhang;Yusheng Xu;Changyou Xu;Rong Huang;Zhen Ye;Yan Xia;Xiaohua Tong,Learning from noisy pose priors: Geometry-guided routing attention for robust image matching,
None,True,International Journal of Applied Earth Observation and Geoinformation,该论文研究多角度TECIS数据用于森林生物量估算，涉及大气遥感技术中的多角度观测和生物量估算方法，与大气环境遥感技术（如大气成分分析、卫星观测）相关。,"['Multi-Angular TECIS', 'forest biomass estimation', 'atmospheric remote sensing']",Xuexia Sun;Xiaoyao Li;Bingxiang Tan;Fayun Wu;Yuxuan Liu;Shimei Xiong,Feature selection from Multi-Angular TECIS data for forest biomass estimation using a Model-driven sensitivity analysis approach,
None,False,International Journal of Applied Earth Observation and Geoinformation,该论文主要研究如何利用VIIRS夜间灯光数据量化地震引起的建筑损坏，涉及的是地震灾害评估和深度学习方法，而非大气环境遥感技术，如空气质量监测、卫星观测或大气成分分析。,"['VIIRS', 'nighttime lights', 'deep learning']",Hee-Su Joo;Seon-Gyu Kim;Jin-Hyeong Lee;Hyung-Sup Jung,Quantifying earthquake-induced building damage from VIIRS nighttime lights: A multi-scale framework with deep learning–based area validation,
None,False,International Journal of Applied Earth Observation and Geoinformation,该论文的主题是森林昆虫损害预警，涉及的是生物和生态领域，而非大气环境遥感技术，如空气质量监测、卫星观测、大气成分分析或气溶胶反演等。,[],Haoyan Zhang;Shiming Li;Yaozhong Pan,Integrating spatiotemporal prior knowledge from co-segmented time-series into factor-driven modeling for forest insect damage warning,
None,True,International Journal of Applied Earth Observation and Geoinformation,该论文研究了印度砖窑的分布和技术类型，涉及空气污染和大气成分分析，与大气环境遥感技术（如空气质量监测、大气成分分析）相关。,"['brick kilns', 'air pollution', 'atmospheric composition']",Sugandha Arora;Clément Goldmann;Stefan Oehmcke;Jan Pauls;Chuanlong Zhou;Abhinav Sharma;Kushal Tibrewal;Harish Phuleria;Fabian Gieseke;Philippe Ciais,Brick kilns across India: A temporal analysis of brick kiln distribution and technology types,
None,True,International Journal of Applied Earth Observation and Geoinformation,该论文使用多源地球观测技术来评估喀斯特干旱的传播，涉及地表和深层的响应关系，与大气环境遥感技术中的空气质量和地表监测相关。,"['Earth Observation', 'karst drought', 'multisource data']",Chengchang Tian;Qiuwen Zhou;Ze Yuan;Yuan Li;Igor Leščešen;Slobodan Gnjato;Pedro A.M. Leite,Global assessment of karst drought propagation from multisource Earth Observation: Epikarst-mediated rapid shallow coupling and delayed deep responses,
None,True,International Journal of Applied Earth Observation and Geoinformation,该论文研究了使用FY-3G多角度偏振观测进行全球云相监测的新MAPLE-CP框架，并通过独立的多站点激光雷达验证。这与大气环境遥感技术密切相关，特别是云相监测和大气成分分析，属于卫星观测和空气质量监测的范畴。,"['FY-3G', 'polarimetric', 'cloud phase monitoring', 'lidar validation']",Yaying Wang;Haofei Wang;Chuanfeng Zhao;Qiao Wang;Kun Jia;Jinlong Fan;Hang Lyu;Sijie Chen;Zhenping Yin;Xing Yan,Global cloud phase monitoring from FY-3G multi-angle polarimetric observations using the new MAPLE-CP framework with independent multi-site lidar validation,
None,True,International Journal of Applied Earth Observation and Geoinformation,该论文与大气环境遥感技术相关，因为其研究重点是空气温度的降尺度处理，涉及温度数据的插值预处理技术，这与大气环境监测和遥感数据处理的任务密切相关。,"['air temperature', 'downscaling', 'interpolation preprocessing']",Zitong Wen;Lu Zhuo;Jiao Wang;Ahmed Abdelhalim;Ming Zhong;Dawei Han,Reducing grid artifacts in air temperature downscaling with a Volume-Preserving interpolation preprocessing step,
None,True,International Journal of Applied Earth Observation and Geoinformation,该论文标题和摘要明确涉及了“气溶胶-云探测通道”和“532 nm”波段，以及“DQ-1/ACDL”卫星或探测器，这些都是大气环境遥感技术中的关键要素。特别是“线性拟合校准算法”，与大气成分分析、气溶胶检索等密切相关，因此该论文与大气环境遥感技术（如空气质量监测、卫星观测、大气成分分析、气溶胶检索）强相关。,"['Aerosol-Cloud detection channels', '532 nm', 'DQ-1/ACDL', 'Linear-Fitting calibration algorithm']",Feiyue Mao;Chengen Li;Lin Zang;Zengxin Pan;Weiwei Xu;Ge Han;Xiuqing Hu;Weibiao Chen;Wei Gong,Linear-Fitting calibration algorithm for Aerosol-Cloud detection channels at 532 nm of the DQ-1/ACDL,
None,False,International Journal of Applied Earth Observation and Geoinformation,该研究主要关注的是利用高光谱数据和机器学习技术检测水稻白叶枯病，与大气环境遥感技术（如空气质量监测、卫星观测、大气成分分析、气溶胶反演等）相关性较低。研究内容偏向农业遥感，而非大气环境遥感。,"['hyperspectral data', 'machine learning', 'rice bacterial leaf blight']",Ziyi Wang;Roshanak Darvishzadeh;Nancy Castilla;Alice Laborte;Andrew Nelson,Early detection of rice bacterial leaf blight disease using canopy hyperspectral data and machine learning,
None,False,International Journal of Applied Earth Observation and Geoinformation,该论文的标题和摘要主要关注的是基于图变换器的决策框架，用于选择性更新矢量建筑数据，这与大气环境遥感技术（如空气质量监测、卫星观测、大气成分分析、气溶胶反演等）没有直接关联。,[],Yue Qiu;Fang Wu;Haizhong Qian;Jichong Yin;Xianyong Gong;Chengyi Liu;Hao Zhang;Rui Cao,V-BUILD: A graph Transformer-based decision framework for selective updating of vector building data,
None,True,International Journal of Applied Earth Observation and Geoinformation,该论文研究了地表煤矿的综合生态环境质量评估方法，涉及环境监测和遥感技术，因此与大气环境遥感技术（如空气质量监测、卫星观测、大气成分分析、气溶胶反演）密切相关。,"['surface coal Mines', 'Eco-Environmental quality assessment', 'MiecoI']",Feiyue Li;Jun Li;Chengye Zhang;Han Zhang;Chuanying Peng;Lixia Liang;Jingyu Hao;Simit Raval,A new approach for comprehensive and spatiotemporally comparable Eco-Environmental quality assessment of surface coal Mines: MiecoI,
None,True,International Journal of Applied Earth Observation and Geoinformation,该论文使用Sentinel-2卫星图像进行近实时、无监督的粮食作物收获检测，涉及遥感技术和卫星观测，与大气环境遥感技术中的卫星观测和作物监测相关。,"['Sentinel-2 imagery', 'grain crop harvest detection', 'reaped index (RI)']",Kai Tang;Zeteng Li;Youzhi Zhang;Laigang Wang;Peng Yang;Bingwen Qiu;Xuehong Chen;Ruilin Chen;Jianlong Li;Jin Chen,A near-real-time and unsupervised framework for grain crop harvest detection using sentinel-2 imagery: the reaped index (RI) and automated thresholding,
None,False,International Journal of Applied Earth Observation and Geoinformation,该论文主要关注太阳能光伏产业的发展及其生态影响，研究区域从耕地到森林的转变，与大气环境遥感技术（如空气质量监测、卫星观测、大气成分分析、气溶胶反演）没有直接关联，因此相关性较弱。,"['solar photovoltaics', 'ecological implications', 'cropland to forest']",Shoki Shimada;Wataru Takeuchi;Kei Oyoshi,Corrigendum to “Spatiotemporal dynamics of solar photovoltaics development and ecological implications in Japan from cropland to forest” [Int. J. Appl. Earth Obs. Geoinf. 150 (2026) 105348],
None,True,International Journal of Applied Earth Observation and Geoinformation,该论文研究了从单类标注遥感数据集中对农田和农村道路进行联合分割的方法。遥感技术是大气环境遥感监测的重要组成部分，而农田和农村道路的识别与分析对于理解土地利用变化、空气污染扩散等环境问题具有重要意义。因此，该研究与大气环境遥感技术（如土地利用监测、空气污染源解析）密切相关。,"['remote sensing', 'segmentation', 'farmland']",Zhaoxiang Cao;Yuchun Huang;Yibo Zhou;Peng Zhou;Zhiqiang Qin;Shengyuan Zhang,A partially supervised joint segmentation method for farmland and rural roads from single-class annotated remote sensing datasets,
None,True,International Journal of Applied Earth Observation and Geoinformation,该论文研究了使用双极化GNSS反射计技术，结合微卫星观测数据，对FYI-MYI海冰类型进行分类的方法。虽然主要关注海冰分类，但GNSS反射计技术属于大气环境遥感技术的一种，用于监测和分类海冰。因此，该论文与大气环境遥感技术（特别是卫星观测和大气成分分析）有一定关联性。,"['Dual-polarization GNSS reflectometry', 'sea ice type classification', 'microsatellite observations']",Runchuan Li;Fei Guo;Wentao Yang;Weiqiang Li;Xiaohong Zhang;Estel Cardellach,Dual-polarization GNSS reflectometry for FYI–MYI sea ice type classification using microsatellite observations,
None,True,International Journal of Applied Earth Observation and Geoinformation,该论文研究波兰云杉林的NDVI与林分结构之间的关系，使用了HLS、LiDAR指标和GGP-GAM方法。这些技术可用于分析大气环境中的植被参数，进而推断大气成分和空气质量，因此与大气环境遥感技术密切相关。,"['NDVI', 'LiDAR', 'atmospheric composition', 'scots pine', 'GGP-GAM']",Luiza Tymińska-Czabańska;Piotr Janiec;Michał Lupa;Vahid Nasiri;Franciszek Błaś;Adam Ziółkowski;Paweł Hawryło;Jarosław Socha,"Spatially varying NDVI–stand structure relationships in Scots pine forests across Poland using HLS, LiDAR metrics and GGP-GAM",
None,False,International Journal of Applied Earth Observation and Geoinformation,该论文的标题和摘要主要关注农业和城市扩张对干旱地区生态水文的影响，与大气环境遥感技术（如空气质量监测、卫星观测、大气成分分析、气溶胶反演）没有直接关系。,[],Ran Wang;Wei Zhou;Tao Lin;Zhe Hao;Shibin Zhang;Conghong Huang,Divergent ecohydrological impacts of agricultural and urban expansions across global drylands,
None,True,International Journal of Applied Earth Observation and Geoinformation,该论文使用Sentinel-2和ERA5-Land数据估算瑞典湖泊溶解有机碳，涉及地球观测技术和卫星遥感，与大气环境遥感技术（如卫星观测、大气成分分析）相关，但侧重于水体有机碳估算，而非大气污染物监测。,"['Sentinel-2', 'ERA5-Land', 'dissolved organic carbon', 'Earth observation']",Xufeng Wei;Wenbo Xu;Lanhui Wang;Renkui Guo;Zheng Duan,An interpretable Earth observation framework for estimating lake dissolved organic carbon in Sweden using Sentinel-2 and ERA5-Land data,
None,False,International Journal of Applied Earth Observation and Geoinformation,该论文标题和摘要主要关注虚拟现实（VR）城市建模中的层次细节设计（LOD）对人类行为的影响，与大气环境遥感技术（如空气质量监测、卫星观测、大气成分分析、气溶胶反演）没有直接关联。,[],Yunlei Su;Guosheng Yang;Wufan Zhao;Cai Wu,Beyond fidelity: Rethinking realism through human behavior in VR city modeling LOD design,
None,False,International Journal of Applied Earth Observation and Geoinformation,该论文研究的是使用BQEL-Net网络从火星撞击坑数据集中提取撞击坑，属于天体地质学领域，与大气环境遥感技术（如空气质量监测、卫星观测、大气成分分析、气溶胶反演）没有直接关系。,"['martian impact craters', 'BQEL-Net', 'ensemble learning']",Chang Li;Haoyan Ma;Yi He;Zhizhong Kang,BQEL-Net: A bimodal quantitative ensemble learning network with uncertainty-aware for vectorized extraction of martian impact craters from bimodal catalogic-and-quantitative dataset (BCQDS),
None,True,International Journal of Applied Earth Observation and Geoinformation,该论文研究了融合高分辨率航空影像与Sentinel-1和Sentinel-2卫星时间序列数据以提高多年果园类型分类的方法。这涉及使用遥感技术（特别是卫星观测和影像分析）来监测和分类地表覆盖类型，与大气环境遥感技术（如空气质量监测和地表参数分析）有较强的相关性。,"['aerial imagery', 'Sentinel-1', 'Sentinel-2', 'orchard classification']",Lior Fine;Tarin Paz-Kagan;Offer Rozenstein,Fusing very high-resolution aerial imagery with Sentinel-1 and Sentinel-2 time series improves multi-year orchard type classification,
None,False,International Journal of Applied Earth Observation and Geoinformation,该论文主要关注的是利用遥感技术和集成模型识别和分类<em>Calliptamus italicus</em>的风险区域，并考虑了人口密度和栖息地适宜性。虽然使用了遥感技术，但其核心主题是昆虫生态学而非大气环境遥感技术，如空气质量监测、卫星观测或大气成分分析。,"['remote sensing', 'ensemble modeling', 'population density', 'habitat suitability']",Junteng Luo;Liang Liu;Jianghua Zheng;Jun Lin;Wanqiang Han;Yang Yan;Jianhao Li;Feifei Zhang;Zhong Liang;Qige Qi,Identification and classification of risk zones for <em>Calliptamus italicus</em> based on remote sensing and ensemble modeling: considering population density and habitat suitability,
None,True,International Journal of Applied Earth Observation and Geoinformation,该论文使用地球观测数据结合机器学习技术，对阿拉伯湾和波斯湾的有害藻华进行预测，属于环境监测和遥感技术领域的应用，与大气环境遥感技术有间接关联，但主要关注点在水域生态。,"['Earth Observation', 'Machine learning', 'harmful algal blooms', 'Arabian Gulf', 'Sea of Oman']",Kaltham A. Ismail;Roqaya A. Ismail;Mohammed Salim,Earth Observation–Based Machine learning for operational forecasting of harmful algal blooms in the Arabian Gulf and Sea of Oman,
None,True,International Journal of Applied Earth Observation and Geoinformation,该论文标题和摘要明确涉及GNSS-R（全球导航卫星系统后向反射测量技术），这是一种用于大气环境遥感的技术，特别用于高风速检索。标题中的'Physics-Guided Local-Global fusion network'表明这是一种用于大气遥感数据处理的算法，因此与大气环境遥感技术密切相关。,"['PLGF-NET', 'Physics-Guided', 'GNSS-R', 'high wind speed retrieval']",Xinzhe Xu;Minfeng Song;Xiufeng He;Jinsheng Tu;Xiaolei Wang;Jinwen Zeng;Hao Yang;Wei Zhan,PLGF-NET: A Physics-Guided Local-Global fusion network for GNSS-R high wind speed retrieval,
None,False,International Journal of Applied Earth Observation and Geoinformation,该论文标题和摘要主要关注利用无人机（UAV）和时间序列数据对苜蓿的时空生长和功能进行表征，涉及的是农业和生态领域，而非大气环境遥感技术，如空气质量监测、卫星观测或大气成分分析等。因此，该论文与大气环境遥感技术的关系不强。,[],Tao Cheng;Zhangru Gao;Ziyu Ding;Dong Han;Yaling Liu;Ruopu Zan;Xinyuan He;Shibo Yang;Feng Yuan;Weibo Ren;Dongyan Zhang,DINO-Pheno-Cluster: Integrating few-shot foundation models and UAV time-series for spatiotemporal growth and functional characterization of alfalfa,
None,True,International Journal of Applied Earth Observation and Geoinformation,该论文标题和摘要明确涉及使用Landsat 8/9卫星数据，以及RF-XGBoost模型来检索黄河地区的总氮。这属于大气环境遥感技术中的卫星观测和大气成分分析领域，特别是空气质量监测和污染物检索。,"['total nitrogen retrieval', 'Landsat 8/9 data', 'RF-XGBoost model']",Yuanyuan Zhang;Shuanggen Jin,MFRXG: A multi-feature stacking ensemble RF-XGBoost model for total nitrogen retrieval in the Yellow River from Landsat 8/9 data,
None,True,International Journal of Applied Earth Observation and Geoinformation,该论文涉及从单目遥感影像中进行高度估计，使用了一种视觉语言网络。虽然主题不是直接针对空气质量和大气成分分析，但遥感影像是大气环境监测的重要手段，因此与大气环境遥感技术有一定关联。,"['monocular remote sensing imagery', 'height estimation', 'vision-language network']",Tao Zhang;Furong Shi;Yuanping Zhu;Xin Huang,HeightCLIP: A vision-language network for height estimation from monocular remote sensing imagery,
None,False,International Journal of Applied Earth Observation and Geoinformation,该论文主要关注城市数字孪生在环境敏感型交通规划中的应用，涉及的是交通规划和城市规划领域，而非大气环境遥感技术，如空气质量监测、卫星观测、大气成分分析或气溶胶反演等。,[],Thomas Trabert;Elmar Brockfeld;Alexander Sohr;Kerstin Krellenberg;Jakob Erdmann;Xiaoxu Bei;Carsten Dalaff;Timo Houben;Jan Bumberger,Urban digital twin for environmentally sensitive mobility planning: conceptual framework and application in pilot region Leipzig,
None,True,International Journal of Applied Earth Observation and Geoinformation,该论文研究了SuperDove卫星如何检测负载物质的堆积物，并关注极端环境事件。虽然主要关注点可能是极端环境事件，但使用卫星技术进行检测与大气环境遥感技术（如空气质量监测、卫星观测、大气成分分析）密切相关，特别是涉及物质（可能包括污染物）的遥感监测。,"['SuperDove satellite', 'matter-loaded windrows', 'extreme environmental events']",Dimitris Papageorgiou;Stefano Aliani;Andrés Cózar;Konstantinos Topouzelis,SuperDove satellite detection of matter-loaded windrows with a focus on extreme environmental events,
None,False,International Journal of Applied Earth Observation and Geoinformation,该论文的主题是屋顶植被映射，使用开源多模态数据和形态感知UDASS技术。虽然与遥感技术有一定联系（如数据获取），但主要关注点在于城市绿化和植被分析，而非大气环境监测、空气质量或卫星观测等直接相关的领域。,"['roof vegetation', 'open-source multimodal data', 'morphology-aware UDASS']",Jinhui Liu;Mi Zhang;Lina Tang;Guofan Shao;Huiwei Jiang;Xiangyun Hu;Yibing Xiong;Jiongwei Wang,A transferable framework for roof vegetation mapping across tropical cities based on open-source multimodal data and morphology-aware UDASS,
None,False,International Journal of Applied Earth Observation and Geoinformation,该论文的标题和摘要主要关注土壤适宜性评估，使用了模糊熵-MAIRCA-TOPSIS框架，与大气环境遥感技术（如空气质量监测、卫星观测、大气成分分析、气溶胶反演）没有直接关系。,[],Karthik Subramani;Deva Nithyanandham;Felix Augustin;Saravanakumar Ramasamy;Ajeesh Puthusserry Paulose;Pandiyaraju V,An integrated picture fuzzy entropy–MAIRCA–TOPSIS framework for sustainable soil suitability evaluation,
None,True,International Journal of Applied Earth Observation and Geoinformation,该论文研究了利用多平台卫星数据在阿根廷和巴西双季稻区进行玉米制图的方法，不依赖地面参考数据。这涉及使用卫星技术进行农业监测和环境分析，与大气环境遥感技术（如卫星观测和遥感应用）密切相关。,"['maize mapping', 'satellite platforms', 'ground reference data']",Ryoungseob Kwon;Youngryel Ryu;Philippe Ciais;David Makowski;Changhyun Choi;Huaize Feng;Sungchan Jeong;Pengfei Tang;Kyungdo Lee,Enabling maize mapping in double-cropping regions of Argentina and Brazil without ground reference data by leveraging multiple satellite platforms,
None,False,International Journal of Applied Earth Observation and Geoinformation,该论文主要关注草地蝗虫栖息地的时空动态变化，涉及未来气候变化、植被生长和土地利用变化，与大气环境遥感技术（如空气质量监测、卫星观测、大气成分分析、气溶胶反演）关系不大。,"['grasshopper habitats', 'climate projections', 'vegetation growth', 'land use change']",Jing Guo;Wenjiang Huang;Yingying Dong;Qiaoyun Xie;Guofei Fang;Fangzheng Yue;Kun Wang;Zhuoqing Hao;Yan Zhang;Xiangzhe Cheng;Yue Shi;Bing Zhang,"Spatiotemporal dynamics of grasshopper habitats under future climate projections, vegetation growth, and land use change",
None,True,International Journal of Applied Earth Observation and Geoinformation,该论文使用Sentinel-5 Precursor卫星数据和高斯烟羽模型量化大型煤矿的甲烷排放，这与大气环境遥感技术密切相关，特别是卫星观测和大气成分分析。,"['methane emissions', 'Sentinel-5 Precursor', 'Gaussian plume model']",Yuanyuan Chen;Yi Li;Lixia Tan;Yufan Qian;Shuangxi Fang,Quantifying methane emissions from large coal mine using Sentinel-5 Precursor satellite data and Gaussian plume model,
None,True,International Journal of Applied Earth Observation and Geoinformation,该论文标题和摘要中的“spectral unmixing”和“remote sensing”表明其与遥感技术相关，特别涉及大气环境监测中的光谱解混技术，这对于分析大气成分和空气质量具有重要意义。,"['spectral unmixing', 'deep priors', 'remote sensing']",Soorya Suresh;Shri Charan Ramesh;Arun Pattathal Vijayakumar;Vandita Srivastava;Krishna Mohan Buddhiraju,Self-supervised spectral unmixing using scene-aware deep priors,
None,True,International Journal of Applied Earth Observation and Geoinformation,该论文与大气环境遥感技术密切相关，因为它涉及使用Sentinel-2卫星数据来检索叶绿素-a，以分析中国湖泊的富营养化动态。这属于卫星观测和大气成分分析领域。,"['Sentinel-2', 'chlorophyll-a', 'lake eutrophication', 'remote sensing', 'Test-Time training']",Zhen Zhang;Cuilin Yang;JiaJia Yuan;Lehao Huang;Zhongxi Ge;Zhitao Fu;Bo-Hui Tang,Pioneering Test-Time training for robust Fine-Grained chlorophyll-a retrieval from Sentinel-2: Unveiling China’s lake eutrophication dynamics (2018–2025),
None,True,International Journal of Applied Earth Observation and Geoinformation,该论文研究了利用形态整合微波图像生成高精度水汽含量产品，这与大气环境遥感技术密切相关，特别是涉及大气成分分析和卫星观测等领域。,"['precipitable water vapor', 'microwave imagery', 'atmospheric remote sensing']",Yuhao Wu;Bao Zhang;Yibin Yao;Zheng Du;Hongming Li;Quanyu Chen,Generation of high-precision precipitable water vapor products from morphed integrated microwave imagery,
None,False,International Journal of Applied Earth Observation and Geoinformation,该论文主要关注冰川泥石流的发生频率和极端气候的影响，研究对象为青藏高原东南部的帕隆藏布盆地。虽然涉及环境变化，但与大气环境遥感技术（如空气质量监测、卫星观测、大气成分分析、气溶胶反演等）没有直接关联。,"['glacial debris flows', 'Parlung Tsangpo Basin', 'Southeastern Tibetan Plateau']",Sen Zhang;Bochuan Zhang;Da Huang;Yongji Chen;Bei Zhang;Jianbing Peng,"Extreme climate effects on the occurrence and frequency of glacial debris flows: evidence from the Parlung Tsangpo Basin, Southeastern Tibetan Plateau",
None,True,International Journal of Applied Earth Observation and Geoinformation,该论文研究了如何利用无人机图像时间序列和多源环境特征来预测连续性野火蔓延，涉及环境监测和灾害预测技术，与大气环境遥感技术（如空气质量监测和卫星观测）相关。,"['UAV image', 'wildfire spread prediction', 'environmental features']",Jiahao Zhou;Sen He;Shanjunxia Wu;Qiuhua Wang;Fei Wang,Integrating UAV image time-series with multi-source environmental features for sequential wildfire spread prediction,
None,True,International Journal of Applied Earth Observation and Geoinformation,该论文研究了基于深度学习的土地覆盖分类框架，使用卫星图像和稀疏现场标签进行大规模土地覆盖分类。这与大气环境遥感技术中的卫星观测和地表特征分析相关，但主要关注点在于土地覆盖分类，而非空气质量和大气成分分析。因此，它部分相关，但不是强相关。,"['satellite imagery', 'deep learning', 'land cover classification']",Johannes Leonhardt;Juergen Gall;Ribana Roscher,LC-SLab — An object-based deep learning framework for large-scale land cover classification from satellite imagery and sparse in-situ labels,
None,True,International Journal of Applied Earth Observation and Geoinformation,该论文研究的是利用PROSPECT算法的多任务学习混合框架，同时检索叶片叶绿素和类胡萝卜素。虽然主要研究对象是叶片色素，但这种方法可以应用于大气环境遥感技术中，例如通过卫星观测来分析大气成分和气溶胶。因此，它与大气环境遥感技术有较强的关联性。,"['leaf chlorophyll', 'carotenoids', 'multi-task learning', 'remote sensing', 'atmospheric composition analysis']",Weilin Hao;Jia Sun;Kan Zhang;Shilin Yang;Feng Qiu;Jin Xu,A PROSPECT-guided multi-task learning hybrid framework for simultaneous retrieval of leaf chlorophyll and carotenoids,
None,True,International Journal of Applied Earth Observation and Geoinformation,该论文使用卫星观测数据研究了澳大利亚北部地区火灾后植被对干旱的抵抗力变化，涉及卫星遥感技术和大气环境监测，因此与大气环境遥感技术相关。,"['satellite', 'rainfall gradient', 'water stress', 'fire', 'Australia']",Huanhuan Wang;Qiaoyun Xie;Sally E. Thompson;Caitlin E. Moore,Satellite evidence of reduced resistance and resilience to water stress after antecedent fire across a rainfall gradient in northern Australia,
None,True,International Journal of Applied Earth Observation and Geoinformation,该论文研究的是盖作物生物量对卫星探测盖作物的影响，这与大气环境遥感技术中的空气质量监测和卫星观测密切相关，因为盖作物生物量是影响地表特征和大气成分的一个重要因素。,"['cover crop', 'satellite-based detectability', 'air quality monitoring']",Yide Xu;Qu Zhou;Kaiyu Guan;Sheng Wang;W. Dean Hively;Jyoti Jennewein;Alison Thieme;Steven Mirsky;Zhangliang Chen,The impacts of cover crop biomass on satellite-based detectability of cover crops in Maryland,
None,True,International Journal of Applied Earth Observation and Geoinformation,该论文研究将洪水类型分类集成到基于卫星的洪水监测中，涉及卫星监测技术，属于大气环境遥感技术的范畴，因此与该领域相关。,"['satellite-based flood monitoring', 'flood extent mapping', 'atmospheric remote sensing']",Ziming Wang;Jeffrey Neal;Peter M. Atkinson;Ce Zhang,From flood extent mapping to mechanism-aware flood products: integrating flood type classification into satellite-based flood monitoring,
None,True,International Journal of Applied Earth Observation and Geoinformation,该论文的标题和摘要中涉及了高分辨率交换分类模型和多尺度几何结构特征融合，这些技术与大气环境遥感技术（如空气质量监测、卫星观测、大气成分分析、气溶胶反演）密切相关，因为它们通常用于处理和分析遥感数据，以提取大气环境信息。,"['interchange classification model', 'multi-scale geometric structural feature fusion', 'remote sensing']",Wan’er Yu;Gang Liu;Jing He;Zhiyong Luo,A high-resolution interchange classification model enhanced by multi-scale geometric structural feature fusion,
None,True,International Journal of Applied Earth Observation and Geoinformation,该论文研究了OCO-2卫星观测的XCO2数据与TCCON地面观测数据的时空偏差，涉及卫星观测和大气成分分析，与大气环境遥感技术密切相关。,"['OCO-2', 'XCO2', 'TCCON', 'satellite observations', 'atmospheric composition analysis']",Tslil Nacson;David M. Broday;Fadi Kizel,Spatiotemporal bias in OCO-2 XCO<sub>2</sub> retrievals relative to TCCON observations,
None,False,International Journal of Applied Earth Observation and Geoinformation,该论文主要关注从街景图像和地理信息系统（GIS）数据中检测和识别城市街道树木及其种类，与大气环境遥感技术（如空气质量监测、卫星观测、大气成分分析、气溶胶反演）的关联性较弱。虽然城市绿化可能间接影响空气质量，但论文的核心内容并未涉及大气环境遥感技术或相关应用。,"['street-view images', 'GIS data', 'urban street tree detection']",Weijia Li;Xinjie Huo;Junyan Ye;Jinhua Yu;Hanxi Wang;Juepeng Zheng;Xiang Zhang;Haohuan Fu,Individual urban street tree detection and species-level mapping from street-view images and GIS data,
None,True,International Journal of Applied Earth Observation and Geoinformation,该论文标题和摘要明确涉及使用高光谱三角指数（BLB_TVI）通过卫星尺度来表征水稻白叶枯病的严重程度。这属于遥感技术在农业和环境监测中的应用，特别是利用卫星观测来分析特定作物的病虫害情况，与大气环境遥感技术中的卫星观测和成分分析密切相关，因此高度相关。,"['hyperspectral', 'triangular index', 'satellite-scale', 'rice bacterial leaf blight', 'remote sensing']",Weiwei Liu;Xin Zhang;Gang Yang;Jingfeng Huang;Weiwei Sun;Luming Liu,BLB_TVI: A hyperspectral triangular index for satellite-scale characterization of rice bacterial leaf blight severity,
None,False,International Journal of Applied Earth Observation and Geoinformation,该论文研究的是如何通过混合监督和特征掩码恢复技术来高效地标记未受监管的垃圾堆，这与大气环境遥感技术（如空气质量监测、卫星观测、大气成分分析、气溶胶反演等）无关。,"['unregulated waste dumps', 'mixed supervision', 'feature masked recovery']",Li Shen;Xinyu Liu;Geding Yan;Daoping Peng;Zhilin Li,Label-efficient mapping of unregulated waste dumps via mixed supervision with feature masked recovery,
None,False,International Journal of Applied Earth Observation and Geoinformation,该论文主要关注使用自主水面航行器和深度学习技术进行海洋生物多样性的可重复性映射，与大气环境遥感技术（如空气质量监测、卫星观测、大气成分分析、气溶胶反演）没有直接关系。,"['autonomous surface vehicles', 'deep learning', 'marine biodiversity']",Matteo Contini;Victor Illien;Mohan Julien;Sylvain Poulain;Mervyn Ravitchandirane;Victor Russias;Arthur Lazennec;Sarah Hamylton;Tom Spencer;Anna Koester;Pierre Gogendeau;Thomas Chevrier;Justine Talpaert Daudon;Annabelle Constance;Christopher Jones;Frauke Fleischer-Dogley;Serge Bernard;Alexis Joly;Julien Barde;Sylvain Bonhommeau,Reproducible mapping of marine biodiversity using autonomous surface vehicles and deep learning,
None,True,International Journal of Applied Earth Observation and Geoinformation,该论文使用GOCI观测数据和机器学习框架重建和预测富营养化湖泊中的叶绿素a（Chl-a），这与大气环境遥感技术中的卫星观测、水色遥感和水质监测密切相关，因此相关性较强。,"['Chl-a', 'GOCI', 'machine learning', 'eutrophic lakes', 'short-term prediction']",Zehui Huang;Ronghua Ma;Xinhui Chen;Kun Xue;Minqi Hu;Haoze Liu,A two-stage machine learning framework for Chl-a reconstruction and short-term prediction in eutrophic lakes using GOCI observations,
None,True,International Journal of Applied Earth Observation and Geoinformation,该论文的标题和摘要明确涉及遥感图像分割方法，这通常与大气环境遥感技术相关，例如通过卫星观测或空气质量监测。虽然摘要未详细说明具体应用场景，但“场景感知引导网络模型”暗示了可能用于分析大气成分或污染物分布，因此与大气环境遥感技术有较强相关性。,"['remote sensing', 'image segmentation', 'atmospheric remote sensing']",Kai Tan;Hui Xia;Kaikai Tian;Hui Yang;Yanlan Wu;Peng Zhang;Yongchuang Wu,Referring Remote Sensing Image Segmentation method based on Scene-Aware Guided Network model,
None,True,International Journal of Applied Earth Observation and Geoinformation,该论文研究了利用降雨和卫星土壤湿度数据构建时间序列框架，以评估城市多尺度洪水风险，这涉及使用卫星观测技术（土壤湿度）来分析大气环境中的水文现象，与大气环境遥感技术中的卫星观测和数据分析相关。,"['satellite soil moisture', 'urban flood risk assessment', 'rainfall']",Sang Yeob Kim,Time-series framework integrating rainfall and satellite soil moisture for multi-scale urban flood risk assessment,
None,False,International Journal of Applied Earth Observation and Geoinformation,该论文主要关注的是使用NOah-MP陆地表面模型来模拟水分利用效率和干旱恢复力，应用在一个半干旱流域，与大气环境遥感技术（如空气质量监测、卫星观测、大气成分分析、气溶胶反演）没有直接关系。,"['NOah-MP', 'water use efficiency', 'drought Resilience']",Tewekel Melese Gemechu;Huifang Zhang;Jialong Sun;Baozhang Chen,A SIF-Constrained Noah-MP land surface model for simulating water use efficiency and drought Resilience: Application in a Semi-Arid Basin,
None,False,International Journal of Applied Earth Observation and Geoinformation,该论文标题和摘要主要关注无人机图像匹配、循环一致性和通道分离技术，涉及计算机视觉和图像处理领域，与大气环境遥感技术（如空气质量监测、卫星观测、大气成分分析、气溶胶反演）关系不大。,[],Jingru Li;Kun Sun;Wen Dai;Chang Tang;Kunqian Li;Wenhao Bao;Xiongwu Xiao;Deren Li,C2D2: Matching UAV images with cycle-consistency and channel-separation for joint detector and descriptor,
None,True,International Journal of Applied Earth Observation and Geoinformation,该论文研究利用雷达后向散射数据进行时空融合，以增强监测南极冰架的表面融化动力学。这与大气环境遥感技术相关，特别是卫星观测和大气成分分析，因为雷达后向散射是遥感技术的一种手段，用于监测冰架表面的物理变化。,"['radar backscatter', 'Antarctic ice shelves', 'surface melt dynamics']",Chengyu Pu;Lei Zheng;Jingan Wu;Qi Liang;Teng Li;Gang Li;Xiao Cheng,Spatiotemporal fusion of radar backscatter for enhanced monitoring of surface melt dynamics over Antarctic ice shelves,
None,True,International Journal of Applied Earth Observation and Geoinformation,该论文研究了利用空间遥感技术检测北方农业田地中CO2和N2O交换特征的可行性，与大气环境遥感技术（如大气成分分析、气体监测）密切相关。,"['space-borne remote sensing', 'CO2', 'N2O', 'boreal agricultural fields']",Miia Salminen;Liisa Kulmala;Tuomas Laurila;Olli Nevalainen;Stephanie Gerin;Laura Heimsch;Henriikka Vekuri;Juval Cohen;Matias Takala;Kimmo Rautiainen;Narasinha Shurpali;Maarit Liimatainen;Jari Liski;Jouni Pulliainen,Feasibility of space-borne remote sensing to detect features related to CO<sub>2</sub> and N<sub>2</sub>O exchange of boreal agricultural fields,
None,True,International Journal of Applied Earth Observation and Geoinformation,该论文使用多源数据来绘制澳大利亚和新西兰的海岸沙丘的范围、类型和残留区域，涉及遥感技术，与大气环境遥感技术中的卫星观测和地理空间分析相关。,"['coastal dunes', 'multi-source data', 'remote sensing']",Zhijia Zheng;Guanli Li;Chenjun Wang;Xiuyuan Zhang;Noam Levin,"Mapping the extent, type and remnant areas of the coastal dunes of Australia and New Zealand by integrating multi-source data",
None,False,International Journal of Applied Earth Observation and Geoinformation,该论文主要研究利用地形约束和机器学习技术对浑浊的潮汐通道进行地形反演，与大气环境遥感技术（如空气质量监测、卫星观测、大气成分分析、气溶胶反演）没有直接关联。,"['geomorphology', 'bathymetric inversion', 'turbid tidal channels', 'machine learning']",Jianchun Chen;Chao Gao;Yan Gu;Xiangyu Ou;Xiaoyi Cheng;Shibing Zhu;Ya Ping Wang,Geomorphology-constrained bathymetric inversion of turbid tidal channels using centerline-network priors and machine learning,
None,False,International Journal of Applied Earth Observation and Geoinformation,该论文的标题和摘要与大气环境遥感技术（如空气质量监测、卫星观测、大气成分分析、气溶胶反演）无关。标题中的“地质岩层解释”和摘要内容（虽然未提供）显然属于地质学领域，而非大气环境遥感。,[],Ying Cao;Diming Wu;Yilong Li;Qing Cheng,Multi-source complementary feature self-integration network for geological lithology interpretation,
None,False,International Journal of Applied Earth Observation and Geoinformation,该论文的主题是红树林湿地在 sea level rise 和 human activities 共同压力下的潜在 landward migration pattern，与大气环境遥感技术（如空气质量监测、卫星观测、大气成分分析、气溶胶反演）没有直接关系。,[],Zhaoxuan Ding;Bin Ai;Jiali Zeng;Yuchao Sun;Xiaoping Liu;Zhuokai Jian;Zhenlin Lai;Poyuan Ou,Simulating potential landward migration pattern of mangrove wetlands under the ‘two-way squeeze’ from sea level rise and human activities,
None,True,International Journal of Applied Earth Observation and Geoinformation,该论文标题和摘要中的关键词如“遥感影像”、“目标检测”和“精度评估框架”表明其研究内容与大气环境遥感技术密切相关，特别是与卫星观测和空气质量监测相关，因为这些技术通常需要从遥感影像中检测和评估目标（如污染物、气溶胶等）的精度。,"['remotely sensed images', 'target detection', 'accuracy assessment framework']",Yingfan Zhang;Weiyi Hou;Lyndon Estes;Rui Lu;Shijie Zhu;Aiyin Zhang;Zhou Shi;Su Ye,A novel edge-based accuracy assessment framework for target detection from remotely sensed images,
None,False,International Journal of Applied Earth Observation and Geoinformation,该论文主要研究如何利用机器学习框架预测农业梯田的适宜性，应用对象是塞浦路斯托罗多斯山脉。文章内容与大气环境遥感技术（如空气质量监测、卫星观测、大气成分分析、气溶胶反演等）无明显关联，主要涉及农业地理信息科学和机器学习算法。,"['machine learning', 'positive datasets', 'unlabelled datasets']",Aman Kumar Meena;Christos Zoumides;Hakan Djuma;Ioannis Sofokleous;Corrado Camera;Adriana Bruggeman,"A machine learning framework for predicting agricultural terrace suitability using positive and unlabelled datasets: an application for the Troodos Mountains, Cyprus",
None,True,International Journal of Applied Earth Observation and Geoinformation,该论文使用LiDAR技术评估树冠死亡情况，以检测亚洲长角甲虫对杨树森林的损害。LiDAR是一种遥感技术，常用于大气环境监测和植被分析，因此与大气环境遥感技术密切相关。,"['LiDAR', 'treetop dieback', 'Asian longhorned beetle', 'poplar forests']",Quan Zhou;Rui Tang;Linfeng Yu;Peiyun Bi;Lili Ren;Youqing Luo,LiDAR-based assessment of treetop dieback to detect asian longhorned beetle damage in poplar forests,
None,True,International Journal of Applied Earth Observation and Geoinformation,该论文研究了28种降水产品在中国地区的评估和排名，涉及遥感技术在降水监测中的应用，属于大气环境遥感技术领域，特别是与卫星观测和大气成分分析相关。,"['precipitation products', 'China', 'remote sensing']",Le Xinlong;Kang Ling;Zhou Liwei;Wei Junfang;Chen Hao,Multi-Criteria evaluation and ranking of 28 precipitation products over China,
None,False,International Journal of Applied Earth Observation and Geoinformation,该论文主要关注使用分层和自适应回归方法对农业用地NDVI数据进行温度降尺度，虽然涉及遥感技术，但主要应用于地表温度分析，而非大气环境遥感技术如空气质量监测或大气成分分析。,"['NDVI', 'land surface temperature', 'downscaling']",Jamal Elfarkh;Nadia Ouaadi;Said Grich;Abderrahman Liblab;Abdelghani Chehbouni,Stratified and adaptive regression for NDVI-based land surface temperature downscaling over agricultural fields,
None,False,International Journal of Applied Earth Observation and Geoinformation,该论文标题和摘要主要关注的是联邦学习在森林资源建模和监控中的应用，强调数据保密性和协作研究。这与大气环境遥感技术（如空气质量监测、卫星观测、大气成分分析、气溶胶反演）的主题无关，因此不相关。,[],Johannes Schumacher;Alessandro Cescatti;Gherardo Chirici;Giovanni D’Amico;Saverio Francini;Johannes Hertzler;Lauri Mehtätalo;Gert-Jan Nabuurs;Mats Nilsson;Juho Pitkänen;Johannes Breidenbach,Federated learning in forest resource modelling and monitoring: Bridging data confidentiality and collaborative research,
None,True,International Journal of Applied Earth Observation and Geoinformation,该论文标题和摘要涉及合成孔径雷达（SAR）图像和激光雷达（LiDAR）点云之间的深度学习跨模态匹配框架。SAR和LiDAR都是大气环境遥感技术的重要组成部分，用于空气质量和大气成分监测。因此，该研究密切相关于大气环境遥感技术领域。,"['SAR', 'LiDAR', 'deep learning', 'cross-modal matching', 'atmospheric remote sensing']",Yifan Zhang;Jordi J. Mallorqui;Wen Wang,SAR2LiDAR: A deep learning-based cross-modal matching framework between SAR images and LiDAR point clouds,
None,False,International Journal of Applied Earth Observation and Geoinformation,该论文主要关注利用合成孔径雷达（SAR）图像进行水提取，涉及的是遥感图像处理技术，但与大气环境遥感技术（如空气质量监测、卫星观测、大气成分分析、气溶胶反演等）关系不大，因此相关性较低。,"['SAR imagery', 'water extraction', 'weakly supervised network']",Kai Wang;Weicheng Zang;Zhongle Ren;Biao Hou;Jiawei Ning;Xi Li;Shulin Gao;Weibin Li;Licheng Jiao,WaterPLNet: A noise-robust weakly supervised network for water extraction from SAR imagery using point labels,
None,True,International Journal of Applied Earth Observation and Geoinformation,该论文研究如何通过基础框架推断城市兴趣点（POI）的楼层，以增强三维城市垂直分析。虽然不直接涉及传统的遥感技术（如卫星观测或空气污染监测），但其关注城市垂直结构的数据分析，与大气环境遥感中的城市三维建模和数据分析有间接关联，因此认为其与大气环境遥感技术有一定相关性。,"['POI floors', 'urban vertical analytics', 'Shanghai']",Liu Liu;Jiali Yang;Xiang Chen;Yao Shen;Mila Koeva,Baseline framework for inferring POI floors to enhance 3D urban vertical analytics: A comparative study in Shanghai,
None,True,International Journal of Applied Earth Observation and Geoinformation,该论文使用Landsat时间序列数据量化新芬兰林地中木羊的苔藓体积变化，这与大气环境遥感技术中的空气质量监测相关，因为苔藓可以作为空气污染的生物指示物。,"['Landsat', 'lichen volume', 'air quality monitoring']",Catherine Beaulieu;Nicholas C. Coops;Alexandre Morin-Bernard;Steeve D. Côté;Alexis Achim,Quantifying changes in annual lichen volume for woodland caribou in Newfoundland using Landsat time series,
None,True,International Journal of Applied Earth Observation and Geoinformation,该论文研究了人为热通量的估算方法，并考虑了地表能量平衡的扰动，这与大气环境遥感技术中的地表参数反演和能量平衡分析相关，因此与大气环境遥感技术有较强的关联性。,"['anthropogenic heat flux', 'surface energy balance', 'remote sensing']",Yu Zhou;Deyong Hu;Tianhan Li,A double-temperature-difference framework for anthropogenic heat flux estimation accounting for surface energy balance perturbations,
None,True,International Journal of Applied Earth Observation and Geoinformation,该论文使用机载激光雷达（airborne lidar）技术来研究加州海岸悬崖的形态动力学，并涉及植被过滤。虽然主要研究重点是地质和生态学，但机载激光雷达是一种遥感技术，用于获取高精度的地表数据，这与大气环境遥感技术中的观测手段有交叉，因此可以认为与大气环境遥感技术（如空气质量监测和地表参数反演）有相关性。,"['airborne lidar', 'vegetation filtering', 'coastal cliff morphodynamics']",Danghan Xie;Hironori Matsumoto;Zuzanna M. Swirad;Luc Lenain;Adam P. Young,Improved understanding of California coastal cliff morphodynamics using airborne lidar and vegetation filtering (2016–2023),
None,True,International Journal of Applied Earth Observation and Geoinformation,该论文的标题和摘要均涉及通过基于Unet的框架获取水去留辐射的斯托克斯矢量，这与大气环境遥感技术密切相关，特别是涉及卫星观测和大气成分分析。,"['stokes vector', 'water-leaving radiance', 'Unet-based framework', 'atmospheric remote sensing']",Jia Liu;Chunxia Li;Tieqiao Chen;Xinyin Jia;Siyuan Li;Bingliang Hu;Xianqiang He;Delu Pan,Global retrieval of stokes vector of water-leaving radiance via Unet-based framework,
None,True,International Journal of Applied Earth Observation and Geoinformation,该论文研究的是基于知识驱动的图网络对遥感图像进行语义分割，遥感图像是大气环境遥感技术的重要数据来源，因此与大气环境遥感技术密切相关。,"['semantic segmentation', 'remote sensing imagery', 'knowledge-driven graph network']",Wenqi Cui;Peng Luo;Weisong Li;Xing Xu;Jiale Chen;Chuan Chen,Navigating Hierarchies in Hyperbolic Space: A Knowledge-Driven Graph Network for Semantic Segmentation of Remote Sensing Imagery,
None,False,International Journal of Applied Earth Observation and Geoinformation,该论文主要研究的是基于 Segment Anything Model (SAM) 的作物地块识别方法，涉及数据驱动和知识驱动的技术，但与大气环境遥感技术（如空气质量监测、卫星观测、大气成分分析、气溶胶反演）没有直接关系。,"['cropland', 'segment anything model', 'data-driven']",Qing Geng;Kaiqi Ye;Fan Xu;Yu Meng;Miao Huang;Chunyan Yuan;Li Li;Bingbo Gao;Hu Zhou;Jianyu Yang;Ying Li;Jianxi Huang;Xiaochuang Yao,A data- and knowledge-driven cropland parcel recognition method based on segment anything model (SAM),
None,True,International Journal of Applied Earth Observation and Geoinformation,该论文标题和摘要中涉及地表温度和发射率 retrieval，这与大气环境遥感技术密切相关，因为遥感技术在空气质量和大气成分分析中经常需要这些参数。,"['land surface temperature', 'emissivity', 'AI model', 'MoE']",Liu Ma;Kebiao Mao;Jiancheng Shi;Sayed M. Bateni;Zhonghua Guo;Zijin Yuan,An optimization AI model based on MoE for retrieving land surface temperature and emissivity,
None,True,International Journal of Applied Earth Observation and Geoinformation,该论文使用Sentinel-1雷达观测数据监测了喜马拉雅山脉的干雪，属于遥感技术在高山地区环境监测的应用，与大气环境遥感技术（如卫星观测、冰雪覆盖监测）密切相关。,"['Sentinel-1', 'SAR observations', 'dry snow', 'High Mountain Asia']",Ying Huang;Lei Huang;Tobias Bolch,Large-Scale monitoring of dry snow in High Mountain Asia (2015–2024) from Sentinel-1 SAR observations,
None,True,International Journal of Applied Earth Observation and Geoinformation,该论文研究卫星遥感技术在监测印度西北地区水稻秸秆焚烧方面的局限性，这与大气环境遥感技术（如火灾监测、卫星观测、大气成分分析）密切相关。,"['satellite-based fire detection', 'crop residue burning', 'rice straw burning']",Prakhar Misra;Sachiko Hayashida;Masao Moriyama;Hikaru Araki,Limitations of interpreting orbiting satellite-based fire detection for crop residue burning: Has rice straw burning in northwest India decreased in recent years?,
None,False,International Journal of Applied Earth Observation and Geoinformation,该论文的主题是关于利用空间成像光谱技术对食草动物资源选择进行建模，这虽然涉及遥感技术，但主要集中在生态学和资源管理领域，而非大气环境遥感技术（如空气质量监测、卫星观测、大气成分分析或气溶胶检索）。因此，它与大气环境遥感技术的关联性较弱。,"['spaceborne imaging spectroscopy', 'modeling', 'grazer resource selection']",Hamed Gholizadeh;Aisha Sams;M. Ny Aina Rakotoarivony;Nimalka Weerasuriya;Elizabeth Struble;Clara Freese;Andrew Shepard;Saiful Islam;Ehsan Foroutan;Tony Brown;Christian Rossi;Robert Hamilton;Samuel Fuhlendorf;Nicholas McMillan;Ran Wang;Benedicte Bachelot;John Gamon,Spaceborne imaging spectroscopy advances modeling of grazer resource selection,
None,True,International Journal of Applied Earth Observation and Geoinformation,该论文研究了使用P波段PolInSAR技术进行森林高度反演的方法，涉及了大气环境遥感技术中的空气质量和大气成分分析，因此与大气环境遥感技术相关。,"['P-band PolInSAR', 'forest height inversion', 'backscatter framework']",Lei Wang;Linping Yang;Gaoyun Shen;Junyi Liu;Junnan Xiong;Lin Fu;Li Zeng;Bing Yu;Chongchong Ye,PG-GVB: A prior constrained backscatter framework for P-band PolInSAR forest height inversion,
None,True,International Journal of Applied Earth Observation and Geoinformation,该论文研究利用神经架构搜索技术自动设计高效的SAR（合成孔径雷达）船舶检测网络，适用于大规模场景。SAR技术是遥感的一种重要手段，常用于监测海洋和陆地环境，包括大气环境中的某些应用，如监测大气边界层中的气溶胶和污染物分布。因此，该研究与应用遥感技术密切相关。,"['SAR', 'ship detection', 'neural architecture search']",Huiyao Wan;Zutong Wen;Pazlat Nurmamat;Jie Chen;Yice Cao;Hongcheng Zeng;Shuai Wang;Wei Yang;Jie Chen;Zhixiang Huang;Jin Tang,Automatic design of efficient SAR ship detection networks for large-scale scenes via neural architecture search,
None,False,International Journal of Applied Earth Observation and Geoinformation,该论文研究的重点是城市村庄的地图绘制，涉及语义嵌入和双分支融合网络技术，与大气环境遥感技术（如空气质量监测、卫星观测、大气成分分析、气溶胶反演）没有直接关系。,"['urban villages', 'semantic embedding', 'dual branch fusion']",Shaobo Qiu;Shi Shen;Changqing Song;Cansong Li,UVSENet: A Semantic-Embedded dual branch fusion network for urban villages mapping,
10.1016/j.atmosenv.2026.122311,True,Atmospheric Environment,该论文研究了细颗粒物（PM2.5）对急性阑尾炎住院风险的影响，涉及空气质量和环境健康领域，与大气环境遥感技术中的空气质量监测和大气成分分析密切相关。,"['PM2.5', 'fine particulate matter', 'black carbon']",Jian Lei;Qinchi Yu;Huimeng Liu;Chen Wei;Yinxiang Li;Yuewei Liu;Xi Chen;Shaowei Wu,The hospital admission risk and burden of acute appendicitis due to fine particulate matter pollution: Nationwide evidence from China,"•PM2.5was linked to higher hospital admission risks of acute appendicitis. •Black carbon was identified as the dominantly hazardous PM2.5constituent. •South China and warm seasons showed higher vulnerability to PM2.5exposure. 
 Acute appendicitis (AA) is a predominant surgical emergency, yet its environmental risk factors remain poorly understood. While fine particulate matter (PM2.5) is a known risk factor for cardiopulmonary disease, its association with AA morbidity has not been well established. We conducted a nationwide time-stratified case-crossover study using hospital admission (HA) records of AA across 277 Chinese cities of prefecture level or above. The air pollutants studied were PM2.5 and its major constituents. We applied conditional logistic regression model and distributed lag non-linear model to estimate the exposure- and lag-response associations. During the study period (2013–2017), 1,287,040 HAs of AA were recorded. We observed that the impact of PM2.5 and its major constituents on the risk of HAs for AA emerged within 1–2 days after exposure and persisted for up to 7 days. Specifically, each interquartile range (30.99 μg/m3) increase in PM2.5 over lag 0–7 was associated with a 2.10% (95% CI: 1.02%, 3.19%) higher risk of HAs for AA. We found that black carbon (BC) was linked to the highest (2.44%, 95%CI: 1.31%, 3.58%) association with HAs for AA among the major PM2.5 constituents. The attributable fractions of AA due to BC and PM2.5 were 2.99% (95%CI: 1.64%, 4.32%) and 2.23% (95%CI:1.10%, 3.34%), respectively. This study provides nationwide evidence on the HA risk and burden of AA associated with PM2.5 and its major constituents. Our findings underscore the hazardous impact of PM2.5 on gastrointestinal health and the need for effective air quality control."
None,True,Atmospheric Research,该论文标题和摘要明确涉及气象雷达降水临近预报技术，属于大气环境遥感技术的范畴，具体涉及空间-时间预测网络。,"['weather radar', 'precipitation nowcasting', 'dual-domain spatio-temporal predictive network']",Hui Wang;Liping Wang;Wenjuan Li,DSTP: A Dual-Domain Spatio-Temporal Predictive Network for weather radar precipitation nowcasting,
None,True,Atmospheric Research,该论文研究了中国北方早秋山区向平原迁移的降水系统中气溶胶的调制作用，涉及气溶胶和大气成分分析，与大气环境遥感技术（如空气质量监测和卫星观测）密切相关。,"['Aerosol', 'precipitation', 'Northern China']",Yu Zheng;Yucong Miao;Shuhua Liu;Huizheng Che,Aerosol modulation of precipitation systems migrating from mountains to plains in Northern China during early autumn,
None,False,Atmospheric Research,该论文的主题是利用CMIP6投影和混合深度学习模型进行干旱预测，主要关注土耳其中央安纳托利亚地区的干旱问题。虽然大气环境遥感和干旱预测有一定关联（例如通过卫星监测干旱状况），但该研究并未直接涉及空气质量监测、卫星观测、大气成分分析或气溶胶反演等具体大气环境遥感技术。因此，它与大气环境遥感技术的直接关联性较弱。,"['drought forecasting', 'CMIP6 projections', 'deep learning models']",Hatice Citakoglu;Necmiye Minarecioglu;Yuksel Gul Aslanbay;Veysi Kartal;Ercan Gemici,"Drought forecasting across multiple temporal scales using CMIP6 projections and hybrid deep learning models for Central Anatolia, Türkiye",
None,True,Atmospheric Research,该论文研究了青藏高原7-8月西风带与高原降水的关系，使用了CMIP6气候模型，这与大气环境遥感技术中的大气成分分析和气象观测相关，因此是强相关的。,"['Tibetan Plateau', 'westerly jet', 'precipitation', 'CMIP6 models']",Yuhan Feng;Sulan Nan;Ge Liu;Ting Zhang;Yanhong Liu,Relationship between July–August Tibetan Plateau westerly jet and precipitation over the Tibetan Plateau in CMIP6 models,
None,True,Atmospheric Research,该论文研究台湾南部地区在高压回流期间PM2.5的模拟，涉及空气质量监测和大气成分分析，与大气环境遥感技术密切相关。,"['PM2.5', 'southern Taiwan', 'high-pressure return flow', 'Kao-Ping Experiment']",Ming-Tung Chuang;Charles C.K. Chou;Chuan-Yao Lin;Wei-Che Lin;Neng-Huei Lin;Wei-Nai Chen;Steven Soon-Kai Kong,Simulating the PM<sub>2.5</sub> in southern Taiwan under high-pressure return flow during the Kao-Ping Experiment (KPEx),
None,True,Atmospheric Research,该论文标题和摘要涉及中国2025年胜利日期间PM2.5污染治理的进展，PM2.5是大气环境中的主要污染物，其监测和治理属于大气环境遥感技术的应用领域，因此与大气环境遥感技术（如空气质量监测、大气成分分析）密切相关。,"['PM2.5', 'governance', 'China']",Ruihuan Liu;Xiaojuan Xu;Zelin Du;Jun He;Yifan Tao;Rongrong Shen;Yuesi Wang;Dongsheng Ji,Overcoming adverse meteorology: PM<sub>2.5</sub> governance progress during China's 2025 Victory Day,
None,True,Atmospheric Research,该论文研究城市化对降水系统和雨微物理特性的影响，这与大气环境遥感技术密切相关，特别是空气质量监测和大气成分分析。,"['urbanization', 'precipitating systems', 'rain microphysics']",Basivi Radhakrishna;Thota Narayana Rao;Kadiri Saikranthi;Roshan Kadbhane,"Impact of urbanization on precipitating systems and rain microphysics across the Hyderabad Urban Sprawl, India",
None,False,Atmospheric Research,该论文的标题和摘要主要关注的是低风速条件下的城市环境中的曲折分析，与大气环境遥感技术（如空气质量监测、卫星观测、大气成分分析、气溶胶反演）没有直接关联。,"['low wind conditions', 'built-up environment', 'meandering analysis']",Hanane Bounouas;Eric Dupont;Pierre Roupsard;Yelva Roustan,Meandering analysis under low wind conditions in built-up environment,
None,True,Atmospheric Research,该论文的标题和摘要涉及东南亚地区的风暴和涡旋现象，这可能与环境监测和气象技术相关，但并未明确提及大气环境遥感技术、空气质量监测、卫星观测或大气成分分析等具体技术。因此，相关性较弱，但仍可视为潜在相关。,"['Senyar storm', 'Malacca vortex', 'Southeast Asia']",Luojie Dong;Junjun Li;Raju Pathak;Jingyu Wang,2025 Senyar storm: Malacca vortex as an emerging hazard over Southeast Asia,
None,True,Atmospheric Research,该论文研究青藏高原地区水汽输送的时空变化及其对降水的影响机制，这与大气环境遥感技术密切相关，因为水汽输送和降水是大气成分分析的重要内容，而遥感技术常用于监测这些大气现象。,"['moisture transport', 'Tibetan Plateau', 'precipitation']",Guiping Li;Yanping Li;Zhongbo Yu;Qin Ju;Jing Yang;Zhaofeng Liu;YanYan Kang,Temporal and spatial changes in moisture transport over the Tibetan Plateau and their mechanisms influencing precipitation,
None,True,Atmospheric Research,该论文研究西地中海再循环细胞对秋季暴雨的增温作用，涉及大气成分和环流模式，与大气环境遥感技术（如大气成分分析）相关。,"['western Mediterranean recirculation cell', 'autumn torrential rains', 'atmospheric composition']",Eduardo A. Agosta;María José Estrela;David Corell;Juan J. Miró,Thermodynamic preconditioning of autumn torrential rains: The amplifying role of the western Mediterranean recirculation cell,
None,False,Atmospheric Research,该论文主要研究南非西开普省的极端降雨现象，探讨阿古拉斯海流和本格拉海流的作用，与大气环境遥感技术（如空气质量监测、卫星观测、大气成分分析、气溶胶反演）无直接关联。,"['extreme rainfall', 'Agulhas current', 'Benguela current']",Chelsey L. Jansen;Babatunde J. Abiodun;Akintunde I. Makinde;Sabina Abba Omar,"Cut-off low–induced extreme rainfall in the Western Cape, South Africa: The roles of the Agulhas and Benguela current systems",
None,True,Atmospheric Research,该论文研究持续浓雾与大气污染的相互作用，并基于旋翼无人机进行原位观测，这与大气环境遥感技术（如空气质量监测、大气成分分析）密切相关，因此密切相关。,"['dense fog', 'atmospheric pollution', 'rotary-wing unmanned aerial vehicles']",Duanyang Liu;Ruolan Liu;Shujie Yuan;Fan Zu;Hong Wu;Aichen Niu;Ruixiang Liu;Huizheng Che;Shuqi Yan;Hongbin Wang;Zhujun Dai,Interaction between persistent dense fog and atmospheric pollution: Based on in-situ observations of rotary-wing unmanned aerial vehicles,
None,True,Atmospheric Research,该论文研究河北地区一次特定的层云伴随降雪的时空微物理变化，使用了飞机观测数据。这属于大气环境遥感技术范畴，特别是大气组成分析和云物理特性研究，与空气质量监测、卫星观测等密切相关。,"['stratus cloud', 'snowfall', 'aircraft observations']",Jiefeng Li;Chuanfeng Zhao;Qinghong Zhang;Ji Nie;Xiaobo Dong;Rong Mai;Yan Yu;Jing Li;Huiwen Xue;Yikun Yang,"Case-specific spatiotemporal microphysical variability of a stratus cloud with snowfall over Hebei, China from aircraft observations",
None,True,Atmospheric Research,该论文研究了GSMaP和IMERG两种降水数据产品在中国地区的应用，涉及降水监测和数据分析，这与大气环境遥感技术中的卫星观测和气象数据应用密切相关，因此与大气环境遥感技术主题相关。,"['GSMaP', 'IMERG', 'precipitation', 'China', 'daily statistics']",Chun Zhou;Haowen Li;Yinan Guo;Lingling Wu;Li Zhou,Evaluating GSMaP and IMERG precipitation over China using daily statistics and event-based diagnostics,
None,True,Atmospheric Research,该研究关注的是祁连山不同地形高度处的雨滴大小分布，这与大气环境遥感技术中的大气成分分析（如云和降水过程的研究）相关。虽然不直接涉及空气质量监测或卫星观测，但雨滴大小分布是大气环境研究的重要参数，可用于反演大气成分和过程。,"['raindrop size distribution', 'topographic heights', 'atmospheric environment']",Han Luo;Qiang Zhang;Ping Yue;Rong Wang;Songyu Li;Xia Li,A case study on the characteristics of raindrop size distribution at different topographic heights in the Qilian Mountains,
None,False,Atmospheric Research,该论文研究的是澳大利亚热带气旋大小的变化趋势，使用了综合观测和高分辨率再分析数据集。虽然涉及大气现象，但主要关注的是热带气旋的物理特性而非大气环境遥感技术，如空气质量监测、卫星观测或大气成分分析。因此，它与大气环境遥感技术的关系不强。,"['tropical cyclone', 'Australia', 'reanalysis datasets']",Sarvesh Kumar;Savin S. Chand;Samuel S. Bell;Hamish A. Ramsay;Valentina Koschatzky;Philip J. Klotzbach;Andrew Dowdy,Assessing trends in tropical cyclone size over Australia using consolidated observations and high-resolution reanalysis datasets,
None,True,Atmospheric Research,该研究关注青藏高原夏季极端降水，涉及外部强迫和内部变异对降水的影响，属于大气环境变化的研究范畴，与大气环境遥感技术（如降水监测、卫星观测）密切相关。,"['extreme precipitation', 'Tibetan Plateau', 'atmospheric variability']",Guanqi Fu;Anmin Duan;Xu Yuan;Xianyi Yang,Multi-scale attribution of external forcing and internal variability to summer extreme precipitation in Tibetan Plateau,
None,True,Atmospheric Research,该论文研究中国南部沿海山区和城市地区的硝酸盐气溶胶形成机制，并基于同位素观测进行分析。这与大气环境遥感技术中的空气质量监测、大气成分分析密切相关，特别是涉及气溶胶的观测和分析。,"['nitrate aerosols', 'isotope observations', 'coastal mountain', 'urban sites']",Mei-Yi Fan;Peiwen Guo;Hai Guo;Yu Wang;Changliu Wu;Yihang Hong;Xiaopu Lyu;Yan-Lin Zhang,Formation mechanisms of nitrate aerosols at coastal mountain and urban sites of southern China based on isotope observations,
None,True,Atmospheric Research,该论文研究中国近地表风速在1980-2024年间的趋势逆转，与大气环境遥感技术中的空气质量监测和大气成分分析密切相关，因为风速是影响污染物扩散和空气质量的重要因素。,"['wind speed', 'China', 'atmospheric monitoring']",Xi Chen;Jiayi Nie;Wentian Qiu;Qinghong Zhao;Hairong Li;Xiuhua Zhou;Chengyang Zhang;Kaiqiang Deng,Divergent trend reversals in near-surface wind speed over China during 1980–2024,
None,True,Atmospheric Research,该论文主要评估ERA5-Land模型在模拟亚热带浅水湖泊的热力学特性方面的表现，与大气环境遥感技术中的大气成分分析和湖泊环境监测相关，因此相关性强。,"['ERA5-Land', 'thermodynamics', 'subtropical shallow lake']",Wei Wang;Zihan Zhu;Mi Zhang;Heng Lyu;Zhiwen Wen;Bo Wang;Qiuxiang Jin;Zhen Zhang;Taikan Oki;Xuhui Lee,Performance evaluation of ERA5-Land in simulating thermodynamics of a subtropical shallow lake against long-term observations,
None,True,Atmospheric Research,该论文研究北太平洋夏季的年内变化波对北美气温和热极端事件的影响，这与大气环境遥感技术中的气温监测和极端事件分析密切相关。,"['North Pacific', 'intraseasonal waves', 'air temperatures', 'heat extremes']",Lei Du;Riyu Lu;Shanjun Luo;Chuandong Zhu;Yuhan Yan,Summer North Pacific intraseasonal waves drive North American air temperatures and heat extremes,
None,True,Atmospheric Research,该论文研究了超级台风“利奇马”快速增强过程中的云-辐射强迫，涉及云和降水粒子对大气辐射的影响，这与大气环境遥感技术中的大气成分分析和卫星观测密切相关。,"['cloud-radiation forcing', 'hydrometeor species', 'super Typhoon Lekima']",Lyu Leyang;Xinyan Lyu;Melinda Peng;Xuyang Ge,Distinct cloud-radiation forcing of hydrometeor species during the rapid intensification of super Typhoon Lekima (2019),
None,True,Atmospheric Research,该论文研究了沿海青岛和西北太平洋海洋降雨细菌的环境驱动因素，涉及大气环境中的微生物成分和海洋-大气相互作用，与大气环境遥感技术（如空气质量和大气成分分析）有相关性。,"['rainwater bacteria', 'coastal Qingdao', 'Northwest Pacific Ocean']",Xiaoyu Wang;Yuanzhe Ni;Yangfei Ai;Zhongyu Diao;Jianhua Qi,Environmental drivers of rainwater bacteria over coastal Qingdao and the Northwest Pacific Ocean,
None,True,Atmospheric Research,该论文研究西风对青藏高原夏季降水年际变化的影响，涉及大气环流和降水模式，与大气环境遥感技术中的空气质量监测和大气成分分析有密切关系。,"['westerlies', 'precipitation', 'Tibetan Plateau']",Xin Mao;Xingwen Jiang;Huimei Wang;Jiaxin Ye;Yiwei Zhang;Chao Chen,Impacts of westerlies on interannual variability of summer precipitation over the southwestern Tibetan Plateau,
None,True,Atmospheric Research,该论文研究的是在复杂地形上使用WRF模型改进湍流地形摩擦力的表示，并考虑了稳定性依赖关系。这与大气环境遥感技术相关，因为WRF模型常用于模拟大气过程，而地形摩擦力和稳定性是影响大气成分分布和空气质量的重要因素，这些都需要通过遥感技术进行监测和分析。,"['WRF model', 'turbulent orographic form drag', 'atmospheric stability']",Yulong Ma;Xingwen Jiang;Lin Mu;Qilin Wan;Zhiwei Heng,Improving the representation of turbulent orographic form drag with stability dependence in the WRF model over complex terrain,
None,True,Atmospheric Research,该研究探讨了平流层臭氧侵入对中国东部近地面臭氧的影响，使用了高分辨率的CESM-MUSICA模拟分析，这与大气环境遥感技术密切相关，特别是大气成分分析和空气质量管理领域。,"['stratospheric ozone', 'near-surface ozone', 'CESM-MUSICA', 'Typhoon Lekima', 'atmospheric composition']",Yichao Zhou;Xuewei Hou;Man Yue;Chenchao Zhan,Impact of stratospheric ozone intrusion on near-surface ozone in eastern China under Typhoon Lekima: A high-resolution CESM-MUSICA simulation analysis,
None,True,Atmospheric Research,该论文研究了东亚急流对中亚地区气溶胶变化的调节作用，涉及气溶胶变化、区域传输等与大气环境遥感技术相关的主题，因此与大气环境遥感技术（如空气质量监测、卫星观测、大气成分分析、气溶胶反演）密切相关。,"['aerosol variability', 'Central China', 'East Asian jet stream', 'regional transport']",Yujie Jiang;Xiefei Zhi;Yongqing Bai;Ling Zhang;Yi Fan;Shoupeng Zhu;Tianliang Zhao,East Asian jet stream modulates interdecadal aerosol variability over Central China via enhanced regional transport,
None,True,Atmospheric Research,该论文研究了东北冷涡下不同强对流事件中积云的特征，使用了FY-4卫星观测数据，这与大气环境遥感技术（如卫星观测和大气成分分析）密切相关。,"['FY-4', 'convective clouds', 'severe convective events']",Yang Gao;Xiaoyong Zhuge;Xi Wang;Xiaowen Zhang,Characteristics of convective clouds associated with different severe convective events under Northeast China Cold Vortex revealed by FY-4 observations,
None,True,Atmospheric Research,该论文研究的是印度地表相对湿度，特别是东北地区的分析，涉及数据验证、趋势和归因，与大气环境遥感技术中的空气质量监测和大气成分分析相关。,"['surface relative humidity', 'India', 'North Eastern Region']",Rohit Gautam,"Analysis of surface relative humidity over India with special emphasis on the North Eastern Region: Data validation, trends and attribution",
None,True,Atmospheric Research,该论文研究大气河流如何调节季风亚洲的降水气候，涉及大气环境和气候学，与大气环境遥感技术（如卫星观测和降水监测）有强相关性。,"['atmospheric rivers', 'hydrometeor', 'Monsoon Asia']",Mingzhu Li;Ju Liang,How atmospheric rivers modulate hydrometeor climatology over Monsoon Asia,
None,True,Atmospheric Research,该论文研究了泰国地表湍流中惯性行为的临界粒子尺寸阈值，这直接关系到细颗粒物（PM2.5）和粗颗粒物的空气质量建模，属于大气环境遥感技术中的空气质量监测和大气组成分析的范畴。,"['PM2.5', 'air-quality', 'atmospheric turbulence', 'particle-size threshold']",Chalermpol Wangsomcholk,Critical particle-size threshold for inertial behaviour in Thai surface-layer turbulence: Implications for PM<sub>2.5</sub> and coarse-particle air-quality modelling,
None,False,Atmospheric Research,该论文研究的是台风“海神”的快速路径和强度变化，主要关注的是热带气旋和大气条件，与大气环境遥感技术（如空气质量监测、卫星观测、大气成分分析、气溶胶反演）的直接相关性较弱。,"['typhoon', 'cutoff low', 'atmospheric conditions']",Pin-Hong Chen;Ching-Yuang Huang,Can a cutoff low cause rapid track and intensity changes of typhoon hinnamnor (2022)?,
None,True,Atmospheric Research,该论文研究了热带气旋对长江中下游夏季复合高温干旱事件的影响，涉及大气环境变化和空气质量，因此与大气环境遥感技术相关。,"['tropical cyclones', 'Yangtze River', 'air quality']",Jianqian Li;Chao Wang;Yuqin Wu;Liguang Wu;Haikun Zhao;Jian Cao,Track-dependent impacts of tropical cyclones on summer compound hot and dry events over the middle and lower reaches of the Yangtze River,
None,True,Atmospheric Research,该论文研究了六盘山山顶的气溶胶数值大小分布和光谱拟合，这与大气环境遥感技术密切相关，特别是空气质量和大气成分分析。,"['aerosol number size distribution', 'spectrum fitting', 'Mount Liupan']",Hejue Zhao;Zhuolin Chang;Jianren Sang;Liren Xu;Zezhong Sun;Run Luo;Le Jia;Ning Cao;Haoran Zhu;Yanbo Dai;Longyan Li;Jun Zhang;Wei Deng;Tianxue Wen;Kai Bi;Jiming Sun,Characteristics of aerosol number size distribution and spectrum fitting at the summit of Mount Liupan,
None,True,Atmospheric Research,该论文研究北极平流层臭氧变化对北大西洋海表温度偶极和欧亚气候遥相关的影响，涉及大气成分分析和空气质量监测，因此与大气环境遥感技术密切相关。,"['ozone', 'stratospheric', 'air quality monitoring']",Dingzhu Hu;Cuiting Zhao;Huimin Zhang,Arctic stratospheric ozone variability drives North Atlantic SST dipole and Eurasian climate teleconnections,
None,True,Atmospheric Research,该论文研究了GPM IMERG卫星数据在西班牙东部Comunitat Valenciana地区的亚日降水极端值监测的性能限制，涉及卫星观测技术和降水分析，与大气环境遥感技术（如卫星观测和降水监测）密切相关。,"['GPM IMERG', 'sub-daily precipitation extremes', 'satellite observations']",Marc Semper;Manuel Curado;Jose F. Vicent;Leandro Tortosa,"Performance limits of GPM IMERG for sub-daily precipitation extremes over the Comunitat Valenciana, eastern Spain: Representativeness, attenuation, and pixel-scale displacement",
None,True,Atmospheric Research,该论文研究比利牛斯山脉冬季暖 spells 对雪融化的影响，涉及大气环境监测和卫星观测技术，因此与大气环境遥感技术密切相关。,"['air quality', 'satellite observations', 'atmospheric composition']",Josep Bonsoms;Roberto Serrano-Notivoli,Winter warm spells in the pyrenees: synoptic drivers and snowmelt impacts (1960–2024),
None,True,Atmospheric Research,该论文标题和摘要明确涉及使用卫星技术来分析地面NO2污染物的气象动力学和排放足迹，这与大气环境遥感技术（如空气质量监测、卫星观测、大气成分分析、气溶胶反演）密切相关。,"['satellite', 'NO2', 'meteorological dynamics', 'emission footprints']",Mingbin Guo;Jianzhou Gong;Yuangong Chen;Yuqing Jian;Weifeng Xiao;Shikuan Wang,A satellite-constrained two-stage spatiotemporal framework for disentangling meteorological dynamics and emission footprints of ground-level NO<sub>2</sub>,
None,True,Atmospheric Research,该论文的标题和摘要明确提到了热带气旋中的非对称降雨估计，这是一种与大气环境遥感技术相关的现象。TCRM（热带气旋降雨估算模型）是用于分析大气成分和卫星观测的重要工具，因此该论文与大气环境遥感技术（如空气质量监测、卫星观测、大气成分分析、气溶胶反演）密切相关。,"['asymmetric rainfall', 'tropical cyclones', 'TCRM']",Bingyao Guo;Qingqing Li;Qi Gao;Changyu Zhao;Ruyan Chen,Improving asymmetric rainfall estimation in tropical cyclones: A revised TCRM,
None,True,Atmospheric Research,该论文研究了使用U-Net技术对网格化夏季降水预报进行空间协同校正，涉及大气环境遥感技术的应用，特别是降水监测和预报，与空气质量监测、卫星观测等领域相关。,"['U-Net', 'spatial correction', 'precipitation forecasts', 'atmospheric environmental remote sensing']",Guangxin He;Wei Wu;Zhigang Zhang;Zhanshan Ma;Juanzhen Sun;Haonan Chen;Jingjia Luo,U-Net-based spatial synergistic correction of gridded summer precipitation forecasts for CMA-MESO in Central China,
None,True,Atmospheric Research,该论文研究了中国东北冷涡的结构和能量转换，特别是与暴雨分布类型相关的干侵入影响。虽然主题侧重于气象学和大气动力学，但其研究内容与大气环境遥感技术密切相关，如通过分析大气成分和降水分布来监测空气质量。因此，它与大气环境遥感技术（如空气质量监测、卫星观测和大气成分分析）具有强相关性。,"['cold vortices', 'heavy rainfall', 'dry intrusion', 'atmospheric composition', 'air quality monitoring']",Yining Shen;Lijuan Wang;Zhaoyong Guan;Weijie Zeng;Xiaowen Zhao,Structure and energy conversion of Northeast China cold vortices with different distribution types of heavy rainfall influenced by dry intrusion,
None,True,Atmospheric Research,该论文研究地表放射性对大气电性的影响，特别是在稳定边界层条件下的影响。这涉及大气环境中的物理过程，与大气环境遥感技术（如大气成分分析、电离层监测等）有相关性，因为大气电性是大气成分和边界层动态的重要指标。,"['atmospheric electricity', 'stable boundary layer', 'radioactivity']",K.A. Nicoll;O. O'Neill;C. Miller;J. Paatero;T. Ulich,Surface radioactivity influences on atmospheric electricity during stable boundary layer conditions,
None,True,Atmospheric Research,该论文研究了使用ICON百米尺度集合预报对流风暴的技巧，涉及大气现象的数值模拟和预报，与大气环境遥感技术中的空气质量监测和大气成分分析有一定关联，因为对流风暴和大气成分密切相关。,"['convective storm', 'ICON', 'hectometric-scale ensembles']",Matteo Siena;Thomas Gastaldo;Chiara Marsigli;Paolo Ruggieri;Silvana Di Sabatino,Improving forecast skill of a convective storm using ICON hectometric-scale ensembles,
None,True,Atmospheric Research,该论文标题和摘要明确涉及使用卫星技术评估来自伊朗东部的沙尘暴，并强调其跨边界影响。这与大气环境遥感技术（如空气质量监测、卫星观测、大气成分分析、气溶胶反演）密切相关，因为沙尘暴是大气环境的重要组成部分，卫星观测是监测和分析沙尘暴的主要技术手段。,"['satellite-based', 'dust storms', 'Eastern Iran', 'transboundary impacts']",Ali Darvishi Boloorani;Masoud Soleimani;Nastaran Nasiri;Fatemeh Amiri;Najmeh Neysani Samany;Ali Al-Hemoud;Iraj Gholami;Kan Huang,Satellite-based assessment of dust storms originating from Eastern Iran with measurable transboundary impacts,
None,False,Atmospheric Research,该论文主要研究土壤湿度对华北夏季亚季节性降水预报的影响，使用CWRF模型进行分析。虽然涉及大气环境和降水预报，但与大气环境遥感技术（如空气质量监测、卫星观测、大气成分分析、气溶胶反演等）关系不大，因此相关性不强。,"['soil moisture', 'subseasonal precipitation', 'CWRF model']",Chenyi Zhang;Minghao Wang;Yong Luo;Qingquan Li;Lili Dong;Kailu Yu,Effects of soil moisture on subseasonal precipitation forecasts in North China during summer: A study using CWRF model,
None,True,Atmospheric Research,该论文研究了中国大气氮沉降的长期变化，涉及大气成分分析和沉降效率，与大气环境遥感技术中的空气质量监测和大气成分分析密切相关。,"['atmospheric nitrogen deposition', 'deposition efficiency', 'China']",Shangyi Wang;Yiheng Wang;Guochao Chen;Yuhao Wang;Zimeng Wang;Chenliang Tao;Hongliang Zhang,Sector-specific deposition efficiency shapes long-term changes in atmospheric nitrogen deposition in China,
None,True,Atmospheric Research,该论文研究了广州地区闪电发生区域的垂直反射率核心特征，涉及大气现象的观测和分析，与大气环境遥感技术（如闪电监测、大气成分分析）密切相关。,"['vertical reflectivity cores', 'lightning initiation regions', 'Guangzhou']",Fei Wang;Wen Yao;Yang Zhang;Dong Zheng,"Characteristics of vertical reflectivity cores at lightning initiation regions over Guangzhou, China",
None,True,Atmospheric Research,该论文的标题和摘要明确涉及大气环境中的云播种和气溶胶-云相互作用，这些内容与空气质量监测、大气成分分析等大气环境遥感技术密切相关。,"['cloud seeding', 'aerosol–cloud interactions', 'air quality monitoring']",Sanhita Shende;Swapnaja Gajbhiye;Nandu B. Chaure,Cloud seeding and aerosol–cloud interactions: Environmental impacts and future perspectives,
None,True,Atmospheric Research,该论文与大气环境遥感技术相关，因为它涉及使用人工智能降尺技术和站点校准来创建青藏高原的高分辨率每日温度数据集。这涉及到大气温度监测，属于大气环境遥感技术的一部分。,"['Tibetan Plateau', 'temperature dataset', 'artificial intelligence downscaling']",Jianyu Wang;Yong Feng;Xingwen Jiang,Corrigendum to ‘A 3-km high-resolution daily temperature dataset over the Tibetan Plateau (1993–2023) based on artificial intelligence downscaling and station calibration’ [Atmospheric Research 341 (2026) 109100],
None,True,Atmospheric Research,该论文研究北京北部山前地区的冬季山地平原风环流结构，以及与行星边界层方案相关的模拟不确定性。虽然不直接涉及空气质量监测或卫星观测，但与大气环境的遥感和大气成分分析密切相关，特别是风环流和边界层的研究对理解污染物扩散和空气质量有重要意义。,"['atmospheric circulation', 'planetary boundary layer', 'wind simulation']",Lei Zhang;Jinyuan Xin;Yongjing Ma;Xinbing Ren;Kecheng Peng;Luoqi Yang,Winter mountain-plain wind circulation structures at a Northern Beijing piedmont site: Characteristics and simulation uncertainties associated with planetary boundary layer schemes,
None,True,Atmospheric Research,该论文研究了太平洋年代际振荡和北大西洋海表温度对中央中国九月降水量的协同影响，涉及气候变化和气象学，与大气环境遥感技术（如气候监测和气象数据分析）密切相关。,"['Pacific Decadal Oscillation', 'North Atlantic Sea surface temperatures', 'September precipitation', 'Central China']",Yuanyuan Zhou;Jianqi Sun;Mengqi Zhang;Yixi Liu,Interdecadal changes of September precipitation over Central China: The synergistic effect of Pacific Decadal Oscillation and North Atlantic Sea surface temperatures,
None,False,Atmospheric Research,该论文研究的是巴塔哥尼亚地区月度格网降水产品的时空性能，主要关注降水数据的质量和分布，与大气环境遥感技术（如空气质量监测、卫星观测、大气成分分析、气溶胶反演等）的直接相关性较弱。,"['precipitation', 'Patagonia', 'gridded data']",Santino Adduca;Santiago I. Hurtado;Natalia L. Pessacg;Leandro B. Díaz;Lorenzo Ricetti;Martín Jacques-Coper,Spatio-temporal performance of monthly gridded precipitation products in Patagonia,
None,True,Atmospheric Research,该论文研究了沿海东南中国的锋面和暖区强降水的微物理机制，涉及雨滴大小分布，这属于大气环境遥感技术中的大气成分分析和降水特征研究领域。,"['raindrop size distribution', 'frontal rainfall', 'warm-sector rainfall', 'Coastal Southeast China']",Mingrui Guo;Wen Lin;Jingjing Lv;Chenglong Gong;Qing Duan;Jingxi Sun;Pengcheng Lin;Chunsong Lu;Yiqi Chen,Distinct raindrop size distribution microphysical mechanisms of frontal and warm-sector heavy rainfall in Coastal Southeast China,
None,True,Atmospheric Research,该论文研究了南极Belgrano II站的平流层臭氧长期变化，涉及大气成分分析，与大气环境遥感技术（如空气质量监测、卫星观测）密切相关。,"['tropospheric ozone', 'Antarctica', 'atmospheric variability']",J.A. Adame;M. Navarro-Comas;H. Ochoa;C. Prados-Roman;M. Yela,"Synoptic-scale drivers of long-term tropospheric ozone variability at Belgrano II station, Antarctica",
None,True,Atmospheric Research,该论文研究了中国南方夏季气温异常的内部季节性模式及其相应的可预测信号，这与大气环境遥感技术中的空气质量监测和大气成分分析密切相关。,"['air temperature anomalies', 'Southern China', 'atmospheric composition analysis']",Zikang Jia;Zhihai Zheng;Guolin Feng,The main intraseasonal modes of summer air temperature anomalies in Southern China and their corresponding predictable signals,
None,False,Atmospheric Research,该论文主要研究的是中欧地区风力涡轮机相关的季节性闪电现象，虽然涉及大气现象，但并非直接与大气环境遥感技术（如空气质量监测、卫星观测、大气成分分析或气溶胶反演）相关。,"['lightning', 'wind turbine', 'Central Europe']",M. Kákona;R. Duspara;Z. Sokol;J. Popová;J. Chum;J. Šlegl;M. Sommer;M. Lužová;R. Dvořák;V. Hanousek;J. Kákona;A. Kostinsky;I. Ambrožová;O. Ploc,Seasonal wind turbine-associated lightning in Central Europe,
None,True,Atmospheric Research,该论文研究印度洋热带风暴活动对东亚和西太平洋环流异常的影响，涉及大气环流和气象现象，与大气环境遥感技术（如卫星观测、气象分析）有一定关联，因此被认为是相关的。,"['tropical storm', 'circulation anomalies', 'East Asia', 'Western Pacific']",Hua Chen;Xueying Meng;Boqing Wang;Tianhao Chen,Circulation anomalies over East Asia and the Western Pacific induced by tropical storm activity in the North Indian Ocean: Observational analysis,
None,True,Atmospheric Research,该论文使用空间 borne 双频降水雷达研究了各种极端降水类型的全球独特微物理特征，这与大气环境遥感技术（如降水监测和大气成分分析）密切相关。,"['dual-frequency precipitation radar', 'microphysical characteristics', 'extreme precipitation']",Yanghua Liu;Zinian Wang;Xiang Ni,Global distinct microphysical characteristics of various extreme precipitation types revealed by the spaceborne dual-frequency precipitation radar,
None,True,Atmospheric Research,该论文研究的是中亚地区云水路径的时空特征和长期趋势，云水路径是大气环境的重要组成部分，与大气成分、空气质量等密切相关，因此与大气环境遥感技术（如卫星观测、大气成分分析）密切相关。,"['cloud water path', 'Central Asia', 'atmospheric remote sensing']",Zepeng Tong;Ping Chen;Yong Zeng;Ali Mamtimin;Zhanshan Ma;Zhigang Zhang,The temporal and spatial characteristics and long-term trends of cloud water path in Central Asia,
None,False,Atmospheric Research,该论文的主题是巴西马拉尼昂州雨季干旱期的时空变化，主要关注气候和气象现象，而不是大气环境遥感技术，如空气质量监测、卫星观测或大气成分分析。,[],Wellington Cruz Corrêa;Andreza Maciel de Sousa;João Valério de Souza Neto;Andressa Carvalho de Sousa;Edvaldo Sagrilo;José Oscar Lustosa de Oliveira Júnior;José Francisco de Oliveira-Júnior;Nítalo Andre Farias Machado,"Spatiotemporal variability of dry spells during the rainy season in Maranhão state, Brazil",
None,True,Atmospheric Research,该论文的标题和摘要明确涉及大气环境遥感技术中的风场监测和校正。具体来说，它利用深度学习方法对海面风场进行偏差校正，这与大气环境遥感技术中的空气质量和气象监测密切相关。因此，该论文与大气环境遥感技术高度相关。,"['sea surface wind field', 'bias correction', 'deep learning']",Chen Zhang;Shuqin Liang;Jianxin Wang;Bo Liu;Yahui Liu;Tao Song;Yuhang Zhu,WindFormer: Spatio-temporal deep learning for refined sea surface wind field bias correction,
None,True,Atmospheric Research,该论文标题和摘要明确涉及微波卫星观测技术，特别是水滴吸收对观测模拟的影响，这与大气环境遥感技术（如卫星观测、大气成分分析）密切相关。,"['microwave satellite observation', 'water droplet absorption', 'atmospheric remote sensing']",Yuxuan Feng;Jieying He;Gang Ma;Zongru Yang;Chao Zhang,The impact of minute water droplet absorption on microwave satellite observation simulation,
None,True,Atmospheric Research,该论文研究使用合成孔径雷达（SA-XAI）模型对卫星降水数据进行偏差校正和区域化，这属于大气环境遥感技术中的卫星观测和降水监测领域，因此与大气环境遥感技术密切相关。,"['satellite precipitation', 'bias correction', 'regionalization']",Moein Tosan;Vahid Nourani;Vijay P. Singh;Ozgur Kisi;Jan Franklin Adamowski;Yongqiang Zhang;Mohammad Reza Alizadeh,Synoptic-aware explainable artificial intelligence (SA-XAI) model for bias correction and regionalization of satellite precipitation over complex terrain,
None,True,Atmospheric Research,该论文标题和摘要明确涉及卫星遥感技术，特别是全球降水估计，这与大气环境遥感技术（如卫星观测和大气成分分析）高度相关。,"['satellite-based', 'global precipitation estimates', 'remote sensing']",Pengsheng Li;Xiao-Feng Li;Jingjing Yu;Song Yang,Declining uncertainties in satellite-based global hourly and daily precipitation estimates,
None,True,Atmospheric Research,该论文研究城市扬尘事件，涉及风力引起的再悬浮现象，并通过观测和逆CFD分析进行研究，这与大气环境遥感技术中的空气质量和大气成分分析密切相关。,"['urban dust', 'wind induced resuspension', 'CFD analysis']",Jakub Linda;Miroslav Šinger;Amra Hasečić;Dávid Frnda;Jiří Pospíšil,Short duration urban dust events driven by wind induced resuspension: observational evidence from a European city and inverse CFD analysis,
None,True,Atmospheric Research,该论文研究干旱环境中的极端降水行为，涉及大气环境的观测和分析，与大气环境遥感技术中的空气质量监测、卫星观测和大气成分分析等领域相关。,"['extreme precipitation', 'arid environment', 'atmospheric behavior']",Mohammad Reza Nikoo,From stationary to non-stationary: Characterizing extreme precipitation behavior in an arid environment,
None,True,Atmospheric Research,该论文研究的是利用低层变形动力学定义东亚夏季锋面，这与大气环境遥感技术中的大气动力学分析、气象监测和气候变化研究密切相关。虽然不直接涉及空气质量和卫星观测等具体应用，但该研究为理解大气环境变化提供了基础，因此与大气环境遥感技术的相关性强。,"['East Asian summer monsoon', 'low-level deformation', 'atmospheric dynamics']",Minwoo Kim;Eun-Chul Chang;Joowan Kim;Seok-Woo Son;Hee Choon Lee;Hyun-Suk Kang,Dynamical definition of the East Asian summer monsoon front using low-level deformation,
None,False,Atmospheric Research,该论文研究的是菲律宾热带气旋增强的西南季风高降水事件的天气背景条件，主要关注气象学中的气旋和季风现象，与大气环境遥感技术（如空气质量监测、卫星观测、大气成分分析、气溶胶反演等）的直接关联性较弱。,"['tropical cyclone', 'southwest monsoon', 'high precipitation']",Alwin Andriel L. Bathan;Lyndon Mark P. Olaguera;Faye Abigail T. Cruz;Jose Ramon T. Villarin;John A. Manalo;Jun Matsumoto,Synoptic conditions favoring tropical cyclone-enhanced southwest monsoon high precipitation events in the Philippines,
None,True,Atmospheric Research,该论文研究了硝酸盐光解对东南沿海地区夏季白天环境亚硝酸氢盐（HONO）产生的影响，涉及大气成分分析和污染物来源，与大气环境遥感技术中的空气质量监测和大气成分分析密切相关。,"['nitrate photolysis', 'HONO', 'atmospheric composition']",Ziying Chen;Feng Zhang;Lingling Xu;Ziyi Lin;Xiuwen Yong;Yuping Chen;Gaojie Chen;Xiaoting Ji;Xiaolong Fan;Lingjian Wang;Mengren Li;Jinsheng Chen,Nitrate photolysis as major summer daytime sources of ambient HONO in Southeastern Coastal China,
None,True,Atmospheric Research,该论文研究了台风“梅花”在加强和减弱过程中眼壁的微物理演变，涉及大气环境中的风暴系统观测和分析，与大气环境遥感技术（如卫星观测和大气成分分析）密切相关。,"['Typhoon Muifa', 'eyewall', 'atmospheric evolution']",Dongdong Wang;Sheng Chen;Haiyang Zhang;Wenjuan Li;Xiaoping Tu;Xiaolin Lan;Haohao Xu,Microphysical evolution of the eyewall during intensification and weakening of Typhoon Muifa (2022),
None,True,Atmospheric Research,该论文研究了半干旱城市的降水化学，探讨了酸度的驱动因素。虽然不直接涉及卫星观测或空气质量的遥感技术，但降水化学和空气质量密切相关，因此与大气环境遥感技术有一定的相关性。,"['precipitation chemistry', 'semi-arid city', 'acidity']",Dongqi Chen;Bing Sun;Haijun Zhou;Wenjing Sun;Huifang Ren;Ying Sun;Xiaoqin Zhao;Xiaotao Fu;Zhonghua Li,Precipitation chemistry in a semi-arid city: Insights from the driving factors of acidity,
None,True,Atmospheric Research,该论文研究了波河平原的强冰雹事件，使用了观测数据和WRF模型进行分析。虽然论文主要关注气象学现象，但冰雹事件与大气环境密切相关，特别是与大气中的水汽、温度等参数有关。因此，该论文与大气环境遥感技术有一定的相关性，例如通过遥感技术监测大气中的水汽分布和气象事件。,"['hail event', 'Po Valley', 'WRF model']",Antonio Ricchi;Olivia Vashti Ayim;Pier Paolo Alberoni;Rossella Ferretti,Analysis of an intense hail event in the Po Valley using observation and WRF model,
None,True,Atmospheric Research,该论文研究高原城市有机气溶胶的季节性差异、分子驱动因素和光吸收特性，这与大气环境遥感技术（如空气质量监测、大气成分分析）密切相关。,"['organic aerosols', 'Tibetan Plateau', 'light absorption properties']",Lijuan Qi;Yanhui Ha;Xiaotong Wang;Junchao Zhao;YanLin Zhang;Huan Liu;Rong Chen,Distinct seasonality of organic aerosols at a high-altitude Tibetan Plateau urban site: Molecular drivers and light absorption properties,
None,True,Atmospheric Research,该论文研究了海风动力学对均匀和局部海表温度异常的敏感性，这与大气环境遥感技术中的空气质量监测、卫星观测和大气成分分析相关，因为海表温度异常可能影响大气化学成分和污染物扩散。,"['sea breeze', 'SST anomalies', 'Northern Yucatán Peninsula']",E. Salcedo;J.C. Cajas;C. Treviño;I. Mariño-Tapia;L. Martínez-Suástegui,Sensitivity of sea breeze dynamics to uniform and localized SST anomalies over the Northern Yucatán Peninsula,
None,True,Atmospheric Research,该论文研究了使用WRF模型和尺度感知积云方案对东亚夏季降雨预报分辨率敏感性的影响，涉及大气科学和气象学领域，与大气环境遥感技术（如气象观测和预报）密切相关。,"['WRF', 'scale-aware cumulus schemes', 'summer rainfall forecast']",Weiguang Liu;Xin Li;Hao Miao;Shiwei Sun;Wenru Shi;Kefeng Zhu,Sensitivity of summer rainfall forecast over eastern China to horizontal resolutions: A study using scale-aware cumulus schemes in WRF,
None,False,Atmospheric Research,该论文主要研究热带南大西洋对热带北大西洋海表温度的影响，以及这种影响与西太平洋热带气旋生成的关系，主要涉及海洋和气象学领域，与大气环境遥感技术（如空气质量监测、卫星观测、大气成分分析、气溶胶反演等）的关联性较弱。,"['sea surface temperature', 'tropical cyclone', 'atmospheric composition']",Lingling Zhang;Jinjie Song;Philip J. Klotzbach;Qingyuan Liu,Tropical South Atlantic modulation of the tropical North Atlantic sea surface temperature – western North Pacific tropical cyclone genesis relationship,
None,True,Atmospheric Research,该论文研究的是华北地区层积云降水事件的微物理特性，涉及了冰晶的冻结（riming）和融化（melting）过程，这些过程与大气成分和空气质量密切相关，属于大气环境遥感技术的研究范畴。,"['stratocumulus', 'riming', 'melting', 'precipitation', 'North China']",Zhuoxuan Shen;Xiaoli Liu;Yan Li;Jingyuan Xiong;Kerui Min;Hengjia Cai;Nan Wang,Distinct microphysical characteristics of riming and melting processes in a stratocumulus cloud precipitation event over North China,
None,True,Atmospheric Research,该论文研究使用雷达技术对印度核心季风区的强降雨事件进行分类，涉及大气成分分析和降水监测，与大气环境遥感技术密切相关。,"['Radar', 'rain-type classification', 'heavy-rain', 'Indian Core Monsoon Zone', 'vertical structure']",Harshad S. Hanmante;Sachin M. Deshpande;Subrata Kumar Das;Medha Deshpande,Radar-derived rain-type classification for heavy-rain episodes over the Indian Core Monsoon Zone: Insights into vertical structure and temporal evolution,
None,False,Atmospheric Research,该论文的标题和摘要主要关注海洋温度异常和南亚高压中心的位置变化，与大气环境遥感技术（如空气质量监测、卫星观测、大气成分分析、气溶胶反演）没有直接关系。,[],Ran Duan;Kai Qie;Tao Wang;Jiakang Duan;Mingzhen Gu;Jiali Luo,North Atlantic cold SST anomaly contributes to the long-term eastward shift of the South Asian High center,
None,True,Atmospheric Research,该论文研究亚洲季风前体对西太平洋台风活动的影响，涉及大气环境中的气象现象和观测技术，与大气环境遥感技术（如卫星观测、大气成分分析）密切相关。,"['Asian-jet', 'western North Pacific typhoon', 'observability']",Zi-Liang Li;Xiao-Ran Wu,Pathway-dependent observability of a spring Asian-jet precursor for western North Pacific typhoon activity,
None,True,Atmospheric Research,该论文研究的是长江三角洲地区过去十年PM2.5污染事件与主导天气模式的关系，PM2.5是大气环境中的主要污染物，而天气模式对污染物的扩散和浓度有重要影响，因此与大气环境遥感技术（如空气质量监测）密切相关。,"['PM2.5', 'synoptic weather patterns', 'Yangtze River Delta']",Zhongrui Xie;Lili Shi;Xianman Ye;Qifan Shuai;Yaofu Zhu;Xiyao Chen;Ben Ye;Liang Xu;Min Gao;Shupeng Zhu;Shoujuan Shu;Renguang Wu;Weijun Li,Evolution of dominant synoptic weather patterns associated with PM<sub>2.5</sub> pollution events in the Yangtze River Delta over the past decade,
None,True,Atmospheric Research,该论文研究了利用耦合三维变分同化和深度学习代理框架对中国进行近实时二氧化硫排放反演的技术。涉及大气环境监测中的污染物排放反演和数据处理技术，与大气环境遥感技术（如空气质量监测、卫星观测、大气成分分析）密切相关。,"['SO₂', 'emission', 'three-dimensional variational assimilation', 'deep learning surrogate framework']",Hancheng Ye;Zengliang Zang;Yiwen Hu;Ning Liu,Near-real-time inversion of SO₂ emission via coupled three-dimensional variational assimilation and deep learning surrogate framework over China,
None,True,Atmospheric Research,该论文研究堪察加半岛下游环流异常在极端寒冷事件中对东亚中国上游的影响，涉及大气环流和极端天气事件，与大气环境遥感技术（如空气质量监测、卫星观测、大气成分分析）相关。,"['atmospheric circulation', 'extreme cold events', 'Kamchatka Peninsula', 'Eastern China']",Wencai Liu;Ning Shi;Huijun Wang,Contrasting downstream Kamchatka Peninsula circulation anomalies during extreme cold events over Eastern China and the upstream influence of these anomalies,
None,True,Atmospheric Research,该论文研究气溶胶转化为云凝结核（CCN）的过程，涉及气溶胶的尺寸和成分影响，使用来自印度西高止山脉高原的长期数据集进行分析。这与大气环境遥感技术密切相关，特别是气溶胶检索和大气成分分析。,"['Aerosol-to-CCN', 'size', 'composition', 'high-altitude', 'Western Ghats']",Sachin S. Patil;Subrata Mukherjee;V. Anil Kumar;P.P. Leena;Vinayak Waghamare;M.Y. Aslam;V.S. Arun;Lalit Chaudhari;Ajit Waware;Sunil M. Sonbawne;G. Pandithurai;B. Padma Kumari,"Decoding Aerosol-to-CCN activation: Insights into size and composition effects using a long-term dataset from a high-altitude site in the Western Ghats, India",
None,True,Atmospheric Research,该论文研究了青藏高原夏季水分的年际变化机制，从拉格朗日路径的角度进行分析。这与大气环境遥感技术相关，因为拉格朗日路径是追踪大气中污染物或水汽传输的重要工具，而青藏高原的水分变化对区域气候和空气质量有重要影响。,"['Tibetan Plateau', 'moisture', 'Lagrangian pathways']",Hongwen Liu;Wenshou Tian;Hao Wu;Li He;Hua Qin;Hongying Tian;Tao Wang,A mechanism of interannual variations in summer moisture over the Tibetan Plateau from the perspective of Lagrangian pathways,
None,True,Atmospheric Research,该论文研究东亚季风区的热带夜间主导环流模式，这与大气环境遥感技术中的大气成分分析和气象观测密切相关。虽然不直接涉及空气质量监测或卫星观测技术，但其对大气环流模式的研究有助于理解污染物扩散和气象现象，因此与遥感技术的应用领域有一定关联。,"['atmospheric circulation', 'East Asian monsoon', 'tropical night']",Ruidan Chen;Wenting Lin;Siao Tang;Lan Wei,Dominant circulation patterns influencing the tropical night in the East Asian monsoon region,
None,False,Atmospheric Research,该论文标题和摘要主要关注雨滴碰撞的观测和理论模型验证，不涉及大气环境遥感技术，如空气质量监测、卫星观测、大气成分分析或气溶胶反演等。,[],Kalimur Rahman;Firat Y. Testik,Raindrop collision outcomes: Field observations and validation of the T09 theoretical regime diagram,
None,True,Atmospheric Research,该论文研究了乌兰巴托地区可溶性棕色碳的的光学特性及其季节性变化，并探讨了住宅固体燃料燃烧的影响。棕色碳是大气环境的重要组成部分，与空气质量监测和大气成分分析密切相关，因此该论文与大气环境遥感技术密切相关。,"['brown carbon', 'optical properties', 'residential solid-fuel combustion', 'Ulaanbaatar']",Hyeyeon Lee;Sumin Ok;Tsatsral Batmunkh;Jinsang Jung,"Seasonal variability and residential solid-fuel combustion influence on the optical properties of water-soluble brown carbon in Ulaanbaatar, Mongolia",
None,True,Atmospheric Research,该论文研究黎凡特地区冬季持续性干旱的变化，涉及印度洋偶极子对大气环境的影响，与大气环境遥感技术相关，特别是大气成分分析和气候变化监测。,"['Indian Ocean dipole', 'winter persistent dry spells', 'atmospheric variability']",Sigalit Berkovic;Victor Murphy;Assaf Hochman,Unraveling the variability of winter persistent dry spells in the levant via the Indian Ocean dipole,
None,True,Atmospheric Research,该论文研究的是帕米尔高原复杂地形中的降水变化特征和机制，涉及大气环境中的降水现象，与大气环境遥感技术中的大气成分分析和气象观测相关。,"['precipitation', 'atmospheric', 'terrain']",Mengying Yao;Junqiang Yao;Weiyi Mao;Jing Chen;Jiangang Li,Elevation-dependent precipitation in the complex Terrain of Eastern Pamir Plateau: Characteristics and mechanisms,
None,False,Atmospheric Research,该论文的主题是量化全球河流域中多元干旱热事件的驱动因素和复合效应，主要关注水文和环境科学领域，与大气环境遥感技术（如空气质量监测、卫星观测、大气成分分析、气溶胶反演）没有直接关联。,[],Xin Feng;Weizhi Gao;Zhaoli Wang;Xushu Wu;Yuxiang Zhao;Jiajin Feng;Josep Peñuelas;Jordi Sardans,Quantifying drivers and compound effects of multivariate drought heat events in global river basins,
None,True,Atmospheric Research,该论文研究了中国西北背景地区的垂直气溶胶剖面和区域传输的影响，使用了地面激光雷达技术，这与大气环境遥感技术（如空气质量监测、卫星观测、大气成分分析、气溶胶反演）密切相关。,"['aerosol profiles', 'ground-based lidar', 'regional transport']",Kai Cheng;Xia Li;Yaqiong Kuang;Yuting Zhong;Haiyang Cai;Shuting Li,Vertical aerosol profiles and the impact of regional transport in a background region of Northwest China: Insights from ground-based lidar,
None,True,Atmospheric Research,该论文研究了拉普拉塔盆地雷暴的短期可预测性，涉及大气环境遥感技术，如雷暴监测和大气成分分析，因此与大气环境遥感技术密切相关。,"['thunderstorms', 'La Plata Basin', 'atmospheric environmental remote sensing']",Gabriel Elias Mandanda;Maria Assunção Faus da Silva Dias;Marlon Sproesser Mathias,Short-term predictability of thunderstorms in the La Plata Basin,
None,True,Atmospheric Research,该论文研究沙特阿拉伯雷暴环境的变化频率、变异性及其驱动因素，涉及大气环境监测和变化分析，与大气环境遥感技术（如卫星观测、大气成分分析）相关。,"['thunderstorms', 'atmospheric variability', 'environmental drivers']",Moutassem El Rafei;Andrew Dowdy;Mazen E. Assiri;Md. Arfan Ali;Muhammad Haroon Siddiqui;Sajjad Saeed;Saeed Ahmad Alghamdi;Shamsuddin Shahid,"Changing thunderstorms environments in Saudi Arabia: Frequency, variability and drivers of change",
None,True,Atmospheric Research,该论文研究了印度恒河和亚穆纳河流域近几十年来极端降雨事件的时空连接和同步性变化，这与大气环境遥感技术中的降水监测和区域气候分析密切相关。,"['extreme rainfall', 'Ganga River Basin', 'Yamuna River Basin', 'India', 'spatial connection']",Ripunjay Pandey;Pragati Prajapati;Ashish Kumar Meena;Akshay Singhal;Sanjeev Kumar Jha;Kundan Kandhway,Changes in the spatial connection and synchronization of extreme rainfall events in recent decades over the Ganga and Yamuna River Basins of India,
None,True,Atmospheric Research,该论文研究气溶胶散射的辐射效应对臭氧垂直结构的影响，涉及大气成分分析和空气质量监测，与大气环境遥感技术密切相关。,"['aerosol scattering', 'radiative effect', 'ozone vertical structure', 'Pearl River Delta']",Boru Mai;Xuejiao Deng;Ying Li;Tao Deng;Tushi Yang;Haoxiang Xu;Xia Liu;Tingyuan Li;Naixiu Sun;Jun Zhou;Qibin Sun;Guowen He;Jieyi Li,The aerosol scattering radiative effect significantly impacts the ozone vertical structure: A case study in the Pearl River Delta region of China,
None,True,Atmospheric Research,该论文研究非洲地区的复合气候极端事件及其时空变化与大气环流的关系，涉及大气环境的研究，与遥感技术在监测大气环境方面的应用有较强的关联性。,"['climate extremes', 'atmospheric circulations', 'spatiotemporal variability']",Mhenzi Fredy;Huixin Li;Jiani Zeng;Anqin Tan;King’uza Henry;Mtupili Msafiri;Semgomba Daniel;Madundo Albert;Bakar Mohammed,Compound climate extremes in Africa: Spatiotemporal variability and associated atmospheric circulations,
None,True,Atmospheric Research,该论文研究的是使用改进的阿克拉瓦–舒伯特对流方案来模拟东亚夏季降水，涉及大气模拟和降水过程，与大气环境遥感技术中的大气成分分析、卫星观测等有强相关性。,"['Arakawa–Schubert convection scheme', 'precipitation', 'atmospheric simulation']",Shu Gui;Ruowen Yang;Lei Cai;Yali Yang;Ying Ming;Yu Lian;Meng Li;Kexu Zhu;Hao Zeng,Enhanced simulation of East Asian summer precipitation with a revised simplified Arakawa–Schubert convection scheme,
None,True,Atmospheric Research,该论文探讨了比利牛斯山脉冬季雨雪事件的频率变化，这涉及到大气环境监测和卫星观测技术，特别是对大气成分和空气质量的影响。,"['air quality monitoring', 'atmospheric composition', 'satellite observations']",Josep Bonsoms,Toward more frequent winter rain-on-snow events in the Pyrenees,
