doi,is_relevant,journal,explanation,topic_words,authors,title,abstract
10.1088/1748-9326/aea4c7,False,Environmental Research Letters,该论文主要探讨科学家对气候变化的 techno-optimism（技术乐观主义）及其对气候行动的影响，与大气环境遥感技术（如空气质量监测、卫星观测、大气成分分析、气溶胶反演）相关性不强。,[],Fabian Dablander;Viktoria Cologna;Maien Sachisthal;Jonas Haslbeck,Techno-optimistic scientists take fewer climate actions,"Technological innovation is key to mitigating climate change, yet excessive faith in technology may undermine the wider societal transformations needed to address it. In their roles as knowledge producers and trusted public figures, scientists play an important part in shaping how societies understand and respond to climate change. We examine techno-optimism—here defined as the belief that technology will largely solve the problems caused by climate change—among scientists using survey data from scientists across countries. Our findings show that techno-optimism is most prevalent among scientists in applied and natural sciences, and among those with right-leaning political views, but does not vary with the extent to which one’s research is related to climate change. Techno-optimistic scientists are substantially less likely to engage in civic climate action (23% lower) or make high-impact lifestyle changes (18% lower). We hope that our study can contribute to a critical discussion about how scientists’ own beliefs and worldviews shape their understanding of, and engagement in, climate action."
10.1088/1748-9326/aeac6f,True,Environmental Research Letters,该论文与大气环境遥感技术密切相关，因为它涉及使用统计模型生成热带气旋降雨场，以评估洪水风险。这属于大气成分分析和气象遥感监测的范畴。,"['tropical cyclone rainfall', 'flood hazard assessment', 'rainfall fields']",Hanbeen Kim;Gabriele Villarini;Renato Amorim;Norberto C Nadal-Caraballo;Meredith L Carr,Probabilistic tropical cyclone rainfall generator for flood hazard assessment along the U.S. Atlantic and Gulf Coasts,"Statistical tropical cyclone rainfall (TCR) models based on historical observations have the potential to support flood hazard assessment by efficiently generating rainfall fields for large ensembles of TC tracks. Despite efforts to improve the characterization of TCR, existing models exhibit limited performance. A TCR error modeling framework offers an alternative approach to bypass this limitation by characterizing errors through a multiplicative error model comprising deterministic and stochastic components. Here, using the Interagency Performance Evaluation Task Force (IPET) rainfall analysis model as the base model, we apply this framework to 113 local domains along the U.S. Atlantic and Gulf Coasts to develop an error-correction-based probabilistic TCR generator. For the deterministic component, we fit overall bias and rain-dependent bias models to correct systematic biases in the IPET model’s rainfall estimates. The remaining residuals are then modeled probabilistically by characterizing their marginal distribution and spatial dependence. We show that systematic biases in total IPET rainfall are effectively corrected, with the average overall bias increasing from 0.7 to 1.07, close to the unbiased value of 1. We also show that the TCR generator produces spatially plausible rainfall fields and captures the variability of radial rainfall profiles, with reference rainfall intensities falling within the simulated 90% range in 82% of radial bins. This framework is general and can be transferred to other areas of the world and applied to other TCR models and to both observed and simulated TC tracks."
10.1088/1748-9326/aeac70,True,Environmental Research Letters,该论文研究了智利在实现碳中和目标过程中的水资源需求变化，涉及可再生能源和土地部门减排对水资源的影响，这与大气环境遥感技术中的空气质量监测和大气成分分析相关，因为水资源变化会影响大气环境质量。,"['carbon neutrality', 'water demand', 'renewable energy', 'water scarcity', 'atmospheric composition']",Josephine Henze;Silvia R Santos da Silva;Felipe Feijoo;Francisco Flores;Fernando Miralles-Wilhelm;Paelina DeStephano;Page Kyle;Homero Paltán,Decarbonizing under water stress: an integrated assessment of Chile’s pathway to carbon neutrality by 2050,"Anthropogenic climate change is exacerbating water scarcity in Mediterranean climate regions, such as Central Chile, which already has a low annual precipitation rate, increasing the likelihood of a potentially permanent ‘mega-drought’. While carbon-neutrality policies often combine energy- and land-sector measures, their specific implications for water-energy-land (WEL) interactions in Chile remain insufficiently explored. This study presents the first national-level application of GCAM-Chile to assess how combined energy- and land-sector carbon-neutrality pathways may reshape sectoral water-demand patterns in an already water-stressed context. We examine one reference scenario and eight alternative carbon-neutrality pathways combining energy-sector decarbonization with different levels of land-sector mitigation (LM) while holding basin water supply static, so results reflect changes in water demand rather than future water availability. Findings indicate that renewable energy-enabled decarbonization substantially reduces electricity-sector water withdrawals by decoupling power generation from thermal cooling demand, offering direct water-demand co-benefits in a water-scarce context. Scenarios that assume the emergence of low-cost carbon capture and storage technologies, achieve smaller reductions in electricity water withdrawals due to the higher water demands associated with fossil generation equipped with these technologies. However, total water withdrawals remain dominated by agricultural irrigation, which continues to grow under all scenarios. LM reduces irrigation demand by constraining agricultural production, but introduces trade-offs with food production. The implications of these interactions could instigate a new policy landscape of WEL interactions in Chile’s near future, necessitating further attention to nexus implications of climate policies in water-scarce contexts."
10.1088/1748-9326/aeacfe,False,Environmental Research Letters,该论文主要关注巴西国内和国际市场对自然损失的影响，涉及农业、土地利用变化和经济驱动因素，与大气环境遥感技术（如空气质量监测、卫星观测、大气成分分析、气溶胶反演）无直接关系。,[],Damares Lopes Afonso;Fernando Salgueiro Perobelli;Weslem Rodrigues Faria;Erasmus Zu Ermgassen,The role of domestic and international markets in the loss of nature across Brazil,"Humans have converted a vast area of nature—forests, savannahs, wetlands, and grasslands—for agriculture. Though domestic markets account for more than 70% of global agricultural production and land use change, domestic supply chains and end-uses are rarely mapped. Here, we present an inter-regional input–output model for Brazil, a major agricultural producer and market with an active agricultural frontier, experiencing 70 Mha hectares of vegetation conversion since 2000. We capture the drivers of conversion in each of Brazil’s six biomes from 2010–2015, linking them to 36 economic sectors and 47 Brazilian regions and four external trading partners: the European Union, the United States, China, and the Rest of the World. We find that 37.8% of conversion was driven by local (within-state) consumption, 35.2% driven by demand from other Brazilian states, and the remaining 27% for international trade. Overall, the area of non-forest conversion exceeded that of forests, notably for the domestic market and exports to China. Our approach reveals how conversion percolates throughout the economy, with many sectors indirectly sourcing conversion-associated products and by-products. Notably, we link 10.3% of conversion to dairy consumption and 7.9% of conversion to service sectors, such as Horeca (hotels, restaurants, and cafés). While current environmental governance efforts largely focus on zero-deforestation pledges and first-mile traceability (e.g. from farms to slaughterhouses) our results provide a basis for accountability efforts to look upstream, engaging the retail, dairy, leather, and processed food sectors which use products linked to the loss of nature across each of Brazil’s biomes."
10.1088/1748-9326/aeadb6,True,Environmental Research Letters,该论文研究的是近地表风速的变化及其长期趋势，这与大气环境遥感技术密切相关，因为风速是大气成分和空气质量监测的重要参数。论文中提到的“全球静止”现象、人为外部强迫（如温室气体和气溶胶排放）对风速的影响，以及气候预测模型在模拟这些现象方面的局限性，都与大气环境遥感技术的研究方向一致。因此，该论文与大气环境遥感技术（如空气质量监测、卫星观测、大气成分分析、气溶胶反演）密切相关。,"['air quality monitoring', 'atmospheric composition', 'aerosol retrieval', 'decadal climate predictions', 'Northern Hemisphere Wind Stilling']",Paul-Arthur Monerie;Jon I Robson;Reinhard Schiemann;David J Brayshaw;Benjamin W Hutchins;Weihua Cao;Zengyuan Guo,Decadal climate predictions correctly forecast the direction of Northern Hemisphere Wind Stilling but underestimate its magnitude,"Near-surface (10 m) wind speed over land decreased on average over the Northern Hemisphere between 1980 and 2010, a phenomenon that has become known as global stilling. We show that the multi-model decadal predictions are able to capture the aforementioned decrease in wind speed from one to ten years ahead. However, the decadal predictions, and coupled models more generally, also substantially underestimate the magnitude of this long-term near-surface wind (NSW) trend. In the models, the decreasing NSW trend is driven by anthropogenic external forcings. Specifically, changes in atmospheric greenhouse gas concentrations drive NSW speed trends over Europe, North America, and East Asia, while anthropogenic aerosol emissions play a key role over India and China. Despite the model limitations, decadal climate predictions could provide useful information for the energy sector with proper calibration."
10.5194/acp-26-14051-2026,True,Atmospheric Chemistry and Physics,该论文使用GEMS卫星数据监测泰国的大气污染，特别是氮氧化物（NOx）排放。研究涉及卫星观测、空气质量监测和大气成分分析，与大气环境遥感技术密切相关。,"['GEMS', 'NOx', 'satellite observations', 'atmospheric pollution', 'WRF-Chem']",Worapop Thongsame;Daven K. Henze;Gabriele Pfister;Rajesh Kumar;Mary Barth,Constraints on NOx emission in Thailand using GEMS satellite data,"Air pollution from nitrogen oxides threatens human health in Thailand. We used a brand new geostationary satellite (GEMS) to measure air pollution and update emissions for modeling in Thailand. Our updated emissions improve model performance compared to other satellites. Additionally, our work reveals data inconsistencies in North Thailand between two satellites. This shows the potential of geostationary satellites and the requirement for calibration and bias correction. 
 Nitrogen oxides (NOx=NO+NO2) are key pollutants that contribute to ozone and secondary aerosol formation, posing environmental and health risks. Accurate simulation and forecasting of NOx pollution is essential for developing mitigation strategies. Local inventories in Thailand are infrequently updated, leading researchers to use global inventories such as CAMS-GLOB-ANT for simulation. Global inventories carry uncertainties due to assumptions in emission factors, outdated activity data, and coarse temporal resolution. To address these limitations, this study applies a top-down approach to update NOx emissions in Thailand using the iterative finite difference mass balance (IFDMB) method. Tropospheric NO2 vertical column densities (VCDs) from GEMS version 3 are integrated with the WRF-Chem to refine CAMS-GLOB-ANT emissions for September 2023. The simulations with posterior emissions are evaluated against TROPOMI NO2 VCDs and surface NOx concentration. Results show that the baseline simulation overestimates NO2 VCDs across Thailand compared with GEMS, except in North Thailand. GEMS reports substantially higher NO2 than TROPOMI – particularly over Lampang – reflecting retrieval uncertainty associated with the a priori profiles used in version 3. Consequently, IFDMB reduces NOx emissions across most regions but increases in the North. The increase is attributed primarily to a retrieval artifact rather than to a genuine emission underestimate. Baseline NOx emissions in Thailand are 35 852 Mg per month with North Thailand and 30 699 Mg per month without North. Our posterior emissions over three IFDMB schemes are 25 994, 34 808, and 36 870 Mg per month with North, and 15 376, 26 523, and 27 087 Mg per month without North. These adjustments improve model bias and error relative to GEMS. However, when evaluated against TROPOMI, we find an increase in the bias for North Thailand, likely due to discrepancies between GEMS and TROPOMI retrievals. These discrepancies highlight the importance of future retrieval algorithm improvement and calibration across satellite products. Comparisons to surface observations indicate that IFDMB shifts the NOx peak to later than observations. This is because observations are strongly influenced by local transportation sources, which are hard to observe and retrieved by GEMS and the model, respectively."
10.5194/essd-18-7367-2026,True,Earth System Science Data,该论文使用深度学习技术（LSTM）结合卫星观测数据来估算北美地区的净生态系统CO2交换，这与大气环境遥感技术中的卫星观测和大气组成分析密切相关，因此属于强相关领域。,"['LSTM', 'net ecosystem CO2 exchange', 'satellite land surface observations']",Chengcheng Huang;Wei He;Brendan Byrne;Ngoc Tu Nguyen;Jingfeng Xiao;Hua Yang;Philippe Ciais;Songhan Wang;Xing Li;Han Ma;Peipei Xu;Mengyao Zhao;Hui Chen;Weimin Ju,Improved estimation of net ecosystem CO2 exchange over North America using LSTM-based flux  upscaling (2001–2021),"We created MemoryFlux, a new dataset that showed how ecosystems across North America absorbed and released carbon from 2001 to 2021. Using a deep-learning approach trained on historical climate and environmental conditions, we improved estimates of land carbon exchange and captured carbon anomalies associated with major droughts and floods. MemoryFlux provides a more reliable view of carbon cycling and improves our understanding of how ecosystems respond to a changing climate. 
 Accurate estimation of regional-scale terrestrial carbon budgets is of great importance but remains challenging. With particular advantages, the Long Short-Term Memory (LSTM) network method shows potential for improving regional carbon budget upscaling estimations. Here, using LSTM, we upscaled regional net ecosystem carbon exchange (NEE) with available flux tower measurements and satellite land surface observations in North America. With well-established ecosystem-specific LSTMs, we produced monthly NEE at a spatial resolution of 0.1°×0.1° over 2001–2021 (labelled as MemoryFlux). Unlike existing upscaling estimates, our dataset properly identified the Midwest Corn Belt as a region of large seasonal carbon uptake during the peak growing season, a feature revealed by previous top-down studies and recognized as a model benchmark. Moreover, the seasonal variations in NEE estimated by MemoryFlux were strongly correlated with those from independent atmospheric inversions, including the ensemble mean of the Orbiting Carbon Observatory-2 Model Intercomparison Project (OCO-2 v10 MIP; r=0.96, p<0.001) and CarbonTracker2022 (CT2022) (r=0.97, p<0.001). The mean annual NEE was estimated at −1.27 ± 0.12 Pg C yr−1, which was closer in magnitude to inversions (−0.83 to −0.70 Pg C yr−1) than existing upscaling estimates (−3.30 to −1.68 Pg C yr−1). In addition, MemoryFlux captured spatial NEE anomaly patterns associated with six selected severe drought and flood events. We further found that explicitly incorporating historical predictor information improved the representation of NEE interannual variability and spatial anomalies associated with climate extremes. MemoryFlux provides an improved bottom-up estimation of North American NEE and shows greater consistency in magnitude with independent atmospheric inversion estimates than several existing EC-based upscaling products. The MemoryFlux dataset is available at https://doi.org/10.5281/zenodo.20482274 (Huang and He, 2026)."
10.5194/gmd-19-9463-2026,True,Geoscientific Model Development,该论文研究的是城市地表的能源交换过程，虽然不直接涉及大气环境遥感技术，但其研究内容与城市空气质量、气候环境等密切相关，因此可以认为与大气环境遥感技术有一定关联。,"['land surface model', 'urban climate', 'energy fluxes']",Morgane Lalonde;Sophie Bastin;Ludovic Oudin;Pedro Felipe Arboleda-Obando;Agnès Ducharne,Benchmarking a new urban scheme in the ORCHIDEE 2.2  land surface model,"Some climate models still represent cities as if they were natural ground. For one of these models, we built a new way to represent cities. The update includes how reflective surfaces are, building height, stored heat, and how much ground is sealed. The novelty is to treat sealed ground not only at the surface, but also below it. Tested at twenty urban sites, the new version better represents exchanges of energy between the ground and the air, supporting more reliable urban climate studies. 
 Urban areas change natural surface energy and water balances, yet some land surface models still represent cities as natural surfaces. In this study, we present the development of a one-tile urban scheme for the ORCHIDEE land surface model, designed to improve the representation of urban processes, particularly for high-resolution applications. The scheme incorporates key urban parameters such as albedo, building height, thermal properties, and imperviousness. We propose a novel physically-based approach for representing imperviousness, by modifying saturated hydraulic conductivity to account for both surface and subsurface impacts. Off-line simulations across 20 urban flux tower sites show improved performance in sensible and latent heat fluxes with the new urban scheme, compared to the original baresoil representation. Mean absolute error (MAE) evaluation confirms improved model skill, aligning with benchmark results from the Urban-PLUMBER intercomparison. The scheme also captures expected urban hydrological signatures, such as increased surface runoff, though some reductions in subsurface runoff may be less consistent with observed urban recharge patterns. This work lays the foundation for applying ORCHIDEE at the basin scale and in high-resolution convection-permitting simulations for urban hydroclimate studies. Perspectives include refining thermal parameter choices, integrating anthropogenic heat fluxes, and conducting high-resolution simulations to assess hydrological performances using observed streamflow data."
10.5194/gmd-19-9441-2026,True,Geoscientific Model Development,该论文研究了南极冰架下海洋与冰盖的相互作用，使用了卫星观测数据来评估模型，并与三维海洋模型进行了比较，这与大气环境遥感技术中的卫星观测和大气成分分析密切相关。,"['ocean model', 'Antarctic', 'satellite observations', 'sub-shelf melting', 'ice sheet model']",Erwin Lambert;Franka Jesse;Constantijn J. Berends,The one-Layer Antarctic model for Dynamical Downscaling of Ice–ocean Exchanges (LADDIE) version 2.0,"The future contribution of Antarctica to sea-level rise is strongly dependent on the melting of floating ice shelves by the underlying ocean. Here, we present version 2 of the two-dimensional ocean model LADDIE. We evaluate the model by comparing it to three-dimensional ocean models and satellite observations, showing good performance at low computational cost. With this open-source model, we hope to contribute to the evolution toward more realistic melting in ice sheet model simulations. 
 Projections of Antarctic mass loss and its contribution to sea-level rise are highly sensitive to the applied ocean-driven melting. As fully coupled continental-scale ocean–ice sheet models are scarce, ice sheet models are typically run in standalone configurations, forced with parameterised sub-shelf melting. To provide a physically more detailed alternative to melt parameterisations, we here present version 2.0 of the one-Layer Antarctic model for Dynamical Downscaling of Ice–ocean Exchanges (LADDIE). LADDIE is a two-dimensional model of the upper mixed layer below ice shelves and can reproduce observed spatial patterns in sub-shelf melting. Version 2.0 has improved computational performance due to parallellisation, discretisation on an unstructured mesh, and a more stable time stepping scheme. The model is fully integrated with the UFEMISM ice sheet model, allowing for coupled simulations on the same mesh. We evaluate the model by comparing it to LADDIE 1.0, showing that the simulated melt patterns are consistent across both model versions, whilst the computation time can be reduced by one order of magnitude due to parallellisation. The model is evaluated against an ensemble of 3D ocean models in both idealised and realistic pan-Antarctic domains at 2 km resolution. In both cases, LADDIE melt rates, melt patterns, and melt sensitivities are close to the multi-model mean. An evaluation against four pan-Antarctic satellite estimates, shows an overall good agreement in integrated melt rates per ice shelf, without the need for regional tuning. At a resolution of 120 m, LADDIE is able to reproduce the fine-scaled network of basal channels, observed on Pine Island ice shelf. Finally, we compare an idealised coupled UFEMISM–LADDIE simulation to a simulation with a quadratic melt parameterisation. The coupled simulation produces a threefold increase in grounding line retreat and volume above floatation loss. Based on these results, we conclude that LADDIE 2.0 can be a useful tool to simulate ice–ocean interactions in a computationally efficient way."
10.5194/gmd-19-9489-2026,False,Geoscientific Model Development,该论文主要关注降雨模拟和水文过程研究，虽然涉及降雨数据，但与大气环境遥感技术（如空气质量监测、卫星观测、大气成分分析、气溶胶反演等）没有直接关联。,"['rainfall simulation', 'disaggregation', 'hydrological processes']",Francesco Cappelli;Salvatore Grimaldi;Andrea Petroselli;Emanuele Santinami,Virtual Rain v1.0: a unified toolkit for high-resolution  rainfall simulation and disaggregation,"Rainfall information is essential for flood studies and water management, but detailed records are often unavailable. We developed Virtual Rain, an open toolkit that generates realistic rainfall series and converts daily rainfall data into finer time scales. Using commonly available rainfall records and information on rainfall extremes, the tool reproduces key rainfall characteristics with good accuracy. It is freely available through open-source software and an interactive web platform. 
 Stochastic simulation models are essential for investigating hydrological processes and supporting water resource management. In this study, we introduce Virtual Rain, a software toolkit that first generates synthetic daily rainfall time series and then disaggregates them to a user-defined temporal resolution. The toolkit implements and integrates the approaches recently proposed by some of the authors, ensuring a realistic representation of rainfall dynamics while preserving key statistical properties. The framework is implemented through a set of Python and R routines designed to facilitate practical application. In addition to providing observed rainfall time series and the scaling exponent n (Intensity–Duration–Frequency slope), users can configure key modelling components, including the marginal distribution, autocorrelation structure, number of lags, and target temporal resolution. The routines generate both graphical and quantitative outputs, enabling direct comparison between observed and simulated series. Rather than introducing new stochastic rainfall methodologies, Virtual Rain provides the first publicly available implementation of an integrated workflow combining the CoSMoS-2s daily rainfall generator and the MRC rainfall disaggregation model within a unified software environment. Virtual Rain is demonstrated through a real-world case study, illustrating the functionality and usability of the implemented workflow. The toolkit is also available through an interactive web-based platform, facilitating its use by a broad range of users."
10.1029/2026GL122530,True,Geophysical Research Letters,该论文研究了使用远程GNSS站的电离层观测数据来估算地震引起的地表隆起，涉及电离层总电子含量（TEC）的测量和分析，这与大气环境遥感技术中的电离层观测和分析密切相关，因此是高度相关的。,"['ionospheric observations', 'GNSS stations', 'ionospheric total electron contents (TEC)']",Mala S. Bagiya;Shubham K. Rajewar;Kosuke Heki;Vineet K. Gahalaut;Neeraj Gurjar;A. P. Dimri,An Innovative Approach for Estimating Coseismic Surface Uplifts Using Ionospheric Observations From Remote GNSS Stations: First Application for the 2025 Myanmar Earthquake,The Mw 7.7 Myanmar earthquake on 28 March 2025 ruptured ∼480 km of the Sagaing Fault. Its fault slip distribution remains poorly constrained by three‐dimensional surface displacement data due to sparse GNSS‐coverage near the fault. Satellite‐based synthetic aperture radars capture meters of right‐lateral displacements but isolating vertical crustal movements from these measurements is challenging. We present a new way to map vertical displacements distributed along the fault using ionospheric total electron contents (TEC) variability measured by GNSS stations located >300 km away from the epicenter along the India‐Myanmar border. We identified three distinct peaks in the TEC time‐series. The arrival times and amplitudes of these peaks are used to determine the positions and relative strengths of three acoustic wave sources. These results are compared with slip distribution inferred from seismological observations. The study demonstrates the capability of this innovative‐approach to constrain coseismic uplifts indirectly using ionospheric data at remote GNSS stations.
10.1029/2026GL122440,True,Geophysical Research Letters,该论文研究月球的米级表面粗糙度，使用激光测高计（一种遥感技术）从轨道上获取数据，这与大气环境遥感技术中的卫星观测和地表分析相关。虽然主要关注月球表面，但其方法和技术与大气环境遥感中的数据获取和分析有相似之处。,"['Lunar Orbiter Laser Altimeter', 'surface roughness', 'remote sensing', 'atmospheric composition analysis']",Hephzibah Christopher;Indujaa Ganesh,Meter‐Scale Roughness of the Lunar Surface,"Small‐scale surface roughness is a key indicator of local geological processes, yet it has not previously been mapped globally on the Moon. We present global meter‐scale surface roughness maps generated from the Lunar Orbiter Laser Altimeter pulses, which record information about surface undulations within the instrument's ∼5 m individual footprint. Our mapping reveals signatures of recent surface modification, including rough Copernican‐aged impact craters, and steep crater walls consistent with active mass wasting. At the poles, permanently shadowed regions are smoother than nearby sunlit areas, consistent with possible near‐surface ice, and Artemis III candidate landing regions exhibit diverse roughness conditions. These maps complement existing longer‐baseline roughness products, provide constraints for interpreting radar remote sensing observations, capture topographic variability at spatial scales relevant to surface missions, and reveal recent modification of the lunar surface."
10.1029/2026GL125856,True,Geophysical Research Letters,该论文研究了矿物学不均匀性对沙尘气溶胶的光学特性和激光雷达观测结果的影响，涉及沙尘气溶胶的光学模型、单次散射特性、偏振蒙特卡洛辐射传输模拟以及激光雷达比等，这些都是大气环境遥感技术的重要研究领域。,"['dust aerosols', 'lidar observables', 'refractive indices', 'atmospheric composition', 'remote sensing']",Dongchen Li;Ping Yang,Effects of Mineralogical Inhomogeneity on Aggregate Dust Optical Properties and Lidar Observables,"Dust aerosols comprise irregular grains and aggregates with various mineralogical mixtures. However, most optical models use effective refractive indices to represent particles. This study develops an inhomogeneous aggregate model assigning mineral‐dependent refractive indices to constituent elements and representing global mineral volume fractions. A synergistically unified approach combining the invariant‐imbedding T‐matrix, improved geometric optics, and physical‐geometric optics methods computes the single‐scattering properties. Furthermore, polarized Monte Carlo radiative transfer simulations are conducted to quantify lidar observables. Mineralogical inhomogeneity has little effect on the extinction efficiency but substantially affects the single‐scattering albedo, asymmetry factor, backscatter, lidar ratio, depolarization, and phase‐matrix elements, with pronounced impact for effective radii above approximately 1 μm. Simulated depolarization and attenuated backscatter are higher for inhomogeneous aggregates than the homogeneous counterparts. Homogeneous effective‐medium models can preserve extinction while introducing biases in polarization and lidar‐sensitive properties, with downstream implications for dust optical and microphysical retrievals."
10.1029/2026GL124747,True,Geophysical Research Letters,该论文研究极端降水趋势的观测与地球系统模型之间的差异，涉及大气环境变化和模型模拟，与大气环境遥感技术（如卫星观测和大气成分分析）密切相关。,"['Earth System Models', 'extreme precipitation', 'observational data sets', 'atmospheric composition']",Frances V. Davenport;Danielle Touma,Discrepancies in Extreme Daily and Monthly Precipitation Trends Between Observations and Earth System Models,"While extreme precipitation is expected to intensify globally in a warming climate, changes in extreme precipitation on regional scales remain uncertain. To understand how well Earth system models (ESMs) capture recent changes in regional extreme precipitation, we compare trends in daily and monthly extreme precipitation across multiple observational data sets and three ESM ensembles. Observations and ESMs show similar increases in the percent of land area with positive trends in daily precipitation extremes over time, but ESMs underestimate the magnitude of both positive and negative observed trends in daily extremes. For monthly extremes, ESMs simulate much more widespread increases compared to observations in recent decades. As a result, many recent observed decreasing trends in monthly extreme precipitation fall outside the model distribution. We find similar results when comparing observed trends to those in high‐resolution simulations. These results highlight ongoing challenges in constraining the magnitude of regional extreme precipitation change."
10.1029/2026GL124720,False,Geophysical Research Letters,该论文主要研究地球内部核心的成核过程，涉及镍对成核过程的影响，与大气环境遥感技术（如空气质量监测、卫星观测、大气成分分析、气溶胶反演）无直接关系。,"['atomistic simulations', 'Fe–Ni alloys', 'nucleation']",Jiahui Zhai;Liangrui Wei;Chen Gao;Yang Sun,Quantifying the Effects of Nickel on Earth’s Inner‐Core Nucleation,"The formation of Earth’s solid inner core marks a major transition in the thermal and chemical evolution of the deep Earth, yet its origin remains paradoxical, as initial nucleation appears to require unrealistically large undercooling in the outer core. Here, we use atomistic simulations to quantify how Ni affects this process under inner‐core conditions. While Fe–Ni alloys preserve strong thermodynamic competition between the hcp and bcc phases, the bcc phase consistently forms smaller critical nuclei and has lower nucleation barriers than hcp. Increasing Ni content in the melts further lowers the nucleation barrier and shortens the nucleation waiting time. Local chemical fluctuations also strongly affect the macroscopic nucleation rate. Combining these effects, bcc nucleation in Fe80Ni20 reaches about 250 K of undercooling, approaching geophysical constraints. We demonstrate that Ni enrichment, bcc nucleation, and chemical heterogeneity substantially narrow the inner‐core nucleation paradox."
10.1029/2026GL124745,True,Geophysical Research Letters,该论文研究的是月球尘埃在真空紫外线照射下的带电和局部尘埃释放现象，这与大气环境遥感技术中的尘埃和空气成分分析密切相关。研究涉及紫外线照射、尘埃带电等，这些内容属于大气环境遥感技术的研究范畴。,"['lunar dust', 'VUV irradiation', 'atmospheric charging', 'dust mobilization']",Yun Chen;Lifang Li;Tianhao Liu;Ruxian Tang;Bingqian Nan;Yang Li;Hong Jin;Jihong Yan;Xiongyao Li;Xiaoping Zhang,Meter‐Scale Lunar Dust‐Bed Charging and Local Apparent Dust Release Under Ultraviolet Irradiation,"Vacuum ultraviolet (VUV) irradiation charges lunar regolith and may contribute to electrostatic dust mobilization, but meter‐scale laboratory constraints remain limited. We developed a meter‐scale deuterium‐lamp‐array VUV system that combines optical‐path superposition and stable array stitching to produce a controlled lunar‐relevant photon field for dust‐bed charging. Simulations and measurements show a centrally enhanced irradiance field, with a peak intensity of 0.73 W/m2 and stable output exceeding 0.35 W/m2. We measure the bed‐scale average surface potential of <100 μm lunar dust simulant under high vacuum, which reaches 3.655 V after 60‐min VUV exposure. Spatially heterogeneous potential distributions indicate charge retention and redistribution within the insulating granular bed. A single usable vertically mounted quartz crystal microbalance channel records an apparent mass loss of 23.42 ng under 45‐min VUV irradiation. These measurements constrain meter‐scale dust‐bed charging and local apparent mass change under lunar‐relevant VUV irradiation."
10.1029/2026GL123664,True,Geophysical Research Letters,该论文研究利用机器学习技术结合雨滴谱仪观测和环境大气变量来改进雨滴大小分布的反演，这与大气环境遥感技术中的空气质量监测、卫星观测和大气成分分析等领域密切相关，因为它涉及大气物理过程和数值模型改进。,"['raindrop size distribution', 'machine learning', 'atmospheric variables']",Limin Lin;Huiling Yuan;Xuwei Bao;Shangshang Yang;Lin Deng;Shuai Zhang;Yuanming Zhao,Enhanced Retrieval of Raindrop Size Distribution by Integrating Disdrometer Observations and Atmospheric Variables With Machine Learning,"Accurate representation of raindrop size distribution (DSD) is crucial for understanding precipitation microphysics and improving quantitative precipitation forecasting. Conventional methods in numerical models often prescribe the DSD shape parameter as a constant or derive it from empirical relationships based solely on disdrometer observations, limiting their ability to capture DSD variability driven by dynamic, thermodynamic, and microphysical processes. This study develops a machine learning (ML) framework integrating disdrometer observations with environmental atmospheric variables to retrieve DSD parameters. Trained on data from 11 stations in Shanghai during 2019–2021, three ML models outperform conventional methods, effectively reducing biases and capturing observed DSD variability. They remain robust in independent heavy‐rainfall and tropical cyclone validations during 2022–2025, providing reliable DSD and rain rate estimates. Feature analysis and ablation experiments further underscore the critical role of environmental factors in improving retrieval accuracy, offering a data‐driven pathway to improve DSD parameterizations in numerical models."
10.1029/2026GL124894,True,Geophysical Research Letters,该论文研究了行星边界层（PBL）湍流对登陆热带气旋强度的影响，涉及大气动力学和热力学变化，这与大气环境遥感技术中的空气质量和大气成分分析密切相关，因为了解热带气旋的强度变化有助于监测和预测大气环境变化。,"['tropical cyclones', 'landfall', 'PBL turbulence']",Kwun Yip Fung;Ping Zhu;Jun A. Zhang;Xuejin Zhang,Contrasting Effects of Turbulence on Tropical Cyclones During Landfall,"Planetary boundary layer (PBL) turbulence modulates tropical cyclone (TC) intensity through competing mechanisms: (a) frictional dissipation that weakens TCs and (b) frictional convergence that drives stronger low‐level inflow and intensifies TCs. Three landfalling TCs (Beryl, Francine, and Milton) were simulated to examine how enhanced PBL turbulence affects TC intensity during landfall. Over the ocean, enhanced turbulence amplifies TC intensity through strengthening frictional convergence, low‐level inflow, leading to enhanced eyewall updraft and core downdraft, concurrently with higher surface latent heat flux, which maintains a warmer mid‐level core. Upon landfall, enhanced turbulence accelerates TC decay by strengthening frictional convergence and low‐level inflow. This process entrains cool and dry continental air from the PBL into the mid‐levels, reducing mid‐level moist static energy and producing a cooler core. These results demonstrate that boundary layer turbulence exerts opposing effects across the ocean–land transition through both dynamical and thermodynamical changes."
10.1029/2026GL123820,True,Geophysical Research Letters,该论文研究亚马逊盆地干旱的主要驱动因素，涉及大气蒸散量、辐射和云覆盖等与大气环境相关的概念，与大气环境遥感技术（如空气质量和气候变化监测）密切相关。,"['potential evapotranspiration', 'atmospheric thirst', 'shortwave radiation', 'dry-season cloud cover', 'hot droughts']",Yizhou Zhuang;Zhen Lu;Xusheng Tang;Meng Gao,The Growing Role of Evaporative Demand in Driving Record‐Breaking Droughts in the Amazon Basin,"Amazon droughts have historically been driven by precipitation deficits, but recent escalating drought events highlight a regime shift toward “hot droughts.” By decomposing historical drought drivers (1979–2024), we show that rising evaporative demand (represented by potential evapotranspiration, PET) now acts as a primary driver of drought intensification. While rainfall deficits remain the dominant contributor to the record‐breaking 2024 drought, escalating atmospheric thirst almost doubled its severity. Rising PET also expands the total drought footprint, disproportionately amplifying exceptional (D4) droughts and nearly tripling their affected area in 2024 compared to precipitation deficits alone. This PET increase is forced comparably by background warming and increased shortwave radiation; neutralizing either factor during 2024 reduces D4 drought coverage by 25%–33%. Linked to observationally confirmed declines in dry‐season cloud cover, these compounding thermodynamic and radiative feedbacks are driving a shift toward increasingly extreme hot droughts across the Amazon."
10.1029/2026GL124322,False,Geophysical Research Letters,该论文研究的是美国东海岸海平面变化与海洋开放区域变化的关联性，主要涉及海洋动力学和海平面变化，与大气环境遥感技术（如空气质量监测、卫星观测、大气成分分析、气溶胶反演等）没有直接关系。,"['sea-level change', 'ocean model', 'steric setup', 'coastal sea levels', 'density']",Jacob M. Steinberg;Stephen M. Griffies;Christopher G. Piecuch,Steric‐Setup Effects on US East Coast Sea‐Level Change,"The extent to which coastal sea levels co‐vary with open‐ocean variability is explored through evaluation of a balanced dynamics framework relating sea level with pressure, density, and velocity along the continental shelf and slope seafloor. Using high‐resolution regional ocean model output, we develop and evaluate this relationship at 34 stations along the US East Coast. Variability in the extent of cross‐shore connectivity is explained through joint consideration of density and topography structure, an evaluation of steric setup. In the northern sector, reconstructed coastal sea levels have high skill over the continental shelf, while further south, skill increases are achieved when considering variability over the continental slope. These differences are attributed to differing seafloor hypsometries that shape density and along‐shore current structure. Results reveal regions of influence for points along the coast and establish a dynamical link to offshore changes in density classes associated with large scale ocean dynamics."
10.1029/2026GL124715,True,Geophysical Research Letters,该论文研究的是高层大气（热层）中正氦（He(23S)）大气辉光亮度的异常增强现象，这与空间天气和大气动力学密切相关，属于大气环境遥感技术的研究范畴，特别是通过光学观测手段监测大气成分和现象。,"['He(23S)', 'airglow', 'geomagnetic storm', 'upper thermosphere', 'space weather']",Takanori Nishiyama;Masato Kagitani;Noora Partamies;Daniel Whiter;Takuo T. Tsuda;Yasunobu Ogawa;Fred Sigernes,Unusual Enhancement in He(23S) Airglow Brightness Associated With Interplanetary Magnetic Field Northward Turnings During the 2025 New Year's Day Storm,"The upper thermosphere is important in the context of space weather, but continuous monitoring of the thermosphere at high latitudes remains limited despite its strong variations associated with geomagnetic activity. Orthohelium, He(23S), is found from the upper thermosphere to lower exosphere, and is a promising tracer of atmospheric dynamics. Here we report on unusual enhancements in He(23S) airglow during a severe geomagnetic storm on New Year's Day in 2025, associated with impulsive changes in the solar wind. Multi‐spectral optical observations show that the enhancement at the cusp coincided with electron and proton aurora and an increased He+ $\mathrm{H}{\mathrm{e}}^{+}$ density at an altitude of 850 km. The morphology of the He(23S) airglow closely matched that of electron aurora. The observed enhancement was attributed to electron precipitation and recombination of upwelling He+ $\mathrm{H}{\mathrm{e}}^{+}$, while charge exchange of precipitating He+ $\mathrm{H}{\mathrm{e}}^{+}$ and α $\alpha $‐particles had a minor role in causing the airglow."
10.1029/2026GL125752,True,Geophysical Research Letters,该论文研究的是地磁暴期间磁尾中磁通量的增强现象，涉及磁层与电离层之间的相互作用，这与大气环境遥感技术中的卫星观测和大气成分分析有较强的关联，因为磁通量的变化会影响大气层的电离状态和等离子体分布，进而影响空气质量监测等应用。,"['Kelvin-Helmholtz instability', 'magnetotail', 'magnetosheath', 'reconnection', 'magnetic flux']",Brandon L. Burkholder;Katariina Nykyri;Xuanye Ma;Lauri Holappa;Harsha Gurram;Rachel C. Rice;David Sibeck;Dinesh K. V. Radhakrishnan,Enhancement of Magnetic Flux Transferred to the Magnetotail Due to a Storm‐Time Kelvin‐Helmholtz Instability,"Along the flank magnetopause, magnetosheath flow interfaced with the relatively stationary magnetosphere produces strong flow shears, and the Kelvin‐Helmholtz instability (KHI) occurs. When the interplanetary magnetic field (IMF) is southward, anti‐parallel day‐side reconnection and KHI can interact, which may enhance the reconnection rate as KHI compresses the current layer and increases the length of the x‐line. If this reconnection transports sufficient magnetic flux into the magnetotail, it may disrupt the magnetotail current sheet. This study examines a Multiscale Atmosphere Geospace Environment (MAGE) simulation of the 10–11 October 2024 geomagnetic storm to quantify the contribution of magnetic flux transported into the magnetotail that is generated where KHI and the anti‐parallel x‐line are co‐located. During a 15‐min interval, the KH unstable dawn flank magnetopause reconnects ∼13% of the flux added to the northern lobe from the subsolar region, or ∼5% of the total magnetospheric open flux."
10.1029/2026GL126592,True,Geophysical Research Letters,该论文研究了POES/MetOp卫星在量化高能电子降水方面的技术，涉及卫星观测、大气成分分析等技术，与大气环境遥感技术密切相关。,"['POES/MetOp', 'energetic electron precipitation', 'CR90/CR0', 'azimuthal drift', 'atmospheric remote sensing']",Weichao Tu;Zhi‐Gu Li,Impact of Realistic Detector Response and Azimuthal Drift on the Quantification of Energetic Electron Precipitation Using POES/MetOp,"Quantifying energetic electron precipitation is essential for understanding ring current and radiation belt loss, as well as magnetosphere‐ionosphere‐atmosphere coupling. The count rate ratio between the 90° and 0° telescopes (CR90/CR0) on POES/MetOp satellites is a commonly used proxy for precipitation and pitch‐angle diffusion rates (DW ${D}_{W}$). Traditional interpretations assume nominal detector fields‐of‐view and neglect azimuthal drift. Using a comprehensive Drift‐Diffusion model, we quantify for the first time the combined effects of realistic detector angular responses, including significant out‐of‐field contributions, and azimuthal drift on the CR90/CR0 versus DW ${D}_{W}$ relationship. Realistic responses cause this relationship to flatten as diffusion weakens, while azimuthal drift increases the CR90/CR0 ratio, creating significant longitudinal and hemispheric dependencies. Neglecting these combined effects during slow diffusion leads to substantial overestimation of DW ${D}_{W}$ and precipitation flux, resulting in significantly overestimated ionospheric ionization rates. This study provides a more accurate framework for resolving DW ${D}_{W}$ and electron precipitation using low‐altitude satellite data."
10.1029/2026GL124209,False,Geophysical Research Letters,该论文研究的是俯冲带前缘地壳的应力分布，涉及地壳和地幔的物理性质，与大气环境遥感技术（如空气质量监测、卫星观测、大气成分分析、气溶胶反演）没有直接关系。,"['subduction zones', 'forearc mantle', 'serpentinization']",Viven Sharma;Ikuko Wada,State of Stress in Subduction Zone Forearcs: Influence of the Mantle Wedge Corner and Serpentinization,"We investigate the role of the elasticity and density of the forearc mantle wedge corner on the stress distribution in the forearc region of subduction zones, using numerical quasi‐2D lithospheric deformation models for the Cascadia, Nankai, NE Japan, and Costa Rica subduction zones. We incorporate the forearc mantle wedge corner as an elastic domain within the overriding lithosphere with physical properties that reflect reported degrees of serpentinization. In the models, we also incorporate reported values of effective friction coefficient (μ) and the downdip extent of frictional coupling (DoC) for the four subduction systems. Our models predict horizontal deviatoric tension in the wedge and the overriding crust in Cascadia and Nankai due to the buoyancy and elasticity of the wedge corner and relatively low DoC and μ. In NE Japan and Costa Rica, the plate coupling force dominates over the effect of the mantle wedge corner, resulting in horizontal deviatoric compression."
10.1029/2026GL125340,True,Geophysical Research Letters,该论文使用卫星观测数据分析了热带气旋内部和外围区域的降水如何受移动速度和强度的影响，这与大气环境遥感技术（如卫星观测和大气成分分析）密切相关。,"['tropical cyclone', 'satellite-derived precipitation data', 'atmospheric composition analysis']",Jingzhe Xu;Shuguang Wang,Distinct Dependencies of Tropical Cyclone Inner‐Core and Outer‐Region Precipitation on Translation Speed and Intensity,"This study analyzes how tropical cyclone (TC) precipitation in the inner core (IC) and outer region (OR) varies with translation speed and storm intensity using satellite‐derived precipitation data. Inner core precipitation initially increases with translation speed but decreases at higher speeds, while OR precipitation increases nearly linearly with translation speed. Inner core precipitation is strongly linked to TC intensity, both with and without conditioning on translation speed, whereas OR precipitation increases with intensity primarily for stronger storms. As translation speed increases, the location of maximum precipitation shifts toward the forward‐left quadrant in the Northern Hemisphere, accompanied by a pronounced increase in rainfall magnitude. These results suggest that IC precipitation is primarily governed by storm dynamics, whereas OR precipitation is more sensitive to environmental forcing."
10.1029/2026GL125622,False,Geophysical Research Letters,本文主要研究的是海底浮石中的孤立气穴在海底斜坡稳定性方面的作用，与大气环境遥感技术（如空气质量监测、卫星观测、大气成分分析、气溶胶反演等）没有直接关系。,"['pumice', 'vesicles', 'submarine slope stability']",M. Manga,Preservation of Isolated Vesicles in Submarine Pumice and Implications for Submarine Slope Stability,"Pumice clasts from submarine eruptions contain abundant isolated vesicles that are completely encased in glass. As erupted clasts cool, gas inside isolated vesicles contracts, leading to low pressures inside those vesicles. Despite low pressures, isolated vesicles can be preserved in submarine pumice deposits to water depths of approximately 1–2 km because the compressive strength of glass exceeds the stresses created by the pressure difference between the inside of gas‐filled vesicles and the ambient pressure. If pumice rafts require abundant isolated vesicles, vents at greater depths are unlikely to form pumice rafts. Fracturing the glass enclosing isolated vesicles during shearing or slope failure would release low pressure vapor, lowering pore pressure and increasing effective stress in the sediment. Pumice‐rich deposits may thus strengthen during shear, making them more gravitationally and seismically stable than other submarine sediments."
10.1029/2026GL124671,True,Geophysical Research Letters,该论文研究了5G信号干扰对被动微波辐射的影响，而被动微波辐射是大气环境遥感技术中用于监测水汽含量的重要手段。论文涉及了微波辐射、大气成分分析和预报修正，与大气环境遥感技术密切相关。,"['passive microwave radiance', '5G interference', 'atmospheric water vapor', 'air quality monitoring', 'satellite observations']",Behzad Golparvar;Ruo‐Qian Wang;Shaghayegh Vosoughitabar;Michael Wu;Joseph Brodie;Narayan Mandayam,Projected 5G Interference Can Degrade Passive Microwave Radiance Assimilation and Alter High‐Impact Weather Forecasts,"Passive microwave radiances near 23.8 GHz constrain lower‐tropospheric water vapor, but this protected window lies adjacent to fifth‐generation (5G) telecommunications spectrum. We quantify how projected terrestrial 5G leakage propagates through county‐scale deployment projections, directional antenna geometry, synthetic contamination of AMSU‐A channel 1 radiances, and UFS–JEDI assimilation. In a representative 2040 scenario, radio‐frequency interference (RFI) over metropolitan corridors produces brightness‐temperature perturbations up to 3.75 K. For Hurricane Ida's extratropical remnants, low‐efficiency 2040 RFI altered the 12 hr forecast relative to a clean control, with local precipitation changes up to about 10 mm and 2 m temperature differences exceeding 2° $2{}^{\circ}$C. Forecast changes appeared near interference sources and downstream, including regions without mapped 5G infrastructure. The results identify two pathways by which adjacent‐band emissions can affect high‐impact forecasts: biased radiances retained by assimilation and RFI‐triggered quality‐control rejection. Forecast sensitivity depends on emissions, network efficiency, and RFI‐aware assimilation."
10.1029/2026GL123020,False,Geophysical Research Letters,该论文研究的是大气湍流的形成机制，虽然涉及大气科学，但主要关注的是湍流的物理生成过程，而非遥感技术在空气质量监测、卫星观测或大气成分分析中的应用。因此，它与大气环境遥感技术的关系不强。,"['Thorpe method', 'WRF model', 'turbulence', 'atmospheric overturning', 'static stability']",Han‐Chang Ko;Hye‐Yeong Chun,A Generation Mechanism of Thorpe‐Detected Turbulence: A Case Study Using WRF Model Simulation,"Turbulence in the free atmosphere has been widely estimated using the Thorpe method, which identifies vertical inversions in potential temperature profiles as evidence of overturning. However, the mechanisms driving Thorpe‐detected turbulence remain poorly understood, due largely to limitations in spatial and temporal resolution of observational and reanalysis datasets. This study presents the first real‐case numerical simulation of Thorpe‐detected turbulence using the Weather Research and Forecasting (WRF) model. The model successfully captures an observed case of moderate‐intensity turbulence, reproducing overturning structures at the correct location and time. A detailed analysis reveals that the turbulence formed below a tropopause elevated by developing convection, which reduced local static stability. The overturning occurred at the cloud top boundary by buoyancy gradients and was amplified through feedback with vorticity generation. The findings demonstrate that high‐resolution simulations can resolve the vertical overturning structures associated with Thorpe‐detected turbulence and provide insights into its physical generation mechanisms."
10.1029/2026GL123263,False,Geophysical Research Letters,该论文主要研究印度洋对流对厄尔尼诺现象下太平洋-北美响应的影响，涉及大气对流和气候模式，但未明确涉及大气环境遥感技术，如空气质量监测、卫星观测或气溶胶反演等。,"['El Niño', 'Indian Ocean', 'PNA', 'Walker circulation', 'atmospheric convection']",Xu Teng;Wenjun Zhang;Suqiong Hu,Indian Ocean Convection Modulates the Early‐Winter Pacific‐North American Response to El Niño,"The El Niño‐Southern Oscillation is a dominant driver of Pacific‐North American (PNA) variability on seasonal‐to‐interannual timescales through its influence on tropical Pacific convection. However, the early‐winter PNA response exhibits pronounced event‐to‐event diversity during El Niño. Here we show that this diversity is closely linked to variations in tropical convection across the Indo‐Pacific. Strong El Niño‐related convection over the tropical Pacific enhances convection over the tropical Indian Ocean via the Walker circulation. This Indian Ocean convection suppresses the early‐winter establishment of the PNA, thereby weakening the extratropical atmospheric response to Pacific forcing. Idealized linear baroclinic model experiments consistently reproduce these opposing influences, supporting a dynamical pathway through which Indo‐Pacific convection modulates early‐winter PNA variability during El Niño."
10.1029/2026GL123369,True,Geophysical Research Letters,该论文研究了利用机器学习和卫星观测数据（地静止11μm观测）构建和改进云气候学数据集的方法，涉及云覆盖趋势分析、薄云检测等，与大气环境遥感技术（如卫星观测、大气成分分析）密切相关，因此是强相关的。,"['3D Cloud Climatology', 'neural network', 'geostationary observations', 'cloud cover trends', 'atmospheric hydrometeors']",Adrià Amell;Simon Pfreundschuh;Patrick Eriksson,Fine‐Tuning a Machine‐Learned 3D Cloud Climatology Reveals Aspects of Cloud Cover Trends,"The Chalmers Cloud Ice Climatology (CCIC) is unique among long‐term cloud records: using retrievals from merged geostationary 11 μm observations, it provides continuous 3D estimates of both frozen hydrometeor mass and cloud probability. Here, we present a key update to CCIC: enhanced detection of thin clouds through tuning of its neural network cloud probability outputs. The update delivers robust information from local instantaneous retrievals to long‐term, large‐scale averages. We compare multidecadal, height‐resolved trends in cloud cover from CCIC and ERA5, revealing subtle but emerging long‐term changes in total cloud cover. By exploiting CCIC's capabilities, the contributions of different cloud types and thicknesses to these changes become clearer. This helps reconcile inconsistent trends between purely observational data and ERA5, suggesting that discrepancies stem from varying sensitivities to high, thin clouds."
10.1029/2026GL122474,True,Geophysical Research Letters,该论文研究了使用原子力显微镜测量海洋颗粒的尺寸和物理性质，这涉及对海洋中颗粒的表征，虽然不直接涉及大气环境遥感技术，但与大气环境中的颗粒物研究有间接关联，例如通过研究海洋颗粒物的物理性质来理解其在海洋和大气中的传输和循环过程。,"['atomic force microscopy', 'marine particles', 'particle size', 'physical properties']",Y. Yamada;T. Mochizuki;H. Fukuda;T. Nagata;S. Mitarai,Measurements of the Size and Physical Properties of Marine Particles Using Atomic Force Microscopy: Implications for Marine Biogeochemical Cycles,"Particle size and physical properties such as stiffness and adhesiveness affect sinking velocity and flux in the ocean, yet conventional two‐dimensional measurements lack accuracy and mechanical information. In this study, we applied atomic force microscopy (AFM) to quantify three‐dimensional size and physical properties of marine particles. Three hundred and sixty‐eight particles were collected using a marine snow catcher from the pycnocline and benthic boundary layer at three coastal‐to‐offshore stations in the northwestern Pacific. Particle equivalent spherical diameters (ESDs) ranged from 0.4 to 32 μm, with >70% smaller than 10 μm. Two‐dimensional analyses overestimated ESDs of settled particles by ∼1.5 times (∼3.3 times in volume) relative to three‐dimensional measurements. Young's modulus (0.07–616 MPa) and adhesiveness (331–2,802 pN) varied widely and overlapped reported values for bacteria, diatoms, and mucus. Particle physical properties differed systematically with depth and location, indicating that AFM provides critical constraints on particle dynamics, origins, and marine biogeochemical cycles."
10.1029/2026JD048040,True,Journal of Geophysical Research: Atmospheres,该论文研究的是大气中非甲烷碳氢化合物（NMHCs）的测量和分析，涉及远程站点和太平洋地区的观测，使用了化学传输模型进行分析，这与大气环境遥感技术（如空气质量监测和大气成分分析）密切相关。,"['atmospheric non‐methane hydrocarbons (NMHCs)', 'remote sites', 'Pacific Rim', 'GEOS‐Chem chemical transport model']",A. M. Smith;C. L. Butenhoff;M. A. K. Khalil;A. L. Rice,Measurements and Analysis of Light Non‐Methane Hydrocarbon Mole Fractions in 1982–1987 at Six Remote Sites Along the Pacific Rim,"Atmospheric non‐methane hydrocarbons (NMHCs) are important trace species with anthropogenic and natural sources including fugitive emissions from fossil fuel mining and distribution, biomass burning, biofuel combustion, and biogenic emissions from microbes and plants. We present previously unpublished whole air sample measurements of NMHCs collected at approximately weekly intervals from 1982 to 1987 at six stations spanning the Northern and Southern hemispheres, which sampled primarily Pacific Basin air masses as determined by back‐trajectory analysis. The four alkanes in this data set, ethane, propane, i‐ and n‐butane had a mean measured mole fraction of 712 ± $\pm $ 22 ppt, 245 ± $\pm $ 13 ppt, 55.2 ± $\pm $ 4.4 ppt, and 87.6 ± $\pm $ 8.7 ppt, respectively. When compared with measurements at comparable sites two decades later, the global ethane mole fraction decreased by 21% between the mid‐1980s and 2009–2010 with larger decreases in propane and butanes, corroborating a multi‐decadal decline in NMHCs over this period. No discernible Pacific Basin secular trend for the NMHCs was found over the 5‐year period 1982–1987, but significant trends at some individual sites including short‐term increases in the Northern Hemisphere and decreases in the Southern Hemisphere. A large multi‐year enrichment anomaly that is likely associated with the strong El Niño of 1982–83 occurs at all sites and influences trends observed in the Southern Hemisphere. Using the GEOS‐Chem chemical transport model, we estimated global emissions of ethane during this period were 13.4 ± $\pm $ 0.4 Tg/yr based on the globally‐averaged measured mole fractions."
10.1029/2026JD046356,True,Journal of Geophysical Research: Atmospheres,该论文研究了东亚沙尘暴中的不平衡急流急流环流的作用，涉及大气环流和沙尘暴的观测与分析，与大气环境遥感技术中的空气质量和大气成分分析相关。,"['dust storms', 'wind flow', 'atmospheric circulation']",Ashok Kumar Pokharel;Michael L. Kaplan,Role of Unbalanced Jet Streak Circulations in East Asian Dust Storms,"A mesoscale study of three severe dust storms over China and Mongolia was conducted using observational and high‐ resolution numerical model data sets. The analysis of these data indicates many commonalities among the three case studies, (a) precursor wind flow across the mountain creating a strong statically stable layer in the lee of the mountain, (b) interaction of the exit region of the jet streak with that statically stable layer, (c) breakdown of geostrophic balance of the exit region of the jet streak in the leeside of the mountains, (d) generation of low‐level ageostrophic isallobaric wind flow (Vis) as a product of the deep three‐dimensional mass/momentum adjustment process, and (e) the development of significant planetary boundary layer (PBL) turbulence kinetic energy (TKE). The isallobaric low‐level ageostrophic wind‐induced vertical shear and warm buoyant air column heated by surface sensible heat flux led to significant TKE generation resulting in extensive deflation of dust from the surface close to the lee of the mountains (namely Tien Shan, Gobi Altai, and Khangai Mountains). Several dust streaks which resulted from the effects of significant vertical motion and TKE at the meso‐γ scale were also observed in response to these adjustment processes."
10.1038/s41561-026-02097-9,False,Nature Geoscience,该论文标题和摘要主要讨论的是白锁石在太空撞击、考古活动以及乳腺癌检测中的应用，与大气环境遥感技术（如空气质量监测、卫星观测、大气成分分析、气溶胶反演）无关。,[],Alix M. Ehlers;Elizabeth C. Thompson,Where in the world is whitlockite,"Whitlockite can trace ancient impacts in space, human activity at archaeological sites, and may even be a tool for detecting early-stage breast cancer, as Alix Ehlers and Elizabeth Thompson explain. 
 Whitlockite can trace ancient impacts in space, human activity at archaeological sites, and may even be a tool for detecting early-stage breast cancer, as Alix Ehlers and Elizabeth Thompson explain."
10.1038/s41561-026-02109-8,True,Nature Geoscience,该论文研究火星上的冰云形成机制，涉及大气模拟技术和火山活动对大气成分的影响，与大气环境遥感技术（如大气成分分析、卫星观测）相关。,"['ice clouds', 'Martian volcano', 'gravity waves', 'atmospheric simulations', 'water vapour']",Milena Corcos,Ice clouds born from Martian waves,"Water-ice clouds are common across the Solar System, but their formation typically requires pre-existing dust particles to coax water vapour into ice. Atmospheric simulations now suggest that gravity waves over a Martian volcano can bypass the need for dust, generating ice clouds through spontaneous nucleation of water vapour. 
 Water-ice clouds are common across the Solar System, but their formation typically requires pre-existing dust particles to coax water vapour into ice. Atmospheric simulations now suggest that gravity waves over a Martian volcano can bypass the need for dust, generating ice clouds through spontaneous nucleation of water vapour."
10.1038/s41561-026-02128-5,True,Nature Geoscience,该论文标题和摘要明确涉及大气环境相关的研究，包括大气传输、云形成和气候过程，因此与大气环境遥感技术密切相关。,"['atmospheric transport', 'cloud formation', 'climate processes']",,Atmospheric lessons from Mars,"Despite its thin, carbon-dioxide-rich atmosphere, Mars is proving a valuable laboratory for understanding atmospheric transport, cloud formation, and climate processes on Earth and beyond. 
 Despite its thin, carbon-dioxide-rich atmosphere, Mars is proving a valuable laboratory for understanding atmospheric transport, cloud formation, and climate processes on Earth and beyond."
10.1038/s41561-026-02111-0,False,Nature Geoscience,该论文主要研究的是印度洋到大西洋的Agulhas泄露现象对大西洋环流的影响，涉及的是海洋环流和气候模型，与大气环境遥感技术（如空气质量监测、卫星观测、大气成分分析、气溶胶反演）没有直接关系。,"['Agulhas Leakage', 'Atlantic circulation', 'Indian Ocean']",Benjamin Petrick,Rethinking Agulhas Leakage impacts on Atlantic circulation,"The Agulhas Leakage is a set of currents that carry salty water from the Indian to the Atlantic Ocean around the southern tip of Africa. It helps drive modern Atlantic Meridional Overturning Circulation, but evidence suggests this link wasn’t present in the Pliocene. 
 The Agulhas Leakage is a set of currents that carry salty water from the Indian to the Atlantic Ocean around the southern tip of Africa. It helps drive modern Atlantic Meridional Overturning Circulation, but evidence suggests this link wasn’t present in the Pliocene."
10.1038/s41561-026-02121-y,False,Nature Geoscience,该论文主要研究海平面上升对牡蛎礁垂直生长和碳埋藏的影响，虽然涉及环境科学和生态学，但与大气环境遥感技术（如空气质量监测、卫星观测、大气成分分析、气溶胶反演）没有直接关联。,"['oyster reefs', 'carbon burial', 'sea level rise']",Antonio B. Rodriguez;Justin T. Ridge;Molly C. Bost;Naomi Nice;Eve Eisemann;Yasamin Sharifi;Joshua D. Himmelstein;F. Joel Fodrie,Sea level-induced oyster reef accretion causes minimal net carbon burial change,"Oyster reefs in North Carolina have grown vertically as sea level has risen in recent centuries, although this has not led to an increase in carbon sequestration, according to an analysis of oyster reef cores. 
 Nature-based infrastructure, such as oyster reefs and salt marshes, is increasingly being promoted as effective breakwaters to protect communities from storm waves and as carbon burial hotspots to mitigate greenhouse gas emissions. The function of oyster reefs as breakwaters and carbon sinks is commonly supported by information extracted from extant reefs <10 years old; however, both services depend on sediment accumulation, which operates over decadal to millennial timescales. Here we show that the rate of sea-level rise (SLR) drives eastern oyster reef vertical accretion and carbon burial. As relative SLR increased after 1800 CE to the modern rate of ~2.4 mm yr−1, intertidal reefs accreted vertically and accumulated sediment three times faster than during the previous 18 centuries when SLR was ~0.9 mm yr−1. Reef accretion rates were driven by the flux of shell and organic-rich sediments to the subsurface; however, none of the 25 reefs sampled functioned as net carbon sinks because the organic carbon buried was offset by the CO2 emitted during shell formation. Our results suggest that, as SLR accelerates, the vertical growth of healthy reefs has the potential to rapidly respond, with reefs becoming larger sources of CO2 but maintaining their effectiveness at damping waves. The ongoing deterioration of estuarine conditions needed to sustain healthy oyster reefs cautions against projecting these ecosystem service trade-offs into the future. Oyster reefs in North Carolina have grown vertically as sea level has risen in recent centuries, although this has not led to an increase in carbon sequestration, according to an analysis of oyster reef cores."
10.1038/s41561-026-02089-9,True,Nature Geoscience,该论文研究了火星上的长条形云层，提出了可能是通过水蒸气均相冰核化形成的，这与大气环境遥感技术中的大气成分分析和云微物理过程密切相关。,"['atmospheric composition', 'ice nucleation', 'Mars', 'cloud microphysics']",J. Hernández-Bernal;A. Määttänen;A. Spiga;F. Forget,Homogeneous ice nucleation from water vapour suggested by elongated clouds on Mars,"The Arsia Mons Elongated Cloud on Mars probably forms by homogeneous ice nucleation, with implications for other planets including Earth and Venus, according to a model of homogeneous ice nucleation from water vapour in a meteorological model of Mars. 
 It is widely accepted that water ice cloud particles below the triple point of water form by heterogeneous nucleation (with the aid of a pre-existing particle). Clouds formed from water vapour by homogeneous ice nucleation (without a pre-existing particle) have been shown to be theoretically possible for mesospheric clouds on Earth and Venus, but they have never been observed in nature, and this process is not typically considered viable under real atmospheric conditions on any planet, as it requires high levels of supersaturation. Here, we use a model of homogeneous ice nucleation from water vapour in a meteorological model of Mars and show that this successfully reproduces the unique characteristics of the Arsia Mons Elongated Cloud, a water ice cloud that occurs recurrently on Mars and that had remained difficult to reproduce in a model under conventional cloud microphysics. This finding strongly suggests that homogeneous ice nucleation from water vapour occurs on Mars, challenging some current assumptions about cloud formation processes for certain clouds on Earth and potentially on other planets. The Arsia Mons Elongated Cloud on Mars probably forms by homogeneous ice nucleation, with implications for other planets including Earth and Venus, according to a model of homogeneous ice nucleation from water vapour in a meteorological model of Mars."
10.1038/s41561-026-02120-z,False,Nature Geoscience,该论文主要研究的是过去间冰期全球海洋氧含量的变化，涉及海洋化学和气候变化的议题，但并未直接涉及大气环境遥感技术，如空气质量监测、卫星观测或大气成分分析等技术。,"['oceanic oxygen', 'thallium isotope', 'redox proxy', 'Southern Ocean', 'climate change']",Fang Qian;Yi Wang;Kassandra M. Costa;Sarah Shackleton;Sophia K. V. Hines;Ingrid L. Hendy;Sune G. Nielsen,Transient variability in global oceanic oxygen during the Last Interglacial Period,"Global marine oxygen levels probably peaked after the start of the Last Interglacial before declining, reflecting the influence of shifts in Southern Ocean temperature and sea-ice extent, based on a global reconstruction using a thallium isotope redox proxy. 
 Global oceanic oxygen content regulates the marine carbon cycle and is tightly linked to climate change, yet its evolution during the warmer-than-present Marine Isotope Stage (MIS) 5e, ~130,000–115,000 years ago, remains poorly constrained. Here we reconstruct globally integrated oceanic oxygen using high-resolution thallium isotope records from the Arabian Sea and Southern California over this period, with average temporal resolutions of ~300–400 years. The thallium isotopic composition of seawater provides an integrated tracer of global marine redox conditions through its mechanistic link to manganese oxide burial. We find generally higher oxygen levels during MIS 5e than the preceding glacial period, broadly tracking atmospheric CO2 variability. Oceanic oxygen content peaked during the early MIS 5e, close to modern conditions, but declined thereafter, indicating a transient rather than stable interglacial state. This transient feature parallels the variability in Antarctic temperature and sea-ice extent, suggesting dynamic Southern Hemisphere climate control. Comparison of thallium isotope records across the last two deglaciations further suggests that Southern Ocean ventilation was the primary driver of global oceanic oxygen and atmospheric CO2 changes. These results highlight the important role of Southern Ocean processes in future projections of long-term ocean deoxygenation, beyond temperature-dependent solubility alone. Global marine oxygen levels probably peaked after the start of the Last Interglacial before declining, reflecting the influence of shifts in Southern Ocean temperature and sea-ice extent, based on a global reconstruction using a thallium isotope redox proxy."
10.1038/s41467-026-78407-x,False,Nature Communications,该论文研究的是阿尔茨海默病中APOE基因的生物学效应，与大气环境遥感技术（如空气质量监测、卫星观测、大气成分分析、气溶胶反演）无关。,"['air quality monitoring', 'satellite observations', 'atmospheric composition analysis', 'aerosol retrieval']",Kai Chen;Yixing Chen;Yingxue Ren;Zhen Wang;Ya Huang;Meixia Pan;Zonghua Li;Monica Castanedes Casey;Wenhui Qiao;Ji Shi;Dehui Kong;Gisela Xhafkollari;Hannah Santhakumar;Allison M. Wetmore;E. Aubrey Thompson;Xusheng Wang;Dennis W. Dickson;David M. Holtzman;Guojun Bu;Xianlin Han;Junmin Peng;Na Zhao,<i>APOE2</i> attenuates <i>APOE4</i>-associated amyloid pathology and related toxicity in a mouse model of Alzheimer’s disease,"Chen and colleagues use a heterozygous mouse model carrying human APOE2 and APOE4 alleles to show that APOE2 attenuates APOE4- associated effects on brain amyloid pathology and related cellular and molecular changes. 
 The apolipoprotein E (APOE) gene is the strongest genetic risk factor for Alzheimer’s disease (AD), influencing amyloid-β (Aβ) aggregation, clearance, and glial function. While APOE4 promotes Aβ pathology and APOE2 is protective, how these opposing alleles interact in the heterozygous APOE2/4 state remains unknown. Here, using littermate-controlled heterozygous APOE mice (APOE2/3, APOE3/4, and APOE2/4) alongside APOE3/3 controls crossed with 5xFAD mice, we show that APOE3/4 mice exhibit increased Aβ deposition, maladaptive microglial activation, and reduced microglial interactions with plaques. These changes were attenuated in APOE2/4 mice, accompanied by a brain proteomic profile more similar to those of APOE3/3 and APOE2/3 mice. Increased myelin basic protein (MBP) abundance was observed in APOE2/3 but not APOE2/4 mice. Plasma lipidomics revealed shared alterations in APOE3/4 and APOE2/4 mice, with distinct signatures in APOE2/3 mice. These findings define allele interaction-dependent effects of APOE on brain and systemic phenotypes and provide a framework for understanding the biological consequences of the APOE2/4 genotype. Chen and colleagues use a heterozygous mouse model carrying human APOE2 and APOE4 alleles to show that APOE2 attenuates APOE4- associated effects on brain amyloid pathology and related cellular and molecular changes."
10.1038/s41467-026-77758-9,False,Nature Communications,该论文研究的是基因转录调控因子TFIID及其辅助因子的结合数据，涉及的是基因组学和分子生物学领域，与大气环境遥感技术（如空气质量监测、卫星观测、大气成分分析、气溶胶反演等）没有直接关联。,"['TFIID', 'cofactors', 'promoter-specific']",Sergio G-M Alcantara;Simon Bourdareau;Melanie Weilert;Julia Zeitlinger,High-resolution binding data of TFIID and cofactors show promoter-specific differences,"Here, the authors use ChIP-nexus to map all TFIID subunits and cofactors across the Drosophila genome at base pair resolution, revealing a general TFIID organization across promoter types with promoter-specific TBP and NC2 binding. 
 TFIID is instrumental in recognizing promoter sequences and initiating transcription, yet a cohesive understanding of how this complex engages and functions at different promoter types in vivo is still lacking. Here, we employed ChIP-nexus to capture high-resolution binding footprints of all Drosophila TFIID subunits across the genome. These footprints reveal TFIID sub-modules whose DNA contacts agree with cryo-EM structures and point to new structural details. At different promoter types, the footprints of the TAFs are very similar, suggestive of the same engaged TFIID conformation. In contrast, the binding profile of TBP is promoter-specific, enabling us to identify TATA, DPR, and TCT/housekeeping promoters de novo, along with their underlying core promoter elements. Notably, TATA promoters display specific TBP and NC2 binding footprints and reduced TAF occupancy, consistent with a fraction of transcripts being initiated in a TAF-independent manner at these promoters in vivo. Together, our results provide a comprehensive resource for linking structural and biochemical results to in vivo data and offer a potential explanation for the increased burst size observed at TATA promoters. Here, the authors use ChIP-nexus to map all TFIID subunits and cofactors across the Drosophila genome at base pair resolution, revealing a general TFIID organization across promoter types with promoter-specific TBP and NC2 binding."
10.1038/s41467-026-78436-6,False,Nature Communications,该论文标题和摘要均涉及铁电紫外线光电探测材料，与大气环境遥感技术（如空气质量监测、卫星观测、大气成分分析、气溶胶反演）没有直接关联。,[],Xuexi Yan;Tingting Yan;Lingli Li;Yi Cao;Xinwei Wang;Jinghui Wang;Ang Tao;Tingting Yao;Yixiao Jiang;Weijin Hu;Xiaosheng Fang;Hengqiang Ye;Xiu-Liang Ma;Chunlin Chen,Author Correction: Ferroelectric ultraviolet photodetector material with ultrafast response speed,"Author Correction: Ferroelectric ultraviolet photodetector material with ultrafast response speed 
 "
10.1038/s41467-026-78293-3,False,Nature Communications,该论文主要关注城市工作地点选择与经济复杂性及非正式经济的关系，研究通勤行为如何受经济机会和社会经济因素影响，未涉及大气环境遥感技术相关的主题。,"['air quality monitoring', 'satellite observations', 'atmospheric composition']",Ollin D. Langle-Chimal;Steffen Knoblauch;Marta C. González,The WorkReach model for urban work location choices through economic complexity and informality,"The WorkReach model captures how economic opportunity and informality shape commuting. Analyzing four major cities, this study shows that measuring job access by perceived benefits, not just proximity, exposes hidden socioeconomic disparities. 
 Human mobility in urban areas largely depends on the spatial distribution of jobs and who pursues them, yet how workers balance proximity against economic opportunity remains poorly understood. Existing mechanistic models capture physically interpretable effects such as distance decay, but overlook how socioeconomic factors shape commuting decisions. We present WorkReach, a model grounded in discrete choice theory that embeds informality and economic complexity into a utility function and represents commuting as the outcome of workers behaving as if maximizing it. Applied to four cities in the United States, Mexico, and Brazil, it reproduces commuting flows as accurately as widely used benchmarks while making the underlying choices interpretable. Here, we show that workers consistently commute farther to economically sophisticated areas, while the role of informality differs across regions, and that measuring accessibility by the perceived benefit of opportunities, not just physical proximity, highlights disparities conventional metrics overlook. The WorkReach model captures how economic opportunity and informality shape commuting. Analyzing four major cities, this study shows that measuring job access by perceived benefits, not just proximity, exposes hidden socioeconomic disparities."
10.1038/s41467-026-78239-9,False,Nature Communications,该论文研究的是蛋白质降解技术，特别是PROTACs（蛋白质降解靶向嵌合体）类药物，与大气环境遥感技术（如空气质量监测、卫星观测、大气成分分析、气溶胶检索）没有直接关系。,"['PROTACs', 'BTK', 'protein degradation']",Ran Cheng;Hanfeng Lin;Xin Yu;Shrilekha Misra;Andrew D. Mitchell;Jennifer A. Woyach;Xiaoli Qi;Jin Wang,Sub-stoichiometric degradation is dispensable for potent PROTACs as demonstrated by irreversible covalent BTK degraders,"Protein degraders are thought to require repeated rounds of action, so molecules binding their target irreversibly were considered unsuitable. Here, the authors describe a covalent BTK degrader active at sub-nanomolar doses in cells and show what governs its potency. 
 Proteolysis-targeting chimeras (PROTACs) represent a transformative therapeutic modality, yet the viability of covalent PROTACs remains debated, as irreversible binding seemingly contradicts the catalytic mechanism of action. Here, we develop and characterize PSIRC3, a potent covalent PROTAC for Bruton’s tyrosine kinase (BTK). PSIRC3 induces selective BTK degradation with a sub-nanomolar DC50 of 0.75 nM and a Dmax of 85%, while its non-covalent counterpart is inactive. Such activity requires covalent bond formation with Cys481, as efficacy is abolished against the C481S BTK mutant. PSIRC3 achieves maximum BTK degradation within 30 min, a kinetic profile linked to rapid cell permeation and efficient ternary complex formation. In vivo, a single administration of PSIRC3 leads to substantial BTK degradation in both PBMCs ( > 80%) and splenocytes ( > 50%). Computational modeling, parameterized with our experimental data, reveals that degradation efficacy is governed by a balance between E3 ligase and target affinities: excessively high E3 affinity is detrimental by inducing a hook effect, while higher target affinity is generally beneficial. Our findings provide strong evidence that covalent engagement can drive potent and selective protein degradation, challenging the notion that catalytic turnover is indispensable for PROTAC efficacy, and open avenues for targeting intractable proteins. Protein degraders are thought to require repeated rounds of action, so molecules binding their target irreversibly were considered unsuitable. Here, the authors describe a covalent BTK degrader active at sub-nanomolar doses in cells and show what governs its potency."
10.1038/s41467-026-78357-4,False,Nature Communications,该论文研究的是Wnt共受体Arrow-LRP5/6在果蝇中对于平面细胞极性建立的作用，属于生物学和发育生物学领域的研究，与大气环境遥感技术（如空气质量监测、卫星观测、大气成分分析、气溶胶反演等）没有直接关联。,"['Wnt co-receptor', 'Drosophila', 'planar cell polarity']",Ursula Weber;Reza Farhadifar;Marek Mlodzik,The Wnt co-receptor Arrow-LRP5/6 is required for planar cell polarity establishment in <i>Drosophila</i>,"The LRP5/6 Wnt co-receptor was thought to be specific to Wnt/β-catenin signaling. Our work in Drosophila shows that it is equally critical in Wnt/planar cell polarity signaling, also promoting activity of the common downstream effector Dishevelled. 
 Wnt-signaling, via β−catenin or the planar cell polarity (PCP) branch, is crucial for development, tissue homeostasis, and linked to many diseases. LRP5/6, arrow/arr in Drosophila, is the obligate co-receptor in Wnt/β−catenin signaling, with ligand binding to a Frizzled (Fz) family member and LRP5/6. Current models for Wnt/PCP signaling omit Arr-LRP5/6 and PCP is presumed functioning without these co-receptors. Here we show that arr-LRP5/6 is fully required in Wnt/PCP signaling. In Drosophila, loss of arr results in aberrant PCP mediated cellular orientation and loss of polarity coordination in wings, comparable to core PCP factors mutations, with defects manifest as loss of asymmetric PCP factor localization and reduced levels of Dishevelled (Dsh) with centrally forming wing hairs. In the eye, arr mutant tissue displays phenotypes with defects in chirality and photoreceptors R3 and R4 cell fates. Functional interactions indicate that Fz can recruit Arr, and Arr potentiates Fz-Dsh PCP signaling in all tissues tested. Furthermore, arr-LRP5/6 sensitizes the ligand pair Wg, Wnt4 with the receptor fz, and the core PCP factors fmi and Vang/stbm to cause PCP defects in heterozygous conditions. Our data support a core PCP function of Arr-LRP5/6, promoting Wnt/Fz-Dsh PCP-complex activity. The LRP5/6 Wnt co-receptor was thought to be specific to Wnt/β-catenin signaling. Our work in Drosophila shows that it is equally critical in Wnt/planar cell polarity signaling, also promoting activity of the common downstream effector Dishevelled."
10.1038/s41467-026-78213-5,False,Nature Communications,该论文主要研究的是利用博弈论驱动的多智能体框架来减少语言模型在科学任务中的幻觉，与大气环境遥感技术（如空气质量监测、卫星观测、大气成分分析、气溶胶反演）没有直接关联。,"['language model', 'game theory', 'AI agents']",Runzhe Liu;Biquan Bie;Zihao Wang;Yuchao Ma;Yexin Liu;Xinghai Li;Harry Yang;Wenbo Yang;Jinzhe Cao;Shengyang Tao,Game theory driven multi-agent framework mitigates language model hallucination,"Lightweight AI models can be unreliable in specialized scientific tasks. Here, the authors introduce G-Frame, which uses game theory to coordinate multiple AI agents, automate data generation and training, and reduce hallucinations. 
 Lightweight large language models hold promise for scientific applications but remain limited in rule-constrained domains because they can reproduce linguistic patterns without following scientific principles, leading to hallucinations. Here, we show that G-Frame, an adaptive multi-agent framework inspired by Bayesian game and team game principles, enables a closed-loop process for automated data generation, model evaluation, and training. By assigning complementary roles to multiple agents, G-Frame generates structured reasoning data and constructs a specialized corpus containing 363,045 chain-of-thought examples and 199,589 question–answer pairs. Using this corpus together with domain pre-training and adaptive training, the 7-billion-parameter model OmniChem achieves competitive performance across the reported benchmarks and reduces the ChemJudge hallucination rate from 41.95% for the base model to 12.91%. Case studies further illustrate potential applications in molecular design and selected synthesis-planning tasks. These results support G-Frame as an extensible game theory-driven multi-agent framework for improving the reliability of lightweight scientific language models. Lightweight AI models can be unreliable in specialized scientific tasks. Here, the authors introduce G-Frame, which uses game theory to coordinate multiple AI agents, automate data generation and training, and reduce hallucinations."
10.1038/s41467-026-78197-2,False,Nature Communications,该论文研究的是HIV-2病毒如何拮抗APOBEC3H蛋白的结构基础，涉及病毒学和生物化学领域，与大气环境遥感技术（如空气质量监测、卫星观测、大气成分分析、气溶胶反演等）没有直接关联。,"['HIV-2 Vif', 'APOBEC3H', 'cryoEM structure']",Katarzyna A. Skorupka;Kazuhiro Matsuoka;Mayumi Imahashi;Yoshiyuki Yokomaku;Yasumasa Iwatani;Hiroshi Matsuo,Divergent interfaces and convergent outcome in the structural basis of HIV-2 Vif antagonism of APOBEC3H,"HIV-2 Vif antagonizes host APOBEC3 restriction factors, but its mechanism remains poorly defined. Here, authors report the cryoEM structure of HIV-2 Vif bound to APOBEC3H, revealing a CBFβ-mediated interface distinct from HIV-1 Vif. 
 Primate lentiviruses counteract antiviral APOBEC3 (A3) cytidine deaminases through virion infectivity factor (Vif), which recruits A3 proteins to a Cullin–RING E3 ubiquitin ligase for proteasomal degradation. While HIV-1 Vif is well characterized, HIV-2 Vif remains poorly defined due to divergent sequences. Here we report a 3.08 Å cryo-EM structure of HIV-2 Vif bound to chimpanzee A3H (cpzA3H) and E3 ligase components. HIV-2 Vif adopts a conserved global fold but engages cpzA3H through a binding interface distinct from HIV-1 Vif, achieving target recognition through numerous weak contacts distributed across an extended interface. The structure reveals a direct CBFβ–cpzA3H interface absent in HIV-1 Vif-A3H complexes, establishing CBFβ as a bivalent adaptor that actively contributes to substrate recruitment. Despite these structural differences, lysine 50 of cpzA3H is the shared ubiquitination target of both HIV-1- and HIV-2 Vif-induced degradation, revealing convergent function achieved through divergent structural solutions. HIV-2 Vif antagonizes host APOBEC3 restriction factors, but its mechanism remains poorly defined. Here, authors report the cryoEM structure of HIV-2 Vif bound to APOBEC3H, revealing a CBFβ-mediated interface distinct from HIV-1 Vif."
10.1038/s41558-026-02768-w,False,Nature Climate Change,该论文关注的是气候变化造成的损失和损害，以及国家层面的政策优先级，与大气环境遥感技术（如空气质量监测、卫星观测、大气成分分析、气溶胶反演）没有直接关系。,[],Elisa Calliari,Making sense of loss and damage at the national level,"Climate change is already causing widespread losses and damages, and these impacts will intensify as human and natural systems exceed their capacity to adapt. Recent research allows us to understand if and how countries are prioritizing this issue in national policies. 
 Climate change is already causing widespread losses and damages, and these impacts will intensify as human and natural systems exceed their capacity to adapt. Recent research allows us to understand if and how countries are prioritizing this issue in national policies."
10.1038/s41612-026-01566-7,False,npj Climate and Atmospheric Science,该论文研究的是地球轨道参数（如岁差和倾角）对亚洲-非洲季风和干旱气候变率的影响，属于古气候学和地球系统科学领域，与大气环境遥感技术（如空气质量监测、卫星观测、大气成分分析、气溶胶反演等）没有直接关系。,"['Asian–African monsoon', 'obliquity', 'climate variability', 'Hadley circulation', 'cloud-radiative feedback']",Jing Lei;Yingying Sha;Xinzhou Li;Heng Zhang;Zhengguo Shi,Modulation of precession-forced Asian–African monsoon and arid climate variability by obliquity,"Modulation of precession-forced Asian–African monsoon and arid climate variability by obliquity 
 Precession and obliquity play vital roles in orbital-scale climate change. However, their combined effects remain poorly understood. In this study, we examine how obliquity modulates precession-driven climate responses across Asian–African monsoon and arid regions (AAMAR). Results demonstrate that under high obliquity, the minimum-precession-induced precipitation increase is weakened in the Asian–African monsoon regions but enhanced in the Asian–African arid regions. The changes in precipitation responses over Africa and West Asia are largely explained by an enhanced northward displacement of the regional Hadley circulation, which shifts the zone of precipitation increase northward from monsoon regions into adjacent northern arid regions. Additionally, intensified negative cloud-radiative feedback and adiabatic cooling under high obliquity contribute to attenuated Tibetan Plateau heating, further modulating hydroclimate responses over Asia. Overall, our findings reveal that obliquity modulates low-latitude climate sensitivity to precession and provide new insights into the spatially heterogeneous responses of the climate system to orbital forcing."
10.1038/s41612-026-01552-z,True,npj Climate and Atmospheric Science,该论文的标题和摘要均涉及能源转型和极端温度下的环境负担问题，虽然未明确提及大气环境遥感技术，但讨论了能源依赖和环境问题，与大气环境监测和研究有间接关联。,"['fossil dependence', 'environmental burden', 'temperature extremes', 'low-carbon energy transition']",Rui Zhong;Yue Qin;Shiyu Li;Liangdian Huang;Gang Yan;Yixuan Zheng;Steven J. Davis;Minghao Qiu;Chuan Zhang;Xin Liu;Huibin Mo;Mengyao Xu;Peidong He;Xinlei Chen;Tong Zhu;Chaopeng Hong,Amplified fossil dependence and environmental burden during temperature extremes amid the low-carbon energy transition,"Amplified fossil dependence and environmental burden during temperature extremes amid the low-carbon energy transition 
 "
10.1038/s44284-026-00536-7,False,Nature Cities,该论文主要关注城市中机器人的应用和影响，涉及经济、社会、基础设施和治理等方面，与大气环境遥感技术（如空气质量监测、卫星观测、大气成分分析、气溶胶反演）没有直接关系。,[],Ying Li;Tim Guangyu Wu;Jian Zhou;Bicheng Han;Jiawei Yang;Michael Keith;Bo Zhang;ChengHe Guan,Robotic urbanization and embodied intelligence for cities,"Robots are becoming an increasingly visible presence in cities. This Perspective introduces the concept of robotic urbanization, examining how economic, social, infrastructural and governance forces shape the adoption of urban robots and influence the distribution of their benefits and impacts. 
 Robots are moving off the factory floor and into the city. They deliver parcels on sidewalks, clean floors and corridors and inspect streets and infrastructure. Whether they take hold depends on the forces that shape cities: who invests, who works and lives there, what is already built and how public space is governed. Because those forces differ, robots flourish in some cities and barely appear in others. We call this process robotic urbanization. Here we interpret the evidence through four urban forces, characterize the resulting deployments by capability, space and stage, and examine how their benefits and costs are distributed and contested. Robots are becoming an increasingly visible presence in cities. This Perspective introduces the concept of robotic urbanization, examining how economic, social, infrastructural and governance forces shape the adoption of urban robots and influence the distribution of their benefits and impacts."
None,True,Remote Sensing of Environment,该论文的标题和摘要明确涉及量子增强的多光谱遥感技术，用于超低信号环境，这与大气环境遥感技术（如空气质量监测、卫星观测、大气成分分析、气溶胶反演）密切相关。,"['quantum-enhanced', 'multispectral remote sensing', 'ultra-low signal environments']",Sumanta Das;Malini Roy Choudhury,Next frontier of Earth observation: Quantum-enhanced multispectral remote sensing for ultra-low signal environments,
None,True,Remote Sensing of Environment,该论文研究了使用Sentinel-5P和EnMAP卫星传感器对格陵兰岛冰川上总水汽柱进行对比分析，这与大气环境遥感技术（如卫星观测和大气成分分析）密切相关。,"['Sentinel-5P', 'EnMAP', 'total column water vapor', 'Greenland ice sheet']",Alexander Kokhanovsky;Luca Lelli;Karl Segl;Jörg Bendix,The intercomparison of total column water vapor over a melting glacier on the Greenland ice sheet derived using spaceborne Sentinel-5P and high spatial resolution EnMAP measurements,
None,True,Remote Sensing of Environment,该论文研究了火山活动环境中的水热蚀变遥感，属于大气环境遥感技术领域，涉及火山活动对大气成分和空气质量的影响，因此与大气环境遥感技术密切相关。,"['hydrothermal alteration', 'volcanic environments', 'remote sensing']",Guosheng Gao;Thomas R. Walter;Samuel T. Thiele,Remote sensing of hydrothermal alteration in active volcanic environments: A critical review and integrated analysis of Lastarria volcano,
None,True,Remote Sensing of Environment,该论文标题和摘要明确涉及从空间遥感技术中获取甲烷排放数据，具体包括利用形态融合优化甲烷检索方法，这与大气环境遥感技术（如空气质量监测、卫星观测、大气成分分析、气溶胶反演）密切相关，因此高度相关。,"['methane retrieval', 'spaceborne imaging spectrometry', 'atmospheric remote sensing']",Fei Li;Chenxi Feng;Javier Roger Juan;Luis Guanter;Huilin Chen;Shiwei Sun;Donglai Xie;Jun Lin;Lanlan Fan;Jianwei Cai;Yongguang Zhang,An optimized methane retrieval approach based on morphological fusion for mapping methane point emissions from spaceborne imaging spectrometry,
None,True,Remote Sensing of Environment,该论文研究利用Landsat卫星数据获取南极海面温度，并采用云原生处理技术和新的海豹标签验证方法，这与大气环境遥感技术中的卫星观测和温度监测密切相关，属于遥感技术在环境监测中的应用范畴。,"['Landsat', 'sea surface temperatures', 'cloud-native processing']",Tasha Snow;Andrew Harris;Francis Glassup;Shane Grigsby;Ellianna Abrahams;Elena Savidge;Ted Scambos;Seonju Lee;Guilherme Bortolotto;Fernando Pérez;Christopher Shuman;Waleed Abdalati;Matthew Siegfried,High-resolution Antarctic sea surface temperatures from Landsat enabled by cloud-native processing and novel seal-tag validation,
None,True,Remote Sensing of Environment,该论文研究从毫米级分辨率的无人机RGB图像中估算水稻叶片角度分布，涉及几何特征和45°视角观测，属于遥感技术领域，与大气环境遥感技术（如空气质量监测、卫星观测、大气成分分析、气溶胶反演）相关，但更侧重于植物遥感监测。,"['UAV RGB imagery', 'rice leaf angle', 'geometric features', 'remote sensing', 'viewing angle']",Yangmingrui Gao;Linyuan Li;Ming Shi;Wenjie Wang;Peiqi Yang;Feng Xiao;Hao Lu;Fred Baret;Yanfeng Ding;Shouyang Liu,Estimation of rice leaf angle distribution from geometric features in millimetric-resolution UAV RGB imagery acquired at 45° viewing angle,
None,False,Remote Sensing of Environment,该论文标题和摘要主要关注利用SWOT技术对水库运行进行大尺度建模，并未涉及大气环境遥感技术，如空气质量监测、卫星观测、大气成分分析或气溶胶反演等。因此，与大气环境遥感技术相关性不强。,"['SWOT', 'reservoir operations', 'modeling']",Elyssa L. Collins;Augusto Getirana;Sujay Kumar;Yeosang Yoon;Chi-Hsiang Huang;Huilin Gao;Fuad Yassin,Towards continental-scale SWOT-based modeling of reservoir operations,
None,False,Remote Sensing of Environment,该论文主要研究使用地面激光雷达系统（terrestrial LiDAR）对小麦冠层进行植物面积指数和三维分布的评估，属于植物表型分析领域，与大气环境遥感技术（如空气质量监测、卫星观测等）关联性较弱。,"['terrestrial LiDAR', 'plant area index', '3D plant area distribution']",Raul Lopez-Lozano;Tian Ma;Maxime Soma;Marie Weiss;Aurelien Ausset;Philippe Burger;Bruno Berthon;Romain Chapuis;Marie-Pia D'Argaignon;Antonin Grau;Florian Larue;Romane Le-Roy;Remy Marandel;Vincent Mercier;Mathieu Roy;Gilles Tison;Frederic Venault;Pierre Martre;Frederic Baret,Assessing plant area index and 3D plant area distribution in wheat canopies from a terrestrial LiDAR system for high-throughput plant phenotyping,
None,True,Remote Sensing of Environment,该论文标题和摘要明确涉及从遥感测量中获取大气环境数据，特别是关于晴空条件下地表长波向下辐射的研究，这与大气环境遥感技术密切相关，如卫星观测和环境监测。,"['remotely sensed measurements', 'clear-sky surface longwave downward radiation', 'atmospheric environmental remote sensing']",Yihan Du;Tianxing Wang;Yi Zheng;Dahui Li;Yuyang Xian;Feiyao Gao;Stefan A. Buehler,A scene-mapped framework for deriving clear-sky surface longwave downward radiation from remotely sensed measurements,
None,True,Remote Sensing of Environment,该论文利用Sentinel-1和Sentinel-2卫星图像时间序列数据来绘制农业田地边界，涉及卫星观测技术，与大气环境遥感技术中的卫星遥感应用（如土地利用监测、环境监测）相关，因此属于大气环境遥感技术领域。,"['Sentinel-1', 'Sentinel-2', 'satellite image time series', 'agricultural field boundary delineation']",Foivos I. Diakogiannis;Zheng-Shu Zhou;Jeff Wang;Gonzalo Mata;Dave Henry;Roger Lawes;Amy Parker;Peter Caccetta;Suzanne Furby;Rodrigo Ibata;Ondrej Hlinka;Jonathan Richetti;Kathryn Batchelor;Chris Herrmann;Andrew Toovey;John Taylor,Tackling fluffy clouds: robust agricultural field boundary delineation from Sentinel-1 and Sentinel-2 satellite image time series,
None,True,Remote Sensing of Environment,该论文研究的是利用CUNTLI方法对京津冀都市圈进行高空间分辨率的人为热通量制图，涉及到城市环境监测和能源消耗分析，与大气环境遥感技术中的空气质量监测和城市环境遥感应用有较强关联。,"['anthropogenic heat flux', 'urban agglomeration', 'CUNTLI-based inventory method']",Biyun Guo;Yingchun Fu;Deyong Hu;Yaolong Zhao;Qiming Zheng;Yuyu Zhou,High-spatial-resolution mapping of annual anthropogenic heat flux in the Beijing-Tianjin-Hebei urban agglomeration using the CUNTLI-based inventory method,
None,True,Remote Sensing of Environment,该论文研究了利用无人机和卫星遥感技术整合多尺度异质性信息以提高区域小麦产量估算的方法，这与大气环境遥感技术密切相关，特别是卫星观测和作物监测领域。,"['UAV', 'satellite remote sensing', 'regional winter wheat yield estimation']",Zhikai Cheng;Xiaobo Gu;Yang Xu;Xiaohai Fang;Zhengtao Zhang;Penglin Li;Yupeng Li;Shikun Sun;Yadan Du;Huanjie Cai,Improving regional winter wheat yield estimation by assimilating cross-scale heterogeneity information from UAV and satellite remote sensing,
None,True,Remote Sensing of Environment,该论文研究了Sentinel-2卫星数据和LiDAR数据在温带落叶林中叶面积指数（LAI）的差异性，涉及了大气光学深度和辐射传输先验等概念，这些都是大气环境遥感技术中的关键内容。,"['Sentinel-2', 'LiDAR', 'LAI', 'atmospheric optical depth', 'radiative transfer']",Nathan Corroyez;Jean-Baptiste Féret;Jérôme Ogée;Jonathan Lenoir;Sylvie Durrieu,"Discrepancies between Sentinel-2 and LiDAR-derived LAI in temperate deciduous forests: Influence of apparent optical depth, radiative transfer priors, and horizontal heterogeneity",
None,True,Remote Sensing of Environment,该论文研究的是一种辐射传输模型，用于分析农业条带间作结构，这与大气环境遥感技术中的大气成分分析和结构分析相关，因此是相关的。,"['radiative transfer model', 'agricultural strip-intercropping', 'atmospheric structure']",Run Zhong;Dalei Hao;Zhihong Li;Carlos Camino;Si Gao;Qing Li;Yanan Wei;Higor de Queiroz Ribeiro;Hong Sun;Feng Yang;Matheus Pinheiro Ferreirad;Haoran Liu;Renan Caldas Umburanas;Durval Dourado-Neto;Yelu Zeng,RTAS: A radiative transfer model for agricultural strip-intercropping structures,
None,True,Remote Sensing of Environment,该论文研究了SDGSAT-1 GLI和NPP-VIIRS卫星夜间光数据的融合方法，涉及大气环境遥感技术中的卫星观测和数据处理，因此与大气环境遥感技术相关。,"['SDGSAT-1', 'GLI', 'NPP-VIIRS', 'nighttime light data', 'spatiotemporal fusion']",Linxin Dong;Zhan Pan;Wei Xu;Yongze Song;Zuoqi Chen;Congxiao Wang;Yan Huang;Bailang Yu,NightFEST: A Feature-Enhanced SpatioTemporal fusion method for Nighttime light data from SDGSAT-1 GLI and NPP-VIIRS,
None,True,Remote Sensing of Environment,该论文标题和摘要明确涉及 GNSS-R（全球导航卫星系统后向反射散射技术），这是一种用于海洋散射测量的遥感技术。此外，摘要中提到了“梯度提升决策树”算法，用于改进海洋散射测量的校准方法。这些内容与大气环境遥感技术（如卫星观测和海洋参数监测）密切相关，因此该论文与大气环境遥感技术 strongly related。,"['GNSS-R', 'ocean scatterometry', 'gradient boosting decision tree']",Hao Du;Weiqiang Li;Estel Cardellach;Serni Ribó;Antonio Rius,An improved GNSS-R ocean scatterometry recalibration approach using gradient boosting decision tree,
None,True,Remote Sensing of Environment,该论文研究使用虚拟辐射站网络估算中国地表全球和漫射太阳辐射，这与大气环境遥感技术密切相关，特别是与大气成分分析和空气质量监测有关，因为太阳辐射是影响大气成分的重要因素之一。,"['surface solar radiation', 'virtual radiation station', 'China', 'atmospheric composition', 'remote sensing']",Yuhong Tu;Xin Yang;Hong Tang;Haoze Shi,Estimating hourly surface global and diffuse solar radiation across China using virtual radiation station networks,
None,True,Remote Sensing of Environment,该论文研究将人为水动力学与GOCI卫星观测相结合，以检索高度工程化沿海系统的水质，涉及卫星观测技术在水环境监测中的应用，因此与大气环境遥感技术（如卫星观测和环境监测）密切相关。,"['GOCI', 'satellite observations', 'water quality retrieval']",Yejin Lee;Dongjin Kim;Suhwan Kim;Dohee Han;Hyun-su Kim;Jonghan Ko;Su-mi Kim;Kyeong-sang Lee;Jong-Min Yeom,Integrating anthropogenic hydrodynamics and GOCI satellite observations for water quality retrieval in highly engineered coastal systems: A case study of Saemangeum,
None,True,Remote Sensing of Environment,该论文与大气环境遥感技术相关，因为其研究内容涉及利用地球静止卫星进行近实时主动火灾探测，这与空气质量监测和大气成分分析密切相关。,"['geostationary satellite', 'active fire detection', 'air quality monitoring']",Junjie Chen;Jungho Im;Yinghui Zhao;Zhen Zhen;Guang Yang,GUARD-net: A geostationary satellite-based network for near-real-time active fire detection under class imbalance,
None,False,Remote Sensing of Environment,该论文的主题是利用深度学习进行大规模滑坡易发性制图，研究对象是巴基斯坦的滑坡问题，与大气环境遥感技术（如空气质量监测、卫星观测、大气成分分析、气溶胶反演等）无关。,"['landslide susceptibility', 'deep learning', 'Pakistan']",Bo Liu;Deren Li;Xiongwu Xiao;Zhenfeng Shao;Yingbing Li;Jiayu Hu,Large-scale landslide susceptibility mapping via deep learning: A case study of Pakistan,
None,True,Remote Sensing of Environment,该论文与大气环境遥感技术密切相关。它涉及使用Sentinel-1卫星的DInSAR技术进行地表位移监测，这是一种遥感技术，用于分析意大利领土的表面变化。虽然主要关注地表位移，但DInSAR技术通常用于大气成分分析和空气质量监测等领域，因此与大气环境遥感技术有较强的关联。,"['Sentinel-1', 'DInSAR', 'surface displacements monitoring']",F. Casu;I. Antoncecchi;M. Bonano;V. Bosi;C. De Luca;D. Di Bucci;A. Fagiani;D. Mangione;M. Manunta;F. Monterroso;G. Onorato;R. Sofia;I. Zinno;R. Lanari,Sentinel-1 operational DInSAR services for surface displacements monitoring of the Italian territory through the P-SBAS processing chain: a review after 10 years of observations and data processing,
None,True,Remote Sensing of Environment,该论文标题和摘要明确涉及TROPOMI卫星传感器及其SIF（太阳诱导荧光）产品的验证，这直接关联到大气环境遥感技术，特别是卫星观测和大气成分分析。,"['TROPOMI', 'SIF', 'satellite sensor']",Qian Zhang;Yan Liu;Josep Peñuelas;Adrià Descals;Yang Yang;Jianli Shi;Xingfa Gu,Validation of TROPOMI SIF products based on spatial representativeness grading and atmospheric-geometric effect assessment,
None,True,Remote Sensing of Environment,该论文标题和摘要明确涉及云检测，而云是大气环境的重要组成部分。论文使用机器学习技术并结合物理信息，这与大气环境遥感技术（如卫星观测和大气成分分析）密切相关，因此该论文与大气环境遥感技术 strongly related。,"['cloud detection', 'machine learning', 'physics-informed']",Shi Qiu;Zhe Zhu;Xiucheng Yang;Junchang Ju;Qiang Zhou;Christopher S.R. Neigh,Physics-informed machine learning for cloud detection,
None,True,Remote Sensing of Environment,该论文使用成像光谱数据评估解混技术，以检索绿色、非光合植被和土壤的覆盖率。这些内容与大气环境遥感技术密切相关，特别是涉及植被和土壤覆盖率的遥感监测，属于大气成分分析和空气质量监测的范畴。,"['imaging spectroscopy', 'spectral unmixing', 'vegetation fractional cover', 'soil fractional cover']",Francisco Ochoa;Philip G. Brodrick;Jorge A. Ochoa Gonzalez;Sandra L. LeGrand;Madeleine N. Gillespie;Red Willow Coleman;Yoseline Angel;K. Dana Chadwick;Regina Eckert;Kathleen Grant;Thoralf Meyer;David R. Thompson;Robert O. Green;Gregory S. Okin,"Evaluating spectral unmixing techniques using imaging spectroscopy data for retrieval of green, non-photosynthetic vegetation, and soil fractional cover",
None,True,Remote Sensing of Environment,该论文使用PlanetScope卫星图像和深度学习引导的图割技术来绘制啮齿动物引起的生物土壤结皮扰动，这与大气环境遥感技术中的卫星观测和图像处理方法密切相关，属于遥感技术在生态和环境监测中的应用范畴。,"['PlanetScope imagery', 'deep-learning', 'graph cut']",Ruilin Chen;Benfeng Yin;Wei Yang;Zeteng Li;Jianlong Li;Kai Tang;Yao Tang;Anqi Li;Yuanming Zhang;Bettina Weber;Jin Chen,Mapping rodent-induced disturbance of biological soil crusts using PlanetScope imagery and deep-learning-informed graph cut,
None,True,Remote Sensing of Environment,该论文研究的是利用AlphaEarth基础进行作物制图的技术，涉及热梯度的影响，这与大气环境遥感技术中的卫星观测和地表参数反演相关，因此属于相关领域。,"['crop mapping', 'thermal gradients', 'remote sensing']",Cao Cheng;Nanshan You;Pengzhan Zhao;Jinwei Dong,Limited local classification performance but promising spatial transferability of AlphaEarth Foundations for crop mapping across thermal gradients,
None,True,Remote Sensing of Environment,该论文研究了Sentinel-1卫星的共交叉极化相干性，并将其应用于风场贝叶斯反演。Sentinel-1是一款欧洲哥白尼计划中的卫星，用于地球观测，其数据可用于大气环境遥感，特别是风场监测，这与大气环境遥感技术密切相关。,"['Sentinel-1', 'co-cross polarization coherence', 'wind field Bayesian inversion']",Aurélien Colin;Romain Husson;Alexis Mouche;Antoine Grouazel;Frédéric Nouguier,Piecewise log-normal modeling of Sentinel-1 co-cross polarization coherence and application to wind field Bayesian inversion,
None,True,Remote Sensing of Environment,该论文研究了如何利用VIIRS卫星观测数据，结合机器学习方法来反演夜间海洋液态云的光学参数和微物理参数。这属于大气环境遥感技术中的卫星观测和大气成分分析范畴，因此与题目要求的相关性较强。,"['VIIRS', 'oceanic liquid cloud', 'machine learning']",Ying-Chieh Chen;Meng Zhou;Jun Wang;Xi Chen;Jing Zeng;Yongxiang Hu,Retrieval of nighttime oceanic liquid cloud optical and microphysical parameters from VIIRS observations: a physics-informed machine learning approach,
None,False,Remote Sensing of Environment,该论文研究的是人口网格化制图，与大气环境遥感技术（如空气质量监测、卫星观测、大气成分分析、气溶胶反演）没有直接相关性。论文关注的是人口分布的制图方法，而非大气环境监测技术。,"['gridded population mapping', 'global cities', 'large-scale mapping']",Shuyang Hou;Haoyue Jiao;Yaxian Qing;Qingyang Xu;Ziqi Liu;Lutong Xie;Zhangyan Xu;Zengjie Wang;Shaoqing Tang;Xuefeng Guan;Huayi Wu,Can AlphaEarth foundations redefine the paradigm of gridded population mapping? A systematic evaluation across 18 global cities and large-scale mapping applications,
None,True,Remote Sensing of Environment,该论文研究利用Sentinel-1卫星数据进行细尺度微波监测，旨在提高萨赫勒地区植被光学深度的空间分辨率。这与大气环境遥感技术密切相关，特别是卫星观测和植被分析领域。,"['Sentinel-1', 'vegetation optical depth', 'microwave monitoring']",Zhixuan Lu;Lei Fan;Rasmus Fensholt;Jiangyuan Zeng;Nicolas Baghdadi;Frederic Frappart;Martin Brandt;Philippe Ciais;Gabrielle De Lannoy;Jian Peng;Abdoul Aziz Diouf;Eric Mougin;Xiaojing Bai;Xiangzhuo Liu;Jean-Pierre Wigneron,Toward fine-scale microwave monitoring of dryland vegetation: an alternative high spatial resolution vegetation optical depth retrieval algorithm from Sentinel-1 over the Sahel region,
None,True,Remote Sensing of Environment,该研究涉及融合SAR（合成孔径雷达）和SWIM（海洋表面温度成像）观测数据来改进全球Stokes漂移估计，这与大气环境遥感技术（如卫星观测和大气成分分析）密切相关，因为Stokes漂移是海洋表面动力学的关键参数，对大气环境监测具有重要意义。,"['SAR', 'SWIM', 'stokes drift', 'satellite observations', 'atmospheric remote sensing']",Shihao Zou;Danièle Hauser;Charles Peureux;Qing Li,Fusing SAR and SWIM observations to improve the global stokes drift estimates,
None,True,Remote Sensing of Environment,该论文研究山区向下短波辐射的时空扩展，这与大气环境遥感技术密切相关，因为向下短波辐射是大气成分和空气质量监测的重要参数，而山区是大气过程研究的关键区域。,"['downward shortwave radiation', 'mountainous area', 'atmospheric radiation']",Guangjian Yan;Shuo Cao;Chunqiang Zhao;Donghui Xie;Xihan Mu;Si Gao,Spatiotemporal extension of all-sky downward shortwave radiation over mountainous area,
None,True,Remote Sensing of Environment,该论文标题和摘要明确涉及从双卫星极化观测中获取多参数气溶胶信息，利用物理引导深度学习技术。这与大气环境遥感技术（如空气质量监测、卫星观测、大气成分分析、气溶胶反演）密切相关，因此判定为强相关。,"['aerosol retrieval', 'dual-satellite', 'polarimetric observations', 'physics-guided deep learning']",Zhihui Wang;Cheng Chen;Jing Wei;Xuefeng Lei;Zhenhai Liu;Li Fang;Hui Chen;Pengfei Ma;Yulong Fan;Lin Sun;Changqing Lin;Ke Xiao;Haixiao Yu;Shangpei Xun;Zhengqiang Li;Jin Hong,Optically consistent multi-parameter aerosol retrieval from dual-satellite polarimetric observations enabled by physics-guided deep learning,
None,True,Remote Sensing of Environment,该论文研究了辐射传输模型反演中的偏差-方差权衡对叶面积指数估算不确定性的影响。叶面积指数是大气环境监测中的一个重要参数，而辐射传输模型反演是遥感技术中常用的方法，用于从卫星观测数据中提取大气和地表参数。因此，该论文与大气环境遥感技术密切相关。,"['radiative transfer', 'leaf area index', 'atmospheric inversion']",Dasheng Fan;Xihan Mu;Tim R. McVicar;Yongkang Lai;Donghui Xie;Guangjian Yan,Bias-variance trade-off in radiative transfer model inversion drives uncertainty in leaf area index estimation,
None,True,Remote Sensing of Environment,该论文研究了总柱状二氧化氮和气溶胶光学厚度之间的昼夜耦合关系，涉及大气环境监测和成分分析，与遥感技术密切相关。,"['nitrogen dioxide', 'aerosol optical depth', 'Pandora Asia network']",Seong-Young Kim;Ukkyo Jeong;Hyunkee Hong;Alexander Cede;Lim-Seok Chang;Serin Kim;Donghee Kim;Hanlim Lee;Thomas Hanisco;Nader Abuhassan;Si-Chee Tsay;Daewon Kim;Jhoon Kim;Jae Hwan Kim;Surassawadee Phoompanit;Enkhbaatar Davaanyam;Muhammad Fahim Khokhar;Abdus Salam;Hisahiro Takashima;Shungo Kato,Diurnal coupling of total column nitrogen dioxide and aerosol optical depth: Insights from the Pandora Asia network,
None,False,Remote Sensing of Environment,该论文研究的是棉花叶片在水盐胁迫下的日变化角度，与大气环境遥感技术（如空气质量监测、卫星观测、大气成分分析、气溶胶反演）无关。,[],Qing Li;Dalei Hao;Jan Pisek;Zicheng Ji;Yanan Wei;Youngryel Ryu;Jiarui Xu;Yangmin Feng;Shaozhong Kang;Yelu Zeng,Detecting diurnal dynamics of cotton leaf inclination angle under water-salt stress,
None,True,Remote Sensing of Environment,该论文研究了黑碳含有气溶胶的直接辐射强迫，并揭示了亚洲城市的不同辐射环境，这与大气环境遥感技术（如空气质量监测、卫星观测、大气成分分析、气溶胶反演）密切相关。,"['black carbon', 'aerosols', 'radiative forcing', 'urban Asia']",Pravash Tiwari;Jason Blake Cohen;Ralph A. Kahn;Hongrui Gao;Luoyao Guan;Zhewen Liu;Lingxiao Lu;Shuo Wang;Shahid Uz Zaman;Cheng Fan;Simone Lolli;Zhengqiang Li;Oleg Dubovik;Kai Qin,Observation-constrained clear-sky direct radiative forcing of black carbon containing aerosols reveals distinct radiative regimes across urban Asia,
None,True,Remote Sensing of Environment,该论文研究了复杂大气和地形条件下使用级联经验-深度网络（CEDA-Net）来缓解InSAR（干涉合成孔径雷达）对流层延迟的技术。这与大气环境遥感技术密切相关，特别是涉及大气组成分析和卫星观测领域。,"['InSAR', 'tropospheric delay', 'atmospheric conditions']",Yi Shao;Yuxing Chen;Liming Jiang;Bin Yan;Zhiwei Zhou,CEDA-Net: A cascade empirical–deep network for mitigating InSAR tropospheric delay in complex atmospheric and topographic conditions,
None,True,Remote Sensing of Environment,该论文标题和摘要明确涉及了OMI（Ozone Monitoring Instrument）卫星传感器及其NO₂（二氧化氮）产品的长期重建，这属于大气环境遥感技术的范畴，具体与卫星观测和大气成分分析直接相关。,"['OMI', 'NO2', 'satellite observations', 'atmospheric composition analysis']",Yuan Wang;Duoduo Liu;Qianqian Yang;Qiangqiang Yuan;Yuanjian Yang;Tongwen Li;Lu Zhang;Mengya Wang;Zhige Wang;Jiang He;Denghong Liu;Yi Xiao,Long-term reconstruction of daily global OMI NO<sub>2</sub> product between 2005-2023 with spatiotemporally constrained compressive sensing,
None,True,Remote Sensing of Environment,该论文使用LiDAR数据量化森林的三维结构组织，虽然主要关注森林本身，但LiDAR技术在空气中气溶胶和大气成分的遥感中也有应用，因此与大气环境遥感技术有一定相关性。,"['LiDAR data', 'forest three-dimensional structural organization', 'atmospheric composition analysis']",Xin Yang;Wen Xiao;Wenxia Dai;Guang Zheng,3DSO: Quantifying forest three-dimensional structural organization beyond the canopy surface using LiDAR data,
None,True,Remote Sensing of Environment,该论文研究了使用紧凑型太阳盲光学辐射计直接量化太阳诱导叶绿素荧光的方法。叶绿素荧光是植被生理状态的一个重要指标，而太阳盲光学辐射计是用于大气环境遥感的一种技术，可用于监测大气成分和植被健康，因此与大气环境遥感技术密切相关。,"['solar-induced chlorophyll fluorescence', 'compact solar-blind optical radiometers', 'atmospheric remote sensing']",Jonas Kuhn;Jochen Stutz,Direct quantification of solar-induced chlorophyll fluorescence using compact solar-blind optical radiometers,
None,True,Remote Sensing of Environment,该论文标题和摘要明确涉及利用Landsat TIRS卫星传感器的split window方法来获取地表温度，并考虑了大气水汽的影响，这与大气环境遥感技术（如卫星观测、大气成分分析）密切相关。,"['Landsat TIRS', 'split window', 'surface temperature', 'atmospheric water vapor']",Amirhossein Hassanzadeh;Robert Mancini;Aaron Gerace;Rehman Eon;Matthew Montanaro;Elphas Khata,An uncertainty workflow for landsat TIRS split window surface temperature products incorporating atmospheric water vapor,
None,True,Remote Sensing of Environment,该论文使用ICESat-2 ATL08高度数据和Landsat时间序列来评估美国南方松树（南方黄松）的年龄-高度关系。ICESat-2是一种用于地球观测的卫星，其ATL08产品提供高精度的地表高度数据，这属于大气环境遥感技术的范畴，特别是卫星观测和大气成分分析。因此，该论文与大气环境遥感技术密切相关。,"['ICESat-2', 'ATL08', 'Landsat', 'heights', 'southern yellow pines']",Sonia Sharma Banjade;Randolph H. Wynne;Valerie A. Thomas;Patrick C. Green;Todd A. Schroeder,Using ICESat-2 ATL08 heights and Landsat time series to assess the age-height relationship of southern yellow pines in the US,
None,True,Remote Sensing of Environment,该论文研究了利用空间激光雷达和多源地理空间数据集协同监测北京-天津-河北都市圈的城市建筑高度，这属于大气环境遥感技术中的城市环境监测和三维城市建模领域，与空气质量监测、卫星观测、大气成分分析等技术密切相关。,"['spaceborne LiDAR', 'urban building height mapping', 'multisource geospatial datasets']",Jieying Lao;Sheng Nie;Cheng Wang;Xiaohuan Xi;Xiaoxiao Zhu,Urban building height mapping in Beijing-Tianjin-Hebei megalopolis by synergy of spaceborne LiDAR and multisource geospatial datasets,
None,True,Remote Sensing of Environment,该论文使用时间序列卫星数据来绘制澳大利亚动态潮间带的3D形状变化，涉及卫星观测技术和地表形态分析，与大气环境遥感技术（如卫星观测）密切相关。,"['satellite data', 'intertidal zone', 'time series']",Robbi Bishop-Taylor;Claire Phillips;Stephen Sagar;Vanessa Newey,Time and tide: Mapping the changing 3D shape of Australia's dynamic intertidal zone using time series satellite data,
None,True,Remote Sensing of Environment,该论文与大气环境遥感技术密切相关，因为地表物候（LSP）产品的比较和评估通常涉及遥感数据，如卫星观测，以分析全球地表植被变化，这属于大气环境监测和遥感技术的研究范畴。,"['land surface phenology', 'global LSP products', 'remote sensing']",Getachew Mehabie Mulualem;Jose A. Caparros-Santiago;Victor Rodriguez-Galiano;Jadunandan Dash,Intercomparison and evaluation of global land surface phenology (LSP) products,
None,False,Remote Sensing of Environment,该论文主要关注利用机器学习和样本增强技术进行跨尺度小麦收获监测，与大气环境遥感技术（如空气质量监测、卫星观测、大气成分分析、气溶胶反演）相关性较低。,"['machine learning', 'cross-scale', 'wheat harvest']",Mingchao Shao;Chongya Jiang;Jingwei An;Haokai Zhu;Yue Li;Xia Yao;Tao Cheng;Hengbiao Zheng;Weixing Cao;Yan Zhu,A knowledge-guided machine learning framework for cross-scale wheat harvest monitoring via sample augmentation,
None,False,Remote Sensing of Environment,该论文研究的是水资源胁迫指数与土壤湿度对摩洛哥油橄榄树水分状态的影响，主要关注植物生理学和农业科学，与大气环境遥感技术（如空气质量监测、卫星观测、大气成分分析、气溶胶反演）关联性较弱。,[],Hamza Barguache;Jamal Ezzahar;Said Khabba;Jamal Elfarkh;Salah Er-Raki;Adnane Chakir;Lionel Jarlan;Zoubir Rafi;Pascal Fanise;Valerie Le Dantec,Development of a new water stress index combining PRI and soil moisture for assessing olive tree water status in Morocco,
None,False,Remote Sensing of Environment,该论文研究的是利用多时相干涉雷达（InSAR）技术分析古河岸滑坡的长期蠕变和活动厚度变化，主要关注地质和水利工程领域，而非大气环境遥感技术，如空气质量监测、卫星观测或大气成分分析等。,"['InSAR', 'landslide', 'water levels']",Huiyuan Luo;Chuanhao Pu;Zhong Lu;Xuanmei Fan;Qiang Xu,Multitemporal InSAR analysis of long-term creep and active thickness changes in a paleo riverbank landslide driven by anomalous water levels,
None,True,Remote Sensing of Environment,该论文使用Landsat卫星数据和时间序列分析方法，结合深度学习技术，旨在检测欧洲地区的森林退化。虽然主要关注森林变化，但Landsat作为一种卫星观测技术，与大气环境遥感技术（如卫星观测、大气成分分析等）密切相关，因此与大气环境遥感技术领域具有较强相关性。,"['Landsat', 'deep learning', 'forest disturbance detection']",Alba Viana-Soto;Jorunn Anna Mense;Katja Kowalski;Jan Pauls;Fabian Gieseke;Cornelius Senf,Deep learning-based forest disturbance detection for Europe using Landsat time series,
None,False,Remote Sensing of Environment,该论文的主题是利用知识迁移技术进行树木冠层分割，与大气环境遥感技术（如空气质量监测、卫星观测、大气成分分析、气溶胶反演等）没有直接关系。,"['knowledge transfer', 'tree crown segmentation', 'scene-specific labels']",Jiaqi Yang;Kyle Kabasares;Ming Liu;Taejin Park;Min Chen,Unified knowledge transfer boosts individual tree crown segmentation without scene-specific labels,
None,True,Remote Sensing of Environment,该论文标题和摘要明确涉及Sentinel-2卫星传感器，这是用于大气环境遥感的重要工具，旨在重建云污染下的时间序列数据。这直接关联到大气环境遥感技术，如卫星观测和大气成分分析。,"['Sentinel-2', 'cloud-free time series', 'atmospheric degradations', 'remote sensing']",Ziyang LiHe;Qiangqiang Yuan;Jiang He;Liupeng Lin;Xianyu Jin;Huanfeng Shen;Liangpei Zhang,Reconstructing cloud-free Sentinel-2 time series under complex degradations with state-driven spatio-temporal modeling,
None,True,Remote Sensing of Environment,该论文研究了从风云三号D卫星（FengYun-3D）的X波段观测数据中反演植被光学厚度产品，这与大气环境遥感技术密切相关，特别是卫星观测和大气成分分析方面。,"['FengYun-3D', 'vegetation optical depth', 'remote sensing']",Lei Fan;Mengjia Wang;Dongbo Chen;Philippe Ciais;Frédéric Frappart;Jiangyuan Zeng;Gabrielle De Lannoy;Jian Peng;Xiuqing Hu;Ronghan Xu;Xin Li;Xiaojun Li;Xiangzhuo Liu;Yao Xiao;Jean-Pierre Wigneron,First vegetation optical depth product retrieved from FengYun-3D X-band observations,
None,True,Remote Sensing of Environment,该论文使用BTSAD和CBPA方法，结合Landsat和HLSv2.0长时间序列数据，监测全球红树林的空间演化和功能退化。虽然主要关注红树林生态，但使用遥感技术和长时间序列数据分析大气成分的方法与大气环境遥感技术相关。,"['BTSAD', 'CBPA', 'Landsat', 'HLSv2.0', 'atmospheric composition']",Bolin Fu;Weiping Yi;Yeqiao Wang;Hang Yao;Mingming Jia;Ertao Gao;Donglin Fan,Monitoring global mangrove spatial evolution and functional degradation using BTSAD and CBPA methods over a 36-year dense Landsat and HLSv2.0 time series,
None,True,Remote Sensing of Environment,该论文使用Sentinel-1卫星数据的时间序列分析技术，旨在检测农作物的播种和收获日期。这属于遥感技术在农业领域的应用，虽然不直接涉及空气质量监测或大气成分分析，但与大气环境遥感技术有间接关联，因为Sentinel-1卫星可以提供地表覆盖信息，进而影响大气成分和环境监测。,"['Sentinel-1', 'time series', 'crop sowing', 'harvesting dates']",Shuai Xu;Xiaolin Zhu,A new adaptive approach for detecting crop sowing and harvesting dates from Sentinel-1 time series,
None,True,Remote Sensing of Environment,该论文研究了利用卫星土壤湿度数据在水受限环境下进行作物生产力异常的亚季节性预测，涉及卫星观测技术和大气环境分析，与大气环境遥感技术（如卫星观测、土壤湿度监测）密切相关。,"['satellite soil moisture', 'sub-seasonal forecasting', 'cropland productivity']",Adebowale Daniel Adebayo;Catherine Nakalembe,Sub-seasonal forecasting of cropland productivity anomalies using satellite soil moisture in water-limited environments,
None,True,Remote Sensing of Environment,该论文与大气环境遥感技术密切相关，因为Planet Dove是一种卫星平台，用于监测海岸线，这通常涉及利用遥感技术获取大气和地表信息。,"['Planet Dove', 'coastlines', 'monitoring']",Katherine C. Cavanaugh;Kyle Dorman;Kyle C. Cavanaugh,Capability of Planet Dove for monitoring the world's coastlines,
None,True,Remote Sensing of Environment,这篇论文研究了地上生物量和土壤湿度干旱对基于VOD（植被光学深度）的全球等湿性估计的影响，涉及卫星观测和大气成分分析，因此与大气环境遥感技术密切相关。,"['VOD', 'isohydricity', 'aboveground biomass', 'soil moisture', 'satellite observations']",Yuanzhizi Deng;Yao Zhang,Effects of aboveground biomass and soil moisture drought on VOD-based global isohydricity estimates,
None,False,Remote Sensing of Environment,该论文研究的是从高分辨率植被指数数据中提取作物物候的知识引导机器学习方法，主要关注农业领域，而非大气环境遥感技术。虽然植被指数与大气环境有一定关联，但论文的核心内容与空气质量监测、卫星观测、大气成分分析、气溶胶反演等大气环境遥感技术无关。,"['machine learning', 'crop phenology', 'vegetation index']",Ruoque Shen;Qiongyan Peng;Xiangqian Li;Jianxi Huang;Jin Chen;Jie Dong;Xiuzhi Chen;Wenping Yuan,SMFS-RF: a knowledge-guided machine-learning method for crop phenology extraction from fine-resolution vegetation index data,
None,True,Remote Sensing of Environment,该论文与大气环境遥感技术密切相关，因为Landsat系列传感器是用于卫星观测和大气成分分析的重要工具。,"['Landsat 10', 'LandIS', 'sensor design']",Matthew Montanaro;Jeffrey Yee;Edmond Chung;Julie Montoya;Benjamin Turk;Eric Johnson;Andrew Pozo;Evan Haas;Steven Persh;Shawn Serbin;Thomas R. Holmes;Phillip W. Dabney;Bruce D. Cook;Christopher S.R. Neigh,Landsat Instrument Suite (LandIS) sensor design for the Landsat 10 mission,
None,False,Remote Sensing of Environment,该论文标题和摘要主要关注生物多样性科学和保护，未涉及大气环境遥感技术，如空气质量监测、卫星观测、大气成分分析或气溶胶反演等。,[],Volker C. Radeloff;Eduarda M.O. Silveira;Akash Anand;Duanyang Liu;Kathleen A. Carroll;Nicholas C. Coops;Gabriel C. Costa;Maxim Dubinin;Laura S. Farwell;Paul R. Elsen;Martina L. Hobi;Elena Razenkova;Naparat Suttidate;Benjamin Zuckerberg;Anna M. Pidgeon,The BioSat indices designed for biodiversity science and conservation,
None,True,Remote Sensing of Environment,该论文与大气环境遥感技术相关，因为Landsat是一个卫星传感器，用于地球观测，而蒸散量是大气成分分析中的一个重要参数。论文的研究内容涉及全球蒸散量产品的开发、评估和传播，这与卫星观测和大气成分分析密切相关。,"['Landsat', 'evapotranspiration', 'global product']",Gabriel B. Senay;Gabriel E.L. Parrish;Kul Khand;Lei Ji;Ray Dittmeier;MacKenzie Friedrichs;John Volk;Charles Morton;Leonardo Laipelt;Stefanie Kagone;Sheila M.V. Cochrane;Jordan Dornbierer;Saeed Arab;Calli Jenkerson;Anderson Ruhoff;Michael Budde,"On-demand global Landsat evapotranspiration product: development, evaluation, and dissemination",
None,False,Remote Sensing of Environment,该论文主要关注的是利用Landsat数据进行灌溉映射和实际蒸散量估算，并结合水文模型评估区域灌溉动态，这与大气环境遥感技术（如空气质量监测、卫星观测、大气成分分析、气溶胶反演）的关系较弱。,"['Landsat', 'irrigation mapping', 'evapotranspiration']",Jorge L. Peña-Arancibia;Yingying Yu;Tim R. McVicar;Thomas G. Van Niel;Francis H.S. Chiew;Darin Hodgson;Jamie Vleeshouwer;Aarond Dino;Zachary Brown;Anthony Nadelko,Integrating Landsat-based irrigation mapping and actual evapotranspiration estimates with hydrological modelling to assess regional irrigation dynamics in a large basin experiencing extreme climate variability: Towards a national operational irrigation water accounting system,
None,True,Remote Sensing of Environment,该论文与大气环境遥感技术相关，因为其使用Landsat卫星获取的表面温度数据，这与大气成分分析和遥感技术密切相关，尽管其应用领域是生物多样性，但遥感技术是其数据获取的核心手段。,"['Landsat', 'surface temperature data', 'biodiversity applications']",Eduarda M.O. Silveira;Anna M. Pidgeon;Volker C. Radeloff,The BioThermal variables derived from Landsat surface temperature data for biodiversity applications,
None,True,Remote Sensing of Environment,该论文标题和摘要涉及地球观测基础模型的空间不确定性校准，通过Matérn动机的潜在随机正则化方法。这与大气环境遥感技术相关，因为地球观测技术常用于大气成分分析、空气质量监测和卫星观测，而空间不确定性校准是这些应用中的关键技术环节。,"['Earth observation', 'latent stochastic regularization', 'spatial uncertainty']",Daniel P. Johnson,Calibrated spatial uncertainty for Earth observation foundation models via Matérn-motivated latent stochastic regularization,
None,True,Remote Sensing of Environment,该论文是关于Landsat和MODIS卫星的地表温度反演的校正，涉及地表温度一致性研究，这属于大气环境遥感技术中的卫星观测和地表参数反演领域。,"['Landsat', 'MODIS', 'land surface temperature', 'LST consistency', 'angular anisotropy']",Xue Li;Dandan Wang;Huihui Xu;Mengmeng Wang;Ji Zhou;Frank Göttsche;Xiaoyu He;Gaijing Chang;Yue Han,Corrigendum to ‘Angular anisotropy of Landsat and MODIS land surface temperature toward multi-source LST consistency’ [Remote Sens. Environ. 346 (2026) 115624],
None,True,Remote Sensing of Environment,该论文研究了城市化、植被和背景气候如何在大尺度上影响地表热岛效应，这与大气环境遥感技术中的空气质量监测和地表温度分析密切相关。,"['urbanization', 'vegetation', 'surface urban heat island']",Song Jiang;Yongling Zhao;Lei Zhao;Jan Carmeliet;Jian Peng,"Disentangling diverse findings on how urbanization, vegetation, and background climate shape the surface urban heat island at large scales",
None,False,Remote Sensing of Environment,这篇论文主要关注的是利用成像光谱技术进行物种分类的研究，虽然涉及遥感技术，但主要应用于生物多样性领域，而非大气环境监测或大气成分分析。因此，与大气环境遥感技术相关性不强。,"['imaging spectroscopy', 'species classification', 'tree biodiversity']",Sofia J. van Moorsel;Bernhard Schmid;Michael Niederberger;Jeremiah Huggel;Michael Scherer-Lorenzen;Uwe Rascher;Alexander Damm;Meredith C. Schuman,Using a planted tree biodiversity experiment to evaluate imaging spectroscopy for species classification,
None,True,Remote Sensing of Environment,该论文研究了当代遥感技术和物种分布模型在预测海岸栖息地空间分布中的应用，涉及遥感技术在环境监测中的应用，与大气环境遥感技术（如空气质量监测、卫星观测、大气成分分析、气溶胶反演）密切相关。,"['remote sensing', 'species distribution modelling', 'coastal habitats']",Louise Forsblom;Ari-Pekka Jokinen;Dimitry Van der Zande;Mihailo Azhar;Dimitar Berov;Jacob Carstensen;Vivi Drakopoulou;Vasilis Gerakaris;Hege Gundersen;Jonne Kotta;Valeria Mobilia;Nadia Papadopoulou;Bogdan Prodanov;Sofia Reizopoulou;Christopher J. Smith;Anna Spinosa;Valentina Todorova;Peter Anton Upadhyay Stæhr;Sanjina Upadhyay Stæhr;Elina A. Virtanen,Comparative analysis of contemporary remote sensing techniques and species distribution modelling in predicting spatial distribution of coastal habitats,
None,True,Remote Sensing of Environment,该论文研究利用地球静止轨道观测技术监测生物质燃烧产生的空气污染物，涉及卫星传感器（GIIRS和GEMS）和区域（东南亚），与大气环境遥感技术密切相关。,"['geostationary', 'air pollutants', 'biomass burning', 'GIIRS', 'GEMS']",Shan Han;Shangyi Liu;Mengya Sheng;Jhoon Kim;Ximin Cui;Minqiang Zhou;Wei Wang;Isamu Morino;Voltaire A. Velazco;Zhao-Cheng Zeng,Geostationary observations of air pollutants from biomass burning: A synergy of GIIRS and GEMS over Southeast Asia,
None,True,Remote Sensing of Environment,该研究利用Sentinel-1和Sentinel-2卫星数据估算田间灌溉量，并将结果与土壤水分平衡模型和Water Cloud模型耦合。这些技术涉及使用遥感数据监测大气环境中的水汽和地表水分变化，与大气环境遥感技术（如卫星观测和大气成分分析）密切相关。,"['Sentinel-1', 'Sentinel-2', 'irrigation estimation', 'soil water balance model', 'Water Cloud Model']",Martina Natali;Sara Modanesi;Domenico De Santis;Gabriëlle De Lannoy;Susan Steele-Dunne;Alessia Flammini;Alessio Domeneghetti;Christian Massari,Field-scale irrigation estimation using Sentinel-1 and Sentinel-2 data within a soil water balance model coupled to the Water Cloud Model,
None,True,Remote Sensing of Environment,该论文研究的是水体中颗粒回波、尺寸和悬浮颗粒物的检索算法，虽然主要关注的是近海和河口的水质监测，但涉及遥感技术在环境监测中的应用，特别是颗粒物和气溶胶的遥感反演，与大气环境遥感技术有一定关联性。,"['particle backscattering', 'size retrieval', 'suspended particulate matter', 'turbid waters', 'MOSAIC algorithm']",Juliana Tavora;Amanda de Liz Arcari;Mhd. Suhyb Salama;Cédric G. Fichot;Joshua P. Harringmeyer;Gian Marco Scarpa;Federica Braga;Emmanuel Boss;David Doxaran;Romaric Verney,"An algorithm for the retrieval of particle backscattering, size, and suspended particulate matter in turbid coastal and estuarine waters (MOSAIC)",
None,True,Remote Sensing of Environment,该论文标题和摘要中的关键词（如“carbon QUantification”和“remote sensing”）表明其研究内容与大气环境遥感技术密切相关，涉及碳的量化、大气成分分析等，属于空气质量监测和卫星观测的范畴。,"['carbon QUantification', 'remote sensing', 'atmospheric composition']",Bokyung Son;Taejun Sung;Sejeong Bae;Minki Choo;Jungho Im;Yeonsu Lee;S.M. Sohel Rana;Dongjin Cho;Cheolhee Yoo;Jeonghyun Hong;Hojin Lee;Hyun Seok Kim,"UNIQUE: UNified, high-resolution Intelligent carbon QUantification and Explanation",
None,True,Remote Sensing of Environment,该研究涉及无人机系统（UAV）和DART模型，用于测量玉米冠层的太阳诱导叶绿素荧光，这与大气环境遥感技术中的植被监测和大气成分分析相关，因此相关性强。,"['UAV system', 'DART model', 'maize canopy', 'solar-induced chlorophyll fluorescence']",Xiaokang Zhang;Zhaoying Zhang;Linsheng Wu;Yongguang Zhang,Developing the optimal observation scale model for maize canopy solar-induced chlorophyll fluorescence ground measurements based on UAV system and DART model,
None,True,Remote Sensing of Environment,该论文研究的是监测不同地表辐射传输和方向温度的全球系统，这与大气环境遥感技术中的大气成分分析和空气质量监测密切相关。辐射传输是理解大气污染物分布和卫星观测数据反演的关键技术，而方向温度则涉及大气温度的遥感测量。,"['radiative transfer', 'directional temperatures', 'heterogeneous surfaces']",Shouyi Zhong;Zunjian Bian;Roujean Jean-Louis;Qiang Liu;Juan Cheng;Yongming Du;Hua Li;Jianguang Wen;Qing Xiao,A global system for monitoring radiative transfer and directional temperatures over heterogeneous surfaces,
None,True,Remote Sensing of Environment,该论文研究了SWOT（卫星水表面地形高度测量任务）数据的水面高程精度，SWOT是一种利用卫星遥感技术进行水面高程测量的任务，这与大气环境遥感技术中的卫星观测和大气成分分析密切相关。,"['SWOT', 'water surface elevation', 'accuracy', 'remote sensing', 'satellite observations']",Rucha Sanjay Deshpande;Tajdarul Hassan Syed;Michael Durand;Steve Coss;Tamlin M. Pavelsky,Identifying regional drivers of variability in SWOT-derived water surface elevation accuracy,
None,True,Remote Sensing of Environment,该论文使用1.5米森林冠层高度的时间序列数据来揭示森林的细尺度干扰，这属于地球观测和遥感技术领域，与大气环境遥感技术（如卫星观测、森林冠层分析）密切相关。,"['forest canopy height', 'remote sensing', 'time series']",Martin Schwartz;Fajwel Fogel;Nikola Besic;Damien Robert;Louis Geist;Jean-Pierre Renaud;Jean-Matthieu Monnet;Clemens Mosig;Cédric Vega;Alexandre d’Aspremont;Loic Landrieu;Philippe Ciais,FORMSpoT: Revealing fine-scale forest disturbances from nation-wide 1.5 m forest canopy height time series,
None,True,Remote Sensing of Environment,该论文研究了Landsat和MODIS卫星在陆表温度监测方面的角度各向异性问题，这与大气环境遥感技术中的卫星观测和地表温度分析密切相关，因此是相关的。,"['Landsat', 'MODIS', 'land surface temperature', 'LST consistency']",Xue Li;Dandan Wang;Huihui Xu;Mengmeng Wang;Ji Zhou;Frank Göttsche;Xiaoyu He;Gaijing Chang;Yue Han,Angular anisotropy of Landsat and MODIS land surface temperature toward multi-source LST consistency,
None,True,Remote Sensing of Environment,该论文研究了在光复杂水域中识别不同浮游植物功能群和尺寸级的方法，这与大气环境遥感技术相关，因为遥感技术在监测水体光学特性（如浮游植物）方面有广泛应用，例如通过卫星观测分析水体成分。,"['phytoplankton', 'optically complex waters', 'remote sensing']",Tiit Kutser;Karolin Teeveer;Tuuli Soomets;Birgot Paavel;Laura Argus;Ele Vahtmäe;Martin Ligi;Kaire Toming,On the possibility of recognising different phytoplankton functional groups and size classes in optically complex waters,
None,False,Remote Sensing of Environment,该论文研究的是利用SWOT卫星获取的海洋重力数据揭示墨西哥湾的地质结构，与大气环境遥感技术（如空气质量监测、卫星观测、大气成分分析、气溶胶反演等）相关性较低。,"['marine gravity', 'tectonic structures', 'SWOT']",Daocheng Yu;James Pindell;Cheinway Hwang;Xiaoli Deng;Emmy T. Chang;Jinyun Guo,Revealing buried tectonic structures in the Gulf of Mexico using SWOT-derived marine gravity,
None,True,Remote Sensing of Environment,该论文与大气环境遥感技术密切相关，因为它研究的是从EPIC/DSCOVR卫星获取的每小时气溶胶光学质心高度（AOCH）数据产品，这属于大气成分分析和空气质量监测的范畴。,"['aerosol optical centroid height', 'EPIC/DSCOVR', 'satellite observations', 'atmospheric composition']",Zhendong Lu;Jun Wang;Xi Chen;Meng Zhou;Xiaoguang Xu;Yeonsu Park;Hyerim Kim,Version 2 of hourly aerosol optical centroid height (AOCH) data product from EPIC/DSCOVR in deep space,
None,True,Remote Sensing of Environment,该论文的主题与大气环境遥感技术密切相关，因为它涉及从太空监测、量化分类火山活动，这属于大气成分分析和卫星观测的范畴。,"['volcanic activity', 'space', 'monitoring']",S. Aveni;D. Coppola;M. Laiolo,"A synergistic thermal framework for monitoring, quantifying, and classifying volcanic activity from space",
None,False,Remote Sensing of Environment,该论文研究的是使用0.4-2 GHz宽带辐射计观测冷海水表面盐度的技术，与大气环境遥感技术（如空气质量监测、卫星观测、大气成分分析、气溶胶反演）没有直接关系。研究主题集中在海洋盐度测量，而非大气环境监测。,"['wideband radiometry', 'surface salinity', 'cold seawater']",Jacqueline Boutin;Jean-Luc Vergely;Stéphane Ferron;Laurent Bertino;Giovanni Macelloni;Marco Brogioni;Emmanuel Dinnat;Lars Kaleschke;Rasmus Tonboe;Yiwen Zhou;Marie-Laure Frery;Valerie Dutto;Katia Nagamine Urata;Matthias Drusch,Beyond L-band: 0.4-2 GHz wideband radiometry for observing surface salinity in cold seawater,
None,False,Remote Sensing of Environment,该论文研究的是玉米病害胁迫的垂直分层异质性，虽然涉及大气传输动力学，但主要关注点在于农业病害，而非大气环境遥感技术，如空气质量监测、卫星观测或大气成分分析等。,"['maize disease stress', 'transmission-dynamics', 'vertically stratified heterogeneity']",Binxiang Qian;Wenjiang Huang;Zhijun Zhen;Kehui Ren;Peiqi Yang;Jianbo Qi;Michael Henke;Xiuliang Jin;Lingjing Ouyang;Anting Guo;Jie Bai;Chao Ruan;Tiecheng Huang;Yin Jin;Zhenong Jin,The cmSCOPE-D model: A transmission-dynamics-enabled SCOPE adaptation to characterize vertically stratified heterogeneity of maize disease stress,
None,True,Remote Sensing of Environment,该论文使用GEDI和ICESat-2卫星观测数据生成热带湿地地区最优数字高程模型（DTM），涉及卫星观测技术和地理空间数据处理，与大气环境遥感技术中的卫星遥感数据分析和应用紧密相关。,"['GEDI', 'ICESat-2', 'DTM', 'tropical peatlands']",Yuan Sun;Huan Xie;Xiaohua Tong;Yi Li;Alexander R. Cobb;Rahayu S. Sukri;Muhammad Arif bin Haji Selamat;Hao Tang,A novel method for generating optimal DTM in tropical peatlands using GEDI and ICESat-2 observations,
None,True,Remote Sensing of Environment,该论文研究了地球矿物表面的轨道成像光谱技术，并分析了EMIT卫星在头两年的观测结果和稳定性。这涉及到了卫星遥感技术，特别是大气成分分析和空气质量监测，因此与大气环境遥感技术密切相关。,"['orbital imaging spectroscopy', 'EMIT', 'mineral surface', 'atmospheric composition analysis', 'satellite observations']",Marie-Stephane Guillaumont;David R. Thompson;Philip G. Brodrick;Roger Clark;Robert O. Green;Gregory S. Okin,Orbital imaging spectroscopy of Earth’s mineral surface: Results and stability from EMIT’s first two years,
None,False,Remote Sensing of Environment,该论文主要关注的是叶绿素含量监测，虽然与植物生长和环境有一定关系，但并未涉及大气环境遥感技术，如空气质量监测、卫星观测或大气成分分析等领域。,"['chlorophyll index', 'leaf chlorophyll content', 'monitoring']",Si Gao;Kai Yan;Jinhua Li;Cheng Huang;Xuanlong Ma;Wenjie Fan;Liangyun Liu;Qiao Wang,Structure-resistant chlorophyll index: A novel indicator for leaf chlorophyll content monitoring,
None,False,Remote Sensing of Environment,标题为'编委会'，摘要未提供。此内容与大气环境遥感技术（如空气质量监测、卫星观测、大气成分分析、气溶胶反演）无明显关联。,[],,Editorial Board,
None,False,International Journal of Applied Earth Observation and Geoinformation,该论文标题和摘要主要关注多模态视觉语言模型在构建车道级高精度地图中的应用，与大气环境遥感技术（如空气质量监测、卫星观测、大气成分分析、气溶胶检索）无关。,[],Haofeng Xie;Huiwei Jiang;Yibing Xiong;Pengwei Dong;Yandi Yang;Xiangyun Hu,VLM-Mapper: Multimodal vision-language models for prior guided lane-level HD map construction,
None,False,International Journal of Applied Earth Observation and Geoinformation,该论文研究的是水下地形测绘技术，涉及机载LiDAR和声呐技术，与大气环境遥感技术（如空气质量监测、卫星观测、大气成分分析、气溶胶反演）关系不大。,"['Airborne LiDAR', 'bathymetry', 'multibeam Echo sounding']",Dianpeng Su;Yongrui Shi;Haojie Lai;Xinlong Shi;Fanlin Yang;Chao Qi;Sai Mei;Anxiu Yang,Underwater topographic mapping using a fusion of Airborne LiDAR bathymetry and multibeam Echo sounding,
None,True,International Journal of Applied Earth Observation and Geoinformation,该论文研究的是一种基于物理信息的表面到体积模型，用于检测三维中尺度涡旋，涉及多源多尺度融合技术。虽然不直接提及大气环境遥感技术，但其研究内容（如涡旋检测、多尺度融合）与大气环境监测（如空气质量监测、大气成分分析）有潜在关联，因此认为其与大气环境遥感技术有一定相关性。,"['mesoscale eddy', 'surface-to-volume physics-informed model', 'multi-scale fusion']",Yong Li;Jie Zhang;Jungang Yang;Wei Zeng;Danya Xu;Guoqing Zhu;Fangming Guo;Ziqi Xin;Wei Cui,Surface-to-volume physics-informed model for 3D mesoscale eddy detection: Multi-source multi-scale fusion,
None,True,International Journal of Applied Earth Observation and Geoinformation,该论文研究了使用GA-ELM算法进行红树林功能性状的稳健高光谱反演，这属于遥感技术在生态系统监测中的应用，与大气环境遥感技术（如大气成分分析）有一定关联，但主要关注的是生物特征而非大气污染物或气象观测。,"['hyperspectral retrieval', 'mangrove functional traits', 'GA-ELM']",Zhijun Feng;Shan Lu;Rong Zhang;Haihang Zeng;Chuanpeng Zhao;Mingming Jia;Zongming Wang,Robust hyperspectral retrieval of mangrove functional traits across species and spatial scales using GA-ELM,
None,True,International Journal of Applied Earth Observation and Geoinformation,该论文研究的是通过卫星进行海岸带监测的技术，虽然不直接涉及空气质量监测，但卫星遥感技术是大气环境监测的重要手段之一，因此与大气环境遥感技术有一定相关性。,"['satellite', 'coastal monitoring', 'variance image composites']",Pilar Martín-Gallego;Juan Montes;Irene Delgado-Fernandez;Laura del Río;Theocharis A. Plomaritis;Christopher Marston,Satellite-based coastal monitoring through variance image composites (<em>SatVar</em>),
None,True,International Journal of Applied Earth Observation and Geoinformation,该论文标题和摘要涉及薄云校正和辐射传输，与大气环境遥感技术（如空气质量监测和大气成分分析）密切相关，特别是通过水参考方法进行动态宏观藻华的校正，这属于大气遥感应用领域。,"['thin-cloud correction', 'radiative transfer', 'water-referenced']",Furong Zhang;Shaohui Chen;Hongbo Su;Kai Liu;Chengyi Wang;Weimin Wang,Single-scene thin-cloud correction for dynamic macroalgal blooms via water-referenced radiative transfer,
None,False,International Journal of Applied Earth Observation and Geoinformation,该论文主要研究城市-农村梯度分类，通过整合多维城市化特征和自监督学习，与大气环境遥感技术（如空气质量监测、卫星观测、大气成分分析、气溶胶反演）的直接关联性不强。,"['urbanization', 'self-supervised learning', 'classification']",Xiangzhong Guo;Yutong Ru;Jing Lin;Yicheng Zheng;Tao Lin;Christopher Pettit;Hoon Han;Matthew Ng;Junmao Zhang;Yuan Chen;Meixia Lin;Zixu Jia;Qiming Zheng,A novel framework for urban–rural gradient classification by integrating multidimensional urbanization features via self-supervised learning,
None,False,International Journal of Applied Earth Observation and Geoinformation,该论文研究的是使用无人机图像进行岩崩中表观粒子尺寸分布的估算，主题与大气环境遥感技术（如空气质量监测、卫星观测、大气成分分析、气溶胶反演）没有直接关系。,"['UAV imagery', 'rock avalanches', 'particle size distribution']",Ruoshen Lin;Michel Jaboyedoff;Tianxin Lu;Fengchang Bu,Image-projected apparent particle size distribution estimation in rock avalanches using direct deep regression from UAV imagery,
None,False,International Journal of Applied Earth Observation and Geoinformation,该论文主要关注的是地質學中的滑坡現象，雖然提到了遙感技術，但主要應用於地質結構的變形監測和失敗機制分析，與大氣環境遙感技術（如空氣品質監測、衛星觀測、大氣組成分析、氣溶膠反演）關聯性較弱。,"['remote sensing', 'landslide', 'deformation monitoring']",Yukuan Liu;Zhaoyue Yu;Jiewei Zhan;Chen Yu;Zhanxi Wei;Jianbing Peng,"Integrated remote sensing and geotechnical investigations of the 2022 Jiujiawan mudstone landslide in Xining city, China: from deformation monitoring to failure mechanisms",
None,False,International Journal of Applied Earth Observation and Geoinformation,该论文的主题是关于深海镜像海洋声学层析成像观测的反演和同化框架，与大气环境遥感技术（如空气质量监测、卫星观测、大气成分分析、气溶胶反演）没有直接关系。,"['deep-sea mirror', 'ocean acoustic tomography', 'acoustic tomography']",Weishuai Xu;Yan Chen;Yifei Jiang;Zhanglong Li;Xiaohui Wang;Bo Li;Ningning Li;Weimin Zhang,A framework for inversion and assimilation of deep-sea mirror ocean acoustic tomography observations,
None,True,International Journal of Applied Earth Observation and Geoinformation,该论文研究的是黄海绿潮的长期观测及其时空分化，虽然不直接涉及空气质量监测或卫星遥感技术，但绿潮现象与海洋环境密切相关，可能通过遥感手段进行监测，因此与大气环境遥感技术的某些方面有间接关联。,"['yellow sea green tides', 'long term observations', 'spatiotemporal differentiation']",Haimei Duan;Yingcheng Lu;Junnan Jiao;Jun Tang;Wandi Yu;Lintan Yue;Yifan Yang;Futao Wang;Yuntao Wang;Wenfeng Zhan,Density-dominated aggregation and spatiotemporal differentiation of yellow sea green tides revealed by long term observations,
None,True,International Journal of Applied Earth Observation and Geoinformation,该论文使用Sentinel-2和Sentinel-1卫星数据监测高山草地的灌木侵入，涉及遥感技术，特别是卫星观测和地表动态监测，与大气环境遥感技术（如地表覆盖监测和生态变化研究）相关。,"['Sentinel-2', 'Sentinel-1', 'phenological features', 'structural information', 'alpine grasslands']",Jianjun Chen;Ruoqi Wang;Yuemin Yue;Wenbo Qi;Wenkuan Wang;Huaying Yu;Xue Cheng;Qingmin Cheng;Haotian You;Xiaowen Han;Guoqing Zhou,Fine-scale annual mapping and dynamic monitoring of shrub encroachment in alpine grasslands by integrating Sentinel-2 phenological features with Sentinel-1 structural information,
None,True,International Journal of Applied Earth Observation and Geoinformation,该论文研究使用L波段合成孔径雷达（SAR）技术检测沥青层下土壤水分的变化，属于遥感技术在土壤水分监测方面的应用，与大气环境遥感技术（如空气质量和大气成分分析）有一定关联，但主要关注点在土壤水分，而非大气环境直接监测。,"['L-band SAR', 'soil moisture', 'asphalt layer']",Wei Peng;Hui Xiao;Haiqiang Fu;Guanxin Liu;Yang Tian;Jun Zhu,Detection of soil moisture variations beneath an asphalt layer using L-band SAR,
None,True,International Journal of Applied Earth Observation and Geoinformation,该论文标题和摘要明确涉及遥感技术在开放煤矿活动中的解释，这与大气环境遥感技术（如空气质量监测、卫星观测、大气成分分析、气溶胶反演）密切相关，因此判定为强相关。,"['remote sensing', 'open-pit coal mining', 'atmospheric activity']",Jianghe Xing;Jun Li;Chengye Zhang;Jue Zhang;Shouhang Du;Yanheng Wang;Fei Yang;Yang Cheng;Yongsheng Gao,InterMine: A foundation model-based multi-task interaction network for remote sensing interpretation of open-pit coal mining activity,
None,False,International Journal of Applied Earth Observation and Geoinformation,该论文主要研究的是通过融合卫星和现场观测来获取三维海洋温度，这与大气环境遥感技术（如空气质量监测、卫星观测、大气成分分析、气溶胶反演等）关系不大，因此相关性较低。,"['ocean temperature', 'satellite', 'in situ observations']",Furong Li;Xiang Zhang;Zhao Jing,A multi-scale retrieval of three-dimensional ocean temperature by merging satellite and in situ observations,
None,False,International Journal of Applied Earth Observation and Geoinformation,该论文的标题和摘要主要涉及“建筑物变化检测”，使用了“频率-几何先验引导的Mamba”算法，这与大气环境遥感技术（如空气质量监测、卫星观测、大气成分分析、气溶胶反演等）没有直接关联。,"['building change detection', 'frequency-geometry prior', 'Mamba']",Jindou Zhang;Yongle Zhang;Zihan Wang;Yiyu Chen;Zhizheng Zhang;Yunong Chen;Yueming Duan;Haiyan Huang;Zhenfeng Shao;Xiongwu Xiao;Deren Li,FGPMamba: Frequency-geometry prior-guided Mamba for building change detection,
None,False,International Journal of Applied Earth Observation and Geoinformation,该论文研究的是利用多源数据融合进行作物制图，主要关注的是农业领域，与大气环境遥感技术（如空气质量监测、卫星观测、大气成分分析、气溶胶反演）关系不大。,"['multi-source', 'phenological fusion', 'crop mapping']",Hongwei Zhao;Hualin Cao;Jia Liu;Ruilin Yu;Xin Zhang;Sibo Duan;Jianqiang Ren;Jie Yang,"A spatially-adaptive automated sample generation framework via multi-source phenological fusion for large-scale crop mapping: demonstrated on peanuts in Shandong, China",
None,False,International Journal of Applied Earth Observation and Geoinformation,该研究主要关注火星地表形态的实例级分割，使用的是高分辨率数字高程模型衍生的点云数据，与大气环境遥感技术（如空气质量监测、卫星观测、大气成分分析、气溶胶反演）关系不大。,"['Martian landforms', 'Digital Elevation Model', 'point clouds']",Rong Huang;Peiqi Ye;Yusheng Xu;Ludwig Hoegner;Qunming Wang;Sicong Liu;Chao Wang;Xiaohua Tong,Geometry-aware dynamic convolutional network for instance-level segmentation of Martian landforms from high-resolution Digital Elevation Model-derived point clouds,
None,False,International Journal of Applied Earth Observation and Geoinformation,该论文标题和摘要主要关注河流向量化技术和水文学应用，涉及HydroSAM和图优化算法，未提及大气环境遥感技术、空气质量监测、卫星观测或大气成分分析等相关内容。,[],Huazhen Zhou;Ming Wang;Kai Liu,Topology-preserving river vectorization via HydroSAM and differentiable graph optimization under coarse labels,
None,True,International Journal of Applied Earth Observation and Geoinformation,该论文与大气环境遥感技术密切相关，因为它涉及使用主动CO2激光雷达技术来扩展卫星对城市化石燃料CO2排放的监测，特别是在高气溶胶城市中。这直接关系到空气质量监测和大气成分分析。,"['CO2 lidar', 'satellite monitoring', 'urban fossil-fuel CO2 emissions', 'aerosol']",Yiyang Huang;Ge Han;Jinchun Yi;Hongyuan Zhang;Yichi Zhang;Yike Wang;Zhipeng Pei;Haotian Luo;Tianchang Zhou;Siwei Li;Wei Gong,Active CO<sub>2</sub> lidar extends satellite monitoring of urban fossil-fuel CO<sub>2</sub> emissions to high-aerosol cities,
None,False,International Journal of Applied Earth Observation and Geoinformation,该论文主要关注青藏高原上雪覆盖和放牧对高海拔植被生产力的海拔依赖性调节作用，与大气环境遥感技术（如空气质量监测、卫星观测、大气成分分析、气溶胶反演）的关联性较弱，更偏向于生态学和气候学领域。,"['alpine vegetation', 'snow cover', 'Tibetan Plateau', 'climate warming', 'grazing']",Rongyu Lai;Jingping Wang;Xiaojuan Huang;Xufeng Wang;Liying Geng;Junlei Tan;Haibo Wang,Elevation-dependent regulation of alpine vegetation productivity by snow cover and grazing on the Tibetan Plateau under a warming–wetting climate,
None,True,International Journal of Applied Earth Observation and Geoinformation,该论文使用光束测量技术研究了埃特纳火山山顶火山口的历史变化，虽然不直接涉及大气环境遥感技术，但其研究方法（如三维重建、时间序列分析）与遥感技术中的图像处理和数据分析有共通之处，因此可以视为间接相关。,"['photogrammetry', 'summit craters', 'Etna volcano']",C. Proietti;F.L. Bonali;M. Cantarero;M. Palano;M. Paratore;E. De Beni,160 Years of Etna summit craters through a photogrammetry-based time machine,
None,True,International Journal of Applied Earth Observation and Geoinformation,该论文与大气环境遥感技术密切相关，特别是涉及空气质量监测和卫星观测方面。标题和摘要中明确提到了“大气恢复”、“亚像素火灾制图”和“烟雾鲁棒协议”，这些都是与大气成分分析和遥感技术直接相关的关键概念。,"['atmospheric restoration', 'sub-pixel fire mapping', 'smoke-robust protocol']",Xiaofeng Ma;Mengyuan Xu;Yongze Song;Jie Liu;Liangliang Jiang,Atmospheric restoration is a prerequisite for sub-pixel fire mapping: A smoke-robust protocol across five fire regions,
None,True,International Journal of Applied Earth Observation and Geoinformation,该论文研究了如何利用高频率的地球静止卫星观测数据来填补 MODIS 产品中因云层引起的叶面积指数数据缺失问题，这与大气环境遥感技术中的卫星观测和大气成分分析密切相关。,"['MODIS', 'leaf area index', 'geostationary satellite']",Jiakai You;Yinghui Zhang;Zhongwen Hu;Jingzhe Wang;Guofeng Wu,Bridging cloud-induced gaps in MODIS leaf area index products using high-frequency geostationary satellite observations,
None,False,International Journal of Applied Earth Observation and Geoinformation,该论文主要关注干旱驱动的树木死亡热点预测，涉及环境科学和生态学领域，但与大气环境遥感技术（如空气质量监测、卫星观测、大气成分分析、气溶胶反演）没有直接关系。,"['drought', 'tree mortality', 'envelope modelling']",Filippos Eliades;Dimitrios Sarris;Felix Bachofer;Silas Michaelides;Chris Danezis;Diofantos Hadjimitsis,Reference-anchored envelope modelling for predicting tree mortality hotspots driven by drought,
None,True,International Journal of Applied Earth Observation and Geoinformation,该论文标题和摘要明确提到使用遥感技术（remote-sensing）和现场约束（in situ-constrained）重建内陆湖泊中叶绿素-a的动态变化，这与大气环境遥感技术中的水质监测和湖泊生态遥感分析密切相关，因此属于强相关领域。,"['chlorophyll-a', 'remote-sensing', 'inland lakes']",Cheng Xu;Zeyu Wei;Xiaocong Qiu;Ruiping Li;Hexiang Zheng;Huanyu Zhang;Junlin Dong;Hongfei Hou,Remote-sensing-assisted and in situ-constrained reconstruction of 4-hourly chlorophyll-a dynamics in inland lakes using vision Mamba and temporal attention,
None,True,International Journal of Applied Earth Observation and Geoinformation,该论文研究了使用高斯混合模型融合多传感器浊度产品，浊度是大气环境监测中的一个重要参数，与空气质量密切相关。因此，该研究对大气环境遥感技术（如空气质量监测和大气成分分析）具有相关性。,"['multi-sensor', 'turbidity', 'Gaussian mixture models']",Yulin Gong;Yong Wang;Yinghong Jing;Xiaojun She;Ronghua Ma;Yao Li,Unsupervised soft-min fusion of multi-sensor turbidity products using Gaussian mixture models,
None,True,International Journal of Applied Earth Observation and Geoinformation,该论文研究了城市热力异质性和向下短波辐射，通过无人机实验和耦合模型进行分析。这与大气环境遥感技术密切相关，特别是涉及空气质量监测和城市热岛效应的研究，因此属于该领域。,"['UAV experiment', 'downward shortwave radiation', 'urban thermal anisotropy']",Xinguang Sang;Xiaobo Luo;Yidong Peng;Panpan Zhu,Analysis of intraday urban thermal anisotropy and downward shortwave radiation through UAV experiment and coupled model,
None,True,International Journal of Applied Earth Observation and Geoinformation,该论文研究了早期季节性落叶的多种角度评估，并评估了植被指数对NPV（非气溶胶可见度）可见性的敏感性，这与大气环境遥感技术中的空气质量监测、大气成分分析等密切相关。,"['vegetation indices', 'NPV visibility', 'atmospheric composition']",Anne Clasen;Ben Somers;Birgit Kleinschmit;Michael Förster,Multi-angular assessment of early-season defoliation: Evaluating the sensitivity of vegetation indices to NPV visibility in temperate broadleaved forests,
None,True,International Journal of Applied Earth Observation and Geoinformation,该论文的标题和摘要明确涉及使用高分辨率多光谱卫星图像和AlphaEarth基础框架进行风力涡轮机检测，这与大气环境遥感技术中的卫星观测和图像处理密切相关。风力涡轮机作为人类活动产生的结构，其检测和分析可以用于大气环境监测和研究，因此该论文与大气环境遥感技术具有强相关性。,"['wind turbine detection', 'high-resolution multispectral satellite imagery', 'AlphaEarth Foundations']",Yu Bai;Hexin Wang;Yuanchen Yin;Siyuan Cheng;Jijun He;Zeqing Su;Kan Wang;Xiaojuan Li,A Targeted–Refined Framework for wind turbine detection integrating AlphaEarth Foundations and high-resolution multispectral satellite imagery,
None,False,International Journal of Applied Earth Observation and Geoinformation,该论文主要关注利用大气环流信号来增强对长江流域极端洪水事件的早期预警，与大气环境遥感技术（如空气质量监测、卫星观测、大气成分分析、气溶胶反演等）没有直接关联。,"['atmospheric circulation', 'river discharge', 'Yangtze River Basin']",Xiaoke Xu;Yong Wang;Anning Huang;Yinghong Jing;Chunlei Gu;Xiaojun She;Lifu Zhang;Yao Li,Enhanced early warning of extreme river discharge events in the Yangtze River Basin using atmospheric circulation signals,
None,True,International Journal of Applied Earth Observation and Geoinformation,本文研究了如何通过整合ICESat-2重复轨道数据和多时相Sentinel-2影像来估算冰川湖底的消融速率。ICESat-2和Sentinel-2都是用于地球观测的卫星传感器，该研究涉及遥感技术在冰川学中的应用，虽然主要关注冰川消融，但遥感技术的应用与大气环境遥感技术密切相关，因此与大气环境遥感技术具有强相关性。,"['ICESat-2', 'Sentinel-2', 'supraglacial lake', 'ablation rates', 'remote sensing']",Jianing Wei;Kang Yang;Mengtian Man;Haoyu Cao;Chunyu Yuan;Manchun Li,Estimating supraglacial lake bottom ablation rates by integrating ICESat-2 repeat track data and multi-temporal sentinel-2 imagery,
None,True,International Journal of Applied Earth Observation and Geoinformation,该论文标题和摘要明确涉及云容忍的时空融合技术，这与大气环境遥感技术中的空气质量监测和卫星观测高度相关。关键词如“云容忍”、“时空融合”和“掩膜引导特征调制”表明该研究关注如何处理云层对大气参数观测的影响，这是大气环境遥感技术中的一个重要挑战。,"['cloud-tolerant', 'spatiotemporal fusion', 'mask-guided feature modulation', 'temporal-memory collaboration']",Sichen Lu;Juanjuan Jing;Junhua Yu;Lei Yang;Boyang Nie;Jinsong Zhou,Relaxing the clear-sky assumption: Cloud-tolerant spatiotemporal fusion via mask-guided feature modulation and temporal-memory collaboration,
None,True,International Journal of Applied Earth Observation and Geoinformation,该论文研究的是利用InSAR时间序列数据结合迁移学习模型TCN来解释铁路走廊变形的动力学模式，虽然不直接涉及空气质量监测或卫星观测等传统大气遥感技术，但InSAR技术本身可用于大气水汽、温度等参数的反演，因此与大气遥感有一定关联。,"['InSAR', 'time series', 'transfer learning', 'TCN']",Mengshi Yang;Kang Yin;Tianrui Zhao;Zhifang Zhao;Jisheng Xia;Ramon F. Hanssen,Kinematic pattern interpretation of railway-corridor deformation from InSAR time series with transfer learning-based TCN,
None,True,International Journal of Applied Earth Observation and Geoinformation,该论文研究煤矿甲烷的识别、排放估计和地面验证，涉及大气环境中的污染物监测和排放分析，与大气环境遥感技术密切相关，特别是空气质量和大气成分分析领域。,"['coal mine methane', 'plume identification', 'emission estimation']",Xuan Wu;Shenshen Li;Qiang Ge;Xuefei Hu;Kun Cai,"Adaptive background suppression-based plume identification, emission estimation, and ground validation of coal mine methane in Changzhi, Shanxi, China",
None,True,International Journal of Applied Earth Observation and Geoinformation,该论文标题和摘要明确涉及Sentinel-2卫星图像的超分辨率处理，属于遥感技术领域，与大气环境遥感技术（如卫星观测、图像分析）密切相关。,"['sentinel-2', 'super-resolution', 'satellite imagery']",Hexin Wang;Zeqing Su;Yuanchen Yin;Yonghua Sun;Cankun Yang;Na Jiang;Xiaojuan Li,AdaGeo-SR: Geo-semantic-guided super-resolution of sentinel-2 imagery with AlphaEarth foundation priors,
None,True,International Journal of Applied Earth Observation and Geoinformation,该论文研究了中国人工造林对当地地表温度的影响，涉及森林年龄和造林强度，这与人造林对大气环境的影响有关，特别是与空气质量和地表能量平衡相关，因此与大气环境遥感技术有一定关联。,"['land surface temperature', 'afforestation', 'forest age']",Shaoyu Zhang;Bin Song;Chaoyang Wu;Bisong Hu;Jin Chen;Shuhua Qi;Yong Ge,Biophysical effects of afforestation on local land surface temperature in china: A comprehensive analysis incorporating forest age and afforestation intensity,
None,False,International Journal of Applied Earth Observation and Geoinformation,该论文主要关注的是利用GRACE/GRACE-FO卫星数据重建地下水储量异常，涉及历史相位约束的间隙填充和物理引导的全局-局部降尺度方法。虽然GRACE是一种遥感技术，但其应用领域是地下水储量监测，而非大气环境遥感技术（如空气质量监测、卫星观测、大气成分分析、气溶胶反演）。因此，该论文与大气环境遥感技术的关系较弱。,"['GRACE', 'groundwater storage', 'gap filling']",Leyi Zhang;Guozhuang Zhang;Hongjie He;Yijian Zeng;Xizhi Lyu;Zuyu Liu;Xiuhua Liu;Peizhe Li;Bing Bai;Xia Li,A spatiotemporal reconstruction framework for GRACE/GRACE-FO-derived groundwater storage anomalies based on historical phase-constrained gap filling and physics-guided global–local downscaling,
None,True,International Journal of Applied Earth Observation and Geoinformation,该研究涉及使用跨尺度迁移学习重建小时级1公里分辨率的全天气地表温度，这与大气环境遥感技术中的地表温度监测和反演相关，属于遥感技术在气象和环境领域的应用范畴。,"['land surface temperature', 'cross-scale transfer learning', '1 km resolution']",Yuanyuan Luo;Sha Zhang;Kun Qiao;Yun Bai,A two-stage transformer framework for reconstructing hourly 1 km all-weather land surface temperature using cross-scale transfer learning,
None,False,International Journal of Applied Earth Observation and Geoinformation,该论文的标题和摘要主要关注的是基于Kleczków地区的供暖需求建模，涉及的是城市能源需求和建模问题，与大气环境遥感技术（如空气质量监测、卫星观测、大气成分分析、气溶胶反演）没有直接关系。,[],G. Bury;D. Teodorczyk;P. Bogusławski;J. Zielonka;R. Padsala,"Challenges in heating demand modelling based on the Kleczków district in Wrocław, Poland",
None,False,International Journal of Applied Earth Observation and Geoinformation,该论文标题和摘要主要涉及将非结构化网格模型转换为结构化参数化CAD模型，应用于建筑领域，与大气环境遥感技术（如空气质量监测、卫星观测、大气成分分析、气溶胶反演等）无明显相关性。,[],Jianbao Cao;Cheng Wang;Jianfang Ma;Yang Ming;Fei Deng,Automated conversion of unstructured mesh models to structured parametric CAD models for architectural applications,
None,False,International Journal of Applied Earth Observation and Geoinformation,该论文主要关注无人机图像中的城市场景重建，涉及语义高斯表示和遮挡感知技术，与大气环境遥感技术（如空气质量监测、卫星观测、大气成分分析、气溶胶反演）关系不大，因此相关性较弱。,"['UAV imagery', 'urban scene reconstruction', 'semantic Gaussian representations']",Zhenfei Ling;Ruisheng Wang;Kun Zhou;Tszming Lu;Fugui Liu;Renzhong Guo,Learning instance-level semantic Gaussian representations for occlusion-aware urban scene reconstruction from UAV imagery,
None,True,International Journal of Applied Earth Observation and Geoinformation,该论文研究的是在复杂山区基于数据校准和CNN模型进行植被冠层高度反演的技术，这与大气环境遥感技术中的遥感数据反演和分析方法相关，尤其是在地形复杂区域进行地表参数反演的研究，因此与大气环境遥感技术有较强的相关性。,"['vegetation canopy height', 'data calibration', 'CNN model', 'complex mountainous regions']",Huajun Liang;Qiang Bie;Hongwei Zhang;Wenyu Yao,Vegetation canopy height retrieval in complex mountainous regions based on data calibration and CNN model,
None,False,International Journal of Applied Earth Observation and Geoinformation,该论文研究的是利用LMUNet-RCAM技术提取多层洞穴，主要涉及hillshade和RGB特征以及局部注意力机制，与大气环境遥感技术（如空气质量监测、卫星观测、大气成分分析、气溶胶反演）没有直接关联。,"['loess cave', 'hillshade', 'RGB features', 'local attention mechanisms']",Jianjin Huang;Xiaoli Huang;Sijin Li;Hu Ding,Multimodal loess cave extraction using LMUNet-RCAM: Integrating hillshade and RGB features with local attention mechanisms,
None,True,International Journal of Applied Earth Observation and Geoinformation,该论文标题和摘要明确涉及被动微波土壤湿度反演技术，其中提到了AMSR2卫星传感器和RTE指导的混合专家框架，与大气环境遥感技术中的卫星观测和成分分析密切相关，因此高度相关。,"['RTE-guided', 'mixture-of-experts', 'AMSR2', 'passive microwave', 'soil moisture retrieval']",Yurong Wu;Kebiao Mao;Jiancheng Shi;Zhonghua Guo;Sayed M. Bateni,An RTE-guided mixture-of-experts framework for AMSR2 passive microwave soil moisture retrieval,
None,False,International Journal of Applied Earth Observation and Geoinformation,该论文的主题是关于非稳态短轮伐期森林植物群的干扰检测，涉及的是森林生态系统监测，而非大气环境遥感技术，如空气质量监测、卫星观测或大气成分分析。,"['disturbance detection', 'short-rotation forest plantations', 'quantile baselines']",Guerric le Maire;Florian de Boissieu;Clayton Alcarde Alvares;Henrique Ferraco Scolforo;Evandro Nunes Miranda;Vitória Barbosa Ferreira;Jean-Baptiste Féret;Joannès Guillemot;José Luiz Stape,Context-aware quantile baselines for disturbance detection in non-stationary short-rotation forest plantations,
None,False,International Journal of Applied Earth Observation and Geoinformation,该论文主要关注虚拟地理场景建模和数字孪生技术在城市高速公路隧道场景中的应用，与大气环境遥感技术（如空气质量监测、卫星观测、大气成分分析、气溶胶反演）没有直接关联。,"['virtual geographical scene modeling', 'geospatial digital twins', 'urban highway tunnel scenarios']",Jinbin Zhang;Jun Zhu;Bowen Yang;Zhihao Guo;Ranran Tang;Tao Jiang;Jigang You,Virtual geographical scene modeling towards geospatial digital twins: A case study of urban highway tunnel scenarios,
None,False,International Journal of Applied Earth Observation and Geoinformation,该论文标题和摘要主要关注的是利用社交媒体数据识别大城市中的城市内涝优先区域，与大气环境遥感技术（如空气质量监测、卫星观测、大气成分分析、气溶胶反演等）关系不大。,[],Xi Huang;Guicheng Yang;Yinyin Chen;Luo Liu;Jiufeng Li;Xianzhe Tang,A spatiotemporal framework for identifying urban flood priority areas in megacities using social media data,
None,False,International Journal of Applied Earth Observation and Geoinformation,该论文主要关注使用移动激光扫描和语义3D道路空间模型进行物体表面辐射指纹识别，与大气环境遥感技术（如空气质量监测、卫星观测、大气成分分析、气溶胶反演）关系不大。,"['mobile laser scanning', 'semantic 3D road space models', 'radiometric fingerprinting']",Benedikt Schwab;Thomas H. Kolbe,Radiometric fingerprinting of object surfaces using mobile laser scanning and semantic 3D road space models,
None,True,International Journal of Applied Earth Observation and Geoinformation,该论文标题和摘要中明确提到了“遥感数据集”（remote sensing datasets），以及“农田”（farmland）的分割方法，这与大气环境遥感技术中的土地利用监测和地表特征分析相关，因此可以认为该论文与大气环境遥感技术有较强的关联。,"['remote sensing', 'segmentation', 'farmland']",Zhaoxiang Cao;Yuchun Huang;Yibo Zhou;Peng Zhou;Zhiqiang Qin;Shengyuan Zhang,Corrigendum to “A partially supervised joint segmentation method for farmland and rural roads from single-class annotated remote sensing datasets” [Int. J. Appl. Earth Obs. Geoinf. 152 (2026) 105509],
None,False,International Journal of Applied Earth Observation and Geoinformation,该论文标题和摘要均未提及与大气环境遥感技术相关的关键词，如空气质量监测、卫星观测、大气成分分析或气溶胶反演等。研究主题主要集中在化学工业园区中的管道映射，与大气环境遥感技术无关。,[],Tianhao Wang;Shixin Wang;Futao Wang;Suju Li;Litao Wang;Zhenqing Wang;Xingguang Gu;Ziqi Nie;Zhaowei Wang;Chengyue Xiong;Jinfeng Zhu;Wenliang Liu,CDBNet: Detail-preserving and structure-aware pipeline mapping in chemical industrial parks,
None,False,International Journal of Applied Earth Observation and Geoinformation,该论文的标题和摘要主要关注的是跨区域梯田地块提取的领域自适应技术，涉及地理空间数据处理和计算机视觉方法，与大气环境遥感技术（如空气质量监测、卫星观测、大气成分分析、气溶胶反演）没有直接关联。,"['domain adaptation', 'terraced parcel extraction', 'cross-regional']",Zhiwei Zhang;Xingyuan Zeng;Xinkai Kong;Juepeng Zheng;Haoyuan Liang;Guowei Zhou;Bohan Shi;Lingyuan Zhao;Jianxi Huang;Haohuan Fu,DATerra: Boundary and structure aware domain adaptation for cross-regional terraced parcel extraction,
None,True,International Journal of Applied Earth Observation and Geoinformation,该论文标题和摘要明确涉及使用多颗地球静止卫星（GK-2B、Himawari-9、FY-4B）监测东亚地区的气溶胶动态和烟雾运输，这与大气环境遥感技术（如空气质量监测、卫星观测、大气成分分析、气溶胶反演）密切相关。,"['aerosol dynamics', 'smoke transport', 'multi-geostationary satellite', 'GK-2B', 'Himawari-9', 'FY-4B']",Tong Sha;Zhenan Yao;Yueming Cheng;Tie Dai;Jing Wei;Guangyu Shi,"Tracking diurnal aerosol dynamics and smoke transport over East Asia using multi-geostationary satellite fusion (GK-2B, Himawari-9, FY-4B)",
None,True,International Journal of Applied Earth Observation and Geoinformation,该论文研究了利用双时相高分辨率卫星影像和重投影的数字高程模型（nDSM）来估算城市建筑物高度的方法。这项技术属于遥感领域，与大气环境遥感技术（如空气质量监测、卫星观测、大气成分分析、气溶胶反演）密切相关，因为建筑物高度是影响大气污染物扩散和城市热岛效应的重要因素。,"['bi-temporal high resolution satellite imagery', 'nDSM', 'urban building heights']",Xiaoxue Feng;Li Tian;Peijun Li;Fang Chen;Changyong Dou,A novel method for estimating urban building heights using bi-temporal high resolution satellite imagery and reprojected nDSM,
None,True,International Journal of Applied Earth Observation and Geoinformation,该论文研究南极冰盖表面融化动力学，涉及辐射和湍流控制，这与大气环境遥感技术（如卫星观测和大气成分分析）密切相关，因此相关性较强。,"['Antarctic Ice Sheet', 'melt dynamics', 'radiative controls', 'turbulent controls']",Ziqian Zhang;Wanchun Leng;Lei Zheng;Xiao Cheng;Tianjie Zhao;Teng Li;Qi Liang;Mengxi Zhai;Lingmei Jiang,Three decades of Antarctic Ice Sheet surface melt dynamics with disentangled radiative and turbulent controls,
None,False,International Journal of Applied Earth Observation and Geoinformation,该论文主要关注洪水平原湖泊的水位重建和面积-高度框架，与大气环境遥感技术（如空气质量监测、卫星观测、大气成分分析、气溶胶反演）相关性较低。,[],Xin Jiang;Lin Yan;Shunqiang Hu;Yuanyan Zhang;Zhenzhong Zeng,From 2D surface extent to 3D water levels: A SWOT-calibrated area–height framework for multidecadal reconstruction in hydraulically complex floodplain lakes,
None,True,International Journal of Applied Earth Observation and Geoinformation,该论文使用MODIS植被轨迹和GEDI冠层结构数据，研究喜马拉雅地区的植被结构状态，涉及卫星观测技术和植被分析，与大气环境遥感技术相关。,"['MODIS', 'GEDI', 'vegetation trajectories', 'canopy structure', 'Hindu Kush Himalaya']",Niti B. Mishra,Beyond greenness: Combining MODIS vegetation trajectories and GEDI canopy structure to reveal contrasting structural states across the Hindu Kush Himalaya,
None,True,International Journal of Applied Earth Observation and Geoinformation,该论文标题和摘要明确涉及大气校正和低空遥感技术，特别是在极端天顶角下的应用，这与大气环境遥感技术密切相关。,"['atmospheric correction', 'remote sensing', 'zenith angles']",Ming Xu;Jun Chen,A physics-guided transfer learning approach for atmospheric correction of low-altitude remote sensing at extreme zenith angles,
None,False,International Journal of Applied Earth Observation and Geoinformation,该论文的主题是关于从密集SAR图像中检测小规模船舶的方向性特征挖掘变换器，这与大气环境遥感技术（如空气质量监测、卫星观测、大气成分分析、气溶胶反演）没有直接关系。,"['SAR imagery', 'small-scale ships', 'oriented detection']",Junjie Zhang;Baoxiang Huang;He Gao;Borui Li;Ge Chen,A directional feature excavation transformer for oriented detection of small-scale ships in dense SAR imagery,
None,False,International Journal of Applied Earth Observation and Geoinformation,该论文主要研究将GRACE卫星观测数据同化到水文模型中，探讨三峡水库在长江流域的作用，与大气环境遥感技术（如空气质量监测、卫星观测、大气成分分析、气溶胶反演等）相关性较弱。,"['GRACE', 'hydrological model', 'Yangtze River Basin']",Jun Huang;Yuhao Xiong;Wei Feng;Fan Yang;Hongbing Bai;Min Zhong,Assimilating GRACE observations into a hydrological model in the Yangtze River Basin: The role of the Three Gorges Reservoir,
None,False,International Journal of Applied Earth Observation and Geoinformation,该论文主要关注的是土地利用变化检测和2米分辨率产品生成，与大气环境遥感技术（如空气质量监测、卫星观测、大气成分分析、气溶胶反演）没有直接关系。,"['land use change', 'multi-task attention network', '2 M resolution']",Jun Sun;Weiguo Jiang;Haijiang Luo;Ziyan Ling;Shuhui Lai;Xiang Long,"DecAttNet: A decoder-centric multi-task attention network for rapid, large-scale land use change detection and 2 M resolution products generation",
None,True,International Journal of Applied Earth Observation and Geoinformation,该论文使用Sentinel-1卫星图像时间序列和一种新的基于transformer的模型来绘制选择性砍伐森林，这与大气环境遥感技术中的卫星观测和图像分析相关。虽然主要关注森林砍伐，但遥感技术和数据处理方法对大气环境监测同样重要。,"['Sentinel-1', 'time series', 'transformer-based model']",Xinyao Huang;Raian Vargas Maretto;Leila Maria Garcia Fonseca;Alfred Stein;Claudio Persello,Mapping selective logging with Sentinel-1 image time series and a novel transformer-based model,
None,True,International Journal of Applied Earth Observation and Geoinformation,该论文标题和摘要中明确提到了高光谱成像（HSI）和激光雷达（LiDAR），这两种技术都是大气环境遥感的重要组成部分。HSI用于获取大气成分的图像信息，而LiDAR则用于探测大气中的粒子（如气溶胶、云层等）。论文提出的GICL-Net模型用于联合分类HSI和LiDAR数据，这与大气成分分析和空气质量监测直接相关，因此该论文与大气环境遥感技术密切相关。,"['HSI', 'LiDAR', 'classification', 'remote sensing', 'atmospheric composition']",Hao Zhu;Yulin Xie;Xiaotong Li;Huanhuan Wu;Zhongle Ren;Zhen Cao;Biao Hou,GICL-Net: A graph-interactive collaborative learning network for joint classification of HSI and LiDAR,
None,False,International Journal of Applied Earth Observation and Geoinformation,该论文主要关注地热活动区的岩石学和解矿作用，虽然使用了热红外光谱技术，但与大气环境遥感技术（如空气质量监测、卫星观测、大气成分分析、气溶胶反演）关系不大。,"['thermal infrared spectroscopy', 'lithology', 'mineral alteration']",Federico Rabuffi;Simon J. Hook;Massimo Musacchio;Malvina Silvestri;Kerry Cawse-Nicholson;Maria Fabrizia Buongiorno;Zoe Amie Pierrat,Utilizing thermal infrared spectroscopy data to map lithology and mineral alteration in geothermally active areas,
None,True,International Journal of Applied Earth Observation and Geoinformation,该研究使用MODIS EVI数据分析了印度植被绿化的时间-频率地球观测框架，涉及卫星观测和多季节数据，与大气环境遥感技术（如卫星观测和植被指数分析）密切相关。,"['MODIS', 'EVI', 'vegetation greening', 'multi-season', 'earth observation']",Dibyendu Dutta,Structural stability of vegetation greening across India from multi-season MODIS EVI: a time–frequency earth observation framework,
None,False,International Journal of Applied Earth Observation and Geoinformation,该论文研究的重点是长距离铁路的多传感器数据（MLS数据）的语义分割，主要涉及全局先验和局部几何集成技术。虽然多传感器数据可能包含大气环境信息，但研究内容并未直接涉及大气环境遥感技术，如空气质量监测、卫星观测或大气成分分析等。因此，该论文与大气环境遥感技术的关系较弱。,"['semantic segmentation', 'long-distance railway', 'MLS data']",Yue Zhang;Tao Xu;Wen Xiao;Liang Fei;Jiawei Wang;Yuanwei Yang;Lunche Wang,SegRail: A Framework for semantic segmentation of long-distance railway MLS data via global priors and local geometry integration,
None,True,International Journal of Applied Earth Observation and Geoinformation,该论文标题和摘要中明确提到了“多源遥感”和“辐射耦合分析”，这与大气环境遥感技术密切相关，如空气质量监测和卫星观测。因此，该论文与大气环境遥感技术密切相关。,"['multi-source remote sensing', 'ensemble learning', 'radiation coupling']",Guanjun Lian;Huaiqing Zhang;Hua Liu;Tingdong Yang;Hanqing Qiu;Yang Liu;Hongyan Yu;Xianying Wang,Tree-neighborhood scale structure–radiation coupling analysis and modeling using multi-source remote sensing and ensemble learning,
None,True,International Journal of Applied Earth Observation and Geoinformation,该论文研究的是利用无人机（UAV）进行白天和黑夜的森林火灾分割，涉及RGB-thermal网络技术。虽然主要关注的是火灾监测，但无人机遥感技术本身就是大气环境遥感技术的一部分，且森林火灾与空气质量、大气成分有直接关系，因此与大气环境遥感技术有较强关联。,"['wildfire segmentation', 'RGB–thermal network', 'UAV']",Peng Cheng;Luli Zhang;Bin Wang;Junyi Liu;Haigang Sui,DNFNet: a brightness-adaptive lightweight RGB–thermal network for day–night UAV wildfire segmentation,
None,False,International Journal of Applied Earth Observation and Geoinformation,该论文的主题是关于地质岩体裂缝的轻量级分割，基于各向异性特征建模，用于地质灾害监测。这与大气环境遥感技术（如空气质量监测、卫星观测、大气成分分析、气溶胶反演）没有直接关系，因此不相关。,"['rock-mass cracks', 'geological hazard monitoring', 'anisotropic feature modeling']",Qin Bao;Yong Yang;Yongyi Xiang;Heng Zhang,Lightweight segmentation of rock-mass cracks based on anisotropic feature modeling for geological hazard monitoring,
None,True,International Journal of Applied Earth Observation and Geoinformation,该论文研究的是利用GFS-Net几何-频率协同融合技术进行光学-SAR土地覆盖分类，与大气环境遥感技术中的卫星观测和地表覆盖分析相关，但主要聚焦于土地覆盖分类而非空气质量和大气成分分析。,"['GFS-Net', 'optical-SAR', 'land-cover classification']",Hongkang Tao;Qin Huang;Teng Zhong;Zan Yang;Haobo Qiu;Chen Jiang,GFS-Net: Geometry–frequency synergistic fusion for accurate optical–SAR land-cover classification,
None,True,International Journal of Applied Earth Observation and Geoinformation,该论文研究利用多源时间序列数据监测森林生长动态，特别是冠层高度的变化。这与大气环境遥感技术中的卫星观测和大气成分分析密切相关，因为冠层高度是反映森林健康状况和环境变化的重要指标，而遥感技术是实现这种监测的关键手段。,"['forest growth dynamics', 'canopy height', 'multi-source time series']",Hugo de Lame;Thibauld Collet;Pauline Depoortere;Alexia Favaro;Philippe Lejeune;Adrien Michez;Antoine Plumacker;Jérôme Perin;Thomas Pollet;Quentin Ponette;Zoé Rousseau;Arthur Vander Linden;Marie-Pierre Tasseroul;Christian Messier;Jean-François Bastin,Monitoring forest growth dynamics from harmonized multi-source time series of canopy height,
None,False,International Journal of Applied Earth Observation and Geoinformation,该论文的主题是使用连续优化框架在火星上识别高价值着陆椭圆，并使用适宜性地图。这与大气环境遥感技术（如空气质量监测、卫星观测、大气成分分析、气溶胶反演）没有直接关系。,[],Rong Wang;Yongjiu Feng;Yuhao Wang;Yi Zhou;Panli Tang;Jingbo Sun;Yusheng Xu;Chao Wang;Sicong Liu;Zhen Ye;Xiaohua Tong,Identifying high-value landing ellipses on Mars using a continuous optimization framework with suitability map,
None,True,International Journal of Applied Earth Observation and Geoinformation,该论文研究利用GEDI（激光雷达卫星）数据进行建筑物高度测绘，涉及空间和光谱特征的过滤技术，这与大气环境遥感技术中的卫星观测和大气成分分析密切相关。,"['GEDI', 'building height mapping', 'spatial-spectral characteristics']",Xiao Ma;Yajie Qu;Hexiang Wang;Meiyuan Chen;Chuyi Yang;Guang Zheng;Chi Xu;Yixi Bi,Filtering GEDI footprints based on combined spatial-spectral characteristics for individual building height mapping in 12 major global cities,
None,False,International Journal of Applied Earth Observation and Geoinformation,该论文研究的对象是火星的人为变化检测，虽然涉及变化检测技术，但与地球大气环境遥感技术（如空气质量监测、卫星观测、大气成分分析、气溶胶反演）关系不大，因此相关性较低。,"['Martian', 'anthropogenic changes', 'contrast-guided hierarchical unsupervised method']",Jiang Long;Sicong Liu;Yuxuan Hu;Jiayi Wu;Tao Liu;Yonggang Xiong;Kaiyue Luo;Jie Zhang;Kecheng Du;Huan Xie;Xiaohua Tong,CGHU-CD: A contrast-guided hierarchical unsupervised method for detecting Martian anthropogenic changes,
None,True,International Journal of Applied Earth Observation and Geoinformation,该论文研究了卫星-地面闪电融合技术在中国边缘海域的应用，涉及空间-时间零模型框架，与大气环境遥感技术（如卫星观测、闪电监测、大气成分分析）密切相关，因此属于强相关领域。,"['satellite-ground lightning fusion', 'Chinese marginal seas', 'spatial-temporal null-model']",Nengxing Guo;Li Cai;Wenzhao Lu;Yingpu Xie;Yuheng Niu;Tao Li;Chun Zhao;Shanqiang Gu,A factorial spatial–temporal null-model framework for satellite–ground lightning fusion across Chinese marginal seas,
None,True,International Journal of Applied Earth Observation and Geoinformation,该论文研究了从太空中检测甲烷并估计排放，涉及PRISMA、EnMAP和GHGSat卫星星座，这与大气环境遥感技术中的空气质量监测和卫星观测密切相关。,"['Methane', 'space', 'PRISMA', 'EnMAP', 'GHGSat']",Daniele Settembre;Davide De Santis;Giovanni Schiavon;Fabio Del Frate,Methane detection and emission estimation from space: Benchmarking PRISMA and EnMAP with the GHGSat constellation,
None,True,International Journal of Applied Earth Observation and Geoinformation,该论文研究了利用iTransformer技术结合ERA5再分析和GNSS观测数据重建三维对流层延迟场的方法，这与大气环境遥感技术密切相关，特别是涉及大气成分分析和空气质量监测。,"['tropospheric delay fields', 'GNSS observations', 'atmospheric reanalysis']",Fangxin Hu;Bo Chen;Mingyuan Zhang;Ran Lu;Pengfei Xia;Tengfeng Wang;Xiaowei Zou;Yuanfan Deng,Tropoformer-S: iTransformer-based spatiotemporal reconstruction of three-dimensional tropospheric delay fields integrating ERA5 reanalysis and GNSS observations,
None,True,International Journal of Applied Earth Observation and Geoinformation,该论文研究了利用多种地球观测数据量化湖泊扩张概率的问题，涉及冰川-气候复合驱动因素，这可能与大气环境遥感技术（如大气成分分析和气溶胶反演）相关，因为地球观测数据常用于这些领域。,"['Earth observation', 'lake expansion', 'glacier–climate forcing', 'atmospheric composition analysis', 'aerosol retrieval']",Xiaoyang Zhao;Nai’ang Wang;Liqiang Zhao;Dezhong Zhang;Na’na Zhai;Hang Zhao;Liqiong Bai,Quantifying lake expansion probability under compound glacier–climate forcing using a GCL-CPF framework integrating multi-source Earth observation and vine copula theory,
None,True,International Journal of Applied Earth Observation and Geoinformation,该论文标题和摘要中明确提到了“remote sensing”和“crop mapping”，这表明该研究涉及使用遥感技术进行作物测绘，而作物测绘通常需要分析大气成分和空气质量等大气环境数据，因此与大气环境遥感技术密切相关。,"['remote sensing', 'crop mapping', 'atmospheric composition analysis']",Lihua Cui;Wenting Han;Xuedong Zhai;Guang Li;Shah Jahan Leghari;Yi Liao;Ziao Zhou;Shenjin Huang,PLGCA-SAM: Progressive local and global context-aware network incorporating SAM for remote sensing crop mapping,
None,True,International Journal of Applied Earth Observation and Geoinformation,该论文使用多频微波遥感技术研究森林对干旱应力的分层响应，涉及大气环境遥感技术中的遥感方法（微波遥感）和对森林环境的研究，与大气环境遥感技术（如卫星观测、大气成分分析）有一定关联。,"['microwave remote sensing', 'stratified forest', 'drought stresses']",Xu Zhang;Xiang Zhang;Fei Zhang;Xihui Gu;Hongliang Ma;Aminjon Gulakhmadov;Rabindra Kumar Panda;Mahlatse Kganyago;Veber Costa;Won-Ho Nam;Dash Subhaprada;Uma Charan Mohanty;Jiangyuan Zeng;Wen Xiao;José A. Marengo;Chao Yang;Wenying Du;Zeqiang Chen;Longgang Xiang;Nengcheng Chen,Multi-frequency microwave remote sensing reveals stratified forest responses to diverse drought stresses,
None,False,International Journal of Applied Earth Observation and Geoinformation,该论文研究的是地震引发的地表滑坡强度建模，涉及的是地质学和地震学领域，与大气环境遥感技术（如空气质量监测、卫星观测、大气成分分析、气溶胶反演）没有直接关系。,"['coseismic landslide', 'Log-Gaussian GAM', 'size', 'mobility']",Binghai Gao;Yi Wang;Xiaolong Zhang;Xin Wang;Jingqi Huang;Pan Cao;Yongheng Li;Jiwei Wang,"Modeling regional coseismic landslide intensity with an interpretable Log-Gaussian GAM: Integrating size, mobility, and their interactions",
None,True,International Journal of Applied Earth Observation and Geoinformation,该论文标题和摘要中明确提到了“遥感图像分割”和“视觉基础模型”，这与大气环境遥感技术中的空气质量监测、卫星观测、大气成分分析等密切相关。因此，该论文与大气环境遥感技术密切相关。,"['remote sensing', 'image segmentation', 'vision foundation model']",Yijie Zhang;Jian Cheng;Shimiao Fan;Changjian Deng;Ziying Xia;Nyima Tashi,Improving text–image alignment for referring remote sensing image segmentation guided by vision foundation model,
None,True,International Journal of Applied Earth Observation and Geoinformation,该论文研究了气象干旱与长江中下游地区复合水汽源输送异常之间的关系，涉及气象和环境现象的分析，与大气环境遥感技术（如大气成分分析、水汽输送监测）相关。,"['meteorological drought', 'moisture sources', 'compound moisture transport anomalies']",Hanlin Zheng;Tianliang Jiang;Yanping Qu;Qianfeng Wang;Yachao Zhang,Probabilistic associations between meteorological drought and compound moisture sources-transport anomalies in the middle and lower Yangtze River,
None,True,International Journal of Applied Earth Observation and Geoinformation,该论文标题和摘要表明其研究内容涉及利用地表温度（LST）进行热异常提取，这与大气环境遥感技术中的地表参数反演和异常检测密切相关，因此与大气环境遥感技术（如空气质量监测、卫星观测和大气成分分析）具有相关性。,"['LST', 'thermal anomaly', 'surface thermal anomaly extraction']",Pengcheng Wu;Qingyan Meng;Linlin Zhang;Mona Allam;Longfei Liu;Hantian Wu,SRAIN: An isolated-neighborhood-based framework for LST-based surface thermal anomaly extraction,
None,True,International Journal of Applied Earth Observation and Geoinformation,该论文与大气环境遥感技术密切相关，因为其研究重点是利用单时相遥感影像进行建筑物损坏检测，涉及遥感影像分析和应用。,"['remote sensing imagery', 'building damage detection', 'single-temporal']",Chunfeng Gao;Zheng Gong;Bing He;Ying Qu;Qiao Wang;Weihua Dong,DPNet: A disaster perception network for building damage detection using single-temporal remote sensing imagery,
None,True,International Journal of Applied Earth Observation and Geoinformation,该论文研究的是海岸湿地景观中不同土地覆盖类型的最优分割尺度，涉及到遥感技术在土地覆盖分类和湿地环境监测中的应用，与大气环境遥感技术中的地表参数反演和土地利用分类相关，因此具有较强的相关性。,"['land-cover types', 'segmentation scale', 'coastal wetland']",Xiaonan Zhou;Junkai Shi;Qingyu Li;Zhenguo Niu,"Resolution-dependent divergence of optimal segmentation scale across land-cover types in a coastal wetland landscape: A systematic empirical characterization from 0.02 to 30 m near the Yellow River estuary, Dongying, China",
None,False,International Journal of Applied Earth Observation and Geoinformation,该论文主要关注的是高光谱和多光谱图像融合，虽然与遥感技术相关，但具体不涉及大气环境监测、空气质量分析或卫星观测等大气环境遥感技术的范畴。,"['hyperspectral', 'multispectral', 'image fusion']",Bo Zhou;Xianfeng Zhang;Ziyuan Feng;Miao Ren;Xiaobo Zhi,A multi-scale spatial-conditioned spectral routing network for hyperspectral and multispectral image fusion,
None,True,International Journal of Applied Earth Observation and Geoinformation,该论文研究如何通过物理约束的多任务学习改进静止轨道卫星的太阳总辐射反射率估算小时PM2.5浓度，直接涉及空气质量和卫星遥感技术，因此与大气环境遥感技术高度相关。,"['PM2.5', 'geostationary satellite', 'TOA reflectance', 'multi-task learning']",Ruijie Li;Zhe Zheng;Chenru Zou;Ke Li;Xidong Sun;Chaoshun Liu;Guangze Zhang;Kaixu Bai,Improving hourly PM<sub>2.5</sub> estimation from geostationary satellite TOA reflectance through physically constrained multi-task learning,
None,True,International Journal of Applied Earth Observation and Geoinformation,该论文标题和摘要明确涉及遥感场景分割，属于遥感领域的技术研究方向，与大气环境遥感技术（如空气质量监测、卫星观测等）密切相关。,"['remote sensing', 'scene segmentation', 'spatial–frequency collaboration']",Wenwu Xiong;Wei Chen;Zhou Huang;Hongzhao Tang;Kevin Tansey;Józef Hernik;Binbin Lu;Shichao Cui;Yida Chen,SFMNet: Joint semantic and structural modeling via spatial–frequency collaboration for remote sensing scene segmentation,
None,True,International Journal of Applied Earth Observation and Geoinformation,该论文研究了使用物理引导的机器学习方法从Landsat地表反射率数据中估计时空无缝FAPAR（叶面积指数）。FAPAR与植被指数相关，是大气环境遥感技术中的一个重要参数，用于监测植被健康状况和大气成分。Landsat是常用的卫星传感器，用于获取地表反射率数据，而机器学习是现代遥感数据处理的重要方法。因此，该论文与大气环境遥感技术（如卫星观测、植被监测）密切相关。,"['FAPAR', 'Landsat', 'machine learning', 'surface reflectance']",Yimin Ni;Gaofei Yin;Guodong Zhang;Gang Sun;Xiaodan Wu;Xiaojun Li;Xinyan Liu;Anxin Ding;Rui Chen;Meilian Wang;Yi Zhang;Jiangchuan Hu;Zongyan Li;Aleixandre Verger,Physics-Guided Machine learning approach for estimating spatiotemporally seamless FAPAR from Landsat surface reflectance,
None,True,International Journal of Applied Earth Observation and Geoinformation,该论文标题和摘要明确涉及遥感语义分割，这是大气环境遥感技术中的一个重要方面，用于监测和分析大气成分、空气质量等。因此，它与大气环境遥感技术密切相关。,"['remote sensing', 'semantic segmentation', 'vision foundation models']",Haocheng Li;Juepeng Zheng;Shuangxi Miao;Ruibo Lu;Guosheng Cai;Haohuan Fu;Jianxi Huang,Parameter-efficient multimodal adaptation of vision foundation models for remote sensing semantic segmentation,
None,True,International Journal of Applied Earth Observation and Geoinformation,该论文使用深度学习和超级分辨率技术处理Sentinel-2和Landsat-8卫星图像，以绘制加利福尼亚野火烧毁区域，这与大气环境遥感技术密切相关，特别是卫星观测和地表覆盖变化监测。,"['Sentinel-2', 'Landsat-8', 'deep learning', 'burned area mapping']",Youngmin Seo;Seung Hee Kim;Menas Kafatos;Jinsoo Kim;Yangwon Lee,Deep learning-based burned area mapping of California wildfires using Sentinel-2 and Landsat-8 imagery enhanced with super-resolution techniques,
None,True,International Journal of Applied Earth Observation and Geoinformation,该论文标题和摘要明确涉及使用深度学习方法增强从地球静止卫星（Himawari-8）获取的气溶胶光学和微物理参数的检索，这与大气环境遥感技术（如卫星观测、气溶胶检索）密切相关。,"['Himawari-8', 'aerosol optical/microphysical parameters', 'deep learning method']",Lina Xu;Siyu Liu;Minghui Tao;Jun Wang;Xincai Chang;Wenjing Man;Jie Ma;Huang Zhang;Jhoon Kim,Enhanced retrieval of aerosol optical/microphysical parameters for Himawari-8 geostationary satellite measurements with data-driven deep learning method,
None,False,International Journal of Applied Earth Observation and Geoinformation,该论文主要关注使用深度学习技术进行山区树木分割和多维度属性提取，与大气环境遥感技术（如空气质量监测、卫星观测、大气成分分析、气溶胶反演）没有直接关联。,"['deep learning', 'tree segmentation', 'attribute extraction']",Guangbin Lei;Ainong Li;Jinhu Bian;Zhengjian Zhang;Xiaohan Lin;Xi Nan;Amin Naboureh;Yulan Chen;Yi Deng,A multi-task collaborative method for individual tree segmentation and multi-dimensional attribute extraction in mountainous areas using deep learning technologies,
None,True,International Journal of Applied Earth Observation and Geoinformation,该论文与大气环境遥感技术密切相关，因为它涉及从SMAP卫星获取全球土壤湿度，使用了土壤介电模型进行优化。土壤湿度是大气环境研究中的重要参数，卫星遥感技术是实现其监测的重要手段。,"['soil moisture retrieval', 'SMAP', 'dielectric model']",Yulin Shangguan;Jian Peng;Cheng Tong;Xingyu Xue;Xiaojun Xu;Xiaodong Deng;Xiaoxiao Min;Zhou Shi;Jean-Pierre Wigneron,Optimal soil dielectric model map for global soil moisture retrieval from SMAP,
None,True,International Journal of Applied Earth Observation and Geoinformation,该论文与大气环境遥感技术密切相关，因为“Ocean-Colour dataset”（海洋色度数据集）涉及卫星观测技术，用于监测海洋环境，这与大气环境遥感技术中的卫星观测和大气成分分析相关。,"['Ocean-Colour dataset', 'marine ecological monitoring', 'satellite observations']",Yuan Zhang;Hui Yang;Fang Shen;Tingwei Cui;Liu Cui;Renhu Li;Qingzhou Lv;Xuerong Sun,"A Global, Gap-Free daily Ocean-Colour dataset (2000–2024) for robust marine ecological monitoring",
None,True,International Journal of Applied Earth Observation and Geoinformation,该论文研究了无人机（UAV）在利用BRDF（双向反射分布函数）衍生的植被指数进行树木高度反演时，观测几何形状的影响。这属于遥感技术领域，特别是与大气环境遥感技术中的植被参数反演相关，因此与大气环境遥感技术（如空气质量监测、卫星观测、大气成分分析、气溶胶反演等）有较强的相关性。,"['UAV', 'BRDF', 'vegetation indices', 'tree height retrieval', 'remote sensing']",Zhihui Mao;Lei Deng;Qinghua Qiao,Viewing-geometry effects on UAV-based tree height retrieval using BRDF-derived vegetation indices,
None,False,International Journal of Applied Earth Observation and Geoinformation,该论文的主题是关于中国最大的海草床的卫星追踪和时空动态变化，这与大气环境遥感技术（如空气质量监测、卫星观测、大气成分分析、气溶胶反演）没有直接关系。,"['satellite tracking', 'seagrass meadow', 'spatiotemporal dynamics']",Jun Tang;Yingcheng Lu;Zhiyuan Ouyang;Yarong Zou;Futao Wang;Yuntao Wang;Chao Zhou;Yanlong Chen,Satellite tracking of long-term spatiotemporal dynamics in China’s largest seagrass meadow,
None,True,International Journal of Applied Earth Observation and Geoinformation,该标题和摘要涉及遥感技术，特别是“Remote SAMsing”可能是一种用于大气环境监测的遥感方法，而“segmentation”表明其可能用于大气成分或污染物的分割和识别，因此与大气环境遥感技术相关。,"['remote sensing', 'segmentation', 'atmospheric monitoring']",Osmar Luiz Ferreira de Carvalho;Osmar Abílio de Carvalho Júnior;Anesmar Olino de Albuquerque;Daniel Guerreiro e Silva,Remote SAMsing: From segment anything to segment everything,
None,True,International Journal of Applied Earth Observation and Geoinformation,该论文使用深度学习模型处理光学和SAR卫星图像，以估算北欧地区的体积和Lorey’s高度。这些技术通常用于大气环境遥感，如空气质量监测和大气成分分析。,"['optical satellite images', 'SAR satellite images', 'deep learning models', 'volume', 'Lorey’s height']",Zsofia Koma;Oleg Antropov;Oliver Cartus;Jukka Miettinen;Johannes Breidenbach,Deep learning models for estimating volume and Lorey’s height across Nordic countries using optical and SAR satellite images,
None,True,Atmospheric Environment,该论文研究了中央喜马拉雅地区的PM2.5污染，使用了卫星、再分析和新的现场CUPI传感器网络，这与大气环境遥感技术（如空气质量监测、卫星观测、大气成分分析和气溶胶反演）密切相关。,"['PM2.5', 'satellite', 'reanalysis', 'CUPI sensor network']",Vikas Rawat;Narendra Singh;Surendra K. Dhaka;Ramesh P. Singh;Mayank Kumar Chauhan;Jaydeep Singh;Yutaka Matsumi;Tomoki Nakayama;Sachiko Hayashida;Chandra Prakash;Chhavi Pant Pandey;Alok Sagar Gautam;Kuldeep Singh;Anant Dimri;Dinesh Kumar Sharma;Chandra Mohan Singh Negi;Kiran Sharma;Nandan Singh Bisht;Ravi Shankar Kuniyal;Pushpa Bhakuni Negi,"Integrated assessment of PM<sub>2.5</sub> in the Central Himalaya using satellite, reanalysis, and a new in-situ CUPI sensor network",
None,True,Atmospheric Environment,该论文标题和摘要明确涉及“气溶胶”（aerosol）、“季风”（monsoon）和“ENSO（厄尔尼诺-南方涛动）”等关键词，这些都是大气环境遥感技术中的重要研究内容。特别是“南亚”（South Asia）这一地理区域的气溶胶-季风变化分析，与空气质量监测、卫星观测和大气成分分析等遥感技术应用密切相关，因此该论文与大气环境遥感技术密切相关。,"['aerosol', 'monsoon', 'ENSO', 'South Asia', 'atmospheric variability']",Anushri Pal;Sushant Das;Saurabh Kumar;Vijayakumar S. Nair,Deciphering aerosol-monsoon variability over South Asia under different phases of ENSO,
None,True,Atmospheric Environment,该论文研究了日本森林、偏远地区和城市空气中的水溶性有机物的荧光特性，涉及空气质量和大气成分分析，与大气环境遥感技术密切相关。,"['water-soluble organic matter', 'aerosols', 'fluorescence']",Chenran Wei;Sonia Afsana;Yange Deng;Hikari Yai;Hiroaki Fujinari;Yuzo Miyazaki;Eri Tachibana;Michihiro Mochida,"Characteristics of the fluorescence of water-soluble organic matter in forest, remote, and urban aerosols in Japan",
None,True,Atmospheric Environment,该论文研究了德国超细颗粒物的虚拟限值和超标频率，涉及空气质量和气溶胶监测，与大气环境遥感技术（如空气质量监测和大气成分分析）密切相关。,"['ultrafine particles', 'aerosol', 'air quality monitoring']",Max Bußkamp;Tim Kramer;Kay Weinhold;Alfred Wiedensohler;Stephan Weber,A virtual limit value for ultrafine particles: Frequency of threshold exceedances across Germany based on data from the German Ultrafine Aerosol Network,
None,True,Atmospheric Environment,该论文研究加热影响下的城市大气中多环芳烃、多环脂肪族醚和邻苯基苯醚的季节行为和吸入风险，涉及大气污染物和城市环境，与大气环境遥感技术中的空气质量监测和大气成分分析密切相关。,"['PAHs', 'PAEs', 'OPEs', 'urban atmosphere', 'inhalation risks']",Bowen He;Yifei Wang;Bo Yao;Zhu Ran;Qingxin Deng;Yan Ren;Huifan Deng;Jiansheng Cui;Sasho Gligorovski;Xinming Wang,"Contrasting seasonal behavior and inhalation risks of atmospheric PAHs, PAEs, and OPEs in a heating-influenced urban atmosphere",
None,True,Atmospheric Environment,该论文标题和摘要明确涉及使用卫星技术估算首尔都市区的PM2.5化学成分，这与大气环境遥感技术（如空气质量监测、卫星观测、大气成分分析、气溶胶检索）密切相关。,"['PM2.5', 'satellite-based', 'chemical composition', 'Seoul metropolitan area']",Seonggyun Na;Juhee Lee;Min Ju Yeo;Jhoon Kim;Xiao Lu;Ke Li;Jinsoo Park;Dae-Yong Park;Soojeong Lee;Shawn Honomichl;Laura L. Pan;Ja-Ho Koo,Satellite-based estimation of PM<sub>2.5</sub> chemical composition under sparse observations in Seoul metropolitan area,
None,True,Atmospheric Environment,该论文研究了大气微塑料在城市树木中的滞留情况，涉及大气环境中的污染物（微塑料）及其在城市生态系统中的行为，与大气环境遥感技术中的空气质量监测和大气成分分析相关。,"['atmospheric microplastic', 'urban trees', 'leaf trait responses']",Gehong Li;Rui Wang;Liang Xu;Ye Wang;Ming Dong;Yaobin Song;Hua Yu,Atmospheric microplastic retention by urban trees: Source-based variation and leaf trait responses,
None,True,Atmospheric Environment,该论文研究了西北喜马拉雅地区住宅燃料燃烧产生的大小分辨率的气溶胶，探讨了其对光吸收、吸湿性和云凝结核（CCN）活化的潜在影响。这些内容与大气环境遥感技术密切相关，特别是空气质量和大气成分分析领域。,"['aerosols', 'residential fuel combustion', 'light absorption']",Prashant Rawat;Jingying Mao;Shiguo Jia;Sébastien Bau;Sayantan Sarkar,"Size-resolved aerosols from residential fuel combustion in the northwestern Himalayas: potential effects on light absorption, hygroscopicity and CCN activation",
None,True,Atmospheric Environment,该论文的标题和摘要明确涉及空气质量传感器的性能评估，这直接与大气环境遥感技术中的空气质量监测相关。虽然摘要未提及具体的遥感技术或卫星观测，但测试空气传感器性能对于理解大气成分和污染物分布至关重要。,"['air quality sensors', 'performance evaluation', 'test chamber']",David A. Herman;Wilton Mui;Xiaobi M. Kuang;Namrata Shanmukh Panji;Noel A. Ruiz;Vasileios Papapostolou;Brandon Feenstra;Andrea Polidori,"An advanced, multifunctional, and extreme-condition test chamber for performance evaluation of air quality sensors",
None,True,Atmospheric Environment,该论文研究了西藏高原上亚硝酸（HONO）的形成及其对氧化能力的影响，使用了观测约束的箱式模型进行分析。这直接涉及大气环境遥感技术中的大气成分分析和空气质量监测，因此与该领域密切相关。,"['nitrous acid (HONO)', 'Tibetan Plateau', 'box model', 'oxidation capacity', 'atmospheric composition']",Xue Zhang;Jianshu Wang;Chunxiang Ye;Xicheng Li;Xingyi Wu;Wenting Yuan;Xiangyu Luan;Yali Li;Peng Zhang;Jiaming Zhang;Yuchen Huang;Longchang Zhang;Jianghai Li;Song Liu;Chen Wang;Lei Zhu,Quantifying nitrous acid (HONO) formation and its impact on oxidation capacity over the Tibetan Plateau: Insights from an observation-constrained box model,
None,False,Atmospheric Environment,该论文主要研究的是农村居民因燃料类型不同而暴露的PAHs（多环芳烃）及其健康风险与肾脏关联，不涉及大气环境遥感技术，如空气质量监测、卫星观测或大气成分分析等。,"['PAHs', 'household fuel type', 'renal associations']",Sadaf Gulzar;Hongmei Xu;Bei Han;Sulin Chen;Yunxuan Gu;Yujie He;Abdullah Akhtar;Jian Sun;Zhenxing Shen;Muhammad Nawaz,"PAHs exposure, health risk evaluation, and renal associations by household fuel type in rural residents of Northwestern China",
None,True,Atmospheric Environment,该论文研究了韩国空气质量监测中的搬迁相关断点，涉及PM10和PM2.5两种主要空气污染物，并使用了贝叶斯结构时间序列分析方法。这些内容与大气环境遥感技术中的空气质量监测紧密相关，因此论文与该主题高度相关。,"['PM10', 'PM2.5', 'air-quality monitoring', 'Bayesian structural time-series analysis']",Insang Song,Relocation-associated discontinuities in Korean air-quality monitoring: a Bayesian structural time-series analysis of PM<sub>10</sub> and PM<sub>2.5</sub>,
None,True,Atmospheric Environment,该论文研究了柴油尾气黑碳颗粒在湿化和蒸发过程中的形态变化，这与大气环境遥感技术中的空气质量监测和气溶胶反演密切相关。黑碳是大气中的一种重要污染物，其形态变化会影响其在大气中的行为和遥感探测效果。因此，该研究对大气环境遥感技术具有较强相关性。,"['black carbon', 'humidification', 'evaporation', 'air quality monitoring', 'aerosol retrieval']",Kexin Liu;Zhuofei Du;Zongxuan Li;Fuyang Zhang;Xin Gong;Jinsheng Zhang;Hongjun Mao;Jianfei Peng,Morphology change of diesel exhaust black carbon particles during humidification and evaporation,
None,True,Atmospheric Environment,该论文研究了不同干旱环境下沙尘相关PM2.5模型的适用性，这与大气环境遥感技术中的空气质量监测和大气成分分析密切相关。沙尘和PM2.5都是大气污染物，而干旱环境是沙尘暴的常见发生地，因此该研究对于利用遥感技术监测和预测沙尘天气具有重要意义。,"['PM2.5', 'dust', 'arid environmental regimes']",Volha Hurynovich;Mikalai Filonchyk;Liang Zhou,Transferability of dust-related PM<sub>2.5</sub> models under contrasting arid environmental regimes,
None,True,Atmospheric Environment,该论文标题和摘要明确涉及使用地面、卫星和再分析数据评估全球陆地和海洋的气溶胶负担，这与大气环境遥感技术（如空气质量监测、卫星观测、大气成分分析、气溶胶反演）密切相关。,"['aerosol burden', 'ground-based', 'satellite', 'reanalysis data']",Shantikumar S. Ningombam;Arya S.;Swagata Mukhopadhyay;Erik Larson,"Assessment of global aerosol burden over land and oceans using ground-based, satellite, and reanalysis data",
None,True,Atmospheric Environment,该论文研究了空气污染对流感样疾病的影响，并考虑了温度和湿度的影响因素，这与大气环境遥感技术中的空气质量监测和大气成分分析有直接关系。,"['air pollution', 'influenza-like illness', 'temperature', 'humidity']",Mojie Song;Yan Liu;Yake Lei;Sujin Zhang;Hongtao Zhou;Xiaobo Feng;Yanqing Xu;Guang Li,Air pollution effects on influenza-like illness modified by temperature and humidity in central China,
None,True,Atmospheric Environment,该论文研究了长江中下游地区甲烷浓度的时空异质性和多因素非线性响应，这与大气环境遥感技术密切相关，特别是大气成分分析和空气质量监测。,"['methane concentrations', 'atmospheric composition', 'middle and lower reaches of the Yangtze River']",Yuqi He;Lan Feng;Shikuan Jin;Xin Su;Lunche Wang,Spatiotemporal heterogeneity and multi-factorial nonlinear response of methane concentrations in the middle and lower reaches of the Yangtze River,
None,True,Atmospheric Environment,该研究关注液态晶体单体在大气-生物界面上的传输过程，这与大气环境遥感技术中的空气质量监测、大气成分分析等领域密切相关。虽然标题中未直接提及遥感技术，但其研究内容涉及大气与生物系统之间的相互作用，这对于理解大气环境变化具有重要意义。,"['liquid crystal monomer', 'atmosphere-biosphere interface', 'transport']",Jing-Jing Feng;Jia Chen;Jian-Xiong Liao;Qian-Wen Jiang;Ling Mo;Rui-Xia Ma,From rain to moss: Tracing liquid crystal monomer transport across atmosphere-biosphere interface,
None,True,Atmospheric Environment,该论文研究的是日本中部地区气溶胶硒的浓度和氧化状态的季节变化，这与大气环境遥感技术密切相关，特别是空气质量和大气成分分析领域。,"['aerosol selenium', 'oxidation states', 'central Japan']",Masako Kagawa;Ippei Nagao;Saya Kagami;Fukuka Kida;Nagayoshi Katsuta,Seasonal variations of aerosol selenium concentrations and oxidation states in central Japan,
None,True,Atmospheric Environment,该论文研究了1999-2023年河内细颗粒物硫酸盐的长期观测，探讨了区域二氧化硫排放和季风环流的影响，这与大气环境遥感技术（如空气质量监测、大气成分分析）密切相关。,"['fine particulate sulfate', 'SO2', 'monsoon circulations']",Pham Duy Hien;Quang Tran Vuong;Vuong Thu Bac;Ha Lan Anh,Long-term observations of fine particulate sulfate in Hanoi during 1999-2023: Impact of SO<sub>2</sub> regional emissions and monsoon circulations,
None,True,Atmospheric Environment,该论文研究了中国渤海海峡中颗粒状 parent、烷基和硝基多环芳烃的特性及其干沉降通量，这些内容与大气环境遥感技术中的空气质量监测、大气成分分析密切相关，因此是强相关的。,"['particulate parent', 'alkyl', 'nitro-polycyclic aromatic hydrocarbons', 'dry deposition fluxes', 'Bohai Sea Strait']",Xinyuan Kang;Mian Li;Wenjun Yao;Hao Sun;Zilan Wu;Limin Yu;Xindong Ma,"Characteristics and dry deposition fluxes of particulate parent, alkyl, and nitro-polycyclic aromatic hydrocarbons in the Bohai Sea Strait, China",
None,True,Atmospheric Environment,该论文研究了城市台中的臭氧变化和前体敏感性，结合了基于观测的机器学习和化学机制建模，这与大气环境遥感技术中的空气质量监测和大气成分分析密切相关。,"['ozone', 'urban', 'machine learning', 'chemical mechanism modeling']",Jonalyn C. Madriaga;Ting-Yu Chiang;Charles C.-K. Chou,Ozone variability and precursor sensitivity in urban Taichung: Insights from observation-based machine learning and chemical mechanism modeling,
None,True,Atmospheric Environment,该论文研究了在西北非的Atlas Mohammed V大气研究站对CO2和CH4的七年连续测量，涉及大气成分分析，与大气环境遥感技术密切相关。,"['CO2', 'CH4', 'atmospheric research station']",Ibrahim Ouchen;Michel Ramonet;Toure Dro Tiemoko;Morgan Lopez;Mohamed Mastere;Abdelaziz Motiaa;Wahid Mellouki,Seven-year continuous measurement of CO<sub>2</sub> and CH<sub>4</sub> at Atlas Mohammed V atmospheric research station in Northwest Africa,
None,True,Atmospheric Environment,该论文研究了南部印度半干旱雨影区（2008-2024年）的黑碳气溶胶，涉及气溶胶趋势分析、小波分析和机器学习方法，这些内容与大气环境遥感技术（如空气质量监测、大气成分分析）高度相关。,"['black carbon', 'aerosols', 'machine learning', 'source regions']",Raja Obul Reddy Kalluri;Balakrishnaiah Gugamsetty;Usha Kajjer Virupakshappa;Rama Gopal Kotalo;Siva Sankara Reddy Lingala;Mamatha Chutta,"Long-term (2008-2024) analysis of black carbon aerosols over a semi-arid rain-shadow region in southern peninsular India: trends, wavelet analysis, machine learning approaches and source regions",
None,True,Atmospheric Environment,该论文研究了珠江口沿海和海洋地区的化学和臭氧污染，这与大气环境遥感技术密切相关，特别是空气质量和大气成分分析领域。,"['photochemistry', 'ozone pollution', 'coastal sites', 'marine sites']",Lirong Hui;Guizhen Fang;Yi Chen;Hao Sun;Xin Feng;Yang Xu;Jia Guo;Yao Chen;Penggang Zheng;Dasa Gu;Yanli Zhang;Yee-Jun Tham;Zhenhao Ling;Zhe Wang,"Contrasting photochemistry and ozone pollution at coastal and marine sites in the Pearl River Estuary, South China",
None,False,Atmospheric Environment,该论文主要研究的是有机氯化合物的形成过程，涉及的是化学反应和环境化学领域，而不是大气环境遥感技术，如空气质量监测、卫星观测或大气成分分析等。,"['organochloride compounds', 'styrene oxidation', 'chlorine-initiated']",Yinghong Sun;Kun Li;Li Xu;Narcisse Tsona Tchinda;Lin Du,Organochloride compounds formation in chlorine-initiated styrene oxidation,
None,True,Atmospheric Environment,该论文研究的是全球范围内O₃污染在2060年气候和排放情景下的动力学，涉及大气成分分析和空气质量监测，与大气环境遥感技术密切相关。,"['O₃', 'climate', 'emission scenarios']",Hiroo Hata;Yukio Suzuki;Jairo Vazquez Santiago;Kazuya Inoue,Kinetic study of global-scale O<sub>3</sub> pollution under 2060s climate and emission scenarios,
None,True,Atmospheric Environment,该论文研究了非常规油气开发（如Eagle Ford页岩）中挥发性有机化合物（VOCs）排放和二次有机气溶胶（SOA）的形成，这直接涉及大气环境中的空气质量和气溶胶问题，与遥感技术在空气质量监测和大气成分分析中的应用密切相关。,"['volatile organic compound', 'secondary organic aerosol', 'unconventional oil and gas development']",Katarina Konon;Lea El Khoury;Evelyn Deveraux;Chun-Ying Chao;Pearl Abue;Leif G. Jahn;Austin Turner;Chou-Hsien Lin;Mrinali Modi;Daniel C. Blomdahl;Kristi N. McPherson;David T. Allen;Pawel K. Misztal;Lea Hildebrandt Ruiz,Seasonal variation in volatile organic compound emissions and secondary organic aerosol formation from unconventional oil and gas development in the Eagle Ford Shale,
None,True,Atmospheric Environment,该研究关注南极半岛原始和人口密集地区地表臭氧浓度的变化，这属于大气环境遥感技术中的空气质量监测和大气成分分析范畴，因此与该领域密切相关。,"['ozone', 'Antarctic Peninsula', 'surface concentration']",Francisco Cereceda-Balic;Magín Lapuerta;Gonzalo Barcaza;Hans Moosmüller;John F. Mejia;Ximena Fadic;Valeria Campos,Surface ozone concentration variability across pristine and populated sites of the Antarctic Peninsula,
None,True,Atmospheric Environment,该论文研究的是莫斯科这个欧洲最大城市中长期黑碳的定量和来源，涉及燃气供暖、人口活动和野火的影响，这些都与大气环境遥感技术中的空气质量监测、大气成分分析密切相关。,"['black carbon', 'air quality monitoring', 'atmospheric composition analysis']",Olga Popovicheva;Marina Chichaeva;Roman Kovach;Matic Ivančič;Asta Gregorič;Balint Alfoldy;Nikolay Kasimov,"Long-term black carbon quantification and sources in largest European megacity Moscow: impact of gas-fuel heating, population activity, and wildfires",
None,True,Atmospheric Environment,该研究涉及使用低成本传感器监测细颗粒物，这与大气环境遥感技术中的空气质量监测和大气成分分析密切相关。,"['fine particulate matters', 'low-cost sensors', 'atmospheric composition']",Zekai Wang;Chao Mai;Jianing Chen;Yuhao Chen;Zhiyuan Wen;Meng Li;Upma Dutt;Wengui Li;John Zhou;Yuhan Huang,Interpretable intelligent calibration of low-cost sensors of fine particulate matters via a Mixture of Affine Experts (MoAE) framework,
None,True,Atmospheric Environment,该论文研究了次生有机硅氧烷气溶胶（SOSiA）的产率和挥发性变化，这直接与大气环境遥感技术相关，特别是空气质量和大气成分分析。论文涉及的反应物和产物（如OH氧化和各种环状挥发性甲基硅氧烷）是大气化学研究中的关键污染物，与卫星观测和气溶胶检索技术密切相关。,"['secondary organosiloxane aerosol', 'OH oxidation', 'cyclic volatile methyl siloxanes']",Hyoseon Kang;Jihye Moon;Hyun Gu Kang;Hwajin Kim,Structure dependent yield and volatility changes of secondary organosiloxane aerosol (SOSiA) from OH oxidation of various cyclic volatile methyl siloxanes,
None,True,Atmospheric Environment,该研究关注气象基线的非平稳性，这对于大气扩散评估至关重要，而大气扩散评估是大气环境遥感技术的一部分，特别是与空气质量和污染监测相关。核设施位点的研究背景进一步强调了与大气环境监测的关联性。,"['atmospheric dispersion', 'meteorological baselines', 'nuclear facility']",Juyeol Yun;Mee Jang;Jong-Myoung Lim;Jinhyung Lee;Sangdo Choi;Seung-Min Lee;Minseok Kang,Nonstationarity of meteorological baselines for atmospheric dispersion assessments: A 32-year dual-height case study at a nuclear facility site in South Korea,
None,True,Atmospheric Environment,该论文研究了德黑兰市固体废弃物填埋场的甲烷排放，涉及大气环境中的污染物监测和建模，与大气环境遥感技术中的空气质量监测和全球排放源识别密切相关。,"['municipal solid waste landfills', 'methane emissions', 'NASA-identified global super-emitter']",Mohammad Hassanabadi;Adel Mokammel;Ali Ahmadi Orkomi;Sasan Faridi;Kazem Naddafi;Kamyar Yaghmaeian;Shahrokh Nazmara;Mohammad Khanizadeh;Ahmad Taheri;Mohammad Sadegh Hassanvand;Fatemeh Momeniha,Methane emissions from municipal solid waste landfills in Tehran: Field measurements and modeling of a NASA-identified global super-emitter,
None,True,Atmospheric Environment,该论文评估了FY-4B/AGRI陆地气溶胶光学厚度产品，并与地球静止卫星产品在亚洲进行了比较，直接涉及大气环境遥感技术中的气溶胶光学厚度监测和相关卫星产品分析，因此与大气环境遥感技术密切相关。,"['FY-4B/AGRI', 'land aerosol optical depth', 'geostationary satellite products', 'Asia']",Zhen Ye;Leiku Yang;Yidan Si;Lin Chen;Yueming Cheng;Xiaoran Lv;Xiaolong Niu;Shijiao Guo,Evaluation of the FY-4B/AGRI land aerosol optical depth product and comparison with geostationary satellite products over Asia,
None,True,Atmospheric Environment,该论文使用计算流体动力学（CFD）模型研究城市街谷中活性污染物的扩散，涉及几何形状、风速、辐射和大气化学等因素。这与大气环境遥感技术密切相关，特别是与空气质量监测和大气成分分析相关，因为街谷中的污染物扩散是影响城市空气质量的关键因素之一。,"['CFD modeling', 'reactive pollutant', 'urban street canyons', 'atmospheric chemistry']",Melisa I. Mendoza;Santiago F. Corzo;Damian E. Ramajo,"CFD modeling of reactive pollutant dispersion in urban street canyons: Effects of geometry, wind speed, radiation and atmospheric chemistry",
None,True,Atmospheric Environment,该论文研究了中程臭氧污染预测技术，涉及混合Transformer-TabPFN框架，与大气环境中的空气质量监测和污染物分析直接相关。臭氧是大气中的主要污染物之一，预测技术有助于环境监测和决策。,"['ozone', 'pollution forecasting', 'transformer']",Bohui Jiang;Xiaoling Zhang;Miao Qi;Xin Ai;Xiaoyi Wang;Xinying Qin,Medium-range ozone pollution forecasting techniques via a hybrid transformer-TabPFN framework and application,
None,True,Atmospheric Environment,该研究关注PM2.5中金属的来源及其健康影响，涉及空气质量监测，与大气环境遥感技术中的空气质量和大气成分分析密切相关。,"['PM2.5', 'metals', 'air quality monitoring']",Yanjie Lei;Ming Hu;Yuankai Xie;Anja H. Tremper;Yue Liu;Lan Hong;Xin Cheng;Cheng Huang;Qingyan Fu;Jialiang Feng;David C. Green;Longhua Wu;Shunyao Wang;Gang I. Chen,Source transition and health implication of PM<sub>2.5</sub>-bound metals: Multi-year high-resolution observation in a coastal megacity,
None,True,Atmospheric Environment,该论文研究非道路建筑设备的实际排放，涉及PM-bound环境持久性自由基和活性自由基的产生，这与大气环境远程传感技术中的空气质量监测和大气成分分析密切相关。,"['PM-bound free radicals', 'non-road construction equipment', 'reactive radical species']",Tzu-Hsien Tseng;Wei-Min Ching;Yen-Hsien Li;Hsi-Hsien Yang;Yu-Chieh Wang,Real-world emissions of PM-bound environmentally persistent free radicals and reactive radical species generation from non-road construction equipment,
None,True,Atmospheric Environment,该论文研究了土壤对大气氢的吸收机制，并使用空气动力学梯度技术进行了一年的观测。虽然研究主题是土壤和大气氢，但大气氢是大气环境的一部分，且研究使用了大气观测技术，因此与大气环境遥感技术有一定关联。,"['soil sink', 'atmospheric hydrogen', 'aerodynamic gradient technique']",Nicholas Cowan;Mark Hanlon;Aurelia Bezanger;Chiara F. Di Marco;Carole Helfter;Neil J. Mullinger;Ruby Devlin;Toby Roberts;Sarah R. Leeson;Karen Yeung;Duncan Harvey;Eiko Nemitz;Julia Drewer,Environmental controls of the soil sink of atmospheric hydrogen: a year-long study at a UK grassland using the aerodynamic gradient technique,
None,True,Atmospheric Environment,该论文研究人类活动对室内空气污染物的影响，使用了噪声和CO2变量以及LSTM-LightGBM模型，这与大气环境遥感技术中的空气质量监测和污染物分析有一定关联，但更侧重于室内环境而非室外大气。,"['indoor air pollutants', 'CO2', 'LSTM-LightGBM']",He Zhang;Ravi Srinivasan;Chen Chen;Xu Yang;Zhi Huang;Vikram Ganesan;Rui Zhou,Assessing impacts of human activity on indoor air pollutants using noise and CO<sub>2</sub>-based variables with LSTM-LightGBM: a library case study,
None,True,Atmospheric Environment,该研究关注中国北部农村家庭固体燃料燃烧相关的多环芳烃（PAH）暴露，这属于大气环境污染物监测范畴。研究涉及空气质量和大气成分分析，因此与大气环境遥感技术密切相关。,"['PAH', 'air quality monitoring', 'atmospheric composition analysis']",Sulin Chen;Yunxuan Gu;Hongmei Xu;Sadaf Gulzar;Miaoqian Li;Yifei Xu;Min Gao;Jian Sun;Zhenxing Shen,Household solid fuel combustion-related PAH exposure in rural northern China: Associations of phenanthrene metabolites with DNA damage and systemic inflammation,
None,True,Atmospheric Environment,该论文研究长期暴露于多种空气污染与心血管-肾脏-代谢多病风险的关系，涉及空气污染监测和健康风险评估，与大气环境遥感技术中的空气质量监测和污染物分析密切相关。,"['air pollution', 'cardio-renal-metabolic multimorbidity', 'trajectory risk']",Zixuan Jiang;Yajing Zhou;Runzhi Bai;Yexin Lin;Yunxin Shi;Xueying Zheng;Yongfu Yu;Jieru Cai;Guoyou Qin,Long-term exposure to multiple air pollution and trajectory risk of cardio-renal-metabolic multimorbidity,
None,True,Atmospheric Environment,该论文研究了格陵兰冰芯中次微米水不溶性颗粒物的形态，并估算了燃烧颗粒物的沉积通量。这与大气环境遥感技术密切相关，特别是通过冰芯分析大气成分和历史沉积记录，从而监测和评估大气污染。,"['Greenland ice core', 'combustion particles', 'deposition fluxes']",Sayako Ueda;Sho Ohata;Yoshinori Iizuka;Kaoru Kawakami;Mai Matsumoto;Osamu Seki;Sumito Matoba;Hitoshi Matsui,Morphology of submicrometer water-insoluble particles in a Greenland ice core during recent and early twentieth-century periods: estimation of deposition fluxes of combustion particles,
None,False,Atmospheric Environment,该论文主要关注臭氧暴露与代谢功能障碍进展到心血管疾病之间的关系，涉及环境健康和疾病研究，但并未明确提及大气环境遥感技术，如空气质量监测、卫星观测或大气成分分析等。,"['Ambient O₃', 'metabolic dysfunction', 'cardiovascular diseases']",Yiting Wei;Xiangyi Liu;Zitong Zhuang;Liying Luo;Ge Chen;Peng Hu;Hui Liu;Weiquan Lin;Hualiang Lin,Ambient O<sub>3</sub> exposure associated with progression of different metabolic dysfunction states to cardiovascular diseases: the GOLD-health cohort,
None,,Atmospheric Environment,,,,Editorial Board,
None,True,Atmospheric Research,该论文研究了大型河流对北极地区冰核颗粒的贡献，这与大气环境遥感技术中的大气成分分析（特别是气溶胶和冰核颗粒的研究）密切相关。虽然不直接涉及卫星观测或空气质量监测，但其研究内容与大气环境遥感的科学目标一致。,"['ice nucleating particles', 'Arctic', 'large rivers']",Annika Einbock;Madeleine Santos;Julie Lattaud;Bennet Juhls;Claudia Frey;Franz Conen,Gauging the contribution of large rivers to ice nucleating particles in the Arctic,
None,True,Atmospheric Research,该论文研究的主题是半干旱城市中快速白天硝酸盐生成的形成机制，涉及到了硝酸盐这一大气污染物，以及靠近尘源区域的半干旱城市环境，这与大气环境遥感技术中的空气质量和大气成分分析密切相关。,"['nitrate', 'semi-arid city', 'dust source regions']",Dantong Chen;Jiayun Li;Zirui Liu;Pengfei Tian;Lei Zhang;Jinsen Shi;Yi Chang;Zhongwei Huang,Formation mechanism of rapid daytime nitrate production in a typical semi-arid city near dust source regions,
None,True,Atmospheric Research,该论文研究的是无线电探空仪在热力学剖面网络中的应用，涉及大气测量的冗余性和偏差结构优化，这与大气环境遥感技术（如大气成分分析和空气质量监测）密切相关。,"['radiosonde', 'thermodynamic profiling', 'atmospheric measurements']",Frederick Mokibelo Mashao;Danitza Klopper;Yehenew Kifle;Hector Chikoore;Kingsley K. Ayisi;Belay Demoz,Inter-station measurements redundancy and bias structure for optimising closely spaced radiosonde thermodynamic profiling networks,
None,True,Atmospheric Research,该论文研究了利用密集5G网络中的低成本GNSS接收器获取的天顶总延迟数据，以评估其在广东省级强对流降水预报中的应用潜力。这与大气环境遥感技术密切相关，特别是通过GNSS遥感技术进行大气成分分析和降水监测，属于空气质量和气象监测的范畴。,"['GNSS', 'zenith total delay', 'convective heavy precipitation']",Jinhua Zhong;Zhizhao Liu;Chunqing Shang;Danni Huang;Anhua Chen;Shuihua Qu;Hong Liang;Yunchang Cao;Guan Hong;Peng Zhang;Debin Su,"Evaluating the potential of assimilating zenith total delay data derived from low-cost GNSS receivers of a dense 5G network: a case study of convective heavy precipitation forecasts over Guangdong Province, China",
None,True,Atmospheric Research,该论文研究了中国地区在气溶胶负荷下降时暖云中气溶胶-云相互作用的变化，直接涉及气溶胶和云的相互作用，属于大气环境遥感技术领域，特别是空气质量监测和大气成分分析。,"['aerosol-cloud interactions', 'warm clouds', 'aerosol loading']",Junjie Fang;Yong Wang;Haowei Zhang;Xinyan Liu,Decadal evolution of aerosol-cloud interactions in warm clouds over land in China during declining aerosol loading,
None,True,Atmospheric Research,该论文研究了含有半挥发性有机化合物（如琥珀酸和硫酸铵）的气溶胶的蒸发动力学，这与大气环境遥感技术中的空气质量监测和气溶胶分析密切相关。气溶胶是大气污染物的重要组成部分，研究其蒸发动力学有助于理解大气化学过程和污染物的时空分布，从而为遥感技术的应用提供理论支持。,"['aerosol', 'semi-volatile organic compound', 'succinic acid', 'ammonium sulfate']",Chao Zhang;Xu Li;Miaoran Lu;Nan Ma;Ruiyan Xuan;Yang Yang;Liang Ran;Honglin Lyu;Yueshe Wang;Chunsheng Zhao;Alfred Wiedensohler,Evaporation kinetics of aerosol containing semi-volatile organic compound: Succinic acid/ammonium sulfate aqueous solution droplet,
None,True,Atmospheric Research,该论文研究南苏门答腊和西爪哇地区降水微结构的区域和日变化，使用了GPM DPR（全球降水测量任务的多普勒雷达）的观测数据，这属于大气环境遥感技术范畴，特别是卫星观测和大气成分分析。,"['GPM DPR', 'precipitation microstructure', 'satellite observations']",Ravidho Ramadhan;Hiroyuki Hashiguchi;Marzuki Marzuki;Helmi Yusnaini,Regional and diurnal variability of precipitation microstructure over Southern Sumatra and Western Java from a decade of GPM DPR observations,
None,True,Atmospheric Research,该论文探讨了使用雷达和小时计量器来改进网格化降水估算的方法，涉及大气监测技术，与大气环境遥感技术（如空气质量和大气成分分析）相关。,"['radar', 'precipitation', 'atmospheric monitoring']",Yuhang Zhang;Quan J. Wang;Andrew J. Frost;Jayaram Pudashine;Blair Trewin;Carlos Velasco-Forero;Chun-Hsu Su;Mohammad Mahadi Hasan;Vincent Villani,When radar and hourly gauges are scarce: Sharpening gridded precipitation estimates using daily observations,
None,True,Atmospheric Research,该论文研究利用中国DQ-1/ACDL测量数据获取全球近行星边界层高度，直接涉及大气环境遥感技术中的边界层高度监测，与卫星观测、大气成分分析等技术相关。,"['planetary boundary layer height', 'DQ-1/ACDL', 'measurements', 'atmospheric boundary layer']",Mingrui Chen;Boming Liu;Feiyue Mao;Jingwen Li;Qingyang Wang;Yingying Ma;Wei Gong,Retrieving near-global planetary boundary layer height from the China's DQ-1/ACDL measurements,
None,True,Atmospheric Research,该论文研究全球陆地日间温度范围的变化，涉及水分、云层、辐射和能量之间的联系，这与大气环境遥感技术中的空气质量监测、卫星观测和大气成分分析密切相关，因此相关性较强。,"['temperature range', 'diurnal', 'moisture', 'cloud', 'radiation']",Zhe Li;Tinglong Zhang;Yi Yang;Yajun Xiong;Yunfeng Liu;Ying Wen;Haotian Wang,"Global land diurnal temperature range during 1976–2025: Decadal evolution, monthly contributions, and moisture–cloud–radiation–energy linkages",
None,True,Atmospheric Research,该论文研究氧气化挥发性有机物在臭氧形成中的作用，涉及大气化学和空气质量监测，与大气环境遥感技术中的空气质量和大气成分分析密切相关。,"['oxygenated VOCs', 'ozone formation', 'MCM chemistry']",Junlei Zhan;Kecheng Guan;Furui Zheng;Wanyue Deng;Yuan Ji;Wen Hong;Xinting Zhao;Haibao Huang,"Reevaluating the role of oxygenated VOCs in ozone formation: insights from updated MCM chemistry, sensitivity diagnosis, and source apportionment",
None,True,Atmospheric Research,该论文研究的是黄河中游夏季持续性极端降水事件的分类和形成机制，涉及大气环境中的降水现象和大气成分分析，与大气环境遥感技术（如卫星观测、空气质量监测）密切相关。,"['persistent extreme precipitation', 'Yellow River', 'atmospheric composition']",Zihua Ge;Xiaogang Huang;Jianfang Fei;Xiaoping Cheng;Zhongshan Jiang;Haisheng Liu,Objective classification and formation mechanisms of summer regional persistent extreme precipitation events in the middle reaches of the Yellow River,
None,True,Atmospheric Research,该论文研究了如何通过整合氮肥管理来减少农业氨排放和PM2.5污染。PM2.5是大气环境监测中的一个重要污染物，而氨是大气成分分析中的一个关键气体。因此，该论文与大气环境遥感技术（如空气质量监测和大气成分分析）密切相关。,"['ammonia', 'PM2.5', 'nitrogen fertilizer', 'atmospheric composition']",Pengfei Liu;Xiaoyu Shen;Lu Zhuo;Wangxu Qian;Benxin Guo;Lijie He;Hongquan Song;Feichi Hu;Feng Wang,Integrating nitrogen fertilizer management for mitigating agricultural ammonia emissions and PM<sub>2.5</sub> pollution,
None,True,Atmospheric Research,该论文研究了GFS增强的实时GNSS-PWV反演技术在不同预测提前期的表现及其在极端天气中的应用，涉及GNSS（全球导航卫星系统）和大气水汽含量（PWV）的监测，这与大气环境遥感技术密切相关。,"['GFS', 'GNSS-PWV', 'real-time retrieval', 'forecast lead times']",Tianyu Yang;XiaoTing Lei;Huizhong Zhu;Chunhua Jiang;Xinyang Zhang;Xiang Gao,Evaluation of GFS-enhanced real-time GNSS-PWV retrieval at different forecast lead times and its application to extreme weather,
None,True,Atmospheric Research,该论文研究伊斯坦布尔机场地形变化对边界层流的影响，使用WRF-CFD模型进行物理一致的对照研究。虽然不直接涉及遥感技术，但涉及大气环境建模，与大气环境遥感技术在方法上有关联，因此认为是相关的。,"['WRF-CFD', 'boundary-layer', 'atmospheric modeling']",Ali Osman Mut;A. Duran Şahin,Boundary-layer flow response to large-scale terrain change at Istanbul Airport: A physically consistent WRF-CFD counterfactual study,
None,True,Atmospheric Research,该论文研究的是黄河上游水源涵养区降水再循环率的变异性及其对气候变化的响应，涉及大气环境中的水分循环和气候变化影响，与大气环境遥感技术中的降水监测和气候变化研究相关。,"['precipitation recycling ratio', 'climate change', 'water source conservation area']",Jinhu Yang;Qiang Zhang;Zhuoqi Liang;Bocheng Yang;Xiaoyun Liu;Pengcheng Yan;Suping Wang,Variability and response to climate change of precipitation recycling ratio in the water source conservation area of the upper Yellow River,
None,True,Atmospheric Research,该论文研究了中国西部9月和10月的降雨变化及其与北极海冰的联系，涉及大气环境变化和气候联系，与大气环境遥感技术（如气候监测、卫星观测）相关。,"['rainfall', 'West China', 'Arctic Sea ice']",Junyu Wang;Botao Zhou;Hua Li;Shengping He,Reversed variation of September and October rainfall over West China and its enhanced linkage to Arctic Sea ice in the Pacific sector since the early 1990s,
None,True,Atmospheric Research,该论文研究了空气团起源和氨排放对地中海城市雅典（希腊）新粒子形成的影响，涉及空气质量和大气成分分析，与大气环境遥感技术密切相关。,"['air mass origin', 'ammonia emissions', 'new particle formation']",Panayiotis Kalkavouras;Konstantinos Dimitriou;Stiliani Musollari;Maria-Elissavet Koukouli;Dimitris Balis;Nikolaos Mihalopoulos,"The influence of air mass origin and ammonia emissions on new particle formation at a Mediterranean urban site (Athens, Greece)",
None,False,Atmospheric Research,该论文主要关注干旱-热浪复合胁迫对棉花产量的影响，与大气环境遥感技术（如空气质量监测、卫星观测、大气成分分析、气溶胶反演）的关系较弱。,[],Lei Gong;Yi Li;Ben Niu;Maokai Song;Shie-Yui Liong;Darrell Tang,Multi-stage compound drought–heatwave stress elevates cotton yield-loss risk across contrasting climate regimes of the China-Pakistan economic corridor,
None,True,Atmospheric Research,该论文的标题和摘要明确涉及了大气环境中的气溶胶来源解析，这直接关联到大气环境遥感技术，特别是空气质量监测和大气成分分析。,"['aerosol', 'source apportionment', 'site of Lecce']",Caterina Mapelli;Henri Diémoz;Daniele Contini;Adelaide Dinoi;Daniela Cesari;Francesca Barnaba,Physics-based aerosol source apportionment at the site of Lecce (Italy),
None,True,Atmospheric Research,该论文研究小尺度对流细胞的形成和发展机制，涉及大气环境，与遥感技术在卫星观测和大气成分分析中的应用有直接关联。,"['convective cells', 'atmospheric', 'KPOP-MS']",Jeong-Eun Lee;GyuWon Lee,Mechanism for initiation and development of small-scale convective cells during KPOP-MS field campaign: A case study on 30 July 2023,
None,True,Atmospheric Research,该论文研究了地中海地区的云对地闪电、降水和大气尘埃，这些都与大气环境遥感技术密切相关，例如通过观测闪电和尘埃来分析大气成分和空气质量，因此相关性较强。,"['cloud-to-ground lightning', 'precipitation', 'atmospheric dust', 'Mediterranean Sea', 'lightning-efficiency regimes']",M. Asfur;J. Silverman,"Cloud-to-ground lightning, precipitation and atmospheric dust over the Mediterranean Sea:Evidence for two seasonal lightning-efficiency regimes",
None,False,Atmospheric Research,该论文主要研究中国东部夏季复合湿热极端事件与GDP暴露的关系，未涉及大气环境遥感技术，如空气质量监测、卫星观测、大气成分分析或气溶胶反演等。,"['extremes', 'GDP exposure', 'Eastern China']",Xianyi Yang;Anmin Duan;Bin Tang;Yuzhuo Peng,High-resolution projections of summer compound humid-heat extremes and GDP exposure in Eastern China,
None,True,Atmospheric Research,该论文研究了西北喜马拉雅地区极端降雨事件的数值模拟，并分析了边界层方案（PBL schemes）的敏感性。虽然主要关注降雨事件而非直接的空气质量监测或卫星观测技术，但极端降雨与大气环境密切相关，且PBL schemes是数值天气预报和大气模拟中的重要技术，对理解大气成分和过程有间接贡献。,"['extreme rainfall', 'PBL schemes', 'North-West Himalayan region']",Charu Singh;V.S. Anjana;Sreyasi Biswas,Numerical simulations of a series of extreme rainfall events over the North-West Himalayan region: A sensitivity analysis of PBL schemes,
None,True,Atmospheric Research,该论文研究了使用FY-3G卫星的双频PMR反射率数据直接集合卡尔曼滤波（EnKF）技术进行强降水预报，重点关注Ka波段和Ku波段观测的频率依赖性影响。这些内容与大气环境遥感技术密切相关，特别是卫星观测和大气成分分析。,"['FY-3G', 'PMR reflectivity', 'heavy rainfall forecasting', 'Ka-band', 'Ku-band']",Aiqing Shu;Peng Zhang;Feifei Shen;Yubao Chen;Jinzhong Min,Direct EnKF assimilation of FY-3G dual-frequency PMR reflectivity for heavy rainfall forecasting: frequency-dependent impacts of Ka- and Ku-band observations,
None,True,Atmospheric Research,该论文研究了ERA5-land数据在北半球永久冻土地区的气温偏差问题，涉及大气环境监测和地表温度分析，与大气环境遥感技术中的气温监测和地表参数分析相关。,"['ERA5-land', 'air temperature', 'permafrost regions']",Xin Ma;Tonghua Wu;Ren Li;Xiaodong Wu;Dong Wang;Peiqing Lou;Jie Chen;Jinbiao Zhao;Xingchen Lin;Yune La,Widespread cold bias of ERA5-land air temperature over Northern Hemisphere permafrost regions and its implications for permafrost estimates,
None,True,Atmospheric Research,该论文研究不同层次的相对湿度如何影响热带气旋的强度和大小变化，这与大气环境遥感技术中的大气成分分析和气象观测密切相关，因此具有相关性。,"['relative humidity', 'tropical cyclone', 'atmospheric layers']",Cong Wang;Fugui Wang,How relative humidity in different layers affects tropical cyclone intensity and size changes,
None,True,Atmospheric Research,该论文研究了CORDEX模型在北非和阿拉伯半岛地区的降水不确定性，涉及了区域气候模型（RCM）、驱动全球气候模型（GCM）的配置，这些内容与大气环境遥感技术（如大气成分分析、空气质量监测）密切相关，因为模型配置直接影响遥感数据的解释和验证。,"['CORDEX', 'GCM', 'RCM', 'precipitation uncertainty', 'atmospheric models']",Omar Assowe Dabar;Benjamin Pohl;Pierre Camberlin;Moussa Mohamed Waberi;Moussa Mahdi Ahmed;Mohamed Osman Awaleh,"Evaluation of precipitation uncertainty in CORDEX models over North-Eastern Africa and the Arabian Peninsula: contributions of domain, driving GCM, and RCM configuration",
None,True,Atmospheric Research,该论文研究的是太平洋Walker环流十年的增强现象，涉及到海表温度（SST）模式，这与大气环境遥感技术中的气候监测和大气环流分析相关，因此是强相关的。,"['SST', 'Pacific Walker Circulation', 'decadal intensification']",Xiao-Feng Li;Jianping Li;Yun Li;Song Yang;Cheng Sun;Jingjing Yu;Hayley J. Fowler;Stephen Blenkinsop;Ruiqiang Ding;Sen Zhao;Lei Wang;Fei Zheng;Yanjie Li;Juan Feng;Taoyuan Shi,Contrasting SST modes explain decadal intensification of Pacific Walker Circulation,
None,True,Atmospheric Research,该论文标题和摘要明确涉及使用GPM-DPR卫星数据观测伊犁河谷夏季地形降水，并与不同低层风条件相关，这直接关联到大气环境遥感技术，特别是卫星观测和大气成分分析。,"['GPM-DPR', 'orographic precipitation', 'Ili River Valley']",Zhimin Wang;Jing Yang;Yan Yin;Changchun Xu;Yuanyuan Li;Yujiang Fan;Baojun Chen;Tianliang Zhao,Vertical structures of summer orographic precipitation under different low-level wind conditions in the Ili River Valley observed by GPM-DPR,
None,True,Atmospheric Research,该论文研究地中海沿岸城市巴里的热湿变化，涉及中尺度强迫和城市冠层建模，与大气环境遥感技术中的空气质量监测和城市环境分析相关。,"['mesoscale forcing', 'urban canopy modelling', 'thermo-hygrometric variability']",Gianluca Pappaccogli;Andrea Zonato;Alberto Martilli;Riccardo Buccolieri;Antonio Esposito;Piero Lionello,"Integrating mesoscale forcing and urban canopy modelling: Quantifying thermo-hygrometric variability in a Mediterranean coastal city (Bari, Italy)",
None,False,Atmospheric Research,该论文主要研究变分辨率网格和尺度感知积云参数化对朝鲜半岛降水预报的影响，虽然涉及大气现象和环境预测，但与大气环境遥感技术（如空气质量监测、卫星观测、大气成分分析、气溶胶反演）的直接相关性较低。,"['precipitation forecasts', 'Korean Peninsula', 'variable-resolution grids']",Ji-Young Han;Jae-Hee Hahm;Ilseok Noh,Impacts of variable-resolution grids and scale-aware cumulus parameterization on precipitation forecasts over the Korean Peninsula,
None,True,Atmospheric Research,该论文使用多普勒风激光雷达观测了低空急流，这属于大气环境遥感技术的一部分，与大气成分分析和空气监测相关。,"['Doppler wind lidar', 'low-level jets', 'atmospheric observations']",Junze Xiao;Shijun Zhao;Yudi Liu;Yulong Shan;Fei Zhu,"Event-scale diversity and precipitation responses of low-level jets observed by Doppler wind lidar at a plateau-valley site in Xining, China",
None,False,Atmospheric Research,该论文的标题和摘要主要关注中亚阿姆河盆地的时空转换和敏感性模式，涉及雪到雨的过渡过程，但并未明确提及与大气环境遥感技术相关的内容，如空气质量监测、卫星观测、大气成分分析或气溶胶反演等。,[],Jiaxin Li;Min Xu;Shichang Kang;Safarov Mustafo;Jiangang Zhang,"From snow to rain: Spatiotemporal transitions and sensitivity patterns in the Amu Darya Basin, Central Asia",
None,True,Atmospheric Research,该论文标题和摘要明确涉及极地地区的云层出现、辐射效应和降水特征，这些内容与大气环境遥感技术密切相关，例如通过卫星观测来分析大气成分和空气质量。因此，该论文与大气环境遥感技术高度相关。,"['cloud occurrence', 'radiative effects', 'polar regions', 'satellite observations', 'atmospheric composition']",Zhenyu Cao;Bida Jian;Lijie Zhang;Yang Wang;Yuan Wang;Jiming Li,"Phase-resolved cloud occurrence, radiative effects, and precipitation characteristics over the polar regions",
None,True,Atmospheric Research,该论文标题和摘要明确涉及使用CALIOP（Cloud-Aerosol Lidar with Orthogonal Polarization）卫星传感器对上海地区的垂直气溶胶分层进行长期观测，并探讨气象调制和高度分辨的传输问题，这与大气环境遥感技术（如空气质量监测、卫星观测、大气成分分析、气溶胶反演）密切相关。,"['CALIOP', 'aerosol stratification', 'Shanghai', 'atmospheric composition', 'air quality monitoring']",Fangzhi Wei;Tianwen Wei;Qiuwei Xia;Yiqian Liu;Xinming Zhu;Haiyun Xia,Long-term CALIOP observations of vertical aerosol stratification over Shanghai: Meteorological modulation and height-resolved transport,
None,True,Atmospheric Research,该论文研究了东南青藏高原夜间低空急流下方剪切层中的亚网格尺度闭合效应，涉及大气剪切层和大气成分分析，与大气环境遥感技术（如空气质量监测和大气成分分析）密切相关，因此相关性较高。,"['large-eddy simulation', 'nocturnal low-level jets', 'atmospheric shear layer', 'Tibetan Plateau', 'atmospheric composition']",Ziyuan Zhu;Yulong Ma;Xingwen Jiang,Large-eddy simulation of subgrid-scale closure effects on the shear layer beneath nocturnal low-level jets over the southeastern Tibetan Plateau,
None,False,Atmospheric Research,该论文研究智利和美国西海岸的龙卷风的中尺度环境，主要关注气象学和地质学领域，与大气环境遥感技术（如空气质量监测、卫星观测、大气成分分析、气溶胶反演等）没有直接关联。,"['tornadoes', 'mesoscale environments', 'Chile', 'U.S. west coast']",Julio C. Marín;Bradford S. Barrett;Felipe Gutiérrez Cotapos;Diana Pozo,Mesoscale environments of tornadoes in Chile and along the U.S. west coast,
None,True,Atmospheric Research,该论文研究了区域生物排放对中部中国臭氧污染的影响和机制，与大气环境遥感技术中的空气质量监测和大气成分分析密切相关。,"['ozone pollution', 'biogenic emissions', 'Central China']",Nan Wang;Qizhong Wu;Shuangliang Ma;Lingling Wang;Kai Cao;Yushan Bian,Impacts and mechanisms of regional biogenic emissions on ozone pollution over Central China,
None,True,Atmospheric Research,该论文研究了华北平原冬季二次无机气溶胶的形成机制，涉及酸度调节的金属催化作用，这与大气环境遥感技术中的气溶胶监测和大气成分分析密切相关。,"['secondary inorganic aerosol', 'North China Plain', 'acidity-regulated metal catalysis']",Shuangshuang Zou;Zheng Wang;Chenpeng Zhao;Weisi Wang;Quanzhou Han;Yunfei Wu;Daiqi Ye;Qingxia Ma;Daizhou Zhang,Important role of acidity-regulated metal catalysis in rural wintertime secondary inorganic aerosol formation in the North China Plain,
None,True,Atmospheric Research,该论文研究了低空急流特征及其对低空湍流的影响，使用了多普勒风激光雷达进行观测，这与大气环境遥感技术中的空气质量和大气成分分析密切相关。,"['Doppler wind lidar', 'low-level turbulence', 'coastal Ningbo']",Muxian Chen;Xiaolin Liu;Chaoying Yang;Jun Zhao;Ping Zhou;Zhongming Gao;Lei Li,Low-level jet characteristics and their impacts on low-level turbulence: A Doppler wind lidar observational study in coastal Ningbo,
None,True,Atmospheric Research,该论文研究地中海山-平原系统中的极端日降雨的事件空间结构和极端依赖性，涉及大气环境的观测和分析，与大气环境遥感技术（如空气质量监测、卫星观测、大气成分分析）相关。,"['extreme daily rainfall', 'Mediterranean mountain–plain system', 'atmospheric composition']",Stefanos P. Stefanidis;Nikolaos D. Proutsos,Event-based spatial structure and extremal dependence of extreme daily rainfall across a Mediterranean mountain–plain system,
None,True,Atmospheric Research,该论文研究了FY-4A卫星的PWV（可降水量）数据在数值天气预报（NWP）模型中的应用，以提高重降水预报的性能。这属于大气环境遥感技术领域，特别是卫星观测和大气成分分析。,"['FY-4A', 'PWV', 'NWP', 'heavy precipitation forecasting']",Dengxin He;Zhizhao Liu;Jiafei Xu;Guirong Xu;Anwei Lai;Yunchang Cao;Hong Liang;Guan Hong,First validation of FY-4A PWV assimilation in improving NWP model performance for heavy precipitation forecasting,
None,True,Atmospheric Research,该论文研究的是WRF（Weather Research and Forecasting模型）在复杂地形下的风场数据校正方法，这属于大气环境模拟和遥感技术的一部分，特别是与气象观测和大气动力学相关的领域。虽然论文没有直接提及空气质量监测或卫星观测，但WRF模型广泛应用于大气环境研究和预测，包括空气质量模拟和遥感数据同化，因此与大气环境遥感技术有较强的相关性。,"['WRF', 'wind fields', 'atmospheric modeling', 'complex terrain']",Pinhan Zhou;Lian Shen;Yan Han;Shuwen Deng;Xiangjun Wang;Wenxiang Xu,Continuity-constrained residual correction framework for WRF wind fields over complex terrain,
None,True,Atmospheric Research,该论文研究青藏高原夏季的气旋剪切线和降水机制，涉及大气环流模式和降水分析，与大气环境遥感技术中的大气成分分析和气象观测相关。,"['Tibetan Plateau', 'zonal shear lines', 'precipitation mechanisms', 'circulation patterns']",Xiaohong Bao;Xiuping Yao;Yubin Yu,Classification of summer Tibetan Plateau zonal shear lines and associated precipitation mechanisms under different circulation patterns,
None,False,Atmospheric Research,该论文研究的是青藏高原夏季季风的热力学驱动及其与南亚高压和东亚夏季季风变率的关联，主要关注气候动力学和气象学，而非大气环境遥感技术，如空气质量监测、卫星观测或大气成分分析。,"['Tibetan Plateau', 'South Asian High', 'East Asian summer monsoon']",Lizi Wang;Zeyong Hu;Haipeng Yu;Ya Hou;Jinyu Zhang;Xiangyuan Lou;Guantian Wang,Thermal pumping of the Tibetan Plateau Summer Monsoon and its association with the South Asian High and East Asian summer monsoon variability,
None,True,Atmospheric Research,该论文研究了中国东部地区常见的复合高温和臭氧污染事件的机制和归因，与大气环境遥感技术中的空气质量监测和大气成分分析密切相关。,"['heatwave', 'ozone pollution', 'eastern China']",Xiaoyi Wang;Pengguo Zhao;Bohui Jiang;Jinghui Ma,Mechanisms and attribution of frequent compound heatwave and ozone pollution events in eastern China,
None,True,Atmospheric Research,该论文研究渤海-黄海平原地区的热浪现象，涉及大气环境特性、形成机制，与大气环境遥感技术（如大气成分分析、区域空气质量监测）密切相关。,"['heatwaves', 'atmospheric', 'Bohai-Yellow Sea', 'remote sensing', 'atmospheric composition']",Qi Zhang;Yiwen Zhu;Yiyu Xu;Yujuan Chen,Regional heatwaves over the Bohai-Yellow Sea and adjacent plains: Compounding characteristics and formation mechanisms,
None,True,Atmospheric Research,该论文涉及使用FY-3微波遥感技术进行大气同化，以预测暖区强降雨，这与大气环境遥感技术（如卫星观测和大气成分分析）密切相关。,"['microwave assimilation', 'FY-3', 'atmospheric remote sensing']",Siqi Chen;Sheng Hu;Huiqi Li;Hui Xiao;Jie He;Yu Zhang;Fuzhong Weng,Targeted All-Sky FY-3 microwave assimilation using localized ensemble transform sensitivity for warm-sector heavy rainfall prediction,
None,True,Atmospheric Research,该论文研究了首尔市一个城市山区夜间臭氧增强现象，涉及大气传输路径和污染物（臭氧）的监测，这与大气环境遥感技术（如空气质量监测和大气成分分析）密切相关。,"['ozone', 'urban mountain site', 'nighttime enhancement', 'atmospheric transport']",Jung-Woo Yoo;Young-Jun Kim;Soon-Hwan Lee,Altitude-dependent transport pathways driving nighttime ozone enhancement over an urban mountain site in Seoul,
None,True,Atmospheric Research,该论文研究了中国南海沿岸地区短寿命和长寿命暖锋降水事件的空气环境对比，涉及大气成分和降水特征，与大气环境遥感技术中的空气质量监测和大气成分分析相关。,"['heavy precipitation', 'South China coast', 'ambient environments']",Haisheng Liu;Xiaogang Huang;Jianfang Fei;Xiaoping Cheng;Xiadong An;Xiangrong Yang;Jing Sun;Chi Zhang,Contrasting ambient environments of locally generated short- and long-lived warm-sector heavy precipitation events over the South China coast,
None,True,Atmospheric Research,该论文研究阿尔泰山脉地区雪盖的垂直变化及其对气候和极地涡旋的响应，涉及大气环境的变化和监测，属于大气环境遥感技术的范畴。,"['snow cover', 'climate', 'polar vortex']",Jiarui Li;Wei Zhang;Xuejiao Wu;An'an Chen;Xinyue Zhong;Yongping Shen,Elevation-dependent variations in snow cover and their response to climate and the polar vortex in the Altai mountains,
None,True,Atmospheric Research,该论文研究了使用Mie-偏振-荧光激光雷达量化尘埃气溶胶老化的方法，并将光学演变与化学转化联系起来。尘埃气溶胶是大气环境的重要组成部分，激光雷达技术是大气环境遥感监测的重要手段，因此该论文与大气环境遥感技术（如气溶胶检索、大气成分分析）密切相关。,"['dust aerosols', 'Mie–polarization–fluorescence lidar', 'optical evolution', 'chemical transformations']",Yuanzong Ji;Zhongwei Huang;Yongkai Wang;Wenjin Zhang;Da Lu;Qingqing Dong;Jianrong Bi;Tian Zhou,Quantifying the aging of dust aerosols using Mie–polarization–fluorescence lidar: Linking optical evolution to chemical transformations,
None,True,Atmospheric Research,该论文研究了高级云微物理方案对2018年和2019年喀拉拉洪水事件的影响，使用了NCMRWF区域模型。虽然标题没有直接提及大气环境遥感技术，但研究涉及大气模型和洪水事件，与大气环境监测和遥感技术有一定关联，因为大气模型通常用于模拟和预测大气现象，而遥感技术是获取大气数据的重要手段。,"['cloud microphysics schemes', 'NCMRWF regional model', 'Kerala flood events']",Rose Raphel;A. Jayakumar;T.J. Anurose;Saji Mohandas;Greeshma M. Mohan;M. Sandhya;Anumeha Dube;Donali Gogoi;V.S. Prasad;Claudio Sanchez,Impact of advanced cloud microphysics schemes for the Kerala flood events in 2018 and 2019 using the NCMRWF regional model,
None,True,Atmospheric Research,该论文研究了春季和夏季海冰异常如何协同增强中南半岛夏季降水，涉及大气环境变化和区域气候模式，与大气环境遥感技术中的气候监测和降水分析相关。,"['sea ice', 'precipitation', 'Indochina Peninsula']",Yan Zhang;Shu Gui;Jie Cao;Ruowen Yang;Li Zhu;Lei Cai,Spring and summer sea ice anomalies synergetically enhance summer precipitation over the Indochina Peninsula,
None,True,Atmospheric Research,该论文研究了天山北坡短时强降水事件的多向水分输送和动力学-热力学机制，这与大气环境遥感技术中的大气成分分析和降水监测相关，因此具有相关性。,"['heavy precipitation', 'Tianshan Mountains', 'atmospheric moisture transport', 'dynamic-thermodynamic mechanisms']",Zhiyi Li;Junqiang Yao;Changchun Xu;Yu Luo;Ting Zhang,Multidirectional moisture transport and dynamic–thermodynamic mechanisms of a short-duration heavy precipitation case on the Northern Slope of the Tianshan Mountains,
None,True,Atmospheric Research,该论文研究了长江三角洲夏季降水的年代际变化，并将其与北太平洋海表温度联系起来。虽然不直接涉及遥感技术，但研究大气现象（如降水）及其与海洋温度的关系，与大气环境遥感技术（如卫星观测、气候变化分析）密切相关。,"['Yangtze River Delta', 'summer rainfall', 'North Pacific Sea surface temperature']",Yanhao Peng;Dong Xiao,Interannual-to-decadal variations of the Yangtze River Delta summer rainfall during 1901–1975 linked with North Pacific Sea surface temperature,
None,True,Atmospheric Research,该论文研究了中国夏季湿球温度的非平稳演变，探讨了温度和湿度的变化对增温的影响，这与大气环境遥感技术中的空气质量监测和大气成分分析密切相关。,"['wet-bulb temperature', 'atmospheric composition', 'air quality monitoring']",Tianci Yao;Shengfa Li;Qing Yu;Jia Sun;Xiangyu Wang;Wanjun Zhang;Lixin Su,Non-stationary evolution of summer wet-bulb temperature in China (1951–2024): Accelerated warming and time-varying roles of temperature and humidity,
None,False,Atmospheric Research,标题和摘要中未提及与大气环境遥感技术相关的内容，如空气质量监测、卫星观测、大气成分分析或气溶胶反演等。,[],,Editorial Board,
10.1126/sciadv.aee3306,False,Science Advances,该论文主要研究的是细胞球体培养和组装技术，虽然涉及微气泡和高通量技术，但与大气环境遥感技术（如空气质量监测、卫星观测、大气成分分析、气溶胶反演）无关，因此不相关。,"['air quality monitoring', 'satellite observations', 'atmospheric composition analysis', 'aerosol retrieval']",Yuanhang Xiang;Binqi Wei;Yueyang Sun;Weifeng Liu;Hui Zhao;Xiaojie Qin;Changfeng Zhu;Xinchun Li;Fan Yang,Self-buoyant cell-spheroid culture programming multi-spheroid assembly,"Tempo-spatially controlled culture and assembly of cellular spheroids are fundamental in engineering tissue-like assembloids for scalable application, yet remain a technical challenge. Here, we show self-buoyant culture of cell spheroids and programmable assembly of multi-spheroid by microbubbles in a high-throughput, external field-free and miniaturized format. This approach allows one-step engineering of biocompatible cell-adhesive buoyancy interface that lifts the self-adaptive levitation growth of reliable one-drop-one-spheroid in an array without requiring any external fields. Using this self-floating spheroidal microarray, we find that a facile droplet ‘kiss’ facilitates the buoyancy-driven ultrafast transfer (∼1 s) of spheroids between top-down adjacent droplets, thus achieving rapid spheroid relocation, media exchange, and drug administration in parallel. Such a self-buoyant approach allows programmable horizontal/vertical bioassembly and enhanced fusion of homo/heterogeneous multi-spheroids into different “buoyantoid” patterns via sequential flash transfer along droplet array. This self-powered design provides a promising tool to enable mass production and smart manipulation of encoded assembloids for precision medicine, tissue engineering and high-throughput drug screening."
10.1126/sciadv.aeh2362,False,Science Advances,该论文研究的是结肠癌中的肿瘤-免疫系统相互作用以及锌的代谢作用，与大气环境遥感技术（如空气质量监测、卫星观测、大气成分分析、气溶胶反演）无关。,[],Seok June Hong;Seheum Park;Sunghoon Kim;Young Il Park;Jun Seok Lee;Mikyung Kang;Jaewoong Lee;Martin Hemberg;Sung Eun Kim;Kwoneel Kim,SLC39-driven zinc influx orchestrates pleiotropic tumor–immune system cross-talk to establish immune suppression in colorectal cancer,"Tumor metabolic programs shape immune evasion; however, the mechanism by which nutrient-transport systems rewire tumor-immune cell interactions remains unknown. We integrated bulk multi-omics, single-cell transcriptomics, spatial profiling, and functional assays for colorectal cancer–associated zinc-driven immunosuppressive circuit identification. Multi-omics analysis of 258 patients revealed three solute carrier transporter-centered archetypes, with an SLC39-enriched subtype aligned with consensus molecular subtype 2–like immune-desert tumors. SLC39-mediated zinc influx activated CDX2, which engaged a distal enhancer to induce tumor cell-specific CD24 expression. CD24+tumor cells formed spatial niches with SIGLEC10-expressing monocyte-derived macrophages, dendritic cells, and resident macrophages, activating pleiotropic programs that suppress phagocytosis and remodel adhesion. SLC39 overexpression increased intracellular zinc and CD24 levels and reduced macrophage-mediated engulfment, whereas CD24 blockade restored phagocytosis. The zinc-CDX2-CD24-SIGLEC10 axis defined a terminal cancer cell state associated with poor survival and immune checkpoint blockade resistance. A seven-gene signature predicted immunotherapy responses across five colorectal cancer cohorts, identifying SLC39-driven zinc influx as a metabolic checkpoint governing immune exclusion."
10.1126/sciadv.aei0096,False,Science Advances,该论文研究的是大肠杆菌的机械敏感性通道MscL的结构和动力学，与大气环境遥感技术（如空气质量监测、卫星观测、大气成分分析、气溶胶反演）无关。,[],Taoran Xiao;Alexandra Kovinko;Chaowei Shi;Henry Sawczyc;Denis Qoraj;Carl Öster;Thiemo Sprink;Anton F. Ketzel;Sascha Lange;Spyridon Kosteletos;Han Sun;Daniel Roderer;Shanshuang Chen;Adam Lange,Atomic structure and dynamics of the mechanosensitive channel MscL from Escherichia coli by cryo-EM and solid-state NMR,"Mechanosensitive channels are central to cellular responses to membrane tension, yet the structural basis of their gating remains incompletely understood. Here, we determine the structures of wild-type and Gly22→Ser (G22S) mutants of MscL fromEscherichia coli(EcMscL) by cryogenic electron microscopy (cryo-EM) in peptide-based lipid nanodiscs and complement them with solid-state nuclear magnetic resonance (NMR) measurements in liposomes to capture their dynamics in a native-like membrane environment. The cryo-EM structures reveal a closed conformation, whereas analysis of the low-threshold G22S mutant by NMR uncovers widespread conformational changes in both cytoplasmic and periplasmic regions. These data indicate enhanced dynamics and conformational heterogeneity in the mutant, revealing the early transitions from the closed toward the open state. Together, our results establish a synergistic framework integrating cryo-EM and NMR to resolve both structure and dynamics of mechanosensitive channels, and identify lipid-protein interactions as key determinants of MscL gating and mechanosensitivity. Our study further provides a quantitative benchmark for computational investigations of mechanogating and lays the foundation for the rational design of channels with tunable gating kinetics."
10.1126/sciadv.aei8075,False,Science Advances,该论文主要研究的是Campi Flegrei火山地区的土壤CO2释放与地面隆起和地震活动的关系，涉及地质学和火山学，与大气环境遥感技术（如空气质量监测、卫星观测、大气成分分析、气溶胶反演）没有直接相关性。,"['soil CO2 fluxes', 'caldera uplift', 'seismicity']",Giulio Bini;Giovanni Chiodini;Rosario Avino;Alessandro Santi;Francesco Rufino;Carlo Cardellini;Giancarlo Tamburello;Tullio Ricci;Prospero De Martino;Antonio Carandente;Emilio Cuoco;Raffaella S. Iovine;Carmine Minopoli;Dmitri Rouwet;Alessandra Sciarra;Renato Palmieri;Mauro Tieri;Stefano Caliro,Escalating soil CO2 degassing correlates with ground uplift and seismicity during the ongoing unrest of Campi Flegrei (2005–2025),"The mechanism driving accelerating unrest at the densely populated Campi Flegrei caldera since 2005 remains debated. Analyzing an unprecedented two-decade geochemical dataset, we show that escalating soil CO2fluxes closely tracks caldera uplift, revealing magmatic fluid pressurization at 3- to 4-kilometer depth and heating as the fundamental driver of the unrest. A critical magmatic gas pulse occurred between 2018 and 2022 specifically focused this outgassing beneath the Solfatara crater. Thermodynamic modeling demonstrates that an increasing mass of ascending fluid pressurizes the hydrothermal system, forcing vapor condensation within the upper kilometer. This condensation transfers latent heat to the crust. We calculate that this released thermal energy is an order of magnitude greater than that required for the 1.6-meter uplift since 2005. Ultimately, this fluid pressurization and heating drive accelerating deformation and seismicity; alongside the 2021 emergence of seismic sequences with short inter-event times, it directly signals an escalating phreatic or magmatic eruption risk."
10.1126/sciadv.ady9406,True,Science Advances,该论文研究AI天气模型在预测极端天气事件（如2024年迪拜暴雨）方面的能力，涉及大气环境的观测和预测技术，与遥感技术中的空气质量监测和卫星观测有相关性。,"['AI weather models', 'rainfall', 'translocation']",Y. Qiang Sun;Pedram Hassanzadeh;Tiffany Shaw;Hamid A. Pahlavan;Adam Marchakitus,Predicting regional gray swans via translocation: AI weather models and Dubai’s unprecedented 2024 rainfall,"Artificial intelligence (AI) models have transformed weather forecasting, but their skill for unprecedented weather extremes is unclear. Here, we analyze GraphCast, AIFS, and FuXi forecasts of the unprecedented 2024 Dubai storm, which had twice the training set’s highest rainfall in that region. GraphCast and AIFS accurately forecast this event up to 8 days ahead. FuXi forecasts the event but underestimates the rainfall. Fine-tuning and receptive field analyses suggest that these models’ success stems from “translocation”: learning from comparable/stronger dynamically similar events in other regions during training. Evidence of “extrapolation” (learning from weaker events) is not found. Even events within the global distribution’s tail are poorly forecasted, which is not only due to data imbalance (generalization error) but also spectral bias (optimization error). These findings demonstrate the potential of AI models to forecast “regional” gray swans and the opportunity to improve them through understanding the mechanisms behind their successes/limitations."
10.1126/sciadv.aec1413,True,Science Advances,该论文使用环境档案（如泥炭记录）中的铅同位素数据来追踪铅-银矿石供应模式和与采矿相关的长期大气铅信号，这与大气环境遥感技术（如空气质量监测和大气成分分析）密切相关。虽然研究对象是历史考古学，但其方法涉及对大气中铅污染的记录和分析，因此与大气环境遥感技术领域有较强的关联。,"['Pb isotope data', 'Environmental Match Intensity Index (EMII)', 'atmospheric lead (Pb) records', 'peat records', 'mining-related atmospheric Pb signal']",Hugo Delile;André-Marie Dendievel;Laura Chollet;Iscia Codjo;Adrien Barra;Janne Blichert-Toft,Rise and spread of lead-silver metallurgy deciphered from peatland archives,"How mining has shaped long-term economic and political landscapes across Europe and the Mediterranean remains poorly understood, largely because archaeological evidence is spatially fragmented and ore sources are difficult to trace from atmospheric lead (Pb) records. Here, we compile Pb isotope data from environmental archives and introduce the Environmental Match Intensity Index (EMII), a metric applied to peat records to track Pb–silver (Ag) ore-supply patterns and relative changes in the integrated mining-related atmospheric Pb signal over six millennia. EMII reveals an early mining signal centered on Laurion (Greece) during the Late Neolithic/Chalcolithic, followed by Bronze Age expansion structured by maritime routes linking the Cyclades, the Troad, and Anatolian coasts. From the Iron Age onward, our results challenge the conventional Iberian-centered mining model and instead reveal a polycentric and multimodal organization rooted in west-central European districts interconnected through major fluvial corridors and complementary terrestrial and maritime routes. EMII reaches its first major peak during the Early Roman period, declines during Late Antiquity and the Early Middle Ages, and rises again from the High Middle Ages onward. Despite these temporal fluctuations, the overall continental distribution of the contributing mining regions remains broadly stable. By connecting environmental archives with mining, transport, and urban demand, this framework provides a scalable approach for reconstructing the long-term organization of metal production and circulation and their contribution to anthropization processes across different chrono-cultural periods and geographical settings."
10.1126/sciadv.aeg9610,False,Science Advances,该论文研究的是多发性骨髓瘤中的增强子转位和癌症相关电路，与大气环境遥感技术（如空气质量监测、卫星观测、大气成分分析、气溶胶反演）无关，因此不相关。,"['enhancer', 'oncogenic circuits', 'chromatin topology']",Enrun Zheng;Qinghua Li;Xuelin Dou;Yiping Cao;Chao Ren;Feiya Suo;Lin Lin;Yan Zhao;Zhiwei Liao;Yang Liu;Zesen Shang;Sudun Guan;Chengying Zhang;Mengyu Yang;Pengyu Xiang;Yakun Chen;Xinhua Liu;Yueyun Lai;Zhiqiang Liu;Adkhamjon Odilovich Abdullayev;Lin He;Xiaochen Bo;Yongfeng Shang;Jichuan Wang;Jin Lu;Hebing Chen;Luyang Sun,Translocation-induced enhancer rewiring reveals cryptic oncogenic circuits in multiple myeloma,"Immunoglobulin heavy chain (IGH) enhancer translocations drive multiple myeloma (MM), but routine diagnostics resolve only 32 to 38% of cases. Here, we introduce TransFinder, a multiomic pipeline integrating SMRT long-read sequencing (LRS), Hi-C, H3K27ac ChIP-seq/CUT&Tag, and RNA-seq to systematically resolve cryptic translocations and their hijacked oncogenes by deconvoluting enhancer-promoter neo-loops at rearrangement breakpoints. Applied to MM, TransFinder identified that t(16;22)(q23;q11), a canonical translocation known to activateMAF, also hijacks enhancers to activateRAB36. It further uncovered previously unrecognized t(5;8)(q35;q24) and t(1;22)(q25;q13), which activateMYCandCBX7, respectively, through chromatin topology rewiring. CRISPR-Cas9–engineered t(1;22)(q25;q13) recapitulatedCBX7induction, and pharmacological inhibition of CBX7 suppressed myeloma cell proliferation. Beyond MM, TransFinder identified enhancer hijacking in chronic myeloid leukemia, where t(9;22)(q34;q11) repositioned an enhancer to activateBCR-ABL1, and pancreatic ductal adenocarcinoma, where t(2;12)(p24;q24) hijacked an enhancer to activateSDC1. Linking 3D genome architecture to oncogene activation, TransFinder decodes oncogenic structural variants and their trans-activities, establishing clinically actionable dependencies of noncoding drivers in malignancies."
10.1126/sciadv.aee4523,False,Science Advances,该论文研究的是人类内源性逆转录病毒（HERVs）对钙结合蛋白calbindin的调控在早期胚胎发育中的作用，与大气环境遥感技术（如空气质量监测、卫星观测、大气成分分析、气溶胶反演等）无关。,[],Judith Pape;Afshan McCarthy;Eduardo Serna-Morales;Borzo Gharibi;Tobias Plowman;Elias Copin;Rachael Thompson;Laura Doglio;Ruta Meleckyte-Martinez;Lyn Healy;Sara Tamagno;Alberto Elosegui-Artola;Silvia D. M. Santos;Kathy K. Niakan;George Kassiotis,Endogenous retrovirus control of calbindin is essential for human early embryogenesis,"The cis-regulatory potential of human endogenous retroviruses (HERVs) that have accumulated in our genome affects diverse host processes, including embryonic development and malignancy, where HERV epigenetic control is reduced. Non–small cell lung cancer optimal growth requires cancer cell–intrinsic expression of the calcium-binding protein calbindin under the control of aHERVHintegrant on chromosome 8q21.3. Chimeric transcription ofHERVHandCALB1, encoding calbindin, is also observed in human embryonic stem cells (ESCs), but its significance remained uncertain. Here, we show thatHERVHintegration on 8q21.3 duringHomininaeevolution coincides with acquisition of expression ofCALB1in preimplantation embryos. We further show thatCALB1expression is critical for human ESC growth and the prevention of cellular senescence and for the formation of ESC-derived preimplantation blastoids and postgastrulation amnioids. Thus, the co-option ofHERVH 8q21.3cis-regulatory activity in lung cancer may echo its essential requirement for human embryo development."
10.1126/sciadv.aeh6716,False,Science Advances,该论文主要研究东亚北部长期降雨记录与水文气候灾害的关系，虽然涉及大气环境中的降水现象，但重点在于气候和灾害学，而非遥感技术或空气质量监测等具体技术领域。,"['rainfall record', 'hydroclimatic hazard', 'rainy-season variability']",Yuqi Wang;Yong Wei;Zhonghua Yao;Shiling Yang;Feng Shi;Wei Lin,A 256-year daily rainfall record reveals multiscale rainy-season variability and emerging hydroclimatic hazard over northern East Asia,"Monsoon rainy seasons shape water supply and flood hazard across northern East Asia, but their long-term variability remains poorly understood because few daily rainfall records extend beyond the instrumental era. Here, we reconstruct rainy-season onset, retreat, and duration from a 256-year daily precipitation record for Seoul (1770–2025), providing an unusually long view of seasonal monsoon behavior. The reconstruction reveals structured quasi-decadal to multidecadal variability in rainy-season duration, indicating that recent rainy-season lengthening over northern East Asia is consistent with the latest positive excursion of a recurrent multidecadal modulation rather than a purely isolated modern anomaly. Coupled with warming-associated intensification of extreme rainfall, this prolonged-duration phase has elevated the compound-hazard probability, with recent probability peaks exceeding the long-term mean of ∼25% in Seoul. Exploratory near-term outlooks suggest that rainy-season duration in northern East Asia is likely to remain prolonged toward mid-century, sustaining heightened compound hydroclimatic hazard when seasonally extended overlaps with intensified event-scale rainfall."
10.1126/sciadv.aeg9211,False,Science Advances,该论文研究的是一种受羽毛星启发的软体机器人，用于实现多模式3D运动，主要涉及机器人技术和流体动力学，与大气环境遥感技术（如空气质量监测、卫星观测、大气成分分析、气溶胶反演）没有直接关系。,"['soft robotic swimmer', 'pneumatic inputs', '3D maneuverability']",Haitao Qing;Yuanhang Zhu;Jiacheng Guo;Caizhi Zhou;Haoze Sun;Haibo Dong;Daniel Quinn;Jie Yin,Minimal-actuation feather star–inspired soft swimmers for multimodal 3D maneuverability,"Complex, three-dimensional (3D) motions typically require actuator arrays and complex control architectures. Here, we present a feather star–inspired soft robotic swimmer that uses only two pneumatic inputs to produce three distinct and switchable swimming modes: jellyfish-like pulsation, fishlike propulsion, and rotor-like reorientation. The robot owes this ability to mechanical intelligence: It leverages a monostable instability in its flexible arms to convert two control actuation inputs into 3D swimming modes, including ascension and descension, forward and backward swimming, hovering, and rotation. The robot achieves a maximum swimming speed of 1.64 body lengths per second, minimum cost of transport of 17.6, and peak rotation speed of 90° per second. Particle image velocimetry analyses and computational fluid dynamics simulations reveal distinct vortex structures governing thrust generation and/or rotational torque in each swimming mode. The robot’s minimal input yet multimodal output demonstrates how mechanical intelligence can enable adaptive and multifunctional, yet simple and energy-efficient, robotic and biological swimming mechanisms."
10.1126/sciadv.adw8887,False,Science Advances,该论文研究的是极端长寿陆生动物的表观遗传学基础，涉及基因组、甲基组等生物分子层面的分析，与大气环境遥感技术（如空气质量监测、卫星观测、大气成分分析、气溶胶反演等）无关。,[],Benjamin Vaisvil;Daniel P. Schmitt;Angela Jones;Vinayak Kapatral;James M. Ford;Madison L. Taylor;Mathia Colwell;Jonathan Hollins;Sam Pascucci;Konstantin Weissenow;Burkhard Rost;Pascal Notin;Justin Gerlach;Thomas C. Terwilliger;Li-Wei Hung;Lars Juhl Jensen;Kathlyn Reed;Todd R. Robeck;Steve Horvath;Christopher Faulk;Yanjun Ma;Stephen W. Clark,"Epigenetic insights into extreme longevity in the world’s oldest terrestrial animal, Jonathan","Aldabra giant tortoises (Aldabrachelys gigantea) are exceptionally long-lived. We sequenced the genome and methylome of Jonathan, a 194-year-old Aldabra, to explore the molecular basis of his longevity. Relative to other giant tortoises (A. giganteaandChelonoidis abingdonii), Jonathan has unique gene variants in most aging pathways. Moreover, Jonathan has substantial DNA methylation and methylation entropy changes compared to four other Aldabras ranging in age from a 5-year-old juvenile to older adults. Notably, we found that lower-entropy regions in Jonathan’s methylome were enriched for the promoters of genes involved in the mitochondrial electron transport chain, and RNA metabolism. This suggests that high-fidelity transcription of the genes in these pathways may be crucial for long-lived species. Our findings support a model for aging wherein the maintenance of low methylation entropy in gene promoters is coupled to efficient mitochondrial energy production, efficient RNA processing, and efficient genomic repair."
10.1126/sciadv.aea1557,True,Science Advances,该论文研究机器学习在化学反应建模中的应用，涉及密度泛函理论计算和反应路径分析，这些内容与大气环境远程传感技术中的大气成分分析和空气质量监测密切相关。,"['machine-learned', 'reaction modeling', 'density functional theory', 'atmospheric composition']",Dylan M. Anstine;Qiyuan Zhao;Roman Zubatyuk;Shuhao Zhang;Veerupaksh Singla;Filipp Nikitin;Brett M. Savoie;Olexandr Isayev,AIMNet2-rxn: A machine-learned potential for generalized reaction modeling on a millions-of-pathways scale,"Mechanistic modeling of chemical transformations offers a compelling basis for understanding reactivity and allows for prediction of reaction outcomes before attempting experiments. Despite progress in machine-learned interatomic potentials (MLIPs), we demonstrate that available models lack the accuracy for diverse reaction modeling. With this motivation, we developed a general MLIP for mechanistic modeling of closed-shell carbon, hydrogen, nitrogen, and oxygen reactions, AIMNet2-rxn, using a dataset of ∼4.7 × 106range-separated density functional theory calculations. AIMNet2-rxn enables reaction modeling ∼106faster than the reference quantum mechanical (QM) methods while substantially outperforming graph-based ML, reaffirming the value using three-dimensional chemical information for training. On a test suite of well-known reaction mechanisms—such as amide formation, proton transfers, and pericyclics—AIMNet2-rxn yields 1 to 2 kilocalories per mole accuracy across reaction coordinates without retraining or system-specific fine-tuning. To exploit graphics processing unit parallelism and AIMNet2-rxn efficiency, we introduce a batched nudged elastic band procedure that readily achieves minimum energy pathway search on a millions-of-reactions scale. To demonstrate complex reaction characterization, the thermodynamics of an 11-step pathway producing hydroxymethylfurfural, the experimentally observed major product of glucose pyrolysis, is evaluated. Overall, the accuracy and efficiency afforded by AIMNet2-rxn create opportunities in high-throughput reaction discovery and deep reaction network analysis that would be infeasible with QM methods."
10.1126/sciadv.aeb2001,False,Science Advances,该论文主要研究的是基于3D DNA折纸技术的分子地址式光学纳米电路，涉及纳米技术和光学共振，但与大气环境遥感技术（如空气质量监测、卫星观测、大气成分分析、气溶胶检索等）没有直接关系。,"['nanocircuit', 'DNA origami', 'plasmonic resonance']",Jaewon Lee;Hayun Ahn;Kyung Hun Rho;Shelley F. J. Wickham;William M. Shih;Seungwoo Lee,3D DNA origami-enabled molecularly addressable optical nanocircuit,"Clusters of nanoparticles enable electric and magnetic resonances and strong light–molecule interactions, including plasmonic resonance energy transfer (PRET). The optical nanocircuit concept provides a predictive RLC framework for these responses, but experimental realization has been limited by insufficient control over nanogaps and molecular placement. Here, we introduce a molecularly addressable optical nanocircuit based on a robust three-dimensional (3D) DNA origami. We demonstrate that gold nanoparticles and dye-loaded origami function as distinct circuit elements, with the latter acting as a resistor-coupled capacitor that directly participates in resonance. This capability enables deterministic assembly of nanocircuits with controlled symmetry and tunable nanogaps. The multilayer barrel scaffold yields a non–close-packed, symmetry-broken trimer with a magnetic resonance exhibiting aQ-factor of ∼19.2, exceeding values reported for comparable plasmonic clusters. Selective dye loading onto origami enables predictive light–molecule coupling, producing a 100-fold PRET enhancement in dimers over monomers. This approach provides a versatile route to designer optical resonances for nanophotonic applications."
10.1126/sciadv.aeb5514,False,Science Advances,该论文研究的是果蝇中精胺的快速进化及其对减数分裂驱动的影响，与大气环境遥感技术（如空气质量监测、卫星观测、大气成分分析、气溶胶反演）无关。,[],Ching-Ho Chang;Aida Flor A. de la Cruz;Hung-Yu Lai;Isabel Mejia Natividad;Alex Noyola;Elian Angelo Magsino Abellanosa;Nicolas D. Lee;Harmit S. Malik,Rapid protamine evolution suppresses meiotic drive in Drosophila,"Many animal species replace histones with protamines during spermatogenesis. Although essential for sperm function, protamines evolve rapidly for reasons that remain unknown. Using in vivo gene replacement, we examined the causes and consequences of the rapid evolution ofMst77F, a protamine essential for male fertility inDrosophila melanogaster(D. melanogaster). ReplacingMst77Fwith divergent orthologs caused DNA compaction defects in X-bearing sperm, resulting in fewer mature X-bearing sperm and male-biased progeny. ReducingD. melanogaster Mst77Fdosage caused the same bias, whereas increasing the dosage ofMst77Forthologs rescued it. Engineered sex chromosome fusions revealed thatMst77Fprotects theD. melanogasterX chromosome from a killer-target meiotic drive system in a dosage- and sequence-dependent manner. Unlike inD. melanogaster,Mst77Fwas dispensable for fertility inDrosophila yakuba(D. yakuba) but remained important for suppressing sex ratio distortion. Our findings show that relentless pressure to suppress sex chromosome meiotic drive underlies the rapid evolution of protamines."
10.1126/sciadv.aeb6883,False,Science Advances,该论文研究的是斑马鱼胚胎中的蛋白质合成动力学，涉及的是生物学和发育生物学领域，与大气环境遥感技术（如空气质量监测、卫星观测、大气成分分析、气溶胶反演等）无关。,[],Maëlle Bellec;Jie Liang;Kenny Mattonet;Tatsuya Morisaki;Margaux Lay;Hans-Martin Maischein;Damien Avinens;Vincent Martinet;Delphine Muriaux;Timothy J. Stasevich;Jérémy Dufourt;Didier Y. R. Stainier,Real-time single-molecule imaging in zebrafish embryos uncovers noncanonical translation,"Precise spatiotemporal control of protein synthesis is essential during embryogenesis, yet directly measuring translation kinetics in vivo remains challenging in vertebrates. In particular, it remains unclear how translation efficiency is determined for key developmental regulators and which kinetic steps limit their production. Here, we used ALFA array–based nascent chain labeling combined with lattice light-sheet microscopy to visualizebmp2btranslation in real time and at single-molecule resolution in early zebrafish embryos. When combined with MS2/MCP labeling to visualize allbmp2bmessenger RNA (mRNAs), we found that only some of them are being actively translated, suggesting that limited mRNA translation competence contributes to overall translation efficiency. We found thatbmp2btranslation operates below a maximal initiation regime, as replacement of its untranslated regions (UTRs) with viral UTRs increases ribosome loading. Furthermore, thebmp2b, but notactb2, 5′UTR supports cap-independent translation with ribosome loading comparable to cap-dependent initiation. Together, this approach provides a quantitative in vivo framework to dissect translation kinetics during early vertebrate development."
10.1126/sciadv.aed7880,False,Science Advances,该论文主要研究的是ARID1A缺陷对肿瘤转录异质性的影响，涉及遗传学、细胞生物学和肿瘤学等领域，与大气环境遥感技术（如空气质量监测、卫星观测、大气成分分析、气溶胶反演等）没有直接关联。,[],Kenichi Miyata;Liying Yang;Yuxiao Yang;Kohei Kumegawa;Reo Maruyama,Clonal lineage tracing and parallel multiomics profiling reveal transcriptional heterogeneity induced by ARID1A deficiency,"Transcriptional heterogeneity drives malignant progression, yet how it emerges within tumors remains unclear. By combining genetic perturbation and lineage tracing with parallel single-cell multiomics, we tracked the consequences of ARID1A loss within individual clonal lineages. ARID1A deficiency increased transcriptional variability both within and across clones, recurrently giving rise to diverse transcriptional profiles that did not converge on a common, coordinated pattern. This variability was accompanied by broadened chromatin accessibility at normally silenced loci and depended on residual SMARCA4 activity. Clones in which this variability was prominent showed no growth advantage under standard conditions but were preferentially recovered under specific environmental stresses and during lung colonization, a context dependence consistent with bet-hedging. Our findings suggest that loss of an epigenetic regulator can promote tumor evolution by relaxing transcriptional constraints and widening the range of phenotypes accessible to a clonal lineage, rather than by imposing a single fixed phenotype."
10.1126/sciadv.aee1472,False,Science Advances,该论文研究的是W O3薄膜中一维电子导体的特性，与大气环境遥感技术（如空气质量监测、卫星观测、大气成分分析、气溶胶检索）无直接关联。论文主要关注的是材料科学和凝聚态物理中的电子传导现象，而非大气环境中的遥感技术。,"['ferroelastic', 'WO3', 'one-dimensional conduction', 'nematic-like charge stripes']",Minho Kang;Gyubin Lee;Wooin Yang;Shinhee Yun;Kyung Song;Jeongdae Seo;Si-Young Choi;Tae-Hwan Kim;Yeongkwan Kim;Chan-Ho Yang,Correlated one-dimensional electron conduction in ferroelastic domain walls through nematic-like charge stripes,"One-dimensional electronic transport reveals many-body quantum phenomena and serves as a foundation for quantum devices, sensors, and reconfigurable electronics. Here, we demonstrate that surface-exposed ferroelastic twin walls in epitaxial WO3films function as intrinsic one-dimensional channels, confining electrons to screen surface-bound charges induced by flexoelectric polarization. Scanning tunneling microscopy uncovers a self-organized nematic-like phase forming periodic stripes perpendicular to the walls. Conductive atomic force microscopy and angle-resolved photoemission spectroscopy resolve quantized one-dimensional states and reveal conductance enhancements exceeding two orders of magnitude along the twin walls relative to the surrounding semi-insulating surface regions at room temperature. Temperature-dependent transport follows an Efros–Shklovskii variable-range hopping law, with a crossover near 140 K and a localization length of 39 Å—identical to the stripe period—signifying Coulomb-coupled electrons confined within stripe-induced potential wells along the walls. These findings establish WO3ferroelastic walls as a tunable platform for engineering one-dimensional correlated electron states."
10.1126/sciadv.aee7253,False,Science Advances,该论文主要关注海洋生物多样性的变化和气候变化对海洋生态系统的影响，涉及生物分类、生态学和气候变化等领域，但与大气环境遥感技术（如空气质量监测、卫星观测、大气成分分析、气溶胶反演等）没有直接关联。,"['marine biodiversity', 'climate change', 'taxonomic groups']",Elena Couce;Lily Greig;Georg H. Engelhard;John K. Pinnegar;Keith M. Cooper;Pierre Hélaouët;Laurene Pecuchet;Myron A. Peck;Martin Lindegren;Murray S. A. Thompson,From plankton to fish: 21st-century redistribution of marine biodiversity and the changing role of rare species,"Predictions of climate-driven marine biodiversity change typically overlook noncommercial and rare taxa, leading to an incomplete and potentially biased understanding of change. We address this gap by quantifying α-, β-, and γ-diversity using Hill numbers consistently across co-occurring phytoplankton, zooplankton, benthos, and fish taxonomic groups. Using Bayesian additive regression trees and extensive survey data, we project climate-driven biodiversity change in the northeast Atlantic until 2100. We show that climate change could redistribute biodiversity both within taxonomic groups, altering the contribution of rare species, and across the food web. Widespread increases in fish and benthos species richness, reflecting poleward migration, often coincided with declines in zooplankton and phytoplankton richness, potentially disrupting energy transfer from lower to higher trophic levels. By identifying areas with high biodiversity across taxonomic groups and predicting how these could change in the future, we provide a framework to support proactive conservation actions to help achieve global biodiversity targets in a changing climate."
10.1126/sciadv.aef6902,False,Science Advances,该论文研究的是利用PhiC31整合酶在秀丽隐杆线虫（C. elegans）中进行外染色体阵列的靶向整合，涉及基因编辑和基因组学技术，与大气环境遥感技术（如空气质量监测、卫星观测、大气成分分析、气溶胶反演等）无关。,[],Matthew S. Rich;Ryan Pellow;Yichen Zhang;Adam Hefel;Ofer Rog;Erik M. Jorgensen,Targeted integration of extrachromosomal arrays in C. elegans using PhiC31 integrase,"Extrachromosomal arrays are unique chromosome-like structures created from DNA injected into theCaenorhabditis elegansgermline. However, they are unstable unless integrated into a chromosome. Current methods for integration using x-rays or CRISPR can damage DNA and exhibit low efficiency. We demonstrate that the viral integrase PhiC31, which mediates nonmutagenic recombination between shortattBandattPsequences, can be used for extremely efficient and targeted integration of arrays. Arrays were integrated by PhIAT (PhiC31-mediated integration of arrays of transgenes) atattBsites on three chromosomes, including at a fluorescent landing pad. Moreover, integrations can be inserted at any arbitrary site in the genome by simultaneously co-injecting Cas9 ribonucleoprotein, anattBrepair template, and the DNA components for the array—thereby providing sites on all six chromosomes. Single injections can integrate arrays ranging in size from 1 to 18 megabases. PhIAT makes it practical to study genomes of other organisms in the nematode; one of our strains incorporates 65% of the yeast genome at a single site in the worm genome. PhIAT will accelerate a shift from unstable extrachromosomal arrays to direct integration of arrays inC. elegans."
10.1126/sciadv.aeg6770,False,Science Advances,这篇论文主要研究的是免疫耐受的诱导机制，涉及的是生物医学领域中的免疫细胞和治疗方法，与大气环境遥感技术（如空气质量监测、卫星观测等）没有直接关系。,"['peptide-coupled red blood cells', 'Kupffer cells', 'immune tolerance']",Vasileia Kalaitzaki;Pietro Oldrati;Filipa M. Ferreira;Antonios Katsoulas;Ahmed Ali;Livio Baselgia;Yun Liu;Jincheng Fang;Roman Sankowski;Mai Matsushita;Florence Vallelian;Alexandre P. A. Theocharides;Cyrill Géraud;Roland Martin;Andreas Lutterotti;Thorsten Buch,Kupffer cells are key mediators of antigen-specific immune tolerance by peptide-coupled red blood cells,"Induction of antigen-specific immune tolerance is the most precise method for reverting an autoreactive immune response in diseases such as multiple sclerosis (MS). Coupling red blood cells (RBCs) with a cocktail of MS immunodominant peptides is a promising approach to induce antigen-specific immune tolerance in patients. Here, we show that RBCs coupled with disease-inducing antigen efficiently prevent the development of experimental autoimmune encephalomyelitis, when administered prophylactically, and ameliorate disease symptoms when given therapeutically. The tolerogenic activity of peptide-coupled RBCs (pcRBC) was antigen specific and dependent on both cell and peptide dose. Kupffer cells (KC) were the primary phagocytes of pcRBC, and their uptake of pcRBC did not require complement component 3, SIRPα, and Stabilin 1 and 2. KC were indispensable for the induction of tolerance, which was accompanied by programmed death-ligand 1 up-regulation and a tolerogenic transcriptional shift. Our findings establish KC as central mediators of pcRBC-induced immune tolerance and provide mechanistic insight for the use of this therapeutic strategy in autoimmune disease."
10.1126/sciadv.aeg8398,False,Science Advances,该论文主要研究的是鱼类对高钙环境的适应机制，涉及维生素D信号通路和钙转运蛋白的调控，虽然与生物地球化学循环和生态系统适应有关，但与大气环境遥感技术（如空气质量监测、卫星观测、大气成分分析、气溶胶反演等）没有直接关系。,"['vitamin D receptor', 'calcium tolerance', 'calb2a']",Nan Zhang;Yongsen Zhou;Jianbin Feng;Tianhao Yang;Huilin Liu;Yongsheng Zhang;Lingyun Chen;Weiyang Xiao;Tai Wang;Aaron J. W Hsueh;Jianzhen Li,Cis-regulatory inactivation of vitamin D signaling confers extreme calcium tolerance in Jialing fish,"The turquoise karst lakes of China’s Jiuzhaigou Nature Reserve harbor among the highest natural calcium concentrations known in freshwater, around threefold higher than adjacent rivers. Yet the Jialing fish (Schizopygopsis kialingensis) thrives there with serum calcium levels indistinguishable from river-dwelling conspecifics. We show that this calcium tolerance arose through evolutionary loss of vitamin D signaling. Lake and river populations diverged ∼410,000 years ago. Gill transcriptomics revealed >90% suppression of vitamin D receptor b (vdrb) and 99% reduction of its downstream calcium transportercalb2ain lake fish. Zebrafish knockout of either gene enhanced survival under hypercalcemia. We traced this suppression to specific mutations in avdrbenhancer that reduce its activity. These findings reveal that regulatory dismantling of a canonical endocrine pathway can drive vertebrate adaptation to extreme environments, providing a clear example of how cis-regulatory evolution can drive ecological adaptation."
10.1126/sciadv.aeh0566,False,Science Advances,该研究主要关注量子技术和精密测量，涉及氮空位缺陷、磁力梯度以及超微质量振子的操控，与大气环境遥感技术（如空气质量监测、卫星观测、大气成分分析或气溶胶反演）的直接关联性较弱。研究内容更偏向基础物理和量子信息领域。,"['nitrogen-vacancy', 'levitated resonator', 'spin force']",Anshuman Nayak;Daehee Kim;Shilu Tian;Jason Twamley,Spin force from a nitrogen-vacancy ensemble drives a 100-mg levitated resonator,"The force experienced by a spin in a magnetic field gradient underlies many proposals for hybrid quantum systems. These include schemes for mechanically mediated quantum gates, spin squeezing, searches for exotic forces, and motional superpositions for probing the interface between quantum and gravity. Yet, experimentally observing this spin force for anything larger than atomic scales has proved challenging. In our work, we demonstrate controllable center-of-mass motion of a 128-milligram diamagnetically levitated oscillator due to force from an ensemble of nitrogen-vacancy (NV) defects in diamond. We induce coherent motion in the oscillator by periodic optical initialization of the NV spin states, achieving motional amplitudes exceeding 100 nanometers. Our results mark a key milestone toward spin-based engineering of motional states deep in the high-mass regime."
10.1126/sciadv.aeh2287,False,Science Advances,该论文研究的是旧石器时代人类（尼安德特人）的木工技术，与大气环境遥感技术（如空气质量监测、卫星观测、大气成分分析、气溶胶反演等）无直接关联。,"['Neanderthal', 'woodworking', 'archaeological']",Palmira Saladié;M. Gema Chacón;Alex Solé;Ethel Allué;Juan Marín-Hernando;Bruno Gómez de Soler;Francesca Romagnoli;Amelia Bargalló;Manuel Vaquero;Paula Mateo-Lomba;Marcos García-Millán;M. Joana Gabucio;Antonio Pineda;Mónica Fernández-Garcia;Gerard Campeny;Amanda Merino-Pelaz;Lila Warnitz;Tomás Fernández-Iriarte;Raül Bartrolí;Eudald Carbonell;Josep Vallverdú,Neanderthal woodworking at Abric Romaní: Insights into the role of wood in a Middle Palaeolithic domestic context,"Wood technology likely played a key role in human evolution, yet it remains poorly documented because organic materials rarely preserve in archaeological contexts. The Middle Palaeolithic site of Abric Romaní (Capellades, Barcelona) provides exceptional evidence of Neanderthal woodworking preserved through travertine incrustation. We document 597 wooden imprints and charred wood remains recovered from 16 archaeological levels dated between ∼62,000 and 40,000 years ago. The assemblage includes wood imprints, charred wood imprints, and charred macroremains, among which several anthropogenic objects can be identified. These include tools and weapons, domestic artifacts, and structural elements, revealing a wide range of woodworking activities. Key discoveries include wooden spears, pointed sticks, and domestic objects such as trays and tripods. A club-like artifact recovered from level P represents a unique object with no clear parallel in the prehistoric record. The Abric Romaní assemblage highlights the importance of wood within Neanderthal technological systems and provides previously unknown insights into the role of organic materials in Middle Palaeolithic societies."
10.1126/sciadv.aeh3785,False,Science Advances,该论文的主题是血管疾病的病理学研究，涉及组织工程和细胞生物学，与大气环境遥感技术（如空气质量监测、卫星观测、大气成分分析、气溶胶反演）没有直接关系。,[],Kevin L. Shores;Xin D. Gao;David R. Liu;George A. Truskey,Human trilayer engineered blood vessel reveals influence of fibroblasts on disease progression in model of Hutchinson-Gilford progeria,"In vitro models of vascular disease have focused primarily on the pathophysiology of smooth muscle cell (SMC) or endothelial cell (EC). Adventitial fibroblasts can contribute to disease progression, but their specific influence is not well understood in different disease contexts. To elucidate fibroblast’s impact on vascular pathology, we developed trilayer tissue-engineered blood vessels (TEBVs) with SMCs, ECs, and fibroblasts. We modeled atherosclerosis in the accelerated aging disease, Hutchinson-Gilford progeria syndrome (HGPS). HGPS fibroblasts substantially elevated several features of the vascular pathology. Correcting the HGPS-associated mutation using base editing returned many disease characteristics to healthy levels. By generating TEBVs with different combinations of vascular cells with or without the HGPS mutation, we found that fibroblasts contributed to extracellular matrix dysregulation and fibrotic signaling, SMCs to collagen accumulation, and ECs to inflammation. These results clarify the poorly understood influence of fibroblasts in progression of HGPS vascular pathology. The trilayer TEBV model could enable further mechanistic insights or therapeutic discovery for other vascular diseases."
10.1126/sciadv.aeh5972,False,Science Advances,该论文研究的是神经科学中的感知学习和神经元活动，与大气环境遥感技术（如空气质量监测、卫星观测、大气成分分析、气溶胶反演）没有直接关系。,"['neuronal activity', 'perceptual learning', 'feedforward-gated mechanism']",Ruining Guo;An Yan;Minggui Chen;Wu Li;Yin Yan,Specific expertise from diffuse feedback: A feedforward-gated mechanism,"Perceptual learning improves sensory sensitivity through practice but is typically specific to trained stimuli. Two contrasting accounts have been proposed: fine-tuning of feature-selective neurons in early sensory cortex, which raises a stability-plasticity dilemma, and reweighting of stable sensory inputs by higher-level readout. To reconcile these views, we recorded neuronal populations in macaque visual area V4 during training on a camouflaged collinear contour detection task. Behavioral improvements were strictly orientation specific, yet learning-related neural enhancements were unexpectedly widespread, regardless of neuronal tuning. Critically, these enhancements were confined to late, feedback-influenced response components, whereas early feedforward activity remained stable. These results support a feedforward-gated feedback mechanism: Learning potentiates higher-order representations that deliver diffuse feedback, broadly recruiting early cortical neurons, while behavioral specificity arises because this modulation is gated by feature-selective feedforward inputs associated with the trained stimulus. Rather than being sequestered in a single locus or process, perceptual expertise emerges from hierarchical, bidirectional interactions that enable learning while preserving core sensory stability."
10.1126/sciadv.aeh7555,False,Science Advances,该论文研究的是鸟类和爬行动物肋骨的发育和同源性问题，与大气环境遥感技术（如空气质量监测、卫星观测、大气成分分析、气溶胶反演等）无关。,[],Sebastian Jiménez-Villalón;Felipe Guajardo-Pezo;Mackarenna Narváez;Daniel Smith-Paredes;Tiana Kohlsdorf;Joao F. Botelho;Alexander O. Vargas,Embryos resolve the enigmatic origin of the theropod wishbone,"The origin of the avian wishbone (furcula)—present since theropod dinosaurs—remains unsolved. Its homology is still debated, with competing hypotheses proposing derivation from the clavicles, the interclavicle, or both. To obtain comparative developmental evidence, we studied ossification and pre-ossification mesenchymal condensations in a broad sample of birds and non-avian reptiles. Relative positions of paired condensations and their ossification centers support homology between the lateral arms of the furcula and reptilian clavicles. However, in the palaeognathous birdNothoprocta perdicaria, we observed a separate interclavicle-like medial condensation. It quickly fuses with the clavicular condensations but then develops its own ossification center. The phylogenetic distribution of this developmental pattern across reptiles and birds supports a composite origin of the furcula from clavicles and the interclavicle. Early fusion of condensations leads to seamless integration, which may explain why fossil evidence of this composite origin has remained elusive."
10.1126/sciadv.aeh9503,False,Science Advances,虽然这篇论文涉及大气环境远程传感技术的相关应用（如空气way injuries监测），但其主要研究领域是医疗机器人技术，特别是支气管镜手术中的力感应和机器人设计，与典型的远程传感技术（如卫星观测、空气质量监测）关联性较弱。,"['robotic bronchoscopy', 'force detection', 'bioinspired skin']",Qiqi Pan;Wenke Duan;Jingjing Luo;Lei Wang;Shijie Guo;Yongfei Feng;Hongbo Wang,Mitigating lateral sensing blind spots: A dual-segment bronchoscopic robot with a bioinspired skin,"Lateral force blind spots frequently trigger airway injuries during robotic bronchoscopy. Traditional sensing approaches lack fine spatial resolution, and single-segment robots suffer poor posture adjustment flexibility, worsening unmonitored tissue contact. We integrate a snake-scale-inspired 64-channel gradient piezoelectric film with a dual-segment manipulator to resolve lateral blind spots for secure bronchial navigation. The conformally wrapped sensor delivers fast (<10 ms), precise force detection (R2> 0.98,RMSE< 0.145 N,CV< 2%) and filters bending pseudo-forces. The dual-segment design enables coordinated proximal-distal motion to avoid overcontact in tortuous lumens. Phantom and ex vivo porcine lung tests confirm real-time force localization, 5.0 N safety alarms, and autonomous tuning to keep contact forces below 3.0 N. This synergistic robot-sensor design supplies a translatable safety control strategy for flexible surgical manipulators."
10.1126/sciadv.aei1796,False,Science Advances,该论文研究的是单纯疱疹病毒1型（HSV-1）感染对神经元的影响，特别是病毒如何通过去除电压门控离子通道来抑制神经元活动。这与大气环境遥感技术（如空气质量监测、卫星观测、大气成分分析、气溶胶反演）无关，因此不相关。,[],Daniel A. Nash;Henry G. Barrow;P. Robin Antrobus;Alex S. Nicholson;John Suberu;Harvey E. Johnston;Martin Potts;Marta A. Almeida;Valeria Lulla;Colin M. Crump;Anton J. Enright;Michael P. Weekes;Janet E. Deane;Stephen C. Graham,Herpes simplex virus pUL56 abolishes neuronal activity by removing voltage-gated ion channels from the plasma membrane,"Herpes simplex virus 1 (HSV-1) infections of the central nervous system cause encephalitis and are associated with increased risk of neurodegeneration, yet the molecular consequences of lytic infection in human neurons remain incompletely defined. We map the transcriptomic, proteomic, and surface-proteome changes induced by HSV-1 across the lytic infection cycle in human induced pluripotent stem cell–derived cortical glutamatergic neurons. HSV-1 drives extensive plasma-membrane remodeling, including the removal of voltage-gated sodium, potassium, and calcium channels, resulting in a profound loss of synchronous calcium signaling. We identify the viral ubiquitin-ligase adaptor pUL56 as the principal effector of this process: pUL56-dependent degradation of ion channels abolishes coordinated calcium signaling, whereas mutation of its E3-ligase–binding motifs preserves synchrony. Furthermore, expression of pUL56 alone is sufficient to abolish neuronal electrical activity. These findings establish pUL56 as a potent viral suppressor of neuronal excitability."
10.1126/sciadv.aei4853,False,Science Advances,该论文主要关注呼吸道病毒的感染模式和影响因素，涉及的是生物学和医学领域的研究，而非大气环境遥感技术。,[],Celine E. Snedden;Dylan H. Morris;Thomas C. Friedrich;James O. Lloyd-Smith,"Exposure route, not dose, is the primary driver of infection patterns for a respiratory virus","Infectious disease severity, shedding, and within-host kinetics can vary substantially with exposure dose, inoculation route, and host factors. However, the relative contributions of these variables to infection heterogeneity remain poorly quantified because small sample sizes in controlled in vivo experiments limit their statistical power and scientific scope. Here, by compiling and jointly analyzing the largest published database of nonhuman primate challenge experiments (107 studies; 721 animals), we show that exposure route drives SARS-CoV-2 infection kinetics more strongly than dose, age, sex, or species. Aerosol inoculation yields kinetics distinct from all other respiratory exposure routes. Route and dose jointly determine which tissues become infected, and 50% infectious doses vary greatly depending on the route of exposure and on the tissue sampled. Our findings underscore the central role of exposure route in pathogenesis and transmission, and highlight the untapped potential for quantitative, cross-study syntheses to extract additional insights from costly animal experiments."
10.1126/sciadv.aei7570,False,Science Advances,该论文主要研究蝴蝶的视觉系统，特别是其神经和感官的进化机制，与大气环境遥感技术（如空气质量监测、卫星观测、大气成分分析、气溶胶反演）没有直接关系。,"['photoreceptor', 'color vision', 'neural accommodation']",Ke Gao;Julia Ainsworth;Antoine Donati;Yunchong Zhao;Michelle Franc Ragsac;Cara Genduso;Zoie Andre;Andrew Tomlinson;Michael W. Perry,Sensory receptor expansion and neural accommodation in butterfly color vision,"The evolution of complex brains required the incorporation of newly evolved neurons into existing circuits, yet the genetic and developmental mechanisms enabling their integration remain poorly understood. Butterflies expanded their color vision by adding a second R7 photoreceptor per ommatidium, a rare departure from the conserved insect eye ground plan. Because each R7 makes an independent stochastic fate choice, this duplication increased the number of ommatidial types from two to three. We identified the genetic basis of this expansion and demonstrated how the brain accommodates the new input. R7 duplication was achieved by converting R3/4 cells to an R1/6 fate, triggering the R7 recruitment program on both sides of the ommatidium. By manipulating transcription factor expression inDrosophila, we engineered a “butterfly-fly” that recapitulates this ancient R7 duplication and three-type stochastic mosaic. In the fly brain, two R7 subtypes connect to specific types of Dm8 neurons, which are born in excess and undergo apoptosis if they fail to find synaptic partners. In our butterfly-fly model, these surplus Dm8s are immediately rescued and form subtype-appropriate connections. These findings suggest that population-level variation maintains a reservoir of potentially interacting neurons, providing a developmental substrate that allows the brain to immediately accommodate newly evolved neurons."
10.1126/sciadv.aej8942,False,Science Advances,该论文研究的是利用DNA纳米装置改造的巨噬细胞作为体内监测肿瘤相关巨噬细胞极化的生物传感器，与大气环境遥感技术（如空气质量监测、卫星观测、大气成分分析、气溶胶反演等）无关。,"['DNA nanodevice', 'macrophages', 'tumor microenvironment']",Qiaomei Wei;Xixi Chen;Ping Xie;Li Wang;Li-Juan Tang;Tingting Chen;Lan Liu;Jian-Hui Jiang;Xia Chu,DNA nanodevice-engineered macrophages as living sensors for dual-mode in vivo monitoring of tumor-associated macrophage polarization,"Exploiting macrophages as cell-autonomous reporters of their polarization states represents a promising strategy for interrogating tumor-associated macrophage (TAM) phenotypes in cancer. Here, we develop a macrophage-based sensing platform, termed eMφ. This platform is created by engineering macrophages with a modular and multiplexable DNA origami nanodevice to report TAM polarization states within the tumor microenvironment. Upon tumor infiltration, microenvironmental cues drive macrophage polarization, triggering the engineered system to convert endogenous signals (e.g., Arg1 or iNOS mRNA) into distinct, state-specific reporter outputs. The integration of local and circulating reporters enables compartment-resolved, multiscale readouts of macrophage state. Following intravenous administration, eMφ facilitates tumor detection across multiple murine models, including B16F10 melanoma and lung metastasis, and enables precise evaluation of macrophage-reprogramming immunotherapy. Overall, this work establishes DNA nanodevice-programmed macrophages as a novel class of synthetic-living hybrid systems, paving the way for programmable and precise immune-state diagnostics and therapy."
10.1126/sciadv.aef4354,False,Science Advances,这篇论文主要研究的是二维过渡金属硫族化合物WSe2的制备和用于高性能p型晶体管和逻辑电路的应用，与大气环境遥感技术（如空气质量监测、卫星观测、大气成分分析、气溶胶反演等）没有直接关系，因此不相关。,"['WSe2', '2D transition metal dichalcogenides', 'top-gate p-FETs']",Jonggyu Choi;Hayoung Kim;Seungsoo Kim;Mingyu Kim;Seungmin Yang;Juyeong Hong;Seokmin Yun;Ajit K. Katiyar;Jong-Hyun Ahn,Wafer-scale synthesis of WSe2 for high-performance p-type top-gated transistors and logic circuits,"Two-dimensional (2D) transition metal dichalcogenides (TMDs) offer a promising pathway for next-generation electronics due to their exceptional electrical characteristics at atomically thin thickness. Nevertheless, the realization of high-quality p-type 2D-FETs remains a significant challenge for CMOS device integration due to surface damage and unintended n-doping induced during dielectric deposition. In this work, we report the wafer-scale synthesis of p-type WSe2films using metal-organic chemical vapor deposition and the fabrication of top-gate p-FETs through a buffer layer strategy, which provides superior electrostatic control and channel stability. The transistors exhibit excellent p-type performance, achieving a hole mobility of 10.49 ± 2.35 cm2V−1s−1with on/off current ratio exceeding 109. By leveraging the process’s scalability, which ensures uniform and damage-free fabrication, we successfully produced reliable wafer-scale PMOS logic circuits. This study provides a scalable, damage-free integration solution for 2D electronics, paving the way for the practical realization of all 2D-based high-density electronics and circuits."
10.1126/sciadv.aeh7568,False,Science Advances,该论文研究的是半导体量子阱中核自旋的动态自极化现象，涉及低温物理和量子物理领域，与大气环境遥感技术（如空气质量监测、卫星观测、大气成分分析、气溶胶反演等）没有直接关系。,"['nuclear spin', 'GaAs quantum well', 'Overhauser field']",Mladen Kotur;Dennis Kudlacik;Nataliia E. Kopteva;Erik Kirstein;Dmitri R. Yakovlev;Kirill V. Kavokin;Manfred Bayer,Dynamic self-polarization of the nuclear spins in a GaAs quantum well,"We demonstrate the self-polarization regime of nuclear spins, originally predicted in 1972 by Dyakonov and Perel and achieved here by lattice temperature reduction into the millikelvin range. We first identify a gallium arsenide-based quantum well structure as highly suited by demonstrating a high nuclear spin polarization, corresponding to an Overhauser field of 3.1 tesla, using optical spin pumping at 1.6-kelvin lattice temperature. Here, adiabatic demagnetization leads to a nuclear spin temperature of 6.4 microkelvins, detected by time-resolved Kerr rotation. By measuring polarized photoluminescence and entering the lattice temperature regime below 500 millikelvins, a sharp zero-field feature in the Hanle electron spin depolarization curve evidences the dynamic nuclear self-polarization under unpolarized optical excitation. The self-polarization results in ultralow nuclear spin temperatures, which we estimate to become as low as 200 nanokelvins."
10.1126/sciadv.aed4187,False,Science Advances,该论文主要研究的是通过非对称C–H amination方法实现氢/氘同位素手性的光学解析，涉及的是分子化学和催化领域，与大气环境遥感技术（如空气质量监测、卫星观测、大气成分分析、气溶胶反演等）没有直接关联。,"['isotopic chirality', 'C–H functionalization', 'optical resolution']",Tatsuya Uchida;Yuta Nakagawa;Naoki Watari;Yuuya Kawasaki,Optical resolution of H/D isotopic chirality via asymmetric C–H amination,"Isotopic chirality arising from hydrogen/deuterium substitution has long resisted optical resolution because isotopic substitution introduces only minimal stereochemical differences, rendering such molecules structurally pseudo-achiral. Recognizing that the small yet distinct difference in C–H/C–D bond dissociation energies (BDEs) creates an energetic asymmetry, we envisioned that an enantioselective C–H functionalization exploiting this disparity could achieve the kinetic resolution of isotopically chiral molecules. Here, we report a catalytic method for the optical resolution of benzylic and allylic H/D isotopic chirality. This method achieved a remarkably high separation factor (S= 83.1), enabling the isolation of highly enantioenriched isotopically chiral substrates from racemic mixtures and revealing retention of stereochemical memory during radical recombination in asymmetric C–H functionalization."
10.1126/sciadv.aeh3246,False,Science Advances,该论文主要关注植物中文名称的Rubisco酶的工程化，利用机器学习进行定向进化以提高其催化效率，与大气环境遥感技术（如空气质量监测、卫星观测、大气成分分析、气溶胶反演等）无直接关系。,"['Rubisco', 'machine learning', 'directed evolution']",Julie L. McDonald;Jiacheng Lin;Yunlong Zhao;Brian L. Hie;Rosemary Birch;Mary Gehring;Bryan D. Bryson;Spencer M. Whitney;Matthew D. Shoulders;Robert H. Wilson,Machine learning–assisted directed evolution of plant Rubisco,"Ribulose-1,5-bisphosphate carboxylase/oxygenase (Rubisco) is foundational to life on Earth, catalyzing carbon dioxide (CO2) fixation to generate biomass. However, Rubisco is a slow and inefficient enzyme that has proven challenging to engineer. We applied the structure-informed machine learning (ML) model ESM-IF1 to identify plausible amino acid sites in the large subunit ofNicotiana tabacumRubisco to target for directed evolution. ML-assisted library design followed by selection in Rubisco-dependentEscherichia coliidentified multiple enriched variants displaying improved catalytic efficiency. Several improved variants carried amino acid changes not found in the evolutionary lineage of plants, despite being assembly competent in plant chloroplasts, demonstrating that ML-assisted protein design can explore functional sequence space beyond what is observed from natural sequence diversity. Most prominently, the T391I substitution improved carboxylation rate by 29% and aerobic carboxylation efficiency by 43%. Our findings illustrate the utility of ML-assisted evolution for engineering Rubisco with improved carboxylation efficiency and potential for enhancing crop productivity."
10.1126/sciadv.aed0935,False,Science Advances,该论文研究的是多巴胺释放与纹状体血氧合以及全脑动力学之间的关系，主要涉及神经科学和脑成像技术，与大气环境遥感技术（如空气质量监测、卫星观测、大气成分分析、气溶胶反演）没有直接关联。,"['fMRI', 'dopamine', 'BOLD']",Amir Lawen;Isabella K. Succi;Daniela Lichtman;Darcy S. Peterka;Ishmail J. Abdus-Saboor;Itamar Kahn,Dopamine release-associated striatal blood oxygenation and whole-brain dynamics during associative learning,"Dopaminergic signaling in the nucleus accumbens (NAc) is central to reward-based learning, but its relationship to brain-wide hemodynamics remains unclear. Using concurrent fMRI and dopamine photometry in awake, behaving mice, we reveal that associative learning induces a gradual temporal shift in NAc blood oxygenation responses that mirrors dopamine release dynamics. This shift emerges with cue-reward learning and extends across a distributed network encompassing the lateral septal complex, as well as prefrontal, insular, and hypothalamic regions. Further, dopamine transients tightly correspond with local blood oxygenation level dependent (BOLD) signals, and variations in reward value modulate delayed BOLD responses in both the NAc and additional subcortical structures. Regressing out the measured dopaminergic signal abolishes this reward-related modulation, suggesting that BOLD signals track dopaminergic reward prediction. These findings reveal a close relationship between dopamine signaling and widespread changes in brain activity during learning."
10.1126/sciadv.aej2622,False,Science Advances,该论文研究的是一种固态镁锌化合物在氢气和甲烷释放方面的应用，与大气环境遥感技术（如空气质量监测、卫星观测、大气成分分析、气溶胶反演）没有直接关系。,"['hydrogen-methane', 'organometallic compound', 'fuel gases']",Sheetal Kathayat Bisht;Poorna Gomathisankaran;Alex P. Andrews;Ajay Venugopal,A solid magnesium zincate for hydrogen-methane evolution,"Hydrogen-methane blends are gaining attention as transitional fuels, but their safe storage and controlled release remain a challenge. Advancing this approach necessitates the development of compounds and materials capable of solid-state storage of mixed fuel gases. Molecular precursors capable of delivering both gases from a single source are not known. In this context, we report a low–molecular weight magnesium hydridomethylzincate, Mg[(CH3)ZnH3], a crystalline, hydride-rich organometallic compound that does not rely on bulky supporting ligands. Under solvent-free, anaerobic conditions, it releases hydrogen and methane at temperatures as low as 80°C via reductive elimination, leaving behind elemental magnesium and zinc. The ability to liberate mixed fuel gases at relatively low temperatures underscores the potential of well-defined organometallic compounds as single-source precursors for these gases."
10.1126/sciadv.aei5963,False,Science Advances,该论文主要研究的是生物混合网格收集器在活体组织中的分布式能量收集技术，与大气环境遥感技术（如空气质量监测、卫星观测、大气成分分析、气溶胶反演等）无关。,"['biohybrid mesh', 'distributed energy harvesting', 'living tissues']",Siqi Wang;Xiaoyu Wang;Shuai Fu;Claire Senger;Jacob Pfund;Menka Jain;Reika Katsumata;Jun Yao,A biohybrid mesh harvester for distributed energy harvesting in living tissues,"Harnessing bio-origin resources for energy conversion offers a promising pathway toward energy sustainability matched to biosystems, addressing a fundamental limitation in powering bio-integrated electronics. However, existing approaches by integrating harvesters onto continuous substrates follow a “centralized” paradigm that differs markedly from the inherently distributed energy conversion found in living tissues, limiting both biocompatibility and scalability. We demonstrate a distributed harvesting strategy by integrating individual harvesting units within a mesh network that closely mimics the structural and mechanical properties of biological tissues. This architecture enables seamless embedding within in vitro cardiac tissue to form a bio-hybridization with cellular-scale intimacy across both device and substrate, transcending conventional approaches limited to a surface contact. This strategy achieves effective energy density more than an order of magnitude higher than that of existing approaches based on the centralized paradigm. While the concept is currently demonstrated in an in vitro cardiac system for converting biomechanical energy, the approach can provide a generalizable framework for integrating diverse energy-harvesting modalities and offers a pathway toward in vivo biohybrid systems."
10.1126/sciadv.aei8743,False,Science Advances,该论文研究的是一种用于小鼠大脑皮层成像的开源微型显微镜技术，与大气环境遥感技术（如空气质量监测、卫星观测、大气成分分析、气溶胶反演等）无关。,"['microlens array', 'fluorescence microscope', 'calcium imaging']",Mian Xie;Jingyi Ma;Baoyi Zhang;Jian Lu;Hongda Yin;Yuanpeng Jiang;Yuxi Zhao;Yongjun Qian;Zengcai V. Guo;Wenhao Liu;Qiang Fu;Changliang Guo;Liangyi Chen,MIMAS: An open-source microlens-array miniature microscope for accessible large-field cortical imaging in freely behaving mice,"Large-scale cortical dynamics during natural behavior are difficult to measure because head-mounted imaging systems must balance field of view, spatial resolution, weight, and optical complexity. Existing wide-field miniature microscopes often rely on compound or custom-corrected optical assemblies, which increase device complexity and limit accessibility for laboratories without specialized optics expertise. Here, we present the Miniature Integrated Microlens Array System (MIMAS), an open-source head-mounted fluorescence microscope that replaces conventional multi-element optics with a 4 × 5 microlens array as its sole imaging element. By combining modular subfield acquisition with computational registration and stitching, MIMAS achieves cellular-resolution imaging across an approximately 4 × 4.5 mm2field of view while weighing only 2.31 g. In freely behaving mice with sparse labeling of layer 2/3 cortical neurons, MIMAS enabled simultaneous calcium imaging across multiple dorsal cortical regions, with signals extracted from thousands of neurons. This broad sampling captured distributed cortical activity related to locomotor state and sparse position-modulated responses during open-field exploration without detectable disruption of locomotion or loss of signal quality over 30 min of recording. Beyond neuronal imaging, MIMAS also supported wide-field vascular imaging and resolved vessel caliber-dependent hemodynamic responses to isoflurane. These results establish MIMAS as a lightweight, accessible, and versatile platform for large-scale fluorescence imaging in freely behaving mice and demonstrate an alternative strategy for wide-field cortical imaging that lowers the optical complexity barrier for individual laboratories."
10.1126/sciadv.aeg8687,False,Science Advances,该论文主要研究视网膜神经元的能量代谢，特别是视杆细胞的代谢特征，与大气环境遥感技术（如空气质量监测、卫星观测、大气成分分析、气溶胶反演）没有直接关系。,[],Gabriele M. Wögenstein;Luca Ravotto;Vyara Todorova;Rachel M. Meister;Marijana Samardzija;L. Felipe Barros;Bruno Weber;Christian Grimm,Rod photoreceptors have a dual dependency on both aerobic glycolysis and OXPHOS and diverge metabolically from other retinal neurons,"The retina metabolizes glucose into lactate, a hallmark of aerobic glycolysis known as the Warburg effect. Although evidence points to rod photoreceptors as the primary source of aerobic glycolysis, a comparison of the energy metabolism in different retinal neurons has yet to be performed. We combined two-photon fluorescence lifetime imaging of biosensors with pharmacological protocols to analyze metabolic dynamics in healthy and diseased rod photoreceptors and RBPMS-positive ganglion and calretinin-positive amacrine cells. Our data reveal distinct metabolic profiles among retinal neurons, identify rods as the drivers of aerobic glycolysis, demonstrate that inner retinal neurons rely on oxidative phosphorylation, show that rods need both glycolysis and oxidative phosphorylation to maintain ATP levels, and suggest that rods can metabolize lactate. A mutation causing retinitis pigmentosa increases lactate production in rods but changes the energy metabolism only subtly otherwise. Our results improve the understanding of retinal physiology and are relevant for pathologies involving imbalanced energy metabolism."
10.1126/sciadv.aeg3842,False,Science Advances,该论文主要研究近红外光激发（NIR excitation）在光催化（photocatalysis）和抗肿瘤免疫（antitumor immunity）方面的应用，与大气环境遥感技术（如空气质量监测、卫星观测、大气成分分析、气溶胶反演等）关系不大。,"['NIR excitation', 'photocatalysis', 'antitumor immunity']",Yishen Liu;Shuo Wang;Wenbo Hu;Haotian Guo;Zafar Mahmood;Yuqin Liao;Yanna Pan;Xiaofen Wang;Wumei Wang;Zhiyun Zhang;Mingxuan Jia;Haolin Zhang;Xiaodong Zeng;Huaiyi Huang;Xinyuan Fan;Xuechuan Hong;Zhijun Sun;Yuling Xiao,Packing-accelerated consecutive NIR excitation (PACE) enables high energy photocatalysis and antitumor immunity in vivo,"Near-infrared (NIR) photocatalysis promises deep-tissue compatibilities but remains fundamentally constrained by two bottlenecks: insufficient photon energy and rapid charge recombination. Here, we report packing-accelerated consecutive excitation (PACE), a mechanism enabling low energy near-infrared (NIR) photons to drive high energy single electron transfer (SET) reactions. We design a self-assembling ruthenium complex,Ru-3, that forms densely packed nanoaggregates exhibiting aggregation-stabilized excited states, a pronounced excited state absorption band at ∼1315 nm, and nanosecond scale triplet lifetimes. Under dual NIR-I/IIa irradiation (808 nm/1310 nm),Ru-3nanoparticles exhibit photophysical behavior consistent with consecutive photon harvesting and access to a higher-energy reactive state that supports efficient SET catalysis under aqueous conditions. This PACE-driven reactivity enables robust oxidation of mitochondrial NADH to NAD+, disrupting electron-transport homeostasis, inducing cGAS-STING dependent pyroptosis, and reprogramming tumor-associated macrophages toward an M1 phenotype. In multiple murine tumor models, PACE-mediated photocatalysis elicits strong antitumor immunity and leads to tumor regression with minimal systemic toxicity. This work establishes PACE as a new photochemical paradigm that overcomes the intrinsic energy and charge-separation limits of NIR photoredox chemistry, opening a route toward high-energy photocatalysis in complex biological environments."
10.1126/sciadv.aeg4558,True,Science Advances,该论文研究的是用于环境监测的有机红外光电探测器，特别是短波红外（SWIR）波段的技术，这与大气环境遥感技术（如空气质量监测、卫星观测、大气成分分析、气溶胶检索）密切相关。,"['organic infrared photodetectors', 'SWIR', 'environmental monitoring']",Yifei Geng;Tengfei Li;Zhenzhen Zhang;Huiqing Hou;Yuze Lin,Solution-processed organic infrared photodetectors operating beyond 1.4 μm for sensitive environmental monitoring,"Photon energies in the short-wave infrared (SWIR) beyond 1.4 μm enable access to vibrational-overtone signatures of O–H, C–H, and N–H bonds in pollutants and waste materials, offering an imaging-based nondestructive approach for environmental monitoring. However, current SWIR imaging technologies rely on costly epitaxial semiconductors incompatible with monolithic integration, limiting consumer-grade deployment. Here we report a cost-effective organic SWIR imager with response beyond 1.4 μm, integrating high-detectivity organic photodetectors (OPDs) with amorphous silicon thin-film transistors via solution processing. The developed highly-ordered SWIR organic semiconductors with (halogenated) thiophene-fused quinoid terminals exhibit ultra-narrow optical bandgaps of 0.68–0.94 eV and Urbach energies down to 23 meV. The SWIR OPDs achieve spectral response from 0.3 μm to 1.5–1.7 μm with responsivities up to ∼0.1 A W−1and specific detectivities of 2.03–4.60 × 1010Jones at 1.4 μm. The active-matrix SWIR imagers achieve accurate oil-leak monitoring in simulated seawater (R2= 0.993–0.997) and reliable waste-textile classification (silhouette score = 0.824), demonstrating their capabilities in environmental monitoring."
10.1126/sciadv.aef9622,True,Science Advances,该论文研究城市反应性碳排放的季节性变化，涉及挥发性有机化合物（VOCs）的监测和分析，这与大气环境遥感技术中的空气质量监测和排放源分析密切相关。,"['VOCs', 'urban air quality', 'eddy covariance', 'temperature-dependent emissions']",Michael P. Vermeuel;Dylan B. Millet;Róisín Commane;Timothy J. Griffis;Trey A. Maddaleno;Emily B. Franklin;Katelyn L. Richard;Rose K. Rossell;Jeff Peischl;Delphine K. Farmer,Surface temperatures drive strong seasonality in urban reactive carbon emissions,"Urban air quality is affected by diverse volatile organic compounds (VOCs), and prior studies reveal a need to understand their seasonal sources. We combine high-resolution mass spectrometry with eddy covariance to quantify VOC fluxes from an urban/suburban New York site during summer and winter. Emissions are strongly seasonal: During summer, twice as many VOCs undergo surface-atmosphere exchange, and molar and reactivity-based fluxes are 2 to 4× higher than in winter. Temperature-dependent emissions from volatile chemical products (VCPs), vegetation, and residences dominate during summer. Ethanol alone accounts for ∼25% of the total flux. During winter, temperature-dependent emissions are reduced and traffic sources dominate. An updated inventory agrees with summer observations within 40% but overestimates winter fluxes by >2.5×. The winter discrepancy reflects overestimated VCP/cooking emissions and missing temperature-dependent volatilization. Results highlight the need to account for seasonal and temperature-dependent urban emissions to support pollution and mitigation assessment in the context of global change."
10.1126/sciadv.aem0495,False,Science Advances,该论文研究的是一种受海星启发的软体游泳机器人，其重点是多模式三维机动性和机械智能体设计，与大气环境遥感技术（如空气质量监测、卫星观测、大气成分分析、气溶胶反演等）无关。,"['feather star', 'soft swimming robot', 'multimodal maneuverability']",Parker McDonnell and Nicole W. Xu,"Plenty of fish in the sea, but only one multimodal feather star robot",A feather star–inspired soft swimming robot achieves multimodal 3D maneuverability with minimal actuation using a mechanically intelligent body design.
