doi,is_relevant,journal,explanation,topic_words,authors,title,abstract
10.1088/1748-9326/ae9c57,True,Environmental Research Letters,该论文研究内部气候变率对气候极端指数估算的影响，涉及气候极端事件的分析，这与大气环境遥感技术中的气候成分分析和极端事件监测密切相关。,"['climate extremes', 'internal climate variability', 'atmospheric variability']",Lukas Brunner;Vidur Mithal;Leonard F Borchert;Jana Sillmann;Benjamin Poschlod,The variability atlas: how internal climate variability affects the estimation of climate extreme indices,"Robustly quantifying climate extremes is crucial for understanding their occurrence, reliable impact assessments, and efficient adaptation planning. To allow objective and comparable assessments of various climate extremes across regions, time periods, and datasets, standardized indices like those from the Expert Team on Climate Change Detection and Indices (ETCCDI) have been developed. These indices are routinely used for climate impact assessment. However, the occurrence of extremes depends not only on the climate state but also on the manifestation of internal climate variability, which is often not explicitly considered in such impact assessments. Here, we complement existing work on climate extremes by isolating the effect of internal climate variability on the estimation of extremes and raise awareness of potential implications for the community. We use a 50-member ensemble from the MPI-ESM global climate model to comprehensively map the effect of internal variability on various climate extremes as captured by the temperature- and precipitation-based ETCCDI indices in the period 1995–2014. We investigate the extent to which the assessment of extremes is affected by internal variability and discuss implications for users. These implications depend on many case-specific priorities, including the indices used, the region considered, and the focus on expected state versus worst-case scenario or single observed manifestation. To provide practical guidance, we introduce the Variability Atlas, an interactive online interface that allows for the investigation of the effect of internal variability for flexible user-defined cases and without coding experience."
10.1088/1748-9326/aea177,False,Environmental Research Letters,该论文主要研究污水处理厂对碳酸盐化学的影响以及其对海洋碱度增强的潜在意义，虽然涉及大气化学和碳循环，但并未直接涉及大气环境遥感技术，如空气质量监测、卫星观测、大气成分分析或气溶胶反演等。,"['wastewater treatment', 'carbonate chemistry', 'ocean alkalinity']",Kuan-Ting Li;Hsin-Yi Wang;Hsiao-Chun Tseng;Tzong-Yueh Chen;Ruei-Feng Shiu;Lan-Feng Fan;Wen-Chen Chou,Wastewater treatment-induced carbonate chemistry alteration and its implications for ocean alkalinity enhancement,"Municipal wastewater treatment plants (WWTPs) are important components of urban carbon cycling and have been proposed as potential platforms for ocean alkalinity enhancement (OAE). However, carbonate-system transformations across full-scale treatment processes remain poorly constrained. Here, we present a process-resolved snapshot of total alkalinity (TA), dissolved inorganic carbon (DIC), pH, pCO2, dissolved CH4, and dissolved N2O across five sequential treatment units at a full-scale coastal WWTP in Taiwan. From the influent channel to the chlorination unit, TA and DIC decreased by 94.5% and 84.0%, respectively, accompanied by acidification and persistent CO2 supersaturation. These patterns were consistent with alkalinity consumption during nitrification and DIC transformation associated with aeration and other internal treatment processes. Dissolved CH4 declined markedly following aeration, whereas N2O reached its maximum concentration in the aeration basin and remained elevated in the final effluent. CO2 exchange estimates obtained using conventional wind-based and limited-fetch parameterizations differed substantially from apparent DIC balances between consecutive treatment stages. This divergence highlights the strong methodological uncertainty associated with estimating CO2 exchange in confined and mechanically aerated treatment units. Accordingly, the results are interpreted primarily in terms of observed concentration changes and carbonate-system transformations rather than as definitive emission estimates. The marked chemical differences among treatment stages provide empirical constraints for evaluating where and how alkalinity addition might interact with wastewater treatment processes. Repeated observations, direct gas-flux measurements, and alkalinity mass balances will be required to determine the net carbon-removal potential of wastewater-based OAE."
10.1088/1748-9326/aea2b0,True,Environmental Research Letters,该论文研究了大气厚度与极寒事件之间的关系，涉及大尺度大气环流和区域气候现象，与大气环境遥感技术中的大气成分分析和气候变化监测密切相关。,"['atmospheric thickness', 'circum-hemisphere teleconnection', 'extreme cold events']",Ning Wang;Jianping Li;Hao Wang;Hao Li;Zixiang Wu;Houlin Xiong,Atmospheric thickness links circum-hemisphere teleconnection to extreme cold events in boreal winter,"Extreme cold events (ECEs) impose societal risks, yet the local process linking large-scale teleconnections to regional ECEs is unclear. Here we systematically evaluate local atmospheric factors to identify the factor most strongly associated with the linkage between the boreal winter circum-hemisphere teleconnection and regional ECEs. Using a five-part statistical framework, we compare 1000–500 hPa thickness (ΔZ) with 13 other factors. ΔZ exhibits the strongest and most robust statistical association with ECEs among the factors examined: removing ΔZ produces the largest change in the ECE-related cold-tail distribution, P (ECEs | extreme ΔZ) is the highest among all factors, and the ΔZ–ECE relationship remains robust across multiple statistical analyses. The perturbation hypsometric law and complementary dynamical diagnostics provide a physical interpretation of this statistical relationship. Together, these results suggest that atmospheric thickness provides a physically interpretable local bridge from large-scale teleconnection signals to ECEs."
10.1088/1748-9326/aea34d,False,Environmental Research Letters,该论文主要关注气候变化、公平分配和合作机制，未涉及大气环境遥感技术、空气质量监测、卫星观测或大气成分分析等相关内容。,[],Setu Pelz;Oliver Fricko;Keywan Riahi;Shonali Pachauri;Elina Brutschin;Joeri Rogelj;Volker Krey;Injy Johnstone;Adriano Vinca;Carl-Friedrich Schleussner;Jarmo Kikstra;Matthew J Gidden,Equitable cooperation deepens the solution space for high ambition pathways,"Integrated assessment model scenarios informing global climate ambition typically treat fairness and cooperation as external to the modelling process, reinforcing a perceived tension between fair effort-sharing and the urgent collective action needed to minimise exceedance of 1.5 °C. Here we introduce a generalisable framework that embeds principle-based fair-share considerations directly into the scenario generation process. This framework produces scenario variants that reconfigure transition pathways while preserving global peak and end of century climate outcomes. We explore this space across allocation approaches, transfer limits, and cooperation mechanisms, and propose a new lowest-feasible transfer scenario variant to bound it. We examine the integrated system shifts this new variant implies, and contrast it with the common exploration of fairness through ex-post assessments and unlimited financial transfers. We observe that the renewables deployment and electrification trajectories remain largely unchanged across all fair-share variants, while restricting transfers to lowest-feasible volumes accelerates global fossil decline. This effect prevails even when interregional cooperation is focussed on financing carbon dioxide removal with geological storage, where higher-responsibility regions’ fair-share obligations remain met primarily through domestic gross emissions reductions. Against a globally cost-effective 2 °C (>67%) scenario that reduces discounted consumption by approximately 0.8% relative to the no-new-policy reference scenario, integrating fair-share considerations raises this to at most 1.3% when transfers are restricted to lowest-feasible volumes. Notably, this aggregate is distributionally progressive, where lower-responsibility regions gain relative to the cost-effective source scenario. This deepened solution space persists even under a stringent 1.5 °C goal, though with differentiation increasingly settled through finance, and reveals dynamics that emerge only when scenario generation itself accounts for differentiated responsibilities and capabilities. Ultimately, we find that a ‘gross emissions reductions first’ strategy among higher-responsibility regions generates system-wide benefits, releasing pressure on lower-responsibility regions to collectively meet climate goals."
10.5194/acp-26-13157-2026,True,Atmospheric Chemistry and Physics,该研究使用卫星观测和大气再分析数据，分析了亚洲季风区中尺度对流系统（MCS）的降水效率，这与大气环境遥感技术密切相关，特别是卫星观测和大气成分分析。,"['satellite observations', 'atmospheric reanalysis', 'mesoscale convective systems', 'precipitation efficiency', 'Asian Monsoon Region']",Thabo Makgoale;Sylvia Sullivan;Julia Kukulies,An observational perspective on precipitation efficiency of mesoscale convective systems over the  Asian Monsoon Region,"Mesoscale convective systems (MCSs) produce a major portion of tropical rainfall. but how efficiently cloud water becomes rain remains uncertain. Using satellite observations and atmospheric reanalysis, we analyzed thousands of MCSs over the Asian monsoon region. We find that these organized systems produce rain more efficiently than non-MCS, particularly when clouds grow larger and deeper and during early stages of system development. 
 This study investigates the precipitation efficiency (ε) of tropical mesoscale convective systems (MCSs) using satellite-based precipitation rates (P˙) and reanalysis cloud, ice, and liquid water paths (CWP, IWP, LWP). We define ε as the ratio of P˙ to CWP, following Li et al. (2022), and phase-partition it using IWP and LWP. We calculate these metrics for a total of 1321 MCSs tracked by the Python FLEXible Object TRacKeR (PyFLEXTRKR) algorithm and focus on southern Asia during monsoon season, given its frequent MCS occurrence. We first look at spatial distributions, analyzing longitudinal and latitudinal trends in MCS versus non-MCS ε. MCS ε values are 50 % higher than ε from non-MCS convection on average and increase from north to sorth and from west to east along monsoonal moisture gradients. Decompositions of ε across different regions of the MCSs indicate that the highest ε consistently occurs within the core, followed by the cold and then warm anvils. Scaling ε by MCS area shows that all ε metrics increase with area up to an MCS effective diameter of 160 km. This trend is consistent with enhanced ice growth associated with deeper clouds and stronger convective organization in larger MCSs, before ε decreases again in the largest systems where cloud ice growth has reached its maximum. In contrast, all ε metrics increase monotonically with MCS depth, indicating that deeper systems convert cloud condensate into surface precipitation more efficiently without the non-monotonicity observed in the ε-area scalings. Finally, ε increases rapidly during the first ∼ 20 % of the MCS lifecycle and decreases more gradually during the remaining decay phase – consistent with our scalings and reflecting enhanced efficiency during periods of system growth, expansion, and deepening."
10.5194/acp-26-13175-2026,True,Atmospheric Chemistry and Physics,该论文研究了东亚边缘海上的有机氮和光吸收现象，涉及大气污染物（如人为二次污染物和粉尘）对海洋有机气溶胶的影响，这与大气环境遥感技术（如空气质量监测和大气成分分析）密切相关。,"['organic nitrogen', 'marine aerosols', 'light absorption', 'anthropogenic pollutants', 'dust']",Chao Yu;Lin Zheng;Yujue Wang;Meijing Guo;Xu Yu;Yuqi Guo;Sisi Song;Kyoung-Soon Jang;Xiaohong Yao;Jian Zhen Yu;Huiwang Gao,Continental pollutants modulate organic nitrogen and light absorption of marine organic aerosols over East Asian marginal seas,"Atmospheric organic nitrogen is an important fraction in marine aerosols, and plays vital roles in organic aerosol absorption and maintaining primary productivity in the open ocean. However, abundance or sources of aerosol organic nitrogen remain unclear in the marine boundary layer. Here, we found that anthropogenic secondary pollutants and dust drove the organic nitrogen formation and the light absorption by organic aerosols over East Asian marginal seas. 
 Organic nitrogen (ON) in marine aerosols is not only an important fraction of atmospheric nitrogen deposition but also a vital contributor to light-absorbing organic aerosols. However, observational evidence is lacking on the driving factors of ON formation or its role in organic aerosol absorption, especially in marine atmosphere. Here, shipboard observations were conducted in spring, summer, and autumn over the Yellow Sea and Bohai Sea (YBS) to understand the spatiotemporal distributions and sources of aerosol ON over East Asian marginal seas. Aerosol ON was 0.35 ± 0.25 µg N m−3, accounting for 4 %–60 % of total nitrogen across seasons. Concentrations of ON were the highest in autumn due to severe impacts of anthropogenic pollutants, followed by those in spring and summer. Anthropogenic secondary pollutants (aged biomass burning and secondary nitrate formation) contributed 36 %–76 % of ON, 46 %–83 % of water-soluble ON, and 39 %–89 % of water-insoluble ON. In spring, 55 % of ON, 45 % of water-soluble ON, and 54 % of water-insoluble ON were attributed to dust, and its contribution increased to > 80 % during a dust episode. In summer, marine sources associated with biological activity were important for aerosol ON formation. Nitrogen-containing organic compounds played vital roles in regulating light absorption by organic aerosols over the YBS. Elevated organic aerosol absorption was attributed not only to higher ON concentrations but also to increased absorption capability at higher ON / OC ratios. Our results highlight that transported continental ON drove the light absorption by marine organic aerosols over marginal seas."
10.5194/amt-19-5951-2026,True,Atmospheric Measurement Techniques,该研究使用多普勒风激光雷达技术，研究近地面气流（低空急流）对中国东部合肥地区沙尘垂直分布的影响。研究内容涉及气溶胶（沙尘）的遥感监测和大气成分分析，与大气环境遥感技术密切相关。,"['Doppler wind lidar', 'low-level jet', 'aerosol redistribution', 'PM10', 'atmospheric composition']",Tianle Bai;Yuanyi Lin;Mengya Wang;Tianwen Wei;Fangzhi Wei;Kuancheng Lv;Haiyun Xia,Role of low-level jet evolution in vertical aerosol redistribution: a Doppler wind lidar study over East China,"This study investigates how fast-moving air currents close to the ground influence the vertical transport of dust over Hefei in eastern China. Using laser-based wind observations during two dust events, it shows that one event rapidly brings dust down to the surface, whereas the other keeps dust suspended at higher altitudes and delays surface pollution. These findings improve understanding of how dust is redistributed in the lower atmosphere and help improve weather and air-quality forecasts. 
 Low-level jets (LLJs) play an important role in aerosol transport and boundary-layer processes. This study utilizes coherent Doppler wind lidar observations to investigate the relationship between LLJ evolution and vertical aerosol redistribution during two dust episodes over Hefei, East China. Results show that changes in LLJ core height are associated with distinct aerosol distribution patterns during the two dust events. In the April 2021 event, the northwesterly jet core exhibits a dynamic vertical migration, descending from 2.5  to 0.3 km before reascending to 1.0 km during the surface PM10 peak (410 µg m−3). The descending jet is accompanied by enhanced vertical wind shear (>0.04 s−1) near the lower jet interface and increased spectral width, together with a downward shift in the enhanced backscatter region. These changes coincide with the rapid increase in surface PM10 concentration, suggesting that enhanced dynamical variability and mixing conditions may have contributed to the downward redistribution of dust. Conversely, the March 2022 event is characterized by a relatively stable LLJ core and persistent lower tropospheric stability, which is associated with the persistence of aerosols within an elevated layer. Persistent wind shear and enhanced spectral width below the LLJ core coincided with the enhanced backscatter region. The PM10 peak occurred at 16:00 LT (UTC+8 h) on 14 March 2022, approximately 8 h after the inferred onset of frontal influence, coinciding with weakening lower tropospheric stability and changes in the backscatter structure above the site. Wind hodographs show a clockwise rotation of wind vectors that is qualitatively consistent with a possible contribution from inertial oscillation during LLJ evolution. Overall, the observations suggest two contrasting aerosol redistribution processes associated with LLJ evolution: rapid downward redistribution during jet descent and delayed surface influence when aerosols remain elevated under stable conditions. The results provide an observational basis for refining boundary-layer parameterizations in numerical weather prediction and air quality models."
10.5194/essd-2026-606,True,Earth System Science Data Discussions,该论文研究的是利用 Fengyun-4B 卫星的 Geostationary High-speed Imager 对西太平洋和南海的 15 个热带气旋进行的高时空分辨率大气运动矢量数据集。这与大气环境遥感技术密切相关，特别是卫星观测和大气成分分析，因为论文使用了卫星观测技术来获取热带气旋的详细风场数据，这些数据对于空气质量监测和大气动力学研究具有重要意义。,"['Fengyun-4B', 'Geostationary High-speed Imager', 'atmospheric motion vector', 'tropical cyclones']",Pan Xia;Min Min;Jun Li;Na Xu;Di Di;Yan-An Liu;Gang Wang;Zijing Liu;Yongqiang Chen,A high spatiotemporal resolution atmospheric motion vector dataset from Fengyun-4B Geostationary High-speed Imager observations for 15 tropical cyclones over the western North Pacific and South China Sea (2022–2025),"This study presents a validated FY-4B minute-scale mesoscale AMV dataset for 15 tropical cyclones (2022–2025), offering 3-km VIS and 24-km IRX vectors at 1/2/6/7 min intervals. It provides unprecedented observations of inner-core, rainband, and outflow structures. Evaluated against radiosondes and ERA5, VIS biases are 2.34 and 1.62 m/s, and IRX biases are 2.21 and 0.31 m/s, respectively. The dataset supports detailed monitoring of TC structural evolution and short-term intensity change. 
 High spatiotemporal resolution wind observations are essential for resolving the rapidly evolving inner-core circulation, spiral rainbands, upper-level outflow, and asymmetric structural changes of tropical cyclones (TCs), yet these features remain inadequately sampled by conventional observing systems and operational atmospheric motion vector (AMV) products. This study presents a consistently processed and systematically evaluated minute-scale temporal and mesoscale spatial atmospheric motion vector (MAMV) dataset derived from the Geostationary High-speed Imager (GHI) onboard Fengyun-4B (FY-4B) for 15 TCs over the western North Pacific and the South China Sea (SCS) during 2022–2025. The dataset includes daytime visible-band (VIS) MAMVs with a nominal vector spacing of 3 km and day-and-night infrared-band (IRX) MAMVs with a nominal spacing of 24 km. Four stable products are generated at the 1, 2, 6, and 7 min marks of each recurring 10 min observation cycle. The dataset represents the highest combined spatial and temporal resolution currently available for a multi-case geostationary satellite TC wind-field dataset, providing detailed observations of inner-core flow, spiral-rainband circulation, convective-cloud boundaries, peripheral winds, and upper-tropospheric outflow that are difficult to obtain from radiosondes, conventional AMVs, or hourly reanalysis fields. Quality-screened vectors were evaluated against radiosonde observations and ERA5 reanalysis winds. The mean speed bias, mean vector difference, and standard deviation of vector differences were 2.34, 4.05, and 1.77 m s⁻¹ for VIS, 2.21, 4.74, and 2.17 m s⁻¹ for IRX when using radiosondes as reference, they are 1.62, 5.57, and 4.63 m s⁻¹ for VIS, 0.31, 5.95, and 3.66 m s⁻¹ for IRX when using ERA5 as reference. The dataset provides a new observational basis for continuously monitoring the multiscale evolution of tropical cyclones, including changes in inner-core circulation, spiral rainbands, asymmetric wind structures, peripheral flow, and upper-tropospheric outflow, thereby supporting improved analysis of TC development, structural change, and short-term intensity evolution. The FY-4B/GHI IRX MAMV dataset for 2022–2025 is available at doi:10.5281/zenodo.22790846; The FY-4B/GHI VIS datasets are available at doi:10.5281/zenodo.22791421 for 2022–2023, doi:10.5281/zenodo.22791444 for 2024, and doi:10.5281/zenodo.22791469 for 2025 (Xia et al., 2026a, b, c, d)."
10.5194/essd-2026-697,False,Earth System Science Data Discussions,该论文研究的是从始新世有孔虫的Mg/Ca比例记录中重建海洋温度，虽然涉及地球气候系统和环境参数，但主要关注的是古气候重建和海洋温度变化，而非大气环境遥感技术，如空气质量监测、卫星观测或大气成分分析。,"['Mg/Ca', 'foraminifera', 'ocean temperatures', 'paleoclimate', 'seawater chemistry']",Sindia M. Sosdian;Karlos G. D. Kochhann;Anya V. Hess;Clara Bolton;Anna Joy Drury;Emily J. Judd;Wolfgang Kuhnt;Caroline H. Lear;Paul Minton;Alexandra Auderset;Sevasti Modestou;Ann Holbourn,MioMG: Reconstructing robust ocean temperatures from Miocene foraminiferal Mg/Ca records,"From 23.0 and 5.3 Million years ago (Miocene epoch), atmospheric carbon dioxide levels were similar to those projected for the future. To assess their impact on global climate, it is crucial to robustly reconst ocean temperatures using proxies, such as the magnesium-to-calcium (Mg/Ca) ratio in microfossils called foraminifera. Here we reevaluate global Miocene foraminiferal Mg/Ca records, and use revised calibrations to recalculate, assessing uncertainties, upper and deep ocean temperatures. 
 Paleoclimate records from the Miocene epoch (~5.3 to ~23.0 Million years ago) present an opportunity to assess the Earth’s climate system under a warmer-than-modern mean state, when atmospheric CO2 levels were within the range of those projected for the next century under intermediate climate change scenarios. Ocean temperature is a key climate system parameter because latitudinal temperature gradients provide critical information on the climate system and potential carbon cycle feedbacks in the geological past. Over the last several decades, magnesium-to-calcium (Mg/Ca) ratios in both planktic and benthic foraminiferal shells have been applied as a temperature proxy providing insight into spatial and temporal change in upper ocean and bottom water temperature across the Miocene. However, Miocene climate models struggle to reconstruct the reduced latitudinal temperature gradient inferred from available proxy records, including those based on Mg/Ca. Further, recent advances in planktic and benthic foraminiferal Mg/Ca-temperature paleothermometry show that non-thermal factors and seawater chemistry need to be considered when converting Mg/Ca to temperature. Here, we present the MioMG temperature compilation, led by the Mg/Ca working group within the international MioOcean community effort. Fifty-two Miocene foraminiferal Mg/Ca records from both planktic and benthic foraminifera were reevaluated and temperatures were recalculated to provide robust, consistent temperature estimates including uncertainties. Conversion of planktic and benthic Mg/Ca to temperature requires consideration of carbonate chemistry sensitivity for individual species, sensitivity of foraminiferal Mg/Ca to the Mg/Ca seawater composition (Mg/Casw), and appropriate calibration. We compiled records of the seawater Mg/Ca composition (Mg/Casw), based on a diverse set of proxies, and present this record for use in future application of Mg/Ca-derived Miocene temperature reconstructions. Miocene Mg/Ca records are derived from extant and extinct foraminiferal species. Further, preservation information is essential to determine the quality of reconstructions. Our recalculated upper ocean temperature (UOT) estimates showcase warm Middle Miocene temperatures and a cooling trend towards the Late Miocene. Revised bottom water temperature (BWT) estimates also depict warm Middle Miocene values followed by a cooling trend, which is consistent among sites located at different paleodepths. Overall, absolute temperature estimates are higher than previously published estimates due to application of corrections based on the updated MioOcean Mg/Casw curve. The MioMG compilation is presented on an interactive Streamlit-based web platform allowing for exploration of the data for specialists and non-specialists to aid in application of dataset for Miocene researchers. The dataset is publicly available at Zenodo (https://doi.org/10.5281/zenodo.22258386, Sosdian et al. 2026)."
10.5194/essd-2026-725,True,Earth System Science Data Discussions,该论文与研究长期多尺度临界区数据集密切相关，其中涉及环境监测和开放实验室，以及天气变量、地表水和地下水等观测，这些内容与大气环境遥感技术中的空气质量监测、卫星观测和大气成分分析等方向有关联。,"['environmental monitoring', 'water resources', 'Critical Zone']",Nunzio Romano;Harry Vereecken;Heye R. Bogena;Giorgio Cassiani;Matteo Censini;Giovanna Armiento;Marco Proposito;Lorenzo De Silvestri;Eyal Ben Dor;Nicolas Francos;Christian Massari;János Mészáros;Tünde Takáts;Caterina Mazzitelli;Benedetto Sica;Ugo Lazzaro;Paolo Nasta,A long-term multiscale Critical Zone dataset integrating environmental monitoring and an open-air laboratory: The Alento River Catchment Observatory,"Understanding how climate and land-use change affect water resources requires observations that connect processes from soils and vegetation to groundwater and streams. The Alento dataset is presented that integrates environmental monitoring with targeted field observations across multiple Critical Zone components and scales. The dataset offers a distinctive resource for studying water storage and movement, evaluating environmental models, and improving understanding of water-limited regions. 
 This paper presents an open-access dataset from the Alento River Catchment (ARC) in southern Italy, a strategic Mediterranean Critical Zone observatory integrating long-term environmental monitoring with an open-air laboratory. Long-term observations of weather variables, streamflow, reservoir water level, groundwater depth, soil water content, and soil matric potential are complemented by targeted field campaigns involving hydrogeophysical surveys, stable water isotope analyses, soil physical and hydraulic measurements, spectral measurements, and high-resolution UAV-based mapping. The principal value of the ARC dataset lies in the coordinated integration of continuous and campaign-based observations across multiple spatial and temporal scales and Critical Zone compartments, providing a basis for linking localized soil and subsurface processes with field- and catchment-scale hydrological responses. Since 2016, the ARC has been a component of the European TERrestrial Environmental Observatories (TERENO) network. The dataset includes both directly measured and derived products, with documented processing procedures, quality-control information, calibration results, and missing-data records. The principal value of the ARC dataset lies in the coordinated integration of continuous and campaign-based observations across multiple spatial and temporal scales and Critical Zone compartments. The combined observations can support the development, calibration, evaluation, and intercomparison of process-based hydrological and Critical Zone models, the evaluation of Earth Observation products, and the investigation of scale-dependent relationships among point-, field-, hillslope-, and catchment-scale observations. The complete dataset is openly accessible through Figshare under a CC BY 4.0 license. (Romano et al., 2026; https://doi.org/10.6084/m9.figshare.31229608)."
10.5194/gmd-19-8693-2026,True,Geoscientific Model Development,该论文与大气环境遥感技术密切相关，因为它涉及云反馈模型比较项目（CFMIP），这是一个评估和理解云及其对大气环流、降水和气候敏感性影响的项目。此外，论文提到了CMIP7评估快速跟踪实验，这些实验包括过程和卫星模拟器输出，这些都是与卫星观测和大气成分分析相关的关键技术。,"['Cloud Feedback Model Intercomparison Project', 'CMIP7', 'clouds', 'atmospheric circulation', 'satellite simulator output']",Paulo Ceppi;Alejandro Bodas-Salcedo;Mark D. Zelinka;Timothy Andrews;Florent Brient;Robin Chadwick;An-Zhuo Dai;Jonathan M. Gregory;Yen-Ting Hwang;Sarah M. Kang;Jennifer E. Kay;Thorsten Mauritsen;Tomoo Ogura;George Tselioudis;Masahiro Watanabe;Mark J. Webb;Allison A. Wing,The Cloud Feedback Model Intercomparison Project (CFMIP) contribution to CMIP7,"Clouds constitute a key uncertainty for climate change projections. The Cloud Feedback Model Intercomparison Project (CFMIP) aims to address this challenge by evaluating and understanding clouds and their impacts on atmospheric circulation, precipitation, and climate sensitivity. The present paper describes the CFMIP experiment protocol for the Coupled Model Intercomparison Project phase 7 (CMIP7), and discusses the accompanying science questions and opportunities for progress. 
 Cloud processes constitute one of the key uncertainties for climate change projections. The fourth iteration of the Cloud Feedback Model Intercomparison Project, CFMIP4, contributes to the Coupled Model Intercomparison Project phase 7 (CMIP7), by providing a set of global climate model experiments aiming to enhance our understanding of clouds, circulation and climate sensitivity, thereby informing improved projections of future climate change. CFMIP4 targets four knowledge gaps: (1) Physical mechanisms of cloud feedback and adjustment; (2) Dependence of cloud feedback and adjustment on climate base state and on the nature of the forcing; (3) Coupled mechanisms of the sea-surface temperature “pattern effect”; and (4) Coupling of clouds with circulation and precipitation. CFMIP4 contributes four CMIP7 Assessment Fast Track experiments that are central to the quantification of climate feedback and sensitivity in past, present and future climates, essential for process understanding and model evaluation. Furthermore, CFMIP4 supports the joint analysis of models and observations through a data request that includes process and satellite simulator output."
10.5194/gmd-19-8755-2026,False,Geoscientific Model Development,该论文主要关注的是利用深度学习算法进行矿产资源潜力制图中的不确定性量化，虽然涉及深度学习和不确定性评估，但与大气环境遥感技术（如空气质量监测、卫星观测、大气成分分析、气溶胶反演等）没有直接关系。,"['deep learning', 'mineral prospectivity mapping', 'uncertainty quantification']",Ziye Wang;Renguang Zuo,Uncertainty quantification of deep learning algorithms for mineral prospectivity mapping,"This study proposes a comprehensive uncertainty quantification framework that jointly evaluates data, model, and prediction uncertainties in deep learning-based mineral prospectivity mapping. By modelling and visualizing both data and model uncertainties, the framework transforms deep learning-based mineral prospectivity mapping from deterministic prediction to probabilistic decision-making, thereby enabling more reliable and trustworthy mineral exploration. 
 Deep learning algorithms have significantly advanced mineral prospectivity mapping (MPM) by facilitating automated feature extraction and capturing nonlinear relationships among multi-source geological datasets. However, deep learning algorithms for MPM frequently neglect the intrinsic uncertainties arising from incomplete geological knowledge, limited sampling, and model variability, leading to overconfident and potentially unreliable predictions. To address this limitation, this study proposes a comprehensive uncertainty quantification framework that jointly evaluates the input data, model, and predictive uncertainties in deep learning-based MPM. Data uncertainty, originating from limited spatial resolution of geochemical/geophysical features and subjective interpretations of geological information, is characterized through stochastic simulation of evidential layers. Model uncertainty, arising from variability in network architecture and parameters estimation, is captured through a joint Bayesian convolutional neural network (CNN) and Monte Carlo Dropout. Predictive uncertainty, representing the overall uncertainty of predictions, is quantified by integrating the contributions of both data and model uncertainties. The proposed framework is demonstrated through a case study of gold prospectivity mapping in western Henan Province of China. These uncertainties are quantified using statistical measures including mean, variance, and entropy. The obtained results indicate that areas exhibiting high prospectivity and low uncertainty represent robust exploration targets, whereas those with high uncertainty highlight regions requiring improved metallogenic interpretation or model refinement. Furthermore, uncertainty contribution analysis reveals that data uncertainty contributes more to total predictive uncertainty than model uncertainty, suggesting that enhancing the quality and representativeness of evidence layers is more effective for reducing uncertainty than merely optimizing models' architecture or parameters. Overall, by modeling and visualizing both data and model uncertainties, the proposed framework transforms deep learning-based MPM from deterministic prediction to probabilistic decision-making, thereby enabling more reliable and trustworthy mineral exploration."
10.5194/gmd-19-8709-2026,True,Geoscientific Model Development,该论文使用地球观测数据配置WRF模型中的城市区域气候模拟，特别是针对巴黎的城市形态和热属性。这涉及到使用遥感技术（地球观测数据）来分析和模拟大气环境中的城市热岛效应和城市气候过程，因此与大气环境遥感技术密切相关。,"['WRF', 'urban canopy model', 'Earth Observation', 'urban heat island', 'thermal properties']",Iraklis Kyriakidis;Vasileios Pavlidis;Maria Gkolemi;Zina Mitraka;Nektarios Chrysoulakis;Josipa Milovac;Jesus Fernandez;Eleni Katragkou,A new Earth Observation–based WRF configuration for urban regional climate simulations over Paris,"This study introduces a novel approach to incorporating city-specific EO (Earth Observation) data into an urban canopy model named BEP-BEM (Building Effect Parameterization-Building Energy Model) integrated in WRF (Weather Research and Forecasting). We highlight the added value given by BEP-BEM in the representation of the urban processes compared to a slab urban bulk approach. The implementation of the EO data improved specific aspects of the model performance. 
 In this study, Earth Observation (EO) data describing urban morphology and thermal properties are used to configure the urban representation of Paris in the Weather Research and Forecasting (WRF) model. Model performance is assessed in convective permitting simulations (3 km) in three configurations covering summer 2020: (i) a baseline simulation employing a bulk parameterization of urban areas (i.e. BULK); (ii) a simulation using the BEP-BEM urban canopy model with default urban parameter values (CTRL); and (iii) a simulation in which the BEP–BEM urban canopy parameters are specifically adapted to Paris using EO-derived information (PAR). Comparison with observations from the Météo-France RADOME meteorological network indicates that the BULK simulation produces a systematic warm bias, with a persistent overestimation of nighttime temperatures. Coupling of the urban canopy model leads to an improved overall model performance relative to the BULK configuration for summer-mean conditions. Both BEP–BEM simulations are comparable, with the best performance during summer daytime achieved for the CTRL (0.93 °C lower bias compared to BULK) and during summer nighttime for the PAR simulation (0.22 °C lower bias compared to BULK) over urban grid cells. Over non-urban grid cells, the best performance is exhibited for the PAR simulation with a summer daytime bias of −0.26 °C and a summer nighttime bias of 1.62 °C, results that are greatly influenced by internal model variability (IMV). The simulated urban–rural temperature contrast for both BEP–BEM simulations is improved compared to BULK, resulting in a more realistic representation of the Urban Heat Island (UHI). Applying the Local Climate Zones (LCZ) classification, which accounts for intraurban differences in urban form and land cover, an analysis was conducted for each urban-type LCZ class present within the Paris urban area, linking each urban station to its nearest LCZ grid cell, enabling station–based comparisons by urban–type LCZ category. This analysis indicates that the PAR configuration better captures spatial urban temperature variability, reflecting the differences in urban forcing introduced by the EO data. During the heatwave of August 2020, the model – regardless of the configuration – becomes warmer and particularly over the urbanized LCZs. The PAR simulation exhibits pronounced temperature overestimations in the city center, due to the methodology adopted for EO data implementation and the selection of the area from which the EO data were derived, leading to urban characteristics which intensified heat storage and trapping. Non-urban areas are better simulated in both BEP–BEM simulations compared to the BULK. Our results demonstrate the added value of (a) the coupling of an urban canopy model to WRF and (b) the city-tailored configuration of urban canopy morphological parameters in convection-permitting regional climate simulations. The PAR experiment further illustrates the potential of EO-derived datasets to inform urban canopy parameter configurations, enabling a more detailed representation of the urban form and improved simulation of UHI characteristics."
10.5194/gmd-19-8731-2026,True,Geoscientific Model Development,该论文与大气环境遥感技术密切相关，因为它涉及使用ESMValTool软件包来检查气候模型在开发阶段的物理一致性和气候保真度，这与大气成分分析、空气质量监测等领域相关。,"['atmospheric', 'climate models', 'ESMValTool', 'physical consistency', 'climate fidelity']",Axel Lauer;Manuel Schlund;Lisa Bock;Birgit Hassler;Gunnar Behrens;Bettina Gier;Lukas Lindenlaub;Stephan Lorenz;Jan-Hendrik Malles;Wolfgang A. Müller;Trang van Pham;Katja Weigel;Guang Zeng;Veronika Eyring,"An ESMValTool-based framework for sanity checks, physical consistency and climate fidelity during model development – ICONEval v1.0","ICONEval is a new framework to facilitate researchers to continuously monitor and check their climate models during the development phase. It builds on the ESMValTool software package to run tests verifying that the results are plausible, follow physical laws, and that the model has sufficient skill in reproducing the observed climate. An important aim is to make it easier to spot model errors early, for example when implementing new model components that use machine learning. 
 Continuous evaluation and performance monitoring during the development of Earth System Models (ESMs) are essential to identify potential problems early, such as unrealistic behavior of climate-relevant quantities, insufficient skill in reproducing the observed basic climate state, or violations of physical laws. The latter is particularly important for the emerging class of hybrid machine learning (ML) enhanced ESMs, where data-driven components are integrated with physics-based model formulations. ESMs used for projections of future climate continue to increase in complexity and resolution. Efficient and user-friendly tools such as the Earth System Model Evaluation Tool (ESMValTool) can therefore greatly support the assessment of a model. So far, ESMValTool focused primarily on providing a broad collection of community-developed evaluation diagnostics and recipes, allowing users to perform a large variety of rather detailed assessments across different domains. A main application of the tool was the assessment of multiple ESMs, in particular those participating in the coupled model intercomparison project (CMIP). Here, we introduce ICONEval, an open-source evaluation framework using ESMValTool that complements existing capabilities by enabling rapid, reproducible, and physically informed assessments of model performance, also during development. ICONEval provides efficient parallel processing of ESMValTool recipes and can generate HTML summary reports allowing to easily automatize and visualize evaluation and monitoring of performance during model development. The new capabilities are grouped into three complementary categories: (1) sanity checks, (2) physical consistency checks, and (3) climate fidelity diagnostics. The sanity checks assess whether global mean values of climate-relevant variables are within the bounds derived from observational and reanalysis datasets. The physical consistency checks aim to identify potential violations of constraints imposed by fundamental physics such as conservation of total air mass, realistic variability of atmospheric water vapor with temperature or the temperature dependence of the cloud ice fraction. The climate fidelity diagnostics assess important climate variables from different ESM components, i.e. atmosphere, ocean, and land. Here, we demonstrate this extension of the ESMValTool capabilities by applying the new diagnostics to a historical simulation performed with the ICON-XPP model as an illustrative example. The three-step assessment presented here can be efficiently used to compare different model configurations or versions, for example when testing new or updated parameterizations, including hybrid ML-enhanced (MLe) ESMs, also supporting emerging community benchmarking standards such as ClimateBench. While ICONEval is focused on the ICON model, the underlying ESMValTool diagnostics can also be used for different models as long as the model output is following the CMOR (Climate Model Output Rewriter) standard or the model is supported directly by ESMValTool."
10.1029/2026GL124591,False,Geophysical Research Letters,该论文主要研究欧亚大陆冬季严寒极端事件的时空异质性，分析其趋势变化主要由内部变异驱动，而非外部强迫。虽然涉及气候和环境现象，但未直接提及大气环境遥感技术，如空气质量监测、卫星观测、大气成分分析或气溶胶反演等。因此，与大气环境遥感技术的关系不强。,"['cold extremes', 'internal variability', 'Eurasian']",Anqi Liu;Daokai Xue;Danqing Huang,Internal Variability Dominates the Spatial Heterogeneity of Recent Trends in Eurasian Winter Cold Extremes,"Eurasia, with its large and climate‐vulnerable population, has experienced increased cold extremes despite global warming, yet their pronounced spatial heterogeneity remains poorly understood. We examine low‐frequency trends in Eurasian cold extremes over recent decades. Results reveal a marked zonal asymmetry, with strengthening and increasing of cold extremes over central Eurasia and weakening and decreasing of cold extremes at higher and lower latitudes. A quantitative decomposition shows that the cooling is driven primarily by internal variability rather than external forcing. The zonal asymmetry in trends is strongly associated with multidecadal variability in both the Pacific and Atlantic basins. Particularly, in the cooling region, the Atlantic‐related dynamical response appears to outweigh its thermodynamic effect. Future responses, evolving through to the end of the twenty‐first century, are scenario dependent: cold extremes increase under low‐to‐moderate emissions but decline under high emissions, as forced warming overwhelms the effect of internal variability in the far future."
10.1029/2026GL124031,True,Geophysical Research Letters,该论文研究了CMIP6气候模型下强冷前频率的未来变化，涉及温度下降和大气环流模式，与大气环境遥感技术中的大气成分分析和气候变化监测相关。,"['climate models', 'temperature falls', 'cold fronts', 'atmospheric composition', 'baroclinicity']",Paola B. Corrales;Martin Singh;Michael J. Reeder,Using Rapid Temperature Falls to Estimate Future Strong Cold Front Frequency in CMIP6 Climate Projections,"We use day‐to‐day falls in daily‐maximum surface air temperature to assess future changes in the frequency of strong cold fronts in a set of Coupled Model Intercomparison Project climate models under the SSP5‐8.5 scenario. We find a general decrease in cold front frequency across the Northern Hemisphere, particularly over the oceans, and in the Southern Hemisphere a poleward shift in the region of highest frontal frequency, with increased frequency over midlatitude land regions. The frequency of strong temperature falls correlates positively with the meridional temperature gradient and transient eddy kinetic energy, implicating large‐scale baroclinicity and changes in the storm track influence the pattern of strong cold fronts. Over Southern Hemisphere land areas, this relationship weakens, suggesting the influence of regional thermodynamic processes."
10.1029/2026GL125935,True,Geophysical Research Letters,该论文研究的是凝结尾迹（contrail）演变成凝结尾云（cirrus）的过程，以及大气对这种形成的调整时间尺度，这直接关系到大气环境遥感技术中的空气质量监测和大气成分分析。论文使用了气候模型进行模拟，分析了水汽在高层大气中的预算调整，这与遥感技术监测大气成分和影响密切相关。,"['contrail cirrus', 'atmospheric adjustments', 'ice crystal sedimentation']",Jérémie Juvin‐Quarroz;Audran Borella;Sidiki Sanogo;Olivier Boucher;Nicolas Bellouin,On the Timescales of Atmospheric Adjustments to Contrail Cirrus Formation,"Condensation trails (contrails) that evolve into contrail cirrus may constitute the largest contribution to aviation's climate impact. However the strength and timescales of the adjustments of the upper atmospheric water budget to contrail formation are poorly known. Thanks to multiple simulations with the ICOLMDZ climate model, the relatively small impact of a large pulse perturbation to ice cloudiness becomes statistically significant. That reveals two distinct global adjustment processes, driven by an initial loss of water to the upper atmosphere by ice crystal sedimentation with a time constant of 5–6 hr, followed by a rehumidification with a time constant of 20 hr. The atmosphere returns to its unperturbed state after about 4 days. Parametric uncertainty analysis suggests that a stronger sedimentation results in stronger adjustments and a smaller ERF‐to‐RF ratio. Observational constraints on contrail cirrus adjustment timescales would inform model development and reduce uncertainties in the climate impact of contrails."
10.1029/2026GL123776,True,Geophysical Research Letters,该论文研究了木星非极光电离层的中性风控制，涉及电离层结构、等离子体动力学和化学演化，属于大气环境遥感技术中的大气成分分析和卫星观测领域。,"[""Jupiter's ionosphere"", 'neutral wind', 'H3+ emissions', 'field-aligned plasma transport']",K. Mohamed;O. Agiwal;L. Moore;I. Mueller‐Wodarg;J. D. Huba;C. Martinis;T. Stallard;H. Melin,Neutral Wind Control of Jupiter's Non‐Auroral Ionosphere,"We use JAMMIES (JAMMIES is Another Model Making Ionospheric EStimates), a new model of Jupiter's non‐auroral ionosphere, to demonstrate that neutral wind‐driven field‐aligned plasma transport can explain decades of measurements inconsistent with a solar‐dominated ionosphere. Two observations highlight these inconsistencies: a minimum in H3+ ${\mathrm{H}}_{3}^{+}$ emission along the magnetic equator where solar ionization maximizes, and a systematic asymmetry where vertical dawn plasma densities exceed those at dusk. JAMMIES models the chemical and dynamical evolution of plasma in a dipole coordinate system. Observed H3+ ${\mathrm{H}}_{3}^{+}$ emissions can be reproduced via two mechanisms: (i) field‐aligned neutral‐ion collisions driven by a steady‐state global neutral wind pattern, or (ii) field‐perpendicular electrodynamic plasma drifts at the magnetic equator. Mechanism (i), induced by persistent auroral heating, also reproduces disparate vertical plasma profiles. Results show that neutral wind‐driven dynamics dominate Jovian ionospheric structure, which is found to be spatially variable but temporally stable."
10.1029/2026GL122329,True,Geophysical Research Letters,该论文研究热带气旋降水临近预报，涉及大气风场约束的数值天气预报系统，与大气环境遥感技术中的空气质量和大气组成分析相关，因此具有相关性。,"['Tropical Cyclone', 'precipitation nowcasting', 'atmospheric motion', 'NWP', 'wind field constraints']",Dawei Li;Kefeng Deng;Di Zhang;Wuxin Wang;Hongze Leng;Yudi Liu;Kaijun Ren;Junqiang Song,Tropical Cyclone Precipitation Nowcasting Based on Flow Matching Model With Numerical Wind Field Constraints,"Tropical cyclones (TCs) making landfall often produce extreme precipitation with complex spatiotemporal patterns, posing major challenges to both deep learning models and numerical weather prediction (NWP) systems. This study introduces Rainflow, a conditional flow matching (CFM) based generative model for high‐resolution TC precipitation nowcasting. For the North Atlantic data set, Rainflow predicts precipitation at 0.01° ${}^{\circ}$ spatial and 10‐min temporal resolution over 6‐hr lead times. By modeling the residual transition from observed to future precipitation sequences, Rainflow jointly captures precipitation motion and intensity evolution within a unified framework. To improve physical consistency, 500 and 850 hPa wind fields from NWP forecasts are incorporated as dynamic constraints. Experiments show that Rainflow substantially outperforms the operational High‐Resolution Rapid Refresh (HRRR) system and the state‐of‐the‐art NowcastNet, especially for extreme precipitation intensities. Additional experiments on Western Pacific TC cases further demonstrate the potential generalizability of Rainflow under a shorter 3‐hr nowcasting setting."
10.1029/2026GL122396,True,Geophysical Research Letters,该论文使用GRACE和GRACE-FO卫星观测数据来估算加利福尼亚州中央谷地含水层的盆地尺度净地下水补给率，这与大气环境遥感技术中的卫星观测和地下水监测相关。,"['GRACE', 'GRACE-FO', 'groundwater recharge', 'snowpack', 'satellite observations']",John T. Reager;Noah P. Molotch;James S. Famiglietti,Net Groundwater Recharge in California Occurs Primarily During Above‐Average Snowpack Years,"In a new application of GRACE and GRACE‐FO satellite observations, we estimate basin‐scale net groundwater recharge rates for the combined Sacramento, San Joaquin, and Tulare basins encompassing California's Central Valley aquifer. Net recharge is calculated as the temporal derivative of groundwater storage anomalies and compared with precipitation and snow water equivalent over a fixed study area. Net positive recharge is rare, occurring in only six water years since 2004, and is consistently associated with years of above‐average Sierra Nevada snowpack. Across the observational record, net positive recharge is observed only in years when snow water equivalent exceeds approximately 21 km3 (17 MAF; ∼121% of the 20‐year mean value), with the largest recharge event coinciding with the exceptionally wet winter of water year 2023. These results suggest that above‐average snowpack conditions, rather than rainfall alone, are an important enabling condition for basin‐scale groundwater recharge under a warming climate."
10.1029/2026JD047746,True,Journal of Geophysical Research: Atmospheres,该论文研究了来自中国柴达木盆地的盐类尘埃，涉及大气化学和尘埃的组成分析，与大气环境遥感技术（如空气质量监测、大气成分分析）密切相关。,"['air quality monitoring', 'atmospheric composition analysis', 'aerosol retrieval', 'dust', 'saltation-sandblasting']",Long Zhang;Tafeng Hu;Feng Wu;Yingpan Song;Jing Duan;Yuqing Zhu;Na Song;Yu Huang;Junji Cao;Daizhou Zhang,Evaporite‐Derived Salts in Dust Generated by Saltation‐Sandblasting From the Qaidam Basin: Implications for Dust Aging and Atmospheric Chemistry,"Freshly emitted mineral dust is typically dominated by silicates, but evaporite‐rich sources can release substantial soluble salts. However, the abundance, size distribution, and mixing state of primary salts in nascent dust remain poorly constrained. Here, we investigated individual dust particles generated by saltation‐sandblasting processes from surface soils of the evaporite‐rich Qaidam Basin (QB) on the northern Tibetan Plateau. Our results reveal pronounced spatial heterogeneity in particle composition across the basin. Salt‐containing minerals were abundant in the northwestern basin (59.5%), less common in the eastern and southwestern regions (11.1%–18.4%), and rare in the central basin (3.1%). These minerals were dominated by sulfate‐ and chloride‐containing species and occurred predominantly as components internally mixed with silicate particles, rather than as discrete crystalline phases. Particles from the northwestern QB exhibited S/Al mass ratios of ∼1.1–2.2, frequently larger than those reported for highly aged Asian dust. Compared with dust from other deserts, QB dust is characterized by finer particle sizes, substantially higher salt contents, and widespread salt–silicate internal mixing. These findings indicate that the QB represents an evaporite‐influenced dust endmember rather than a variant of conventional silicate‐dominated dust sources. Given the widespread occurrence of evaporite‐rich arid regions, mineral sulfate and chloride should be explicitly incorporated into assessments of the role of dust in atmospheric chemistry and climate."
10.1029/2026JD046380,True,Journal of Geophysical Research: Atmospheres,该研究使用WRF-Chem模型模拟了沙尘的排放、传输和沉降，并结合卫星观测数据研究了沙尘沉降与叶绿素-a浓度之间的关系，这与大气环境遥感技术（如空气质量监测、卫星观测、大气成分分析、气溶胶反演）密切相关。,"['WRF-Chem', 'dust deposition', 'chlorophyll-a', 'satellite observations', 'atmospheric dust deposition']",Haopeng Zhang;Xiaohui Bi;Yezheng Zhang;Lilai Song;Zhen Li;Yinchang Feng,Improved WRF‐Chem Simulations of Dust Deposition and Its Association With Observed Chlorophyll‐a Concentration During the 2021 East Asian Super Dust Storm,"Frequent dust storms in spring not only affect air quality and climate change, but also influence marine productivity through dust transport and deposition in High‐Nutrient, Low‐Chlorophyll (HNLC) regions. However, there is still considerable uncertainty regarding how dust quantitatively affects the growth of phytoplankton. This study refined the surface erodibility factor in the WRF‐Chem (Weather Research and Forecasting model coupled with Chemistry) model, improving the simulation accuracy of dust emission, transport and deposition. Using this improved model and satellite observations, we investigated the relationship between dust deposition and chlorophyll‐a (Chl‐a) concentration in the Northwest Pacific following the 2021 East Asian super dust storm. Results showed that the super dust storm increased dust deposition flux in the ROI (Region of Interest) by 66.67% (0.15 μg m−2 s−1) compared with the historical average for 11 March–9 April during 2011–2020. Correspondingly, Chl‐a concentration increased by 25.71% (0.88 mg m−3) and exhibited a clear temporal lag after dust deposition. Variations in the FLH/Chl‐a (fluorescence line height per unit Chl‐a) ratio suggested enhanced phytoplankton physiological activity after the dust deposition. Meanwhile, relatively high SST (sea surface temperature) and PAR (photosynthetically active radiation), together with shallower MLD (mixed layer depth) conditions, may also have provided favorable environmental conditions for phytoplankton growth. These results suggest that the Chl‐a concentration enhancement was likely associated with the combined effects of dust deposition and marine environmental factors. This study provides an effective approach for improving dust simulations and advances the understanding of how atmospheric dust deposition affects marine ecosystems."
10.1029/2026JD047734,True,Journal of Geophysical Research: Atmospheres,该论文研究了大气中硝酸盐颗粒的光解作用，特别是与黑碳颗粒共存时的增强效应。这直接关系到空气质量和大气成分分析，属于大气环境遥感技术的范畴。,"['particulate nitrate', 'soot', 'photolysis', 'atmospheric composition', 'aerosol mass spectrometry']",Guohua Zhang;Xinyu Huang;Xiaocong Peng;Wei Sun;Wei Song;Duohong Chen;Lei Li;Xinming Wang;Ping'an Peng;Xinhui Bi,In Situ Individual Particle Observations Revealing the Enhanced Photolysis of Nitrate Associated With Soot‐Containing Particles in the Atmosphere,"The photolysis of particulate nitrate critically regulates atmospheric oxidative capacity, yet the influence of coexist soot is unexplored. Here, single‐particle aerosol mass spectrometry was used to probe the coexistence and atmospheric behavior of soot and nitrate. The nitrate number fraction, defined here as the fraction of individual particles containing a detectable nitrate ion signal (m/z −62 [NO3]−) in the single‐particle mass spectra, showed seasonal lows in summer/autumn and an afternoon diurnal dip, contrasting with radiation and temperature profiles. The reduction in nitrate was more pronounced in soot‐containing particles compared with soot‐free particles. Regression models revealed that the nitrate associated with soot‐containing particles during summer and autumn could be well explained (R2 ≈ 0.6) by radiation‐related parameters (accounting for >30% of the variance) and, critically, by the relative soot content (∼20%), whereas these factors excluding soot content explained only ∼40% of the nitrate variation in soot‐free particles. The sunny‐versus‐cloudy‐day contrast further corroborated the radiation dependence of the enhanced nitrate loss. These field observations led us to hypothesize that soot intrinsically enhances the photolysis of particulate nitrate. This hypothesis was confirmed by laboratory simulations, which showed that introducing diesel soot into an irradiated dilute sodium nitrate solution (mimicking soot‐containing cloud droplets) enhanced NO2− production by a factor of 1.5–3.0 in a soot‐content‐dependent manner. Collectively, these findings provide the first ambient observational evidence of soot's unique role in the photochemical evolution of nitrate, with significant implications for quantitative assessments and atmospheric modeling of nitrate photolysis."
10.1029/2026JD046961,True,Journal of Geophysical Research: Atmospheres,该论文研究的是亚北极热喀斯特池塘表面水中非氧化合物的光化学演变，这与大气环境遥感技术中的大气组成分析、二次有机气溶胶的形成机制等密切相关。研究涉及的光化学过程和气溶胶形成路径与大气环境密切相关，因此与大气环境遥感技术有较强的关联性。,"['DOM', 'photochemistry', 'permafrost', 'air-water interface', 'atmospheric composition']",Tao Wang;Runbo Wang;Jianmin Chen;Florent Domine;Liwu Zhang;Christian George,Evolutions of Non‐oxygenated Compounds in Sunlit Subarctic Thermokarst Pond Surface Waters,"With global climate change, ground subsidence caused by permafrost thawing leads to the formation of thermokarst ponds, where organics from eroding permafrost accumulate in part as dissolved organic matter (DOM). Surface waters were collected from two subarctic thermokarst ponds with distinct characteristics: one palsa‐affected pond, which is organic‐rich, and another lithalsa‐affected pond, which is organic‐poor. Here, the photo‐evolutions of non‐oxygenated compounds (referred to as CH*) in the waters are investigated to elucidate the environmental fate of permafrost‐derived DOM. Photochemistry alters the CH* community, and the differences among various CH* subgroups, as well as between non‐oxygenated and oxygenated groups, highlight the need for a detailed classification of DOM constituents in future studies. A comparison of the thermokarst ponds revealed that the photochemical evolution of CH* is more closely linked to the specificity of DOM than to its quantity. Furthermore, the formation pathways of liquid and gaseous products were examined, emphasizing the distinct roles of liquid‐phase photochemistry and air‐water interface photochemistry. In summary, this study contributes to elucidating the extended environmental fate of permafrost‐derived DOM and underscores its critical role in shaping both liquid and gaseous environmental media in thermokarst landscapes."
10.1029/2026EF008422,True,Earth's Future,该论文研究人类活动引起的气候变化对南加州沿海风的影响，特别是极端火险风。虽然论文主要关注风与火灾的关系，但其使用了高分辨率模拟和CMIP6气候模型投影，这些技术都与大气环境遥感技术（如空气质量监测、大气成分分析）密切相关。,"['air quality monitoring', 'atmospheric composition analysis', 'aerosol retrieval', 'fire weather', 'climate change']",Gavin D. Madakumbura;John T. Abatzoglou;Alex Hall;Bowen Wang;Stefan Rahimi;Alexander Gershunov;A. Park Williams,Anthropogenic Warming Weakens Mild Offshore Winds in Southern California but Not the Extreme Fire‐Weather Winds,"Southern California's most destructive fires are driven by strong offshore winds, including the 2025 Los Angeles wildfires, among the deadliest in California's history. However, the influence of anthropogenic climate change (ACC) on extreme wind events remains unclear. Using high‐resolution simulations, we investigate the mesoscale katabatic pressure gradient, the primary thermodynamic driver of these winds. We show that this forcing arises from differential heating between interior and coastal regions, contributing to the strongest wind events and associated fire danger in recent decades. Using dynamically downscaled CMIP6 projections in which ACC weakens the average land–ocean temperature gradient, we find that this effect only reduces weak and moderate offshore wind events. Extreme events are unaffected. Observational analyses reveal this ACC fingerprint in the historical record. Together with robust warming‐driven increases in atmospheric aridity, these findings suggest that extreme wind‐driven wildfire threats in southern California will intensify despite weakened mean pressure gradients."
10.1029/2026EF008055,True,Earth's Future,该论文研究森林干扰后结构和功能的恢复过程，特别是冠层覆盖和蒸散量（水文学功能）的恢复差异，使用了GEDI数据进行分析，这与大气环境遥感技术中的森林监测和植被水文学应用密切相关。,"['canopy cover', 'evapotranspiration', 'forest recovery', 'GEDI data']",Haoxuan Liu;Qiuli Yang;Yuhao Feng;Ru Xu;Xiaoqiang Liu;Xiaoyong Wu;Kai Cheng;Qin Ma;Qinghua Guo;Yanjun Su,Structural‐Functional Decoupling in Post‐Disturbance Forest Recovery: Canopy Cover Lags Hydrological Function Across Chinese Forests,"Forest disturbance dynamics play a crucial role in terrestrial carbon sequestration and regional climate regulation. However, the coupled recovery processes of forest structure and function remain insufficiently understood. Here, we rigorously identified 930 forest recovery sites across China, each paired with undisturbed control sites. These sites represent large‐scale, single‐event disturbances (e.g., deforestation, wildfires) with varying life‐history strategies. Using random forest with partial dependence plot analysis and partial least squares structural equation modeling, we analyzed the temporal response dynamics of structural (canopy cover) and functional (▵evapotranspiration (ET)) recovery in coniferous and broadleaf forests. Our results demonstrate that ΔET recovers significantly faster than canopy cover in both forest types, though this difference is more pronounced in coniferous forest than broadleaf forest. Spatial analysis revealed evident heterogeneity in these recovery patterns. Specifically, disturbed coniferous forest sites showed ΔET recovery in 6.8 ± 2.5 years versus 15.2 ± 1.6 years for canopy cover, while broadleaf forest sites required 8.2 ± 2.9 and 13.1 ± 1.7 years, respectively. This comprehensive analysis establishes a clear asynchrony between canopy cover and hydrological function recovery mechanisms. Leaf area index drives initial ET recovery and maintains ET influence even after canopy cover effects stabilize, independent of climatic and environmental factors. These findings reveal fundamental asynchronous recovery mechanisms between structural and functional indicators, further validated by GEDI data, providing critical theoretical support for region‐specific forest restoration strategies."
10.1038/d41586-026-02897-4,False,Nature,该论文的标题和摘要主要讨论的是认知弹性与阿尔茨海默症的关系，与大气环境遥感技术（如空气质量监测、卫星观测、大气成分分析、气溶胶反演）无关。,[],,Cognitive resilience helps to predict Alzheimer’s dementia,"The trait could explain why symptoms vary in severity between people with similar brain pathology. 
 The trait could explain why symptoms vary in severity between people with similar brain pathology."
10.1038/d41586-026-02984-6,False,Nature,该论文标题和摘要内容涉及古埃及考古学、大脑植入技术等，与大气环境遥感技术（如空气质量监测、卫星观测、大气成分分析、气溶胶反演）无关。,[],Benjamin Thompson;Elizabeth Gibney,Briefing Chat: Evidence mounts for hidden chambers beyond Tutankhamun's tomb,"Nature staff discuss data that could point to Nefertiti’s burial place — plus, the implant that translates brain activity into speech and gestures. 
 Nature staff discuss data that could point to Nefertiti’s burial place — plus, the implant that translates brain activity into speech and gestures. Hear the biggest stories from the world of science | 18 September 2026"
10.1038/d41586-026-02919-1,False,Nature,该论文的标题和摘要主要讨论欧洲在太空领域的独立性，特别是与美国在空间基础设施和卫星发射方面的关系，没有明确涉及大气环境遥感技术，如空气质量监测、卫星观测、大气成分分析或气溶胶检索等具体技术或应用。,[],Jonathan O’Callaghan,Europe pushes for space independence amid geopolitical rifts,"The European Union is easing its reliance on US space infrastructure — and is seeking to grow its satellite and launch operations. 
 The European Union is easing its reliance on US space infrastructure — and is seeking to grow its satellite and launch operations."
10.1038/d41586-026-02184-2,False,Nature,该论文标题和摘要主要讨论研究资金对作者职业发展的影响，涉及领导力和管理角色，与大气环境遥感技术（如空气质量监测、卫星观测、大气成分分析、气溶胶反演）无关。,[],Anna  Sandak,How research funding took me out of the lab and into leadership,"Landing two large grants caused Anna Sandak to take on a managerial role in her team and made her reflect on what it means to contribute to research. 
 Landing two large grants caused Anna Sandak to take on a managerial role in her team and made her reflect on what it means to contribute to research."
10.1038/d41586-026-02945-z,False,Nature,该论文与大气环境遥感技术无关，主要讨论的是RNA治疗和罕见型肌萎缩侧索硬化症（ALS）的基因靶向治疗，不涉及空气质量监测、卫星观测、大气成分分析或气溶胶检索等关键词。,[],Rachel Fieldhouse,First for RNA therapy: man with rare motor-neuron disease improves after treatment,"Gene-targeting treatments could be used to treat other people with rare forms of amyotrophic lateral sclerosis (ALS). 
 Gene-targeting treatments could be used to treat other people with rare forms of amyotrophic lateral sclerosis (ALS)."
10.1038/d41586-026-02943-1,False,Nature,该论文的标题和摘要涉及的是神经科学和生物医学领域，特别是关于大脑发育和干细胞研究，与大气环境遥感技术（如空气质量监测、卫星观测、大气成分分析、气溶胶反演）无关。,[],Lynne Peeples,How to make a brain: new experiments challenge existing picture,"Research also uncovers an efficient way to grow hindbrain cells from stem cells — a difficult feat. 
 Research also uncovers an efficient way to grow hindbrain cells from stem cells — a difficult feat."
10.1038/d41586-026-02922-6,False,Nature,该论文主要关注流体动力学和湍流研究，虽然提到了人工智能（AI）的应用，但并未明确涉及大气环境遥感技术、空气质量监测、卫星观测或大气成分分析等具体内容。因此，它不属于大气环境遥感技术的强相关领域。,[],Nicola Jones,AI cracked the Navier–Stokes challenge. What does that mean for physics?,"Physicists and mathematicians are going beyond the classic equations of fluid dynamics to understand turbulence — often with the help of AI. 
 Physicists and mathematicians are going beyond the classic equations of fluid dynamics to understand turbulence — often with the help of AI."
10.1038/d41586-026-02946-y,False,Nature,该论文标题和摘要主要关注中国公司在科技限制下调整知识来源以保持竞争力，未涉及大气环境遥感技术相关的具体内容，如空气质量监测、卫星观测、大气成分分析或气溶胶反演等。因此，该论文与大气环境遥感技术主题无关。,[],Xiaoying You,Chinese companies doubled down on science after US tech restrictions,"Affected Chinese companies adjusted their sources of knowledge to stay competitive. 
 Affected Chinese companies adjusted their sources of knowledge to stay competitive."
10.1038/d41586-026-02951-1,False,Nature,该论文标题和摘要内容主要涉及微生物起源、显微镜技术和肠道免疫细胞，与大气环境遥感技术（如空气质量监测、卫星观测、大气成分分析、气溶胶反演）无关。,[],Flora Graham,Daily briefing: Asgards — the microorganisms that might have begat us all,"Explore the origins of all complex life, boggle at award-winning microscopy and learn that stomach bugs send protective immune cells rushing from gut to brain. 
 Explore the origins of all complex life, boggle at award-winning microscopy and learn that stomach bugs send protective immune cells rushing from gut to brain."
10.1038/d41586-026-02924-4,False,Nature,该论文标题和摘要内容主要涉及阅读对大脑结构的影响、心理健康以及认知下降的关联，此外还提及了地下氢气探测和最古老星系的发现，均与大气环境遥感技术无直接关联。,[],Flora Graham,Daily briefing: Reading for pleasure linked to big brain benefits,"Evidence that reading for fun is related to structural brain changes, improved mental health and reduced risk of cognitive decline. Plus, go prospecting for clean-burning hydrogen gas underground and discover the oldest galaxy ever seen. 
 Evidence that reading for fun is related to structural brain changes, improved mental health and reduced risk of cognitive decline. Plus, go prospecting for clean-burning hydrogen gas underground and discover the oldest galaxy ever seen."
10.1038/s41561-026-02104-z,False,Nature Geoscience,该论文主要研究火星核心-地幔边界处的岩浆层形成机制，涉及地球物理和地质学的实验研究，与大气环境遥感技术（如空气质量监测、卫星观测、大气成分分析、气溶胶反演）没有直接关系。,"['Martian core–mantle boundary', 'melting phase relations', 'ultrasonic response']",Rémy Pierru;Steeve Gréaux;Serena Dominijanni;Lianjie Man;Yoshio Kono;Sho Kakizawa;Yuji Higo;James Badro;Daniel J. Frost;Daniele Antonangeli,Experimental constraints on a long-lived magma layer at the Martian core–mantle boundary,"Melts generated at the Martian core–mantle boundary would be strongly enriched in iron and have high densities favouring the formation of a molten silicate layer previously suggested from InSight seismic data, according to experimental constraints. 
 Geophysical observations from the InSight mission suggest anomalously low seismic velocities near the Martian core–mantle boundary, possibly indicating a molten silicate layer. Such a layer would have major implications for the thermal and chemical evolution of Mars, but its origin remains poorly constrained because experimental data on iron-rich Martian melts at deep-mantle conditions remain scarce. Here we use in situ ultrasonic interferometry combined with X-ray imaging and diffraction to determine the melting phase relations, ultrasonic response and chemical compositions of co-existing melts and solids under conditions relevant to the Martian core–mantle boundary. Our experiments constrain a Martian mantle solidus about 100 K lower than previous estimates. We show that incipient melting rapidly weakens the elastic response, reducing wave speeds and modifying the ultrasonic signal character. Melts generated slightly above the solidus at 18–19 GPa, equivalent to a depth of approximately 1,550 km, are strongly enriched in iron (Fe# of 0.5) and reach densities comparable to or greater than surrounding solids, implying neutral to negative buoyancy. The combination of high melt density and low wetting angles favours the formation of an interconnected dense melt layer near the core–mantle boundary from a moderately FeO-rich Martian mantle without necessarily requiring overturn of an extremely Fe-enriched primordial reservoir and remains compatible with proposed thermal models. Melts generated at the Martian core–mantle boundary would be strongly enriched in iron and have high densities favouring the formation of a molten silicate layer previously suggested from InSight seismic data, according to experimental constraints."
10.1038/s41561-026-02100-3,False,Nature Geoscience,该论文研究的是约12亿年前的地质记录，通过分析大峡谷的泥岩层来重建过去地球-月球和轨道系统参数，主要关注的是地质和天文学方面，与大气环境遥感技术（如空气质量监测、卫星观测、大气成分分析、气溶胶反演）没有直接关系。,"['Milanković cycles', 'cyclostratigraphic analysis', 'Grand Canyon', 'Mesoproterozoic']",Margriet L. Lantink;Athena Eyster;Ilja J. Kocken;Stephen R. Meyers;Richard E. Zeebe,Earth–Moon and Solar System history recorded in Mesoproterozoic Grand Canyon strata,"Cyclostratigraphic analysis of a ~1.2 billion-year-old rhythmically bedded mudstone formation in the Grand Canyon shows that the frequency and amplitude of Milanković cycles were markedly different than the present. 
 Milanković cycles influenced Earth’s Precambrian climate, but their precise characteristics remain uncertain due to fundamental limitations in deep-time astronomical modelling. Here we report on Mesoproterozoic sedimentary rhythms from the Grand Canyon that enable accurate empirical reconstruction of the evolution of past Earth–Moon and orbital system parameters. Our analysis reveals that astronomical forcing frequencies, especially of obliquity, had anomalous amplitudes, reflecting possible shifts in secular solar-system resonances or nonlinear climate response. Cyclostratigraphic analysis of a ~1.2 billion-year-old rhythmically bedded mudstone formation in the Grand Canyon shows that the frequency and amplitude of Milanković cycles were markedly different than the present."
10.1038/s41467-026-76586-1,False,Nature Communications,该论文研究的是扭曲双层石墨烯中的超导现象，与大气环境遥感技术（如空气质量监测、卫星观测、大气成分分析、气溶胶反演等）无关。,"['twisted bilayer graphene', 'superconductivity', 'Fermi surface']",Jing-Yu Zhao;Ya-Hui Zhang,Resonating-valence-bond superconductor from small Fermi surface in twisted bilayer graphene,"Whether superconductivity in twisted bilayer graphene emerges from small or large Fermi surfaces remains debated. Here, the authors propose a symmetric pseudogap metal with small hole pockets, showing that local-moment pairing can transfer to mobile carriers and yield two-gap nematic superconductivity 
 Understanding the mechanism of superconductivity in twisted bilayer graphene (TBG) is a central challenge in correlated moiré materials. The most intriguing question is about the nature of the normal state: is the Cooper pair formed from small Fermi surface or large Fermi surface? Here, we propose a unified theoretical framework describing a symmetric pseudogap metal with small hole pockets, dubbed the second Fermi liquid (sFL), which is topologically distinct from the conventional Fermi liquid. Our theory shows that superconductivity in TBG emerges from the sFL phase, with local moment pairing transferred to mobile carriers, giving rise to a smaller nodal superconducting gap on the small hole pockets. This framework simultaneously explains the pseudogap metal above the transition temperature and the two-gap nematic superconductivity below it, providing a comprehensive understanding of correlated physics in TBG. Whether superconductivity in twisted bilayer graphene emerges from small or large Fermi surfaces remains debated. Here, the authors propose a symmetric pseudogap metal with small hole pockets, showing that local-moment pairing can transfer to mobile carriers and yield two-gap nematic superconductivity"
10.1038/s41467-026-77802-8,False,Nature Communications,该论文主要研究的是G蛋白偶联受体（GPCR）的变构调节机制，特别是β1-肾上腺素能受体与负变构调节剂的作用机制。虽然GPCR在信号转导中起重要作用，但论文内容与大气环境遥感技术（如空气质量监测、卫星观测、大气成分分析、气溶胶反演）没有直接关联。,"['G protein-coupled receptors', 'allosteric modulator', 'β1-adrenergic receptor']",Thomas H. Harman;Timothy Noel;Ali Nokhbehzaim;Abigail Pearce;Andrew J. Y. Jones;Anjana Saji;Matthew Harris;Venkat S. Vege;Aneesh Chandran;Pierre Leroy;Suleiman Al-Sabah;Graham Ladds;Daniel Nietlispach,Uncoupling of the allosteric signalling network in the β<sub>1</sub>-adrenergic receptor by a negative allosteric modulator,"Understanding allosteric modulation mechanisms at G protein-coupled receptors (GPCRs) is key to development of therapeutics. Here, the authors show how a negative allosteric modulator acts to uncouple the signalling network of β1-adrenergic receptor. 
 Allosteric modulation is a fundamental aspect of G protein-coupled receptor (GPCR) regulation where molecules that bind to alternative sites outside the orthosteric pocket alter agonist-induced signalling responses. The advantages of allosteric modulators over traditional orthosteric agonists have positioned them as highly promising therapeutic agents. GPCRs exist in tuneable equilibria between multiple functional states, yet the ways in which allosteric modulators reshape these equilibria remain incompletely understood. Here we characterise how changes to the allosteric signalling network influence the conformational dynamics of the β1-adrenergic receptor (β1AR) through mutations at the E1303.41 position or using the negative allosteric modulator, AS408. Both act through a known transmembrane (TM)3-TM4-TM5 site, reducing signalling to similar extents, but through distinct molecular mechanisms as revealed by pharmacological assays, MD simulations, and solution nuclear magnetic resonance spectroscopy. E1303.41 mutations reduce agonist-stimulated signalling as a side chain-dependent rheostat, shifting receptor equilibria to populate states with weaker G protein affinities. In contrast, AS408 uncouples the intracellular region of β1AR from the influence of the orthosteric pocket and reduces G protein coupling by adoption of an alternative signalling-incompetent intracellular surface arrangement. Our investigations emphasise the relevance of mechanistic understanding in drug development and the importance of dynamics in GPCR allostery. Understanding allosteric modulation mechanisms at G protein-coupled receptors (GPCRs) is key to development of therapeutics. Here, the authors show how a negative allosteric modulator acts to uncouple the signalling network of β1-adrenergic receptor."
10.1038/s41467-026-77838-w,False,Nature Communications,该论文主要关注基因调控网络的推断方法，使用单细胞多组学数据（如RNA-seq和ATAC-seq）进行基准测试，与大气环境遥感技术（如空气质量监测、卫星观测、大气成分分析、气溶胶反演）无关。,"['gene regulatory network', 'single-cell multi-omics', 'RNA-seq', 'ATAC-seq']",Karamveer Karamveer;Eric Moeller;Hannah Valensi;Ewura-Esi Manful;Yasin Uzun,BEAR-GRN: Systematic assessment of single-cell multi-omics-based gene regulatory network inference methods,"BEAR-GRN provides a standardized framework for benchmarking gene regulatory network inference methods using single-cell multi-omics data, revealing that ground-truth choice profoundly impacts performance and that current methods remain predominantly RNA-driven. 
 Identifying regulatory gene interactions is inherently challenging as it depends on both the transcriptional and epigenetic landscapes. Multiple methods are proposed to infer gene regulatory networks (GRNs) using single-cell multi-omics data, yet the absence of a standardized benchmarking framework remains an obstacle to unbiased performance evaluation. Here we present BEAR-GRN, a systematic resource providing standardized datasets, curated ground-truth networks, and a unified computational pipeline for benchmarking GRN inference methods. Using BEAR-GRN, we assess state-of-the-art multi-omics GRN inference methods across paired single-cell RNA-seq and ATAC-seq datasets spanning human and mouse cell types. We evaluate accuracy against four complementary ground-truth definitions, alongside computational efficiency, output stability, and modality contribution. Although ground-truth choice profoundly influences performance, LINGER and DIRECT-NET show the highest overall accuracy and stability. Modality perturbation experiments reveal that current methods are predominantly RNA-driven, with chromatin accessibility contributing limited independent signal. BEAR-GRN enables researchers to evaluate existing and new GRN methods against established baselines. BEAR-GRN provides a standardized framework for benchmarking gene regulatory network inference methods using single-cell multi-omics data, revealing that ground-truth choice profoundly impacts performance and that current methods remain predominantly RNA-driven."
10.1038/s41467-026-77920-3,False,Nature Communications,该论文主要关注帕金森病和肾脏相关性状的遗传结构比较，涉及基因组学和遗传学研究，与大气环境遥感技术（如空气质量监测、卫星观测、大气成分分析、气溶胶反演）无关。,[],Le Chang;Sadaf Gawhary;Lyza Maameri;Wiame Belbellaj;Frida Lona-Durazo;Sarah A. Gagliano Taliun,Genome-wide cross-trait analysis to compare genetic architecture between Parkinson’s disease and kidney-related traits,"Parkinson’s disease has been epidemiologically linked to kidney function, but the extent of their shared genetic basis remains unclear. Here, the authors integrate genome-wide genetic correlation, pleiotropy and colocalisation analyses to identify shared loci and candidate pathways connecting Parkinson’s disease and kidney-related traits. 
 Epidemiological studies link kidney function to Parkinson’s disease risk, but the genetic basis of this relationship remains unclear. Here, we leverage genome-wide association data for Parkinson’s disease and five UK Biobank-derived kidney-related traits in individuals of European ancestry, combining genetic correlation, pleiotropy mapping, colocalization and enrichment across sex-combined and sex-stratified analyses. Genome-wide genetic correlations with Parkinson’s are modest, with only a significant correlation with urinary potassium-to-creatinine ratio significant, yet we identify shared loci across 9 of 15 trait pairs. Resolving these loci, the two traits are more often driven by different causal variants within a shared region than by the same variant. Four loci carry a shared causal variant, implicating BIN3, MSRA and TNK2 in protein quality control. These findings provide evidence for shared genomic loci between Parkinson’s disease and kidney function, offering specific loci and biological pathways for future investigation of the kidney-brain axis in neurodegeneration. Parkinson’s disease has been epidemiologically linked to kidney function, but the extent of their shared genetic basis remains unclear. Here, the authors integrate genome-wide genetic correlation, pleiotropy and colocalisation analyses to identify shared loci and candidate pathways connecting Parkinson’s disease and kidney-related traits."
10.1038/s41467-026-77645-3,False,Nature Communications,该论文主要关注药物诱导的基因表达扰动，使用深度学习模型预测药物对基因表达的影响，与大气环境遥感技术（如空气质量监测、卫星观测、大气成分分析、气溶胶反演）无关。,"['deep learning', 'gene expression', 'drug discovery']",Tianhang Lv;Bojin Chen;Xiaoyue Dai;Meng Gao;Bingjie Zhu;Minjie Shen;Qin Zhu;Jie Liao;Xiaohui Fan,Learning chemical-induced gene expression perturbations with WAVE,"Drug-induced gene expression profiles can reveal compound mechanisms but are difficult to generate at scale. Here, the authors present WAVE, a deep learning model that accurately predicts bulk and single-cell drug responses, with experimental validation supporting its potential for drug discovery. 
 Chemical-induced transcriptional profiles facilitate systematic characterization of compound-driven perturbations, offering critical insights into mechanisms of action, especially for compounds with poorly defined molecular targets. However, experimentally profiling gene expression across all combinations of cell lines and compounds is impractical, limiting the large-scale application of comparative transcriptomics in drug screening. To address this, we developed a deep learning framework named WAVE (Wave Action-of-Drug with Variational Encoder), which predicts gene expression profiles from chemical structures and the basal states of cell lines and single cells. By effectively integrating drug molecular representations and cellular basal transcriptional profile using a β-variational autoencoder (β-VAE) framework, WAVE accurately predicts untested chemical-induced transcriptional profiles. Leveraging this integration of cellular insights and molecular characteristics, WAVE excels in drug discovery and drug repurposing based on in silico perturbation experiment. It’s application in lung adenocarcinoma (LUAD) drug discovery showcased its potential to identify potentially effective compounds. Our results demonstrate the utility of WAVE for elucidating mechanisms of action for potential drugs and enabling large-scale drug screening. Drug-induced gene expression profiles can reveal compound mechanisms but are difficult to generate at scale. Here, the authors present WAVE, a deep learning model that accurately predicts bulk and single-cell drug responses, with experimental validation supporting its potential for drug discovery."
10.1038/s41467-026-77876-4,False,Nature Communications,该论文主要关注细胞表面蛋白质组学分析，开发了一种基于磁亲和纯化的微型化蛋白质组学样本制备方法，用于分析少量细胞的表面蛋白质。虽然表面蛋白质可能与环境科学中的某些方面相关，但论文的核心内容与大气环境遥感技术（如空气质量监测、卫星观测、大气成分分析、气溶胶反演等）没有直接关系。,"['surface proteins', 'proteomics', 'cell-type-specific']",Amanda C. Lorentzian;Juliet M. Bartleson;Terence Ho;Hao Xu;Christopher B. Bullock;Zhichang Yang;Alan G. Gutierrez;Meena Choi;Tommy K. Cheung;Christopher M. Rose;Hua Zhang;William T. Yewdell;Ying Zhu,Cell-type-specific surfaceome profiling of 100-500 isolated cells using a droplet-based Magnetic Affinity Purification System,"Surface proteins are a key source of biomarkers and therapeutic targets, but remain poorly characterized in disease-relevant cells. Here, authors developed nanoMAPS, an ultrasensitive proteomic method to profile surface proteins from hundreds of primary cells and identify potential biomarkers. 
 Cell surface proteins represent an important source of biomarkers and therapeutic targets. However, due to the inherent sensitivity limitations of existing technologies, tissue and cell-type-specific surfaceomes remain poorly characterized, especially in the context of human diseases. Here, we present nanoMAPS (nanoscale Magnetic Affinity Purification System), a miniaturized proteomic sample preparation method for surfaceome profiling of as few as 100-500 cells (~100,000-fold lower than existing technologies). By performing magnetic bead-based affinity purification within a single microliter-scale droplet, nanoMAPS significantly improves the recovery of surface proteins and reduces non-specific absorption of intracellular proteins. Application of nanoMAPS to primary human immune cells and mouse plasma cell populations enables robust identification of established cell-type-specific surface markers as well as other proteins selectively enriched in disease-associated immune cell subpopulations. Together, these results establish nanoMAPS as a broadly applicable platform for extending surface proteomics technology to rare primary cells isolated directly from diseased tissues. Surface proteins are a key source of biomarkers and therapeutic targets, but remain poorly characterized in disease-relevant cells. Here, authors developed nanoMAPS, an ultrasensitive proteomic method to profile surface proteins from hundreds of primary cells and identify potential biomarkers."
10.1038/s41467-026-77930-1,False,Nature Communications,该论文主要关注生物图像分割中的深度学习技术，讨论如何通过调整图像分辨率来平衡分割精度、吞吐量和成本，与大气环境遥感技术（如空气质量监测、卫星观测、大气成分分析、气溶胶检索）无关。,"['bioimage segmentation', 'deep learning', 'microscopy']",Mariana G. Ferreira;Bruno M. Saraiva;António D. Brito;Mariana G. Pinho;Ricardo Henriques;Estibaliz Gómez-de-Mariscal,ReScale4DL: balancing pixel and contextual information for enhanced bioimage segmentation,"Deep-learning segmentation accuracy depends on image resolution, with each architecture having an optimum, usually at a lower microscopy resolution. Here, the authors present ReScale4DL, a framework for optimising imaging experiments by selecting resolutions to balance accuracy, throughput and cost. 
 Deep learning is the state-of-the-art approach for bioimage segmentation. However, it presents a paradox regarding image resolution: counterintuitively, deep learning segmentation performance can improve with lower image resolutions. This phenomenon is particularly significant in microscopy, where high-resolution acquisitions come with substantial costs in throughput, storage requirements and potential photodamage. We systematically evaluate how image resolution impacts segmentation by training popular architectures on datasets downsampled to 6-50% of their original resolution, mimicking lower-magnification acquisitions. Compared with models trained on native-resolution images, segmentation accuracy either improves (by up to 25% of mean Intersection over Union (IoU)) or degrades minimally (< 5% of mean IoU) when using images downsampled by up to fourfold (25% of the original resolution). Downsampling proportionally increases information throughput while reducing storage requirements and inference time. These findings provide practical guidelines for creating efficient, sustainable and cost-effective bioimaging pipelines that reduce data and computing needs while optimising microscopy techniques. Deep-learning segmentation accuracy depends on image resolution, with each architecture having an optimum, usually at a lower microscopy resolution. Here, the authors present ReScale4DL, a framework for optimising imaging experiments by selecting resolutions to balance accuracy, throughput and cost."
10.1038/s41467-026-77553-6,False,Nature Communications,该论文研究的是动脉类器官oids在缺血性疾病治疗中的应用，涉及血管再生和血流恢复，与大气环境遥感技术（如空气质量监测、卫星观测、大气成分分析、气溶胶反演）没有直接关系。,"['organoids', 'arterial', 'ischemic', 'perfusion', 'tissue repair']",Weijing Kong;Zihang Pan;Yi Hong;Liangliang Tian;Qiyang Yao;Yun Zhao;Zixuan Hong;Xiaojing Ma;Simin Jiang;Dayan Li;Yuxuan Guo;Xiaoxia Li;Lijun Sun;Jiao Liu;Qijia Liu;Erdan Dong;Jing Liu;Rica Tanaka;Jiaxuan Feng;Tao Zhang;Xi Wang;Kai Wang,Modular assembly of arterial organoids enables rapid blood perfusion to ameliorate ischemic diseases,"Here, the authors develop injectable arterial organoids that form functional vascular networks in vivo, promoting blood flow restoration and tissue repair in models of ischemic disease by enhancing vascular regeneration. 
 Transplantation of vascular cells is a potential strategy for enhancing vascular regeneration in the treatment of ischemic diseases. However, its therapeutic application is limited by poor engraftment and insufficient vascular integration. Here, we develop a scalable methodology for generating suspensible, homogeneous arterial organoids from human induced pluripotent stem cells using a three-dimensional bioreactor system. These spheroidal arterial organoids constitute micron-scale vascular modules, consisting of a confluent layer of arterial-like endothelial cells closely associated with mural cells. Following local injection, we show that the modules assemble into larger vascular structures, where the spaces between adjacent modules form interconnected channels that support rapid perfusion. To evaluate the therapeutic potential of this approach, we apply arterial organoids in murine models of hindlimb ischemia and myocardial infarction. Upon delivery, we demonstrate that arterial organoids rapidly integrate with host vasculature, improving perfusion recovery and tissue repair compared with single-cell counterparts. Mechanistically, we find that implanted arterial organoids recruit vascular endothelial growth factor A-secreting macrophages, which remodel the local microenvironment and promote vascular regeneration. Collectively, our findings demonstrate that arterial organoids can self-organize into perfusable vascular networks in vivo and improve blood perfusion in ischemic tissues. This study provides an injectable organoid-based strategy for vascular regeneration in ischemic disease contexts. Here, the authors develop injectable arterial organoids that form functional vascular networks in vivo, promoting blood flow restoration and tissue repair in models of ischemic disease by enhancing vascular regeneration."
10.1038/s41558-026-02750-6,False,Nature Climate Change,该论文主要关注转基因作物对气候适应性的影响，涉及农业产量和作物分布，但未提及大气环境遥感技术，如空气质量监测、卫星观测、大气成分分析或气溶胶反演等，因此与大气环境遥感技术相关性较低。,"['genetically engineered crops', 'climate resilience', 'crop production']",,Genetically engineered crops increase climate resilience of US fields,"Analyses of four decades of data show that genetically engineered varieties of corn, soybean and cotton raised average yields, reduced year-on-year yield variability and blunted the climate-driven northward drift of crop production. These findings indicate that biotechnology is an under-recognized instrument of climate adaptation. 
 Analyses of four decades of data show that genetically engineered varieties of corn, soybean and cotton raised average yields, reduced year-on-year yield variability and blunted the climate-driven northward drift of crop production. These findings indicate that biotechnology is an under-recognized instrument of climate adaptation."
10.1038/s43247-026-04028-3,False,Communications Earth & Environment,该论文标题和摘要均涉及地震噪音研究用于滑坡岩石块灾害评估，与大气环境遥感技术无关。,"['seismic noise', 'landslide', 'hazard assessment']",Veronica Pazzi;Simone Francesco Fornasari;Stefano Devoto;Giovanni Costa;Emanuele Forte,Reply to: On the use of seismic noise studies for landslide rock block hazard assessment,"Reply to: On the use of seismic noise studies for landslide rock block hazard assessment 
 "
10.1038/s43247-026-03899-w,False,Communications Earth & Environment,该论文主要关注的是将原住民知识与北极海洋模型相结合，以提高气候科学的准确性和对社区需求的响应，而不是直接涉及大气环境遥感技术，如空气质量监测、卫星观测或大气成分分析等。,"['Arctic Ocean model', 'Indigenous Knowledge', 'ocean modeling']",Claudine Hauri;Donna D. W. Hauser;Billy Adams;Victoria Q. Buschman;Roberta T. Glenn;Krista Heeringa;Brita Irving;Joseph M. Leavitt;Rémi Pagès;Robert Schaeffer,Indigenous Knowledge and observations improve Arctic Ocean model skill and relevance,"Combining Indigenous Knowledge with Arctic Ocean modeling can strengthen climate science while supporting community needs, creating ongoing, two-way partnerships. 
 Ocean models are increasingly central to understanding and anticipating change in ocean ecosystems. Yet these tools have been developed almost entirely without the people who observe, depend on, and steward these environments. Here we describe a framework for building Arctic Ocean models through sustained, two-way partnerships with Indigenous observers. Working with the Alaska Arctic Observatory and Knowledge Hub, we use seasonal calendars to bring together narrated observations from Iñupiat observers and output from an Arctic Ocean model. These Indigenous observations reveal model deficiencies that evaluation with academic scientific data misses and identify priorities for model development. At the same time, community priorities shape our research questions, from sea ice safety to the oceanographic conditions underlying bowhead whale harvesting success. This approach upholds Indigenous rights, data sovereignty, and self-determination while producing models that are more accurate, locally grounded, and relevant. Although focused on the Arctic, it offers a template for place-based, socially just ocean modeling in other regions. Combining Indigenous Knowledge with Arctic Ocean modeling can strengthen climate science while supporting community needs, creating ongoing, two-way partnerships."
None,True,Remote Sensing of Environment,该论文的标题和摘要明确提到了量子增强的多光谱遥感技术，这直接关联到大气环境遥感技术，特别是针对低信号环境的研究，这对于空气质量和大气成分分析具有重要意义。,"['quantum-enhanced', 'multispectral remote sensing', 'ultra-low signal environments']",Sumanta Das;Malini Roy Choudhury,Next frontier of Earth observation: Quantum-enhanced multispectral remote sensing for ultra-low signal environments,
None,True,Remote Sensing of Environment,该论文研究了使用Sentinel-5P和EnMAP卫星数据对格陵兰冰盖上融化的冰川区域的总水汽柱进行对比分析，属于大气环境遥感技术中的卫星观测和大气成分分析领域，因此与该主题强相关。,"['Sentinel-5P', 'EnMAP', 'total column water vapor', 'Greenland ice sheet']",Alexander Kokhanovsky;Luca Lelli;Karl Segl;Jörg Bendix,The intercomparison of total column water vapor over a melting glacier on the Greenland ice sheet derived using spaceborne Sentinel-5P and high spatial resolution EnMAP measurements,
None,True,Remote Sensing of Environment,该论文与大气环境遥感技术高度相关。标题和摘要中明确提到了OMI（Ozone Monitoring Instrument）传感器和NO2（二氧化氮）这一大气污染物，以及利用卫星观测数据进行的长期重建和时空约束压缩感知技术，这些都属于大气成分分析和空气质量监测的范畴。,"['OMI', 'NO2', 'satellite observations', 'atmospheric composition', 'remote sensing']",Yuan Wang;Duoduo Liu;Qianqian Yang;Qiangqiang Yuan;Yuanjian Yang;Tongwen Li;Lu Zhang;Mengya Wang;Zhige Wang;Jiang He;Denghong Liu;Yi Xiao,Long-term reconstruction of daily global OMI NO<sub>2</sub> product between 2005-2023 with spatiotemporally constrained compressive sensing,
None,True,Remote Sensing of Environment,该论文使用LiDAR数据量化森林的三维结构组织，这与大气环境遥感技术（如空气质量监测、卫星观测、大气成分分析、气溶胶反演）密切相关。LiDAR技术常用于大气环境遥感，通过测量大气中的气溶胶、云层等来监测空气质量。因此，该论文的研究内容与大气环境遥感技术具有强相关性。,"['LiDAR', 'forest', 'structural organization', 'atmospheric remote sensing', 'air quality monitoring']",Xin Yang;Wen Xiao;Wenxia Dai;Guang Zheng,3DSO: Quantifying forest three-dimensional structural organization beyond the canopy surface using LiDAR data,
None,True,Remote Sensing of Environment,该论文研究的是使用紧凑型太阳盲光学辐射计直接量化太阳诱导叶绿素荧光的技术。叶绿素荧光与植物光合作用和碳循环有关，而这些过程与大气成分分析密切相关。因此，该研究可以应用于大气环境遥感技术，例如监测大气成分和空气质量。,"['solar-induced chlorophyll fluorescence', 'compact solar-blind optical radiometers', 'atmospheric composition analysis']",Jonas Kuhn;Jochen Stutz,Direct quantification of solar-induced chlorophyll fluorescence using compact solar-blind optical radiometers,
None,True,Remote Sensing of Environment,该论文标题和摘要明确涉及陆地卫星热红外分窗口地表温度产品的不确定性工作流程，并特别提到了大气水汽的影响。这直接关联到大气环境遥感技术，尤其是地表温度监测和大气成分分析等领域。,"['Landsat TIRS', 'split window', 'surface temperature', 'atmospheric water vapor']",Amirhossein Hassanzadeh;Robert Mancini;Aaron Gerace;Rehman Eon;Matthew Montanaro;Elphas Khata,An uncertainty workflow for landsat TIRS split window surface temperature products incorporating atmospheric water vapor,
None,True,Remote Sensing of Environment,该论文使用ICESat-2 ATL08高度数据和Landsat时间序列来评估美国南部黄松的年龄-高度关系，涉及卫星观测和森林参数分析，与大气环境遥感技术中的卫星观测和植被参数反演相关。,"['ICESat-2', 'ATL08', 'Landsat', 'time series', 'age-height relationship']",Sonia Sharma Banjade;Randolph H. Wynne;Valerie A. Thomas;Patrick C. Green;Todd A. Schroeder,Using ICESat-2 ATL08 heights and Landsat time series to assess the age-height relationship of southern yellow pines in the US,
None,True,Remote Sensing of Environment,该论文研究利用空间激光雷达和多源地理空间数据集协同进行北京-天津-河北都市圈城市建筑高度测绘，涉及空间遥感技术和地理空间数据，与大气环境遥感技术（如空气质量监测、卫星观测、大气成分分析、气溶胶反演）密切相关，特别是空间激光雷达在监测城市环境中的应用。,"['spaceborne LiDAR', 'multisource geospatial datasets', 'urban building height mapping']",Jieying Lao;Sheng Nie;Cheng Wang;Xiaohuan Xi;Xiaoxiao Zhu,Urban building height mapping in Beijing-Tianjin-Hebei megalopolis by synergy of spaceborne LiDAR and multisource geospatial datasets,
None,True,Remote Sensing of Environment,该论文使用时间序列卫星数据来绘制澳大利亚动态潮间带的3D形状变化，涉及卫星观测和地表形态分析，与大气环境遥感技术中的卫星观测和地表特征分析相关。,"['satellite data', 'intertidal zone', '3D shape mapping']",Robbi Bishop-Taylor;Claire Phillips;Stephen Sagar;Vanessa Newey,Time and tide: Mapping the changing 3D shape of Australia's dynamic intertidal zone using time series satellite data,
None,False,Remote Sensing of Environment,该论文的主题是全球地表物候（LSP）产品的比较和评估，主要关注地表植被的季节性变化，与大气环境遥感技术（如空气质量监测、卫星观测、大气成分分析、气溶胶反演）的关联性较弱。,"['land surface phenology', 'LSP', 'global products']",Getachew Mehabie Mulualem;Jose A. Caparros-Santiago;Victor Rodriguez-Galiano;Jadunandan Dash,Intercomparison and evaluation of global land surface phenology (LSP) products,
None,False,Remote Sensing of Environment,该论文主要关注利用机器学习和样本增强技术进行跨尺度小麦收割监测，与大气环境遥感技术（如空气质量监测、卫星观测、大气成分分析、气溶胶反演）相关性较低。,"['machine learning', 'cross-scale', 'wheat harvest']",Mingchao Shao;Chongya Jiang;Jingwei An;Haokai Zhu;Yue Li;Xia Yao;Tao Cheng;Hengbiao Zheng;Weixing Cao;Yan Zhu,A knowledge-guided machine learning framework for cross-scale wheat harvest monitoring via sample augmentation,
None,False,Remote Sensing of Environment,该论文主要研究的是水资源压力指数与土壤湿度结合用于评估摩洛哥橄榄树的水分状况，与大气环境遥感技术（如空气质量监测、卫星观测、大气成分分析、气溶胶反演等）没有直接关系。,"['water stress index', 'olive tree', 'soil moisture']",Hamza Barguache;Jamal Ezzahar;Said Khabba;Jamal Elfarkh;Salah Er-Raki;Adnane Chakir;Lionel Jarlan;Zoubir Rafi;Pascal Fanise;Valerie Le Dantec,Development of a new water stress index combining PRI and soil moisture for assessing olive tree water status in Morocco,
None,False,Remote Sensing of Environment,该论文研究的是古河岸滑坡的长期蠕变和活动厚度变化，主要涉及的是地理学和地质学领域，与大气环境遥感技术（如空气质量监测、卫星观测、大气成分分析、气溶胶反演）没有直接关系。,"['InSAR', 'paleo riverbank landslide', 'anomalous water levels']",Huiyuan Luo;Chuanhao Pu;Zhong Lu;Xuanmei Fan;Qiang Xu,Multitemporal InSAR analysis of long-term creep and active thickness changes in a paleo riverbank landslide driven by anomalous water levels,
None,True,Remote Sensing of Environment,该论文使用Landsat时间序列数据和深度学习方法进行森林干扰检测，属于遥感技术领域，特别是卫星观测和地表覆盖变化分析，与大气环境遥感技术中的地表参数反演和监测相关。,"['Landsat', 'deep learning', 'forest disturbance detection']",Alba Viana-Soto;Jorunn Anna Mense;Katja Kowalski;Jan Pauls;Fabian Gieseke;Cornelius Senf,Deep learning-based forest disturbance detection for Europe using Landsat time series,
None,True,Remote Sensing of Environment,该论文研究的是利用知识迁移技术进行树木冠层分割，这属于遥感技术在环境监测中的应用，特别是与大气成分分析相关，因为树木冠层的健康和结构可以反映大气环境的质量。,"['individual tree crown segmentation', 'remote sensing', 'atmospheric composition analysis']",Jiaqi Yang;Kyle Kabasares;Ming Liu;Taejin Park;Min Chen,Unified knowledge transfer boosts individual tree crown segmentation without scene-specific labels,
None,True,Remote Sensing of Environment,该论文与大气环境遥感技术密切相关，因为它涉及使用Sentinel-2卫星数据重建云清除时间序列，这属于卫星观测和大气成分分析领域。,"['Sentinel-2', 'time series', 'atmospheric degradations']",Ziyang LiHe;Qiangqiang Yuan;Jiang He;Liupeng Lin;Xianyu Jin;Huanfeng Shen;Liangpei Zhang,Reconstructing cloud-free Sentinel-2 time series under complex degradations with state-driven spatio-temporal modeling,
None,True,Remote Sensing of Environment,该论文研究了利用FengYun-3D卫星的X波段观测数据获取植被光学深度产品，这与大气环境遥感技术密切相关，特别是在植被参数反演和大气成分分析方面。,"['FengYun-3D', 'vegetation optical depth', 'remote sensing']",Lei Fan;Mengjia Wang;Dongbo Chen;Philippe Ciais;Frédéric Frappart;Jiangyuan Zeng;Gabrielle De Lannoy;Jian Peng;Xiuqing Hu;Ronghan Xu;Xin Li;Xiaojun Li;Xiangzhuo Liu;Yao Xiao;Jean-Pierre Wigneron,First vegetation optical depth product retrieved from FengYun-3D X-band observations,
None,True,Remote Sensing of Environment,该论文使用BTSAD和CBPA方法，基于Landsat和HLSv2.0卫星数据监测了36年间红树林的时空演变和功能退化。虽然主要关注红树林生态，但使用了卫星遥感技术进行监测，这与大气环境遥感技术中的卫星观测和时空分析相关，因此属于相关领域。,"['BTSAD', 'CBPA', 'Landsat', 'HLSv2.0', 'mangrove']",Bolin Fu;Weiping Yi;Yeqiao Wang;Hang Yao;Mingming Jia;Ertao Gao;Donglin Fan,Monitoring global mangrove spatial evolution and functional degradation using BTSAD and CBPA methods over a 36-year dense Landsat and HLSv2.0 time series,
None,True,Remote Sensing of Environment,该论文使用Sentinel-1卫星数据的时间序列分析技术来检测农作物的播种和收获日期，这与大气环境遥感技术中的卫星观测和地表参数反演密切相关，因此属于强相关领域。,"['Sentinel-1', 'time series', 'crop sowing and harvesting']",Shuai Xu;Xiaolin Zhu,A new adaptive approach for detecting crop sowing and harvesting dates from Sentinel-1 time series,
None,True,Remote Sensing of Environment,该论文研究了利用卫星土壤湿度进行作物生产力异常的亚季节预测，涉及卫星观测技术，与大气环境遥感技术中的土壤湿度和作物监测相关，属于大气环境遥感技术领域。,"['satellite soil moisture', 'sub-seasonal forecasting', 'cropland productivity']",Adebowale Daniel Adebayo;Catherine Nakalembe,Sub-seasonal forecasting of cropland productivity anomalies using satellite soil moisture in water-limited environments,
None,True,Remote Sensing of Environment,该论文与大气环境遥感技术密切相关，因为Planet Dove是一种用于监测海岸线的遥感平台，这涉及到卫星观测和地表特征分析，属于大气环境遥感技术的应用范畴。,"['Planet Dove', 'coastlines', 'remote sensing']",Katherine C. Cavanaugh;Kyle Dorman;Kyle C. Cavanaugh,Capability of Planet Dove for monitoring the world's coastlines,
None,True,Remote Sensing of Environment,该论文研究了地上生物量和土壤湿度干旱对基于VOD（植被光学深度）的全球等湿性估计的影响，涉及大气水汽成分分析，与大气环境遥感技术（如大气成分分析）密切相关。,"['VOD', 'global isohydricity', 'biomass', 'soil moisture', 'atmospheric water vapor']",Yuanzhizi Deng;Yao Zhang,Effects of aboveground biomass and soil moisture drought on VOD-based global isohydricity estimates,
None,False,Remote Sensing of Environment,这篇论文研究的是利用机器学习方法从高分辨率植被指数数据中提取作物物候信息，主要关注农业领域，与大气环境遥感技术（如空气质量监测、卫星观测、大气成分分析、气溶胶反演等）没有直接关联。,"['vegetation index', 'crop phenology', 'machine learning']",Ruoque Shen;Qiongyan Peng;Xiangqian Li;Jianxi Huang;Jin Chen;Jie Dong;Xiuzhi Chen;Wenping Yuan,SMFS-RF: a knowledge-guided machine-learning method for crop phenology extraction from fine-resolution vegetation index data,
None,True,Remote Sensing of Environment,该论文与大气环境遥感技术高度相关，因为它专注于Landsat 10任务中的传感器设计。Landsat系列卫星是美国国家航空航天局（NASA）用于地球观测的重要工具，广泛应用于空气质量监测、大气成分分析和卫星遥感等领域。,"['Landsat', 'sensor', 'Landsat 10']",Matthew Montanaro;Jeffrey Yee;Edmond Chung;Julie Montoya;Benjamin Turk;Eric Johnson;Andrew Pozo;Evan Haas;Steven Persh;Shawn Serbin;Thomas R. Holmes;Phillip W. Dabney;Bruce D. Cook;Christopher S.R. Neigh,Landsat Instrument Suite (LandIS) sensor design for the Landsat 10 mission,
None,False,Remote Sensing of Environment,该论文标题和摘要主要关注生物多样性科学和保护，而不是大气环境遥感技术，如空气质量监测、卫星观测或大气成分分析。因此，它与大气环境遥感技术的关系不强。,"['bioSat indices', 'biodiversity', 'conservation']",Volker C. Radeloff;Eduarda M.O. Silveira;Akash Anand;Duanyang Liu;Kathleen A. Carroll;Nicholas C. Coops;Gabriel C. Costa;Maxim Dubinin;Laura S. Farwell;Paul R. Elsen;Martina L. Hobi;Elena Razenkova;Naparat Suttidate;Benjamin Zuckerberg;Anna M. Pidgeon,The BioSat indices designed for biodiversity science and conservation,
None,True,Remote Sensing of Environment,该论文与大气环境遥感技术密切相关，因为Landsat是一个卫星传感器，用于观测地球表面的蒸发蒸腾量（evapotranspiration），这属于大气成分分析的一部分。论文涉及全球范围的数据开发、评估和传播，这与卫星观测技术直接相关。,"['Landsat', 'evapotranspiration', 'global', 'satellite observations']",Gabriel B. Senay;Gabriel E.L. Parrish;Kul Khand;Lei Ji;Ray Dittmeier;MacKenzie Friedrichs;John Volk;Charles Morton;Leonardo Laipelt;Stefanie Kagone;Sheila M.V. Cochrane;Jordan Dornbierer;Saeed Arab;Calli Jenkerson;Anderson Ruhoff;Michael Budde,"On-demand global Landsat evapotranspiration product: development, evaluation, and dissemination",
None,True,Remote Sensing of Environment,该论文涉及使用Landsat遥感数据进行灌溉 mapping 和实际蒸散量估算，结合水文模型评估区域灌溉动态，这与大气环境遥感技术（如空气质量监测、卫星观测、大气成分分析、气溶胶反演）中的遥感技术应用有较强的相关性，特别是卫星观测和大气水文学结合方面。,"['Landsat', 'irrigation mapping', 'actual evapotranspiration']",Jorge L. Peña-Arancibia;Yingying Yu;Tim R. McVicar;Thomas G. Van Niel;Francis H.S. Chiew;Darin Hodgson;Jamie Vleeshouwer;Aarond Dino;Zachary Brown;Anthony Nadelko,Integrating Landsat-based irrigation mapping and actual evapotranspiration estimates with hydrological modelling to assess regional irrigation dynamics in a large basin experiencing extreme climate variability: Towards a national operational irrigation water accounting system,
None,True,Remote Sensing of Environment,该论文使用Landsat地表温度数据推导生物热变量，应用于生物多样性研究。虽然主要关注生物多样性，但Landsat地表温度数据获取与大气环境遥感技术密切相关，属于卫星观测和大气成分分析的范畴。,"['Landsat', 'surface temperature', 'biothermal', 'biodiversity']",Eduarda M.O. Silveira;Anna M. Pidgeon;Volker C. Radeloff,The BioThermal variables derived from Landsat surface temperature data for biodiversity applications,
None,True,Remote Sensing of Environment,该论文标题和摘要涉及地球观测基础模型的校准空间不确定性，通过Matérn动机潜在随机正则化方法进行处理。这与大气环境遥感技术相关，因为地球观测技术是大气环境遥感的重要组成部分，而空间不确定性和正则化方法是遥感数据分析和处理中的关键技术，例如在空气质量监测和卫星观测中。,"['Earth observation', 'spatial uncertainty', 'latent stochastic regularization']",Daniel P. Johnson,Calibrated spatial uncertainty for Earth observation foundation models via Matérn-motivated latent stochastic regularization,
None,True,Remote Sensing of Environment,该论文是关于Landsat和MODIS卫星观测地表温度的校正说明，涉及多源地表温度一致性研究，与大气环境遥感技术中的地表温度监测和卫星遥感技术密切相关，因此是相关的。,"['Landsat', 'MODIS', 'land surface temperature', 'multi-source LST consistency']",Xue Li;Dandan Wang;Huihui Xu;Mengmeng Wang;Ji Zhou;Frank Göttsche;Xiaoyu He;Gaijing Chang;Yue Han,Corrigendum to ‘Angular anisotropy of Landsat and MODIS land surface temperature toward multi-source LST consistency’ [Remote Sens. Environ. 346 (2026) 115624],
None,True,Remote Sensing of Environment,该论文研究了城市化、植被和背景气候如何在大尺度上塑造地表热岛效应。地表热岛效应是大气环境研究中的一个重要课题，通常通过遥感技术进行监测和分析。因此，该论文与大气环境遥感技术（如空气质量监测、卫星观测、大气成分分析、气溶胶反演）密切相关。,"['urbanization', 'vegetation', 'climate', 'surface urban heat island', 'remote sensing']",Song Jiang;Yongling Zhao;Lei Zhao;Jan Carmeliet;Jian Peng,"Disentangling diverse findings on how urbanization, vegetation, and background climate shape the surface urban heat island at large scales",
None,True,Remote Sensing of Environment,该论文研究利用成像光谱技术进行物种分类，属于遥感技术范畴，与大气环境遥感技术（如卫星观测和大气成分分析）有较强的相关性。,"['imaging spectroscopy', 'species classification', 'remote sensing']",Sofia J. van Moorsel;Bernhard Schmid;Michael Niederberger;Jeremiah Huggel;Michael Scherer-Lorenzen;Uwe Rascher;Alexander Damm;Meredith C. Schuman,Using a planted tree biodiversity experiment to evaluate imaging spectroscopy for species classification,
None,True,Remote Sensing of Environment,该论文研究了当代遥感技术和物种分布模型在预测海岸带栖息地空间分布方面的应用，这与大气环境遥感技术（如空气质量监测、卫星观测、大气成分分析、气溶胶反演）中的遥感技术应用密切相关，尽管主题侧重于海岸带生态学，但遥感技术本身是大气环境遥感领域的重要组成部分。,"['remote sensing techniques', 'species distribution modelling', 'coastal habitats']",Louise Forsblom;Ari-Pekka Jokinen;Dimitry Van der Zande;Mihailo Azhar;Dimitar Berov;Jacob Carstensen;Vivi Drakopoulou;Vasilis Gerakaris;Hege Gundersen;Jonne Kotta;Valeria Mobilia;Nadia Papadopoulou;Bogdan Prodanov;Sofia Reizopoulou;Christopher J. Smith;Anna Spinosa;Valentina Todorova;Peter Anton Upadhyay Stæhr;Sanjina Upadhyay Stæhr;Elina A. Virtanen,Comparative analysis of contemporary remote sensing techniques and species distribution modelling in predicting spatial distribution of coastal habitats,
None,True,Remote Sensing of Environment,该论文标题和摘要明确涉及地球静止轨道观测技术（GIIRS和GEMS）用于监测生物质燃烧产生的空气污染物，这与大气环境遥感技术（如空气质量监测、卫星观测、大气成分分析、气溶胶反演）密切相关。,"['biomass burning', 'GIIRS', 'GEMS', 'air pollutants', 'Southeast Asia']",Shan Han;Shangyi Liu;Mengya Sheng;Jhoon Kim;Ximin Cui;Minqiang Zhou;Wei Wang;Isamu Morino;Voltaire A. Velazco;Zhao-Cheng Zeng,Geostationary observations of air pollutants from biomass burning: A synergy of GIIRS and GEMS over Southeast Asia,
None,True,Remote Sensing of Environment,该论文使用了Sentinel-1和Sentinel-2卫星数据来估算田间的灌溉量，并结合土壤水分平衡模型和水云模型进行分析。虽然主要关注的是灌溉量估算，但使用了卫星遥感技术，因此与大气环境遥感技术（如卫星观测和大气成分分析）有较强的相关性。,"['Sentinel-1', 'Sentinel-2', 'soil water balance model', 'Water Cloud Model']",Martina Natali;Sara Modanesi;Domenico De Santis;Gabriëlle De Lannoy;Susan Steele-Dunne;Alessia Flammini;Alessio Domeneghetti;Christian Massari,Field-scale irrigation estimation using Sentinel-1 and Sentinel-2 data within a soil water balance model coupled to the Water Cloud Model,
None,True,Remote Sensing of Environment,该研究涉及海岸和河口浑浊水域中颗粒背向散射、尺寸和悬浮颗粒物的反演算法，这与大气环境遥感技术中的空气质量监测和大气成分分析密切相关，因此具有较强的相关性。,"['particle backscattering', 'size', 'suspended particulate matter', 'turbid coastal waters', 'MOSAIC algorithm']",Juliana Tavora;Amanda de Liz Arcari;Mhd. Suhyb Salama;Cédric G. Fichot;Joshua P. Harringmeyer;Gian Marco Scarpa;Federica Braga;Emmanuel Boss;David Doxaran;Romaric Verney,"An algorithm for the retrieval of particle backscattering, size, and suspended particulate matter in turbid coastal and estuarine waters (MOSAIC)",
None,True,Remote Sensing of Environment,该论文标题和摘要中明确提到了“碳量化”和“大气组成”，这与大气环境遥感技术（如空气质量监测、卫星观测、大气成分分析、气溶胶反演）密切相关。论文的研究目标是通过高分辨率智能技术进行碳的量化与解释，这属于大气环境遥感技术的一个重要应用方向。,"['carbon quantification', 'remote sensing', 'atmospheric composition']",Bokyung Son;Taejun Sung;Sejeong Bae;Minki Choo;Jungho Im;Yeonsu Lee;S.M. Sohel Rana;Dongjin Cho;Cheolhee Yoo;Jeonghyun Hong;Hojin Lee;Hyun Seok Kim,"UNIQUE: UNified, high-resolution Intelligent carbon QUantification and Explanation",
None,True,Remote Sensing of Environment,该论文研究利用无人机系统（UAV）和DART模型进行玉米冠层太阳诱导叶绿素荧光的地面测量，涉及遥感技术和植物生理学，与大气环境遥感技术（如卫星观测和大气成分分析）有一定关联，但主要关注点在于地面测量而非高空遥感观测技术。,"['UAV system', 'DART model', 'maize canopy', 'solar-induced chlorophyll fluorescence']",Xiaokang Zhang;Zhaoying Zhang;Linsheng Wu;Yongguang Zhang,Developing the optimal observation scale model for maize canopy solar-induced chlorophyll fluorescence ground measurements based on UAV system and DART model,
None,True,Remote Sensing of Environment,该论文的标题和摘要中涉及了辐射传输和定向温度的监测，这与大气环境遥感技术中的空气质量监测、卫星观测和大气成分分析密切相关。这些关键词表明该研究可能涉及遥感技术在复杂地表条件下的应用，因此与大气环境遥感技术高度相关。,"['radiative transfer', 'directional temperatures', 'heterogeneous surfaces']",Shouyi Zhong;Zunjian Bian;Roujean Jean-Louis;Qiang Liu;Juan Cheng;Yongming Du;Hua Li;Jianguang Wen;Qing Xiao,A global system for monitoring radiative transfer and directional temperatures over heterogeneous surfaces,
None,True,Remote Sensing of Environment,该论文研究SWOT（太空borne水面积测量任务）数据的水面高程精度，涉及卫星观测技术，属于大气环境遥感技术范畴，特别是与水质监测和卫星遥感应用相关。,"['SWOT', 'water surface elevation', 'remote sensing', 'satellite observations']",Rucha Sanjay Deshpande;Tajdarul Hassan Syed;Michael Durand;Steve Coss;Tamlin M. Pavelsky,Identifying regional drivers of variability in SWOT-derived water surface elevation accuracy,
None,True,Remote Sensing of Environment,该论文研究利用1.5米森林冠层高度时间序列数据揭示国家尺度的森林扰动，这与大气环境遥感技术中的森林监测和大气成分分析相关，属于遥感技术在生态和环境监测中的应用范畴。,"['forest canopy height', 'time series', 'disturbances']",Martin Schwartz;Fajwel Fogel;Nikola Besic;Damien Robert;Louis Geist;Jean-Pierre Renaud;Jean-Matthieu Monnet;Clemens Mosig;Cédric Vega;Alexandre d’Aspremont;Loic Landrieu;Philippe Ciais,FORMSpoT: Revealing fine-scale forest disturbances from nation-wide 1.5 m forest canopy height time series,
None,True,Remote Sensing of Environment,该论文研究了Landsat和MODIS卫星获取的地表温度数据的角向异性，并探讨了多源地表温度数据的一致性问题。这直接与大气环境遥感技术相关，特别是卫星观测和地表温度反演方面。,"['Landsat', 'MODIS', 'land surface temperature', 'LST consistency']",Xue Li;Dandan Wang;Huihui Xu;Mengmeng Wang;Ji Zhou;Frank Göttsche;Xiaoyu He;Gaijing Chang;Yue Han,Angular anisotropy of Landsat and MODIS land surface temperature toward multi-source LST consistency,
None,True,Remote Sensing of Environment,该论文研究的是在光复杂性水域中识别不同浮游植物功能群和大小类别的可能性，涉及遥感技术在水质监测中的应用，与大气环境遥感技术中的水质监测和大气成分分析相关。,"['phytoplankton', 'optically complex waters', 'remote sensing']",Tiit Kutser;Karolin Teeveer;Tuuli Soomets;Birgot Paavel;Laura Argus;Ele Vahtmäe;Martin Ligi;Kaire Toming,On the possibility of recognising different phytoplankton functional groups and size classes in optically complex waters,
None,False,Remote Sensing of Environment,该论文研究的是利用SWOT卫星数据反演海洋重力场来揭示墨西哥湾的隐伏地质构造，与大气环境遥感技术（如空气质量监测、卫星观测、大气成分分析、气溶胶反演等）没有直接关系。,"['SWOT-derived', 'marine gravity', 'tectonic structures']",Daocheng Yu;James Pindell;Cheinway Hwang;Xiaoli Deng;Emmy T. Chang;Jinyun Guo,Revealing buried tectonic structures in the Gulf of Mexico using SWOT-derived marine gravity,
None,True,Remote Sensing of Environment,该论文标题和摘要明确涉及气溶胶光学质心高度（AOCH）数据产品，以及来自EPIC/DSCOVR卫星的观测数据，这与大气环境遥感技术（如空气质量监测、卫星观测、大气成分分析、气溶胶反演）高度相关。,"['aerosol optical centroid height', 'EPIC/DSCOVR', 'satellite observations']",Zhendong Lu;Jun Wang;Xi Chen;Meng Zhou;Xiaoguang Xu;Yeonsu Park;Hyerim Kim,Version 2 of hourly aerosol optical centroid height (AOCH) data product from EPIC/DSCOVR in deep space,
None,True,Remote Sensing of Environment,该论文的标题和摘要都与大气环境遥感技术密切相关，特别是火山活动的监测、量化、和分类。这些内容涉及卫星观测和热成像技术，属于大气环境遥感技术的研究范畴。,"['volcanic activity', 'space', 'thermal framework']",S. Aveni;D. Coppola;M. Laiolo,"A synergistic thermal framework for monitoring, quantifying, and classifying volcanic activity from space",
None,True,Remote Sensing of Environment,该研究涉及使用0.4-2 GHz宽带辐射计技术来观测冷海水表面盐度，这属于遥感技术在海洋环境监测中的应用，与大气环境遥感技术（如卫星观测和大气成分分析）有一定的关联性，但主要聚焦于海洋盐度观测，而非典型的大气环境监测。,"['wideband radiometry', 'surface salinity', 'cold seawater']",Jacqueline Boutin;Jean-Luc Vergely;Stéphane Ferron;Laurent Bertino;Giovanni Macelloni;Marco Brogioni;Emmanuel Dinnat;Lars Kaleschke;Rasmus Tonboe;Yiwen Zhou;Marie-Laure Frery;Valerie Dutto;Katia Nagamine Urata;Matthias Drusch,Beyond L-band: 0.4-2 GHz wideband radiometry for observing surface salinity in cold seawater,
None,False,Remote Sensing of Environment,该论文主要关注的是玉米疾病胁迫的垂直分层异质性特征，使用了SCOPE模型的适应性调整，与大气环境遥感技术（如空气质量监测、卫星观测、大气成分分析、气溶胶反演等）没有直接关联。,"['maize disease stress', 'vertical stratification', ' SCOPE adaptation']",Binxiang Qian;Wenjiang Huang;Zhijun Zhen;Kehui Ren;Peiqi Yang;Jianbo Qi;Michael Henke;Xiuliang Jin;Lingjing Ouyang;Anting Guo;Jie Bai;Chao Ruan;Tiecheng Huang;Yin Jin;Zhenong Jin,The cmSCOPE-D model: A transmission-dynamics-enabled SCOPE adaptation to characterize vertically stratified heterogeneity of maize disease stress,
None,False,Remote Sensing of Environment,该论文研究的是使用GEDI和ICESat-2观测数据生成热带沼泽地最优数字高程模型（DTM）的方法，主要关注地面高程数据获取，而非大气环境遥感技术，如空气质量监测、卫星观测、大气成分分析或气溶胶反演。,"['GEDI', 'ICESat-2', 'DTM']",Yuan Sun;Huan Xie;Xiaohua Tong;Yi Li;Alexander R. Cobb;Rahayu S. Sukri;Muhammad Arif bin Haji Selamat;Hao Tang,A novel method for generating optimal DTM in tropical peatlands using GEDI and ICESat-2 observations,
None,True,Remote Sensing of Environment,该论文标题和摘要明确涉及地球矿物表面的轨道成像光谱技术，这属于大气环境遥感技术的范畴，特别是卫星观测和大气成分分析。EMIT（Earth Observation System - Mineral Imaging Technology）是一个卫星传感器，用于监测地球表面的矿物成分，这可以间接用于大气成分分析，例如通过矿物成分反演大气中气溶胶和污染物的分布。因此，该论文与大气环境遥感技术密切相关。,"['orbital imaging spectroscopy', 'EMIT', 'mineral surface', 'atmospheric composition analysis', 'satellite observations']",Marie-Stephane Guillaumont;David R. Thompson;Philip G. Brodrick;Roger Clark;Robert O. Green;Gregory S. Okin,Orbital imaging spectroscopy of Earth’s mineral surface: Results and stability from EMIT’s first two years,
None,False,Remote Sensing of Environment,该论文的主题是关于叶绿素含量的监测，虽然与植物生理学和环境科学相关，但与大气环境遥感技术（如空气质量监测、卫星观测、大气成分分析、气溶胶反演等）没有直接关系。,"['chlorophyll index', 'leaf chlorophyll content', 'monitoring']",Si Gao;Kai Yan;Jinhua Li;Cheng Huang;Xuanlong Ma;Wenjie Fan;Liangyun Liu;Qiao Wang,Structure-resistant chlorophyll index: A novel indicator for leaf chlorophyll content monitoring,
None,False,Remote Sensing of Environment,标题为' Editorial Board '，摘要缺失，无法判断与大气环境遥感技术（如空气质量监测、卫星观测、大气成分分析、气溶胶反演）的相关性。,[],,Editorial Board,
None,False,International Journal of Applied Earth Observation and Geoinformation,该论文主要关注无人机图像中的城市场景重建，涉及语义高斯表示和遮挡感知技术，与大气环境遥感技术（如空气质量监测、卫星观测、大气成分分析、气溶胶反演）的关联性较弱。,"['UAV imagery', 'urban scene reconstruction', 'semantic Gaussian representations']",Zhenfei Ling;Ruisheng Wang;Kun Zhou;Tszming Lu;Fugui Liu;Renzhong Guo,Learning instance-level semantic Gaussian representations for occlusion-aware urban scene reconstruction from UAV imagery,
None,True,International Journal of Applied Earth Observation and Geoinformation,该论文研究了基于数据校准和CNN模型在复杂山区进行植被冠层高度检索的技术，这与大气环境遥感技术中的卫星观测、大气成分分析等领域相关，特别是涉及到植被参数的遥感反演，因此是相关的。,"['vegetation canopy height', 'data calibration', 'CNN model', 'mountainous regions']",Huajun Liang;Qiang Bie;Hongwei Zhang;Wenyu Yao,Vegetation canopy height retrieval in complex mountainous regions based on data calibration and CNN model,
None,False,International Journal of Applied Earth Observation and Geoinformation,该论文研究的是利用LMUNet-RCAM算法进行多模态洞穴提取，涉及hillshade和RGB特征以及局部注意力机制，主要应用于地理信息系统和洞穴探测领域，与大气环境遥感技术（如空气质量监测、卫星观测、大气成分分析、气溶胶反演）关系不大。,"['loess cave extraction', 'hillshade', 'RGB features', 'local attention mechanisms']",Jianjin Huang;Xiaoli Huang;Sijin Li;Hu Ding,Multimodal loess cave extraction using LMUNet-RCAM: Integrating hillshade and RGB features with local attention mechanisms,
None,True,International Journal of Applied Earth Observation and Geoinformation,该论文标题和摘要明确涉及被动微波土壤湿度反演技术，具体使用了AMSR2卫星传感器和RTE引导的混合专家框架，这与大气环境遥感技术（如卫星观测、大气成分分析）密切相关。,"['RTE-guided', 'mixture-of-experts', 'AMSR2', 'passive microwave', 'soil moisture retrieval']",Yurong Wu;Kebiao Mao;Jiancheng Shi;Zhonghua Guo;Sayed M. Bateni,An RTE-guided mixture-of-experts framework for AMSR2 passive microwave soil moisture retrieval,
None,False,International Journal of Applied Earth Observation and Geoinformation,该论文主要关注非稳态短轮伐期人工林地的干扰检测，涉及的是森林管理和生态学领域，与大气环境遥感技术（如空气质量监测、卫星观测、大气成分分析、气溶胶反演等）没有直接关联。,"['disturbance detection', 'short-rotation forest plantations', 'quantile baselines']",Guerric le Maire;Florian de Boissieu;Clayton Alcarde Alvares;Henrique Ferraco Scolforo;Evandro Nunes Miranda;Vitória Barbosa Ferreira;Jean-Baptiste Féret;Joannès Guillemot;José Luiz Stape,Context-aware quantile baselines for disturbance detection in non-stationary short-rotation forest plantations,
None,False,International Journal of Applied Earth Observation and Geoinformation,该论文主题是虚拟地理场景建模和城市高速公路隧道场景的数字孪生，与大气环境遥感技术（如空气质量监测、卫星观测、大气成分分析、气溶胶反演）没有直接关联。,[],Jinbin Zhang;Jun Zhu;Bowen Yang;Zhihao Guo;Ranran Tang;Tao Jiang;Jigang You,Virtual geographical scene modeling towards geospatial digital twins: A case study of urban highway tunnel scenarios,
None,False,International Journal of Applied Earth Observation and Geoinformation,这篇论文的主题是使用社交媒体数据识别大城市中的城市洪水优先区域，这与大气环境遥感技术（如空气质量监测、卫星观测、大气成分分析、气溶胶反演）没有直接关系。,[],Xi Huang;Guicheng Yang;Yinyin Chen;Luo Liu;Jiufeng Li;Xianzhe Tang,A spatiotemporal framework for identifying urban flood priority areas in megacities using social media data,
None,False,International Journal of Applied Earth Observation and Geoinformation,该论文主要关注使用移动激光扫描和语义3D道路空间模型进行物体表面辐射指纹识别，与大气环境遥感技术（如空气质量监测、卫星观测、大气成分分析、气溶胶反演）关系不大。,"['mobile laser scanning', 'semantic 3D road space models', 'radiometric fingerprinting']",Benedikt Schwab;Thomas H. Kolbe,Radiometric fingerprinting of object surfaces using mobile laser scanning and semantic 3D road space models,
None,False,International Journal of Applied Earth Observation and Geoinformation,该论文主要关注跨区域梯田地块提取的领域适应问题，涉及边界感知和结构感知的域适应技术，与大气环境遥感技术（如空气质量监测、卫星观测、大气成分分析、气溶胶反演等）没有直接关联。,"['domain adaptation', 'terraced parcel extraction', 'boundary aware']",Zhiwei Zhang;Xingyuan Zeng;Xinkai Kong;Juepeng Zheng;Haoyuan Liang;Guowei Zhou;Bohan Shi;Lingyuan Zhao;Jianxi Huang;Haohuan Fu,DATerra: Boundary and structure aware domain adaptation for cross-regional terraced parcel extraction,
None,True,International Journal of Applied Earth Observation and Geoinformation,该论文标题和摘要明确涉及使用多颗地球静止卫星（GK-2B、Himawari-9、FY-4B）融合数据进行东亚地区气溶胶动力学和烟雾输送的跟踪，这与大气环境遥感技术（如空气质量监测、卫星观测、大气成分分析、气溶胶反演）密切相关。,"['aerosol dynamics', 'smoke transport', 'multi-geostationary satellite fusion', 'GK-2B', 'Himawari-9', 'FY-4B']",Tong Sha;Zhenan Yao;Yueming Cheng;Tie Dai;Jing Wei;Guangyu Shi,"Tracking diurnal aerosol dynamics and smoke transport over East Asia using multi-geostationary satellite fusion (GK-2B, Himawari-9, FY-4B)",
None,True,International Journal of Applied Earth Observation and Geoinformation,该论文研究了利用双时相高分辨率卫星影像和重投影的数字高程模型（nDSM）来估算城市建筑高度的方法。这与大气环境遥感技术中的卫星观测和城市环境分析高度相关，因为建筑高度是影响城市热岛效应、空气质量、太阳辐射等大气现象的重要因素。,"['bi-temporal high resolution satellite imagery', 'nDSM', 'urban building heights']",Xiaoxue Feng;Li Tian;Peijun Li;Fang Chen;Changyong Dou,A novel method for estimating urban building heights using bi-temporal high resolution satellite imagery and reprojected nDSM,
None,True,International Journal of Applied Earth Observation and Geoinformation,该论文研究南极冰盖表面熔化动态，涉及辐射和湍流控制，这与大气环境遥感技术（如卫星观测、大气成分分析）密切相关，因此相关性较强。,"['Antarctic Ice Sheet', 'radiative', 'turbulent', 'melt dynamics', 'remote sensing']",Ziqian Zhang;Wanchun Leng;Lei Zheng;Xiao Cheng;Tianjie Zhao;Teng Li;Qi Liang;Mengxi Zhai;Lingmei Jiang,Three decades of Antarctic Ice Sheet surface melt dynamics with disentangled radiative and turbulent controls,
None,False,International Journal of Applied Earth Observation and Geoinformation,该论文研究的是洪水平原湖泊的二维表面范围到三维水位重建，主要关注水文学和水利工程领域，与大气环境遥感技术（如空气质量监测、卫星观测、大气成分分析、气溶胶反演）关系不大。,"['floodplain lakes', 'area–height framework', 'SWOT-calibrated']",Xin Jiang;Lin Yan;Shunqiang Hu;Yuanyan Zhang;Zhenzhong Zeng,From 2D surface extent to 3D water levels: A SWOT-calibrated area–height framework for multidecadal reconstruction in hydraulically complex floodplain lakes,
None,True,International Journal of Applied Earth Observation and Geoinformation,该论文利用MODIS植被轨迹和GEDI冠层结构数据，研究喜马拉雅地区的植被结构，涉及遥感技术中的卫星观测（MODIS和GEDI）和大气成分分析（植被和冠层结构），因此与大气环境遥感技术密切相关。,"['MODIS', 'GEDI', 'vegetation', 'canopy structure', 'Hindu Kush Himalaya']",Niti B. Mishra,Beyond greenness: Combining MODIS vegetation trajectories and GEDI canopy structure to reveal contrasting structural states across the Hindu Kush Himalaya,
None,True,International Journal of Applied Earth Observation and Geoinformation,该论文标题和摘要明确涉及大气校正和低空遥感技术，特别是极端天顶角条件下的遥感数据处理。这直接关联到大气环境遥感技术，如空气质量和大气成分监测。,"['atmospheric correction', 'remote sensing', 'zenith angles']",Ming Xu;Jun Chen,A physics-guided transfer learning approach for atmospheric correction of low-altitude remote sensing at extreme zenith angles,
None,False,International Journal of Applied Earth Observation and Geoinformation,该论文研究的主题是利用SAR（合成孔径雷达）图像进行小尺度船舶的定向检测，与大气环境遥感技术（如空气质量监测、卫星观测、大气成分分析、气溶胶反演等）没有直接关联。,"['SAR imagery', 'small-scale ships', 'oriented detection']",Junjie Zhang;Baoxiang Huang;He Gao;Borui Li;Ge Chen,A directional feature excavation transformer for oriented detection of small-scale ships in dense SAR imagery,
None,False,International Journal of Applied Earth Observation and Geoinformation,该论文主要研究的是利用GRACE卫星观测数据同化到水文模型中，探讨三峡水库在长江流域的作用，与大气环境遥感技术（如空气质量监测、卫星观测、大气成分分析、气溶胶反演等）关系不大。,"['GRACE', 'hydrological model', 'Yangtze River Basin']",Jun Huang;Yuhao Xiong;Wei Feng;Fan Yang;Hongbing Bai;Min Zhong,Assimilating GRACE observations into a hydrological model in the Yangtze River Basin: The role of the Three Gorges Reservoir,
None,False,International Journal of Applied Earth Observation and Geoinformation,该论文主要关注的是土地利用变化检测和多任务注意力网络，与大气环境遥感技术（如空气质量监测、卫星观测、大气成分分析、气溶胶反演等）没有直接关联。,"['land use change', 'multi-task attention network', '2 M resolution']",Jun Sun;Weiguo Jiang;Haijiang Luo;Ziyan Ling;Shuhui Lai;Xiang Long,"DecAttNet: A decoder-centric multi-task attention network for rapid, large-scale land use change detection and 2 M resolution products generation",
None,True,International Journal of Applied Earth Observation and Geoinformation,该论文使用Sentinel-1卫星图像时间序列数据，结合一种新的基于transformer的模型来绘制选择性砍伐的区域，这与大气环境遥感技术中的卫星观测和地表覆盖变化监测密切相关，因此是相关的。,"['Sentinel-1', 'time series', 'transformer-based model']",Xinyao Huang;Raian Vargas Maretto;Leila Maria Garcia Fonseca;Alfred Stein;Claudio Persello,Mapping selective logging with Sentinel-1 image time series and a novel transformer-based model,
None,True,International Journal of Applied Earth Observation and Geoinformation,该论文研究的是GICL-Net，一个用于联合分类高光谱图像（HSI）和激光雷达（LiDAR）的图交互协同学习网络。高光谱图像和激光雷达都是大气环境遥感技术的重要组成部分，用于大气成分分析和空气质量监测。因此，该论文与大气环境遥感技术密切相关。,"['HSI', 'LiDAR', 'classification', 'remote sensing', 'atmospheric composition']",Hao Zhu;Yulin Xie;Xiaotong Li;Huanhuan Wu;Zhongle Ren;Zhen Cao;Biao Hou,GICL-Net: A graph-interactive collaborative learning network for joint classification of HSI and LiDAR,
None,False,International Journal of Applied Earth Observation and Geoinformation,该论文主要关注地热活动区的岩石学和矿物蚀变，使用热红外光谱数据，与大气环境遥感技术（如空气质量监测、卫星观测、大气成分分析、气溶胶反演）相关性较弱。,"['thermal infrared spectroscopy', 'lithology', 'mineral alteration']",Federico Rabuffi;Simon J. Hook;Massimo Musacchio;Malvina Silvestri;Kerry Cawse-Nicholson;Maria Fabrizia Buongiorno;Zoe Amie Pierrat,Utilizing thermal infrared spectroscopy data to map lithology and mineral alteration in geothermally active areas,
None,True,International Journal of Applied Earth Observation and Geoinformation,该论文使用多季节的MODIS EVI数据研究印度植被绿化的结构稳定性，涉及地球观测技术和遥感数据，与大气环境遥感技术（如卫星观测和植被分析）密切相关。,"['MODIS', 'EVI', 'vegetation greening', 'multi-season', 'Earth observation']",Dibyendu Dutta,Structural stability of vegetation greening across India from multi-season MODIS EVI: a time–frequency earth observation framework,
None,False,International Journal of Applied Earth Observation and Geoinformation,该论文的主题是关于长距离铁路多光谱（MLS）数据的语义分割框架，涉及的是地面观测技术而非大气环境遥感技术，如空气质量监测、卫星观测等。因此，它与大气环境遥感技术不太相关。,"['semantic segmentation', 'long-distance railway', 'MLS data']",Yue Zhang;Tao Xu;Wen Xiao;Liang Fei;Jiawei Wang;Yuanwei Yang;Lunche Wang,SegRail: A Framework for semantic segmentation of long-distance railway MLS data via global priors and local geometry integration,
None,True,International Journal of Applied Earth Observation and Geoinformation,该论文标题和摘要中明确提到了使用多源遥感技术和集成学习方法进行树邻域尺度结构与辐射的耦合分析和建模，这涉及到大气环境遥感技术中的空气质量监测和大气成分分析。,"['multi-source remote sensing', 'atmospheric composition', 'air quality monitoring']",Guanjun Lian;Huaiqing Zhang;Hua Liu;Tingdong Yang;Hanqing Qiu;Yang Liu;Hongyan Yu;Xianying Wang,Tree-neighborhood scale structure–radiation coupling analysis and modeling using multi-source remote sensing and ensemble learning,
None,True,International Journal of Applied Earth Observation and Geoinformation,该论文研究了无人机（UAV）在白天和黑夜条件下进行野火分割的技术，涉及RGB-热成像网络，这与大气环境遥感技术中的空气质量监测和火灾探测相关，因此是相关的。,"['UAV wildfire segmentation', 'brightness-adaptive', 'RGB–thermal network']",Peng Cheng;Luli Zhang;Bin Wang;Junyi Liu;Haigang Sui,DNFNet: a brightness-adaptive lightweight RGB–thermal network for day–night UAV wildfire segmentation,
None,False,International Journal of Applied Earth Observation and Geoinformation,该论文主要关注地质灾害监测中的岩石裂隙分割技术，涉及地质学和岩石力学领域，与大气环境遥感技术（如空气质量监测、卫星观测、大气成分分析、气溶胶反演）无直接关联。,"['rock-mass', 'cracks', 'geological hazard']",Qin Bao;Yong Yang;Yongyi Xiang;Heng Zhang,Lightweight segmentation of rock-mass cracks based on anisotropic feature modeling for geological hazard monitoring,
None,False,International Journal of Applied Earth Observation and Geoinformation,该论文主要研究的是基于GFS-Net算法的光学-SAR土地覆盖分类，与大气环境遥感技术（如空气质量监测、卫星观测、大气成分分析、气溶胶反演等）没有直接关系，因此相关性较弱。,"['GFS-Net', 'optical-SAR', 'land-cover classification']",Hongkang Tao;Qin Huang;Teng Zhong;Zan Yang;Haobo Qiu;Chen Jiang,GFS-Net: Geometry–frequency synergistic fusion for accurate optical–SAR land-cover classification,
None,True,International Journal of Applied Earth Observation and Geoinformation,该论文研究利用多源时间序列数据监测森林生长动态，特别是冠层高度的变化。这与大气环境遥感技术中的卫星观测和大气成分分析密切相关，因为冠层高度是评估植被健康和大气相互作用的重要指标。,"['forest growth', 'canopy height', 'multi-source time series']",Hugo de Lame;Thibauld Collet;Pauline Depoortere;Alexia Favaro;Philippe Lejeune;Adrien Michez;Antoine Plumacker;Jérôme Perin;Thomas Pollet;Quentin Ponette;Zoé Rousseau;Arthur Vander Linden;Marie-Pierre Tasseroul;Christian Messier;Jean-François Bastin,Monitoring forest growth dynamics from harmonized multi-source time series of canopy height,
None,True,International Journal of Applied Earth Observation and Geoinformation,该论文研究了如何在火星上识别高价值着陆椭圆，使用了连续优化框架和适宜性地图。虽然不直接涉及大气环境遥感技术，但着陆椭圆的识别和优化涉及空间探测和地理信息处理技术，这些技术与大气环境遥感技术（如卫星观测、大气成分分析）有间接关联，因为它们都依赖于对目标环境的精确分析和数据优化。因此，该论文与大气环境遥感技术有一定相关性。,"['Mars', 'landing ellipses', 'optimization framework', 'suitability map']",Rong Wang;Yongjiu Feng;Yuhao Wang;Yi Zhou;Panli Tang;Jingbo Sun;Yusheng Xu;Chao Wang;Sicong Liu;Zhen Ye;Xiaohua Tong,Identifying high-value landing ellipses on Mars using a continuous optimization framework with suitability map,
None,True,International Journal of Applied Earth Observation and Geoinformation,该论文研究了利用GEDI数据结合空间-光谱特征进行建筑物高度测量的方法，涉及高分辨率遥感技术和大气参数反演，与大气环境遥感技术（如卫星观测、大气成分分析）密切相关。,"['GEDI', 'building height mapping', 'spatial-spectral characteristics']",Xiao Ma;Yajie Qu;Hexiang Wang;Meiyuan Chen;Chuyi Yang;Guang Zheng;Chi Xu;Yixi Bi,Filtering GEDI footprints based on combined spatial-spectral characteristics for individual building height mapping in 12 major global cities,
None,True,International Journal of Applied Earth Observation and Geoinformation,该论文研究了火星上人类活动引起的环境变化检测，涉及大气环境变化检测技术，与大气环境遥感技术（如卫星观测、大气成分分析）相关。,"['Martian anthropogenic changes', 'contrast-guided hierarchical unsupervised method', 'atmospheric changes detection']",Jiang Long;Sicong Liu;Yuxuan Hu;Jiayi Wu;Tao Liu;Yonggang Xiong;Kaiyue Luo;Jie Zhang;Kecheng Du;Huan Xie;Xiaohua Tong,CGHU-CD: A contrast-guided hierarchical unsupervised method for detecting Martian anthropogenic changes,
None,True,International Journal of Applied Earth Observation and Geoinformation,该论文研究卫星与地面闪电融合技术，涉及中国边缘海域，与大气环境遥感技术（如卫星观测、闪电监测）密切相关，因此相关性较强。,"['satellite-ground lightning fusion', 'Chinese marginal seas', 'spatial-temporal null-model']",Nengxing Guo;Li Cai;Wenzhao Lu;Yingpu Xie;Yuheng Niu;Tao Li;Chun Zhao;Shanqiang Gu,A factorial spatial–temporal null-model framework for satellite–ground lightning fusion across Chinese marginal seas,
None,True,International Journal of Applied Earth Observation and Geoinformation,该论文研究了从太空检测甲烷并估算其排放量，涉及了PRISMA和EnMAP卫星传感器以及GHGSat星座，这些都是与大气环境遥感技术（如空气质量监测、卫星观测、大气成分分析）密切相关的内容。,"['Methane', 'space', 'GHGSat', 'EnMAP', 'PRISMA']",Daniele Settembre;Davide De Santis;Giovanni Schiavon;Fabio Del Frate,Methane detection and emission estimation from space: Benchmarking PRISMA and EnMAP with the GHGSat constellation,
None,True,International Journal of Applied Earth Observation and Geoinformation,该论文标题和摘要明确涉及大气延迟场的时空重建，结合了ERA5再分析和GNSS观测，这与大气环境遥感技术（如卫星观测和大气成分分析）密切相关。,"['tropospheric delay fields', 'GNSS observations', 'atmospheric delay']",Fangxin Hu;Bo Chen;Mingyuan Zhang;Ran Lu;Pengfei Xia;Tengfeng Wang;Xiaowei Zou;Yuanfan Deng,Tropoformer-S: iTransformer-based spatiotemporal reconstruction of three-dimensional tropospheric delay fields integrating ERA5 reanalysis and GNSS observations,
None,True,International Journal of Applied Earth Observation and Geoinformation,该论文使用多源地球观测技术量化湖泊扩张概率，涉及大气环境监测和遥感技术，因此与大气环境遥感技术相关。,"['Earth observation', 'lake expansion', 'atmospheric composition']",Xiaoyang Zhao;Nai’ang Wang;Liqiang Zhao;Dezhong Zhang;Na’na Zhai;Hang Zhao;Liqiong Bai,Quantifying lake expansion probability under compound glacier–climate forcing using a GCL-CPF framework integrating multi-source Earth observation and vine copula theory,
None,True,International Journal of Applied Earth Observation and Geoinformation,该论文标题和摘要明确涉及遥感技术，特别是用于作物测绘的“PLGCA-SAM”网络，这属于遥感技术在农业和环境监测中的应用，与大气环境遥感技术（如大气成分分析）有较强关联。,"['remote sensing', 'crop mapping', 'atmospheric composition analysis']",Lihua Cui;Wenting Han;Xuedong Zhai;Guang Li;Shah Jahan Leghari;Yi Liao;Ziao Zhou;Shenjin Huang,PLGCA-SAM: Progressive local and global context-aware network incorporating SAM for remote sensing crop mapping,
None,True,International Journal of Applied Earth Observation and Geoinformation,该论文涉及使用多频微波遥感技术来研究森林对干旱胁迫的分层响应，这与大气环境遥感技术中的大气成分分析和遥感监测相关，因此是相关的。,"['microwave remote sensing', 'forest', 'drought stresses']",Xu Zhang;Xiang Zhang;Fei Zhang;Xihui Gu;Hongliang Ma;Aminjon Gulakhmadov;Rabindra Kumar Panda;Mahlatse Kganyago;Veber Costa;Won-Ho Nam;Dash Subhaprada;Uma Charan Mohanty;Jiangyuan Zeng;Wen Xiao;José A. Marengo;Chao Yang;Wenying Du;Zeqiang Chen;Longgang Xiang;Nengcheng Chen,Multi-frequency microwave remote sensing reveals stratified forest responses to diverse drought stresses,
None,False,International Journal of Applied Earth Observation and Geoinformation,该论文主要研究的是地震引起的区域性滑坡强度建模，涉及的是地质学和地球物理学领域，与大气环境遥感技术（如空气质量监测、卫星观测、大气成分分析、气溶胶反演等）没有直接关系。,"['coseismic landslide', 'Log-Gaussian GAM', 'size', 'mobility']",Binghai Gao;Yi Wang;Xiaolong Zhang;Xin Wang;Jingqi Huang;Pan Cao;Yongheng Li;Jiwei Wang,"Modeling regional coseismic landslide intensity with an interpretable Log-Gaussian GAM: Integrating size, mobility, and their interactions",
None,True,International Journal of Applied Earth Observation and Geoinformation,该论文标题和摘要涉及遥感图像分割和视觉基础模型，与大气环境遥感技术（如卫星观测、大气成分分析）密切相关。,"['remote sensing', 'image segmentation', 'vision foundation model']",Yijie Zhang;Jian Cheng;Shimiao Fan;Changjian Deng;Ziying Xia;Nyima Tashi,Improving text–image alignment for referring remote sensing image segmentation guided by vision foundation model,
None,True,International Journal of Applied Earth Observation and Geoinformation,该论文研究了气象干旱与长江中下游地区复合水分源输送异常之间的关系，涉及大气成分和气象现象，与大气环境遥感技术（如大气成分分析）密切相关。,"['meteorological drought', 'moisture sources', 'atmospheric composition']",Hanlin Zheng;Tianliang Jiang;Yanping Qu;Qianfeng Wang;Yachao Zhang,Probabilistic associations between meteorological drought and compound moisture sources-transport anomalies in the middle and lower Yangtze River,
None,False,International Journal of Applied Earth Observation and Geoinformation,该论文研究的是基于地表温度异常提取的框架，主要关注地表热异常，与大气环境遥感技术（如空气质量监测、卫星观测等）的直接关联性较弱。,"['LST', 'surface thermal anomaly', 'framework']",Pengcheng Wu;Qingyan Meng;Linlin Zhang;Mona Allam;Longfei Liu;Hantian Wu,SRAIN: An isolated-neighborhood-based framework for LST-based surface thermal anomaly extraction,
None,True,International Journal of Applied Earth Observation and Geoinformation,该论文研究了使用单时相遥感图像进行建筑物损坏检测的DPNet模型，虽然主要关注点是灾害感知和建筑物损坏，但其使用了遥感图像这一关键技术，与大气环境遥感技术中的图像分析、监测等方向有一定关联，特别是在城市环境下的空气质量监测和灾害评估中可能有所应用。,"['remote sensing imagery', 'building damage detection', 'single-temporal']",Chunfeng Gao;Zheng Gong;Bing He;Ying Qu;Qiao Wang;Weihua Dong,DPNet: A disaster perception network for building damage detection using single-temporal remote sensing imagery,
None,True,International Journal of Applied Earth Observation and Geoinformation,该论文研究了不同土地覆盖类型下最佳分割尺度的系统性经验表征，涉及近黄河北岸东营沿海湿地景观的0.02至30米的观测。虽然主要关注土地覆盖分类和分割尺度，但其研究方法和技术与遥感技术（如卫星观测和图像分析）密切相关，因此与大气环境遥感技术有较强的相关性。,"['land-cover types', 'segmentation scale', 'coastal wetland']",Xiaonan Zhou;Junkai Shi;Qingyu Li;Zhenguo Niu,"Resolution-dependent divergence of optimal segmentation scale across land-cover types in a coastal wetland landscape: A systematic empirical characterization from 0.02 to 30 m near the Yellow River estuary, Dongying, China",
None,False,International Journal of Applied Earth Observation and Geoinformation,该论文的标题和摘要主要关注的是多尺度空间条件下的光谱路由网络，用于高光谱和多光谱图像的融合。虽然图像融合技术在遥感数据处理中可能有一定应用，但内容并未直接涉及大气环境遥感技术，如空气质量监测、卫星观测、大气成分分析或气溶胶反演等。因此，该论文与大气环境遥感技术的关系不强。,"['hyperspectral', 'multispectral', 'image fusion']",Bo Zhou;Xianfeng Zhang;Ziyuan Feng;Miao Ren;Xiaobo Zhi,A multi-scale spatial-conditioned spectral routing network for hyperspectral and multispectral image fusion,
None,True,International Journal of Applied Earth Observation and Geoinformation,该论文研究了如何通过物理约束的多任务学习技术，从地球静止卫星的太阳总辐射反射率数据中改进每小时PM2.5的估算。这直接涉及大气环境遥感技术中的空气质量监测和卫星观测领域，因此与题目要求的相关性很高。,"['PM2.5', 'geostationary satellite', 'TOA reflectance', 'multi-task learning']",Ruijie Li;Zhe Zheng;Chenru Zou;Ke Li;Xidong Sun;Chaoshun Liu;Guangze Zhang;Kaixu Bai,Improving hourly PM<sub>2.5</sub> estimation from geostationary satellite TOA reflectance through physically constrained multi-task learning,
None,True,International Journal of Applied Earth Observation and Geoinformation,该论文研究的是基于空间-频率协作的遥感场景分割技术，这与大气环境遥感技术中的空气质量监测、卫星观测和大气成分分析密切相关。,"['remote sensing', 'scene segmentation', 'atmospheric composition']",Wenwu Xiong;Wei Chen;Zhou Huang;Hongzhao Tang;Kevin Tansey;Józef Hernik;Binbin Lu;Shichao Cui;Yida Chen,SFMNet: Joint semantic and structural modeling via spatial–frequency collaboration for remote sensing scene segmentation,
None,True,International Journal of Applied Earth Observation and Geoinformation,该论文研究的是使用物理引导的机器学习方法从Landsat地表反射率数据中估算时空无缝的FAPAR（叶面积指数）。FAPAR是植被指数，与大气环境遥感技术中的植被监测和大气成分分析相关，因此该论文与大气环境遥感技术（如卫星观测、植被监测）有较强的相关性。,"['FAPAR', 'Landsat', 'machine learning', 'surface reflectance']",Yimin Ni;Gaofei Yin;Guodong Zhang;Gang Sun;Xiaodan Wu;Xiaojun Li;Xinyan Liu;Anxin Ding;Rui Chen;Meilian Wang;Yi Zhang;Jiangchuan Hu;Zongyan Li;Aleixandre Verger,Physics-Guided Machine learning approach for estimating spatiotemporally seamless FAPAR from Landsat surface reflectance,
None,True,International Journal of Applied Earth Observation and Geoinformation,该论文标题和摘要中明确提到了“remote sensing”和“semantic segmentation”，这与大气环境遥感技术密切相关，例如卫星观测和大气成分分析。虽然摘要没有直接提及具体的空气污染物或卫星传感器，但“vision foundation models”表明该研究可能涉及利用人工智能技术进行遥感图像分析，这与大气环境遥感技术中的图像处理和分析高度相关。因此，该论文与大气环境遥感技术是强相关的。,"['remote sensing', 'semantic segmentation', 'vision foundation models']",Haocheng Li;Juepeng Zheng;Shuangxi Miao;Ruibo Lu;Guosheng Cai;Haohuan Fu;Jianxi Huang,Parameter-efficient multimodal adaptation of vision foundation models for remote sensing semantic segmentation,
None,True,International Journal of Applied Earth Observation and Geoinformation,该论文使用深度学习和超级分辨率技术对加州野火进行烧毁区域绘制，涉及Sentinel-2和Landsat-8卫星图像，属于大气环境遥感技术领域，特别是卫星观测和地表覆盖分析。,"['Sentinel-2', 'Landsat-8', 'deep learning', 'burned area mapping', 'super-resolution']",Youngmin Seo;Seung Hee Kim;Menas Kafatos;Jinsoo Kim;Yangwon Lee,Deep learning-based burned area mapping of California wildfires using Sentinel-2 and Landsat-8 imagery enhanced with super-resolution techniques,
None,True,International Journal of Applied Earth Observation and Geoinformation,该论文研究了使用深度学习方法增强从Himawari-8地球静止卫星测量中检索气溶胶光学/微物理参数的技术。这直接与大气环境遥感技术相关，特别是卫星观测和气溶胶检索领域。,"['Himawari-8', 'aerosol optical/microphysical parameters', 'deep learning', 'satellite measurements']",Lina Xu;Siyu Liu;Minghui Tao;Jun Wang;Xincai Chang;Wenjing Man;Jie Ma;Huang Zhang;Jhoon Kim,Enhanced retrieval of aerosol optical/microphysical parameters for Himawari-8 geostationary satellite measurements with data-driven deep learning method,
None,False,International Journal of Applied Earth Observation and Geoinformation,该论文主要关注的是在山区使用深度学习技术进行树木分割和多维度属性提取，这与大气环境遥感技术（如空气质量监测、卫星观测、大气成分分析、气溶胶反演）没有直接关系。,"['deep learning', 'tree segmentation', 'attribute extraction']",Guangbin Lei;Ainong Li;Jinhu Bian;Zhengjian Zhang;Xiaohan Lin;Xi Nan;Amin Naboureh;Yulan Chen;Yi Deng,A multi-task collaborative method for individual tree segmentation and multi-dimensional attribute extraction in mountainous areas using deep learning technologies,
None,True,International Journal of Applied Earth Observation and Geoinformation,该论文与大气环境遥感技术密切相关，因为它涉及从卫星（SMAP）获取全球土壤湿度数据，这属于遥感技术在地球观测中的应用范畴。,"['soil dielectric', 'global soil moisture', 'SMAP']",Yulin Shangguan;Jian Peng;Cheng Tong;Xingyu Xue;Xiaojun Xu;Xiaodong Deng;Xiaoxiao Min;Zhou Shi;Jean-Pierre Wigneron,Optimal soil dielectric model map for global soil moisture retrieval from SMAP,
None,True,International Journal of Applied Earth Observation and Geoinformation,该论文研究的是全球每日海洋颜色数据集，用于海洋生态监测，属于遥感技术在海洋环境监测中的应用，与大气环境遥感技术（如卫星观测、大气成分分析）有间接关联，但主要关注海洋而非大气。,"['Ocean-Colour', 'marine ecological monitoring', 'daily dataset']",Yuan Zhang;Hui Yang;Fang Shen;Tingwei Cui;Liu Cui;Renhu Li;Qingzhou Lv;Xuerong Sun,"A Global, Gap-Free daily Ocean-Colour dataset (2000–2024) for robust marine ecological monitoring",
None,True,International Journal of Applied Earth Observation and Geoinformation,该论文研究了无人机（UAV）在利用反照率特性函数（BRDF）衍生植被指数进行树木高度反演时，观测几何形状的影响。这属于遥感技术在植被参数反演方面的应用，与大气环境遥感技术（如空气质量监测、卫星观测、大气成分分析、气溶胶反演）密切相关，因此相关性较强。,"['UAV', 'BRDF', 'vegetation indices', 'tree height retrieval', 'remote sensing']",Zhihui Mao;Lei Deng;Qinghua Qiao,Viewing-geometry effects on UAV-based tree height retrieval using BRDF-derived vegetation indices,
None,False,International Journal of Applied Earth Observation and Geoinformation,该论文研究的是中国最大的海草床的长期时空动态变化，主要关注生态和海洋环境，与大气环境遥感技术（如空气质量监测、卫星观测、大气成分分析、气溶胶反演等）关系不大。,"['satellite tracking', 'seagrass meadow', 'spatiotemporal dynamics']",Jun Tang;Yingcheng Lu;Zhiyuan Ouyang;Yarong Zou;Futao Wang;Yuntao Wang;Chao Zhou;Yanlong Chen,Satellite tracking of long-term spatiotemporal dynamics in China’s largest seagrass meadow,
None,True,International Journal of Applied Earth Observation and Geoinformation,该论文标题和摘要中提到了“remote sensing”（遥感）和“segment anything”（分割一切），这与大气环境遥感技术密切相关，例如空气质量监测和大气成分分析。因此，该论文与大气环境遥感技术具有强相关性。,"['remote sensing', 'segment anything', 'atmospheric monitoring']",Osmar Luiz Ferreira de Carvalho;Osmar Abílio de Carvalho Júnior;Anesmar Olino de Albuquerque;Daniel Guerreiro e Silva,Remote SAMsing: From segment anything to segment everything,
None,True,International Journal of Applied Earth Observation and Geoinformation,该论文研究了使用深度学习模型和光学及SAR卫星图像来估算北欧地区的体积和Lorey’s高度。这涉及到利用卫星图像进行大气环境监测，特别是通过分析卫星数据来获取大气参数，因此与大气环境遥感技术（如空气质量监测、卫星观测、大气成分分析、气溶胶检索）密切相关。,"['optical satellite images', 'SAR satellite images', 'deep learning models', 'volume', 'Lorey’s height']",Zsofia Koma;Oleg Antropov;Oliver Cartus;Jukka Miettinen;Johannes Breidenbach,Deep learning models for estimating volume and Lorey’s height across Nordic countries using optical and SAR satellite images,
None,True,International Journal of Applied Earth Observation and Geoinformation,该论文使用卫星嵌入技术进行作物类型分类，这属于遥感技术的范畴，与大气环境遥感技术（如卫星观测、大气成分分析）有间接关联，因为遥感技术是大气环境监测的重要手段之一。,"['satellite embeddings', 'crop type classification', 'remote sensing technology']",Britt W. Smith;Jessica J. Walker;Christopher E. Soulard,Satellite embeddings for crop type classification: a comparative examination,
None,False,International Journal of Applied Earth Observation and Geoinformation,该论文关注的是利用网络启发式重构技术对单木进行分割，处理的是地面点云数据，与大气环境遥感技术（如空气质量监测、卫星观测、大气成分分析、气溶胶反演等）无直接关系。,"['tree segmentation', 'ULS point clouds', 'network-inspired restructuring']",Lei Bao;Yong Wu;Leiguang Wang;Xiaoli Zhang;Zhibo Yu;Zhi Liu;Chi Lu;Yuansu Xu;Hong Wang;Xiaohan Liu;Weibin Wang;Hongbin Luo;Guanglong Ou,Network-inspired restructuring for individual tree segmentation in ULS point clouds,
None,True,International Journal of Applied Earth Observation and Geoinformation,该论文的标题和摘要涉及光学SAR（合成孔径雷达）变化检测，这是一种遥感技术，用于监测地表或大气的变化。光学-SAR技术常用于环境监测，如空气质量的遥感监测、大气成分分析等，因此与大气环境遥感技术密切相关。,"['optical-SAR', 'change detection', 'remote sensing']",Yujie Li;Xuanguang Liu;Chenguang Dai;Zhenchao Zhang;Lei Ding;Han Zhu;Ruihua Lu;Hanyun Wang,Joint learning of frequency-spatio-temporal dependencies and structural context for optical-SAR change detection,
None,True,International Journal of Applied Earth Observation and Geoinformation,该论文使用了AVIRIS-3卫星传感器来模拟植被演替模式，这与大气环境遥感技术中的卫星观测和植被分析相关。虽然主要关注点在植被演替和冻土退化，但AVIRIS-3作为一种高光谱遥感技术，在环境监测和大气成分分析中具有应用潜力。,"['AVIRIS-3', 'vegetation succession', 'retrogressive thaw slumps']",Bhagyashree Verma;Emma C. Hall;Mark J. Lara,Simulated AVIRIS-3 detects species-specific patterns of vegetation succession in retrogressive thaw slumps,
None,False,International Journal of Applied Earth Observation and Geoinformation,该论文主要关注的是利用Mamba网络进行小冰期冰川的测绘，虽然涉及地形引导的三模态网络技术，但其核心应用领域是冰川学而非大气环境遥感技术，因此与大气环境遥感技术（如空气质量监测、卫星观测等）的关系较弱。,"['glaciers', 'Mamba network', 'little ice age']",Jun Zhou;Shiyin Liu;Fuming Xie;Caixia Qin,Mamba-trident: terrain-guided tri-modal Mamba network for mapping little ice age glaciers,
None,True,International Journal of Applied Earth Observation and Geoinformation,该论文研究叶绿素荧光和总初级生产力，这与大气环境遥感技术中的植被监测和大气成分分析密切相关。叶绿素荧光是遥感技术中常用的指标，用于评估植被健康和光合作用，而总初级生产力是衡量生态系统碳循环的关键参数。因此，该研究属于大气环境遥感技术的范畴。,"['solar-induced chlorophyll fluorescence', 'gross primary productivity', 'canopy structure']",Fangyi Lv;Kaimin Sun;Shunxia Miao;Yi Xu;Wei Cui;YePei Chen;Wenzhuo Li;Xiuqing Hu,Disentangling leaf physiology and canopy structure effects on solar-induced chlorophyll fluorescence and gross primary productivity: A multi-biome and cross-site assessment,
None,True,International Journal of Applied Earth Observation and Geoinformation,该论文研究的是一种基于物理约束的神经网络技术，用于重建全谱太阳能诱导叶绿素荧光，这与大气环境遥感技术中的空气质量监测和大气成分分析密切相关，因为叶绿素荧光是植物光合作用的指标，可以间接反映大气环境质量。,"['physics-constrained neural network', 'solar-induced chlorophyll fluorescence', 'reconstruction']",Dianrun Zhao;Shanshan Du;Yulu Du;Xinjie Liu;Liangyun Liu,FSIF-PCNN: A physics-constrained neural network for full-spectrum solar-induced chlorophyll fluorescence reconstruction,
None,True,International Journal of Applied Earth Observation and Geoinformation,该论文使用SDGSAT-1夜间灯光图像技术评估城市户外运动场地的照明质量，这属于大气环境遥感技术中的卫星观测和图像分析领域，因此与大气环境遥感技术密切相关。,"['SDGSAT-1', 'nighttime light imagery', 'urban outdoor sports fields']",Tingrui Guo;Min Zhao;Zhuolin Tao;Jiaqi Fu;Xinyi Song;Yuyu Zhou,Assessment of lighting quality in urban outdoor sports fields using 10-m SDGSAT-1 nighttime light imagery,
None,True,International Journal of Applied Earth Observation and Geoinformation,该论文研究了利用多源地球观测数据，结合物理信息自监督框架进行近实时野火烧毁面积测绘的技术。虽然主要关注的是野火烧毁面积，但使用了地球观测技术，这与大气环境遥感技术（如卫星观测、大气成分分析等）密切相关，因此可以认为与大气环境遥感技术有较强的关联。,"['wildfire burned area mapping', 'earth observation', 'self-supervised framework']",Mirza Waleed;Muhammad Bilal,BAM: A physics-informed self-supervised framework for near-real-time wildfire burned area mapping from multi-source earth observation,
None,False,International Journal of Applied Earth Observation and Geoinformation,该论文研究的是一种用于生成复杂背景中高保真合成孔径雷达（SAR）船舶图像的物理散射引导先验增强Mamba模型。虽然涉及遥感技术，但主要关注的是生成模型和船舶图像处理，而非大气环境遥感技术，如空气质量监测、卫星观测或大气成分分析。,"['SAR', 'ship generation', 'complex backgrounds']",Moran Ju;Changqi Wang;Si-Nian Jin,A physical Scattering-Guided Prior-Enhanced Mamba model for high-fidelity SAR ship generation in complex backgrounds,
None,True,International Journal of Applied Earth Observation and Geoinformation,该论文研究无人机RGB和高光谱图像的深度空间-光谱融合技术，用于马铃薯植物病害检测。虽然主要应用领域是农业，但其涉及遥感技术（无人机和光谱图像），与大气环境遥感技术中的图像处理和分析方法有共通之处，因此在一定程度上是相关的。,"['UAV RGB imagery', 'hyperspectral imagery', 'potato plant disease detection']",Tianyi Jia;Magdalena Smigaj;Gert Kootstra;Lammert Kooistra,Deep spatial-spectral fusion of UAV RGB and hyperspectral imagery for potato plant disease detection,
None,False,International Journal of Applied Earth Observation and Geoinformation,该论文主要关注利用深度学习技术自动划定荷兰的产权边界，与大气环境遥感技术（如空气质量监测、卫星观测、大气成分分析、气溶胶反演）没有直接关系。,"['deep learning', 'property boundaries', 'automated delineation']",Jeroen Grift;Claudio Persello;Mila Koeva,From pixels to vectorized cadastral boundaries: Deep learning-based automated delineation of property boundaries in the Netherlands,
None,False,International Journal of Applied Earth Observation and Geoinformation,该论文的标题和摘要主要关注图像匹配和姿态先验学习的计算机视觉技术，与大气环境遥感技术（如空气质量监测、卫星观测、大气成分分析、气溶胶反演等）无关。,[],Hongyang Zhang;Yusheng Xu;Changyou Xu;Rong Huang;Zhen Ye;Yan Xia;Xiaohua Tong,Learning from noisy pose priors: Geometry-guided routing attention for robust image matching,
None,True,International Journal of Applied Earth Observation and Geoinformation,该论文研究多角度TECIS数据用于森林生物量估算，涉及遥感技术和模型分析方法，与大气环境遥感技术（如卫星观测、大气成分分析）有一定关联，但主要关注点在生物量估算而非空气质量管理等领域。,"['Multi-Angular TECIS', 'forest biomass estimation', 'Model-driven sensitivity analysis']",Xuexia Sun;Xiaoyao Li;Bingxiang Tan;Fayun Wu;Yuxuan Liu;Shimei Xiong,Feature selection from Multi-Angular TECIS data for forest biomass estimation using a Model-driven sensitivity analysis approach,
None,False,International Journal of Applied Earth Observation and Geoinformation,该论文研究的是利用VIIRS夜间灯光数据量化地震引起的建筑物损坏，主要涉及深度学习和多尺度框架进行区域验证，与大气环境遥感技术（如空气质量监测、卫星观测、大气成分分析、气溶胶反演）关系不大。,"['VIIRS', 'nighttime lights', 'deep learning']",Hee-Su Joo;Seon-Gyu Kim;Jin-Hyeong Lee;Hyung-Sup Jung,Quantifying earthquake-induced building damage from VIIRS nighttime lights: A multi-scale framework with deep learning–based area validation,
None,False,International Journal of Applied Earth Observation and Geoinformation,该论文主要关注森林昆虫损害的预警，涉及时空先验知识和因子驱动建模，与大气环境遥感技术（如空气质量监测、卫星观测、大气成分分析、气溶胶反演）关系不大。,"['spatiotemporal', 'factor-driven modeling', 'forest insect damage']",Haoyan Zhang;Shiming Li;Yaozhong Pan,Integrating spatiotemporal prior knowledge from co-segmented time-series into factor-driven modeling for forest insect damage warning,
None,True,International Journal of Applied Earth Observation and Geoinformation,该论文研究印度砖窑的分布和技术类型，砖窑是重要的空气污染源，其排放的颗粒物和有害气体对大气环境有显著影响。因此，该研究与环境遥感技术中的空气质量监测和大气成分分析相关。,"['brick kilns', 'distribution', 'technology types']",Sugandha Arora;Clément Goldmann;Stefan Oehmcke;Jan Pauls;Chuanlong Zhou;Abhinav Sharma;Kushal Tibrewal;Harish Phuleria;Fabian Gieseke;Philippe Ciais,Brick kilns across India: A temporal analysis of brick kiln distribution and technology types,
None,True,International Journal of Applied Earth Observation and Geoinformation,该论文使用地球观测技术（Earth Observation）来评估喀斯特干旱的传播，涉及多源数据（multisource），这与大气环境遥感技术（如卫星观测）密切相关，因此被认为是强相关的。,"['Earth Observation', 'karst drought', 'multisource']",Chengchang Tian;Qiuwen Zhou;Ze Yuan;Yuan Li;Igor Leščešen;Slobodan Gnjato;Pedro A.M. Leite,Global assessment of karst drought propagation from multisource Earth Observation: Epikarst-mediated rapid shallow coupling and delayed deep responses,
None,True,International Journal of Applied Earth Observation and Geoinformation,该论文研究利用FY-3G多角度极化观测进行全球云相监测，并使用新的MAPLE-CP框架，同时结合多站点激光雷达验证。这与大气环境遥感技术密切相关，特别是云相监测和大气成分分析领域。,"['FY-3G', 'polarimetric observations', 'cloud phase monitoring', 'lidar validation']",Yaying Wang;Haofei Wang;Chuanfeng Zhao;Qiao Wang;Kun Jia;Jinlong Fan;Hang Lyu;Sijie Chen;Zhenping Yin;Xing Yan,Global cloud phase monitoring from FY-3G multi-angle polarimetric observations using the new MAPLE-CP framework with independent multi-site lidar validation,
None,True,International Journal of Applied Earth Observation and Geoinformation,该论文与大气环境遥感技术相关，因为它涉及空气温度的降尺度处理，而空气温度是大气环境监测的重要参数。降尺度处理通常用于提高遥感数据的空间或时间分辨率，而Volume-Preserving interpolation是一种用于预处理遥感数据的插值方法，以减少网格伪影。这些都直接关联到大气环境遥感技术领域。,"['air temperature', 'downscaling', 'Volume-Preserving interpolation']",Zitong Wen;Lu Zhuo;Jiao Wang;Ahmed Abdelhalim;Ming Zhong;Dawei Han,Reducing grid artifacts in air temperature downscaling with a Volume-Preserving interpolation preprocessing step,
None,True,International Journal of Applied Earth Observation and Geoinformation,该论文的标题和摘要明确涉及了大气环境遥感技术中的气溶胶和云检测通道，以及532 nm波长的校准算法，与空气质量监测、卫星观测和大气成分分析等密切相关。,"['Aerosol-Cloud detection channels', '532 nm', 'DQ-1/ACDL', 'calibration algorithm']",Feiyue Mao;Chengen Li;Lin Zang;Zengxin Pan;Weiwei Xu;Ge Han;Xiuqing Hu;Weibiao Chen;Wei Gong,Linear-Fitting calibration algorithm for Aerosol-Cloud detection channels at 532 nm of the DQ-1/ACDL,
None,False,International Journal of Applied Earth Observation and Geoinformation,该论文主要关注的是利用高光谱数据和机器学习技术检测水稻白叶枯病，这与大气环境遥感技术（如空气质量监测、卫星观测、大气成分分析、气溶胶反演等）没有直接关系。,"['hyperspectral data', 'machine learning', 'rice bacterial leaf blight']",Ziyi Wang;Roshanak Darvishzadeh;Nancy Castilla;Alice Laborte;Andrew Nelson,Early detection of rice bacterial leaf blight disease using canopy hyperspectral data and machine learning,
None,False,International Journal of Applied Earth Observation and Geoinformation,该论文标题和摘要主要关注的是基于图变换器的决策框架，用于选择性更新向量建筑数据，这与大气环境遥感技术（如空气质量监测、卫星观测、大气成分分析、气溶胶反演等）没有直接关系。,[],Yue Qiu;Fang Wu;Haizhong Qian;Jichong Yin;Xianyong Gong;Chengyi Liu;Hao Zhang;Rui Cao,V-BUILD: A graph Transformer-based decision framework for selective updating of vector building data,
None,True,International Journal of Applied Earth Observation and Geoinformation,该论文的标题和摘要明确涉及地表煤矿的环境质量评估，这属于大气环境遥感技术中的空气质量监测和大气成分分析领域。虽然未直接提及卫星观测或特定传感器，但“MiecoI”可能是一种用于环境质量评估的新方法或技术，这与大气环境遥感技术相关。,"['surface coal Mines', 'Eco-Environmental quality assessment', 'MiecoI']",Feiyue Li;Jun Li;Chengye Zhang;Han Zhang;Chuanying Peng;Lixia Liang;Jingyu Hao;Simit Raval,A new approach for comprehensive and spatiotemporally comparable Eco-Environmental quality assessment of surface coal Mines: MiecoI,
None,True,International Journal of Applied Earth Observation and Geoinformation,该论文使用Sentinel-2卫星图像进行近实时和非监督的谷物作物收获检测，涉及遥感技术和卫星观测，与大气环境遥感技术（如卫星观测和作物监测）密切相关。,"['Sentinel-2 imagery', 'grain crop harvest detection', 'reaped index (RI)']",Kai Tang;Zeteng Li;Youzhi Zhang;Laigang Wang;Peng Yang;Bingwen Qiu;Xuehong Chen;Ruilin Chen;Jianlong Li;Jin Chen,A near-real-time and unsupervised framework for grain crop harvest detection using sentinel-2 imagery: the reaped index (RI) and automated thresholding,
None,True,Atmospheric Environment,该论文研究的是使用低成本的细颗粒物传感器，并通过MoAE框架进行可解释的智能校准。这与大气环境遥感技术中的空气质量监测和传感器技术密切相关，因此是相关的。,"['fine particulate matters', 'low-cost sensors', 'MoAE framework']",Zekai Wang;Chao Mai;Jianing Chen;Yuhao Chen;Zhiyuan Wen;Meng Li;Upma Dutt;Wengui Li;John Zhou;Yuhan Huang,Interpretable intelligent calibration of low-cost sensors of fine particulate matters via a Mixture of Affine Experts (MoAE) framework,
None,True,Atmospheric Environment,该论文研究了次生有机硅氧烷气溶胶（SOSiA）的产率和挥发性变化，涉及OH氧化对多种环状挥发性甲基硅氧烷的影响。这与大气环境遥感技术中的气溶胶检索、大气成分分析等密切相关，因此相关性较强。,"['secondary organosiloxane aerosol', 'OH oxidation', 'cyclic volatile methyl siloxanes']",Hyoseon Kang;Jihye Moon;Hyun Gu Kang;Hwajin Kim,Structure dependent yield and volatility changes of secondary organosiloxane aerosol (SOSiA) from OH oxidation of various cyclic volatile methyl siloxanes,
None,True,Atmospheric Environment,该论文研究气象基线的非平稳性对大气扩散评估的影响，涉及核设施站点，这与大气环境遥感技术中的空气质量监测和大气成分分析相关，因此具有相关性。,"['atmospheric dispersion', 'meteorological baselines', 'nuclear facility']",Juyeol Yun;Mee Jang;Jong-Myoung Lim;Jinhyung Lee;Sangdo Choi;Seung-Min Lee;Minseok Kang,Nonstationarity of meteorological baselines for atmospheric dispersion assessments: A 32-year dual-height case study at a nuclear facility site in South Korea,
None,True,Atmospheric Environment,该论文研究了德黑兰市固体废物填埋场的甲烷排放，涉及大气污染物排放监测和建模，与大气环境遥感技术中的空气质量监测和大气成分分析密切相关。,"['methane emissions', 'municipal solid waste', 'NASA-identified global super-emitter']",Mohammad Hassanabadi;Adel Mokammel;Ali Ahmadi Orkomi;Sasan Faridi;Kazem Naddafi;Kamyar Yaghmaeian;Shahrokh Nazmara;Mohammad Khanizadeh;Ahmad Taheri;Mohammad Sadegh Hassanvand;Fatemeh Momeniha,Methane emissions from municipal solid waste landfills in Tehran: Field measurements and modeling of a NASA-identified global super-emitter,
None,True,Atmospheric Environment,该论文评估了FY-4B/AGRI陆地气溶胶光学厚度产品，并与亚洲地区的静止卫星产品进行了比较，这与大气环境遥感技术（如空气质量监测、卫星观测、大气成分分析、气溶胶反演）密切相关。,"['FY-4B/AGRI', 'land aerosol optical depth', 'geostationary satellite', 'Asia']",Zhen Ye;Leiku Yang;Yidan Si;Lin Chen;Yueming Cheng;Xiaoran Lv;Xiaolong Niu;Shijiao Guo,Evaluation of the FY-4B/AGRI land aerosol optical depth product and comparison with geostationary satellite products over Asia,
None,True,Atmospheric Environment,该研究涉及城市街道峡谷中反应性污染物的弥散模拟，包括几何形状、风速、辐射和大气化学的影响，这与大气环境遥感技术（如空气质量监测、大气成分分析）密切相关，因此是强相关的。,"['CFD modeling', 'reactive pollutant', 'urban street canyons', 'atmospheric chemistry']",Melisa I. Mendoza;Santiago F. Corzo;Damian E. Ramajo,"CFD modeling of reactive pollutant dispersion in urban street canyons: Effects of geometry, wind speed, radiation and atmospheric chemistry",
None,True,Atmospheric Environment,该论文研究了中程臭氧污染预报技术，使用了一种混合transformer-TabPFN框架，这与大气环境遥感技术（如空气质量监测）密切相关，因为臭氧是大气中的主要污染物之一，而预报技术可以借助遥感数据进行监测和分析。,"['ozone', 'pollution forecasting', 'transformer']",Bohui Jiang;Xiaoling Zhang;Miao Qi;Xin Ai;Xiaoyi Wang;Xinying Qin,Medium-range ozone pollution forecasting techniques via a hybrid transformer-TabPFN framework and application,
None,True,Atmospheric Environment,该论文研究了PM2.5中重金属的来源及其健康影响，涉及空气质量和大气成分分析，与大气环境遥感技术（如空气质量监测和大气成分分析）密切相关。,"['PM2.5', 'metals', 'coastal megacity']",Yanjie Lei;Ming Hu;Yuankai Xie;Anja H. Tremper;Yue Liu;Lan Hong;Xin Cheng;Cheng Huang;Qingyan Fu;Jialiang Feng;David C. Green;Longhua Wu;Shunyao Wang;Gang I. Chen,Source transition and health implication of PM<sub>2.5</sub>-bound metals: Multi-year high-resolution observation in a coastal megacity,
None,True,Atmospheric Environment,该论文研究的是非道路建筑设备的实际排放情况，其中涉及到的PM-bound environmentally persistent free radicals（颗粒物结合的持久性自由基）和reactive radical species generation（活性自由基生成）是大气环境的重要组成部分，与空气质量和大气成分分析密切相关，因此与大气环境遥感技术（如空气质量监测、卫星观测）有较强的相关性。,"['PM-bound environmentally persistent free radicals', 'non-road construction equipment', 'reactive radical species generation']",Tzu-Hsien Tseng;Wei-Min Ching;Yen-Hsien Li;Hsi-Hsien Yang;Yu-Chieh Wang,Real-world emissions of PM-bound environmentally persistent free radicals and reactive radical species generation from non-road construction equipment,
None,True,Atmospheric Environment,该论文研究土壤对大气氢气的吸收作用，并使用空气动力学梯度技术进行了一年的观测。虽然研究对象不是传统意义上的空气污染物，但大气氢气是一种大气成分，且研究方法涉及大气观测技术，因此与大气环境遥感技术有一定关联。,"['soil sink', 'atmospheric hydrogen', 'aerodynamic gradient technique']",Nicholas Cowan;Mark Hanlon;Aurelia Bezanger;Chiara F. Di Marco;Carole Helfter;Neil J. Mullinger;Ruby Devlin;Toby Roberts;Sarah R. Leeson;Karen Yeung;Duncan Harvey;Eiko Nemitz;Julia Drewer,Environmental controls of the soil sink of atmospheric hydrogen: a year-long study at a UK grassland using the aerodynamic gradient technique,
None,True,Atmospheric Environment,该论文研究了人类活动对室内空气污染物的影响，使用了噪声和CO2变量，并采用了LSTM-LightGBM模型进行分析。虽然主题是室内空气质量监测，但与大气环境遥感技术中的空气污染监测和数据分析有间接关联，因此被认为是相关的。,"['indoor air pollutants', 'CO2', 'LSTM-LightGBM']",He Zhang;Ravi Srinivasan;Chen Chen;Xu Yang;Zhi Huang;Vikram Ganesan;Rui Zhou,Assessing impacts of human activity on indoor air pollutants using noise and CO<sub>2</sub>-based variables with LSTM-LightGBM: a library case study,
None,True,Atmospheric Environment,该论文研究了珠江口沿海和海洋地区的光化学和臭氧污染，这与大气环境遥感技术密切相关，特别是空气质量和大气成分分析。,"['photochemistry', 'ozone pollution', 'coastal sites', 'marine sites']",Lirong Hui;Guizhen Fang;Yi Chen;Hao Sun;Xin Feng;Yang Xu;Jia Guo;Yao Chen;Penggang Zheng;Dasa Gu;Yanli Zhang;Yee-Jun Tham;Zhenhao Ling;Zhe Wang,"Contrasting photochemistry and ozone pollution at coastal and marine sites in the Pearl River Estuary, South China",
None,True,Atmospheric Environment,该研究涉及有机氯化合物的形成，这与大气环境化学和污染物形成密切相关，虽然不直接涉及遥感技术，但属于大气环境研究范畴，因此可认为与大气环境遥感技术有一定关联。,"['organochloride compounds', 'styrene oxidation', 'atmospheric chemistry']",Yinghong Sun;Kun Li;Li Xu;Narcisse Tsona Tchinda;Lin Du,Organochloride compounds formation in chlorine-initiated styrene oxidation,
None,True,Atmospheric Environment,该论文研究了农村中国家庭固体燃料燃烧相关的多环芳烃（PAH）暴露，涉及空气质量和大气成分分析，与大气环境遥感技术（如空气质量监测和大气成分分析）密切相关。,"['PAH', 'air quality monitoring', 'atmospheric composition analysis']",Sulin Chen;Yunxuan Gu;Hongmei Xu;Sadaf Gulzar;Miaoqian Li;Yifei Xu;Min Gao;Jian Sun;Zhenxing Shen,Household solid fuel combustion-related PAH exposure in rural northern China: Associations of phenanthrene metabolites with DNA damage and systemic inflammation,
None,True,Atmospheric Environment,该论文研究了长期暴露于多种空气污染与心血管-肾脏-代谢多病风险的关系，涉及空气污染监测和健康风险评估，与大气环境遥感技术在空气质量监测和健康影响评估方面的应用密切相关。,"['air pollution', 'cardio-renal-metabolic multimorbidity', 'trajectory risk']",Zixuan Jiang;Yajing Zhou;Runzhi Bai;Yexin Lin;Yunxin Shi;Xueying Zheng;Yongfu Yu;Jieru Cai;Guoyou Qin,Long-term exposure to multiple air pollution and trajectory risk of cardio-renal-metabolic multimorbidity,
None,True,Atmospheric Environment,该论文研究格陵兰冰芯中的亚微米水不溶性颗粒的形态，涉及燃烧颗粒的沉积通量估计，这与大气环境遥感技术中的空气质量监测和大气成分分析密切相关。,"['submicrometer particles', 'Greenland ice core', 'combustion particles']",Sayako Ueda;Sho Ohata;Yoshinori Iizuka;Kaoru Kawakami;Mai Matsumoto;Osamu Seki;Sumito Matoba;Hitoshi Matsui,Morphology of submicrometer water-insoluble particles in a Greenland ice core during recent and early twentieth-century periods: estimation of deposition fluxes of combustion particles,
None,False,Atmospheric Environment,该论文主要关注臭氧暴露与代谢功能障碍进展到心血管疾病之间的关系，涉及环境健康和流行病学，但未明确涉及大气环境遥感技术，如空气质量监测、卫星观测或大气成分分析。,"['Ambient O₃', 'metabolic dysfunction', 'cardiovascular diseases']",Yiting Wei;Xiangyi Liu;Zitong Zhuang;Liying Luo;Ge Chen;Peng Hu;Hui Liu;Weiquan Lin;Hualiang Lin,Ambient O<sub>3</sub> exposure associated with progression of different metabolic dysfunction states to cardiovascular diseases: the GOLD-health cohort,
None,True,Atmospheric Environment,该研究探讨气象驱动下的长距离传输对海南岛超低排放区域的影响，涉及大气传输和气象现象，与大气环境遥感技术（如空气质量监测、大气成分分析）密切相关。,"['long-range transport', 'ultra-low emission region', 'monsoon']",Hao Guo;Yanli Zhang;Haofan Ran;Xinming Wang,Meteorology-driven long-range transport to an ultra-low emission region: a case study of Hainan during the monsoon,
None,True,Atmospheric Environment,该论文研究使用快速气相色谱-质谱联用技术（fastGC-PTR-TOF-MS）对室内相关的单萜和单萜烃进行实时表征，这与大气环境遥感技术中的空气质量监测和成分分析密切相关。单萜和单萜烃是大气化学的重要组成部分，其监测对于理解室内外空气质量具有重要意义。,"['monoterpenes', 'monoterpenoids', 'fastGC-PTR-TOF-MS']",Jinglin Jiang;Nusrat Jung,Near-real-time characterization of indoor-relevant monoterpenes and monoterpenoids using fastGC-PTR-TOF-MS,
None,True,Atmospheric Environment,该论文研究的是跨区域污染物传输对珠江三角洲臭氧污染的影响，涉及大气环境中的臭氧和污染物传输，与大气环境遥感技术中的空气质量监测和大气成分分析密切相关。,"['ozone', 'pollutant', 'Pearl River Delta']",Yu Yan;Kun Qu;Xuesong Wang;Jin Shen;Zimu Peng;Chang Liu;Teng Xiao;Xin Li;Xiaofeng Huang;Bin Luo;Yuanhang Zhang,Beyond direct ozone transport: Cross-regional transport of precursor pollutants intensifies ozone pollution over the Pearl River Delta,
None,True,Atmospheric Environment,该论文研究了城市化与湿度对大气沉降中人为微颗粒（包括微塑料）的影响，这与大气环境遥感技术中的空气质量监测、大气成分分析以及气溶胶反演等领域密切相关。,"['anthropogenic microparticles', 'microplastics', 'atmospheric deposition', 'air quality monitoring']",Natalie F. Hernandez;Daisy Youmans;Susanne M. Brander;Elizabeth A. Hasenmueller,Urbanization and humidity impact atmospheric deposition of anthropogenic microparticles (including microplastics) in a humid subtropical city,
None,True,Atmospheric Environment,该论文研究了国际船舶NOx排放对地表O3浓度的影响，涉及大气污染物排放与浓度变化的关系，这属于大气环境遥感技术中的空气质量监测和大气成分分析范畴。,"['NOx', 'O3', 'attribution approaches']",Aditya Nalam;Mariano Mertens;Volker Grewe;Willem van Caspel;Jan Eiof Jonson;Tim Butler,Understanding the effect of international ship NO<sub>x</sub> emissions on surface O<sub>3</sub> concentration using three different attribution approaches,
None,True,Atmospheric Environment,该研究基于船舶观测，分析长江下游的气溶胶和挥发性有机化合物污染特征，这与大气环境遥感技术中的空气质量监测和大气成分分析密切相关。,"['aerosols', 'VOCs', 'shipborne observations', 'Yangtze River']",Yixiang Chen;Ming Ding;Zhen Zhang;Saifen Yu;Qiuwei Xia;Daihao Yu;Jiawei Yang;Haiyun Xia,Study on the pollution characteristics of aerosols and VOCs along the lower reaches of the Yangtze River based on shipborne observations,
None,True,Atmospheric Environment,该论文研究气象和气溶胶对暖云和混合相云微物理性质的影响，并采用机器学习框架进行分析。这与大气环境遥感技术密切相关，特别是涉及气溶胶检索、云微物理性质分析以及机器学习在环境监测中的应用。,"['warm clouds', 'mixed-phase clouds', 'machine learning framework', 'aerosol influences', 'microphysical properties']",Trishna Bhattacharyya;A. Sai Krishnaveni;Renju Nandan;M. Venkat Ratnam,Investigating the meteorological and aerosol influences on microphysical properties of warm and mixed-phase clouds: A machine learning framework,
None,True,Atmospheric Environment,该论文研究气候变化如何导致北方森林火灾中氮的释放增加，涉及大气环境和火灾相关的遥感技术，例如监测火灾和大气成分变化，因此与大气环境遥感技术相关。,"['fire nitrogen', 'boreal forest', 'climate extremes']",Pu Liu;Jiani Wang;Hang Xu;Sheng Liu;Jia Ding;Yuyu Yang;Lei Liu,Climate extremes drive increased fire nitrogen release in boreal forest,
None,True,Atmospheric Environment,该论文研究了中国夜间臭氧浓度超过80 μg/m³的频率增加及其影响因素，涉及大气环境监测和成分分析，与大气环境遥感技术密切相关。,"['ozone', 'air quality monitoring', 'atmospheric composition analysis']",Hui Yun;Jingye Ren;Guiquan Liu;Jieyao Liu;Xue Li;Fang Zhang,"Increasing frequency of nocturnal ozone exceeding 80 <em>μg</em>/m<sup>3</sup> across China and its influencing factors (Summer, 2015-2019)",
None,True,Atmospheric Environment,该论文研究的是南加州沿海雾事件中的溶解元素组成，涉及大气环境中的成分分析和监测，与大气环境遥感技术（如空气质量监测和大气成分分析）密切相关。,"['dissolved element', 'coastal fog', 'Southern California']",Denise C. Napolitano;Dani Khoury;Alexandra J. Boris;Andrea L. Clements;Jeffrey L. Collett;Pierre Herckes,Time-resolved dissolved element composition across coastal fog events in Southern California,
None,True,Atmospheric Environment,该论文研究氨基酸在微滴中的自发暗转化，这与大气有机氮循环相关，属于大气环境化学和遥感技术的范畴，因此与大气环境遥感技术相关。,"['amino acids', 'atmospheric organic nitrogen', 'microdroplets']",Tao Wang;Hanyao Chang;Yaohao Hu;Xinyu Huang;Guohua Zhang;Xinming Wang;Ping'an Peng;Xinhui Bi,Spontaneous dark transformation of amino acids in microdroplets: An overlooked pathway for atmospheric organic nitrogen cycling,
None,True,Atmospheric Environment,该论文研究机器学习技术在风场校正中的应用，并将其应用于WRF-CMAQ大气模型模拟中，涉及大气环境的数值模拟和数据处理，与大气环境遥感技术中的模型校正和数据分析密切相关。,"['machine learning', 'WRF–CMAQ', 'atmospheric modeling']",Seung-Mi Kim;Eunbyeol Kwon;Jae-Ho Choi;Kangho Bae;Yesol Cha;Chang-Keun Song,Application of machine learning-based wind corrections to coupled WRF–CMAQ simulations: A comparison of dynamic assimilation and static replacement,
None,True,Atmospheric Environment,该论文研究煤改气转型对冬季挥发性有机物（VOC）排放、反应活性、毒性和臭氧（O3）敏感性的影响，涉及城市和农村的差异，这与大气环境遥感技术中的空气质量监测和大气成分分析密切相关。,"['VOC', 'O3', 'urban-rural heterogeneity']",Zhiyong Li;Zihan Shao;Yarou Zhao;Zimo Guo;Zhi Ning;Lan Chen;Xiaohua Ma;Jinming Liu;Shaofei Kong,"Coal-to-gas transition modulates multi-timescale emission variations and urban-rural heterogeneity in winter VOC profiles, reactivity, toxicity, and O<sub>3</sub> sensitivity across pre- and in-heating seasons",
None,True,Atmospheric Environment,该论文研究了加拿大不同地理尺度下由人为排放引起的空气污染导致的死亡率，涉及大气成分分析，与大气环境遥感技术中的空气质量监测和大气成分分析密切相关。,"['ambient air pollution', 'mortality', 'atmospheric composition']",Angelos T. Anastasopolos;Nick Charman;Ivana Popadic;Mourad Sassi;Annie Duhamel;Oumarou Nikiema;Sandrine Trotechaud;Dominic Beaudet;Mathieu Rouleau,Comparative health burden analysis at multiple geographic scales: mortality attributed to ambient air pollution by sector for anthropogenic emissions in Canada,
None,True,Atmospheric Environment,该论文研究了欧洲地区气溶胶的垂直分布对柱状AOD和地表PM2.5季节性关系的影响，直接涉及大气环境遥感技术中的空气质量监测和大气成分分析，因此与该领域密切相关。,"['AOD', 'PM2.5', 'aerosol', 'vertical distributions', 'Europe']",Shuhua Zeng;Pengfei Tian;Wenfang Wang;Yifei Zhang;Xin Song;Xianjie Cao;Jiening Liang;Lei Zhang,Aerosol vertical distributions determine the seasonal relationships between column AOD and surface PM<sub>2.5</sub> over Europe,
None,True,Atmospheric Environment,该论文研究了实验性变暖对红树林土壤中铁-碳相互作用以及CO2和CH4排放的影响。这些气体是大气环境的重要组成部分，研究它们在土壤中的排放与大气组成分析、空气质量监测等领域密切相关，因此与大气环境遥感技术具有较强的关联性。,"['CO2', 'CH4', 'atmospheric composition', 'soil emissions']",Manoella Martins Molitor;Antonio Elves Barreto da Silva;Murilo Andrade Miranda;Xosé Luis Otero;Tiago Osório Ferreira;Hermano Melo Queiroz,Experimental warming alters iron–carbon interactions and CO<sub>2</sub> and CH<sub>4</sub> emissions in pristine mangrove soils,
None,True,Atmospheric Environment,该研究探讨了氨对二次有机气溶胶中活性氧生成的影响，这与大气环境远程传感技术中的空气质量监测和气溶胶检索密切相关。研究涉及气溶胶的化学性质和成分分析，属于大气环境遥感技术的研究范畴。,"['secondary organic aerosols', 'reactive oxygen species', 'ammonia']",Qinghe Cai;Tianyi Zhao;Yang Bai;Jiayi Chen;Yang Zhang,Effect of ammonia on reactive oxygen species generation in secondary organic aerosols,
None,True,Atmospheric Environment,该论文研究中国臭氧污染及其对健康的风险，涉及大气成分分析和气候驱动因素，与大气环境遥感技术（如大气成分分析、空气质量监测）密切相关。,"['ozone pollution', 'atmospheric composition', 'climate drivers']",Xiaoyi Wang;Jinghui Ma;Shaojing Wang;Pengguo Zhao,Chinese ozone pollution and health risks: Future trends and climate drivers,
None,True,Atmospheric Environment,该论文研究了空气中的细颗粒物污染对急性阑尾炎住院风险和负担的影响，涉及空气质量和污染物监测，与大气环境遥感技术（如空气质量监测和大气成分分析）密切相关。,"['fine particulate matter', 'pollution', 'air quality monitoring']",Jian Lei;Qinchi Yu;Huimeng Liu;Chen Wei;Yinxiang Li;Yuewei Liu;Xi Chen;Shaowei Wu,The hospital admission risk and burden of acute appendicitis due to fine particulate matter pollution: Nationwide evidence from China,
None,True,Atmospheric Environment,该论文研究的是斯特拉斯堡城市PM10中有机标记物的多类别分析，涉及废气、非废气和生物质燃烧示踪剂的季节性分布，这与大气环境遥感技术中的空气质量监测和大气成分分析密切相关。,"['PM10', 'organic marker', 'exhaust', 'biomass burning']",Aynur Naghizade;Olivier Delhomme;Dani Khoury;Maurice Millet,"Multi-class organic marker profiling of urban PM<sub>10</sub> in Strasbourg, northeastern France: Seasonal distribution of exhaust, non-exhaust, and biomass burning tracers",
None,True,Atmospheric Environment,该论文研究空气污染与肌肉减少症的关系，涉及空气污染这一环境问题，与大气环境遥感技术中的空气质量监测相关。,"['air pollution', 'sarcopenia', 'meta-analysis']",Nannan Chen;Xiaoru Huang;Ruoxuan Liang;Yu Liu;Jianjun Liu;Benhong Xu,Air pollution and sarcopenia: A meta-analysis and network toxicology analysis,
None,True,Atmospheric Environment,该论文研究日本两个森林流域中降水中文钒含量的急剧下降，这与2020年全球硫磺规制的实施有关。文钒是大气环境中的重要污染物，研究其变化与大气成分、空气质量监测密切相关，因此与大气环境遥感技术（如大气成分分析、空气污染监测）密切相关。,"['vanadium', 'precipitation', 'IMO 2020', 'atmospheric composition']",Masayuki Morohashi;Hiroki Yotsuyanagi;Shiho Yabusaki;Ki-Cheol Shin;Toko Tanikawa;Naoyuki Yamashita;Junichi Kurokawa;Hiroyuki Sase,Abrupt decrease in vanadium in precipitation at two forested catchments in Japan associated with the IMO 2020 global sulfur regulation,
None,False,Atmospheric Environment,题目和摘要未提供任何与大气环境遥感技术相关的内容。,[],,Editorial Board,
None,True,Atmospheric Research,该论文研究区域生物排放对中部中国臭氧污染的影响和机制，涉及大气成分分析和空气质量管理，与大气环境遥感技术密切相关。,"['ozone pollution', 'biogenic emissions', 'Central China']",Nan Wang;Qizhong Wu;Shuangliang Ma;Lingling Wang;Kai Cao;Yushan Bian,Impacts and mechanisms of regional biogenic emissions on ozone pollution over Central China,
None,True,Atmospheric Research,该论文研究了中国华北平原农村冬季二次无机气溶胶的形成机制，涉及大气环境中的酸性金属催化过程，与大气环境遥感技术中的气溶胶观测和空气质量监测密切相关。,"['secondary inorganic aerosol', 'North China Plain', 'acidity-regulated metal catalysis']",Shuangshuang Zou;Zheng Wang;Chenpeng Zhao;Weisi Wang;Quanzhou Han;Yunfei Wu;Daiqi Ye;Qingxia Ma;Daizhou Zhang,Important role of acidity-regulated metal catalysis in rural wintertime secondary inorganic aerosol formation in the North China Plain,
None,True,Atmospheric Research,该论文使用多普勒风激光雷达观测了宁波沿海的低空急流特征及其对低空湍流的影响，涉及大气环境遥感技术和大气成分分析，因此与大气环境遥感技术密切相关。,"['Doppler wind lidar', 'low-level jet', 'atmospheric turbulence', 'coastal Ningbo']",Muxian Chen;Xiaolin Liu;Chaoying Yang;Jun Zhao;Ping Zhou;Zhongming Gao;Lei Li,Low-level jet characteristics and their impacts on low-level turbulence: A Doppler wind lidar observational study in coastal Ningbo,
None,True,Atmospheric Research,该论文研究地中海山地平原系统的极端日降雨的空间结构和极端依赖性，这与大气环境遥感技术中的空气质量监测、卫星观测和大气成分分析相关，因为降雨是大气成分的重要部分，遥感技术常用于监测降雨等气象现象。,"['rainfall', 'extremal dependence', 'Mediterranean mountain–plain system']",Stefanos P. Stefanidis;Nikolaos D. Proutsos,Event-based spatial structure and extremal dependence of extreme daily rainfall across a Mediterranean mountain–plain system,
None,True,Atmospheric Research,该论文研究了FY-4A卫星的PWV（可降水量）数据在改进NWP（数值天气预报）模型对强降水预报性能中的作用，这与大气环境遥感技术（如卫星观测和天气预报）密切相关。,"['FY-4A', 'PWV', 'NWP model', 'heavy precipitation forecasting']",Dengxin He;Zhizhao Liu;Jiafei Xu;Guirong Xu;Anwei Lai;Yunchang Cao;Hong Liang;Guan Hong,First validation of FY-4A PWV assimilation in improving NWP model performance for heavy precipitation forecasting,
None,True,Atmospheric Research,该论文研究的是WRF模型在复杂地形下的风场残差修正框架，涉及大气模型的修正技术和地形影响，与大气环境遥感技术中的大气成分分析和气象观测相关，因此相关性较强。,"['WRF', 'residual correction', 'wind fields', 'atmospheric modeling']",Pinhan Zhou;Lian Shen;Yan Han;Shuwen Deng;Xiangjun Wang;Wenxiang Xu,Continuity-constrained residual correction framework for WRF wind fields over complex terrain,
None,True,Atmospheric Research,该论文研究了夏季青藏高原区域剪切线的分类及其与不同环流模式相关的降水机制，涉及大气环流和降水过程，与大气环境遥感技术（如大气成分分析、卫星观测）密切相关。,"['Tibetan Plateau', 'zonal shear lines', 'atmospheric circulation', 'precipitation mechanisms']",Xiaohong Bao;Xiuping Yao;Yubin Yu,Classification of summer Tibetan Plateau zonal shear lines and associated precipitation mechanisms under different circulation patterns,
None,True,Atmospheric Research,该论文研究的是青藏高原夏季季风的热力驱动及其与南亚高压和东亚夏季季风变率的关联，涉及大气环流和气象现象，与大气环境遥感技术中的气象观测和大气成分分析有较强的关联性。,"['Tibetan Plateau', 'South Asian High', 'East Asian summer monsoon']",Lizi Wang;Zeyong Hu;Haipeng Yu;Ya Hou;Jinyu Zhang;Xiangyuan Lou;Guantian Wang,Thermal pumping of the Tibetan Plateau Summer Monsoon and its association with the South Asian High and East Asian summer monsoon variability,
None,True,Atmospheric Research,该论文研究了中国东部地区常见的复合高温和臭氧污染事件的机制和归因，这与大气环境遥感技术密切相关，特别是空气质量和大气成分分析。,"['heatwave', 'ozone pollution', 'atmospheric composition']",Xiaoyi Wang;Pengguo Zhao;Bohui Jiang;Jinghui Ma,Mechanisms and attribution of frequent compound heatwave and ozone pollution events in eastern China,
None,True,Atmospheric Research,该论文研究渤海-黄海及其周边平原的热浪现象，涉及区域气候和大气成分分析，与大气环境遥感技术中的空气质量监测和卫星观测有较强的相关性。,"['heatwaves', 'Bohai-Yellow Sea', 'atmospheric composition', 'regional climate']",Qi Zhang;Yiwen Zhu;Yiyu Xu;Yujuan Chen,Regional heatwaves over the Bohai-Yellow Sea and adjacent plains: Compounding characteristics and formation mechanisms,
None,True,Atmospheric Research,该论文研究了使用FY-3微波遥感技术和局部集合变换敏感性方法进行暖区强降雨预测，这与大气环境遥感技术（如卫星观测和大气成分分析）密切相关。,"['FY-3', 'microwave', 'assimilation', 'heavy rainfall']",Siqi Chen;Sheng Hu;Huiqi Li;Hui Xiao;Jie He;Yu Zhang;Fuzhong Weng,Targeted All-Sky FY-3 microwave assimilation using localized ensemble transform sensitivity for warm-sector heavy rainfall prediction,
None,True,Atmospheric Research,该论文研究了首尔市一个城市山区夜间臭氧增强现象的运输路径，涉及大气成分分析和空气质量监测，与大气环境遥感技术密切相关。,"['ozone', 'urban mountain site', 'Seoul']",Jung-Woo Yoo;Young-Jun Kim;Soon-Hwan Lee,Altitude-dependent transport pathways driving nighttime ozone enhancement over an urban mountain site in Seoul,
None,True,Atmospheric Research,该论文研究了华南沿海地区短寿命和长寿命暖锋降水事件的对比，涉及大气环境监测和降水分析，与大气环境遥感技术（如空气质量和降水监测）密切相关。,"['ambient environments', 'heavy precipitation', 'South China coast']",Haisheng Liu;Xiaogang Huang;Jianfang Fei;Xiaoping Cheng;Xiadong An;Xiangrong Yang;Jing Sun;Chi Zhang,Contrasting ambient environments of locally generated short- and long-lived warm-sector heavy precipitation events over the South China coast,
None,False,Atmospheric Research,该论文主要关注阿尔泰山脉地区雪覆盖的垂直变化及其对气候和极地涡旋的响应，这与大气环境遥感技术（如空气质量监测、卫星观测、大气成分分析、气溶胶反演）的直接关联性较弱。研究内容更偏向于地理和气候科学领域。,"['snow cover', 'climate', 'polar vortex']",Jiarui Li;Wei Zhang;Xuejiao Wu;An'an Chen;Xinyue Zhong;Yongping Shen,Elevation-dependent variations in snow cover and their response to climate and the polar vortex in the Altai mountains,
None,True,Atmospheric Research,该论文研究了使用Mie-偏振-荧光激光雷达量化尘埃气溶胶老化过程，并将光学演变与化学转化联系起来。这与大气环境遥感技术密切相关，特别是气溶胶检索和大气成分分析。,"['dust aerosols', 'Mie–polarization–fluorescence lidar', 'optical evolution', 'chemical transformations']",Yuanzong Ji;Zhongwei Huang;Yongkai Wang;Wenjin Zhang;Da Lu;Qingqing Dong;Jianrong Bi;Tian Zhou,Quantifying the aging of dust aerosols using Mie–polarization–fluorescence lidar: Linking optical evolution to chemical transformations,
None,True,Atmospheric Research,该论文使用NCMRWF区域模型研究高级云微物理方案对2018年和2019年喀拉拉洪水事件的影响。虽然主要关注洪水事件，但云微物理方案的研究与大气环境遥感技术（如大气成分分析和卫星观测）密切相关，因为云微物理是大气模型的重要组成部分，而大气模型常用于遥感数据反演和空气质量监测。,"['cloud microphysics schemes', 'NCMRWF regional model', 'Kerala flood events']",Rose Raphel;A. Jayakumar;T.J. Anurose;Saji Mohandas;Greeshma M. Mohan;M. Sandhya;Anumeha Dube;Donali Gogoi;V.S. Prasad;Claudio Sanchez,Impact of advanced cloud microphysics schemes for the Kerala flood events in 2018 and 2019 using the NCMRWF regional model,
None,True,Atmospheric Research,该论文研究了春季和夏季海冰异常如何协同增强印支半岛夏季降水，涉及气候和气象学领域，与大气环境遥感技术中的大气成分分析和气象观测相关，因此具有相关性。,"['sea ice anomalies', 'summer precipitation', 'Indochina Peninsula']",Yan Zhang;Shu Gui;Jie Cao;Ruowen Yang;Li Zhu;Lei Cai,Spring and summer sea ice anomalies synergetically enhance summer precipitation over the Indochina Peninsula,
None,True,Atmospheric Research,该论文研究了天山北坡短时强降水事件的 moisture transport 和 dynamic-thermodynamic mechanisms，这与大气环境遥感技术中的空气质量和大气成分分析密切相关，特别是降水和水分输送的观测与分析。,"['heavy precipitation', 'Tianshan Mountains', 'moisture transport']",Zhiyi Li;Junqiang Yao;Changchun Xu;Yu Luo;Ting Zhang,Multidirectional moisture transport and dynamic–thermodynamic mechanisms of a short-duration heavy precipitation case on the Northern Slope of the Tianshan Mountains,
None,True,Atmospheric Research,该论文研究了长江三角洲夏季降雨的年际至年代际变化，并将其与北太平洋海表温度联系起来。虽然不直接涉及遥感技术，但研究大气现象（如降雨）及其与海洋温度的关系，与大气环境遥感技术（如气象观测、海表温度监测）有间接关联，属于大气环境研究的范畴。,"['Yangtze River Delta', 'summer rainfall', 'North Pacific Sea surface temperature']",Yanhao Peng;Dong Xiao,Interannual-to-decadal variations of the Yangtze River Delta summer rainfall during 1901–1975 linked with North Pacific Sea surface temperature,
None,True,Atmospheric Research,该论文研究了中国夏季湿球温度的非平稳演变，探讨了加速变暖和温度、湿度的时间变化作用，这与大气环境遥感技术中的空气质量和大气组成分析密切相关。,"['wet-bulb temperature', 'atmospheric warming', 'temperature and humidity']",Tianci Yao;Shengfa Li;Qing Yu;Jia Sun;Xiangyu Wang;Wanjun Zhang;Lixin Su,Non-stationary evolution of summer wet-bulb temperature in China (1951–2024): Accelerated warming and time-varying roles of temperature and humidity,
None,True,Atmospheric Research,该论文与大气环境遥感技术强相关，因为它涉及空气质量监测（空气污染）、大气环境现象（空气停滞和热浪事件）以及特定区域的暴露情况（印度），这些都是大气环境遥感技术的重要应用领域。,"['air pollution', 'air stagnation', 'heatwave', 'India']",Gayathri Balachandran;S. Sumith Satheendran,Compound air stagnation and heatwave events: A ninefold increase in frequency and a tenfold rise in population exposure to air pollution over India,
None,True,Atmospheric Research,该论文研究的是西太平洋副热带高压的西伸现象及其驱动因素，虽然不直接涉及遥感技术，但与大气环境变化密切相关，因此与大气环境遥感技术有一定关联。,"['western North Pacific subtropical high', 'atmospheric forcing', 'climate dynamics']",Xiadong An;Wen Chen;Peng Hu,Anthropogenic forcing dominates relentless westward extension of the western North Pacific subtropical high,
None,True,Atmospheric Research,该论文标题和摘要都明确涉及了利用全球导航卫星系统（GNSS）的整周延迟时间（ZTD）同化技术来增强强降雨预报，这属于大气环境遥感技术领域，特别是大气成分分析和气象观测方面。,"['GNSS ZTD', 'heavy rainfall forecasting', 'atmospheric observation']",Ying Hui;Wei Han;Yabin Zhang;Lu Sun;Panxing Lou;Yongyong Ma;Xin Song;Caiyan Kang;Mingheng Chang,Enhanced heavy rainfall forecasting via GNSS ZTD assimilation with advanced observation error diagnosis,
None,True,Atmospheric Research,该论文研究了极化雷达反演的风暴结构与雷暴活动的关系，涉及对流层大气中的风暴结构和闪电活动，属于大气环境遥感技术领域，特别是雷达观测和大气现象分析。,"['polarimetric radar', 'storm structure', 'lightning activity', 'monsoon-trough convection', 'Indian Core Monsoon Zone']",Rakesh Ghosh;Pavan R. Vaidya;Manoj A. Domkawale;Hamza Varikoden;Sunil D. Pawar,Linking polarimetric radar-derived storm structure to lightning activity in monsoon-trough convection over the Indian Core Monsoon Zone,
None,False,Atmospheric Research,该论文的标题和摘要主要关注的是黄河流域的复合热浪-水文干旱的AMO调制 seesaw 模式，涉及气候和水资源研究，但不直接涉及大气环境遥感技术，如空气质量监测、卫星观测、大气成分分析或气溶胶反演等。,[],Mengxin Bai;Peng Zhang;Zihui Yue;Wupeng Du;Bisheng Zhu;Jiali Jiang;Chunyi Xuan,AMO-modulated seesaw pattern of compound heatwave-hydrological drought over the Yellow River Basin,
None,True,Atmospheric Research,该论文研究 Fengyun-4A 卫星的大气运动矢量观测误差，并将其应用于台风 Doksuri 的数据同化，这与大气环境遥感技术（如卫星观测和大气运动分析）密切相关。,"['Fengyun-4A', 'atmospheric motion vectors', 'data assimilation', 'Typhoon Doksuri']",Yongbo Zhou;Lijian Zhu;Jinhan Yuan;Chao Liu,Observation errors of Fengyun-4A atmospheric motion vectors for data assimilation during Typhoon Doksuri (2023),
None,False,Atmospheric Research,该论文标题和摘要主要关注海洋热浪的年际变化，特别是与MRI-ESM2–0气候模型相关的2°C超温事件，这与大气环境遥感技术（如空气质量监测、卫星观测、大气成分分析、气溶胶反演）的关联性较弱。,[],Lijuan Hua;Naiming Yuan,Asymmetric changes in annual marine heatwave duration before and after a 2°C overshoot in MRI-ESM2–0,
None,True,Atmospheric Research,该论文研究了东亚季风区极端降水在季节分布上的区域变化，这与大气环境遥感技术中的空气质量监测和大气成分分析密切相关，因为极端降水是大气环境变化的重要指标之一。,"['extreme precipitation', 'seasonal distribution', 'Eastern Monsoon China']",Junlong Gao;Kai Liu;Ming Wang;Nandi Wang;Linmei Zhuang;Qingrui Yue,Projected regional variations in seasonal distribution of extreme precipitation over Eastern Monsoon China,
None,False,Atmospheric Research,该论文的主题是关于中国台风引起的极端小时降水特征，虽然与大气环境有关，但主要关注降水现象而非遥感技术，如空气质量监测、卫星观测或大气成分分析。,"['typhoon', 'extreme precipitation', 'China']",Li Jia;Dajun Zhao;Yubin Yu;Fumin Ren,Contrasting characteristics of typhoon-induced extreme hourly precipitation in China,
None,True,Atmospheric Research,该论文研究地形扰动如何影响热带岛屿上的对流预条件，涉及对流层大气过程，与大气环境遥感技术（如卫星观测和大气成分分析）相关，因为对流预条件是影响空气质量（如污染物扩散）的关键因素。,"['orographic disturbances', 'convective preconditioning', 'tropical island']",Lanqiang Bai;Yipeng Huang;Qian Liu;Guixing Chen;Shizuo Fu;Qiu Yang;Lei Zhu,Orographic disturbances shaping convective preconditioning over a tropical island,
None,False,Atmospheric Research,该论文主要关注埃塞俄比亚干旱低地的时空降雨变率和气候遥相关，讨论其对区域气候适应的启示。虽然涉及气候和环境科学领域，但未明确提及与大气环境遥感技术（如空气质量监测、卫星观测、大气成分分析或气溶胶反演）直接相关的内容，因此相关性较弱。,"['rainfall variability', 'climate teleconnections', 'arid lowlands']",Markato Markos;Kidist Sahle;Dawit Kanito;Bethel Geremew Shefine;Gemechu Fanta Garuma;Asaminew Teshome;Tsegaye Tadesse;Husam Musa Baalousha,Spatiotemporal rainfall variability and climate teleconnections in the arid lowlands of Eastern Ethiopia: implications for zone-specific climate adaptation,
None,True,Atmospheric Research,该论文研究青藏高原未来升温与海拔的关系，涉及历史数据偏差对气候分析的影响，与大气环境遥感技术中的气候监测和数据分析相关。,"['Tibetan Plateau', 'elevation-dependent warming', 'cold biases']",Yu Deng;Qinglong You;Fangying Wu;Wenyu Zhou;Zhiyuan Cong;Zhiyan Zuo;Haijun Deng;Nick Pepin;Hans W. Chen;Deliang Chen;Renhe Zhang,Historical cold biases exaggerate future elevation-dependent warming over the Tibetan Plateau,
None,True,Atmospheric Research,该论文研究了伊朗冬季PM₂.₅污染的主导天气模式和环流调节机制，PM₂.₅是大气环境中的重要污染物，监测和解析其污染模式属于大气环境遥感技术的范畴，因此与该领域密切相关。,"['PM₂.₅', 'weather patterns', 'atmospheric circulation']",Zhuoen Liu;Yixuan Lyu;Weihang Xie;Lizhuo Zheng;Yuepeng Pan;Mohammad Darand;Anmin Duan,Identification of dominant weather patterns and circulation regulation mechanisms of winter PM₂.₅ pollution in Iran,
None,True,Atmospheric Research,该论文研究了鄂尔多斯盆地干旱和半干旱城市夏季臭氧污染的气象驱动因素，涉及空气质量监测和大气成分分析，与大气环境遥感技术密切相关。,"['O3 pollution', 'meteorological drivers', 'Ordos Basin']",Weiming An;Jilong Tong;Shengtong Lei;Lingyun Ma;Pengbo Wang;Yumin Guo;Yongle Liu;Min Chen;Qingjun Gao;Lei zhang,Distinct meteorological drivers of summertime O<sub>3</sub> pollution in arid and semi-arid cities of the Ordos Basin under extreme heat,
None,True,Atmospheric Research,该论文研究主要尘源区的地表尘浓度未来预测，涉及大气环境中的尘埃浓度监测，与大气环境遥感技术（如空气质量监测、卫星观测、大气成分分析、气溶胶反演）密切相关。,"['dust concentrations', 'Mesopotamian plains', 'surface dust']",Abbas Ranjbar Saadat Abadi;Nasim Hossein Hamzeh;Dimitris G. Kaskaoutis;Zahra Ghassabi;Christian Opp,Future projections of surface dust concentrations in major dust source regions of the Mesopotamian plains,
None,True,Atmospheric Research,该论文标题和摘要明确涉及气象雷达降水临近预报技术，属于大气环境遥感技术范畴，具体与空气质量监测、大气成分分析等领域相关。,"['weather radar', 'precipitation nowcasting', 'atmospheric remote sensing']",Hui Wang;Liping Wang;Wenjuan Li,DSTP: A Dual-Domain Spatio-Temporal Predictive Network for weather radar precipitation nowcasting,
None,True,Atmospheric Research,这篇论文研究了华北地区早秋时节山脉到平原的降水系统受气溶胶的调制作用，涉及气溶胶和大气成分分析，与大气环境遥感技术（如空气质量监测和大气成分分析）密切相关。,"['Aerosol', 'precipitation', 'Northern China']",Yu Zheng;Yucong Miao;Shuhua Liu;Huizheng Che,Aerosol modulation of precipitation systems migrating from mountains to plains in Northern China during early autumn,
None,False,Atmospheric Research,该论文主要关注的是利用CMIP6投影和混合深度学习模型进行干旱预测，研究区域为土耳其中央安纳托利亚。虽然CMIP6涉及气候模型，但研究内容不直接涉及大气环境遥感技术，如空气质量监测、卫星观测或大气成分分析等。,"['CMIP6', 'deep learning', 'drought forecasting']",Hatice Citakoglu;Necmiye Minarecioglu;Yuksel Gul Aslanbay;Veysi Kartal;Ercan Gemici,"Drought forecasting across multiple temporal scales using CMIP6 projections and hybrid deep learning models for Central Anatolia, Türkiye",
None,True,Atmospheric Research,该论文研究了青藏高原7-8月西风带与高原降水之间的关系，涉及气候变化模型（CMIP6）对大气现象的模拟和分析，与大气环境遥感技术（如卫星观测、大气成分分析）密切相关，因此是强相关的。,"['Tibetan Plateau', 'westerly jet', 'precipitation', 'CMIP6 models']",Yuhan Feng;Sulan Nan;Ge Liu;Ting Zhang;Yanhong Liu,Relationship between July–August Tibetan Plateau westerly jet and precipitation over the Tibetan Plateau in CMIP6 models,
None,True,Atmospheric Research,该论文研究了台湾南部在高压回流期间PM2.5的模拟，涉及大气污染物（PM2.5）和特定地理区域（台湾南部），与空气质量和大气成分分析密切相关，属于大气环境遥感技术的范畴。,"['PM2.5', 'southern Taiwan', 'high-pressure return flow']",Ming-Tung Chuang;Charles C.K. Chou;Chuan-Yao Lin;Wei-Che Lin;Neng-Huei Lin;Wei-Nai Chen;Steven Soon-Kai Kong,Simulating the PM<sub>2.5</sub> in southern Taiwan under high-pressure return flow during the Kao-Ping Experiment (KPEx),
None,True,Atmospheric Research,该论文标题和摘要都与大气环境遥感能力密切相关。标题中提到“PM2.5”治理，表明研究关注大气污染物监测，而摘要中“克服不利气象条件”暗示了利用遥感技术监测大气成分（如PM2.5）时可能遇到的技术挑战，这与大气环境遥感能力的应用直接相关。,"['PM2.5', 'governance', 'meteorology']",Ruihuan Liu;Xiaojuan Xu;Zelin Du;Jun He;Yifan Tao;Rongrong Shen;Yuesi Wang;Dongsheng Ji,Overcoming adverse meteorology: PM<sub>2.5</sub> governance progress during China's 2025 Victory Day,
None,True,Atmospheric Research,该论文研究城市化对降水系统和雨微物理的影响，涉及大气环境监测和成分分析，与遥感技术在空气质量监测和大气成分分析中的应用密切相关。,"['urbanization', 'precipitating systems', 'rain microphysics']",Basivi Radhakrishna;Thota Narayana Rao;Kadiri Saikranthi;Roshan Kadbhane,"Impact of urbanization on precipitating systems and rain microphysics across the Hyderabad Urban Sprawl, India",
None,True,Atmospheric Research,该论文研究低风速条件下的建成区气流迂回分析，这与大气环境遥感技术中的空气质量监测和气溶胶反演密切相关，因为气溶胶的分布和迁移受风速和地形影响，而建成区的研究有助于理解城市环境中的空气污染特征。,"['low wind', 'built-up environment', 'air quality', 'aerosol retrieval']",Hanane Bounouas;Eric Dupont;Pierre Roupsard;Yelva Roustan,Meandering analysis under low wind conditions in built-up environment,
None,False,Atmospheric Research,该论文标题和摘要主要关注东南亚地区的Senyar风暴和马来漩涡，讨论的是气象灾害和风暴系统，与大气环境遥感技术（如空气质量监测、卫星观测、大气成分分析、气溶胶反演）没有直接关系。,[],Luojie Dong;Junjun Li;Raju Pathak;Jingyu Wang,2025 Senyar storm: Malacca vortex as an emerging hazard over Southeast Asia,
None,True,Atmospheric Research,该论文研究了青藏高原上水分输送的时空变化及其对降水的影响机制，这与大气环境遥感技术中的大气成分分析和降水监测密切相关，因此是强相关的。,"['moisture transport', 'Tibetan Plateau', 'precipitation']",Guiping Li;Yanping Li;Zhongbo Yu;Qin Ju;Jing Yang;Zhaofeng Liu;YanYan Kang,Temporal and spatial changes in moisture transport over the Tibetan Plateau and their mechanisms influencing precipitation,
None,True,Atmospheric Research,该论文研究西地中海环流细胞的放大作用对秋季暴雨的影响，涉及大气成分和环流模式，与大气环境遥感技术（如大气成分分析）密切相关。,"['western Mediterranean recirculation cell', 'autumn torrential rains', 'atmospheric composition']",Eduardo A. Agosta;María José Estrela;David Corell;Juan J. Miró,Thermodynamic preconditioning of autumn torrential rains: The amplifying role of the western Mediterranean recirculation cell,
None,False,Atmospheric Research,该论文研究的是南非西开普省的极端降雨及其与阿古拉斯海流和本格拉海流的关系，主要关注气候和海洋现象，而非大气环境遥感技术，如空气质量监测、卫星观测或大气成分分析。,"['extreme rainfall', 'Agulhas current', 'Benguela current']",Chelsey L. Jansen;Babatunde J. Abiodun;Akintunde I. Makinde;Sabina Abba Omar,"Cut-off low–induced extreme rainfall in the Western Cape, South Africa: The roles of the Agulhas and Benguela current systems",
None,True,Atmospheric Research,该论文研究持续浓雾与大气污染的相互作用，并基于旋翼无人机进行现场观测，这与大气环境遥感技术（如空气质量监测、大气成分分析）密切相关。,"['persistent dense fog', 'atmospheric pollution', 'rotary-wing unmanned aerial vehicles']",Duanyang Liu;Ruolan Liu;Shujie Yuan;Fan Zu;Hong Wu;Aichen Niu;Ruixiang Liu;Huizheng Che;Shuqi Yan;Hongbin Wang;Zhujun Dai,Interaction between persistent dense fog and atmospheric pollution: Based on in-situ observations of rotary-wing unmanned aerial vehicles,
None,True,Atmospheric Research,该论文研究河北地区层云的微物理时空变化，涉及云和降雪的观测，与大气环境遥感技术中的云和降水监测相关，属于大气成分分析范畴。,"['stratus cloud', 'snowfall', 'aircraft observations']",Jiefeng Li;Chuanfeng Zhao;Qinghong Zhang;Ji Nie;Xiaobo Dong;Rong Mai;Yan Yu;Jing Li;Huiwen Xue;Yikun Yang,"Case-specific spatiotemporal microphysical variability of a stratus cloud with snowfall over Hebei, China from aircraft observations",
None,True,Atmospheric Research,该论文研究的是使用GSMaP和IMERG两种降水数据产品对中国降水的评估，涉及降水监测和数据分析，属于大气环境遥感技术的范畴，特别是卫星观测和降水分析领域。,"['GSMaP', 'IMERG', 'precipitation', 'daily statistics', 'event-based diagnostics']",Chun Zhou;Haowen Li;Yinan Guo;Lingling Wu;Li Zhou,Evaluating GSMaP and IMERG precipitation over China using daily statistics and event-based diagnostics,
None,True,Atmospheric Research,该论文研究的是祁连山不同海拔高度的雨滴大小分布特征，这与大气环境遥感技术中的大气成分分析相关，因为雨滴大小分布可以反映大气中的水汽、污染物等成分的分布情况。,"['raindrop size distribution', 'topographic heights', 'atmospheric composition']",Han Luo;Qiang Zhang;Ping Yue;Rong Wang;Songyu Li;Xia Li,A case study on the characteristics of raindrop size distribution at different topographic heights in the Qilian Mountains,
None,False,Atmospheric Research,该论文主要关注澳大利亚热带气旋大小的趋势分析，使用的是综合观测和高分辨率再分析数据集，这与大气环境遥感技术（如空气质量监测、卫星观测、大气成分分析、气溶胶反演）的直接相关性较低。,"['tropical cyclone', 'Australia', 'reanalysis datasets']",Sarvesh Kumar;Savin S. Chand;Samuel S. Bell;Hamish A. Ramsay;Valentina Koschatzky;Philip J. Klotzbach;Andrew Dowdy,Assessing trends in tropical cyclone size over Australia using consolidated observations and high-resolution reanalysis datasets,
None,True,Atmospheric Research,该论文研究了青藏高原夏季极端降水的外部强迫和内部变异归因，涉及大气环境变化和降水监测，与大气环境遥感技术（如卫星观测和大气成分分析）密切相关。,"['extreme precipitation', 'Tibetan Plateau', 'atmospheric variability']",Guanqi Fu;Anmin Duan;Xu Yuan;Xianyi Yang,Multi-scale attribution of external forcing and internal variability to summer extreme precipitation in Tibetan Plateau,
None,True,Atmospheric Research,该论文研究了华南沿海山地和城市地区的硝酸盐气溶胶形成机制，并基于同位素观测进行了分析。这与大气环境遥感技术密切相关，特别是空气质量监测和大气成分分析，因为硝酸盐是重要的空气污染物，而同位素观测是遥感技术中常用的手段。,"['nitrate aerosols', 'isotope observations', 'coastal mountain', 'urban sites', 'southern China']",Mei-Yi Fan;Peiwen Guo;Hai Guo;Yu Wang;Changliu Wu;Yihang Hong;Xiaopu Lyu;Yan-Lin Zhang,Formation mechanisms of nitrate aerosols at coastal mountain and urban sites of southern China based on isotope observations,
None,True,Atmospheric Research,该论文研究中国近地表风速在1980-2024年间的趋势反转，涉及大气环境变化，与遥感技术中的大气成分分析和气象观测相关，因此密切相关。,"['wind speed', 'China', 'atmospheric trends']",Xi Chen;Jiayi Nie;Wentian Qiu;Qinghong Zhao;Hairong Li;Xiuhua Zhou;Chengyang Zhang;Kaiqiang Deng,Divergent trend reversals in near-surface wind speed over China during 1980–2024,
None,False,Atmospheric Research,该论文主要关注ERA5-Land模型在模拟亚热带浅水湖热力学方面的表现，与大气环境遥感技术（如空气质量监测、卫星观测、大气成分分析、气溶胶反演）相关性较弱。研究方向集中在陆地区域的气象模型模拟，而非遥感技术或大气成分监测。,"['ERA5-Land', 'subtropical shallow lake', 'thermodynamics']",Wei Wang;Zihan Zhu;Mi Zhang;Heng Lyu;Zhiwen Wen;Bo Wang;Qiuxiang Jin;Zhen Zhang;Taikan Oki;Xuhui Lee,Performance evaluation of ERA5-Land in simulating thermodynamics of a subtropical shallow lake against long-term observations,
None,True,Atmospheric Research,该论文研究北太平洋夏季内季节性波动对美国北部空气质量的影响，涉及气温和极端高温的驱动因素，这与大气环境遥感技术中的空气质量监测和大气成分分析密切相关。,"['North Pacific intraseasonal waves', 'North American air temperatures', 'heat extremes']",Lei Du;Riyu Lu;Shanjun Luo;Chuandong Zhu;Yuhan Yan,Summer North Pacific intraseasonal waves drive North American air temperatures and heat extremes,
None,True,Atmospheric Research,该论文研究了超级台风Lekima快速增强过程中的云辐射强迫和不同水汽物体的影响，涉及大气成分分析和云观测，与大气环境遥感技术（如卫星观测和大气成分分析）密切相关。,"['cloud-radiation forcing', 'hydrometeor species', 'super Typhoon Lekima']",Lyu Leyang;Xinyan Lyu;Melinda Peng;Xuyang Ge,Distinct cloud-radiation forcing of hydrometeor species during the rapid intensification of super Typhoon Lekima (2019),
None,True,Atmospheric Research,该论文研究沿海青岛和西北太平洋地区雨水的细菌环境驱动因素，涉及大气环境中的微生物成分分析，与大气环境遥感技术中的空气质量监测和大气成分分析相关。,"['rainwater bacteria', 'coastal Qingdao', 'Northwest Pacific Ocean']",Xiaoyu Wang;Yuanzhe Ni;Yangfei Ai;Zhongyu Diao;Jianhua Qi,Environmental drivers of rainwater bacteria over coastal Qingdao and the Northwest Pacific Ocean,
None,False,Atmospheric Research,该论文研究了西风对青藏高原夏季降水年际变化的影响，主要关注气候学和气象学方面，未涉及大气环境遥感技术，如空气质量监测、卫星观测、大气成分分析或气溶胶反演等具体技术。,"['westerlies', 'precipitation', 'Tibetan Plateau']",Xin Mao;Xingwen Jiang;Huimei Wang;Jiaxin Ye;Yiwei Zhang;Chao Chen,Impacts of westerlies on interannual variability of summer precipitation over the southwestern Tibetan Plateau,
None,True,Atmospheric Research,该论文研究的是在复杂地形上使用WRF模型改进湍流地形阻力表示的问题，这与大气环境遥感技术中的大气成分分析和空气质量监测密切相关，因为地形阻力是影响大气污染物扩散的重要因素。,"['WRF model', 'turbulent orographic form drag', 'complex terrain']",Yulong Ma;Xingwen Jiang;Lin Mu;Qilin Wan;Zhiwei Heng,Improving the representation of turbulent orographic form drag with stability dependence in the WRF model over complex terrain,
None,True,Atmospheric Research,该论文研究平流层臭氧侵入对中国东部近地面臭氧的影响，涉及大气成分分析和空气质量监测，与大气环境遥感技术密切相关。,"['stratospheric ozone', 'near-surface ozone', 'CESM-MUSICA', 'Typhoon Lekima', 'atmospheric composition']",Yichao Zhou;Xuewei Hou;Man Yue;Chenchao Zhan,Impact of stratospheric ozone intrusion on near-surface ozone in eastern China under Typhoon Lekima: A high-resolution CESM-MUSICA simulation analysis,
None,True,Atmospheric Research,该论文研究东亚急流如何通过增强区域传输来调节中国中部地区的粉尘变异性，这与大气环境遥感技术（如空气质量监测、大气成分分析）密切相关。,"['aerosol variability', 'East Asian jet stream', 'Central China']",Yujie Jiang;Xiefei Zhi;Yongqing Bai;Ling Zhang;Yi Fan;Shoupeng Zhu;Tianliang Zhao,East Asian jet stream modulates interdecadal aerosol variability over Central China via enhanced regional transport,
None,True,Atmospheric Research,该论文研究了在中国东北冷涡下不同强对流事件中积雨云的特征，使用了FY-4卫星观测数据。这属于大气环境遥感技术范畴，特别是卫星观测和大气成分分析，与空气质量监测、卫星观测技术直接相关。,"['convective clouds', 'severe convective events', 'FY-4', 'Northeast China Cold Vortex', 'satellite observations']",Yang Gao;Xiaoyong Zhuge;Xi Wang;Xiaowen Zhang,Characteristics of convective clouds associated with different severe convective events under Northeast China Cold Vortex revealed by FY-4 observations,
None,True,Atmospheric Research,该论文研究印度的地表相对湿度，特别是东北部地区，涉及数据验证、趋势分析和归因，与大气环境遥感技术相关，例如空气质量监测和卫星观测。,"['surface relative humidity', 'India', 'North Eastern Region']",Rohit Gautam,"Analysis of surface relative humidity over India with special emphasis on the North Eastern Region: Data validation, trends and attribution",
None,True,Atmospheric Research,该论文研究大气河流如何调节季风亚洲的水气象气候，涉及大气现象和环境变化，与大气环境遥感技术（如卫星观测和大气成分分析）密切相关，因此相关性较强。,"['atmospheric rivers', 'hydrometeor', 'Monsoon Asia']",Mingzhu Li;Ju Liang,How atmospheric rivers modulate hydrometeor climatology over Monsoon Asia,
None,True,Atmospheric Research,该研究关注泰国地表湍流中的惯性行为关键粒径阈值，这对PM2.5和粗颗粒空气质量的建模具有重要意义，与大气环境遥感技术中的空气质量监测和颗粒物分析直接相关。,"['PM2.5', 'air-quality', 'surface-layer turbulence', 'particle-size']",Chalermpol Wangsomcholk,Critical particle-size threshold for inertial behaviour in Thai surface-layer turbulence: Implications for PM<sub>2.5</sub> and coarse-particle air-quality modelling,
None,True,Atmospheric Research,该论文的标题和摘要涉及台风的快速路径和强度变化，这与大气环境遥感技术中的大气成分分析、卫星观测和天气系统监测相关，因此是相关的。,"['typhoon', 'atmospheric', 'track', 'intensity']",Pin-Hong Chen;Ching-Yuang Huang,Can a cutoff low cause rapid track and intensity changes of typhoon hinnamnor (2022)?,
None,True,Atmospheric Research,该论文研究了热带气旋对长江中下游夏季复合高温干旱事件的影响，涉及大气成分和空气质量监测，与大气环境遥感技术相关。,"['tropical cyclones', 'atmospheric composition', 'air quality monitoring']",Jianqian Li;Chao Wang;Yuqin Wu;Liguang Wu;Haikun Zhao;Jian Cao,Track-dependent impacts of tropical cyclones on summer compound hot and dry events over the middle and lower reaches of the Yangtze River,
None,True,Atmospheric Research,该论文研究的是六盘山山顶的气溶胶数量尺寸分布和谱拟合，涉及大气成分分析，与大气环境遥感技术（如空气质量监测、卫星观测）密切相关，因此是相关的。,"['aerosol number size distribution', 'atmospheric composition', 'Mount Liupan']",Hejue Zhao;Zhuolin Chang;Jianren Sang;Liren Xu;Zezhong Sun;Run Luo;Le Jia;Ning Cao;Haoran Zhu;Yanbo Dai;Longyan Li;Jun Zhang;Wei Deng;Tianxue Wen;Kai Bi;Jiming Sun,Characteristics of aerosol number size distribution and spectrum fitting at the summit of Mount Liupan,
None,True,Atmospheric Research,该论文研究北极平流层臭氧变化与北大西洋海表温度偶极子和欧亚气候遥相关的关系，涉及大气成分分析和气候监测，与大气环境遥感技术（如臭氧监测和气候遥感）密切相关。,"['ozone', 'stratospheric', 'SST dipole', 'climate teleconnections']",Dingzhu Hu;Cuiting Zhao;Huimin Zhang,Arctic stratospheric ozone variability drives North Atlantic SST dipole and Eurasian climate teleconnections,
None,True,Atmospheric Research,该论文研究了GPM IMERG卫星数据在西班牙Valenciana地区亚日降水极端值监测的性能极限，涉及卫星观测技术和降水分析，与大气环境遥感技术（如卫星观测和降水监测）密切相关。,"['GPM IMERG', 'sub-daily precipitation extremes', 'Comunitat Valenciana']",Marc Semper;Manuel Curado;Jose F. Vicent;Leandro Tortosa,"Performance limits of GPM IMERG for sub-daily precipitation extremes over the Comunitat Valenciana, eastern Spain: Representativeness, attenuation, and pixel-scale displacement",
None,True,Atmospheric Research,该论文研究的是比利牛斯山脉冬季暖热天气现象及其对积雪融化的影响，涉及大气成分变化和季节性大气现象，与大气环境遥感技术（如空气质量监测、大气成分分析）有较强的相关性。,"['air quality monitoring', 'atmospheric composition', 'snowmelt impacts']",Josep Bonsoms;Roberto Serrano-Notivoli,Winter warm spells in the pyrenees: synoptic drivers and snowmelt impacts (1960–2024),
None,True,Atmospheric Research,该论文标题和摘要明确涉及使用卫星技术监测地面NO2排放和气象动态，这与大气环境遥感技术密切相关，特别是空气质量和大气成分分析。,"['satellite', 'NO2', 'emission footprints', 'atmospheric dynamics']",Mingbin Guo;Jianzhou Gong;Yuangong Chen;Yuqing Jian;Weifeng Xiao;Shikuan Wang,A satellite-constrained two-stage spatiotemporal framework for disentangling meteorological dynamics and emission footprints of ground-level NO<sub>2</sub>,
None,True,Atmospheric Research,该论文标题和摘要明确涉及热带气旋中的不对称降雨估计，这属于大气环境遥感技术的范畴，特别是与气象观测和大气现象分析相关。TCRM（Tropical Cyclone Rainfall Model）是专门用于热带气旋降雨估算的模型，因此该研究高度相关于大气环境遥感技术。,"['asymmetric rainfall', 'tropical cyclones', 'TCRM']",Bingyao Guo;Qingqing Li;Qi Gao;Changyu Zhao;Ruyan Chen,Improving asymmetric rainfall estimation in tropical cyclones: A revised TCRM,
None,True,Atmospheric Research,该论文研究的是利用U-Net模型对网格化的夏季降水预报进行空间协同校正，涉及大气环境监测中的降水预测技术，属于大气环境遥感技术范畴。,"['U-Net', 'spatial synergistic correction', 'gridded summer precipitation forecasts']",Guangxin He;Wei Wu;Zhigang Zhang;Zhanshan Ma;Juanzhen Sun;Haonan Chen;Jingjia Luo,U-Net-based spatial synergistic correction of gridded summer precipitation forecasts for CMA-MESO in Central China,
None,True,Atmospheric Research,该论文研究了中国东北地区的冷涡结构及其能量转换，重点关注了不同类型强降雨的分布，这涉及到大气环境中的气象现象，与大气环境遥感技术中的空气质量监测和大气成分分析有密切关系。,"['cold vortices', 'heavy rainfall', 'dry intrusion']",Yining Shen;Lijuan Wang;Zhaoyong Guan;Weijie Zeng;Xiaowen Zhao,Structure and energy conversion of Northeast China cold vortices with different distribution types of heavy rainfall influenced by dry intrusion,
None,True,Atmospheric Research,该论文研究地表放射性对大气电性的影响，特别是在稳定边界层条件下的影响。这与大气环境遥感技术相关，因为大气电性是大气成分和过程的一个重要指标，可以通过遥感技术进行监测和分析。,"['atmospheric electricity', 'stable boundary layer', 'radioactivity']",K.A. Nicoll;O. O'Neill;C. Miller;J. Paatero;T. Ulich,Surface radioactivity influences on atmospheric electricity during stable boundary layer conditions,
None,True,Atmospheric Research,该论文研究了使用ICON中尺度集合预报对流风暴的技巧，涉及大气现象的监测和预报，与大气环境遥感技术（如卫星观测和大气成分分析）密切相关。,"['ICON', 'convective storm', 'hectometric-scale ensembles']",Matteo Siena;Thomas Gastaldo;Chiara Marsigli;Paolo Ruggieri;Silvana Di Sabatino,Improving forecast skill of a convective storm using ICON hectometric-scale ensembles,
None,True,Atmospheric Research,该论文标题和摘要明确涉及使用卫星技术评估来自伊朗东部的沙尘暴，并强调其跨界影响，这与大气环境遥感技术（如空气质量和大气成分监测）密切相关。,"['satellite-based', 'dust storms', 'Eastern Iran', 'transboundary impacts']",Ali Darvishi Boloorani;Masoud Soleimani;Nastaran Nasiri;Fatemeh Amiri;Najmeh Neysani Samany;Ali Al-Hemoud;Iraj Gholami;Kan Huang,Satellite-based assessment of dust storms originating from Eastern Iran with measurable transboundary impacts,
None,True,Atmospheric Research,该论文研究了土壤湿度对夏季中国北部亚季节性降水预报的影响，使用了CWRF模型。虽然论文主要关注降水预报和土壤湿度，但与大气环境遥感技术有一定关联，因为土壤湿度和降水是大气环境的重要组成部分，而CWRF模型可以用于模拟和预测大气过程，这些都与大气环境遥感技术（如卫星观测和大气成分分析）相关。,"['soil moisture', 'subseasonal precipitation', 'CWRF model']",Chenyi Zhang;Minghao Wang;Yong Luo;Qingquan Li;Lili Dong;Kailu Yu,Effects of soil moisture on subseasonal precipitation forecasts in North China during summer: A study using CWRF model,
None,True,Atmospheric Research,该论文研究了中国大气氮沉降的长期变化，涉及大气成分分析，与空气质量和大气环境遥感技术密切相关。,"['atmospheric nitrogen deposition', 'sector-specific deposition efficiency', 'China']",Shangyi Wang;Yiheng Wang;Guochao Chen;Yuhao Wang;Zimeng Wang;Chenliang Tao;Hongliang Zhang,Sector-specific deposition efficiency shapes long-term changes in atmospheric nitrogen deposition in China,
None,True,Atmospheric Research,该论文研究的是广州地区闪电发生区域的垂直反射率核心特征，这涉及到大气物理过程和电离层特性，与大气环境遥感技术（如闪电监测和大气电学特性分析）密切相关。尽管没有直接提及卫星观测或空气质量监测，但其研究内容与大气环境遥感技术中的部分领域有交叉关联。,"['vertical reflectivity cores', 'lightning initiation regions', 'Guangzhou']",Fei Wang;Wen Yao;Yang Zhang;Dong Zheng,"Characteristics of vertical reflectivity cores at lightning initiation regions over Guangzhou, China",
None,False,Atmospheric Research,该论文的主题是降水科学，涉及测量、估算和建模，虽然与大气环境有一定关联，但主要关注点不是遥感技术，如空气质量监测、卫星观测或大气成分分析等。,"['precipitation', 'measurement', 'estimation', 'modeling']",Francisco J. Tapiador;Gabriela Juárez;Kyo-Sun Lim;Sohaib Fakar;Kyuhee Shin;Andrés Navarro;Sun-Young Park;Andrés Merino;Anahí Villalba-Pradas;Livia J. Leganés;Raúl Martín;José Luis Sánchez;Eduardo Garcia-Ortega;GyuWon Lee,"Precipitation science: State-of-the-Art in measurement, estimation, and modeling",
None,True,Atmospheric Research,该论文的标题和摘要明确涉及云播种和气溶胶-云相互作用，这些都是大气环境遥感技术的重要研究领域。云播种和气溶胶-云相互作用直接影响大气成分和空气质量监测，因此与大气环境遥感技术密切相关。,"['cloud seeding', 'aerosol–cloud interactions', 'environmental impacts']",Sanhita Shende;Swapnaja Gajbhiye;Nandu B. Chaure,Cloud seeding and aerosol–cloud interactions: Environmental impacts and future perspectives,
None,False,Atmospheric Research,标题和摘要中未提供任何与大气环境遥感技术相关的具体信息。,[],,Editorial Board,
10.1126/sciadv.aef6686,False,Science Advances,该论文主要研究的是天体物理现象，特别是吸积脉冲星和其伴星之间的物质流动，与大气环境遥感技术（如空气质量监测、卫星观测、大气成分分析、气溶胶反演）没有直接关系。,"['x-ray pulsar', 'spectroscopic observation', 'accretion']",Roi Rahin;Ralf Ballhausen;Nazma Islam;Maurice A. Leutenegger;Ehud Behar;Daisy Zamora;Joel Coley;Natalie Hell;Tim Kallman;Maximilian Lorenz;Pragati Pradhan;Joern Wilms;Aafia Zainab,Direct spectroscopic observation of matter falling onto a compact stellar object,"GX 301–2 is an accreting x-ray pulsar with a massive hypergiant companion WRAY 977, embedded within a dense circumstellar environment. We report on detected redshifted hydrogen- and helium-like iron lines, together with transitions from lower ionization states, observed with XRISM/Resolve during an x-ray flare. Notably, these spectral features evolve from absorption lines at the beginning of the observation to emission lines at the end, with intervening phases exhibiting a mixture of both absorption and emission features. This behavior constitutes direct evidence of inflowing material accreting onto the neutron star. The results suggest a dynamic accretion geometry, evolving from predominantly radial inflow to a transverse, potentially disk-like configuration during the x-ray flare. Observations of inflowing matter thus constitute a direct test of accretion hypotheses and highlight the complex interplay between stellar wind and transient accretion disks in wind-accreting systems."
10.1126/sciadv.aec3939,True,Science Advances,该论文研究了星系内环围介质（CGM）的光学线发射，涉及星系形成和反馈过程，与大气环境遥感技术中的大气成分分析、星系观测相关。,"['atmospheric composition', 'emission-line maps', 'circumgalactic medium', 'star formation rate', 'Hα']",Huanian Zhang;Lizhi Xie;Zhijie Qu;Dennis Zaritsky;Luis C. Ho;Min Bao;Fabio Fontanot;Michaela Hirschmann;Chenxu Liu;Gabriella De Lucia;Enci Wang;Haoyan Zheng,Star formation powers optical line emission from the CGM,"Using integral field spectroscopy, we explore the disk-halo interface, or the inner circumgalactic medium (CGM), of individual galaxies by constructing and analyzing emission-line maps for a large sample (72) of normal, low-redshift galaxies spanning three orders of magnitude in stellar mass and four orders in star formation rate (SFR). We find a steep turnover occurring at(1to2)Rein the Hα, [O II], and [O III] line emission radial profiles. Beyond this radius, the slope of the line emission radial profiles becomes shallower as the SFR of the central galaxy decreases, which might reflect the strength of the feedback processes. The line emission fluxes at a large radius [(5to10)Reor∼(0.1to0.25)rvir] correlate with the galaxy’s SFR but not with its stellar mass. These findings suggest that ionizing photons escaping from star-forming regions in the central galaxy account for the observed emission-line fluxes from the inner CGM, with escape fractions inferred from the [O III] and [O II] ratio. Different state-of-the-art theoretical models do not agree on the predicted dependence of cool gas on the SFR of the central galaxies, highlighting the importance of CGM emission line measurements to distinguish between different subgrid models for star formation and feedback processes."
10.1126/sciadv.aee9026,True,Science Advances,该论文研究的是海洋凝胶的粒子特征，使用了阴影成像技术来探测不同光学密度的颗粒，这与大气环境遥感技术中的粒子探测和遥感方法有相似之处，虽然研究对象是海洋而非大气，但技术在原理和应用上有交叉，因此与大气环境遥感技术有一定关联。,"['marine gels', 'shadow imaging', 'optical density']",Huanqing Huang;María Couret;Santiago Hernández-León;Alexander B. Bochdansky,Visualizing the barely detectable: Particle characteristics of the elusive aquatic gel phase in the northeastern subtropical Atlantic,"Marine gels constitute a large yet poorly explored ocean carbon pool. Shadow imaging was tuned to detect particles at two sensitivity levels: high–optical density particles (HODP), resembling the particles captured by most imaging systems, and low–optical density particles (LODP), representing a vastly more abundant and gel-dominated pool. This method enabled us to map and characterize a portion of oceanic gels without filtration and staining. In the subtropical northeast Atlantic, LODP outnumbered HODP of the same size by one or two orders of magnitude. Morphology and particle number spectra differed greatly between the two pools, with LODP showing greater morphological homogeneity and diel pulses in abundance. The inclusion of LODP is critical for the parameterization and quantitative interpretation of biogeochemical models that directly affect global carbon flux estimates. Due to a paucity of in situ observations, these particles are largely absent from even the most advanced ocean models."
10.1126/sciadv.adx0731,False,Science Advances,该论文主要研究的是阿尔茨海默病模型中免疫检查点通路对神经-胶质相互作用和胶质稳态的影响，与大气环境遥感技术（如空气质量监测、卫星观测、大气成分分析、气溶胶反演等）无关。,[],Taeyoung Park;Leechung Chang;Seung Won Chung;Seowoo Lee;Sungjun Bae;Carlo Condello;Yong Ho Kim;Jaecheol Lee;Han-Joo Kim;Ho-Keun Kwon;Minah Suh,Targeting glial PD-1/PD-L1 restores microglial homeostasis and reduces neuronal hyperactivity in an Alzheimer’s disease model,"Alzheimer’s disease (AD) involves complex neuroimmune dysregulation, and the role of immune checkpoint pathways in regulating neuro–glial interactions and intrinsic glial homeostasis remains unclear. In AD, glial expression of programmed cell death protein 1 (PD-1) and its ligand (PD-L1) is elevated in mouse models and human patients, suggesting involvement of immune checkpoint signaling in glial function. To define the role of this pathway in the AD brain, we locally modulated PD-1/PD-L1 signaling by intracortical anti-PD-L1 injection in 8–10-month-old 5xFAD mice, combined with in vivo two-photon imaging and quantitative functional analyses. Brain-intrinsic PD-L1 blockade reshaped the local glial microenvironment, restoring impaired microglial process convergence and increasing P2RY12 expression, a key marker of homeostatic function, with concomitant attenuation of aberrant neuronal hyperactivity. Astrocyte-specific PD-L1 knockdown produced similar effects, indicating a key role of astrocytic PD-L1 in regulating microglia–neuron interactions. These findings suggest that the glial PD-1/PD-L1 axis functions as a brain-intrinsic regulator of glial homeostasis linked to neuronal dysfunction in AD."
10.1126/sciadv.aeb3077,False,Science Advances,该论文主要研究的是高速光子集成电路中的光学参量振荡器，用于实现基于光子的深度学习计算，与大气环境遥感技术（如空气质量监测、卫星观测、大气成分分析、气溶胶反演等）没有直接关系。,"['photonic integrated circuit', 'optical parametric oscillator', 'reservoir computer']",Midya Parto;Gordon H. Y. Li;Ryoto Sekine;Robert M. Gray;Luis L. Ledezma;James Williams;Arkadev Roy;Alireza Marandi,High-speed reservoir computing using photonic integrated circuit optical parametric oscillators,"Over the past decade, deep learning has led to disruptive advancements with key applications in computer vision, natural language processing, and predictive analytics. With the increasing prevalence and adoption of deep learning algorithms, the quest for hardware solutions that can efficiently process data in real time with high speeds and low latencies has come to the forefront of research. On-chip photonic neural networks offer a promising platform that leverage high bandwidths and low propagation losses associated with light to perform analog deep learning computations. However, nanophotonic circuits are yet to achieve the required linear and nonlinear operations simultaneously in an all-optical and ultrafast fashion. Here, we report a high-speed photonic integrated circuit (PIC)–based reservoir computer using an optical parametric oscillator (OPO) fabricated on thin-film lithium niobate. We apply the PIC-based OPO computing system for a variety of benchmark tasks including chaotic time series prediction, nonlinear error correction in a noisy communication channel, and noisy waveform classification, achieving >93% accuracies at an operating clock rate of ∼10 gigahertz in all cases. Our OPO network can allow for subnanosecond latencies when implemented in an end-to-end all-optical fashion, a timescale that is shorter than a single clock cycle in state-of-the-art digital electronic processors. By circumventing the need for optical-electronic-optical conversions, our high-speed PIC-based reservoir system paves the way for the next generation of compact, energy-efficient, all-optical neural networks with ultralow latencies."
10.1126/sciadv.aeb8359,False,Science Advances,该论文研究的是一种用于形状传感的 omnidirectional bending sensor，与大气环境遥感技术（如空气质量监测、卫星观测、大气成分分析、气溶胶检索等）没有直接关系。,[],Yanzhen Li;Zheren Cai;Yongli He;Zhihua Liu;Cong Wang;Jiaofu Li;Wenlong Li;Nuan Chen;Dong Wu;Huajian Gao;Xiaodong Chen,Omnidirectional bending sensor with three-fold structural symmetry enables decoupling of bending angle and direction,"Accurate shape sensing requires simultaneous quantification of bending angle (φ) and bending direction (θ). Yet existing bending sensors remain confined to uniaxial or discretized modes, relying on tedious, non-generalizable calibration procedures. Here, we present a snowflake-shaped omnidirectional bending sensor that achieves complete and linear decoupling of φ and θ through a three-fold rotationally symmetric arrangement of strain-sensitive resistors. By harnessing geometric symmetry as a physical prior, we establish a closed-form analytical model and signal projection framework that transform calibration from an empirical process into a simple, quantitative, universal procedure. The sensor is compatible with standard flexible printed circuit board (FPCB) fabrication on polyimide (PI) and polyethylene terephthalate (PET) substrates, ensuring scalability and integration. We demonstrate real-time reconstruction of multidirectional surface deformation and in situ correction of ultrasound imaging artifacts during bending. This symmetry-guided approach redefines the design principles of deformation sensing, providing a general platform for dynamic shape reconstruction and opening avenues for self-adaptive and self-aware electronic systems."
10.1126/sciadv.aec0722,False,Science Advances,该论文主要关于使用CRISPR激活技术进行癌症依赖性和耐药性途径的体外和体内映射，与大气环境遥感技术（如空气质量监测、卫星观测、大气成分分析、气溶胶反演）无关。,"['CRISPR activation', 'gene expression', 'cancer dependencies']",Sarah T. Diepstraten;Yexuan Deng;Margaret A. Potts;Amy Heidersbach;Christina König;Kristel M. Dorighi;Lin Tai;Andrew J. Kueh;Lauren Whelan;Catherine Chang;Felix Brown;Gemma L. Kelly;Jean-Philippe Fortin;Benjamin Haley;John E. La Marca;Marco J. Herold,A high-density CRISPR activation platform for mapping cancer dependencies and resistance pathways ex vivo and in vivo,"CRISPR activation (CRISPRa) enables precise up-regulation of gene expression for ex vivo and in vivo applications. However, a lack of scalable, high-coverage tools has limited comprehensive genetic screening in murine models. Here, we introduce Partita, a next-generation mouse whole-genome CRISPRa sgRNA platform, designed for unparalleled efficiency in gene activation studies. Partita uses a high-density targeting strategy, deploying 10 sgRNAs per transcriptional start site, structured into five gene class-specific sublibraries to maximize transcriptional induction. To demonstrate the capabilities of Partita, we performed a series of large-scale screens: an in vitro enrichment/depletion screen, whole-genome CRISPRa screens in a double-hit lymphoma model to uncover resistance factors to proapoptotic drugs (venetoclax, nutlin-3a, and etoposide) and an in vivo screen to identify accelerators of MYC-driven lymphomagenesis. Each experiment revealed both expected and unexpected regulators, with high validation rates. By enabling robust gain-of-function screening, Partita unlocks new avenues for functional genomics and expands the toolkit for discovering key drivers of biological processes across diverse research fields."
10.1126/sciadv.aec9007,False,Science Advances,该论文研究的是细胞重排与肾脏分支形态发生的过程，与大气环境遥感技术（如空气质量监测、卫星观测、大气成分分析、气溶胶反演）无关。,[],Xinyu Dong;Fabian Bock;Ali Hashmi;Nada Bulus;Glenda Mernaugh;Gema Bolas;Shensen Li;Wanying Zhu;Meiling Melzer;Kyle Brown;Colton Miller;Olga Viquéz;Eloi Montañez;Ambra Pozzi;Sara A. Wickström;Roy Zent,α-Parvin regulation of cell rearrangement is critical for ureteric bud branching morphogenesis,"All branched tubular structures, including the kidney collecting system, are formed by branching morphogenesis, a process that includes tip branching and trunk narrowing. Tight control of cell movement and rearrangement is a prerequisite for branching morphogenesis. The role of integrin-associated adhesion proteins in coordinating actin dynamics and cell rearrangement during branching morphogenesis is poorly understood. Here, we used three-dimensional live imaging of mouse ureteric bud branching to show that α-parvin, a component of the integrin binding ILK-PINCH-parvin complex, regulates tip branching and tubule thinning by inhibiting excessive cell adhesion and actin polymerization. Mechanistically, α-parvin promotes actin turnover by inhibiting activation of the small guanosine triphosphatases RhoA and Cdc42, which in turn enhances the severing function of the actin regulatory protein, cofilin. These results underscore the importance of adhesion protein–regulated actin dynamics in the critical process of cell rearrangement, which is required for branching morphogenesis."
10.1126/sciadv.aed3966,False,Science Advances,该论文主要研究的是海洋浮游生物和桡足类动物的生态学，特别是通过同位素比值分析其食物来源。虽然涉及海洋环境，但与大气环境遥感技术（如空气质量监测、卫星观测、大气成分分析、气溶胶反演等）没有直接关系。,"['phytoplankton', 'copepod', 'isotope ratios']",Hyuntae Choi;Bohyung Choi;Jee-Hoon Kim;Nayeon Park;Haemin Won;Jieun Kim;Jinyoung Jung;Youngju Lee;Eun Jin Yang;Min-Seob Kim;Wonseok Yang;Yeonjung Lee;Dong Han Choi;Jae Hoon Noh;Brian N. Popp;Kyung-Hoon Shin,Dietary records in cosmopolitan copepod Calanus spp. revealed large contribution of dinoflagellates in subarctic Pacific,"Global warming and the resulting surface seawater stratification have led to dominance of small phytoplankton, driving substantial changes in planktonic ecosystem structure. This study investigates the composition and nitrogen sources of phytoplankton and other basal resources by analyzing the cosmopolitan copepodCalanusspp. in western North Pacific. Carbon isotope ratios of amino acids (δ13CAA) inCalanusspp. tissue revealed geographically distinct basal diets: N2-fixing organisms (19.6 ± 5.8%) and heterotrophic bacteria (30.6 ± 5.3%) in the tropical and subtropical Pacific, and dinoflagellates (54.4 ± 10.5%) in the Bering Strait and southern Chukchi Sea. The proportion of dinoflagellates inCalanusspp. diets was strongly correlated with the dietary protist contribution estimated using nitrogen isotope ratios of amino acids (δ15NAA). In addition, nitrogen sources assimilated into total eukaryotic microalgae varied regionally: biologically fixed N2in the tropical Pacific (29.2 ± 7.9%), while nitrate was the primary source in the Pacific Arctic Ocean (91.4 ± 2.3%). By linking isotopic compositions to ecological function, this study provides insight into how regional nutrient shifts are altering planktonic food webs, with cascading consequences for marine biodiversity, biogeochemical cycling, and ecosystem resilience in a rapidly changing ocean."
10.1126/sciadv.aed5546,False,Science Advances,该论文主要研究在极端压力和温度条件下，纳米多晶金刚石的流动强度和变形机制，与大气环境遥感技术（如空气质量监测、卫星观测、大气成分分析、气溶胶反演等）没有直接关系。,"['nanopolycrystalline diamond', 'flow strength', 'shocked material']",Anirudh Hari;Kento Katagiri;Wanghui Li;Dorian P. Luccioni;Rayen Lin;Sophie E. Parsons;Zipeng Xu;Rohit Hari;Tharun Reddy;Ernest W. Cubit;Alexis Amouretti;Jon H. Eggert;Yuichi Inubushi;Tetsuo Irifune;Sara J. Irvine;Ryosuke Kodama;Michel Koenig;Laura Madril;Takeshi Matsuoka;Kohei Miyanishi;Hirotaka Nakamura;Norimasa Nishiyama;Takuo Okuchi;Masato Ota;Toshimori Sekine;Yusuke Seto;Toru Shinmei;Keiichi Sueda;Yoshinori Tange;Sota Takagi;Tadashi Togashi;Yuhei Umeda;Yifan Wang;Makina Yabashi;Toshinori Yabuuchi;Norimasa Ozaki;Leora E. Dresselhaus-Marais,Ultrahigh flow strength in shocked nanopolycrystalline diamond,"Extreme pressures and temperatures create conditions that allow even hard and brittle materials to flow plastically. Despite extensive research, the limits of flow strength under such conditions remain uncertain, and the mechanisms driving deformation at the relevant stresses are a subject of debate. Using femtosecond in situ x-ray diffraction experiments and large-scale molecular dynamics simulations, we demonstrate that stacking fault-mediated strengthening enables shock-compressed nanopolycrystalline diamond to achieve a peak flow strength of 92 ± 3 GPa at a stress of 212 ± 6 GPa. Our findings show that extreme conditions can unlock ultrahigh strength via a complex array of competing deformation mechanisms and thermodynamic effects."
10.1126/sciadv.aed5787,True,Science Advances,该论文研究了火星早期地幔的冷却、结晶过程，并提出了一个富含斜长石的原始地壳形成模型。虽然主要关注的是地质和地球化学过程，但论文提到了“遥感证据”来支持其结论，这与大气环境遥感技术中的“卫星观测”和“岩石识别”有一定关联，因此可以认为与大气环境遥感技术有较强相关性。,"['magma ocean', 'plagioclase', 'remote sensing evidence', 'Martian crust', 'geochemical signatures']",Xue Wang;Yanhao Lin;Wim van Westrenen,A plagioclase-rich protocrust on Mars formed by magma ocean crystallization,"Accretion and early evolution of rocky planets involved high temperatures that produced global magma oceans. Their cooling, outgassing, and crystallization controlled primary crust formation, atmospheric composition, and mantle dynamics. Using new estimates of martian mantle composition and depth, we experimentally simulated the solidification of the entire magma ocean. Under the relatively oxidizing conditions of Mars, crystallization produced a mantle assemblage of olivine/wadsleyite, orthopyroxene, clinopyroxene, garnet, and spinel and generated in the final stages a >30-kilometer-thick, buoyant protocrust dominated by plagioclase and quartz. These results differ notably from previous models and are consistent with remote sensing evidence for ancient plagioclase-rich, low-density crustal rocks. Our results redefine the density structure and potential overturn dynamics of the early martian mantle, establishing a new framework for interpreting geochemical signatures in martian meteorites and for guiding analyses of igneous rocks from future Mars Sample Return missions."
10.1126/sciadv.aee4171,True,Science Advances,该论文研究了平流层波的预测能力如何增强北美地表预报，涉及大气成分分析和波动现象，与大气环境遥感技术（如空气质量监测和卫星观测）密切相关。,"['stratospheric wave', 'S2S forecasting', 'air quality monitoring']",Xiuyuan Ding;Baoqiang Xiang;Gang Chen;Liping Wang,Stratospheric wave predictability enhances surface forecasts over North America,"Advances in subseasonal-to-seasonal (S2S) forecasting have broad socioeconomic benefits. Stratospheric variability has been identified as a major source of surface predictability on S2S timescales, yet its influence on forecasting North American cold extremes has not been fully understood. Here, using hindcasts from a coupled S2S forecast system, we identify a wave-1–like pattern among leading sources of predictability in the lower stratosphere during extended winters. This mode, characterized by strong stratospheric wave activity, improves second-week temperature prediction over North America by 15% (2 to 28%). It also increases the likelihood of North American cold extremes by 50%. Prediction skill for these extremes increases by 28% in forecasts conditioned on the wave-1–like stratospheric mode, across regions inhabited by over 69% of the Canadian population and over 30% of the U.S. population. These skill enhancements are attributed to the vertical wave coupling between the stratosphere and troposphere, distinct from the well-known downward influence of sudden stratospheric warmings (SSW). By conditioning forecasts on stratospheric states, our findings highlight strong stratospheric waves as windows of opportunity for skillful winter S2S predictions."
10.1126/sciadv.aee5269,False,Science Advances,该论文主要研究的是一种新型材料的低热导率特性，虽然涉及材料科学和环境技术，但并未直接与大气环境遥感技术（如空气质量监测、卫星观测、大气成分分析或气溶胶反演）相关。,"['hybrid perovskites', 'thermal conductivity', 'materials design']",Ziqi Wang;Liang Yan;Ankit Negi;Qingxuan Wang;Zarif Ahmad Razin Bhuiyan;Xiaowei Zhong;Andrew H. Comstock;Subhrangsu Mukherjee;Yeonju Yu;Cong Yang;Aryan Jouneghaninaseri;Shehzad Khan;Tyler Wang;Saqlain Raza;Jun Hu;Yoji Nabei;Xiaokun Gu;Hezhu Shao;Mengxia Liu;Qing Tu;Harald Ade;Jun Zhou;Dali Sun;Wei You;Jun Liu,Extremely low thermal conductivity in rigid layered hybrid perovskites,"Materials with exceptionally low thermal conductivity are desirable for thermal insulation and waste heat recovery. While foams and aerogels boast ultralow thermal conductivities akin to air, lack of mechanical stiffness in these soft materials necessitates a paradigm shift in materials design that can offer thermal insulation and mechanical rigidity simultaneously. Here, we show that spun-cast layered hybrid organic-inorganic perovskite thin films, azobenzene ethyl ammonium lead iodides, exhibit a record-low thermal conductivity, down to ∼0.04 watts per meter per kelvin at room temperature, while maintaining mechanical rigidity with an elastic modulus of 7.7 gigapascals that surpasses that of most plastics, foams, and aerogels. This unusual combination of ultralow thermal conductivity and high mechanical rigidity is attributed to the specially engineered organic cations in the layered structure. Our finding highlights the potential of molecular engineering in hybrid layered structures to push the extreme of thermal insulation in dense, rigid solids."
10.1126/sciadv.aee6038,False,Science Advances,该论文研究的是蛋白质聚合物在光诱导相变下的双向光电开关特性，主要涉及材料科学和光电子学领域，与大气环境遥感技术（如空气质量监测、卫星观测、大气成分分析、气溶胶反演）没有直接关联。论文的核心内容是蛋白质材料的电导率变化，而非大气环境的监测或分析技术。,"['protein polymer', 'optoelectronic conductivity', 'light intensity', 'secondary structural transformation']",Guangdong Zhou;Xiuxia Wang;Xuesen Xie;Ye Zhou;Bai Sun;Yang Chai,Bidirectional optoelectronic switching in protein by photoinduced phase transition,"Protein polymers conduct electricity due to the delocalization of π electrons along the conjugated main chains, but their photoconductivity often shows unidirectional tunability. We report a protein polymer with bidirectional optoelectronic conductivity because of reversible light intensity–dependent secondary structural transformation. The protein device shows a positive photocurrent under high light intensity (2.22 to 3.18 μW·μm−2and the wavelength of 405-nanometer illumination) illumination and a negative photocurrent under low light intensity (0.32 to 1.91 μW·μm−2). Under low light intensity light, the helix structures untwist into a low-conductivity β-turn because only partial hydrogen bonds are damaged by insufficient low-energy excitons and Joule heat, whereas high-intensity light drives a transition to a high-conductivity β sheet because most hydrogen bonds are destructed by high-energy excitons and sufficient Joule heat. The tunable low-conductivity state arises from an increase in β-turn content coupled with a decrease in β sheet content, while the inverse transition enables the high-conductivity state. This bidirectional conductivity enables the fibroin-based device to perform in-sensor computing for real-time perception of multiple object motions."
10.1126/sciadv.aee8251,False,Science Advances,该论文研究的是免疫学领域，特别是T细胞表观遗传调控和代谢适应性的问题，与大气环境遥感技术（如空气质量监测、卫星观测、大气成分分析、气溶胶反演等）无关。,[],Mengjie Lv;Jiyu Ding;Haizhen Long;Qian Chai;Lili Xu;Caiwei Jin;Wei Liang;Liwei Zhang;Bangmin Zhang;Zhihan Lv;Jicheng Zhao;Guohong Li;Mingzhao Zhu,Epigenetic training licenses naïve CD8+ T cell metabolic fitness and function,"Naïve T cells maintain quiescence yet must respond rapidly to antigens, but how they prime this capacity is unclear. We identify histone variant H2A.Z as a key regulator of an epigenetic training program that licenses quiescent naïve CD8+T cells for future activation. H2A.Z deficiency disrupts naïve T cell homeostasis and effector responses. Multiomics reveals that H2A.Z is selectively deposited at oxidative phosphorylation (OXPHOS) gene promoters in quiescent naïve CD8+T cells, priming the chromatin for rapid transcriptional induction. This training is developmentally instructed by tonic interleukin-7 (IL-7) signaling and regulated by transcription factor GABPα. Age-related decline in IL-7 signaling reduces H2A.Z occupancy and impairs T cell activation, while IL-7 supplementation or enforced H2A.Z expression rescues this defect. H2A.Z overexpression also enhances chimeric antigen receptor T cell stemness and antitumor efficacy. Our work defines an IL-7R–GABPα–H2A.Z–OXPHOS axis that epigenetically establishes metabolic and functional fitness in quiescent T cells, offering insights for immunotherapy targeting ageing and tumors."
10.1126/sciadv.aee8907,False,Science Advances,该论文研究的是利用超快激光驱动拓扑相图案化，涉及量子态和材料科学，与大气环境遥感技术（如空气质量监测、卫星观测、大气成分分析、气溶胶反演）没有直接关系。,"['topological phase', 'femtosecond laser', 'Weyl semimetal']",Jianyu Wu;Arthur Niedermayr;Gaolong Cao;Oscar Grånäs;Jonas Weissenrieder,Ultrafast laser-driven topological phase patterning,"Microscopic and dynamic control over quantum states is essential for bridging fundamental studies of material properties to device function. Realizing such control at combined high spatial resolution and ultrafast temporal precision remains a major challenge. Here, we demonstrate femtosecond laser-driven patterning of topological quantum states in the Weyl semimetal WTe2. By engineering the excitation field into a transient optical grating, we create spatially selective and reversible structural distortions that induce local transitions between topological and topologically trivial states. Using ultrafast transmission electron microscopy, we directly visualize the formation of a periodic Td/1T* heterostructure, observe the propagation of a phase front, and analyze nanoscale confinement of coherently excited optical phonon modes. Our findings establish a platform for all-optical, spatially programmable, and reconfigurable control of quantum states, paving the way for optically addressable topological devices."
10.1126/sciadv.aef5358,False,Science Advances,该论文研究的是丘脑对皮层线性的调制作用，涉及神经科学和脑功能，与大气环境遥感技术（如空气质量监测、卫星观测、大气成分分析、气溶胶检索）无关。,[],Eli J. Müller;Brandon R. Munn;Giulia Baracchini;Ben D. Fulcher;Vicente Medel;Michelle J. Redinbaugh;Yuri B. Saalmann;Jordan J. Wehrman;Robert D. Sanders;Bingni W. Brunton;Steven L. Brunton;James M. Shine,Thalamic modulation of cortical linearity across arousal states,"The human brain must support both stable and flexible neural dynamics to adapt to changing contexts. The thalamus has been hypothesized to coordinate these opposing dynamical regimes in the cerebral cortex; however, this has not been directly tested at the systems level. Here, we apply a time-resolved measure of linearity to multimodal recordings in humans and macaques, demonstrating irregular fluctuations in both human functional magnetic resonance imaging and electrophysiological in the awake state. These fluctuations follow a key neuroanatomical axis of the thalamus, are diminished under pharmacological ablation of arousal, and recovered following arousal-inducing direct electrical stimulation of thalamus. Together, these findings identify a thalamic organizational axis that modulates cortical linearity across arousal states, linking thalamocortical architecture to the regulation of large-scale cortical dynamics."
10.1126/sciadv.aef6546,False,Science Advances,该论文主要研究的是利用微流控设备和神经网络技术对秀丽隐杆线虫（C. elegans）的锚细胞入侵进行高通量筛选和分析，涉及生物医学和遗传学领域，与大气环境遥感技术（如空气质量监测、卫星观测等）无关。,"['C. elegans', 'RNAi', 'microfluidic']",Simon Berger;Silvan Spiri;Evelyn Lattmann;Stefanie Engleitner;Mitchell P. Levesque;Andrew deMello;Alex Hajnal,An automated high-resolution screening platform identifies regulators of anchor cell invasion in C. elegans,"Microfluidic devices are valuable tools for live imaging. However, widespread adoption of microfluidic-based screening methods has been limited by the complexity of the existing techniques. Here, we introduce a user-friendly, high-throughput, and high-resolution automated imaging system forC. elegans. We demonstrate the system’s capabilities in an RNA interference (RNAi) screen, combined with neural network–based phenotypic scoring. We evaluated the effects of RNAi targeting 193 candidate genes on anchor cell (AC) invasion, a model for basement membrane (BM) breaching that shares similarities with tumor cell invasion during cancer metastasis. Over 40,000 animals were imaged at subcellular resolution and scored using a custom neural network classifier with an accuracy of over 92%. The screen identified 41 of 52 genes previously known to control AC invasion, along with 51 additional regulators of invasion. This automated imaging and classification system enables researchers to perform forward mutagenesis, RNAi, and drug screens inC. eleganswith much greater speed and higher resolution than previously possible."
10.1126/sciadv.aef7492,False,Science Advances,该论文研究的是利用生物电子平台对自由移动的果蝇幼虫进行实时、跨模态基因型映射，涉及神经肌肉电生理记录技术，与大气环境遥感技术（如空气质量监测、卫星观测、大气成分分析、气溶胶反演）关系不大。,"['Drosophila', 'mechano-electrophysiological', 'genotype mapping']",Kairu Dong;Hao Song;Qianhui Zhao;Zhiying Song;Fu Lv;Siouwen Wan;Tianyu Zheng;Yunlong Fan;Wen-Che Liu;Shaomin Zhang;Yongjun Wu;Yuhui Huang;Jizhou Song;Zhefeng Gong;Nenggan Zheng;Kewang Nan,"Real-time, cross-modal genotype mapping of free-moving Drosophila larvae via simultaneous mechano-electrophysiological recording","Drosophilalarvae provide a powerful model for interrogating genes associated with human muscle and neurological disorders; however, existing genotyping and phenotyping approaches remain low-throughput and often rely on destructive, invasive, or toxic procedures. Here, we present a scalable bioelectronic platform that enables real-time, simultaneous mechano-electrophysiological recording from freely movingDrosophilalarvae in an open three-dimensional (3D) space, allowing high-throughput cross-modal genotype mapping (CMGM). The system integrates conductive and piezoelectric microneedle electrodes into a flexible sensory array that achieves stable, long-term signal acquisition during unrestricted and complex 3D locomotion. By coupling dual-modal signal acquisition with machine-learning-assisted classification, we directly identify muscle defects in unlabeled RNAi-knockdown larvae within 30 minutes, without invasive manipulation or time-consuming sample preparation. Incorporation of both electrophysiological and mechanical waveform features improves overall classification accuracy to 96%, outperforming single-modality approaches. This non-destructive, high-throughput CMGM strategy establishes a generalizable framework for bridging genotype and phenotype in intact, freely behaving organisms, with broad implications for functional genetics and disease modeling."
10.1126/sciadv.aef7756,False,Science Advances,该论文主要关注的是利用系统生物学方法优化体外/体内翻译的实验条件，以提升疾病模型的转化性，与大气环境遥感技术（如空气质量监测、卫星观测等）无关。,"['in vitro', 'microphysiological system', 'machine learning']",Jose L. Cadavid;Nikolaos Meimetis;Tyler Matsuzaki;Erin N. Tevonian;Linda G. Griffith;Douglas A. Lauffenburger,Systems biology framework for the rational design of operational conditions for in vitro/in vivo translation of tissue models,"Preclinical models are used extensively to study diseases and therapies. In vitro monoculture or microphysiological system (MPS) platforms incorporating multiple different human cell types can emulate diseased tissues, but determining experimental conditions (e.g., media supplements) that provide the most effective translatability to humans (in vivo) is a major challenge. Using metabolic dysfunction–associated steatotic liver disease (MASLD) as a case study, we developed a machine learning framework [called LIV2TRANS (Latent In Vitro to In Vivo Translation)] that first maps MPS onto in vivo data, then elucidates translation insights, and lastly nominates experimental conditions that increase translatability. Our findings highlight TGFβ (transforming growth factor–β) as a crucial cue for MPS translatability and indicate that adding interferon-mediated JAK (Janus kinase)-STAT (signal transducer and activator of transcription) signaling perturbations could increase the predictive performance of MPS for MASLD. Last, an optimization algorithm highlights key signaling pathways to maximize germane human-relevant information captured by this MPS. This work establishes a mathematically principled approach for identifying experimental conditions that most beneficially capture in vivo–relevant molecular processes, generalizable to a wide range of diseases where suitable molecular data exist."
10.1126/sciadv.aef9030,False,Science Advances,该论文主要研究的是利用飞秒激光制备高熵合金纳米结构，涉及材料科学和催化领域，与大气环境遥感技术（如空气质量监测、卫星观测、大气成分分析、气溶胶反演）没有直接关联。,"['high-entropy alloy', 'femtosecond lasers', 'nanostructures']",Zikang Su;Lan Jiang;Yiheng Dai;Shilong Yuan;Xianze Zhang;Haozhe Gai;Xingdong Wang;Jihan Zhou;Xueqiang Zhang,Universal synthesis of high-entropy alloy nanostructures with femtosecond lasers,"High-entropy alloy nanostructures (HEA-NSs) hold promise in advanced catalysis and materials science, but lack a robust and universal synthetic strategy designed at an atomic level. Here, femtosecond lasers are used to prepare HEA-NSs, from single atoms to 100 nm nanoparticles, either free-standing or supported on a variety of substrates. Ultrafast excitation enables precise control over electron dynamics and instantaneously formed solvated electrons induce rapid, nonselective ion reduction ∼100 picoseconds post-irradiation, followed by stochastic atom nucleation and formation of atomically dispersed HEA-NSs through diffusion-controlled dynamics beyond nanoseconds. These processes are governed by the spatiotemporal confinement effect (STCE), with atomic diffusion restricted within nanoseconds, thereby enabling kinetic trapping of metastable nanoclusters with strict atomic-level dispersity. As a demonstration, FeCoNiRuPt achieved a peak power density of 2.1 W cm−2for oxygen reduction reaction (ORR). Femtosecond lasers are robust and effective tools for the universal preparation of difficult-to-synthesize metastable nanoparticles by controlling electron dynamics."
10.1126/sciadv.aeg3206,False,Science Advances,该论文主要研究的是钙钛矿太阳能电池的稳定性和效率提升，涉及自组装单层膜（SAMs）和交联模板技术，虽然与材料科学和环境技术有一定联系，但并非直接涉及大气环境遥感技术，如空气质量监测、卫星观测或大气成分分析等。,"['perovskite solar cells', 'self-assembled monolayers', 'amine-rich cross-linking']",Zhinan Zhang;Sifan Chen;Chuan Peng;Yinghao Xu;Shaofu Wang;Wenbo Li;Yang Zheng;Wei Wang;Shengjie Du;Fuyi Zhou;Haimeng Xin;Sixiong Li;Xingzhong Zhao;Ti Wang;Zhenyi Ni;Zhenhua Yu,Amine-rich cross-linking templates enabling toughened self-assembled monolayer for stable perovskite solar modules,"As the most popular hole-selective materials in efficient p-i-n perovskite solar cells (PSCs), self-assembled monolayers (SAMs) still remain great challenges in long-term stability due to their frail construction and week bonding. To form a toughened donor-acceptor interface, here, we adopt an amine-rich cross-linking templates for SAM layer growth. The enhanced Coulombic interaction between polymer amines and SAMs promotes the formation of SAM growth networks, resulting in reduced self-aggregation of SAMs and the uniform SAM films with high coverage. This design minimizes substrate exposure and suppresses perovskite degradation. Consequently, the unencapsulated mini-module retains 94.19% of their initial efficiency after aging for 10,190 hours under the ISOS-D-1 condition and 93.37% of their initial efficiency for 744 hours under the ISOS-L-2 condition. The optimized interface and perovskite films minimizes carrier transport loss, which result in the champion efficiency of 27.07 (certified 26.39%), 24.03, and 18.48% for PSC, mini-module and submodule (aperture area of 14.4 and 700 cm2), respectively."
10.1126/sciadv.aeg3937,False,Science Advances,该论文主要研究增材制造辅助吹塑成型技术，用于制造功能性薄壁聚合物结构，与大气环境遥感技术（如空气质量监测、卫星观测、大气成分分析、气溶胶反演）无关。,"['additive manufacturing', 'blow molding', 'polymeric structures']",Junyu Chen;Dotan Ilssar;Dennis M. Kochmann,Additive manufacturing–facilitated blow molding for functional thin-walled polymeric structures,"Thin-walled structures capable of large, reversible deformation are key to multistability, origami, kirigami, and soft robotics. However, conventional fabrication techniques—including 3D printing, casting, and laser cutting—suffer from low durability, complex workflows, and restricted geometric freedom, hindering repeatable production. We introduce additive manufacturing–facilitated blow molding (AM-BM), combining the design flexibility of additive manufacturing with the robustness of blow molding. Replacing metal molds with additively manufactured resin ones enables rapid, low-cost fabrication of thin-walled components with tunable geometry and controllable wall thickness out of diverse thermoplastics. The thickness control allows thin-walled components to function as rigid load-bearing elements or compliant hinges. Demonstrations include multistable structures with geometry-controlled reconfigurability; origami and kirigami structures with extensive design freedom and uniform mechanical properties; and soft actuators and robots with ultrahigh load-to-weight ratios and rapid response. AM-BM offers a versatile, scalable route to thin-walled structures combining geometric freedom, mechanical functionality, and efficient production."
10.1126/sciadv.aeg6398,False,Science Advances,该论文主要研究钴离子对免疫系统的调节作用及其在癌症免疫治疗中的应用，与大气环境遥感技术（如空气质量监测、卫星观测、大气成分分析、气溶胶反演）无关。,[],Tianyi Jiang;Xiaowan Huang;Zhixin Wu;Gulinaizaier Abudusaimaiti;Yang Song;Hongtao Duan;Yuping Zhou;Yaoxu Chen;Sitong Du;Hao Zhang;Jieying Qian;Yunjiao Zhang,Cobalt-mediated suppression of IFN-γ–JAK–STAT1 signaling reprograms IDO1-driven immunosuppression for metalloimmunotherapy,"Metal ions are increasingly recognized as regulators of immune function, yet their application in cancer immunotherapy remains underexplored. Here, we identified cobalt ions (Co2+) as potent suppressors of IFN-γ–induced IDO1 expression through systematic screening of biologically relevant metal ions. Across multiple cancer cell lines, Co2+notably reduced IDO1 expression and kynurenine production. Mechanistically, Co2+destabilized IFNGR1 and inhibited IFN-γ–JAK–STAT1 signaling, thereby restoring kynurenine/tryptophan metabolic balance and alleviating immunosuppression of CD8+T cell. These effects reprogrammed the immunosuppressive tumor microenvironment toward enhanced cytotoxic T cell activity. To minimize the toxicity associated with free Co2+, we developed ConaHA, a hyaluronic acid–based nanoparticle platform enabling sustained and tumor-targeted cobalt delivery. ConaHA enhanced cobalt-mediated immune checkpoint blockade in vivo, resulting in notably improved antitumor efficacy in subcutaneous Panc02, MC38, and B16F10 tumor models and KPC (LSL-KrasG12D/+;LSL-Trp53R172H/+;Pdx-1-Cre) models. Collectively, these findings reveal a previously unrecognized immunoregulatory role of Co2+and establish a promising framework for metalloimmunotherapy through modulation of metal-immune signaling pathways."
10.1126/sciadv.aeg7503,True,Science Advances,该论文研究了现代航空发动机在燃烧传统和可持续航空燃料时的粒子排放，这与大气环境遥感技术中的空气质量监测和排放分析密切相关。,"['particle emissions', 'lean-burn engines', 'aviation fuels']",Rebecca Dischl;Daniel Sauer;Christiane Voigt;Raphael Märkl;Gregor Neumann;Tiziana Bräuer;Theresa Harlaß;Stefan Kaufmann;Monika Scheibe;Anke Roiger;Katharina Seeliger;Charles Renard;Amandine Roche;Georg Eckel,Mitigating aviation’s environmental impact through alternative fuels and cleaner engines,"Lean-burn engines are designed to reduce emissions, and sustainable alternative fuels provide additional potential for lowering particle emissions. However, the magnitude of the benefits from these mitigation levers remains poorly constrained, limiting robust predictions of aviation’s climate impact. We present in-flight measurements of particle emissions from modern lean-burn LEAP-1A engines operated on Airbus A319neo and A321neo aircraft, burning conventional and sustainable aviation fuels. Emissions of nonvolatile particles larger than 14 nanometers from lean-burn engines were reduced by three orders of magnitude compared to rich-burn operation. Under rich-burn conditions, soot particle number emissions show an exponential dependence on fuel hydrogen content, with engine-specific variations. Volatile particle emissions scale with fuel sulfur content, and substantial differences were observed even between two engines of the same type. Optimizing fuel composition and combustor technology may reduce particle emissions, improve airport air quality, and mitigate contrail radiative forcing."
10.1126/sciadv.aeg8187,False,Science Advances,该论文主要研究的是基于荧光信号的体内组织灌注监测技术，涉及的是生物医学领域的无线荧光计系统，与大气环境遥感技术（如空气质量监测、卫星观测、大气成分分析、气溶胶反演等）没有直接关联。,"['fluorimeter', 'tissue perfusion', 'in vivo fluorescence']",Tae Wan Park;Haohui Zhang;Chanho Park;Seth D. Goldstein;Lindsey Wade;Eric Rytkin;Alicia J. McLuckie;Yalcin Kulahci;Ramu Janarthanan;Tae Yeon Kim;Min-Seung Jo;Bedreddin Sazoglu;Zeynep Demir;Omer Dirican;Fatma Esra Demir;Woo-Youl Maeng;Seonggwang Yoo;Peter Saba;Kaiqing Zhang;Hak-Young Ahn;Jong Uk Kim;Jamin Lee;Anthony Banks;Seyong Oh;Kyeongha Kwon;Alan Nugent;Igor R. Efimov;Vijay S. Gorantla;Andrew Pelech;Yonggang Huang;John A. Rogers,"A compact, wireless fluorimeter system for continuous, real-time monitoring of tissue perfusion via in vivo fluorescence signals","In vivo fluorescence signals provide physiological and pathological insights for the interpretation of biological states associated with anatomical abnormalities or disease. Conventional methods for measuring fluorescence signals rely on bulky, costly instrumentation for imaging or for localized sensing. Here, we report a compact, wireless fluorimeter system for continuous, real-time measurements of the dynamics of fluorescence signals at locations of interest across the body. The approach represents a type of wearable that enables quantitative, interpretable fluorescence readouts and automatic data streaming to standard smart devices. The platform is compatible with injectable fluorescent species of medical relevance, such as indocyanine green, fluorescein, and methylene blue. Measurements from ischemic rodent and healthy porcine models, as well as those associated with limb amputation/replantation studies in rodents, demonstrate physiologically meaningful fluorescence profiles, with validation against ex situ blood analysis. These conceptual and technical advances offer the potential for convenient, continuous monitoring of fluorescence signals to support disease management and long-term patient care."
10.1126/sciadv.aeh0227,False,Science Advances,该论文研究的是泛素受体介导的、非泛素依赖性的靶向蛋白降解，涉及的是细胞内蛋白降解机制和生物技术应用，与大气环境遥感技术（如空气质量监测、卫星观测、大气成分分析、气溶胶检索等）没有直接关系。,"['26S proteasome', 'protein degradation', 'ubiquitin receptor']",Seh Hoon Park;Yejin Jang;Soo-Yeon Lee;Eunseo Kim;Dawon Jeong;Insuk Byun;Jiseong Kim;Jisoo Yang;Chang-Han Lee;Dohyun Han;Jae-Hwan Nam;Min Jae Lee,"Ubiquitin receptor–mediated, ubiquitin-independent targeted protein degradation via 26S proteasomes","The 26Sproteasome engages with ubiquitinated substrates primarily through its constituent ubiquitin (Ub) receptors, which initiates a cascade of proteolytic processes. Leveraging this recognition mechanism, we developed a targeted protein degradation (TPD) strategy that recruits substrates directly to the proteasome, thereby bypassing the ubiquitination step. Our proteasome-targeting chimera, Protea-Tac, is a heterobifunctional protein degrader composed of a Ub receptor and an intracellular antibody. This chimera integrates into 26Sproteasomes without altering their structural or functional integrity. Protea-Tac with cognate antibodies degraded various target proteins, including c-Fos, BRD4,FlagTDP43,HAtau, andGFPODC. We mechanistically demonstrated that this platform is (i) modular, allowing facile target switching, (ii) Ub independent, and (iii) highly target specific. Furthermore, Protea-Tac exhibited potent in vivo antitumor efficacy, posttranslationally inducing c-Fos degradation and substantially delaying tumor progression through both viral and nonviral delivery systems. These findings identify Protea-Tac as a distinct TPD platform capable of directly degrading intracellular proteins via engineered 26Sproteasomes."
10.1126/sciadv.aeh1411,False,Science Advances,该论文研究的是altermagnetic spin textures相关的物理学问题，涉及量子材料和电动力学，与大气环境遥感技术（如空气质量监测、卫星观测、大气成分分析、气溶胶检索）没有直接关系。,"['altermagnetic', 'spin textures', 'emergent electrodynamics']",Constantin Schrade and Mathias S. Scheurer,"Altermagnetic spin textures: Emergent electrodynamics, quantum geometry, and probes","Emergent electrodynamics arising from spatially and temporally varying magnetic textures provides a framework for spin control in quantum materials. While this principle is established for ferromagnetic and antiferromagnetic textures, its consequences for altermagnets—magnetic orders with vanishing net magnetization but finite spin splitting—remain largely unexplored. In this work, we develop an effective low-energy theory of itinerant electrons coupled to smoothly varying altermagnetic spin textures. In the adiabatic regime, we show that altermagnetic textures generate additional emergent electromagnetic fields and quantum-geometric effects that are absent in conventional magnetic systems. These effects include emergent Zeeman fields that encode the structure of the altermagnetic order parameter, enabling local spin manipulation and a way to distinguish different altermagnetic orders. Moreover, we demonstrate a quantum metric–induced, spin-dependent electron lensing effect that provides a mechanism for spin-dependent transmissions and discuss the local admixture of effective odd-parity magnetic components. Our results suggest that textured altermagnets could serve as a versatile resource for spintronics functionalities and a probe of altermagnetism."
10.1126/sciadv.aeh2779,False,Science Advances,该论文研究的是弹性螺旋结构的机械不稳定性和运动放大机制，应用于机器人腿部设计，与大气环境遥感技术（如空气质量监测、卫星观测、大气成分分析、气溶胶检索等）无关。,[],Dezhong Tong;Jiaqi Wang;Zexiong Chen;Andy Borum;Weicheng Huang;Xiaonan Huang;M. Khalid Jawed,"Geometry-controlled instability pathway selection in elastic helices enables fast, efficient robotic locomotion","Mechanical instabilities can convert slow actuation into rapid, amplified motion, but predicting whether a three-dimensional elastic structure buckles smoothly or snaps remains challenging. Here, we show that helix geometry and boundary loading jointly select continuous buckling or snap-through in elastic filaments. Combining nonlinear rod theory, simulations, and high-throughput robotic arm experiments, we establish a predictive pathway map and identify snap-through as a robust mechanism for repeatable motion amplification under simple boundary actuation. Guided by this map, we design a snap-actuated helical limb that converts small end rotations into rapid global reconfiguration and cyclic energy release. Integrated into an untethered robot, this limb enables sustained hopping across wood, cloth, acrylic, leather, grass, and sand, reaching 3.21 body lengths per second with an electrical cost of transport of 4.79. Controlled comparisons with a rigid-legged robot show that snap-through drives the gains in speed, efficiency, and terrain robustness. The same limb architecture also enables agile turning, repeated back-flips, and swimming."
10.1126/sciadv.aeh4592,True,Science Advances,该论文研究的是基于半导体材料的红外运动追踪技术，虽然不直接涉及空气质量和卫星观测，但其涉及的中红外探测和感知压缩技术可用于大气成分分析等领域，因此与大气环境遥感技术有一定相关性。,"['mid-infrared', 'motion tracking', 'atmospheric composition analysis']",Xue Li;Tianyue Wang;Dongyang Wu;Di Wu;Pei Lin;Wenxiao Wang;Haiyan Wang;Xinjian Li;Yuen Hong Tsang;Shu Ping Lau;Jiewei Chen;Longhui Zeng,Wafer-scale 2D semimetal heterostructures enabling mid-infrared motion tracking with in-sensor perceptual compression,"Accurate motion detection and trajectory tracking are crucial for scientific and technological applications, but current techniques rely on high-pixel–density imaging arrays that demand extensive hardware and computational resources. Here, we demonstrate high-performance motion detection and tracking sensors based on in situ monolithically integrated wafer-scale telluride semimetals and germanium. Interfacial engineering enhances carrier transport while minimizing interfacial recombination, enabling room-temperature infrared detection up to 10.6 micrometers with a peak sensitivity of 91.6 millivolts per millimeter, a low nonlinearity of 5.1%, and a specific detectivity exceeding 1010centimeter–square root hertz per watt in the mid-infrared range. These advancements facilitate real-time infrared position sensing and trajectory tracking with a resolution of 9.7 micrometers. With in-sensor compression, which achieves a 400× reduction by condensing data from 100 × 100 pixels to 5 × 5 elements, a sparse position-sensitive detector array achieves 95% accuracy in simultaneously identifying and tracking multiple dynamic targets. Our monolithically integrated semimetal sensors open avenues toward resource-efficient, precise motion analytics and perception."
10.1126/sciadv.aeh6203,False,Science Advances,该论文主要研究的是一种用于可拉伸电子设备的气体渗透性、高拉伸性的纳米级各向异性导电膜，其应用领域与大气环境遥感技术（如空气质量监测、卫星观测、大气成分分析、气溶胶反演等）无关。,"['nanoscale anisotropic conductive film', 'stretchable electronics', 'gas permeability']",Shumpei Katayama;Lulu Sun;Tomoki Shigehara;Daishi Inoue;Daisuke Hashizume;Shinjiro Umezu;Kenjiro Fukuda;Sunghoon Lee;Takao Someya,"Gas-permeable and stretchable nanoscale anisotropic conductive film for room-temperature, pressure-free interconnections","As stretchable electronics advance in functionality and application scope, interconnection technologies have become critical. Devices in wearable and soft-robotic systems require thinness, stretchability, gas permeability, and damage-free bonding conditions. Accordingly, interconnection technologies must exhibit similar properties without compromising device performance. Conventional interconnection approaches rarely satisfy these requirements simultaneously owing to constraints such as typical thickness of several micrometers, low gas permeability, and the requirement for harsh bonding conditions (heat, pressure, or ultraviolet). This study presents an ultrathin, highly stretchable, gas-permeable nanoscale anisotropic conductive film (ACF) enabling damage-free bonding. The proposed ACF consists of patterned disks of silver nanowires infiltrated with styrene-ethylene-butylene-styrene block copolymer. The resulting nanoscale film (∼300-nanometer thickness) exhibits mechanical and electrical stretchability exceeding 500% strain with a water vapor transmission rate of 1200 grams per square meter per day. A bonding process based on liquid volatilization enables conformal adhesion to uneven surfaces without heat or external pressure, allowing device-to-skin and device-to-device interconnections. Light-emitting diodes integrated with stretchable wiring (500-micrometer pitch) using the proposed ACF maintained electrical conduction and interwire insulation even under 500% strain."
10.1126/sciadv.aej0175,False,Science Advances,该论文主要研究聚合物电解质在固态锂金属电池中的应用，涉及的是材料科学和能源领域，与大气环境遥感技术（如空气质量监测、卫星观测、大气成分分析、气溶胶反演）没有直接关系。,"['polymer electrolytes', 'solid-state lithium metal batteries', 'dipole–dipole interactions']",Zong-Yao Shuang;Chen-Zi Zhao;Xue-Yan Huang;Yu-Chen Gao;Pan Xu;Fang Fu;Young Oh;Wei-Jin Kong;Wen-Ze Huang;Yong-Feng Li;Zi-You Wang;Zi-Xuan Wang;Xiang Chen;Chen Ling;Jia-Qi Huang;Qiang Zhang,Dipole–dipole interaction facilitates anion-rich solvation structures in polymer electrolytes for solid-state lithium metal batteries,"Polymer electrolytes are vital for safe and high-energy–density lithium metal batteries but face challenges from interfacial instability and Li dendrites. Here, we report a molecular design exploiting dipole–dipole interactions to tailor Li+solvation structures and interfacial chemistry. Incorporating pentafluorophenyl acrylate into the polymer backbone enhances dipole interactions with 1,2-dimethoxyethane solvent, modulating the solvation structure and promoting anion entry into the primary coordination sphere. The anion-rich environment facilitates a durable, LiF-dominated solid electrolyte interphase, effectively suppressing dendrites and improving interfacial stability. The resulting electrolyte enables stable lithium plating/stripping over 2000 hours in symmetric cells and extends Li||LiNi0.9Co0.05Mn0.05O2(NCM90) full cell cycling to 1000 cycles at 1.0 C. An anode-free Cu||NCM90 pouch cell delivers a high-energy–density of 579 Wh kg−1. This study underscores the critical role of dipole-mediated solvation structuring in polymer electrolytes and offers a generalizable approach toward high-performance, energy-dense solid-state batteries."
10.1126/sciadv.aea6376,False,Science Advances,该论文研究的是超增强子驱动的SGK1激活多胺代谢促进自身免疫性葡萄膜炎，属于免疫学和病理学研究领域，与大气环境遥感技术（如空气质量监测、卫星观测、大气成分分析、气溶胶反演等）无关。,[],He Li;Lei Zhu;Zhaohuai Li;Genxian Zhang;Gengchen Jiang;Yihan Zhang;Jialing Tang;Xuling Chen;Yingying Wen;Shenqian Tian;Siyun Liu;Yue Peng;Qi Jiang;Xingyu Liu;Lian Han;Renbing Jia;Wenru Su,Super-enhancer–driven SGK1 activates polyamine metabolism to promote autoimmune uveitis,"Uveitis, a leading cause of blindness, is driven by dysregulated immune responses, particularly autoreactive T cells. Despite advances in understanding its pathogenesis, key regulatory mechanisms remain elusive. Here, we integrate the cleavage under targets and tagmentation (CUT&Tag) and single-cell RNA sequencing (scRNA-seq) to delineate the super-enhancer (SE) landscape and transcriptional profiles of CD4+T cells in Vogt-Koyanagi-Harada (VKH) disease. We identify serum/glucocorticoid-regulated kinase 1 (SGK1) as a key SE-associated gene, substantially up-regulated in CD4+T cells of VKH patients. Pharmacological inhibition of SGK1 markedly alleviates uveitis in mice. Mechanistically, SE-driven SGK1 expression activates the MEK1-ERK1/2-ODC1 axis, leading to aberrant polyamine metabolism and a skewed T helper 17 (TH17)/regulatory T (Treg) balance, whereas polyamine supplementation negates these therapeutic benefits, confirming SGK1’s role in driving disease progression. Notably, through molecular docking and molecular dynamics simulations, we identified herbacetin as a natural inhibitor of SGK1. Herbacetin restores immune balance and mitigates disease severity, highlighting SGK1 as a promising therapeutic target for autoimmune uveitis."
10.1126/sciadv.aec9727,False,Science Advances,该论文主要研究水稻的昼夜节律分析平台SPIRAL，涉及植物生理学和环境振荡，与大气环境遥感技术（如空气质量监测、卫星观测、大气成分分析、气溶胶反演）没有直接关系。,"['rice', 'circadian clock', 'transcriptome']",Yabo Shi;Li Yao;Zhenxian Han;Yingke Ma;Yufeng Xu;Xingwei Wang;Zhaoxiong Jiang;Shuyu Wang;Mian Zhou;Dong Zou;Zhang Zhang;Wei Wang,SPIRAL: A versatile online single time-point circadian analysis platform for rice,"The circadian clock synchronises plant physiology with environmental oscillations to promote plant fitness. The commonly-used methods for rhythm monitoring in dicots include rhythmic leaf movement tracking and luciferase-based imaging. For monocots, however, the leaf erectness makes these methods ineffective. Leveraging over 11,000 transcriptome samples, the circadian time-course profiling, the simulation-based algorithm optimisation, and the experimental validation, we developed SPIRAL, an online single time-point circadian analysis platform for rice and unexpectedly revealed a ∼28-hour endogenous rhythm in V4-stage Nipponbare leaves, making period-matched or long-day photoperiods comparatively more permissive growth conditions for the assayed experimental system. We demonstrated the versatility of SPIRAL by quantifying global rhythm sensitivity to abiotic stresses, pinpointing when nitrogen deficiency starts to perturb rhythms, a temporal resolution surpassing that of the state-of-the-art methods, and identifying candidate components connecting the clock to stresses through factorial analyses. Online deployment of SPIRAL enables platform-independent analysis of public and user-supplied rice transcriptomes to accelerate discoveries in crop adaptation and chronoculture."
10.1126/sciadv.aeg2521,False,Science Advances,该论文主要研究的是MgSiO3多晶型物在冲击压缩下的相变动力学，涉及的是地球物理和材料科学领域，与大气环境遥感技术（如空气质量监测、卫星观测、大气成分分析、气溶胶反演等）没有直接关系。,"['MgSiO3', 'synchrotron x-ray diffraction', 'shock compression', 'phase transformations']",Sota Takagi;Donghoon Kim;Yingwei Fei;Sally June Tracy,Kinetic hindrance of phase transformations in dense MgSiO3 polymorphs under shock compression,"Equilibrium phase diagrams define the pressure-temperature stability fields of MgSiO3polymorphs, yet whether these phase transformations can proceed under shock compression remains poorly constrained. Here, we present in situ synchrotron x-ray diffraction (XRD) measurements of presynthesized dense MgSiO3polymorphs—bridgmanite and akimotoite—subjected to laser-driven shock compression. Bridgmanite preserves its perovskite structure up to at least 274 gigapascals, far beyond the equilibrium perovskite-postperovskite boundary, whereas akimotoite retains its ilmenite structure up to 87 to 116 gigapascals and loses crystallinity at 344 to 401 gigapascals. These observations provide direct evidence that neither the perovskite-postperovskite transition from bridgmanite nor the ilmenite-perovskite transition from akimotoite was observed under the shock conditions investigated. Our results indicate that kinetic limitations dominate MgSiO3transformations on nanosecond timescales, such that equilibrium phase relations cannot be directly applied at extreme shock. Placed in the context of recent in situ XRD studies across a range of silicate minerals, these results suggest an important role for kinetic accessibility relating to crystal topology—particularly the three-dimensional connectivity and stiffness of the polyhedral network—rather than thermodynamic stability alone, in the structural response to shock, with implications for mineral physics and modeling planetary impact processes."
10.1126/sciadv.aeg4913,False,Science Advances,该论文研究的是地质异质性和流域网络的关系，虽然涉及地表形态和岩石类型，但并未直接涉及大气环境遥感技术，如空气质量监测、卫星观测或大气成分分析等。,"['lithological heterogeneity', 'drainage network', 'topographic diagnostic']",Yifei Li;Huiping Zhang;Xudong Zhao;Mikael Attal;Simon M. Mudd;Peizhen Zhang,Divergent drainage-scale responses to lithological heterogeneity,"Despite widespread recognition that lithological heterogeneity helps shape river networks, a widely applicable topographic diagnostic for whether and where lithological contrasts drive drainage reorganization is still lacking. Here, we introduce a drainage-network metric, the rock proportion–contributing area order (RP-CAO) relationship, and further show that responses diverge with drainage scale: small, low-discharge channels divert around resistant rocks, whereas large, high-discharge rivers largely maintain their course and incise through them. We capture this divergence by tracking rock-type enrichment along the network as a function of contributing area. Across landscape evolution simulations and natural river networks, the enrichment-scale relation forms a robust V-shaped pattern that quantifies these end members. Applied to networks along the eastern Tibetan Plateau, it isolates where lithology most strongly localizes rerouting and divide mobility despite strong spatial variability in tectonic and climatic influences. Requiring only topography and lithological maps, the framework enables comparable tests of drainage reorganization driven by spatially discrete lithological contrasts across mountain belts worldwide."
10.1126/sciadv.aeh4755,False,Science Advances,该论文研究的是人类干扰素-β (IFN-β) 的功能多样性及其在先天免疫中的作用，与大气环境遥感技术（如空气质量监测、卫星观测、大气成分分析、气溶胶反演）无关。,[],Samira Schiefer;David Jones;Florence Kwaschik;Benjamin G. Hale,Functional diversity of natural human IFNB1 variants in innate immunity,"Human interferon-β (IFN-β), a type I IFN, is critical for effective innate immunity and is also an approved disease-modifying therapeutic. While genetic variations in several components of the type I IFN system are associated with infectious and immune diseases, consequences ofIFNB1variation remain unexplored. Here, we functionally evaluated 70 naturally occurring rare protein-alteringIFNB1variants detected in humans globally. Twenty-five percent of all protein variants were found to be substantially less active than the common reference IFN-β, a phenotype that for many correlated with retention in the ER and poor secretion, or to compromised interaction with IFNAR1/IFNAR2 cell surface receptors. Notably, threeIFNB1variants, including one found to be homozygous in a single individual, encode IFN-β proteins with enhanced capacity to engage IFNAR1/IFNAR2 and which exhibit greater signaling and antiviral potency than common IFN-β. Our mechanistic survey of natural human IFN-β functional diversity provides a framework to explore both disease associations and the optimization of human IFN-β in next-generation therapeutics."
10.1126/sciadv.aeb3563,False,Science Advances,该论文主要研究地震的重复性及其对早期预警和灾害预测的影响，涉及地震学领域，与大气环境遥感技术（如空气质量监测、卫星观测、大气成分分析、气溶胶反演）不相关。,"['earthquake', 'hypocenter', 'centroid']",Dawei Gao and Satoshi Ide,Hierarchical repeating earthquakes with strong downward directivity,"How and to what extent earthquakes repeat remain key open questions with important implications for early warning and hazard forecasting. Using a 19-year waveform dataset and a starting catalog of repeating earthquakes (repeaters) from small segments (<1%) of the Tohoku-Hokkaido megathrust, we quantify rupture repeatability for ∼M3-5.5 repeaters. We observe strong spatial clustering of hypocenters and centroids, widespread and persistent hierarchical fault structures, systematic downdip hypocenter-centroid directivity that may amplify coastal shaking, and unexpectedly limited rupture repeatability among events classified as repeaters. To interpret these patterns, we propose a hierarchical fault model and define “hierarchical repeaters” that link two end-members with similar initiation (hypocenter repeaters) and similar termination (centroid repeaters). Our results highlight geometric controls on rupture recurrence and suggest intrinsic limits on predictability within the spatially restricted, preselected sample analyzed here. If earthquakes are fundamentally self-similar, hierarchical geometric controls may operate across scales, from small repeaters to giant megathrust earthquakes."
10.1126/sciadv.aee5421,False,Science Advances,该论文主要研究的是SARS-CoV-2病毒如何通过分泌的ORF8蛋白重新编程巨噬细胞，从而增强对肺上皮细胞的感染。这与大气环境遥感技术（如空气质量监测、卫星观测、大气成分分析、气溶胶反演）无关，因此不相关。,"['SARS-CoV-2', 'macrophages', 'lung epithelial cells']",Yusuke Matsui;Rahul K. Suryawanshi;Mauricio Montano;Taha Y. Taha;Mir M. Khalid;Limeng Sun;Kanika Khanna;Jin Tang;Yuan Zhou;Robyn M. Kaake;Xiaohui Fang;Mazharul Maishan;Michael A. Matthay;Nevan J. Krogan;Melanie Ott,Secreted ORF8 reprograms macrophages to enhance SARS-CoV-2 infection of lung epithelial cells,"Severe acute respiratory syndrome coronavirus 2 (SARS-CoV-2) primarily targets the respiratory epithelium, yet severe disease features diffuse lung injury and hyperinflammatory syndromes driven by dysregulated immune activation. Emerging evidence indicates that resident and infiltrating immune cells in the lung can encounter the virus early in infection and, under specific conditions, become infected. This process amplifies local inflammation and facilitates viral propagation in the lower airways and distal lung regions, where angiotensin converting enzyme 2 (ACE2) expression is limited. However, how epithelial and immune cell compartments interact to produce the hallmark pulmonary pathology of SARS-CoV-2 infection remains unresolved. Here we show that secreted ORF8, a SARS-CoV-2 accessory protein, drives inflammatory lung pathology by increasing macrophage permissiveness to infection, triggering pyroptosis, and amplifying viral replication in alveolar epithelial cells. Co-culture of macrophages with human alveolar type II (AT2) cells overrides ORF8’s previously reported inhibition of AT2 infection, restoring infectious viral production. In vivo, IL-17RA blockade counteracts ORF8 activity, lowering viral burden and attenuating pulmonary inflammation and fibrosis. These findings reveal a paracrine role for ORF8 in reprogramming macrophages, thereby establishing a feedforward proviral circuit that accelerates lung pathology in COVID-19 and are clinically relevant given the recurrent emergence of SARS-CoV-2 variants with either intact or deleted ORF8 since the beginning of the pandemic."
10.1126/sciadv.aeh0260,False,Science Advances,该论文主要研究的是规律运动对人类外周血中分子和细胞标志物的影响，涉及代谢组学、脂质组学和单细胞转录组学等领域，与大气环境遥感技术（如空气质量监测、卫星观测、大气成分分析、气溶胶反演等）无关。,[],Xuemei Song;Jingzhi Lv;Siliang Ge;Sihan Xu;Yisha Wu;Yuhui Zheng;Wenwen Zhou;Lifeng Li;Yan Zhang;Jiaqiang Zhang;Zhen-xia Chen;Peng Gao;Pengbin Yin;Jianhua Yin;Chuanyu Liu,Multiomics profiling identifies molecular and cellular signatures of regular exercise in human peripheral blood,"Regular exercise is well established to protect against metabolic disorders and bolster immunity, but the underlying molecular and cellular mechanisms remain incompletely understood. We integrated plasma metabolomics and lipidomics with single-cell transcriptomic and chromatin accessibility profiles from regularly exercising versus sedentary individuals. We observed that regular exercise was associated with enhanced fatty acid oxidation and antioxidant metabolites in plasma. In the circulating immune cells of exercising individuals, antigen-presenting cells (APCs), particularly classical monocytes and B cells, showed concordant increases in both chromatin accessibility and transcription of antigen presentation genes. CD8+cytotoxic T and mature natural killer cells showed epigenetic preactivation of effector function. Intercellular communication analysis revealed that regular exercise enhanced major histocompatibility complex–I/II signaling between APCs and T cells and suppressed inflammatory networks. Together, these findings elucidate molecular mechanisms underlying the health benefits of regular exercise and offer a theoretical basis for enhancing public health and preventing chronic diseases."
10.1126/sciadv.aeh8258,False,Science Advances,该论文研究的是蛋白质在细胞内的转运机制，涉及GTPase循环和内质网膜在货物传递中的作用，与大气环境遥感技术（如空气质量监测、卫星观测、大气成分分析、气溶胶反演）没有直接关系。,"['GTPase', 'SRP', 'ER membrane', 'protein targeting']",Ruilin Qian;Radoslaw J. Gora;SangYoon Chung;Jae Ho Lee;Sowmya Chandrasekar;Max Feng-Yu Wang;Shimon Weiss;Shu-ou Shan,GTPase cycle and ER membrane regulate cargo handover during cotranslational protein targeting,"Signal recognition particle (SRP), a universally conserved protein-targeting machine, cotranslationally recognizes signal sequences of nascent endomembrane proteins and engages the SRP receptor (SR) at the endoplasmic reticulum (ER) membrane to unload the translating ribosome. The mechanism of membrane-associated steps in this pathway remains unclear. Here, we address this question using pre–steady-state and single-molecule fluorescence measurements. SR induces release of the signal sequence from SRP and detachment of the SRP guanosine triphosphatase (GTPase) domain from the ribosome. Despite the dissolution of these contacts, SR acts as a tether to stabilize SRP association with the ribosome. Guanosine 5′-triphosphate (GTP) hydrolysis in the SRP-SR complex abolishes this stabilizing effect to facilitate ribosome-nascent chain complex (RNC) release from SRP. The ER membrane selectively promotes a prehandover conformation of the RNC-SRP-SR complex, in which delayed GTP hydrolysis optimizes the transition from targeting to translocation. Our findings provide a high-resolution model for key steps during cargo handover at the ER and highlight the critical role of fine-tuned GTPase activity in the SRP pathway."
10.1126/sciadv.aef6767,False,Science Advances,该论文主要研究的是通过基因工程改造的溶瘤病毒来重新激活肿瘤相关巨噬细胞的抗肿瘤免疫能力，与大气环境遥感技术（如空气质量监测、卫星观测、大气成分分析、气溶胶反演等）没有直接关系。,"['tumor-associated macrophages', 'oncolytic virus', 'PD-L1']",Chaolong Lin;Shaopeng Li;Rui Lou;Wenzhong Teng;Yang Tian;Chenxi Feng;Naizhen Wang;Yipeng Rao;Yaning Qin;Lu Li;Xiaoxuan Huang;Yisen Lin;Jun Zhang;Ningshao Xia;Chenghao Huang,Rejuvenating endogenous antitumor immunity via a chimeric receptor-engineered oncolytic virus targeting tumor-associated macrophages,"Immunosuppressive tumor-associated macrophages (TAMs) create a barrier to effective antitumor immunity and promote therapeutic resistance. Reeducating TAMs to enhance their antitumor capabilities through phenotypic remodeling remains challenging. Here, we report a modular oncolytic herpesvirus platform, engineered with a PD-L1–specific chimeric receptor integrated into the viral envelope protein (CAR-oHSV). This design endows the virus with dual tropism, enabling it to target both tumor cells and TAMs within the tumor microenvironment. In virus-resistant tumor models, CAR-oHSV preferentially targets PD-L1+TAMs and triggers a STING-dependent reprogramming into a CXCL9+phenotype, enhancing their tumor antigen cross-presentation capability and inducing an endogenous antitumor T cell response. Furthermore, this platform can synergize with adoptive T cell therapy and immune checkpoint blockade therapy to overcome immunotherapy resistance. Collectively, our findings define a precision-oncolytic platform that dismantles TAM-mediated immunosuppression while amplifying adaptive immunity, offering a promising translational avenue for cancer immunotherapy."
10.1126/sciadv.ael7019,False,Science Advances,该论文标题和摘要内容均与大气环境遥感技术无关。标题讨论的是肿瘤免疫治疗，摘要涉及的是肿瘤微环境中的细胞募集，与空气质量监测、卫星观测、大气成分分析或气溶胶检索等主题无关。,[],Authors not available,Erratum for the Research Article “Intratumoral delivery of CCL25 enhances immunotherapy against triple-negative breast cancer by recruiting CCR9+ T cells” by H. Chen et al.,
10.1126/sciadv.aem0112,False,Science Advances,该论文标题和摘要主要关于无线、皮肤接口的多模态传感系统，用于连续心理生理监测的穿戴式多道生理记录仪，与大气环境遥感技术（如空气质量监测、卫星观测、大气成分分析、气溶胶反演等）无关。,[],Authors not available,"Erratum for the Research Article, “Wireless, skin-interfaced multimodal sensing system for continuous psychophysiological monitoring—A wearable polygraph device” by S.H. Kim et al.",
10.1126/sciadv.aem0114,False,Science Advances,该论文标题和摘要内容涉及的是胰腺癌的治疗机制研究，与大气环境遥感技术（如空气质量监测、卫星观测、大气成分分析、气溶胶反演等）无关。,[],Authors not available,"Erratum for the Research Article, “Coinhibition of topoisomerase 1 and BRD4-mediated pause release selectively kills pancreatic cancer via readthrough transcription” by D. Cameron et al.",
