doi,is_relevant,journal,explanation,topic_words,authors,title,abstract
10.1088/1748-9326/ae8d3a,False,Environmental Research Letters,该论文主要关注的是绿色氢气的政策架构和比较分析，涉及亚洲国家在氢气生产、需求整合、跨部门协调和公共融资方面的政策一致性。虽然氢气生产可能与减少化石燃料使用和改善空气质量有关，但论文的核心内容并未直接涉及大气环境遥感技术，如空气质量监测、卫星观测、大气成分分析或气溶胶反演等。因此，该论文与大气环境遥感技术的关系不强。,[],Sruthi Kalyani;Nandakumar Janardhanan,Policy architectures for green hydrogen: a comparative coherence analysis of fifteen Asian national strategies,"Green hydrogen has become a central pillar of net-zero strategies in Asia, but the gap between announced ambition and bankable demand is widening. Aggregate 2030 production targets across ten major Asian economies exceed 14 Mt yr-1, yet only 9% of the global low emissions hydrogen pipeline has reached a final investment decision. We apply a policy coherence analysis framework to 15 formally adopted national hydrogen strategies in Asia. Each strategy is scored on an ordinal scale across four dimensions: production credibility, demand integration, cross-sectoral coordination and public financing. The scoring framework is designed as a comparative governance heuristic rather than a predictive investment model. This can enable systematic comparison of institutional readiness across heterogeneous national contexts. Pairwise interactions among dimensions and across bilateral hydrogen agreements are then classified as reinforcing, neutral or constraining. Two main findings emerge from our analysis. First, demand integration lags every other dimension and participates in most of the constraining within-country interactions, which account for about one-fourth of pairwise combinations. Second, of twenty-five bilateral hydrogen and ammonia instruments coded for cross-country coherence, about 56% constrain the coherence of at least one signatory’s framework, and these instruments cluster on relationships with incumbent fossil fuel suppliers. Reinforcing agreements are concentrated on India-led and EU-facing renewable corridors. The pattern indicates a coherence trap rather than an ambition gap. The paper argues that the region’s principal governance challenge is not the absence of hydrogen ambition, but the uneven sequencing of policy development across supply and demand institutions. Addressing the resulting coherence gap requires governance interventions that strengthen domestic demand codification and align bilateral partnerships with emerging low-carbon demand architectures."
10.1088/1748-9326/ae8e91,True,Environmental Research Letters,该论文研究亚洲干旱地区在未来气候变暖下的水文气候变化，涉及降水、蒸散等与大气环境密切相关的内容，虽然不直接提及遥感技术，但其研究主题与大气环境监测（如降水和蒸散的监测）相关，因此可认为与大气环境遥感技术有一定关联。,"['hydroclimate', 'drylands', 'precipitation', 'evapotranspiration', 'climate warming']",Shanshan Wang;Yuanyuan Hu;Hao Wang;Dongyu He;Jianping Huang,Contrasting hydroclimate variations across inner Asian drylands in a warming climate,"Under future climate warming, surface water availability (precipitation minus evapotranspiration, P–E) over the drylands of East and Central Asia shows a pronounced contrasting response by the late 21st century relative to the historical reference period. East Asian drylands, as the core of Northwest China’s warming and wetting trend, tend to become wetter with increased P–E, while adjacent Central Asian drylands undergo drying with reduced P–E. To elucidate the underlying mechanisms, we analyze CMIP6 simulations combined with LFMIP‐pdLC experiments to disentangle the feedback effects associated with soil moisture (SM) and non‐SM processes. Our results demonstrate that this opposing hydroclimatic pattern is predominantly controlled by non‐SM feedbacks. In East Asia, a strengthened East Asian summer monsoon circulation substantially enhances precipitation, whose increase exceeds the concurrent rise in evapotranspiration. In Central Asia, westerly‐related rainfall increases only modestly, while amplified evapotranspiration driven by elevated vapor pressure deficits dominates the moisture budget. SM feedback acts as a damping factor that modulates both thermodynamic and dynamic components of the moisture budget, thereby partially offsetting non‐SM effects and alleviating the regional imbalance in P–E distribution. These findings advance the mechanistic understanding of dryland hydroclimate change and provide a scientific basis for regionally differentiated water resource planning and adaptation under future warming."
10.1088/1748-9326/ae90c4,True,Environmental Research Letters,该论文研究卫星遥感与调查数据在农业产量估算中的差异，涉及卫星遥感技术（greenness indices）和农业环境监测，与大气环境遥感技术（如卫星观测）相关。,"['satellite remote sensing', 'greenness indices', 'yield data']",Caro Park;Jonathan Proctor;Peter Huybers,Divergent estimates of agricultural climate sensitivity from survey and satellite yield data,"Accurate monitoring of crop yields is critical for understanding historical food production trends, identifying yield gaps, assessing food security risks, and evaluating climate impacts. Two primary means of estimating yields are through surveys and satellite remote sensing. We compare satellite-derived greenness indices with national-level survey data from the Food and Agriculture Organization of the United Nations and find systematic discrepancies. Correspondence between satellite and survey yield estimates is substantially weaker in countries where there are reporting-year offsets, and correspondence is modestly stronger in countries with higher GDP per capita and cropping intensity. Across all countries and 19 crops, weather variables explain 25% of satellite-derived yield variability but only 3% of survey-derived yield variability. Accordingly, satellite-derived yields are found to be roughly three times more sensitive to changes in soil moisture than survey-based yields, though the interquartile ranges of these estimates overlap. Across space, countries with lower GDP per capita tend to have a larger discrepancy in weather-driven yield variability between satellite and survey data. Collectively, the patterns we document are more consistent with systematic limitations in survey-reported yields, though satellite observations also have non-negligible errors. These findings imply that inferences about climate impacts on agriculture—and therefore assessments of adaptation needs and food security risks—depend on the choice of yield data source. This dependence is particularly acute in low-latitude, low-GDP per capita regions where agricultural climate vulnerability is thought to be greatest due to high reliance on agriculture for livelihood and subsistence."
10.1088/1748-9326/ae93df,True,Environmental Research Letters,该论文研究了格陵兰地表气温变化，涉及大气环境变化和冰盖影响，与大气环境遥感技术（如气温监测、冰盖研究）密切相关。,"['surface air temperature', 'Greenland ice sheet', 'Atlantic Multidecadal Oscillation', 'Pacific Decadal Oscillation']",Shujing Wang;Yetang Wang;Yulun Zhang;Zhaosheng Zhai;Shugui Hou,"Greenland surface air temperature changes since 1950, influenced by the Atlantic Multidecadal Oscillation and Pacific Decadal Oscillation","Surface air temperature (SAT) is a key determinant of the surface mass balance (SMB) of the Greenland ice sheet, but its regional disparities, decadal drivers, and seasonally modulated responses remain elusive. Leveraging a novel high-resolution (0.1° × 0.1°) station-based reconstruction of SAT over Greenland, this study investigates the SAT variability from 1950 to 2024 and its relationships with the Atlantic Multidecadal Oscillation (AMO) and the Pacific Decadal Oscillation (PDO). We find that annual mean surface temperature decreased significantly from 1950 to the mid-1990s, after which it shifted to a rapid warming, with strong interdecadal variability in all seasons. Spatially, warming has been stronger in northern Greenland than in southern Greenland, and the ablation zone exhibits significant year-round warming. The AMO is the primary driver of decadal‐scale temperature variability, especially in summer, while the PDO modulates this influence most effectively in autumn. Since the late 1990s, the concurrence of a positive AMO and a negative PDO has jointly enhanced anticyclonic conditions over Greenland, driving sustained warming. These findings significantly improve the predictability of Greenland’s SAT, thereby supporting more accurate projections of the future SMB of the ice sheet."
10.1088/1748-9326/ae9564,False,Environmental Research Letters,该论文标题和摘要主要关注社区赋能和气候韧性，与大气环境遥感技术（如空气质量监测、卫星观测、大气成分分析、气溶胶反演）无关。,[],Carmen Elrick-Barr;Mark Pelling;Bruce C Glavovic;Timothy F Smith;Katrina Brown,Reframing local empowerment for climate resilience through mutual aid,
10.5194/acp-26-11235-2026,True,Atmospheric Chemistry and Physics,该论文研究的是高空大气中冰过饱和区域的分形特征，这与大气环境遥感技术密切相关，特别是涉及到空气质量监测和卫星观测。研究中使用了大气再分析数据和分形维度分析方法，探讨了这些区域的几何特性和季节变化，这对于评估气候模型和减少飞机尾迹云的影响具有重要意义。,"['ice-supersaturated regions', 'tropopause region', 'contrail mitigation', 'atmospheric composition', 'satellite observations']",Helena Zoe Schuh;Philipp Reutter;Stefan Niebler;Peter Spichtinger,Fractal characteristics of ice-supersaturated regions in the tropopause region of the northern midlatitudes,"We studied ice-supersaturated regions in the upper troposphere and lower stratosphere where high humidity can lead to cloud and contrail formation. Using data from 2010 to 2020, we found these regions to have fractal characteristics by applying an area-perimeter method. The fractal dimension follows a seasonal cycle. Our results can help evaluate climate models and have possible implications on contrail mitigation. 
 Ice supersaturated regions (ISSRs) are air masses in the upper troposphere and lower stratosphere (UTLS) where saturation ratio over ice (Si) exceeds one, i.e. regions with enhanced water vapor concentrations. These  are potential  formation regions of cirrus clouds and contrails. While the impact of cloud free regions of enhanced water vapor on the planetary radiation balance is small to negligible,  thin cirrus clouds and aircraft induced contrail cirrus formed within them might have a large radiative impact. Understanding the characteristics of ISSRs, including their geometry and seasonal variability, is essential for evaluating atmospheric models in representing ice clouds correctly. While ISSR's pathlength statistics, i.e. 1D characteristics, have already been studied, their geometric properties, particularly fractal properties such as self-similarity, and their seasonal variability remain largely unexplored. We identify ISSRs using ERA5 reanalysis data spanning from 2010 to 2020 at three pressure levels. An area-perimeter method is employed to compute fractal dimensions. The results reveal slopes implying fractal dimensions, strongly suggesting that ISSRs in the UTLS exhibit fractal behavior. A seasonal cycle in total number and area of ISSRs, as well as in the fractal dimension is found, in combination with a strong vertical variation. We hypothesize that this is caused by the seasonal variation of convective and frontal activity. We further analyzed the zonal and meridional extents of ISSRs as well as the pathlengths of modeled flights along commercial flight routes. The results of these horizontal extents are consistent with the fractal properties, and suggest distinct formation processes for ISSRs."
10.5194/acp-26-11281-2026,True,Atmospheric Chemistry and Physics,该论文研究了气候模型对降水对云凝结核（CCN）影响的模拟情况，涉及大气成分分析、气溶胶-云相互作用以及卫星观测中的大气环境遥感技术，因此与大气环境遥感技术密切相关。,"['cloud condensation nuclei', 'precipitation', 'atmospheric composition', 'model evaluation', 'machine learning']",Sara M. Blichner;Theodore Khadir;Sini Talvinen;Paulo Artaxo;Liine Heikkinen;Harri Kokkola;Radovan Krejci;Muhammed Irfan;Twan van Noije;Tuukka Petäjä;Christopher Pöhlker;Øyvind Seland;Carl Svenhag;Antti Vartiainen;Ilona Riipinen,Process evaluation suggests models misrepresent the precipitation-driven replenishment of cloud condensation nuclei,"This study looks at how well climate models capture the impact of rain on particles that help form cloud droplets. Using data from three measurement stations and applying both a correlation analysis and a machine learning approach, we found that models often miss how new particles form after rain and struggle in cold environments. This matters because these particles influence cloud formation and climate. 
 Accurately modeling the cloud condensation nuclei (CCN) budget is a key factor in reducing uncertainty in aerosol–cloud interactions in Earth system models. Wet deposition – the removal of particles by precipitation – is a major CCN sink, but rainfall can also trigger a replenishment phase via the formation and growth of new particles, partially offsetting losses. However, the ability of general circulation models (GCMs) to capture this precipitation-driven replenishment and size-dependent losses remains under-explored. Here, we evaluate three GCMs representation the size- and time-resolved effects of precipitation on the particle number size distribution (PNSD) and CCN budget, based on correlations between PNSD and precipitation rate along back trajectories from three long-term measurement stations. To better isolate the role of precipitation from confounding factors, we also apply a Machine Learning approach (XGBoost), training one regression model per site and source using a minimal set of physically relevant predictors. Our results show that at the two high-latitude stations, the models underestimate CCN replenishment following precipitation, with too weak new particle formation and growth. At ATTO, two of the models instead overestimate this effect, simulating an immediate CCN source after rainfall. Observations also suggest that CCN removal is weaker during colder conditions, a pattern that models struggle to capture – either overestimating or underestimating the precipitation effect, depending on the model. The XGBoost analysis confirms the key findings of the correlation analysis while helping to correct for likely confounding influences, showing promise for disentangling spurious correlations in model evaluation in process evaluation."
10.5194/acp-26-11255-2026,True,Atmospheric Chemistry and Physics,该论文研究了人为硫酸盐气溶胶对北大西洋多年代响应的影响，涉及气候模型、大气环流和气溶胶的相互作用，这与大气环境遥感技术中的空气质量监测和大气成分分析密切相关。,"['sulphate aerosols', 'North Atlantic', 'AMOC', 'climate model', 'atmospheric response']",Wah Kin Michael Lai;Jon Robson;Laura Wilcox;Nick Dunstone;Rowan Sutton,The impact of model resolution on the  North Atlantic multidecadal response to  anthropogenic sulphate aerosols,"In a climate model at two different resolutions, sulphate aerosols are shown to induce a fast cooling followed by a delayed warming in the subpolar North Atlantic. The delayed warming is stronger at higher resolution due to a stronger Atlantic Meridional Overturning Circulation (AMOC) response. This difference is due to the lower resolution model having more sea ice which insulates the ocean, showing that the North Atlantic response to external forcing is sensitive to regional differences. 
 Anthropogenic sulphate aerosol is a primary forcing agent in the historical period, and its exact impact on North Atlantic SST variability remains an open question. A set of novel, idealised, single-forcing experiments was performed to isolate the physical processes. The medium-resolution (60 km atmosphere, 0.25° ocean) and low-resolution (135 km atmosphere, 1° ocean) of the HadGEM3-GC3.1 model were used to investigate the impact of resolution on the forced response. The SST response at both resolutions is timescale dependent: a fast, large-scale surface cooling is followed by a slow, small-scale subpolar warming lagging by 15–20 years. Warming of the subpolar North Atlantic is due to a strengthening of the Atlantic Meridional Overturning Circulation (AMOC) and is stronger at the medium resolution. This resolution difference is because sea ice growth in the Labrador Sea (LS) is stronger at low resolution, which inhibits air-sea interaction and reduces surface forced dense water formation, leading to a weaker AMOC response. There is also evidence of a stronger AMOC positive feedback involving salt-advection at medium-resolution. These results show that the large-scale North Atlantic response to external forcing can be sensitive to regional differences, such as model climatology of LS sea ice and its response to aerosol cooling."
10.5194/acp-26-11309-2026,True,Atmospheric Chemistry and Physics,该论文研究了气溶胶-云相互作用对地球气候的影响，并利用卫星观测数据（如MODIS）来约束气溶胶过程。文中涉及了大气环境遥感技术，如卫星观测云层、气溶胶光学厚度（AOD）验证和同化，以及气溶胶对气候和天气模型的影响，因此与大气环境遥感技术密切相关。,"['aerosol-cloud interactions', 'ECMWF', 'MODIS', 'AOD', 'atmospheric remote sensing']",Paolo Andreozzi;Mark D. Fielding;Robin J. Hogan;Richard M. Forbes;Adrian A. Hill;Samuel Rémy;Birger Bohn;Ulrich Löhnert,Introducing aerosol-cloud interactions in the ECMWF model reveals new constraints on aerosol representation,"Aerosols significantly contribute to the Earth’s climate, but models still struggle to represent them. Here we use satellite observations of clouds to constrain aerosol processes in a weather and air-quality model. We show that African wildfires lead to overly bright simulated clouds and that the model removes too much aerosol in mixed-phase clouds. This demonstrates how cloud observations can target weakly constrained aerosol processes, with potential benefits for weather and climate modelling. 
 Realistic cloud droplet number concentrations (Nd) are critical for simulating the Earth's radiative budget, yet remain challenging to represent in global models. One reason is that aerosol optical depth (AOD), commonly used for aerosol validation and assimilation, only weakly constrains aerosol number concentrations relevant for cloud formation. We introduce a representation of aerosol-cloud interactions (ACI) into the ECMWF Integrated Forecasting System (IFS), restricted to aerosol activation and the first indirect effect, and use it as a diagnostic tool to relate aerosol properties to cloud observations in the Copernicus Atmosphere Monitoring System (CAMS). Using 18 years of MODIS Nd retrievals, we infer effective aerosol size distribution parameters and evaluate results using independent observations of AOD, Angstrom exponent, size spectra, and top-of-atmosphere shortwave fluxes. After optimisation, CAMS aerosols produce more realistic large-scale Nd patterns, but exhibit regional biases: overestimation over sub-Saharan Africa and underestimation at high latitudes. The African bias is consistent with carbonaceous aerosol emissions from wildfires and can be partially mitigated through optimisation, while the high-latitude bias is likely linked to excessive aerosol scavenging in mixed-phase clouds and cannot be resolved by size adjustments alone. We show that introducing phase-dependent aerosol scavenging substantially improves all-sky shortwave fluxes over the Southern Ocean compared to the ACI implementation in the standard CAMS system. This highlights a direct link between radiative biases and aerosol wet removal processes. Representing ACI in a weather model enables Nd to provide additional constraints on aerosol numbers and related processes globally, revealing limitations in how ageing, vertical transport and wet removal are represented, as these processes are only weakly constrained by standard AOD evaluation."
10.5194/acp-26-11355-2026,True,Atmospheric Chemistry and Physics,该论文研究了2022年Hunga火山喷发对平流层臭氧的影响，涉及化学气候模拟、气溶胶前体、臭氧消耗和南极极涡等与大气环境遥感技术相关的内容，因此密切相关。,"['stratospheric ozone', 'chemistry-climate simulations', 'aerosol precursors', 'ozone depletion', 'antartic polar vortex']",Ewa M. Bednarz;Valentina Aquila;Amy H. Butler;Peter Colarco;Eric Fleming;Freja F. Østerstrøm;David Plummer;Ilaria Quaglia;William Randel;Michelle L. Santee;Takashi Sekiya;Simone Tilmes;Xinyue Wang;Shingo Watanabe;Wandi Yu;Jun Zhang;Yunqian Zhu;Zhihong Zhuo,Multi-model assessment of impacts of the 2022 Hunga eruption on stratospheric ozone and its chemical and dynamical drivers,"The 2022 Hunga eruption injected unprecedented quantities of water vapor into the stratosphere, alongside modest amounts of aerosol precursors. We assess its impacts on stratospheric ozone layer using a multi-model ensemble of chemistry-climate simulations. The results confirm the eruption's role in modulating SH (Southern Hemisphere) mid and high latitudes ozone abundances in the short term, and discuss the different chemical and dynamical processes driving those changes as well as the role of natural variability. 
 The 2022 Hunga eruption injected unprecedented quantities of water vapor into the stratosphere, alongside modest amounts of aerosol precursors. There remain uncertainties regarding the extent to which it influenced the stratospheric ozone layer. We address this using a multi-model ensemble of chemistry-climate model simulations, assessing the impacts of Hunga-induced perturbations in both water vapor and aerosol by combining free-running and specified-dynamics experiments. The results confirm that the Hunga eruption contributed to the anomalously low ozone abundances observed in the southern mid-latitudes in 2022. The simulations also indicate enhanced ozone depletion inside the Antarctic polar vortex, albeit with significant differences in magnitude and persistence across the models. Our results indicate that the chemical contribution was as important as the dynamical contribution in determining the overall ozone response to the Hunga eruption in the southern extra-tropics, with anomalous chemical (chlorine, bromine and nitrogen) processing on aerosol surfaces under conditions of water-induced stratospheric cooling together with dynamical contributions from altered circulation and ozone transport. Finally, while Hunga may continue to exert a smaller influence on ozone as the anomalous water vapor and aerosol is removed from the atmosphere, natural dynamical variability will likely hinder detection of any such influences, with the most robust Hunga signal expected in the upper stratosphere. Our study confirms the eruption's role in modulating stratospheric ozone levels in the short term, but also highlights the associated uncertainties and the presence of large natural variability, all of which makes confident attribution of the Hunga impacts an ongoing challenge."
10.5194/acp-26-11371-2026,True,Atmospheric Chemistry and Physics,该论文研究了二次冰生成对深对流云微物理和动力学的影响，涉及大气成分分析和云物理过程，与大气环境遥感技术（如云观测和空气质量监测）密切相关。,"['deep convective clouds', 'secondary ice production', 'atmospheric microphysics']",Deepak Waman;Julian Meusel;Behrooz Keshtgar;Gabriella Wallentin;Christian Barthlott;Sachin Patade;Sonali Shete;Thara Prabhakaran;Romain Fievet;Declan Finney;Alan Blyth;Corinna Hoose,Impacts of secondary ice production on the microphysics and dynamics of deep convective clouds in different environments,"We use a weather model with aircraft and satellite data to study ice multiplication in thunderstorms across India, Mexico, Oklahoma, and the tropical Atlantic. This process can create spurious ice particles in clouds, thereby increasing latent and radiative heating that strengthens stratiform ascents in storms and extends anvil-cloud lifetimes. These results improve our understanding of how small-scale ice processes influence large-scale storm behavior and rainfall patterns. 
 This study numerically investigates the impact of secondary ice production (SIP) on cloud microphysical and diabatic properties in continental and marine deep convective clouds (DCCs). Four cases are simulated using the Icosahedral Nonhydrostatic (ICON) model with a 2-moment cloud microphysics scheme at 1.6 km horizontal grid spacing. ICON forms secondary ice via rime splintering, fragmentation during raindrop freezing (RDF), ice-ice collision, and sublimation. A more detailed RDF scheme (Phillips et al., 2018, PHIL18) is implemented and compared to the existing simpler scheme (Sullivan et al., 2018, SULL18).In the simulated DCCs, SIP processes reproduce observed ice number concentrations, with PHIL18 yielding closer agreement with observations than SULL18. SIP enhances ice numbers by 10–103, decreasing (increasing) supercooled-liquid (ice) mass by 10 %–30 %, leading to sustained upper-level glaciation. Including SIP increases surface precipitation by 4 % in marine DCCs, with no significant change in continental DCCs. SIP enhances longwave absorption in the mixed-phase region and increases (20 % in continental and 40 % in marine DCCs) cloud radiative heating. SIP intensifies latent heating by up to 20 %, reaching 20–40 K d−1 in continental and 80 K d−1 in marine DCCs, from increased depositional growth of ice particles. This enhanced diabatic heating increases buoyancy in the stratiform regions, leading to a 10 % rise in stratiform ascent. In contrast, in convective regions, SIP increases condensate loading, which suppresses buoyancy, leading to similarly weaker convective ascent. These findings highlight the pivotal role of SIP in shaping the microphysical structure and dynamical behavior of deep convection, highlighting the need for its accurate representation in numerical models."
10.5194/acp-26-11339-2026,True,Atmospheric Chemistry and Physics,该研究涉及硫醇和硫醚与羟基自由基的反应动力学，以及多硫化合物的形成，这与大气环境遥感技术中的空气质量监测、大气成分分析和气溶胶检索密切相关。研究内容直接关系到大气硫循环和二次气溶胶的形成，是大气环境遥感技术的重要研究方向。,"['sulfur-VOCs', 'OH radicals', 'secondary aerosol formation', 'atmospheric sulfur cycle', 'SOA']",Xun Rong;Lei Yao;Chuang Li;Cong An;Gan Yang;Jiali Shen;Runlong Cai;Douglas R. Worsnop;Lin Wang,Reaction kinetics and multi-sulfur products formation of sulfur-containing volatile organic compounds with OH radicals,"This study presents a systematic chamber study on reaction kinetics and the formation of multi-sulfur products from a series of sulfur-containing volatile organic compounds including thiols and sulfides with OH radicals. The findings advance our understanding of the role of sulfur-VOCs (volatile organic compounds) in atmospheric sulfur cycle and their potential contribution to secondary aerosol formation. 
 Atmospheric sulfur-containing volatile organic compounds (sulfur-VOCs) have been recognized as crucial precursors for gaseous sulfuric acid (H2SO4), particulate sulfate and secondary organic aerosol (SOA) formation. However, their reaction kinetics and multi-sulfur product formation remain poorly understood. This study presents a systematic kinetic investigation into •OH-initiated oxidation of a series of sulfur-VOCs including thiols and sulfides. The reaction rate constants vary with molecular structure, with high reactivity observed for trimethylene sulfide and dimethyl disulfide. It was further demonstrated that under low-NOx conditions, sulfur-containing RO2 radicals can undergo bimolecular reactions forming low-volatility multi-sulfur products that enhance their SOA formation potential. Additionally, many sulfur-VOCs investigated in our chamber experiments are also identified from the emissions of algae samples collected from a major freshwater lake in China, and similar multi-sulfur oxidation products were observed after •OH oxidation. These findings advance the kinetic and mechanistic understanding of atmospheric sulfur-VOCs oxidation and suggest that the formation of low-volatility multi-sulfur products and inorganic sulfur-containing species may contribute to SOA production and new particle formation in marine and freshwater environments influenced by algal emissions."
10.5194/amt-19-5223-2026,True,Atmospheric Measurement Techniques,该论文研究了卫星观测仪器IASI和再分析数据ERA5在评估水汽廓线方面的表现，与大气环境遥感技术密切相关，特别是空气质量和大气组成分析领域。,"['IASI', 'ERA5', 'water vapour profiles', 'atmospheric remote sensing']",Patrick Chazette;Andreas Behrendt;Adolfo Comerón;Paolo Di Girolamo;Marco Di Paolantonio;Davide Dionisi;Cyrille Flamant;José Luis Gómez-Amo;Jérémy Lagarrigue;Frédéric Laly;Diego Lange;Constantino Muñoz-Porcar;Alejandro Rodríguez-Gómez;Michaël Sicard;Donato Summa;Julien Totems;María Pilar Utrillas;Pedro C. Valdelomar;Volker Wulfmeyer,To what extent are the IASI and ERA5 water vapour profiles representative of the conditions in the autumn 2022 during the WaLiNeAs field campaign,"Between October 2022 and January 2023, the Water Vapour Lidar Network Assimilation (WaLiNeAs) campaign was conducted on the western Mediterranean by four European countries. To improve the forecasting of heavy precipitation events, eight ground-based stations equipped with water vapour Raman lidars were strategically deployed. They offered a valuable chance to verify the consistency of the water vapour products of both the Infrared Atmospheric Sounding Interferometer (IASI) and ERA5 reanalysis. 
 The WaLiNeAs campaign took place along the north-western Mediterranean coast between October 2022 and January 2023. This period was marked by unusual weather conditions associated with dry autumn and winter. In such conditions and for the first time, eight ground-based stations equipped with water vapour Raman lidars were strategically deployed by four European countries. We studied the consistency of this network with the water vapour mixing ratio (WVMR) products derived from the Infrared Atmospheric Sounding Interferometer (IASI) and the European Centre for Medium-Range Weather Forecasts (ECMWF) Reanalysis (ERA5), which assimilate IASI radiances. The statistical metrics used in the comparison are the mean bias (MB, defined as lidar – IASI or ERA5), the root mean square error (RMSE) and the correlation coefficient (COR). A positive MB of approximately ∼ 0.4 g kg−1 (respectively ∼ 0.2 g kg−1) between 0.2 and 5 km above mean sea level (a.m.s.l.) indicates a systematic underestimation of the WVMR by IASI (respectively ERA5). RMSE values range from 1 to 2 g kg−1 across all lidar stations for IASI and ERA5, while the measurement uncertainties of the lidars are typically below 0.4 g kg−1. COR presents little variation between stations; it ranges from 0.7 to 0.8 and remains almost constant between 0.2 and 5 km a.m.s.l. Both the IASI and the ERA5 products appear to accurately reproduce the temporal variability of the vertical structure of water vapour in the low troposphere. Nevertheless, they show MB and RMSE significantly above the uncertainties of lidar measurements."
10.5194/amt-19-5243-2026,True,Atmospheric Measurement Techniques,该研究评估了二甲基亚砜（DMSO）作为冷凝粒子的工作流体，用于监测气溶胶和颗粒物。这与大气环境遥感技术密切相关，因为冷凝粒子计数器是用于测量大气中颗粒物浓度的重要工具，而DMSO的评估有助于提高空气质量监测的准确性和安全性。,"['condensation particle counter', 'working fluid', 'aerosol', 'air quality monitoring', 'particle counter']",Sarah Kirchhoff;Patrick Weber;Oliver F. Bischof;Gerhard Steiner;Christian Kunath;Lothar Keck;Victoria M. Fruhmann;Helmut Krasa;Alexander Bergmann;Andreas Petzold;Ulrich Bundke,Evaluation of DMSO as working fluid in condensation particle counters,"We evaluated dimethyl sulfoxide (DMSO) as a safe, non-flammable working fluid for condensation particle counters, comparing it with butanol under varied pressures, temperatures, and aerosols. Laboratory, field, and simulation results show reliable particle activation, comparable counting efficiency, reduced fluid use, and stable long-term operation. Mixtures with water extend usability, supporting safe monitoring in remote or harsh environments. 
 This study presents a comprehensive laboratory and field-based evaluation of dimethyl sulfoxide (DMSO) as a non-flammable working fluid for condensation particle counters (CPCs), directly compared to a butanol-operated counterpart across a wide range of pressures, temperatures, and aerosol types. Modifications to the instrument’s automatic refilling system ensured reliable operation over six months. Particle growth in the DMSO-CPC is strongly depending on the saturator temperature Tsat and the temperature difference ΔT between saturator and condenser, with optimal growth achieved at high Tsat and large ΔT values. Measurements with an optical particle counter downstream of the condenser, along with saturation and droplet size simulations, confirmed these trends and emphasized the importance of CPC internal settings for reliable particle growth. The DMSO-CPC achieved counting efficiencies and cutoff diameters comparable to the Butanol-CPC. The mean cutoff diameter was (5.8±0.9) nm for the DMSO-CPC and (5.6±0.5) nm for the Butanol-CPC. At the same time, the DMSO-CPC substantially reduced working fluid consumption and enabled stable long-term operation. The use of DMSO–H2O mixtures further extended the operational range and improved safety, making the CPC suitable for airborne measurements and remote monitoring. Recommendations regarding instrument modification, operational conditions, and hardware adjustments are made for operating a DMSO-CPC to gain results comparable to a Butanol-CPC. Overall, DMSO-based CPCs provide safe, efficient, and regulation-compliant operation without compromising measurement quality under challenging environmental conditions."
10.5194/amt-19-5309-2026,True,Atmospheric Measurement Techniques,该论文研究了一种使用频率扫描激光雷达技术测量平流层气溶胶的方法，这与大气环境遥感技术密切相关，特别是与空气质量监测、卫星观测和大气成分分析等领域高度相关。,"['Frequency Scanning Lidar', 'stratospheric aerosols', 'air quality monitoring']",Ronald Eixmann;Thorben H. Lüke-Mense;Jan Froh;Michael Gerding;Josef Höffner;Christian Löns;Robin Wing;Christian von Savigny;Gerd Baumgarten,Stratospheric aerosol measurements using a Frequency Scanning Lidar method,"We introduce a new lidar-based measurement technique that can observe small particles in the middle atmosphere, up to 30 km altitude, both during the day and at night. The compact instrument, with a volume of about one cubic meter, provides high-accuracy vertical profiles of aerosols and can be deployed at different locations worldwide. Comparisons with satellite data show strong agreement, highlighting its potential for longterm monitoring of stratospheric aerosols. 
 We present a method to derive stratospheric aerosols up to 30 km from Frequency Scanning Lidar (FSL) measurements. The lidar itself is designed as a universal instrument for the middle atmosphere and is capable of doing Doppler-Mie, Doppler-Rayleigh and Doppler-resonance measurements, for simultaneous retrievals of wind, temperature and aerosols. The system leverages a narrowband Alexandrite ring laser operating at the 770 nm potassium (K) line with a 3.3 MHz spectral width and high-resolution spectroscopy. By scanning a 100 MHz spectral window with sub-MHz sampling, the filter chain efficiently suppresses the Rayleigh background and spectrally resolves the Mie peak, enabling the separation of aerosol and molecular scattering. The FSL method's solar-blind Mie channel allows for measurements both day and night, while its compact design (approximately one cubic meter in volume) facilitates mobile deployment. With a vertical resolution of 200 m and a temporal resolution of 20 min, as achieved for the data presented here using the instrument configuration described in this study, the FSL method provides high-resolution observations of aerosol distributions in the stratosphere. The uncertainties of the FSL method for the backscatter coefficient are approximately 1.5×10-10 m−1 sr−1 at 20 km, both during day and night. We demonstrate the method's capabilities by presenting backscatter coefficient profiles measured during selected periods from 2022 to 2024. These profiles show good agreement with satellite-derived profiles from the Ozone Mapping and Profiler Suite Limb Profiler (OMPS-LP) and the Stratospheric Aerosol and Gas Experiment on the International Space Station (SAGE III/ISS) with a mean absolute deviation of ∼25 % at altitudes of 15–25 km. This demonstrates the potential of the FSL method for providing high-resolution, long-term observations of stratospheric aerosols."
10.5194/amt-19-5267-2026,True,Atmospheric Measurement Techniques,该论文研究的是大气中一氧化二氮（N2O）的同位素分析技术，涉及到了激光吸收光谱法（QCLAS）等远程传感技术，与大气环境遥感技术（如空气质量和大气成分分析）密切相关。,"['nitrous oxide', 'isotopic variants', 'laser-based measurement']",Paul M. Magyar;Nico Kueter;Simone Brunamonti;Naizhong Zhang;Ivan Prokhorov;Noémy Chénier;Lukas Emmenegger;Béla Tuzson;Joachim Mohn,An absolute reference frame for nitrous oxide clumped and position-specific isotopes provided by thermal equilibration,"Human activity drives increases in atmospheric nitrous oxide. Stable isotopes help trace the pathways involved. We developed a reliable way to calibrate measurements of rare isotopic variants of nitrous oxide so results from different labs can be compared. By heating nitrous oxide with a catalyst, the molecules reach well-defined equilibrium patterns suitable as a reference. To measure these isotopic variants quickly and precisely, we improved a laser-based measurement approach. 
 Clumped isotopic measurements of nitrous oxide (N2O) have the potential to offer unique constraints on the processes governing N2O production and destruction, building on the information provided by δ15N, δ18O and 15N site preference (SP). Extending their application requires a robust absolute reference frame. Here we show that thermal equilibration of N2O over γ-Al2O3 provides such a reference frame for measurements of the isotopologues 14N15N18O and 15N14N18O, as well as for SP. Using a quantum cascade laser absorption spectroscopy (QCLAS) platform, we simultaneously quantify seven isotopologues of N2O, including 14N15N18O, 15N14N18O, and 15N15N16O. Experiments starting from isotopically-distinct starting materials show convergence to time-invariant compositions that are in agreement with theoretically predicted temperature dependencies. These results demonstrate that γ-Al2O3 activated at ≥550 °C catalyzes isotope exchange among isotopologues of N2O at equilibration temperatures between 153 and 218 °C and thereby define an absolute stochastic reference frame for Δ14N15N18O and Δ15N14N18O. In contrast, 15N15N16O does not equilibrate under these conditions, suggesting selective activation of N–O but not N–N bonds. Comparison of equilibrium SP values with theoretical predictions reveals a systematic offset relative to the current reference scale, which will require future work to reconcile."
10.5194/amt-19-5281-2026,True,Atmospheric Measurement Techniques,该论文研究了不同气溶胶类型对Landsat 8卫星图像大气校正的影响，涉及气溶胶光学厚度（AOD）的测量和不同气溶胶类型假设对地表反照率产品准确性的影响，与大气环境遥感技术密切相关。,"['Landsat 8', 'atmospheric correction', 'aerosol type']",Shuning Zhang;Hao Zhang;Bing Zhang;Zhenzhen Cui,Impact comparison of different aerosol types on atmospheric correction of Landsat 8 over land,"Landsat 8 images map the land but must be corrected for the atmosphere. The aerosol type assumed in this step affects accuracy. To improve this, we used Landsat 8 data from one hundred sites worldwide to compare three common assumptions. The best choice depends on the situation: one for general use and for aerosol amount, another for bright surfaces like deserts, and the standard one in some bands. The results give guidance on which to use when, so land surface maps can be more accurate. 
 The official Landsat 8 surface reflectance (SR) product, generated by the Land Surface Reflectance (LaSRC) algorithm, is the most extensively utilized medium-resolution dataset and serves as a benchmark to cross-validate the accuracy of other SR products. However, the accuracy of the Landsat 8 SR products did not meet the expectations of the previous studies under specific conditions. Consequently, it is necessary to analyze the Urban Clean aerosol-type assumption implemented in the LaSRC algorithm and comprehensively re-evaluate the accuracy of the Landsat 8 SR. Therefore, this study leverages Landsat 8 data over 600 scenes acquired at 100 Aerosol Robotic Network (AERONET) sites globally and conducts a comprehensive analysis of how different dynamic aerosol types – MOD04-based (used in the Moderate Resolution Imaging Spectroradiometer (MODIS) Atmosphere Level-2 Aerosol Optical Depth Product), MOD09-based (used in MODIS Terra Atmospherically Corrected Surface Reflectance Product), and Urban Clean (used in LaSRC) – affect the accuracy of atmospheric correction (AC) for the first time. The results indicated that, in terms of aerosol optical depth (AOD), the MOD04 aerosol type exhibited the highest accuracy, with a coefficient of determination (R2_AerT) of 0.7236, Root Mean Square Error (RMSE) of 0.0437, and bias of 0.0052. The accuracy (A), precision (P), and uncertainty (U) of the four evaluated SR products ranged from −2.9754 × 10−4 to 3.0145 × 10−3, from 2.3184 × 10−2 to 2.6020 × 10−2, and from 2.3366 × 10−2 to 2.6040 × 10−2, respectively. The MOD04-based aerosol type demonstrated the highest overall accuracy in the visible and near-infrared (VNIR) bands. The MOD09-based aerosol type outperformed the others in the bright surface regions. The Urban Clean aerosol type showed a comparable but slightly inferior performance to that of the MOD09-based aerosol type, with limited advantages in specific reflectance ranges. Moreover, LaSRC-derived SR demonstrated higher stability and accuracy in the shortwave infrared (SWIR) bands compared to its inferior performance in the VNIR. These findings emphasize the critical importance of aerosol-type assumptions in AC workflow. A mixed strategic implementation framework is proposed as follows: (1) adopt MOD04-based aerosol types for AOD retrieval and VNIR SR retrieval, (2) use MOD09-based aerosol types for scenes dominated by very high-reflectance surfaces, and (3) leverage SWIR SR products derived by LaSRC. Our findings provide actionable guidelines for dynamic aerosol-type selection to enhance the AC performance across diverse environments."
10.5194/essd-18-5817-2026,True,Earth System Science Data,该研究使用无线信号数据集进行城市天气监测，通过分析无线信号在降水中的衰减来监测降水情况，这与大气环境遥感技术中的空气质量监测、大气成分分析等密切相关。,"['wireless signal', 'weather sensing', 'precipitation monitoring', 'atmospheric measurement', 'urban air quality']",Dror Jacoby;Shuyue Yu;Qianfei Hu;Zachary Hine;Rob Johnson;Jonatan Ostrometzky;Igor Kadota;Gil Zussman;Hagit Messer,OpenMesh: wireless signal dataset for opportunistic urban weather sensing in New York City,"We present a dataset of signal strength measurements from 103 wireless links in a community internet network in New York City, paired with data from 37 personal weather stations. By tracking how rain and snow weaken these signals at one-minute intervals across Manhattan and Brooklyn, we show that community networks can serve as low-cost weather sensing systems. The dataset and analysis demonstrate its use for real-time precipitation monitoring in cities. 
 We introduce OpenMesh, a publicly available dataset of wireless signal measurements from the NYC Mesh, a community-run communication network in New York City (NYC). While originally designed for affordable internet access, these links can be used opportunistically for high-resolution weather monitoring in diverse settings, including dense urban areas, providing 1 min sampling of signal strength measurements with dense spatial coverage across the study region. Spanning eight months of measurements (November 2023 to June 2024), the dataset comprises 103 wireless links in Lower Manhattan and Brooklyn, operating in three primary frequency ranges: 5–6 GHz (C-band), 24 GHz (K-band), and 58–70 GHz (V-band), part of the millimeter-wave (mmWave) spectrum.Our analysis incorporates meteorological records from two primary sources: (1) 37 Weather Underground (WUnderground) personal weather stations (PWS) across Manhattan and Brooklyn with 5 and 15 min sampling, and (2) three Automated Surface Observing System (ASOS) stations. The study period saw total rainfall of approximately 900 mm and included diverse weather events, from intense rain to snowstorms in winter 2023–2024. These events were captured by the NYC Mesh wireless network, with intense rainfall causing attenuation up to 30 dB and frequent outages, especially on high-frequency V-band links. This highlights the trade-off of using high-frequency bands in wireless networks: while precipitation might cause severe channel disruptions, this greater sensitivity simultaneously makes them effective opportunistic weather sensors. The OpenMesh dataset is available at https://doi.org/10.5281/zenodo.15287692 (Jacoby et al., 2025b). By publishing the dataset and demonstrating its usability, we aim to encourage further research that leverages wireless networks for real-time urban weather sensing."
10.5194/essd-2026-387,True,Earth System Science Data Discussions,该论文与大气环境遥感技术密切相关，因为它利用VIIRS（可见光红外成像光谱仪）主动火产品开发了一个全球火灾事件数据集，涉及火检测、火灾行为分析以及卫星遥感技术。,"['VIIRS', 'fire detection', 'sliding-window', 'fire events', 'satellite-based']",Hongxuan Su;Yan Yu,A Global Dataset of Individual Fire Events (2012–2025) derived from VIIRS Active Fire Product,"Satellite-based global fire inventories set the foundation for a process-level understanding of how fires start, spread, and stop. But due to input data resolution and algorithmic limitation, existing inventories often exhibited spatiotemporal discontinuity especially for large fires. Here we develop a sliding-window approach and apply it to the VIIRS active fire detection. This dataset facilitates observational investigation of extreme fire behavior. 
 Accurate characterization of individual fire events is critical for understanding global fire regimes and their interactions with climate. However, existing global inventories relying on coarse-resolution data and annual-aggregation algorithm may obscure small-scale thermal anomalies and artificially fragment prolonged fires. Here, we present a global dataset of individual fire events for 2012–2025 derived from Suomi-NPP VIIRS 375 m active fire detections. To address the spatiotemporal discontinuities in conventional clustering approaches, we develop a tracking framework based on a sliding-window method that merges spatially overlapped and temporally continuous fire patches. This approach maintains the continuity of long-duration events and reduces artificial segmentation, as demonstrated by validation against ground-based and higher-resolution satellite benchmarks. Our dataset provides a range of event-level metrics, including ignition location, fire duration, daily expansion rates, burned area, and fire radiative power. This fire event inventory offers an observational foundation for tracking extreme fire behaviour, calibrating fire spread models, and refining global emissions estimates."
10.5194/essd-2026-447,True,Earth System Science Data Discussions,该论文与大气环境遥感技术密切相关，因为它涉及使用人工智能技术（机器学习）来重建北方半球多年冻土活动层厚度的数据集，这属于大气成分分析和地表参数遥感反演的范畴。,"['permafrost', 'active layer thickness', 'machine learning', '1 km resolution', 'Northern Hemisphere']",Yujiao Wei;Zhaoqi Wu;Jiaxue Wang;Huanfeng Shen;Yiyun Chen,A 1 km resolution dataset of Northern Hemisphere permafrost active layer thickness (2000–2024),"Thawing permafrost accelerates global warming and threatens infrastructure, yet tracking changes over vast areas remains difficult. We combined over two decades of ground observations with artificial intelligence to create a continuous, highly detailed yearly map of permafrost thaw depth across the Northern Hemisphere from 2000 to 2024. Overcoming previous mapping limitations, this reliable dataset provides a vital tool to evaluate environmental hazards and protect vulnerable regions. 
 Active layer thickness (ALT) is a key indicator of permafrost change, with important implications for soil hydrothermal conditions, carbon feedbacks, ecosystem processes, and cold-region infrastructure. However, hemispheric-scale ALT mapping remains challenging because field observations are sparse and unevenly distributed, while thaw depth is controlled by complex and nonlinear environmental interactions. Here, we compiled 2,196 annual ALT observations and developed an ensemble spatiotemporal machine-learning framework to reconstruct a continuous annual ALT dataset at 1 km resolution for the Northern Hemisphere permafrost region from 2000 to 2024. Spatial leave-one-site-out cross-validation yielded an ensemble R2 of 0.76 and an RMSE of 60.48 cm. Independent temporal evaluation showed a significant correlation between observed and predicted Sen’s slopes (r = 0.73, p < 0.001), with 86.8 % agreement in trend direction. The dataset reproduced broad latitudinal and elevational patterns, biome-related differences, and interannual variability. Comparisons with two existing 1 km hemispheric products showed that our reconstruction occupied an intermediate position in hemispheric mean ALT while preserving relatively fine spatial variability. Substantial inter-product differences in both magnitude and spatial structure further highlighted persistent structural uncertainty in large-scale ALT mapping. Pixel-wise uncertainty maps further provide spatially explicit information on prediction confidence. This dataset provides a spatially detailed, temporally continuous, and uncertainty-explicit resource for regional- to hemispheric-scale studies of permafrost dynamics, carbon-cycle feedbacks, ecosystem and hydrological responses, and infrastructure exposure."
10.5194/essd-2026-530,True,Earth System Science Data Discussions,该论文使用QAR数据估算了中国2023年的航空排放清单，涉及CO₂、NOₓ、SO₂、PM、CO和HC等大气污染物，具有高时空分辨率，旨在为环境评估和减排提供精确数据支持。这与大气环境遥感技术（如空气质量监测、大气成分分析）密切相关。,"['air quality monitoring', 'atmospheric composition analysis', 'QAR data', 'Boeing Fuel Flow Method 2', 'NOₓ']",Binbin Lu;Lingkun Shi;Chun Wang;Huabo Sun;Qinli Guo;Xinbo Wang;Xuhui Wang,4-D Aviation Emission Inventory Data of China Estimated with QAR Data in 2023 (4D-AEID-2023),"Airplane emissions are usually estimated, not measured. We used flight data recorders from 4.52 million Chinese flights in 2023 to track real fuel burn and pollution, second by second. Aviation in China burned 28.4 million tonnes of fuel, emitting 89.3 million tonnes of CO2 unevenly: just 10 % of flight paths produce 74 % of emissions, and brief ground idling causes disproportionate pollution. This precise map helps target routes and airport operations where emission cuts matter most. 
 Accurate aviation emission inventories are essential for environmental impact assessment and mitigation, yet existing estimates predominantly rely on aircraft performance models and standardized assumptions, introducing significant uncertainties. Here, we present a high-resolution, four-dimensional aviation emission inventory for China's civil aviation sector in 2023, built directly from Quick Access Recorder (QAR) data covering 4.52 million flights (~96.8 % of national commercial movements). By coupling second-level fuel-flow measurements with observed flight-state and meteorological parameters via the Boeing Fuel Flow Method 2 and a dynamic thermodynamic correction, this dataset yields temporally and spatially explicit emission estimates for CO₂, NOₓ, SO₂, PM, CO, and HC across all flight phases. In 2023, China's civil aviation consumed 28.4 Mt of fuel, emitting 89.3 Mt CO₂, 634.6 kt NOₓ, 28.4 kt SO₂, 8.46 kt PM, 44.3 kt CO, and 6.35 kt HC. Monte Carlo analysis demonstrates that direct physical observations substantially constrain inventory uncertainty, reducing coefficients of variation (CV) for major pollutants to 2 %–10 % and shifting the dominant error source from activity-level assumptions to emission index parameterizations. High temporal resolution reveals pronounced phase-specific variations: taxiing accounts for 23.7 % of HC and 19.4 % of CO emissions due to low-thrust incomplete combustion, while the brief high-thrust acceleration segment preceding climb contributes 18.0 % of total PM. Spatially, emissions are highly concentrated, with the top 10 % of grid cells accounting for 74.2 % of national CO₂ emissions, exhibiting significant clustering (Global Moran's I = 0.3389, p < 0.05) along major corridors. Providing second-level and high resolution, this dataset serves as an observation-based benchmark for refining existing inventories and assessing near-airport air quality. The dataset is publicly available at https://doi.org/10.5281/zenodo.20828076 (Lu et al., 2026)."
10.5194/essd-2026-607,False,Earth System Science Data Discussions,该论文主要关注的是中国洪水灾害影响数据库的构建，涉及灾害记录、影响指标和数据分析，但未涉及大气环境遥感技术，如空气质量监测、卫星观测或大气成分分析。,"['flood disaster', 'impact database', 'disaster preparedness']",Shibo Cui;Ni Li;Shiruo Hu;Zhiqi Wan;Jiaru Wang;Jinchao Tang;Ruixi Zhang;Yingjia Li;Xinpeng Yu;Yiqian Tan;Wenbo Shan;Jianshi Zhao,CFDID: a China Flood Disaster Impact Database from 1994 to 2023,"Floods have caused widespread societal and economic impacts in China, yet long-term and systematic records remain scarce. Using document scanning and large language models, we compiled and manually verified 1716 flood disaster records from 66 official documents covering 1994 to 2023. This open database provides a more complete picture of flood impacts in China than widely used international sources and can support research, disaster preparedness, risk reduction and insurance. 
 China is one of the countries most severely affected by flood disasters worldwide. Long-term and systematic flood impact data are essential for flood risk assessment, flood impact model calibration, disaster prevention and reduction. However, an open, long-term, China-focused event-scale database with detailed flood disaster impact indicators remains lacking. Here we present the China Flood Disaster Impact Database (CFDID), which contains 1716 flood disaster event records from 1994 to 2023, including 1391 top-level (L1) event records. CFDID is compiled from 66 official documents and covers five flood-related disaster categories: rainstorm flood, typhoon, snowmelt flood, ice-jam flood, and dam-break flood. Each record includes date, location, disaster category, eight impact indicators, and data source. The database was constructed using a workflow that combines optical character recognition (OCR), large language model (LLM)-based information extraction, and manual verification, thereby improving the efficiency of converting unstructured text information into structured event records while ensuring data quality. Based on these L1 records, CFDID achieves total coverage ratios of 67.22 % for deaths and missing persons, 72.25 % for affected population, 60.70 % for affected cropland area, 65.68 % for collapsed dwellings, and 74.86 % for direct economic losses relative to official annual flood disaster impact totals during 1994–2023. Compared with commonly used international flood impact databases, CFDID contains more flood disaster event records and has higher coverage for most impact indicators. CFDID also includes agricultural impact indicators, which are rarely available in international hazard impact databases. CFDID is available at https://doi.org/10.5281/zenodo.21699973 and will be continuously updated by year."
10.1038/s41586-026-10994-7,True,Nature,该论文研究的是钙钛矿太阳能电池的表面钝化技术，特别是使用铅羧酸盐作为钝化剂。虽然主要关注点在于提高太阳能电池的效率和稳定性，但其研究内容与大气环境遥感技术中的空气质量监测、材料表面分析等有间接关联，因为钝化技术可以影响材料的表面特性和大气稳定性。,"['perovskite solar modules', 'lead carboxylates', 'atmospheric passivation']",Dongdong Xu;Ke Xiao;Ye Liu;Xin Luo;Jian Xu;Yikang Wei;Yameen Ahmed;Shuncheng Yang;Haonan Liu;Yinke Wang;Shun Huang;Manya Li;Yuhong Zhang;Han Gao;Hongfei Sun;Gongtao Duan;Qiaolei Han;Qiang Liu;Shuo Zhang;Xingjie Lv;Jingfu Jiang;Li Chao;Dongxue Liu;Min Hao;Xincheng Hou;Makhsud I. Saidaminov;Hairen Tan,Lead carboxylates passivation for meter-scale perovskite solar modules,"Lead carboxylates passivation for meter-scale perovskite solar modules 
 Environmentally sensitive ammonium halides have emerged as indispensable surface passivators for perovskite solar cells, demonstrating broadly effective performance at the laboratory scale1-4. However, the sensitivity of ammonium halides to humidity typically necessitates operation under an inert atmosphere5. Coupled with the heterogeneous distribution of passivators during large‑area slot‑die coating, applying such surface treatment techniques to the fabrication of meter‑scale perovskite solar modules under ambient conditions remains challenging. Here, we instead employ chemically stable lead carboxylates as passivators on perovskite films engineered to have a naturally-formed formamidinium iodide-enriched surface via a high-saturation vapor pressure solvent system (2-methoxyethanol, 1,3-dioxolane, and dimethyl sulfoxide). By treating tailored surface with lead dioleate to enhance carrier transport and surface passivation, we fabricated perovskite solar modules that achieved certified efficiencies of 24.0% (aperture area of 810 cm2) and 22.0% (total area of 0.72 m2) and passed all IEC 61215 reliability tests. These results represent the highest reported performance for scalable, industrially viable perovskite photovoltaics."
10.1038/s41586-026-10773-4,False,Nature,该论文标题和摘要均未提及与大气环境遥感技术相关的任何内容，如空气质量监测、卫星观测、大气成分分析或气溶胶反演等。因此，它与大气环境遥感技术无关。,[],Sean P. Pitroda;Ralph R. Weichselbaum,Reply to: Pre-clinical data interpretation requires clinical context,"Reply to: Pre-clinical data interpretation requires clinical context 
 "
10.1038/s41586-026-10774-3,False,Nature,该论文标题和摘要均涉及临床前数据的解释，与大气环境遥感技术（如空气质量监测、卫星观测、大气成分分析、气溶胶反演）无关。,[],R. Muirhead;G. G. Hanna;F. McDonald;D. Palma;S. Siva;A. Tree,Pre-clinical data interpretation requires clinical context,"Pre-clinical data interpretation requires clinical context 
 "
10.1038/d41586-026-02463-y,True,Nature,该论文与大气环境遥感技术密切相关，因为它涉及使用机载相机收集来自银河系核心的高能粒子数据，这属于大气成分分析和空间观测的范畴。,"['airborne camera', 'high-energy particles', 'Galaxy core']",,Giant balloon gives rise to new view of the Milky Way’s centre,"Airborne camera gathers data about the high-energy particles emanating from the core of our Galaxy. 
 Airborne camera gathers data about the high-energy particles emanating from the core of our Galaxy."
10.1038/d41586-026-02461-0,False,Nature,该论文的主题是关于响尾蛇的自身抗蛇毒蛋白对人类潜在的保护作用，与大气环境遥感技术（如空气质量监测、卫星观测、大气成分分析、气溶胶反演等）无关。,[],,Rattlesnakes’ own anti-venom could protect humans too,"A mixture of proteins in snake blood can prevent the death of mice injected with an otherwise lethal dose of venom. 
 A mixture of proteins in snake blood can prevent the death of mice injected with an otherwise lethal dose of venom."
10.1038/d41586-026-02521-5,False,Nature,该论文标题和摘要内容与大气环境遥感技术无关。摘要中提到的内容是关于基因改造细菌治疗糖尿病以及如何安全观看日食，这些主题与空气质量监测、卫星观测、大气成分分析或气溶胶检索等大气环境遥感技术没有直接关联。,[],Nick Petrić Howe;Benjamin Thompson,The probiotic bacteria engineered to treat diabetes,"Genetically modified bacteria lower high blood-sugar in animal trials — plus, how to watch a solar eclipse safely. 
 Genetically modified bacteria lower high blood-sugar in animal trials — plus, how to watch a solar eclipse safely. Hear the biggest stories from the world of science | 12 August 2026"
10.1038/s41586-026-10787-y,False,Nature,该论文标题和摘要中没有提及与大气环境遥感技术相关的关键词，如空气质量监测、卫星观测、大气成分分析或气溶胶反演等。因此，它不属于该领域。,[],Vincent Holst;Andres Algaba;Floriano Tori;Sylvia Wenmackers;Vincent Ginis,Dataset artefacts can partially drive the measured decline in disruption,"Dataset artefacts can partially drive the measured decline in disruption 
 "
10.1038/s41586-026-10788-x,False,Nature,该论文标题和摘要没有提及与大气环境遥感技术相关的关键词，如空气质量监测、卫星观测、大气成分分析或气溶胶反演等。,[],Michael Park;Erin Leahey;Russell J. Funk,Reply to: Dataset artefacts can partially drive the measured decline in disruption,"Reply to: Dataset artefacts can partially drive the measured decline in disruption 
 "
10.1038/s41586-026-10805-z,False,Nature,该论文主题是人工智能（AI）治理，涉及AI代理的自主性、效能、目标复杂性和通用性等维度，与大气环境遥感技术（如空气质量监测、卫星观测、大气成分分析、气溶胶反演等）无关。,[],Atoosa Kasirzadeh;Iason Gabriel,Agentic profiles for effective AI governance,"A framework comprising four dimensions—autonomy, efficacy, goal complexity and generality—is proposed for characterizing AI agents, supporting the construction of agentic profiles for the effective governance of different AI agents. 
 The creation of effective governance mechanisms for artificial intelligence (AI) agents requires a deeper understanding of their core properties and the implications they have for deployment. This paper provides a characterization of AI agents that focuses on four dimensions: autonomy, efficacy, goal complexity and generality. We propose different gradations for each dimension and argue that each dimension raises unique questions about the design, operation and governance of these systems. Moreover, we draw on this framework to construct ‘agentic profiles’ for different kinds of AI agent. These profiles help to illuminate cross-cutting technical and non-technical governance challenges posed by different classes of AI agents, ranging from narrow task-specific assistants to highly autonomous general-purpose systems. By mapping out key axes of variation and continuity across four dimensions, agentic profiles provide developers, policymakers and members of the public with guidance for effective AI governance. A framework comprising four dimensions—autonomy, efficacy, goal complexity and generality—is proposed for characterizing AI agents, supporting the construction of agentic profiles for the effective governance of different AI agents."
10.1038/s41586-026-10909-6,False,Nature,该论文研究的是利用工程益生菌调节血糖的技术，涉及的是生物医学领域，而非大气环境遥感技术。虽然论文中提到血糖监测，但与空气质量监测、卫星观测等大气环境遥感技术无关。,"['glucose-responsive', 'probiotics', 'glycaemic modulation']",Ningzi Guan;Deqiang Kong;Xianyun Gao;Lingxue Niu;Yang Zhou;Guiling Yu;Tian Gao;Mengyao Liu;Wenbo Ma;Yiyu Jin;Jianli Yin;Shangang Zhao;Haifeng Ye,Glucose-responsive probiotics for glycaemic modulation in mice and monkeys,"Engineered probiotics equipped with a synthetic glucose-responsive circuit transiently colonize the gut and secrete therapeutic factors when glucose levels increase, enabling safe, oral, sense-and-respond control of diabetes in mouse and primate models. 
 Sustained and controlled delivery of glucose-lowering agents using engineered designer cells is recognized as an effective strategy for diabetes therapy1. However, current technologies rely on external signal control or have been programmed into mammalian cells using synthetic gene networks, which pose safety concerns arising from transplantation2,3. Here we developed an engineered oral-deliverable glucose-sensing and functional response probiotic living drug for ‘sense-and-respond’-based control of diabetic blood glucose. We created a glucose sensor based on a synthetic gene circuit that incorporates the glucose-responsive transcriptional regulator HexR, coupled with a synthetic promoter. Upon oral administration of the engineered probiotics carrying the sensor, the cells reside temporarily in the intestine and regulate the expression of therapeutic transgenes in response to glucose levels that exceed the normal threshold. We show efficacy from the engineered probiotics for glycaemic control in multiple diabetic mouse and non-human primate models, demonstrating that long-term oral administration drives clear improvements in lipid profiles, while also attenuating development of multiple diabetic complications. Our probiotics-based living drug enables therapeutic dosing in response to real-time blood glucose levels, providing a programmable, orally deliverable sense-and-respond platform for metabolic therapy without transplantation. Engineered probiotics equipped with a synthetic glucose-responsive circuit transiently colonize the gut and secrete therapeutic factors when glucose levels increase, enabling safe, oral, sense-and-respond control of diabetes in mouse and primate models."
10.1038/s41586-026-10916-7,False,Nature,该论文研究的是皮质类器官中的放射状胶质细胞谱系进展，与大气环境遥感技术（如空气质量监测、卫星观测、大气成分分析、气溶胶反演）无关。,[],Melissa Stouffer;Osvaldo A. Miranda;Florian M. Pauler;Fabrizia Pipicelli;Carmen Streicher;Giselle Cheung;Simon Hippenmeyer,Temporal uncoupling of radial glia lineage progression in cortical organoids,"RGP lineage tracing in stem-cell-derived organoids shows highly plastic proliferation and reduced clonal neuronal diversity, indicating that missing non-cell-autonomous niche cues are essential for faithful temporal control of cortical lineage progression. 
 Radial glial progenitors (RGPs) produce all excitatory neurons in the developing cerebral cortex. Mosaic analysis with double markers (MADM)-based lineage tracing in vivo has revealed a quantitative framework of RGP lineage progression1. Here we established MADM technology2,3 in mouse embryonic stem cells to probe RGP lineage progression in a self-organizing cortical organoid system. We found that RGPs exhibit a high level of plasticity in proliferative potential in organoids rather than strict temporally stereotyped lineage progression as observed in vivo. RGPs in organoids showed increased lineage restriction, diminishing cell-type diversity in clones of cortical projection neurons, despite uniform single-cell transcriptional signatures of RGPs and a unitary lineage trajectory. Thus, critical non-cell-autonomous cues that are absent in self-organizing systems and/or the genuine stem cell niche are essential for faithful temporal control of RGP lineage progression and the generation of clonal cortical cell-type diversity. RGP lineage tracing in stem-cell-derived organoids shows highly plastic proliferation and reduced clonal neuronal diversity, indicating that missing non-cell-autonomous niche cues are essential for faithful temporal control of cortical lineage progression."
10.1038/s41586-026-10756-5,False,Nature,该论文研究的是人类和细菌的病毒免疫机制，与大气环境遥感技术（如空气质量监测、卫星观测、大气成分分析、气溶胶反演）无关。,[],Philip J. Kranzusch,Shared principles of human and bacterial antiviral immunity,"The Review describes shared ancient, conserved mechanisms between human antiviral immunity and bacterial anti-phage systems, outlining universal principles of pathogen sensing, signalling and effector function that reveal common rules governing host–virus interactions across life. 
 Defence against viral infection is a conserved feature of all cellular life. From single-cell bacteria to humans and complex multicellular animals, constitutive and inducible forms of immunity are required to inhibit viruses and safeguard cellular fitness. Recent studies reveal that the components of human antiviral immunity are surprisingly ancient, originating billions of years ago in bacteria as pathways that defend against phage replication. The unification of previously disparate fields of human and bacterial immunity creates a foundation to explain key features of host–virus interactions. This Review defines principles of pathogen recognition, signal amplification and immune effector function that shape mechanisms of antiviral immunity that are shared across kingdoms of life. Shared forms of immunity, including cGAS–STING, inflammasomes, argonautes and viperin, reveal ancient features of antiviral defence. Similarly, direct comparisons of pattern recognition receptors and interferon-stimulated genes in human cells with CRISPR immunity and anti-phage defence systems in bacteria explain prevalent strategies to effectively sense and inhibit viral replication. Cross-kingdom analysis reveals universal rules that control host–virus interactions and highlights open questions in understanding of antiviral immunity. The Review describes shared ancient, conserved mechanisms between human antiviral immunity and bacterial anti-phage systems, outlining universal principles of pathogen sensing, signalling and effector function that reveal common rules governing host–virus interactions across life."
10.1038/s41586-026-10888-8,False,Nature,该论文主要研究的是中世纪欧洲的大规模洪水事件，虽然涉及极端天气事件，但与大气环境遥感技术（如空气质量监测、卫星观测、大气成分分析、气溶胶反演等）无关。,"['flood', 'megaflood', 'extreme flood events']",Andrea Kiss;Alberto Viglione;Mariano Barriendos;Silvia Enzi;Martin Bauch;Kris Decker;Nicolas Maughan;Dag Retsö;Astrid Ogilvie;Miriam Bertola;Tim Soens;Libor Elleder;Rudolf Brázdil;Kathleen Pribyl;Juraj Parajka;Ioannis Telelis;Inês Amorim;Josep Barriendos;Oliver Böhm;Gerardo Benito;Chiara Bertolin;Dario Camuffo;Denis Coeur;Gaston Demarée;Radoslaw Doktor;Markus Dotterweich;Rüdiger Glaser;Jürgen Komma;Neil Macdonald;Hrvoje Petrić;Christian Rohr;Petra Schmocker-Fackel;Lothar Schulte;Willem H. J. Toonen;Oliver Wetter;Günter Blöschl,Cascading continental-scale floods across Europe in 1342–1343,"Tracing cascading continental-scale medieval megafloods across Europe indicates that current flood management is unprepared for such sequences, highlighting the urgent need for proactive flood risk management strategies that account for unusual series of extreme flood events. 
 Europe has experienced extreme floods in recent decades. However, even larger floods are possible and must be considered in flood risk management1,2. Their characteristics can be clarified by analysing the largest documented historical floods. In Central Europe, the Magdalena Flood of July 1342 is usually considered the largest of the last millennium; however, knowledge of its characteristics is incomplete3–7. Here we show that 16 major flood events occurred across much of Europe between late 1341 and 1343. Four of these events had return periods of 500–1,000 years (the Magdalena, Bartholomew, Candlemas and Jacob Floods). Although Magdalena was thought previously to be the only extreme European flood in 13423,7, our new documentary dataset suggests that it formed part of a broader sequence. The year with the greatest number of extreme floods during the past 700 years was 1342, and 1343 ranks among the top ten. This highly unusual sequence of floods had substantial socio-economic impacts, including a paradigm shift in flood mitigation measures in Europe. A series of volcanic eruptions along with multi-annual Arctic sea ice retreat is a plausible cause of this flood sequence. Clusters of extreme floods occurring within a few months are rarely considered in risk management8. Quick and proactive risk strategies are needed that account for this eventuality. Tracing cascading continental-scale medieval megafloods across Europe indicates that current flood management is unprepared for such sequences, highlighting the urgent need for proactive flood risk management strategies that account for unusual series of extreme flood events."
10.1038/s41586-026-10886-w,False,Nature,该论文主要研究的是Rb蛋白在乳腺癌中的调控机制，涉及细胞周期、转录因子和激素受体等生物学过程，与大气环境遥感技术（如空气质量监测、卫星观测、大气成分分析、气溶胶反演等）无关。,[],April C. Watt;Antonio Ahn;Catherine Blyth;Julia R. Dixon-Douglas;Krutika Ambani;Rhiannon Coulson;Michael Taylor;Keefe T. Chan;Catherine Dietrich;Brendan E. Russ;Susanne Ramm;Christabella A. Mahendra;Kun-Hui Lu;Nichelle Pires;Jesus Garcia-Sannicolas;Olivia Voulgaris;Sheena Nunag;Ching-Seng Ang;Mark A. Dawson;Elgene Lim;Monica Arnedos;Sarat Chandarlapaty;Fabrice André;Shom Goel,Rb-driven transcription limits its tumour-suppressive effects in breast cancer,"CDK4/6 inhibition redirects Rb chromatin occupancy to activate oestrogen-responsive genes, counteracting its own ability to maintain therapeutic cell-cycle arrest. 
 The retinoblastoma protein (Rb) is a tumour suppressor best known for repressing E2F transcription factors and halting cell cycle progression1. In hormone receptor-positive (HR+) breast cancer, CDK4/6 inhibitors activate Rb by preventing its phosphorylation, forming a key component of current endocrine therapy regimens2. How pharmacologically activated Rb remodels chromatin and influences transcription beyond cell cycle arrest remains poorly understood. Here we show that CDK4/6 inhibition induces redistribution of hypophosphorylated Rb to promoters and enhancers. Although Rb predictably binds to cell cycle gene promoters to repress transcription, at other sites, it unexpectedly promotes expression of oestrogen-responsive genes by integrating into oestrogen receptor (ER)-rich transcriptional hubs. CDK4/6 inhibition enhances ER target gene expression in breast cancer cells, patient-derived xenografts and clinical HR+ breast cancer samples in an Rb-dependent manner. This reprogramming is mediated in part by KDM5A, whose interaction with Rb contributes to gene regulation at these loci. Critically, components of this Rb-driven ER transcriptional program are pro-proliferative. In endocrine-sensitive tumours, this effect can be neutralized with anti-oestrogen therapy, explaining therapeutic synergy. In endocrine-resistant settings such as ESR1-mutant breast cancer, the program persists, limiting the therapeutic efficacy of CDK4/6 inhibition. These findings reframe Rb as a dual-function transcriptional regulator that, although enforcing cell cycle arrest, can also activate programs that counteract its tumour suppressor function. CDK4/6 inhibition redirects Rb chromatin occupancy to activate oestrogen-responsive genes, counteracting its own ability to maintain therapeutic cell-cycle arrest."
10.1038/s41586-026-10907-8,False,Nature,该论文研究的是神经发育障碍中神经元的可塑性恢复，与大气环境遥感技术（如空气质量监测、卫星观测、大气成分分析、气溶胶反演）无关。,"['air quality', 'satellite observations', 'atmospheric composition', 'aerosol retrieval']",Yu-Tzu Shih;Jason Bondoc Alipio;Zin-Juan Klaft;Nathaniel Green;Alok Nath Mohapatra;Travis D. Goode;Muthu Panchanatham;Devesh Pathak;Lai Ping Wong;Ruslan Sadreyev;Jung Ho Hyun;Omar Ahmed;Chris Dulla;Amar Sahay,Procognitive restoration of PV neuron plasticity in neurodevelopmental disorders,"Expression of Meis2 in hippocampal parvalbumin-expressing interneurons in an adult mouse model of neurodevelopmental disorders rescues experience-dependent plasticity, improves memory and network function and suppresses seizures. 
 The hippocampus forms memories of our experiences in populations of coactive pyramidal neurons (PNs)1–3. Fast-spiking parvalbumin-expressing inhibitory neurons (PV INs) in the dentate gyrus–CA3/CA2 circuit of the hippocampus precisely control PN activity through mossy fibre-dependent feedforward inhibition4–11. PV INs coordinate experience-dependent changes in their intrinsic excitability, synaptic connectivity, physiology and plasticity properties9,12–15—referred to here as experience-dependent PV IN plasticity—to regulate PN activity. PV IN impairments in early life, when neural circuitry is highly sensitive to experience, are thought to result in network hyperexcitability, seizures and impaired cognition, which are hallmarks of neurodevelopmental disorders (NDDs)16–18. Here we designed an input-specific translatome screen to identify regulators of experience-dependent PV IN plasticity genes (XPGs) in the CA3/CA2 subregion of adult hippocampus. We demonstrate that a substantial proportion of upregulated candidate XPGs exhibit haploinsufficiency in autism spectrum disorder, epilepsies, bipolar disorder and schizophrenia, which suggests that there is impaired experience-dependent PV IN plasticity in NDDs. In proof-of-concept experiments, targeted upregulation of a candidate XPG, the homeobox gene Meis2 (ref. 19), in CA3/CA2 PV INs in an NDD risk mouse model in adulthood is sufficient to restore experience-dependent PV IN plasticity. Moreover, ensemble and sharp-wave ripple properties and cognition were improved, and seizures were suppressed. Thus, experience-dependent PV IN plasticity is a convergent mechanism for NDD risk genes that can be re-instated in adulthood to reverse developmental deficits in circuitry, network excitability and cognition. Expression of Meis2 in hippocampal parvalbumin-expressing interneurons in an adult mouse model of neurodevelopmental disorders rescues experience-dependent plasticity, improves memory and network function and suppresses seizures."
10.1038/s41586-026-10846-4,True,Nature,该论文研究了宇宙早期超大质量黑洞在气体包裹状态下的形成和增长机制，涉及对宇宙尘埃和气体成分的分析，这与大气环境遥感技术中的大气成分分析和卫星观测等领域密切相关。,"['supermassive black hole', 'gas-enshrouded', 'atmospheric composition', 'cosmic dawn', 'remote sensing']",Rohan P. Naidu;Jorryt Matthee;Harley Katz;Anna de Graaff;Pascal A. Oesch;Aaron Smith;Jenny E. Greene;Gabriel Brammer;Andrea Weibel;Raphael Hviding;John Chisholm;Ivo Labbé;Robert A. Simcoe;Callum Witten;Wendy Q. Sun;Hakim Atek;Josephine F. W. Baggen;Sirio Belli;Rachel Bezanson;Leindert A. Boogaard;Sownak Bose;Rychard J. Bouwens;Alba Covelo-Paz;Pratika Dayal;Yoshinobu Fudamoto;Lukas J. Furtak;Emma Giovinazzo;Andy Goulding;Max Gronke;Kasper E. Heintz;Michaela Hirschmann;Garth Illingworth;Akio K. Inoue;Benjamin D. Johnson;Joel Leja;Ecaterina Leonova;Ian McConachie;Michael V. Maseda;Priyamvada Natarajan;Erica Nelson;David J. Setton;Irene Shivaei;David Sobral;Mauro Stefanon;Sandro Tacchella;Sune Toft;Alberto Torralba;Pieter van Dokkum;Arjen van der Wel;Marta Volonteri;Fabian Walter;Bingjie Wang;Darach Watson;Katherine Whitaker,A gas-enshrouded and gas-reddened black hole at cosmic dawn,"Observations of an unusual cosmic-dawn source illuminate how early supermassive black holes may have grown rapidly in a gas-enshrouded state; such enshrouded black holes may lie at the heart of the 'little red dots'. 
 The physical processes that led to the formation of billion-solar-mass black holes within the first 700 million years of cosmic time, a period known as cosmic dawn, remain a puzzle1. Several theoretical scenarios have been proposed to seed and rapidly grow black holes2–4, but direct observations of these mechanisms remain elusive. Here we present a source 660 million years after the Big Bang that exhibits singular properties: among the largest hydrogen Balmer breaks reported at any redshift, broad multi-peaked Hβ emission, and Balmer line absorption in several transitions. We model this source as an enshrouded black hole in which the Balmer break and absorption features are a result of extremely dense, turbulent gas forming a dust-free envelope around a supermassive black hole5,6. This source may provide evidence of an early black hole embedded in dense gas—a theoretical configuration proposed to rapidly grow black holes by super-Eddington accretion7,8. Radiation from the black hole seems to dominate almost all observed light, leaving limited room for contribution from its host galaxy. If the source merged with its brighter neighbour, it would resemble the recently discovered ‘little red dots’ with perplexing spectral energy distributions9–11. The redness of the black hole is due to gas, not dust12,13, and scattering, not kinematics, gives rise to the complex line shapes and luminosities—black hole masses of these sources may therefore be overestimated by orders of magnitude. Observations of an unusual cosmic-dawn source illuminate how early supermassive black holes may have grown rapidly in a gas-enshrouded state; such enshrouded black holes may lie at the heart of the 'little red dots'."
10.1038/s41586-026-10905-w,False,Nature,该论文主要关注太阳能光伏板废物的回收和循环利用，虽然涉及环境和资源管理，但并未涉及大气环境遥感技术，如空气质量监测、卫星观测或大气成分分析等。,"['photovoltaic waste', 'recycling', 'economic benefits']",Chen Wang;Jian Zuo;Xinyu Chen;Ruidong Chang;Pengfei Yuan;Kuishuang Feng;Yu Xin;Xi Liu;Peipei Tian;Jing Li;John Laurence Esguerra;Jiashuo Li,Towards an equitable future of global photovoltaic waste recycling,"Global photovoltaic waste will reach 297–402 million tonnes by 2060, and regionally adapted recycling strategies and international cooperation will be needed to provide equitable and scalable PV waste circularity. 
 The world is confronting an escalating crisis of burgeoning photovoltaic (PV) waste1. However, the effectiveness and scalability of prevailing PV waste management approaches remain unclear owing to considerable heterogeneity across regions and over time. Here we develop a comprehensive framework to evaluate the economic and climate benefits of local versus outsourced recycling, covering mainstream technologies. Considering supply-side material constraints, global PV waste will reach 297–402 million tonnes by 2060, with middle-income regions such as China becoming major contributors after 2040. Notwithstanding anticipated technological advancements, the break-even point for global PV waste recycling remains more than a decade away. Combining region-specific recycling technologies with outsourced recycling strategies yields the maximal global net benefits, reducing greenhouse gas emissions by up to 3.32 billion tonnes of CO2-equivalent and generating cumulative net benefits of US$529.1–935.5 billion by 2060. However, outsourced recycling raises inequality concerns for low-income regions. Our results show that a well-designed declining-subsidy scheme effectively mitigates these inequalities, particularly in the early stages. We suggest that regionally adapted recycling strategies and international cooperation, with a focus on technology transfer and funding for recycling capacity in low-income regions, provide effective ways to achieve equitable and scalable PV waste circularity. Global photovoltaic waste will reach 297–402 million tonnes by 2060, and regionally adapted recycling strategies and international cooperation will be needed to provide equitable and scalable PV waste circularity."
10.1038/s41586-026-10889-7,False,Nature,该论文主要研究的是基于化学发光的超分辨率成像技术，用于生物细胞成像，与大气环境遥感技术（如空气质量监测、卫星观测、大气成分分析、气溶胶反演）没有直接关系。,"['super-resolution imaging', 'luminescent-reaction', 'live cells']",Wenxin Zhu;Chi Zhang;Jiahui Gui;Yibo Yang;Yuxin Wan;Xin Wang;Liying Qu;Ao Guo;Ziqing Zhang;Zhenqian Han;Weisong Zhao;Jiandong Feng,Luminescent-reaction-enabled super-resolution imaging,"A new chemistry-based super-resolution imaging framework is described, enabling 3D, laser-free, highly sensitive and ultralong-term imaging of live cells which overcomes the limitations in spatiotemporal resolution associated with reaction-based imaging methods. 
 By breaking the optical diffraction limit, super-resolution fluorescence microscopy has advanced our understanding of biological complexity under the framework of light-excited luminescence1. The use of external light excitation remains a key factor that shapes the imaging capabilities and live-cell compatibility of fluorescence-based approaches2. An alternative is the reaction-excited luminescence, such as electrochemiluminescence (ECL)3, chemiluminescence (CL)4 and bioluminescence (BL)5, providing a chemically defined toolbox for enabling different imaging merits, from ultrasensitive analysis6,7 to biocompatible imaging8,9. Despite its light-free excitation and high sensitivity, conventional luminescent-reaction-enabled imaging is fundamentally limited in spatiotemporal resolution owing to low photon budget10,11. Here we develop a chemistry-based super-resolution imaging framework, luminescent-reaction-enabled super-resolution imaging via entropy-weighted correlation combined with deconvolution (RIED). As an experimental–computational concept, RIED introduces a spatiotemporal recording strategy to uncover specific luminescent-reaction-enabled imaging information content, which is efficiently collected and computed to achieve super resolution using a reconstruction strategy adapted to reaction-driven photon statistics. We achieve super-resolution ECL, CL and BL imaging of intracellular organelles, attaining approximately 100 nm resolution. This approach is used for highly sensitive imaging of surface proteins and 41-h ultralong-term continuous super-resolution live-cell imaging of mitochondrial transfer dynamics. Our work establishes an emerging class of chemistry-enabled, laser-free super-resolution microscopy with expanded biological imaging versatilities. A new chemistry-based super-resolution imaging framework is described, enabling 3D, laser-free, highly sensitive and ultralong-term imaging of live cells which overcomes the limitations in spatiotemporal resolution associated with reaction-based imaging methods."
10.1038/s41586-026-10891-z,False,Nature,该论文主要研究的是利用相位空间光调制器在微米尺度上工程化光线的统计特性，实现偏振状态和偏振度的空间可编程性，从而在高维空间中直接编码信息。虽然涉及偏振调制技术，但其应用领域主要集中在光子信息处理、光计算和加密，而非大气环境遥感技术，如空气质量监测、卫星观测或大气成分分析等。因此，该论文与大气环境遥感技术的关系较弱。,"['phase-only spatial light modulator', 'polarization modulation', 'high-dimensional optical computing']",Alessandro Petrini;Claudio Conti;Davide Pierangeli,Degree-of-polarization modulation for high-dimensional optical computing,"By engineering the statistics of light at the micrometre scale using phase-only spatial light modulators, both the state and degree of polarization become spatially programmable, enabling direct encoding of information in a high-dimensional space. 
 Spatial light modulation is a cornerstone of modern photonics. Crucial advances in photonic information processing1–3 rely on the spatial manipulation of the optical phase4–12 and state of polarization (SOP)13–27. The degree of polarization (DOP)28–30 is a fundamental property that can serve as an extra resource. However, no technology exists at present that can spatially modulate the DOP in a programmable manner31–34. Here we demonstrate spatial DOP modulation, thereby achieving control over a new degree of freedom of light. By engineering the polarization statistics at the micrometre scale with a phase-only spatial light modulator, we realize more than 1,024 spatial modes with fully programmable SOP and DOP. This structured light, sculpted in its polarization content to arbitrary shapes, enables direct encoding of information in a high-dimensional space. We encode colour images into a single-wavelength laser by using a one-to-one mapping between the red–green–blue space and the volume of the Poincaré sphere. Polarization colours expand the dimensionality of optical computing and encryption schemes, as demonstrated by (1) fully parallel photonic classification of colour images by a high-dimensional photonic neural network and (2) high-security multidimensional optical encryption. These approaches to optical processing of high-dimensional data highlight the opportunities enabled by DOP modulation in photonics, cryptography and computing. By engineering the statistics of light at the micrometre scale using phase-only spatial light modulators, both the state and degree of polarization become spatially programmable, enabling direct encoding of information in a high-dimensional space."
10.1038/s41586-026-10896-8,False,Nature,该论文研究的是人类大脑在捕食者-猎物任务中的神经基础，涉及神经科学和认知心理学领域，与大气环境遥感技术（如空气质量监测、卫星观测、大气成分分析、气溶胶反演等）无关。,[],Assia Chericoni;Justin M. Fine;Taha S. Ismail;Gabriela Delgado Salazar;Melissa C. Franch;Elizabeth Mickiewicz;Ana G. Chavez;Eleonora Bartoli;Danika L. Paulo;Vaishnav Krishnan;Mohamed Hegazy;Alica M. Goldman;Lu Lin;Garrett P. Banks;Nisha Giridharan;Mohammed Hasen;Nicole R. Provenza;Andrew Watrous;Seng Bum Michael Yoo;Sameer A. Sheth;Benjamin Y. Hayden,Neural basis of compositional control,"Behaviour of human participants in a prey-pursuit task reflects dynamic blending of goal-specific control policies, with hippocampus estimating latent states, anterior cingulate cortex orchestrating policy switches and orbitofrontal cortex supplying value-based contextualization rather than driving continuous policy updating. 
 Naturalistic goal-directed behaviour often involves continuous actions directed at dynamically changing goals1–3. Just as microeconomics serves as a rigorous foundation for discrete choices, control theory can serve as a foundation for understanding choice in continuous ones3,4. In continuous contexts, behaviour is composed of blends of goals, and the closest analogue to choice is a strategic reweighting of goal-specific control policies5,6. Here, to understand the algorithmic and neural bases of continuous choice, we examined behaviour and brain activity in humans performing a continuous prey-pursuit task7. Using a newly developed control-theoretic decomposition of behaviour, we find that pursuit strategies are well described by a meta-controller dictating a mixture of lower-level controllers, each linked to specific pursuit goals. Neurons in the anterior cingulate cortex predict major changes in policy blends, whereas hippocampal neurons encode and update the latent policy state supporting early planning. Meanwhile, orbitofrontal cortex activity is consistent with an encoding of the current value structure of the task, rather than policy switching. Together these results are consistent with a tripartite functional division in which hippocampus serves as a state-estimating controller, anterior cingulate cortex serves as a meta-controller, and orbitofrontal cortex provides a value context signal. Behaviour of human participants in a prey-pursuit task reflects dynamic blending of goal-specific control policies, with hippocampus estimating latent states, anterior cingulate cortex orchestrating policy switches and orbitofrontal cortex supplying value-based contextualization rather than driving continuous policy updating."
10.1038/s41586-026-10903-y,False,Nature,该论文研究的是IS621桥重组酶的结构机制，涉及DNA重组和切除过程，与大气环境遥感技术（如空气质量监测、卫星观测、大气成分分析、气溶胶检索）没有直接关系。,"['IS621', 'recombinase', 'DNA excision']",Masahiro Hiraizumi;Januka S. Athukoralage;Nicholas T. Perry;Eisuke Tsujimoto;Nami Shiojiri;Naoto Nagahata;Lauren Lee;Gwanggyu Sun;Matthew G. Durrant;Sita S. Chandrasekaran;Silvana Konermann;Keitaro Yamashita;Patrick D. Hsu;Hiroshi Nishimasu,Structural mechanism governing the directionality of bridge recombination,"Cryo-electron microscopy structures show how IS621 bridge recombinase mediates DNA excision, explaining its natural preference for insertion and informing the design of programmable bridge-editing technologies. 
 Bridge recombinases from the IS110 family of transposons, such as IS621, associate with a bridge RNA (bRNA) to mediate programmable recombination between donor DNA and target DNA1,2. Although insertion is mediated by the recombinase–bRNA complex, it remains unknown how IS621 elements are excised from host genomes to form the circular DNA intermediates required for transposition. Here we show that bRNA is weakly expressed from IS621 loci in the Escherichia coli genome and that the IS621 recombinase–bRNA complex mediates excision less efficiently than insertion. Furthermore, we present the cryo-electron microscopy structures of the IS621 recombinase–bRNA complex bound to excision DNA substrates, providing mechanistic insights into the excision reaction. Similar to the previously reported donor- and target-bound insertion complex2, the excision complex comprises two recombinase dimers, each accommodating the target- and donor-binding loops of the bRNA. However, DNA recognition differs notably between the two complexes. Although the donor and target DNAs form a bent U-shape during insertion2, the excision substrates adopt linear conformations and bind across both bRNA loops, forming an X-shaped structure. This geometry reduces the efficiency of top-strand exchange and contributes to the naturally observed bias favouring insertion over excision. Despite these differences, the efficiencies of both reactions are similarly modulated by base pairing between specific dinucleotides in the bRNA, termed handshake guides, and the top strands of the DNA substrates. Overall, this study provides mechanistic insights into the complete IS110 transposition cycle and facilitates the optimal design of programmable bridge-editing applications. Cryo-electron microscopy structures show how IS621 bridge recombinase mediates DNA excision, explaining its natural preference for insertion and informing the design of programmable bridge-editing technologies."
10.1038/s41586-026-10870-4,False,Nature,该论文研究的是热带森林中物种的种内变异对干旱耐受性的影响，主要涉及植物生理学和生态学，与大气环境遥感技术（如空气质量监测、卫星观测、大气成分分析、气溶胶反演）没有直接关系。,"['air quality monitoring', 'satellite observations', 'atmospheric composition analysis', 'aerosol retrieval']",Chris M. Smith-Martin;Robert Muscarella;Timothy J. Brodribb;María Uriarte,Species intraspecific variation drives tropical forest drought resistance,"Substantial intraspecific variation, together with species turnover, drives coordinated shifts in drought resistance such as increased embolism resistance and wider stomatal safety margins in drier forests. 
 Severe droughts are increasingly driving tree mortality, yet predicting forest resilience remains limited by a lack of understanding of within-species variation in drought resistance1–4. Although hydraulic traits such as embolism resistance are central to drought survival, studies conducted primarily in temperate regions have reported little intraspecific variation5–12, implying that there are evolutionary constraints in the adaptive potential of tree species. Here we test this assumption using a dataset comprising 11 hydraulic traits for 290 trees representing 18 species collected along Puerto Rico’s fourfold rainfall gradient (1,000 to 4,000 mm per year). We find that substantial intraspecific variation, together with species turnover, drives coordinated shifts in drought resistance across the gradient. Most species exhibit substantially more embolism resistance and wider stomatal safety margins in drier forests, demonstrating a considerable level of intraspecific variation in tropical trees and a mechanism for adaptation to increasingly dry conditions. Species lacking such trait variability may be highly vulnerable under a future drier climate. Incorporating both interspecific and intraspecific trait variation into predictive models will advance our ability to forecast forest resilience to intensifying droughts. Substantial intraspecific variation, together with species turnover, drives coordinated shifts in drought resistance such as increased embolism resistance and wider stomatal safety margins in drier forests."
10.1038/s41586-026-10724-z,False,Nature,该论文研究的是星云中的激波现象，与大气环境遥感技术（如空气质量监测、卫星观测、大气成分分析、气溶胶反演）没有直接关系。,"['bow shocks', 'Helix Nebula', 'stellar ejecta']",Pieter van Dokkum;Roberto Abraham;William P. Bowman;Seery Chen;Steven R. Janssens;Deborah M. Lokhorst;Imad Pasha;Carter Rhea,Numerous bow shocks in the outer Helix Nebula,"Shocks in the eastern outskirts of the Helix Nebula, detected in Hα emission with the MOTHRA telescope, provide evidence for the recycling of fragmented stellar ejecta into the surrounding gas. 
 Near the end of their lives, low-mass and intermediate-mass stars expel metal-enriched material in winds and outflows, ultimately producing planetary nebulae1,2. The ejected material is expected to fragment and mix into the interstellar medium (ISM), but this final assimilation step has been difficult to observe directly3,4. Here we report evidence for this process in the form of 22 bow shocks in the eastern outskirts of the Helix Nebula, detected in Hα emission with the partially completed MOTHRA telescope. Unlike the large-scale wind–ISM bow shocks commonly observed around evolved stars5–7, the shocks are compact and associated with individual clumps of gas. Going outward from the central star, the radius of curvature Rc decreases by a factor of roughly 102 over the radial range r = 0.4–1.4 pc. This is accompanied by a morphological transition from thin, well-defined bows to fuzzy, patchy structures. We interpret these changes as progressive stripping and fragmentation of asymptotic giant branch-shell remnants as they interact with the ISM. The slope of the observed Rc–r relation implies a loss of fragment coherence on a timescale of roughly 104 years, providing a rare direct constraint on the timescale for disruption and entrainment of fragmented stellar ejecta into the ISM8,9. Shocks in the eastern outskirts of the Helix Nebula, detected in Hα emission with the MOTHRA telescope, provide evidence for the recycling of fragmented stellar ejecta into the surrounding gas."
10.1038/s41586-026-10922-9,False,Nature,该论文主要研究母体对婴儿肠道微生物群和健康的影响，涉及的是生物医学和微生物学领域，与大气环境遥感技术（如空气质量监测、卫星观测、大气成分分析、气溶胶反演等）没有直接关系。,[],Trishla Sinha;Siobhan Brushett;Asier Fernández-Pato;Sanzhima Garmaeva;Sergio Andreu-Sánchez;Johanne E. Spreckels;Cyrus A. Mallon;Nataliia Kuzub;Milla Brandao Gois;Jiafei Wu;Marloes Kruk;Soesma A. Jankipersadsing;Jackie A. M. Dekens;Ranko Gacesa;Arnau Vich Vila;Corinna Bang;Corine Perenboom;Andre Franke;Hanne L. P. Tytgat;Sara Colombo Mottaz;Lilian Peters;Ank de Jonge;Henkjan J. Verkade;Morris A. Swertz;Cisca Wijmenga;Folkert Kuipers;Sicco Scherjon;Jan Sikkema;Aline B. Sprikkelman;Marlou L. A. de Kroon;Jelmer R. Prins;Sanne J. Gordijn;Gerard H. Koppelman;Sijmen A. Reijneveld;Milla F. Brandão-Gois;Marcel Bruinenberg;Anouk Marsman;Jingyuan Fu;Moran Yassour;Alexander Kurilshikov;Alexandra Zhernakova,Maternal influences on infant gut microbiome and health,"The maternal gut microbiome is a predictor of infant eczema. 
 The establishment of the infant gut microbiome is critical for later health1,2, yet how it is shaped by maternal and early-life factors remains unclear. Here we metagenomically sequenced 4,526 longitudinal faecal samples from 714 mother–infant pairs in the Dutch birth cohort Lifelines NEXT, spanning 12 weeks of pregnancy to 1 year postpartum. We integrated these data with 474 clinical and exposure variables, and with ultra-deep sequencing of breast milk and vaginal microbiomes. We observe that the maternal gut microbiome undergoes only subtle changes during pregnancy and postpartum, influenced by diet, infections and pre-pregnancy smoking. The maternal gut microbiome is a major reservoir for infant gut strains, with only occasional transmission from vaginal and breast milk microbiomes. Mother–infant gut strain sharing is time dependent, and higher maternal gut species abundance increases the likelihood of strain transmission. We find that the maternal gut microbiome is a predictor of infant eczema. Mode of delivery and feeding mode primarily shaped the infant gut microbiome and its functional profiles, with maternal exposures also having a role. Of 585 vaginally delivered infants, 155 were born at home, but home delivery was only moderately associated with infant gut microbiome composition, similar to other birth parameters such as duration of pushing and ruptured membranes. Overall, we highlight the central role of the mother and her microbiome in shaping the infant gut ecosystem and early health outcomes. The maternal gut microbiome is a predictor of infant eczema."
10.1038/s41586-026-10878-w,False,Nature,该论文研究的是银河系外的球状星团流和暗物质含量，与大气环境遥感技术（如空气质量监测、卫星观测、大气成分分析、气溶胶反演）无关。,"['stellar stream', 'globular cluster', 'dark matter']",Julie Kiel Holm;Sarah Pearson;Jacob Nibauer;David J. Sand;Adrian M. Price-Whelan;Tjitske Starkenburg;David Hendel;Catherine Fielder,Evidence for the first globular cluster stellar stream beyond the Milky Way,"Deep Hubble Space Telescope imaging of the ultra-diffuse galaxy UGC 9050-Dw1 reveals an extragalactic globular cluster stream, with analysis and modelling probing the rich dark matter content of the host galaxy. 
 The dark matter content of ultra-diffuse galaxies (UDGs) is the subject of considerable debate1–5. Stellar streams, which form when a host galaxy tidally strips stars from an orbiting stellar system, provide a powerful technique to constrain the dark matter content of external galaxies6. The stripped stars form long, thin leading and trailing tidal arms that persist for billions of years. Stellar streams from globular clusters (GCs) are particularly sensitive probes of dark matter halos and substructure7–10. GC streams are expected to exist in a variety of host galaxy types11,12 but, so far, they have only been observed in the Milky Way (MW). Here we present evidence for the first, to our knowledge, extragalactic GC stellar stream, identified in deep Hubble Space Telescope (HST) imaging of the UDG UGC 9050-Dw1. The stream’s morphology, colour and apparent association with a compact source support the GC progenitor interpretation observationally and we reproduce the observed surface brightness with simulated GC stellar populations. We use generative stream modelling, which fits dynamical models directly to the stream morphology, to constrain the mass of the progenitor and present the first stream-based halo constraint for an UDG. The stream models point to a GC origin and suggest a massive dark matter host halo. By extending the reach of GC stream analysis to external galaxies, this work opens a new chapter in dark matter science. Deep Hubble Space Telescope imaging of the ultra-diffuse galaxy UGC 9050-Dw1 reveals an extragalactic globular cluster stream, with analysis and modelling probing the rich dark matter content of the host galaxy."
10.1038/s41586-026-10880-2,True,Nature,该论文研究了热带森林地上生物量与气候因素的关系，并使用了卫星激光雷达数据（spaceborne-LiDAR），这与大气环境遥感技术（如卫星观测、生物量监测）密切相关。研究内容涉及碳循环和气候变化对森林的影响，属于大气环境遥感技术的研究范畴。,"['spaceborne-LiDAR', 'aboveground biomass', 'climatic factors', 'carbon storage']",Matheus Henrique Nunes;Helene C. Muller-Landau;Eric Bastos Görgens;Adrian Pascual;Ralph Dubayah,Heterogeneous climatic controls on tropical-forest biomass,"An analysis of the relationships between aboveground biomass and various climatic factors in three major regions of tropical forest shows that understanding the complex interactions between climate, topography and soils is crucial to predict how climate change will affect carbon storage capacity. 
 Tropical-forest aboveground biomass (AGB) is a major component of the global carbon cycle and understanding its response to climate change is crucial for predicting future climate–carbon feedbacks. Yet debate continues as to whether differences between studies in observed associations with climate reflect true regional variation or methodological differences1–5. Here we analyse around 16 million spaceborne-LiDAR-derived estimates of AGB for the year 2020 across intact lowland forests in the Amazon, the Congo Basin and Southeast Asia to investigate how climatic variables differentially relate to AGB on pantropical scales. We show that climatic associations with AGB are heterogeneous and depend on environmental context. Temperature dominates in drier forests, with AGB in the Congo Basin the most sensitive to warming, whereas Southeast Asian forests have the strongest declines in AGB under increasing water limitation. Across regions, the effects of temperature and drought anomalies intensify with aridity and are further modified by soils and topography. In the tallest (above 70 m), carbon-dense forests6,7, storms (lightning and windthrow) emerge as a strong negative driver. These results reconcile previously conflicting findings and show that predicting tropical-forest carbon storage requires accounting for interactions among climate, disturbance, soil and topography in a variety of biogeographical contexts. An analysis of the relationships between aboveground biomass and various climatic factors in three major regions of tropical forest shows that understanding the complex interactions between climate, topography and soils is crucial to predict how climate change will affect carbon storage capacity."
10.1038/s41586-026-10857-1,False,Nature,该论文研究的是二维铜氧化物超导材料的量子临界现象，与大气环境遥感技术（如空气质量监测、卫星观测、大气成分分析、气溶胶反演）没有直接关联。论文关注的是材料科学和凝聚态物理中的超导现象，而非大气环境监测技术。,"['cuprate', 'superconductor', 'quantum critical phenomena']",Hengsheng Luo;Dongjoon Song;Yijun Yu;Liguo Ma;Peng Cai;Ruidan Zhong;Yiwen Chen;Lin Zhao;Jian Shen;Dan Shahar;Xingjiang Zhou;Zhengyu Weng;Xian Hui Chen;Wei Ruan;Yuanbo Zhang,Superconducting 2D cuprate with a single CuO<sub>2</sub> plane,"A high-quality, pristine monolayer cuprate superconductor with a single CuO2 plane is fabricated and used to identify two quantum critical phenomena emerging between the Mott insulating phase and the superconducting phase. 
 Atomically thin van der Waals crystals epitomize ideal material systems in the two-dimensional (2D) limit. This reduction in dimensionality often leads to important consequences, best exemplified by the emergence of new physics in graphene and other 2D materials that can be readily tuned by gating1,2. Vast opportunities arise in extending this top-down approach to other material systems. Recent experiments have demonstrated that the essential physics of high-temperature superconductivity in cuprates is contained within just two CuO2 planes3. Here we push dimensionality reduction to the extreme by examining a single layer of Bi2Sr2CuO6+δ (Bi-2201), which comprises only one CuO2 plane. In this ultimate 2D limit, we observe a robust dimensionality effect that manifests as an approximately 10% reduction in the optimal superconducting transition temperature. Moreover, this reduction in dimensionality offers unprecedented tunability—we successfully extended the phase diagram of Bi-2201 into uncharted territories via finely controlled oxygenation of single-monolayer specimens. Leveraging this tunability, we discovered that an anomalous metal state emerges between the insulating and superconducting states as the temperature approaches zero. Concurrently, we observe an anomalous scaling behaviour characterized by a divergent critical exponent. These findings illuminate the nature of the superconductor-to-insulator quantum phase transition in cuprates. A high-quality, pristine monolayer cuprate superconductor with a single CuO2 plane is fabricated and used to identify two quantum critical phenomena emerging between the Mott insulating phase and the superconducting phase."
10.1038/s41586-026-10906-9,False,Nature,该论文研究的是使用CRISPR技术在人体T细胞中进行基因组筛选，以改善CAR T细胞抗肿瘤活性，与大气环境遥感技术（如空气质量监测、卫星观测、大气成分分析、气溶胶检索等）无关。,[],Qi Liu;Peixin Amy Chen;Esha Urs;Shimin Zhang;Maya M. Arce;Charlotte H. Wang;Jun Yan;Vinh Q. Nguyen;Zhongmei Li;Jin Seo;Nupura Kale;Fanglue Peng;Yikai Luo;Laine Goudy;Taylor N. LaFlam;Haixia Zhong;Chandrima Modak;Emma Dann;Jae Hyung Jung;Amanda Kirane;Allison Betof Warner;Boi Bryant Quach;Zinaida Good;Brian R. Shy;Eric Shifrut;Sagar P. Bapat;Greg M. Allen;Justin Eyquem;Katherine Fuh;Stacie E. Dodgson;Jason G. Cyster;Alexander Marson;Julia Carnevale,In vivo genome-wide CRISPR screens of human T cells in solid tumours,"An in vivo model that is able to recover human T cells from solid tumours can identify targets to help improve CAR T cell antitumour activity. 
 Large-scale CRISPR screening in human T cells holds significant promise for identifying genetic modifications that enhance cellular immunotherapy. Yet, many regulators of T cell performance in solid tumours are not revealed in vitro1,2. In vivo screening in tumour-bearing mice is more physiological but has been limited by low intratumoural T cell recovery. Here we developed an in vivo model that efficiently recovers human T cells from solid tumours, permitting genome-wide CRISPR screens with few mice. Tumour-infiltrating T cells from this model exhibit hallmarks of dysfunction compared with splenic T cells, creating an ideal screening context. We performed two genome-wide CRISPR knockout screens to identify regulators of intratumoural T cell abundance and effector function. The abundance screen revealed the P2RY8–Gα13 GPCR signalling axis as a negative regulator of T cell tumour infiltration. The effector function screen identified GNAS as a key driver of T cell dysfunction in tumours, whose product, Gαs, acts as a convergent node downstream of multiple GPCRs sensing distinct suppressive ligands. Knockout of GNAS rendered T cells resistant to multiple suppressive cues and significantly improved efficacy across diverse solid tumour models in chimeric antigen receptor (CAR) and T cell receptor (TCR) systems. Combinatorial knockout of P2RY8–GNAS further enhanced tumour control, demonstrating that complementary in vivo screens can identify orthogonal targets whose combined editing improves therapeutic potency. This flexible, scalable platform can be adapted for systematic discovery of genetic strategies to improve solid tumour T cell therapies. An in vivo model that is able to recover human T cells from solid tumours can identify targets to help improve CAR T cell antitumour activity."
10.1038/s41586-026-10925-6,False,Nature,该论文的主题是关于非小细胞肺癌的 perioperative nivolumab 治疗的生物标志物，与大气环境遥感技术无关。,[],Tina Cascone;Mark M. Awad;Jonathan D. Spicer;Jie He;Shun Lu;Fumihiro Tanaka;Robin Cornelissen;Lubos B. Petruzelka;Yang Gao;Jean-Louis Pujol;Hiroyuki Ito;Ludmila de Oliveira Muniz Koch;Tudor-Eliade Ciuleanu;Lin Wu;Sabine Bohnet;Yasutaka Watanabe;Janis M. Taube;Julie Stein Deutsch;Cinthya Coronado Erdmann;Stephanie Meadows-Shropshire;Jaclyn Neely;Virginia Ip;Yu-Han Hung;Padma Sathyanarayana;Sumeena Bhatia;Katherine Chu;Steven I. Blum;Stefano Lucherini;Nathanial Eddy;Akshay Yadav;Mariano Provencio,Biomarkers of nivolumab benefit in resectable non-small cell lung cancer,"Potential predictive biomarkers of perioperative nivolumab therapy benefit in non-small cell lung cancer are identified from evaluable participants in the CheckMate 77T trial. 
 Perioperative nivolumab significantly improved event-free survival (EFS) compared with placebo in patients with resectable non-small cell lung cancer (NSCLC) in the CheckMate 77T study (ClinicalTrials.gov 
              NCT04025879
              
            )1. Here, after randomization, 98 out of 229 patients who received nivolumab and 92 out of 232 patients who received placebo had evaluable biomarkers (41% of randomized patients). Of the 98 patients receiving nivolumab, 83 (85%) had detectable circulating tumour DNA (ctDNA) before initiating neoadjuvant treatment and 90 (92%) at neoadjuvant treatment completion. Of the 92 placebo-treated patients, 75 (82%) had detectable ctDNA at the treatment start and 78 (85%) at completion. Among the 98 nivolumab-treated patients, 76 (78%) had detectable and evaluable ctDNA before and after neoadjuvant treatment, and 50 of them (66%) had pre-surgical ctDNA clearance, and 25 out of 50 (50%) had pathologic complete response (pCR). For the placebo-treated group, these values were 64 out 92 (70%) for detectable and evaluable ctDNA before and after neoadjuvant treatment, and 24 out of 64 (38%) had pre-surgical ctDNA clearance, and 3 out of 24 (12%) had pCR. Furthermore, 4 out of 48 (8%) patients in the nivolumab group and 9 out of 44 (20%) in the placebo group who were negative for molecular residual disease (MRD) after surgery and before adjuvant treatment initiation became positive during the adjuvant treatment period; all had disease recurrence. EFS seemed to be prolonged with nivolumab (n = 60) versus placebo (n = 45) in patients with single or co-alterations in any of the KEAP1, STK11, CDKN2A and/or SMARCA4 driver genes (hazard ratio, 0.48; 95% confidence interval, 0.28–0.83). In a machine-learning model trained using biomarker-evaluable patients, top predictors of prolonged EFS included pre-surgical ctDNA clearance, non-N2 NSCLC, pCR, squamous tumour histology and nivolumab treatment. These findings provide insights into predictive markers for outcomes with perioperative nivolumab in resectable NSCLC. Potential predictive biomarkers of perioperative nivolumab therapy benefit in non-small cell lung cancer are identified from evaluable participants in the CheckMate 77T trial."
10.1038/d41586-026-02395-7,False,Nature,该论文研究的是人类大脑如何同时追求两个目标，涉及神经科学和控制理论，与大气环境遥感技术（如空气质量监测、卫星观测、大气成分分析、气溶胶反演）无关。,[],,How the human brain can pursue two goals at the same time,"In the natural world, an animal can blend strategies so it can advance towards several goals at the same time. An engineering approach called control theory was used to infer people’s goals while they played a simple video game, and showed how three brain regions work together to implement goal blending. 
 In the natural world, an animal can blend strategies so it can advance towards several goals at the same time. An engineering approach called control theory was used to infer people’s goals while they played a simple video game, and showed how three brain regions work together to implement goal blending. Neuronal recordings show how three brain areas encode a ‘goal-blending’ variable when there is more than one target."
10.1038/d41586-026-02473-w,False,Nature,该论文研究的是人类大脑刺激与基因程序的关系，涉及神经科学和生物医学领域，与大气环境遥感技术（如空气质量监测、卫星观测、大气成分分析、气溶胶反演）无直接关联。,"['brain stimulation', 'gene programs', 'temporal cortex']",,Human brain stimulation engages different gene programs in different cell types,"Electrical stimulation of the human brain is a promising strategy for slowing cognitive decline. The discovery of cell-type-specific gene programs that are induced in tandem with the activity of networks of neurons in the temporal cortex when it is stimulated could inform the development of therapeutic approaches using stimulation. 
 Electrical stimulation of the human brain is a promising strategy for slowing cognitive decline. The discovery of cell-type-specific gene programs that are induced in tandem with the activity of networks of neurons in the temporal cortex when it is stimulated could inform the development of therapeutic approaches using stimulation. Genetic signatures of stimulation coincide with the strengthening of cell assemblies in samples of human brain tissue."
10.1038/d41586-026-02478-5,False,Nature,该论文研究的是利用太赫兹光对光学性质进行超快速时间工程，涉及的是光子时间晶体和等离子体等光学系统，与大气环境遥感技术（如空气质量监测、卫星观测、大气成分分析、气溶胶反演）没有直接关系。,"['terahertz light', 'photonic time crystal', 'plasmons']",,Ultrafast temporal engineering of optical properties using terahertz light,"A photonic time crystal is an optical system of which properties such as its refractive index are modulated strongly and rapidly over time. One has now been obtained all-optically by delivering an intense terahertz light wave onto a material with a specialized microstructure that hosts collective waves of electrons known as plasmons. 
 A photonic time crystal is an optical system of which properties such as its refractive index are modulated strongly and rapidly over time. One has now been obtained all-optically by delivering an intense terahertz light wave onto a material with a specialized microstructure that hosts collective waves of electrons known as plasmons. An all-optical ‘photonic time crystal’ has been made that operates at high frequencies."
10.1038/d41586-026-02292-z,False,Nature,这篇论文主要研究热带树木对干旱的耐受性，与大气环境遥感技术（如空气质量监测、卫星观测、大气成分分析、气溶胶反演等）没有直接关系。,[],Brendan Choat;Erick Calderón-Morales,Intraspecific variation in tropical trees can drive resistance to drought,"Different tropical tree species can vary in their ability to withstand drought — and so too, it seems, can distinct populations of the same tree species. 
 Different tropical tree species can vary in their ability to withstand drought — and so too, it seems, can distinct populations of the same tree species."
10.1038/d41586-026-02448-x,False,Nature,该论文的标题和摘要内容与大气环境遥感技术无关，而是关于阿尔茨海默症手术的争议。摘要中提到的技术是关于改善大脑排液，与空气质量监测、卫星观测、大气成分分析或气溶胶反演等主题无关。,[],Elie Dolgin,A controversial Alzheimer’s surgery is said to reverse symptoms — here’s what scientists know,"Jaw-dropping patient videos and miraculous testimonials ignited a frenzy in China over a technique that aims to improve drainage from the brain. Now it is entering trials worldwide. 
 Jaw-dropping patient videos and miraculous testimonials ignited a frenzy in China over a technique that aims to improve drainage from the brain. Now it is entering trials worldwide."
10.1038/d41586-026-02408-5,False,Nature,标题和摘要内容模糊不清，没有明确提及与大气环境遥感技术相关的关键词，因此不相关。,[],Toshiya Kamei,System lag,"Out of place. 
 Out of place."
10.1038/d41586-026-02290-1,False,Nature,该论文讨论的是宇宙中的红点颜色来源，涉及的是天文学和黑洞，与大气环境遥感技术（如空气质量监测、卫星观测、大气成分分析、气溶胶反演）无关。,[],Dominik Schleicher;Rodrigo Herrera-Camus,‘Little red dot’ gets its colour from gas — not dust,"Dust can tint the cosmos red, but a compact astronomical object is coloured by turbulent gas around a black hole. 
 Dust can tint the cosmos red, but a compact astronomical object is coloured by turbulent gas around a black hole."
10.1038/d41586-026-02498-1,False,Nature,该论文的主题是关于物理学中的一种粒子（胶子球），与大气环境遥感技术（如空气质量监测、卫星观测、大气成分分析、气溶胶反演）无关。,[],Mohana Basu,A particle made of force: physicists say they’ve found mysterious ‘glueball’,"Scientists have predicted the existence of a particle made of gluons for a long time, but detecting it has taken decades. 
 Scientists have predicted the existence of a particle made of gluons for a long time, but detecting it has taken decades."
10.1038/d41586-026-02159-3,False,Nature,该论文研究的是天文学领域中的恒星演化现象，特别是太阳类恒星死亡时返回星际空间的物质过程。虽然涉及气体成像和冲击波，但与大气环境遥感技术（如空气质量监测、卫星观测、大气成分分析、气溶胶反演等）关系不大。,"['ionized gas', 'Helix Nebula', 'bow shocks']",,Bow shocks reveal how a dying star returns matter to interstellar space,"Deep imaging of ionized gas in the Helix Nebula uncovers many curved shock waves around a dying Sun-like star. These ‘bow shocks’ are produced when ejected shells of stellar material break up and race outwards. Their changing shapes imply that the shell fragments are being stripped, shredded and mixed into interstellar gas over roughly 10,000 years. 
 Deep imaging of ionized gas in the Helix Nebula uncovers many curved shock waves around a dying Sun-like star. These ‘bow shocks’ are produced when ejected shells of stellar material break up and race outwards. Their changing shapes imply that the shell fragments are being stripped, shredded and mixed into interstellar gas over roughly 10,000 years. High-resolution imaging reveals curved shock waves in the Helix Nebula."
10.1038/d41586-026-02496-3,True,Nature,该论文与大气环境遥感技术有较强的关联，因为它涉及海洋表面温度监测，这与大气成分分析和卫星观测密切相关。海洋温度的监测对于理解大气环境变化和空气质量具有重要意义。,"['sea surface temperatures', 'ocean carbon sinks', 'coral reefs']",James Dinneen,Ocean temperatures set to break all-time record: what’s next?,"High sea surface temperatures are expected to weaken ocean carbon sinks and damage coral reefs. 
 High sea surface temperatures are expected to weaken ocean carbon sinks and damage coral reefs."
10.1038/d41586-026-02291-0,True,Nature,该论文与大气环境遥感技术密切相关，因为它使用全球卫星调查来解释热带森林碳储存的差异，涉及卫星观测和生态学分析。,"['tropical forests', 'carbon storage', 'satellite survey']",María Uriarte;Marcia Macedo,No single rule explains how climate affects carbon storage in tropical forests,"Ecologists have long wondered why some tropical forests store more carbon than others. A global satellite survey offers an explanation. 
 Ecologists have long wondered why some tropical forests store more carbon than others. A global satellite survey offers an explanation."
10.1038/d41586-026-02515-3,False,Nature,该论文的标题和摘要涉及儿童免疫接种政策，与大气环境遥感技术（如空气质量监测、卫星观测、大气成分分析、气溶胶反演等）无关。,[],Kaia Glickman;Max Kozlov,Trump wants MMR vaccine split up: the science behind why it’s a bad idea,"Numerous studies have shown that separating childhood jabs will delay protection and increase costs for families. 
 "
10.1038/d41586-026-02519-z,False,Nature,该论文标题和摘要主要讨论的是太阳日冕数据收集、人类触觉文化和厄尔尼诺现象对亚马逊雨林的影响，与大气环境遥感技术（如空气质量监测、卫星观测、大气成分分析、气溶胶反演）无关。,[],Jacob Smith,Daily briefing: What scientists can learn from a solar eclipse,"Researchers will have two minutes to gather data on the solar corona. Plus, people across cultures are all ticklish in the same way and how the El Niño could spell disaster for the Amazon rainforest. 
 Researchers will have two minutes to gather data on the solar corona. Plus, people across cultures are all ticklish in the same way and how the El Niño could spell disaster for the Amazon rainforest."
10.1038/s41467-026-76678-y,False,Nature Communications,该论文研究的是脑内催乳素受体阳性多巴胺能神经元在哺乳期小鼠中如何调节能量代谢和疼痛阈值，与大气环境遥感技术（如空气质量监测、卫星观测、大气成分分析、气溶胶反演）无关。,[],Ningrong Chen;Shreya Kumar;Kalp Patel;Shangqing Li;Mei Wan;Janet Crane;Xu Cao,Hypothalamic prolactin receptor<sup>+</sup> dopaminergic neurons regulate energy metabolism and nociceptive threshold in mice during lactation,"The mechanisms by which the brain controls maternal metabolism through hormones remain unclear. Here, authors find PRLR+ dopaminergic neurons in the hypothalamus regulate bone and fat metabolism and alter nociceptive threshold through NPY in lactating mice. 
 Women during lactation undergo significant bone loss and metabolic changes. However, the underlying mechanisms in the brain remain unclear. Herein, we found that prolactin receptor (PRLR)+ neurons in the hypothalamus control lactation physiology and metabolism in mice. Prolactin induces tyrosine hydroxylase (Th) expression in PRLR+ dopaminergic neurons of the arcuate nucleus (ARC). Interestingly, neuropeptide Y (NPY) expression was elevated to alter energy demand and nociceptive threshold during lactation. Knocking down either PRLR or NPY in the ARC significantly reduced food demand and nociceptive threshold. Importantly, in addition, prolactin also induces Th expression in the hypothalamic paraventricular nucleus (PVN) to increase sympathetic outflow to mobilize Ca2+ in bone. Importantly, brain-derived osteoanabolic hormone communication network factor 3 (CCN3) is downstream of PRLR signaling in the dopaminergic neurons. Thus, hypothalamic PRLR+ neurons identified in the current study regulate bone and fat metabolism, nociceptive threshold, and energy demand in mice during lactation. The mechanisms by which the brain controls maternal metabolism through hormones remain unclear. Here, authors find PRLR+ dopaminergic neurons in the hypothalamus regulate bone and fat metabolism and alter nociceptive threshold through NPY in lactating mice."
10.1038/s41467-026-76691-1,False,Nature Communications,该论文主要研究的是质谱技术中的压力调节问题，虽然涉及到离子检测和生物分子组装，但与大气环境遥感技术（如空气质量监测、卫星观测、大气成分分析、气溶胶反演等）没有直接关联。,"['mass spectrometry', 'biomolecular assemblies', 'ion detection']",Eduard H.T.M. Ebberink;Elena Giaretta;Arjan Barendregt;Jan Fiala;Victor C. Yin;Tobias P. Wörner;Kyle L. Fort;Alexander A. Makarov;Albert. J. R. Heck,Modulating pressure in the Orbitrap improves sensitivity and mass resolution in charge detection mass spectrometry,"Orbitrap-based single-ion charge mass spectrometry of biomolecular assemblies can be hampered by gas-induced ion losses. Here, the authors introduce a pulsed valve to regulate vacuum conditions resulting in improved ion detection enabling sensitive, accurate, and higher-resolution mass measurements 
 Native mass spectrometry has become a key method for studying macromolecular assemblies, providing insights into structures, stoichiometries, and binding interactions. A key aspect for the transmission of electrospray-generated bioparticles into the mass analyzer is the use of gas for collisional cooling and ion desolvation. However, in Orbitrap-based mass spectrometry, the elevated pressure may negatively affect ions, as collisions with background gas can destabilize ion trajectories, potentially leading to incorrect mass determination. These effects are amplified when the pressure in the collision cell is high, as required for large biological assemblies, and when ions are measured for (ultra)long acquisition times in the Orbitrap, as required for high-resolution mass spectrometry. To address these issues, we modified a standard Q Exactive™ UHMR by installing a pulsed valve to control gas flow and limit gas leakage into the Orbitrap. This way, ion transmission and desolvation are maintained while the ultrahigh vacuum in the mass analyzer is enhanced during acquisition. We show that this improves ion detection of various assemblies, including adeno-associated viruses, IgM, and plasmid DNA, with superior mass accuracy and resolving power. The pulsed valve implementation will benefit nearly all mass measurements, setting the stage for next-generation Orbitrap-based, single-ion mass spectrometry. Orbitrap-based single-ion charge mass spectrometry of biomolecular assemblies can be hampered by gas-induced ion losses. Here, the authors introduce a pulsed valve to regulate vacuum conditions resulting in improved ion detection enabling sensitive, accurate, and higher-resolution mass measurements"
10.1038/s41467-026-76734-7,False,Nature Communications,该论文研究的是利用共价有机框架（COFs）进行过氧化氢光生产和对香料的化学选择性升级，主要涉及光催化和有机材料科学，与大气环境遥感技术（如空气质量监测、卫星观测、大气成分分析、气溶胶反演）没有直接关系。,"['covalent organic frameworks', 'photocatalyst', 'H2O2 photoproduction']",Jie-Yu Yue;Zi-Shuo Xu;Yan Guo;Jing-Xian Luo;Peng Yang;Bo Tang,Stoichiometry-driven electronic heterogeneity in covalent organic frameworks for coupled H<sub>2</sub>O<sub>2</sub> photoproduction and chemoselective fragrance upgrading,"While coupling H2O2 photosynthesis with value-added organic transformations circumvents the sluggish kinetics of water oxidation, integrating both processes within a single photocatalyst remains challenging. Here the authors report a stoichiometry-driven modulation strategy in covalent organic frameworks to tune electronic heterogeneity for simultaneous H2O2 photosynthesis and fragrance upgrading. 
 Coupling H2O2 photoproduction with value-added organic transformations avoids the sluggish kinetics of water oxidation, yet integrating both processes within one photocatalyst remains challenging. Here, we report stoichiometry-driven electronic heterogeneity in covalent organic frameworks (COFs) as a strategy for simultaneous H2O2 photoproduction and chemoselective fragrance upgrading. Adjusting monomer stoichiometry with distinct geometric symmetries perturbs local structural symmetry, generating electronically differentiated microenvironments within the COF skeleton. The optimized PTPD-COF1 achieves a H2O2 photosynthetic rate of 10.4 mmol g−1 h−1 in pure water, surpassing its binary analogues, and delivers coupled rates of 36.1, 53.2, and 21.6 mmol g−1 h−1 with near-quantitative, chemoselective conversion of cinnamyl, anisyl, and o-anisyl alcohols into fragrances. Theoretical analysis shows the modulated electronic environment enhances local dipole moments and lowers carrier effective masses, altering energy barriers for *OOH/*OH formation and C-H cleavage. In this work, stoichiometry-driven electronic heterogeneity is established as a design principle for multifunctional organic photocatalysts. While coupling H2O2 photosynthesis with value-added organic transformations circumvents the sluggish kinetics of water oxidation, integrating both processes within a single photocatalyst remains challenging. Here the authors report a stoichiometry-driven modulation strategy in covalent organic frameworks to tune electronic heterogeneity for simultaneous H2O2 photosynthesis and fragrance upgrading."
10.1038/s41467-026-76254-4,False,Nature Communications,该论文主要关注的是使用高斯splat manifolds进行物理信息学习，以解决包含不连续性和薄剪切层的偏微分方程。虽然这种方法可能对大气环境的某些计算模拟有潜在应用，但论文的核心内容并未直接涉及大气环境遥感技术，如空气质量监测、卫星观测或大气成分分析等。,"['physics-informed learning', 'Gaussian splatting', 'partial differential equations']",Xu Han;Kuangxu Chen;Rui Wang;Guanzhou Wei;Ligong Han;Han Gao,Toward nonlinear representations with Gaussian-splat manifolds for physics-informed learning,"Simulating shocks and thin shear layers typically requires extremely fine computational grids. Here, the authors adapt mobile, stretchable Gaussian kernels originally developed in computer graphics to directly satisfy the governing equations, enabling sharp features to be captured with far fewer parameters than conventional numerical or neural-network-based solvers. 
 Conventional linear discretizations, including high-order schemes, often require prohibitively many degrees of freedom to resolve sharp, localized features, and the practical advantages of nonlinear, physics-informed representations over fixed linear spaces remain unclear. Here we introduce a compact nonlinear-manifold representation, based on Gaussian splatting, for solving partial differential equations with discontinuities and thin shear layers. Mobile, anisotropic Gaussian kernels are evolved or optimized to satisfy the governing equations: time-dependent problems through a projection-based scheme on the manifold, and steady forward and inverse problems through direct residual minimization. The representation offers closed-form spatial derivatives and a highly compact description of sharp features. Across smooth, shock-dominated and shear-layer benchmarks, it attains accuracy comparable to classical solvers for smooth flows while remaining markedly more compact in strongly nonlinear regimes, and it displays an approximate error invariance as the Reynolds number increases—departing from the error accumulation inherent to linear representations. Simulating shocks and thin shear layers typically requires extremely fine computational grids. Here, the authors adapt mobile, stretchable Gaussian kernels originally developed in computer graphics to directly satisfy the governing equations, enabling sharp features to be captured with far fewer parameters than conventional numerical or neural-network-based solvers."
10.1038/s41467-026-76669-z,False,Nature Communications,该论文的主题是关于RNA碱基编辑技术，与大气环境遥感技术（如空气质量监测、卫星观测、大气成分分析、气溶胶反演）无关。,[],Wenjian Han;Bo Yuan;Xiaojuan Fan;Weike Li;Yiting Yuan;Yuefang Zhang;Shu Wang;Shifang Shan;Markus Hafner;Zefeng Wang;Zilong Qiu,Author Correction: Effective in vivo RNA base editing via engineered cytidine deaminase APOBECs fused with PUF proteins,"Author Correction: Effective in vivo RNA base editing via engineered cytidine deaminase APOBECs fused with PUF proteins 
 "
10.1038/s41467-026-76646-6,False,Nature Communications,该论文的主题是利用无接触无线电监测和知识迁移来检测心房颤动，与大气环境遥感技术（如空气质量监测、卫星观测、大气成分分析、气溶胶反演）无关。,"['atrial fibrillation', 'contactless radio monitoring', 'knowledge transfer']",Yuqin Yuan;Jinbo Chen;Dongheng Zhang;Ruixu Geng;Hanqin Gong;Guixin Xu;Yu Pu;Zhi Lu;Yang Hu;Dong Zhang;Likun Ma;Qibin Sun;Yan Chen,Author Correction: Atrial fibrillation detection via contactless radio monitoring and knowledge transfer,"Author Correction: Atrial fibrillation detection via contactless radio monitoring and knowledge transfer 
 "
10.1038/s41467-026-75312-1,False,Nature Communications,该论文主要研究转座子在真核生物进化中的作用，涉及遗传学和生物学领域，与大气环境遥感技术（如空气质量监测、卫星观测、大气成分分析、气溶胶反演）无关。,[],Nicholas G. Davies;J. Arvid Ågren;Kevin R. Foster,"Cooperation, competition and enforcement in transposon evolution","Transposons are genetic parasites that have had far-reaching effects on eukaryotic evolution. This modelling study shows that host defences against transposon activity are necessary to prevent species extinction. 
 Transposons are powerful drivers of genome evolution, but we lack a clear understanding of how these selfish genetic elements evolve and co-evolve with their hosts. Here, we develop a new general model of transposon–host co-evolution that incorporates key details of transposon and host biology. Our model reveals that the way that transposons replicate is critical for their evolutionary prognosis. Publicly-replicating transposons (such as DNA transposons), which cooperatively share their replication machinery, are predicted to be self-limiting. However, privately-replicating transposons (such as long interspersed nuclear elements, or LINEs), which do not replicate cooperatively, are under continual selection to increase their duplication rate even to the point of host extinction, a so-called tragedy of the commons. Neither selection against transposons’ deleterious effects nor exploitation by parasitic elements is sufficient to prevent host extinction. Instead, our analysis shows that only active suppression by hosts avoids population collapse. In particular, suppression must act post-transcriptionally in order to prevent continuous escalation of the transposon–host genetic conflict. We argue that only with host enforcement of transposons can complex life exist. Transposons are genetic parasites that have had far-reaching effects on eukaryotic evolution. This modelling study shows that host defences against transposon activity are necessary to prevent species extinction."
10.1038/s41467-026-76680-4,False,Nature Communications,该论文研究的是SARS-CoV-2 Omicron变种中刺突蛋白的突变对病毒感染和传播的影响，与大气环境遥感技术（如空气质量监测、卫星观测、大气成分分析、气溶胶反演等）无关。,[],Michelle N. Vu;R. Elias Alvarado;Dorothea R. Morris;Kumari G. Lokugamage;Yiyang Zhou;Angelica L. Morgan;Yani P. Ahearn;Nicholas C. Hazell;Leah K. Estes;Alyssa M. McLeland;Craig Schindewolf;Jessica A. Plante;William M. Meyers;Jordan T. Murray;Patricia A. Crocquet-Valdes;Scott C. Weaver;Mehul S. Suthar;David H. Walker;William K. Russell;Andrew L. Routh;Haitao Hu;Kenneth S. Plante;Vineet D. Menachery,Loss-of-function mutation in Omicron variants reduces spike protein expression and attenuates SARS-CoV-2 infection,"Spike mutations in SARS-CoV-2 Omicron variants impact vaccine-mediated protection. In this study, the authors identify mutations that also alter spike cleavage and virus entry and that these Omicron mutations reshape both pathogenesis and transmission outcomes. 
 SARS-CoV-2 Omicron variants emerged in 2022 with >30 novel mutations in the spike alone. While most studies focus on receptor binding domain changes, mutations in the C-terminus of S1 (CTS1), adjacent to the furin cleavage site, have largely been ignored. Here, we examine three Omicron mutations in CTS1: H655Y, N679K, and P681H. Generating a SARS-CoV-2 triple mutant (YKH), we find that the mutant increases spike processing, consistent with prior reports for H655Y/P681H. In addition, the YKH mutant induces attenuated disease, but augments viral loads in male golden Syrian hamsters. Next, we generate a single N679K mutant, finding it reduces viral replication in Calu3 human respiratory cells and induces less disease in male golden Syrian hamsters. Mechanistically, the N679K mutant has increased spike processing but also reduces spike in purified virions; spike decreases are further exacerbated in infected Calu3 cell lysates. Importantly, exogenous spike expression reveals that N679K reduces overall spike protein in the context of the epidemic strain. Although a loss-of-function mutation, transmission competition demonstrates that N679K confers a replication advantage in the upper airway, potentially impacting transmissibility. Together, the data show that N679K reduces overall spike protein during Omicron infection, which has implications for infection, immunity, and transmission. Spike mutations in SARS-CoV-2 Omicron variants impact vaccine-mediated protection. In this study, the authors identify mutations that also alter spike cleavage and virus entry and that these Omicron mutations reshape both pathogenesis and transmission outcomes."
10.1038/s41893-026-01926-4,False,Nature Sustainability,该论文标题和摘要与大气环境遥感技术（如空气质量监测、卫星观测、大气成分分析、气溶胶反演）无关，而是关于北方森林砍伐后的生物多样性恢复问题。,[],S. Ellen Macdonald;Anne C. S. McIntosh;Selena Schut;Samuel Bartels;Seung-Il Lee;Elvira Baisheva;Jeff Battigelli;Erin Bayne;Yves Bergeron;Mathieu Bouchard;Brendan Casey;Mats Dynesius;I. Tanya Handa;Joakim Hjältén;Kristoffer Hylander;Matti Koivula;Jari Kouki;Therese Löfroth;Asko Lõhmus;Anders Nielsen;Sonya Odsen;Manuela Panzacchi;Jaime Pinzon;Peter B. Reich;Pavel Shirokikh;Ekaterina Shorohova;Ilkka Vanha-Majamaa;Lisa Venier;Tim Work;Linhao Wu,Author Correction: Biodiversity recovery is slow following clear-cut harvest of boreal forests,"Author Correction: Biodiversity recovery is slow following clear-cut harvest of boreal forests 
 "
10.1038/s43247-026-03918-w,False,Communications Earth & Environment,该论文主要研究北美洲全新世火制因气候变化、生态环境和人类活动的影响，虽然涉及大气环境中的火灾现象，但并未直接涉及大气环境遥感技术，如空气质量监测、卫星观测、大气成分分析或气溶胶反演等。,"['charcoal records', 'archaeological data', 'fire regimes']",Alexandra Tsalickis;Richard S. Vachula;Ambarish V. Karmalkar;Nicholas L. Balascio,Human climatic and ecological drivers of Holocene fire regimes in North America,"Anthropogenic activity such as population growth and vegetation shifts accelerated climate-driven wildfires in North America as early as 6,500 years ago according to an integration of 140 charcoal records with archaeological data. Primary Handling Editors: Yiming Wang, Mengjie Wang and Nikita Kaushal. 
 Understanding Holocene scale fire history across North America is critical for disentangling climatic, ecological, and anthropogenic influences on fire activity. However, subcontinental fire histories remain coarsely resolved and mechanisms controlling fire dynamics are underexplored. We compiled 140 Holocene-length (12,000 years) charcoal records using a systematic database search and subsequent sensitivity analysis, comparing ecoregion-scale spatiotemporal variations with reconstructed climate parameters, global CO2 emissions, ecological productivity, and human landscape impacts to evaluate the dominant drivers of fire activity over time. Notably, we implement a novel comparison of fire history data to taphonomically-corrected archaeological data, cultural practices, and climate-human feedbacks. Results indicate that temperature, emissions, vegetation, and human impacts each drove Holocene fire activity across subcontinental North America. Furthermore, our findings suggest humans began altering fire activity as early as 6,500 cal yr BP; much earlier than previous estimates. These findings demonstrate that anthropogenic changes (i.e., population growth and fossil fuel emissions) intensify climate-related fire activity, underscoring the urgent need for resilient fire management strategies that integrate ecology and human-environment interactions. Anthropogenic activity such as population growth and vegetation shifts accelerated climate-driven wildfires in North America as early as 6,500 years ago according to an integration of 140 charcoal records with archaeological data. Primary Handling Editors: Yiming Wang, Mengjie Wang and Nikita Kaushal."
10.1038/s43247-026-03916-y,True,Communications Earth & Environment,该论文研究了土壤中微塑料的行为及其对环境的影响，涉及土壤-微塑料界面性质的改变，这可以与大气环境遥感技术中的空气质量监测和污染物传输研究相关联。虽然主要关注土壤环境，但其研究内容与环境污染物的行为和动态变化有关，间接与大气环境遥感技术相关。,"['微塑料', '土壤', '界面性质', '水动力学', '环境监测']",Nasrollah Sepehrnia;Behrooz Azimzadeh;Laura Charlton;Hernán Barrio-Zhang;Paul. D. Hallett;Cecile Gubry-Rangin;Yukie Tanino;Glen McHale;Carmen. Enid Martínez,Soil-plastisphere interfacial properties enable decoding microplastics behaviour in the environment,"Within the soil-plastisphere, adhesion forces declined up to 85% and microplastic surfaces became less hydrophobic, altering soil wettability and interaction energies, according to macro- and molecular-scale measurements on soils amended with polypropylene and polyethylene fibres under controlled incubation conditions. 
 The plastisphere extends from microplastic surfaces into a zone of surrounding soil particles. The microbial processes are studied, but the physical drivers and effects on water dynamics remain elusive. This study reveals changes in adhesion forces and interfacial properties within the plastisphere. Samples amended with polypropylene and polyethylene fibres were incubated for three and six months. Spatial measurements of the plastisphere observed lower rates of contact angle increases compared to bulk soil. Surface adhesion forces, determined by atomic force microscopy, declined by 85% for polypropylene and 30% for polyethylene. Substantial surface transformations occurred with oxygen-containing functional groups emerging on microplastics, leading to reduced hydrophobicity in contrast to increasing hydrophobicity of the bulk soil and the soil-plastisphere. These findings demonstrate the relationship between microplastic degradation and modifications in soil wettability and strength, coupled with alterations in soil and microplastic surface interaction energies. Such changes can significantly influence soil health by altering the dynamics of contaminant transport, retention, and release. Within the soil-plastisphere, adhesion forces declined up to 85% and microplastic surfaces became less hydrophobic, altering soil wettability and interaction energies, according to macro- and molecular-scale measurements on soils amended with polypropylene and polyethylene fibres under controlled incubation conditions."
10.1038/s43247-026-03852-x,True,Communications Earth & Environment,该研究探讨了未来海上风电场对西北欧沿海降水的影响，涉及大气环境变化和气候模式模拟，与大气环境遥感技术（如大气成分分析、气候监测）密切相关。,"['offshore wind farms', 'coastal precipitation', 'atmospheric climate modeling']",Naveed Akhtar;Alberto Elizalde;Beate Geyer;Corinna Schrum,Projected impacts of future offshore wind farms on coastal precipitation over the Northwest European shelf,"Large scale offshore wind may reduce coastal precipitation by 10–15 percent and wind speeds by 2–3 meters per second while increasing rainfall over farms, according to decade long simulations of scenarios for 2023 to beyond 2050 across the Northwest European Shelf and Baltic Sea. 
 Offshore wind energy plays a central role in reaching the European Green Deal target of a climate-neutral Europe by 2050. In this study, we simulate offshore wind development for 2023, 2030, and beyond 2050 across the Northwest-European Shelf, using various turbine sizes over a 10-year period, an approach not previously undertaken. For the post-2050 scenario, we assess the maximum potential deployment within all currently identified development zones in North Sea countries. Results indicate that large-scale offshore wind farm expansion can reduce surface wind speeds by up to 2–3 m s⁻¹. Notably for post-2050 scenario, precipitation decreases by 10–12% in coastal regions of Germany, the Netherlands, and the United Kingdom, and by more than 15% in parts of Jutland, Denmark, particularly under south-westerly winds. Conversely, precipitation increases over the wind farm areas. These findings suggest that extensive offshore wind deployment may significantly alter regional climate patterns, highlighting the need for further multi-model investigations to reduce uncertainty. Large scale offshore wind may reduce coastal precipitation by 10–15 percent and wind speeds by 2–3 meters per second while increasing rainfall over farms, according to decade long simulations of scenarios for 2023 to beyond 2050 across the Northwest European Shelf and Baltic Sea."
None,True,Remote Sensing of Environment,该论文使用Landsat卫星获取的地表温度数据来推导生物热变量，应用于生物多样性研究。虽然主要关注生物多样性，但Landsat卫星和地表温度数据是大气环境遥感技术的重要组成部分，因此与大气环境遥感技术有较强的相关性。,"['Landsat', 'surface temperature', 'biodiversity']",Eduarda M.O. Silveira;Anna M. Pidgeon;Volker C. Radeloff,The BioThermal variables derived from Landsat surface temperature data for biodiversity applications,
None,True,Remote Sensing of Environment,该论文与大气环境遥感技术密切相关，因为它是通过改进城市热异质性模型中的热点模拟来研究城市热辐射和温度分布的。这涉及到遥感技术中的热红外成像和大气参数反演，与空气质量监测和大气成分分析相关。,"['urban thermal anisotropy', 'hotspot simulation', 'physically-based shadow kernel']",Dandan Wang;James A. Voogt;Lu Jiang;Xinyang Liu;Qiyao Li;Huihui Xu;Zhenyuan Zhu;Yunhao Chen,A revised physically-based shadow kernel for improved hotspot simulation in urban thermal anisotropy models,
None,True,Remote Sensing of Environment,该论文研究了一种自适应大气校正方法，用于处理高分辨率卫星图像，利用Landsat数据集中的伪不变特征。这直接与大气环境遥感技术相关，特别是卫星观测和大气成分分析领域。,"['atmospheric correction', 'Landsat', 'satellite imagery', 'pseudo-invariant features']",Wenchang Li;Tao He,LAPAC: A self-adaptive atmospheric correction method for fine-resolution satellite imagery using pseudo-invariant features from Landsat archive,
None,True,Remote Sensing of Environment,该论文使用Sentinel-2卫星观测数据来绘制加勒比海区域的Sargassum海藻，属于利用卫星遥感技术进行环境监测的范畴，因此与大气环境遥感技术（如空气质量监测、卫星观测、大气成分分析、气溶胶反演）密切相关。,"['Sentinel-2', 'Sargassum', 'satellite observations']",Junnan Jiao;Chuanmin Hu;Brian B. Barnes,Maximizing the potential of Sentinel-2 satellite observations in mapping <em>Sargassum</em> seaweed in the Wider Caribbean Region,
None,True,Remote Sensing of Environment,该论文的标题和摘要都涉及高分辨率合成孔径雷达（SAR）图像匹配技术，特别是C/S波段，以及通过伪模态生成和频谱-空间学习相结合的方法。SAR技术是大气环境遥感的重要组成部分，用于监测地表和大气层的各种现象，如云、气溶胶和污染物分布。因此，该论文与大气环境遥感技术（如空气质量监测和卫星观测）高度相关。,"['SAR image matching', 'C/S-band', 'pseudo-modality generation', 'spectrum-spatial learning']",Mingyang Song;Hong Zhang;Yukun Fan;Lu Tian;Yuzhou Liu;Yazhe Xie;Yinhaibing Ding,A robust method for high-resolution C/S-band SAR image matching via pseudo-modality generation and coupled spectrum-spatial learning,
None,False,Remote Sensing of Environment,该论文的主题是湿地划分，使用基于湿度的动态框架，与大气环境遥感技术（如空气质量监测、卫星观测、大气成分分析、气溶胶检索）没有直接关联。,"['wetland delineation', 'wetness-based', 'dynamic framework']",Yang Li;Nandin-Erdene Tsendbazar;Kirsten de Beurs;Lassi Päkkilä;Lammert Kooistra,"A weakly supervised, wetness-based dynamic framework for wetland delineation across globally distributed sites",
None,True,Remote Sensing of Environment,该论文使用卫星遥感技术监测全球极端下午光合作用下降，涉及大气环境监测和卫星观测，与大气环境遥感技术密切相关。,"['satellite-based', 'GPP', 'photosynthesis depression']",Jingyu Lin;Xing Li;Xiaojun Li;Xuanlong Ma;Lei Fan;Sadegh Ranjbar;Jing M. Chen,"Tracking global extreme afternoon photosynthesis depression: Frequency, duration, and drivers from satellite-based hourly GPP products",
None,True,Remote Sensing of Environment,该论文标题和摘要明确涉及从PACE SPEXone多角度偏振仪器中集成气溶胶和海洋色 Retrieval，这与大气环境遥感技术（如空气质量监测、卫星观测、大气成分分析、气溶胶检索）密切相关。,"['PACE SPEXone', 'multi-angle polarimetry', 'aerosol retrieval', 'ocean color']",Meng Gao;Kamal Aryal;Peng-Wang Zhai;Kirk Knobelspiesse;Bryan Franz;Brian Cairns;Ivona Cetinić;Guangliang Fu;Otto Hasekamp;Amir Ibrahim;Andrew M. Sayer;P. Jeremy Werdell,Where sky meets sea: Integrated aerosol and ocean color retrieval from PACE SPEXone multi-angle polarimetry,
None,True,Remote Sensing of Environment,该论文研究的是高反射表面短波辐射的邻近效应量化方案，这与大气环境遥感技术中的大气成分分析和辐射传输密切相关，因此具有相关性。,"['shortwave radiation', 'reflective surfaces', 'adjacency effect']",Wanchun Leng;Tianxing Wang;Xuewei Yan;Huabing Huang;Husi Letu;Ziqian Zhang,A scheme to quantify the adjacency effect of shortwave radiation from highly reflective surfaces,
None,True,Remote Sensing of Environment,该研究涉及从太空测量多光谱土壤反射率，这属于遥感技术范畴，特别是大气环境遥感技术中的卫星观测和地表参数反演。研究内容与大气环境监测和大气组成分析有一定关联，尽管主要关注土壤反射率而非直接的大气污染物监测。,"['soil reflectance', 'space', 'spectro-temporal variability', 'continental-scale analysis']",Paul Karlshoefer;Christine Alewell;Pablo d’Angelo;Uta Heiden,Drivers of spectro-temporal variability in multi-spectral soil reflectance measured from space: A continental-scale analysis,
None,True,Remote Sensing of Environment,该论文研究了扩展MAIAC算法用于TROPOMI卫星的hyperspectral大气校正，特别是在植被区域的应用，这与大气环境遥感技术（如卫星观测、大气成分分析）密切相关。,"['MAIAC', 'hyperspectral', 'atmospheric correction', 'TROPOMI', 'vegetated regions']",Sujung Go;Alexei Lyapustin;Yujie Wang;Sergey Korkin;Weizhen Hou;Xiong Liu;Jhoon Kim,Extending the MAIAC algorithm for hyperspectral atmospheric correction of TROPOMI measurements: A case study over vegetated regions,
None,True,Remote Sensing of Environment,该论文研究了如何利用斜率自适应波形指标来减轻GEDI数据在区域地上生物量核算中受到的地面效应影响。GEDI是一种卫星遥感技术，用于从空间高度测量地球植被和地表特性，因此与大气环境遥感技术（如卫星观测、大气成分分析）密切相关。,"['GEDI', 'aboveground biomass', 'slope-adaptive waveform metrics']",Tianyu Yu;Wenjian Ni;Yunxiao Wang;Hao Tang;Zhiyu Zhang;Zhifeng Guo;Guoqing Sun,Mitigating terrain effects of GEDI data on regional accounting of aboveground biomass utilizing slope-adaptive waveform metrics,
None,False,Remote Sensing of Environment,该论文主要关注地表水范围映射，涉及SWOT卫星和Level-2高分辨率栅格水分数评估，与大气环境遥感技术（如空气质量监测、卫星观测、大气成分分析、气溶胶反演）关系不大。,"['SWOT', 'surface water extent mapping', 'Level-2 High-Rate Raster water fraction']",Maurício C.R. Cordeiro;Mohammad J. Tourian;Santiago Peña-Luque;Renato Prata de Moraes Frasson;Daniel Moreira;Fabrice Papa;Tati de Almeida,Assessing SWOT's capability for surface water extent mapping: An evaluation of Level-2 High-Rate Raster water fraction,
None,True,Remote Sensing of Environment,该论文与大气环境遥感技术密切相关，因为GEDI（全球数字高程仪）是一种用于测量森林高度和大气组成的卫星传感器，而森林高度数据是大气成分分析的重要输入。论文探讨了GEDI数据在生成全球森林高度图时的应用，这对于理解大气环境中的植被-大气相互作用至关重要。,"['GEDI', 'atmospheric composition', 'forest height maps', 'satellite observations']",Eugene Seo;Sean P. Healey;Zhiqiang Yang;John D. Armston;Ralph O. Dubayah;Simon Ilyushchenko;Tiago De Conto;Matthew G. Betts,Beyond RMSE: The GEDI imputed waveform product minimizes artificial homogeneity evident in existing global forest height maps,
None,True,Remote Sensing of Environment,该论文与大气环境遥感技术密切相关，因为它涉及USGS Landsat卫星数据，这是一种用于地表温度和发射率测量的遥感技术。这些数据对于空气质量监测、大气成分分析和气溶胶检索等应用至关重要。,"['USGS Landsat', 'surface temperature', 'emissivity product']",Saeed Arab;Chase Mueller;Christopher J. Crawford;Danika Wellington;Ray Dittmeier;Glynn Hulley;Aaron Gerace;Calli Jenkerson;Simon Hook;Amirhossein Hassanzadeh;Rehman Eon;Cody Anderson;Pat Scaramuzza;Frank M. Göttsche,Enhancements to the USGS Landsat Level 2 surface temperature and emissivity product for Collection 3 reprocessing,
None,False,Remote Sensing of Environment,该论文主要关注使用GRACE数据监测中国洪水易发地区，与大气环境遥感技术（如空气质量监测、卫星观测、大气成分分析、气溶胶反演等）相关性较低。,"['GRACE', 'flood-prone region', 'China']",Wei Ren;Yuyue Xu;Yubo Zhang;Shuang Luo;Jianli Chen;Chang-Qing Ke,An enhanced GRACE-based index for nationwide flood-prone region monitoring in China from 2003 to 2022,
None,True,Remote Sensing of Environment,该论文与大气环境遥感技术相关，因为它涉及从亚米分辨率光学影像中利用深度学习技术提取森林生物量。这属于大气环境监测和遥感应用领域，特别是植被和地表参数遥感反演。,"['biomass', 'optical imagery', 'deep learning']",Sizhuo Li;Martin Brandt;Xiaoye Tong;Stefan Oehmcke;Christian Igel;Florian Reiner;Fabian Gieseke;Thomas Nord-Larsen;Rasmus Fensholt;Jerome Chave;Philippe Ciais,Deep learning tree and forest biomass from sub-meter resolution optical imagery,
None,True,Remote Sensing of Environment,该论文标题和摘要明确涉及遥感图像处理技术，特别是时空交叉注意力机制和Transformer模型，这与大气环境遥感技术密切相关，例如空气质量监测和卫星观测。因此，该论文与大气环境遥感技术强相关。,"['remote sensing images', 'transformer', 'spatio-temporal cross attention']",Jun Li;Xiaowei He;Yantai Yang;Qinghong Sheng;Zhaocong Wu;Bo Wang;Xiao Ling;Xiang Liu;Yu Liu;Fan Gao;Libo Wang;Matthieu Molinier,STCAFormer: Spatio-temporal cross attention based transformer for fusion of remote sensing images,
None,True,Remote Sensing of Environment,该论文研究了不同有效散射反照率和土壤粗糙度参数化方案对SMAP土壤湿度和L-VOD反演的影响，涉及卫星观测和土壤水分监测，与大气环境遥感技术（如土壤湿度监测和卫星反演）密切相关。,"['SMAP', 'soil moisture', 'L-VOD retrieval', 'scattering albedo', 'soil roughness parameterization']",Yao Xiao;Xiaojun Li;Lei Fan;Andress Colliander;Ardeshir Ebtehaj;Jian Peng;Frédéric Frappart;Lanka Karthikeyan;Wei Zhao;Gabrielle De Lannoy;Patricia de Rosnay;Zanpin Xing;Mengjia Wang;Xiangzhuo Liu;Pariha Helili;Preethi Konkathi;Jean-Pierre Wigneron,Global comparison of different effective scattering albedo and soil roughness parameterization schemes for SMAP soil moisture and L-VOD retrieval,
None,True,Remote Sensing of Environment,该论文研究了水稻叶片病原体感染如何改变辐射传输模型反演的谱-生化关系，涉及了光谱分析和生化特性，这与大气环境遥感技术（如卫星观测和大气成分分析）密切相关。,"['radiative transfer model', 'spectral–biochemical relationships', 'atmospheric remote sensing']",Long Tian;Susan L. Ustin;Yuanyuan Kong;Bowen Xue;Pablo J. Zarco-Tejada;Chongya Jiang;Xia Yao;Yufang Jin;Yan Zhu;Weixing Cao;Tao Cheng,Rice leaf pathogen infection alters the spectral–biochemical relationships revealed by radiative transfer model inversion,
None,True,Remote Sensing of Environment,该论文研究利用GNSS-T技术监测欧洲山毛榉森林的生态水文过程，评估不同系统和频段特性对解析时间体积含水量（VOD）动态的影响。虽然主要关注生态水文监测，但VOD（体积含水量）与大气环境遥感技术中的水汽和气溶胶 retrieval 相关，因此与大气环境遥感技术有较强的关联性。,"['GNSS–T', 'ecohydrological monitoring', 'VOD dynamics']",Nicolas François Bader;Ruxandra-Maria Zotta;Eugenio Diaz-Pines;Gregor Möller;Walter Loderer;Thomas Kager;Wouter Dorigo,GNSS–T for ecohydrological monitoring of a european beech forest: Assessing different system and band characteristics for resolving temporal VOD dynamics,
None,False,Remote Sensing of Environment,"该论文主要关注的是叶片面积指数（Leaf Area Index, LAI）的时间序列重建，使用多尺度时空张量插补技术。虽然LAI是生态和环境科学中的重要指标，但它与大气环境遥感技术（如空气质量监测、卫星观测、大气成分分析、气溶胶反演等）的直接关联性较弱。因此，该论文与大气环境遥感技术的相关性不强。","['leaf area index', 'spatiotemporal tensor imputation', 'global reconstruction']",Xinpei Yu;Kai Yan;Jiabin Pu;Jinxiu Liu;Jin Wu;Alexander J.Winkler;Qiao Wang,MUSTI: Multi-scale spatiotemporal tensor imputation for global leaf area index time series reconstruction,
None,True,Remote Sensing of Environment,该论文与大气环境遥感技术相关，因为它涉及使用卫星传感器（MERIS）来估算叶绿素含量，这是一种通过遥感技术监测植物健康和环境质量的方法。,"['MERIS', 'chlorophyll index', 'leaf chlorophyll content']",Runfei Zhang;Peiqi Yang,cscMTCI: A soil and structure corrected MERIS terrestrial chlorophyll index for improving leaf chlorophyll content estimation,
None,True,Remote Sensing of Environment,该论文标题和摘要明确涉及地表土壤湿度反演，使用散射模型和深度迁移学习技术，与大气环境遥感技术中的土壤湿度监测相关，属于遥感应用领域。,"['surface soil moisture retrieval', 'deep transfer learning', 'scattering model']",Zuo Wang;Jianhui Chen;Jiangyuan Zeng;Chang Huang;Lisheng Song;Yingying Chen;Liujun Zhu,A scattering model-informed deep transfer learning framework for surface soil moisture retrieval,
None,True,Remote Sensing of Environment,该论文研究从卫星影像中获取水稻叶绿素含量的技术，涉及卫星观测和遥感技术，与大气环境遥感技术（如空气质量监测、卫星观测、大气成分分析、气溶胶反演）密切相关，因此判断为强相关。,"['satellite imagery', 'chlorophyll retrieval', 'RiceGORT', 'row structure', 'satellite observations']",Haoran Sun;Hifza Mariam;Junnan She;Ming Chen;Dong Li;Chongya Jiang;Xia Yao;Iftikhar Ali;Yan Zhu;Weixing Cao;Tao Cheng,Breaking barriers in rice chlorophyll retrieval from satellite imagery: Mitigating row structure and saturation effects via RiceGORT and chlorophyll sensitivity enhancement,
None,True,Remote Sensing of Environment,该论文研究从SMAP L波段辐射计在降雨条件下获取海表盐度，涉及遥感技术和大气环境监测，与大气环境遥感技术（如卫星观测、大气组成分析）密切相关。,"['sea surface salinity', 'SMAP L-band radiometry', 'rainfall conditions']",Xuchen Jin;Xianqiang He;Yan Bai;Yilei Wang;Lizhang Zhou;Shujie Yu;Teng Li;Fang Gong;Delu Pan,Retrieval of sea surface salinity from SMAP L-band radiometry under rainfall conditions,
None,True,Remote Sensing of Environment,该论文研究的是通过校正地球静止卫星的地理位置偏差来提高短波辐射产品的精度。这直接与大气环境遥感技术相关，特别是卫星观测和辐射传输分析，因为短波辐射是大气成分和空气质量监测的重要参数。,"['geostationary satellite', 'shortwave radiation', 'geolocation displacement']",Wangkang She;Changkun Shao;Wenjun Tang;Guopeng Zhu;Zengqiang Pang;Tongfei Liu;Shuibao Liang;Kun Yang,Substantial improvement of geostationary satellite-derived shortwave radiation product through correcting geolocation displacement,
None,True,Remote Sensing of Environment,该论文研究了如何通过融合Landsat和Sentinel-2卫星观测数据与近地表PhenoCam时间序列来增强美国西部干旱地区地表物候的检测。虽然主要关注点在于物候监测，但使用了卫星观测技术，这与大气环境遥感技术（如卫星观测和地表参数反演）密切相关。因此，该论文与大气环境遥感技术具有相关性。,"['Landsat', 'Sentinel-2', 'PhenoCam', 'land surface phenology', 'drylands']",Yuxia Liu;Xiaoyang Zhang;Yu Shen;Yongchang Ye;Shuai An,Enhanced land surface phenology detections in the western U.S. drylands by fusing harmonized Landsat and Sentinel-2 observations with near-surface PhenoCam time series,
None,True,Remote Sensing of Environment,该论文研究了Sentinel 2卫星数据在热带森林地区的归一化处理，涉及BRDF调整反射率，这与大气环境遥感技术中的卫星观测和大气成分分析密切相关，因此高度相关。,"['Sentinel 2', 'BRDF adjusted reflectance', 'tropical forests']",Pierre Ploton;Gaëlle Viennois;Florian de Boissieu;Erik Lindquist;Jean-Baptiste Féret;Daniel Wiell;Hervé Poilvé;Pierre Couteron;Raphaël Pélissier;Nicolas Barbier,Normalization of Sentinel 2 data over tropical forests to nadir BRDF adjusted reflectance,
None,True,Remote Sensing of Environment,该论文研究的是利用新型双角度植被指数和冠层垂直分布知识来提高果树疾病诊断的准确性，涉及遥感技术在植被监测中的应用，与大气环境遥感技术中的空气质量监测、卫星观测等领域有相关性。,"['vegetation index', 'canopy vertical distribution', 'remote sensing']",Wenjie Zhang;Guijun Yang;Xinlian Liang;Xiaohong Liu;Jianbo Qi;Hao Yang;Haikuan Feng;Bo Li;Changyuan Zhai;Baoguo Wu;Xiaohui Su;Liping Chen;Chunjiang Zhao,Toward accurate disease diagnosis of fruit trees: Integrating a novel dual-angle vegetation index with canopy vertical distribution knowledge,
None,False,Remote Sensing of Environment,该论文主要关注的是三维森林地图的绘制，涉及自监督学习和迁移学习等技术，但与大气环境遥感技术（如空气质量监测、卫星观测、大气成分分析、气溶胶反演等）没有直接关联。,"['3D forest mapping', 'self-supervised learning', 'transfer learning']",Aldino Rizaldy;Fabian Ewald Fassnacht;Ahmed Jamal Afifi;Hua Jiang;Richard Gloaguen;Pedram Ghamisi,"Label-efficient 3D forest mapping: Self-supervised and transfer learning for instance segmentation, semantic segmentation, and species classification",
None,True,Remote Sensing of Environment,该论文研究如何利用单一卫星图像通过光谱语义图推理进行多灾害检测，这与大气环境遥感技术中的卫星观测、图像分析和灾害监测密切相关，因此是相关的。,"['single satellite imagery', 'spectral-semantic graph reasoning', 'multi-hazard detection']",Wei Ao;Zhi Gao;Boan Chen;Xinyu Gong;Yuyang Zhai;Ziyao Li;Qiao Wang,Towards efficient multi-hazard detection from single satellite imagery via spectral-semantic graph reasoning,
None,True,Remote Sensing of Environment,该论文标题和摘要明确涉及海洋表面风迹的光学遥感技术，包括风向和风浪的检索。这与大气环境遥感技术中的空气质量和大气成分监测相关，因为海洋表面的风迹和风浪是大气环境的重要参数，可以通过遥感技术进行监测和分析。,"['sea surface wind streaks', 'wind directions', 'wind waves']",Lifeng Wang;Yingcheng Lu;Chuanmin Hu,Optical remote sensing of sea surface wind streaks: Retrievals of wind directions and wind waves,
None,True,Remote Sensing of Environment,该论文研究了利用ICESat-2和Sentinel-1/2卫星数据，通过水力学几何信息驱动的泄洪检索算法来估算未测量流域的径流量，这属于遥感技术在水文监测中的应用，与大气环境遥感技术（如卫星观测、大气成分分析）有一定关联，但主要关注点是水文领域。,"['ICESat-2', 'Sentinel-1/2', 'discharge retrieval algorithm']",Ziting Chen;Yonghong Yi;Huimin Lei;Jijun Xu;Li Liu;Lachun Wang;Chongyu Xu,A hydraulic-geometry informed discharge retrieval algorithm for ungauged basins using ICESat-2 and Sentinel-1/2: Application to Qinghai-Tibet Plateau,
None,True,Remote Sensing of Environment,该论文标题和摘要涉及森林冠层反射率与叶片密度的关系，这直接关联到大气环境遥感技术中的空气质量监测和大气成分分析，因为冠层反射率是遥感技术中常用的参数，用于反演大气成分和污染物分布。,"['canopy reflectance', 'leaf density', 'atmospheric composition']",Abdelaziz Kallel;Yingjie Wang;Jean Philippe Gastellu-Etchegorry,Derivative of canopy reflectance with respect to leaf density: A probabilistic rendering framework,
None,True,Remote Sensing of Environment,该论文使用多时相InSAR技术揭示高填方运河的细尺度变形模式和机制，InSAR是一种利用卫星观测数据进行地表形变监测的技术，属于大气环境遥感技术范畴，特别是与地表形变监测和卫星遥感相关。,"['InSAR', 'multi-temporal', 'canals', 'deformation', 'satellite observations']",Nan Wang;Yanru Yu;Haocheng Li;Jie Dong;Mingsheng Liao,Fine-scale deformation pattern and mechanism of high-fill canals revealed by multi-temporal InSAR,
None,False,International Journal of Applied Earth Observation and Geoinformation,该论文主要关注的是使用物理散射引导的先验增强Mamba模型在复杂背景下生成高保真SAR船舶图像的技术，这与大气环境遥感技术（如空气质量监测、卫星观测、大气成分分析、气溶胶反演）没有直接关系。,"['SAR', 'scattering', 'Mamba model']",Moran Ju;Changqi Wang;Si-Nian Jin,A physical Scattering-Guided Prior-Enhanced Mamba model for high-fidelity SAR ship generation in complex backgrounds,
None,True,International Journal of Applied Earth Observation and Geoinformation,该论文使用了无人机RGB和高光谱图像进行土豆植物病害检测，涉及遥感技术在农业领域的应用，属于大气环境遥感技术中的遥感图像处理和分析范畴，因此与大气环境遥感技术相关。,"['UAV RGB', 'hyperspectral imagery', 'potato plant disease detection']",Tianyi Jia;Magdalena Smigaj;Gert Kootstra;Lammert Kooistra,Deep spatial-spectral fusion of UAV RGB and hyperspectral imagery for potato plant disease detection,
None,True,International Journal of Applied Earth Observation and Geoinformation,该论文研究多角度TECIS数据在森林生物量估算中的应用，涉及遥感技术，与大气环境遥感技术（如卫星观测、大气成分分析）相关。,"['Multi-Angular TECIS', 'forest biomass estimation', 'atmospheric remote sensing']",Xuexia Sun;Xiaoyao Li;Bingxiang Tan;Fayun Wu;Yuxuan Liu;Shimei Xiong,Feature selection from Multi-Angular TECIS data for forest biomass estimation using a Model-driven sensitivity analysis approach,
None,False,International Journal of Applied Earth Observation and Geoinformation,该论文研究的是利用VIIRS夜间灯光数据量化地震引起的建筑物损坏，并使用深度学习进行区域验证，与大气环境遥感技术（如空气质量监测、卫星观测、大气成分分析、气溶胶反演等）没有直接关系。,"['VIIRS', 'nighttime lights', 'deep learning']",Hee-Su Joo;Seon-Gyu Kim;Jin-Hyeong Lee;Hyung-Sup Jung,Quantifying earthquake-induced building damage from VIIRS nighttime lights: A multi-scale framework with deep learning–based area validation,
None,False,International Journal of Applied Earth Observation and Geoinformation,该论文主要关注森林昆虫损害的预警模型，涉及时空先验知识和因子驱动建模，与大气环境遥感技术（如空气质量监测、卫星观测、大气成分分析、气溶胶反演等）相关性较弱。,"['forest insect damage', 'spatiotemporal prior knowledge', 'factor-driven modeling']",Haoyan Zhang;Shiming Li;Yaozhong Pan,Integrating spatiotemporal prior knowledge from co-segmented time-series into factor-driven modeling for forest insect damage warning,
None,False,International Journal of Applied Earth Observation and Geoinformation,该论文主要关注印度砖窑的分布和技术类型的时间分析，与大气环境遥感技术（如空气质量监测、卫星观测、大气成分分析、气溶胶反演等）没有直接关联。,"['brick kilns', 'India', 'distribution']",Sugandha Arora;Clément Goldmann;Stefan Oehmcke;Jan Pauls;Chuanlong Zhou;Abhinav Sharma;Kushal Tibrewal;Harish Phuleria;Fabian Gieseke;Philippe Ciais,Brick kilns across India: A temporal analysis of brick kiln distribution and technology types,
None,True,International Journal of Applied Earth Observation and Geoinformation,该论文标题和摘要表明其研究内容涉及使用多种地球观测数据（如卫星观测）来评估喀斯特干旱的传播，这与大气环境遥感技术（如卫星观测、数据分析和环境监测）密切相关。,"['Earth Observation', 'karst drought', 'multisource data']",Chengchang Tian;Qiuwen Zhou;Ze Yuan;Yuan Li;Igor Leščešen;Slobodan Gnjato;Pedro A.M. Leite,Global assessment of karst drought propagation from multisource Earth Observation: Epikarst-mediated rapid shallow coupling and delayed deep responses,
None,True,International Journal of Applied Earth Observation and Geoinformation,该论文研究了利用FY-3G多角度偏振观测进行全球云相监测，并结合多站点激光雷达验证了新MAPLE-CP框架。这直接与大气环境遥感技术相关，特别是云相监测和大气成分分析。,"['FY-3G', 'polarimetric observations', 'cloud phase monitoring', 'lidar validation']",Yaying Wang;Haofei Wang;Chuanfeng Zhao;Qiao Wang;Kun Jia;Jinlong Fan;Hang Lyu;Sijie Chen;Zhenping Yin;Xing Yan,Global cloud phase monitoring from FY-3G multi-angle polarimetric observations using the new MAPLE-CP framework with independent multi-site lidar validation,
None,True,International Journal of Applied Earth Observation and Geoinformation,该论文与大气环境遥感技术密切相关，因为它涉及空气温度的降尺度处理，而温度是大气环境监测的重要参数之一。降尺度技术通常用于提高遥感数据的空间分辨率，而体积保持插值预处理步骤则是一种常用的数据插值方法，确保数据在插值过程中保持体积一致性，这对于遥感数据的质量和准确性至关重要。,"['air temperature', 'downscaling', 'Volume-Preserving interpolation']",Zitong Wen;Lu Zhuo;Jiao Wang;Ahmed Abdelhalim;Ming Zhong;Dawei Han,Reducing grid artifacts in air temperature downscaling with a Volume-Preserving interpolation preprocessing step,
None,True,International Journal of Applied Earth Observation and Geoinformation,该论文与大气环境遥感技术高度相关，因为标题和摘要中明确提到了“气溶胶-云探测通道”以及“532 nm”的波长，这通常用于大气成分分析和空气质量监测。此外，论文还涉及“DQ-1/ACDL”卫星传感器和“线性拟合校准算法”，这些都是遥感技术中的关键技术和设备。,"['Aerosol-Cloud', '532 nm', 'DQ-1/ACDL', 'calibration algorithm']",Feiyue Mao;Chengen Li;Lin Zang;Zengxin Pan;Weiwei Xu;Ge Han;Xiuqing Hu;Weibiao Chen;Wei Gong,Linear-Fitting calibration algorithm for Aerosol-Cloud detection channels at 532 nm of the DQ-1/ACDL,
None,False,International Journal of Applied Earth Observation and Geoinformation,该论文研究的是利用高光谱数据和机器学习技术检测水稻白叶枯病，与大气环境遥感技术（如空气质量监测、卫星观测、大气成分分析、气溶胶反演）没有直接关系。,"['hyperspectral data', 'machine learning', 'rice disease']",Ziyi Wang;Roshanak Darvishzadeh;Nancy Castilla;Alice Laborte;Andrew Nelson,Early detection of rice bacterial leaf blight disease using canopy hyperspectral data and machine learning,
None,False,International Journal of Applied Earth Observation and Geoinformation,该论文标题和摘要涉及图Transformer决策框架和向量建筑数据更新，与大气环境遥感技术（如空气质量监测、卫星观测、大气成分分析、气溶胶反演）无关。,[],Yue Qiu;Fang Wu;Haizhong Qian;Jichong Yin;Xianyong Gong;Chengyi Liu;Hao Zhang;Rui Cao,V-BUILD: A graph Transformer-based decision framework for selective updating of vector building data,
None,True,International Journal of Applied Earth Observation and Geoinformation,该论文的标题和摘要都涉及地表煤矿的环境质量评估，这与大气环境遥感技术中的空气质量监测和大气成分分析有强相关性。特别是提到的“MiecoI”可能是一种新的遥感监测方法或技术，用于评估煤矿区的环境质量。,"['surface coal Mines', 'Eco-Environmental quality assessment', 'MiecoI']",Feiyue Li;Jun Li;Chengye Zhang;Han Zhang;Chuanying Peng;Lixia Liang;Jingyu Hao;Simit Raval,A new approach for comprehensive and spatiotemporally comparable Eco-Environmental quality assessment of surface coal Mines: MiecoI,
None,True,International Journal of Applied Earth Observation and Geoinformation,该论文使用Sentinel-2卫星图像进行谷物作物收获检测，涉及遥感技术中的卫星观测和图像分析，与大气环境遥感技术中的卫星观测和地表参数反演相关，因此是强相关的。,"['Sentinel-2 imagery', 'grain crop harvest detection', 'automated thresholding']",Kai Tang;Zeteng Li;Youzhi Zhang;Laigang Wang;Peng Yang;Bingwen Qiu;Xuehong Chen;Ruilin Chen;Jianlong Li;Jin Chen,A near-real-time and unsupervised framework for grain crop harvest detection using sentinel-2 imagery: the reaped index (RI) and automated thresholding,
None,False,International Journal of Applied Earth Observation and Geoinformation,该论文主要关注日本太阳能光伏发电的发展及其对生态环境的影响，涉及的是土地利用变化和生态问题，与大气环境遥感技术（如空气质量监测、卫星观测、大气成分分析、气溶胶反演等）没有直接关系。,"['solar photovoltaics', 'ecological implications', 'cropland to forest']",Shoki Shimada;Wataru Takeuchi;Kei Oyoshi,Corrigendum to “Spatiotemporal dynamics of solar photovoltaics development and ecological implications in Japan from cropland to forest” [Int. J. Appl. Earth Obs. Geoinf. 150 (2026) 105348],
None,False,International Journal of Applied Earth Observation and Geoinformation,该论文主要关注的是从单类标注的遥感数据集中对农田和乡村道路进行联合分割，虽然涉及到遥感技术，但其研究重点在于图像分割算法，而非大气环境遥感技术（如空气质量监测、卫星观测、大气成分分析或气溶胶反演）。,"['remote sensing', 'segmentation', 'farmland', 'rural roads']",Zhaoxiang Cao;Yuchun Huang;Yibo Zhou;Peng Zhou;Zhiqiang Qin;Shengyuan Zhang,A partially supervised joint segmentation method for farmland and rural roads from single-class annotated remote sensing datasets,
None,True,International Journal of Applied Earth Observation and Geoinformation,该论文研究了使用微卫星观测的 GNSS 反射计技术对 FYI-MYI 海冰类型进行分类，涉及卫星观测和大气成分分析，与大气环境遥感技术密切相关。,"['GNSS reflectometry', 'sea ice type classification', 'microsatellite observations']",Runchuan Li;Fei Guo;Wentao Yang;Weiqiang Li;Xiaohong Zhang;Estel Cardellach,Dual-polarization GNSS reflectometry for FYI–MYI sea ice type classification using microsatellite observations,
None,True,International Journal of Applied Earth Observation and Geoinformation,该论文使用HLS、LiDAR指标和GGP-GAM技术研究波兰云杉林的NDVI-林分结构关系，这涉及到森林结构和大气成分的分析，与大气环境遥感技术（如空气质量监测、卫星观测、大气成分分析、气溶胶反演）密切相关。,"['NDVI', 'LiDAR', 'atmospheric composition', 'scots pine forests', 'GGP-GAM']",Luiza Tymińska-Czabańska;Piotr Janiec;Michał Lupa;Vahid Nasiri;Franciszek Błaś;Adam Ziółkowski;Paweł Hawryło;Jarosław Socha,"Spatially varying NDVI–stand structure relationships in Scots pine forests across Poland using HLS, LiDAR metrics and GGP-GAM",
None,True,International Journal of Applied Earth Observation and Geoinformation,该论文研究了农业和城市扩张对全球干旱地区水文生态的影响，涉及空气质量、大气成分和气溶胶反演等与大气环境遥感技术相关的主题。,"['air quality', 'atmospheric composition', 'aerosol retrieval']",Ran Wang;Wei Zhou;Tao Lin;Zhe Hao;Shibin Zhang;Conghong Huang,Divergent ecohydrological impacts of agricultural and urban expansions across global drylands,
None,True,International Journal of Applied Earth Observation and Geoinformation,该论文使用Sentinel-2和ERA5-Land数据估算瑞典湖泊溶解有机碳，涉及地球观测技术和卫星遥感数据，与大气环境遥感技术中的卫星观测和水质监测相关，因此是强相关的。,"['Sentinel-2', 'ERA5-Land', 'dissolved organic carbon', 'Earth observation']",Xufeng Wei;Wenbo Xu;Lanhui Wang;Renkui Guo;Zheng Duan,An interpretable Earth observation framework for estimating lake dissolved organic carbon in Sweden using Sentinel-2 and ERA5-Land data,
None,False,International Journal of Applied Earth Observation and Geoinformation,该论文标题和摘要主要讨论虚拟现实（VR）城市建模中的细节保真度和层级细节（LOD）设计，与大气环境遥感技术（如空气质量监测、卫星观测、大气成分分析、气溶胶反演）无关。,[],Yunlei Su;Guosheng Yang;Wufan Zhao;Cai Wu,Beyond fidelity: Rethinking realism through human behavior in VR city modeling LOD design,
None,False,International Journal of Applied Earth Observation and Geoinformation,该论文研究的是从火星数据集中提取撞击坑的技术，与大气环境遥感技术（如空气质量监测、卫星观测、大气成分分析、气溶胶反演）无关。,"['impact craters', 'martian', 'bimodal dataset']",Chang Li;Haoyan Ma;Yi He;Zhizhong Kang,BQEL-Net: A bimodal quantitative ensemble learning network with uncertainty-aware for vectorized extraction of martian impact craters from bimodal catalogic-and-quantitative dataset (BCQDS),
None,True,International Journal of Applied Earth Observation and Geoinformation,该论文研究了融合高分辨率航空影像与Sentinel-1和Sentinel-2卫星时间序列数据以提高多年果园类型分类的方法。这涉及使用卫星技术（Sentinel系列卫星）和遥感技术（航空影像）进行地表覆盖分类，与大气环境遥感技术中的卫星观测和地表参数反演相关，因此与大气环境遥感技术（如卫星观测、地表参数反演）有一定关联。,"['Sentinel-1', 'Sentinel-2', 'aerial imagery', 'orchard classification', 'multi-year monitoring']",Lior Fine;Tarin Paz-Kagan;Offer Rozenstein,Fusing very high-resolution aerial imagery with Sentinel-1 and Sentinel-2 time series improves multi-year orchard type classification,
None,False,International Journal of Applied Earth Observation and Geoinformation,该论文主要关注的是对某种昆虫（Calliptamus italicus）的风险区域识别和分类，使用了遥感技术和集成建模方法，但并未涉及大气环境遥感技术相关的领域，如空气质量监测、卫星观测、大气成分分析或气溶胶反演等。,[],Junteng Luo;Liang Liu;Jianghua Zheng;Jun Lin;Wanqiang Han;Yang Yan;Jianhao Li;Feifei Zhang;Zhong Liang;Qige Qi,Identification and classification of risk zones for <em>Calliptamus italicus</em> based on remote sensing and ensemble modeling: considering population density and habitat suitability,
None,True,International Journal of Applied Earth Observation and Geoinformation,该论文标题和摘要明确涉及使用地球观测技术（如卫星观测）和机器学习技术来预测有害藻华，这属于大气环境遥感技术的一部分，特别是与海洋环境监测相关。,"['Earth Observation', 'Machine learning', 'harmful algal blooms', 'Arabian Gulf', 'Sea of Oman']",Kaltham A. Ismail;Roqaya A. Ismail;Mohammed Salim,Earth Observation–Based Machine learning for operational forecasting of harmful algal blooms in the Arabian Gulf and Sea of Oman,
None,True,International Journal of Applied Earth Observation and Geoinformation,该论文标题和摘要明确涉及GNSS-R（全球导航卫星系统后向散射探测技术）用于高风速检索，这属于大气环境遥感技术领域，特别是卫星观测和大气参数反演方面。,"['PLGF-NET', 'Physics-Guided', 'Local-Global fusion', 'GNSS-R', 'high wind speed retrieval']",Xinzhe Xu;Minfeng Song;Xiufeng He;Jinsheng Tu;Xiaolei Wang;Jinwen Zeng;Hao Yang;Wei Zhan,PLGF-NET: A Physics-Guided Local-Global fusion network for GNSS-R high wind speed retrieval,
None,False,International Journal of Applied Earth Observation and Geoinformation,该论文研究的是利用无人机时间序列数据结合基础模型分析苜蓿的生长和功能特征，主要关注的是农业和生态领域，与大气环境遥感技术（如空气质量监测、卫星观测、大气成分分析、气溶胶反演等）相关性较弱。,"['UAV', 'alfalfa', 'spatiotemporal', 'growth', 'functional characterization']",Tao Cheng;Zhangru Gao;Ziyu Ding;Dong Han;Yaling Liu;Ruopu Zan;Xinyuan He;Shibo Yang;Feng Yuan;Weibo Ren;Dongyan Zhang,DINO-Pheno-Cluster: Integrating few-shot foundation models and UAV time-series for spatiotemporal growth and functional characterization of alfalfa,
None,True,International Journal of Applied Earth Observation and Geoinformation,该论文研究了使用Landsat 8/9数据结合RF-XGBoost模型进行总氮反演的技术，属于大气环境遥感技术中的大气成分分析领域，因此与题目要求的相关性较高。,"['total nitrogen', 'Landsat 8/9', 'RF-XGBoost', 'atmospheric retrieval']",Yuanyuan Zhang;Shuanggen Jin,MFRXG: A multi-feature stacking ensemble RF-XGBoost model for total nitrogen retrieval in the Yellow River from Landsat 8/9 data,
None,True,International Journal of Applied Earth Observation and Geoinformation,该论文研究的是从单目遥感影像中估计高度的技术，涉及遥感影像处理和计算机视觉领域，与大气环境遥感技术中的空气质量和大气成分监测有一定关联，但主要关注的是高度估计而非直接的空气质量监测或成分分析。,"['monocular remote sensing imagery', 'height estimation', 'vision-language network']",Tao Zhang;Furong Shi;Yuanping Zhu;Xin Huang,HeightCLIP: A vision-language network for height estimation from monocular remote sensing imagery,
None,False,International Journal of Applied Earth Observation and Geoinformation,该论文标题和摘要主要关注城市数字孪生和环境敏感的移动性规划，与大气环境遥感技术（如空气质量监测、卫星观测、大气成分分析、气溶胶反演）没有直接关联。,[],Thomas Trabert;Elmar Brockfeld;Alexander Sohr;Kerstin Krellenberg;Jakob Erdmann;Xiaoxu Bei;Carsten Dalaff;Timo Houben;Jan Bumberger,Urban digital twin for environmentally sensitive mobility planning: conceptual framework and application in pilot region Leipzig,
None,True,International Journal of Applied Earth Observation and Geoinformation,该论文与大气环境遥感技术相关，因为其研究重点是利用SuperDove卫星检测负载物质的沙丘，并关注极端环境事件。这涉及到卫星观测和大气成分分析，属于遥感技术的范畴。,"['SuperDove satellite', 'matter-loaded windrows', 'environmental events']",Dimitris Papageorgiou;Stefano Aliani;Andrés Cózar;Konstantinos Topouzelis,SuperDove satellite detection of matter-loaded windrows with a focus on extreme environmental events,
None,True,International Journal of Applied Earth Observation and Geoinformation,该论文研究的是基于开源多模态数据和形态感知UDASS的屋顶植被制图框架，虽然不直接涉及大气环境遥感技术，但其研究对象（屋顶植被）和所用方法（遥感数据处理）与大气环境遥感技术（如空气质量监测、卫星观测）有间接关联，因为植被覆盖可影响城市热岛效应和空气质量。,"['roof vegetation mapping', 'open-source multimodal data', 'morphology-aware UDASS']",Jinhui Liu;Mi Zhang;Lina Tang;Guofan Shao;Huiwei Jiang;Xiangyun Hu;Yibing Xiong;Jiongwei Wang,A transferable framework for roof vegetation mapping across tropical cities based on open-source multimodal data and morphology-aware UDASS,
None,False,International Journal of Applied Earth Observation and Geoinformation,该论文标题和摘要内容主要涉及土壤适宜性评估，使用模糊熵-MAIRCA-TOPSIS框架进行可持续性评价，与大气环境遥感技术（如空气质量监测、卫星观测、大气成分分析、气溶胶检索）无关。,[],Karthik Subramani;Deva Nithyanandham;Felix Augustin;Saravanakumar Ramasamy;Ajeesh Puthusserry Paulose;Pandiyaraju V,An integrated picture fuzzy entropy–MAIRCA–TOPSIS framework for sustainable soil suitability evaluation,
None,True,International Journal of Applied Earth Observation and Geoinformation,该论文研究了利用多颗卫星平台在没有地面参考数据的情况下对阿根廷和巴西双季作物区进行玉米制图的方法。这涉及到利用卫星观测技术进行农业监测和作物分析，属于大气环境遥感技术的范畴，特别是卫星遥感在农业应用方面的研究。,"['maize mapping', 'satellite platforms', 'double-cropping regions']",Ryoungseob Kwon;Youngryel Ryu;Philippe Ciais;David Makowski;Changhyun Choi;Huaize Feng;Sungchan Jeong;Pengfei Tang;Kyungdo Lee,Enabling maize mapping in double-cropping regions of Argentina and Brazil without ground reference data by leveraging multiple satellite platforms,
None,False,International Journal of Applied Earth Observation and Geoinformation,该论文研究的是蝗虫栖息地的时空动态变化，涉及未来气候变化、植被生长和土地利用变化等环境因素，但不涉及大气环境遥感技术，如空气质量监测、卫星观测、大气成分分析或气溶胶反演等。,"['grasshopper habitats', 'climate projections', 'vegetation growth', 'land use change']",Jing Guo;Wenjiang Huang;Yingying Dong;Qiaoyun Xie;Guofei Fang;Fangzheng Yue;Kun Wang;Zhuoqing Hao;Yan Zhang;Xiangzhe Cheng;Yue Shi;Bing Zhang,"Spatiotemporal dynamics of grasshopper habitats under future climate projections, vegetation growth, and land use change",
None,True,International Journal of Applied Earth Observation and Geoinformation,该论文使用Sentinel-5 Precursor卫星数据来量化大型煤矿的甲烷排放，并结合高斯烟羽模型进行分析。这直接涉及大气环境遥感技术，特别是大气成分分析和空气质量的监测。,"['methane', 'Sentinel-5 Precursor', 'Gaussian plume model']",Yuanyuan Chen;Yi Li;Lixia Tan;Yufan Qian;Shuangxi Fang,Quantifying methane emissions from large coal mine using Sentinel-5 Precursor satellite data and Gaussian plume model,
None,True,International Journal of Applied Earth Observation and Geoinformation,该论文标题和摘要中提到的“光谱解混”和“场景感知深度先验”技术与大气环境遥感技术密切相关，特别是在卫星观测和大气成分分析方面，这些技术可用于解析大气中的气体和颗粒物信息，因此该论文与大气环境遥感技术高度相关。,"['spectral unmixing', 'deep priors', 'remote sensing']",Soorya Suresh;Shri Charan Ramesh;Arun Pattathal Vijayakumar;Vandita Srivastava;Krishna Mohan Buddhiraju,Self-supervised spectral unmixing using scene-aware deep priors,
None,True,International Journal of Applied Earth Observation and Geoinformation,该论文研究了利用Sentinel-2卫星数据通过Pioneering Test-Time训练方法进行细粒度叶绿素a反演，以揭示中国湖泊富营养化动态。这与大气环境遥感技术中的卫星观测、大气成分分析（特别是水质监测）密切相关，因此是强相关的。,"['Sentinel-2', 'chlorophyll-a', 'lake eutrophication']",Zhen Zhang;Cuilin Yang;JiaJia Yuan;Lehao Huang;Zhongxi Ge;Zhitao Fu;Bo-Hui Tang,Pioneering Test-Time training for robust Fine-Grained chlorophyll-a retrieval from Sentinel-2: Unveiling China’s lake eutrophication dynamics (2018–2025),
None,True,International Journal of Applied Earth Observation and Geoinformation,该论文标题和摘要涉及从形态化的微波图像生成高精度水汽总量产品，这与大气环境遥感技术高度相关，特别是涉及卫星观测和大气成分分析。,"['precipitable water vapor', 'microwave imagery', 'remote sensing']",Yuhao Wu;Bao Zhang;Yibin Yao;Zheng Du;Hongming Li;Quanyu Chen,Generation of high-precision precipitable water vapor products from morphed integrated microwave imagery,
None,False,International Journal of Applied Earth Observation and Geoinformation,该论文的主题是冰川泥石流的成因和频率，与大气环境遥感技术（如空气质量监测、卫星观测、大气成分分析、气溶胶反演）没有直接关系。,[],Sen Zhang;Bochuan Zhang;Da Huang;Yongji Chen;Bei Zhang;Jianbing Peng,"Extreme climate effects on the occurrence and frequency of glacial debris flows: evidence from the Parlung Tsangpo Basin, Southeastern Tibetan Plateau",
None,True,International Journal of Applied Earth Observation and Geoinformation,该论文研究了无人机图像时间序列与多源环境特征相结合，用于预测野火蔓延。虽然主要关注的是野火预测，但涉及无人机图像和 environmental features（环境特征），这与大气环境遥感技术中的空气质量监测、卫星观测和大气成分分析有一定关联，因此可以认为其与大气环境遥感技术是强相关的。,"['UAV', 'wildfire spread prediction', 'environmental features']",Jiahao Zhou;Sen He;Shanjunxia Wu;Qiuhua Wang;Fei Wang,Integrating UAV image time-series with multi-source environmental features for sequential wildfire spread prediction,
None,True,International Journal of Applied Earth Observation and Geoinformation,该论文研究了基于深度学习的卫星图像大规模土地覆盖分类框架，虽然主要关注土地覆盖分类，但其使用卫星图像和稀疏现场标签，与遥感技术密切相关，尤其是大气环境遥感中的卫星观测和图像处理部分。,"['satellite imagery', 'land cover classification', 'deep learning']",Johannes Leonhardt;Juergen Gall;Ribana Roscher,LC-SLab — An object-based deep learning framework for large-scale land cover classification from satellite imagery and sparse in-situ labels,
None,False,International Journal of Applied Earth Observation and Geoinformation,该论文主要研究的是叶绿素和类胡萝卜素的同步反演，虽然与植物生理学和环境科学相关，但并未涉及大气环境遥感技术，如空气质量监测、卫星观测或大气成分分析等。,"['leaf chlorophyll', 'carotenoids', 'multi-task learning']",Weilin Hao;Jia Sun;Kan Zhang;Shilin Yang;Feng Qiu;Jin Xu,A PROSPECT-guided multi-task learning hybrid framework for simultaneous retrieval of leaf chlorophyll and carotenoids,
None,True,International Journal of Applied Earth Observation and Geoinformation,该论文使用卫星观测数据研究了澳大利亚北部地区火灾后植被对水分胁迫的抵抗力变化，涉及卫星遥感技术和大气环境监测，因此与大气环境遥感技术相关。,"['satellite', 'rainfall gradient', 'water stress', 'fire', 'Australia']",Huanhuan Wang;Qiaoyun Xie;Sally E. Thompson;Caitlin E. Moore,Satellite evidence of reduced resistance and resilience to water stress after antecedent fire across a rainfall gradient in northern Australia,
None,True,International Journal of Applied Earth Observation and Geoinformation,该研究探讨了覆盖作物生物量对卫星探测覆盖作物能力的影响，涉及卫星遥感技术，特别是卫星观测和作物监测，因此与大气环境遥感技术（如卫星观测和遥感应用）密切相关。,"['cover crop biomass', 'satellite-based detectability', ' Maryland']",Yide Xu;Qu Zhou;Kaiyu Guan;Sheng Wang;W. Dean Hively;Jyoti Jennewein;Alison Thieme;Steven Mirsky;Zhangliang Chen,The impacts of cover crop biomass on satellite-based detectability of cover crops in Maryland,
None,True,International Journal of Applied Earth Observation and Geoinformation,该论文研究如何将洪水类型分类整合到基于卫星的洪水监测中，涉及卫星遥感技术，与大气环境遥感技术中的卫星观测和洪水监测相关。,"['satellite-based flood monitoring', 'flood extent mapping', 'atmospheric remote sensing']",Ziming Wang;Jeffrey Neal;Peter M. Atkinson;Ce Zhang,From flood extent mapping to mechanism-aware flood products: integrating flood type classification into satellite-based flood monitoring,
None,False,International Journal of Applied Earth Observation and Geoinformation,该论文标题和摘要主要关注的是一种高分辨率交换分类模型，通过多尺度几何结构特征融合进行增强，这更偏向于计算机科学或数据挖掘领域，而非大气环境遥感技术，如空气质量监测、卫星观测或大气成分分析。,"['interchange classification', 'multi-scale geometric structural feature fusion']",Wan’er Yu;Gang Liu;Jing He;Zhiyong Luo,A high-resolution interchange classification model enhanced by multi-scale geometric structural feature fusion,
None,True,International Journal of Applied Earth Observation and Geoinformation,该论文研究了OCO-2卫星的XCO2数据检索与TCCON观测之间的时空偏差，直接涉及卫星观测和大气成分分析，与大气环境遥感技术密切相关。,"['OCO-2', 'XCO2', 'TCCON', 'satellite observations', 'atmospheric composition analysis']",Tslil Nacson;David M. Broday;Fadi Kizel,Spatiotemporal bias in OCO-2 XCO<sub>2</sub> retrievals relative to TCCON observations,
None,False,International Journal of Applied Earth Observation and Geoinformation,该论文主要关注从街景图像和GIS数据中进行单个城市街道树木的检测和物种级映射，与大气环境遥感技术（如空气质量监测、卫星观测、大气成分分析、气溶胶反演）相关性较低。,"['street-view images', 'GIS data', 'urban street tree detection']",Weijia Li;Xinjie Huo;Junyan Ye;Jinhua Yu;Hanxi Wang;Juepeng Zheng;Xiang Zhang;Haohuan Fu,Individual urban street tree detection and species-level mapping from street-view images and GIS data,
None,True,International Journal of Applied Earth Observation and Geoinformation,该论文标题和摘要明确涉及使用高光谱三角指数（BLB_TVI）对卫星尺度下的水稻白叶枯病严重程度进行表征，这属于遥感技术在农业病害监测中的应用，与大气环境遥感技术中的卫星观测和大气成分分析密切相关。,"['hyperspectral', 'satellite-scale', 'rice bacterial leaf blight', 'remote sensing', 'atmospheric composition analysis']",Weiwei Liu;Xin Zhang;Gang Yang;Jingfeng Huang;Weiwei Sun;Luming Liu,BLB_TVI: A hyperspectral triangular index for satellite-scale characterization of rice bacterial leaf blight severity,
None,True,International Journal of Applied Earth Observation and Geoinformation,该论文研究如何通过混合监督和特征掩码恢复技术来高效标记非正规垃圾堆。虽然主要关注点不是大气环境，但垃圾堆可能释放有害气体和颗粒物，影响空气质量，因此与大气环境遥感技术（如空气质量和大气成分监测）具有一定关联性。,"['waste dumps', 'mixed supervision', 'feature masked recovery']",Li Shen;Xinyu Liu;Geding Yan;Daoping Peng;Zhilin Li,Label-efficient mapping of unregulated waste dumps via mixed supervision with feature masked recovery,
None,False,International Journal of Applied Earth Observation and Geoinformation,该论文主要关注使用自主水面车辆和深度学习技术进行海洋生物多样性的可重复性制图，与大气环境遥感技术（如空气质量监测、卫星观测、大气成分分析、气溶胶反演）无关。,"['autonomous surface vehicles', 'deep learning', 'marine biodiversity']",Matteo Contini;Victor Illien;Mohan Julien;Sylvain Poulain;Mervyn Ravitchandirane;Victor Russias;Arthur Lazennec;Sarah Hamylton;Tom Spencer;Anna Koester;Pierre Gogendeau;Thomas Chevrier;Justine Talpaert Daudon;Annabelle Constance;Christopher Jones;Frauke Fleischer-Dogley;Serge Bernard;Alexis Joly;Julien Barde;Sylvain Bonhommeau,Reproducible mapping of marine biodiversity using autonomous surface vehicles and deep learning,
None,True,International Journal of Applied Earth Observation and Geoinformation,该论文研究了利用GOCI卫星观测数据，通过机器学习框架重建和预测富营养化湖泊中的叶绿素a浓度。这涉及使用遥感技术（GOCI卫星观测）和机器学习方法来分析大气环境相关的参数（叶绿素a），因此与大气环境遥感技术（如卫星观测和水质监测）密切相关。,"['Chl-a', 'GOCI', 'machine learning', 'eutrophic lakes', 'remote sensing']",Zehui Huang;Ronghua Ma;Xinhui Chen;Kun Xue;Minqi Hu;Haoze Liu,A two-stage machine learning framework for Chl-a reconstruction and short-term prediction in eutrophic lakes using GOCI observations,
None,True,International Journal of Applied Earth Observation and Geoinformation,该论文标题和摘要涉及遥感图像分割方法，这通常与大气环境遥感技术相关，例如通过卫星图像分析大气成分、空气质量和 aerosol（气溶胶）。,"['Remote Sensing', 'Image Segmentation', 'Scene-Aware Guided Network']",Kai Tan;Hui Xia;Kaikai Tian;Hui Yang;Yanlan Wu;Peng Zhang;Yongchuang Wu,Referring Remote Sensing Image Segmentation method based on Scene-Aware Guided Network model,
None,False,International Journal of Applied Earth Observation and Geoinformation,该论文主要关注城市洪涝风险评估，虽然涉及卫星土壤湿度监测，但核心内容与大气环境遥感技术（如空气质量监测、卫星观测、大气成分分析、气溶胶反演）关系不大，因此相关性较弱。,"['satellite soil moisture', 'urban flood risk', 'rainfall']",Sang Yeob Kim,Time-series framework integrating rainfall and satellite soil moisture for multi-scale urban flood risk assessment,
None,True,International Journal of Applied Earth Observation and Geoinformation,该论文研究了使用NOah-MP陆地表面模型结合SIF（太阳诱导叶绿素荧光）数据来模拟水分利用效率和干旱恢复能力，这与大气环境遥感技术中的土地表面过程模拟和干旱监测相关，因此是强相关的。,"['NOah-MP', 'water use efficiency', 'drought Resilience']",Tewekel Melese Gemechu;Huifang Zhang;Jialong Sun;Baozhang Chen,A SIF-Constrained Noah-MP land surface model for simulating water use efficiency and drought Resilience: Application in a Semi-Arid Basin,
None,False,International Journal of Applied Earth Observation and Geoinformation,该论文研究的是无人机图像匹配技术，涉及到的关键技术包括循环一致性和通道分离，这些技术与大气环境遥感技术（如空气质量监测、卫星观测等）没有直接关联。,"['UAV', 'cycle-consistency', 'channel-separation']",Jingru Li;Kun Sun;Wen Dai;Chang Tang;Kunqian Li;Wenhao Bao;Xiongwu Xiao;Deren Li,C2D2: Matching UAV images with cycle-consistency and channel-separation for joint detector and descriptor,
None,True,International Journal of Applied Earth Observation and Geoinformation,该论文研究了利用雷达后向散射进行时空融合监测南极冰架表面融化动力学，这与大气环境遥感技术中的卫星观测和大气成分分析密切相关。,"['radar backscatter', 'Antarctic ice shelves', 'surface melt dynamics']",Chengyu Pu;Lei Zheng;Jingan Wu;Qi Liang;Teng Li;Gang Li;Xiao Cheng,Spatiotemporal fusion of radar backscatter for enhanced monitoring of surface melt dynamics over Antarctic ice shelves,
None,True,International Journal of Applied Earth Observation and Geoinformation,该论文研究了利用空间遥感技术检测北方农业田地中CO2和N2O交换特征的可行性，这与大气环境遥感技术（如空气质量监测、卫星观测、大气成分分析、气溶胶反演）密切相关，因此是强相关。,"['space-borne remote sensing', 'CO2', 'N2O']",Miia Salminen;Liisa Kulmala;Tuomas Laurila;Olli Nevalainen;Stephanie Gerin;Laura Heimsch;Henriikka Vekuri;Juval Cohen;Matias Takala;Kimmo Rautiainen;Narasinha Shurpali;Maarit Liimatainen;Jari Liski;Jouni Pulliainen,Feasibility of space-borne remote sensing to detect features related to CO<sub>2</sub> and N<sub>2</sub>O exchange of boreal agricultural fields,
None,True,International Journal of Applied Earth Observation and Geoinformation,该论文研究利用多源数据映射澳大利亚和新西兰的海岸沙丘的范围、类型和残留区域，涉及遥感技术，特别是多源数据集成，与大气环境遥感技术（如卫星观测、大气成分分析）相关。,"['coastal dunes', 'multi-source data', 'remote sensing']",Zhijia Zheng;Guanli Li;Chenjun Wang;Xiuyuan Zhang;Noam Levin,"Mapping the extent, type and remnant areas of the coastal dunes of Australia and New Zealand by integrating multi-source data",
None,False,International Journal of Applied Earth Observation and Geoinformation,该论文主要研究利用地形约束的测深反演技术来分析浑浊的潮汐通道，涉及的是地理测绘和机器学习领域，与大气环境遥感技术（如空气质量监测、卫星观测、大气成分分析、气溶胶反演等）关系不大。,"['geomorphology', 'bathymetric inversion', 'turbid tidal channels', 'machine learning']",Jianchun Chen;Chao Gao;Yan Gu;Xiangyu Ou;Xiaoyi Cheng;Shibing Zhu;Ya Ping Wang,Geomorphology-constrained bathymetric inversion of turbid tidal channels using centerline-network priors and machine learning,
None,False,International Journal of Applied Earth Observation and Geoinformation,该论文的标题和摘要主要关注地质岩层的解释，与大气环境遥感技术（如空气质量监测、卫星观测、大气成分分析、气溶胶反演）无关。,[],Ying Cao;Diming Wu;Yilong Li;Qing Cheng,Multi-source complementary feature self-integration network for geological lithology interpretation,
None,False,International Journal of Applied Earth Observation and Geoinformation,该论文的主题是红树林湿地在 sea level rise 和 human activities 共同作用下的潜在陆向迁移模式，这与大气环境遥感技术（如空气质量监测、卫星观测、大气成分分析、气溶胶反演等）没有直接关联。,[],Zhaoxuan Ding;Bin Ai;Jiali Zeng;Yuchao Sun;Xiaoping Liu;Zhuokai Jian;Zhenlin Lai;Poyuan Ou,Simulating potential landward migration pattern of mangrove wetlands under the ‘two-way squeeze’ from sea level rise and human activities,
None,True,International Journal of Applied Earth Observation and Geoinformation,该论文标题和摘要中提到的“远程感图像”和“目标检测”与大气环境遥感技术密切相关，例如空气质量监测和卫星观测，因此与大气环境遥感技术相关。,"['remotely sensed images', 'target detection', 'accuracy assessment']",Yingfan Zhang;Weiyi Hou;Lyndon Estes;Rui Lu;Shijie Zhu;Aiyin Zhang;Zhou Shi;Su Ye,A novel edge-based accuracy assessment framework for target detection from remotely sensed images,
None,False,International Journal of Applied Earth Observation and Geoinformation,该论文研究的是使用机器学习框架预测农业梯田的适宜性，应用对象是塞浦路斯的特罗多斯山脉。这与大气环境遥感技术（如空气质量监测、卫星观测、大气成分分析、气溶胶反演等）没有直接关系，因此不相关。,"['machine learning', 'agricultural terrace', 'positive and unlabelled datasets']",Aman Kumar Meena;Christos Zoumides;Hakan Djuma;Ioannis Sofokleous;Corrado Camera;Adriana Bruggeman,"A machine learning framework for predicting agricultural terrace suitability using positive and unlabelled datasets: an application for the Troodos Mountains, Cyprus",
None,True,International Journal of Applied Earth Observation and Geoinformation,该论文使用LiDAR技术评估树木顶部死亡情况，以检测亚洲长角甲虫对杨树森林的损害。虽然主要关注点是生物损害评估，但LiDAR作为一种遥感技术，可用于监测和评估大气环境中的树木健康和森林结构变化，间接与大气环境遥感技术相关。,"['LiDAR', 'treetop dieback', 'Asian longhorned beetle', 'poplar forests']",Quan Zhou;Rui Tang;Linfeng Yu;Peiyun Bi;Lili Ren;Youqing Luo,LiDAR-based assessment of treetop dieback to detect asian longhorned beetle damage in poplar forests,
None,True,International Journal of Applied Earth Observation and Geoinformation,该论文研究的是对中国28种降水产品的多标准评估和排名，涉及降水数据，与大气环境遥感技术中的降水监测相关，因此是相关的。,"['precipitation products', 'China', 'evaluation', 'ranking']",Le Xinlong;Kang Ling;Zhou Liwei;Wei Junfang;Chen Hao,Multi-Criteria evaluation and ranking of 28 precipitation products over China,
None,True,International Journal of Applied Earth Observation and Geoinformation,该论文研究的是基于NDVI的农业用地地表温度降尺度方法，涉及遥感技术和地表参数反演，与大气环境遥感技术中的空气质量监测、地表温度分析等领域相关。,"['NDVI', 'land surface temperature', 'downscaling']",Jamal Elfarkh;Nadia Ouaadi;Said Grich;Abderrahman Liblab;Abdelghani Chehbouni,Stratified and adaptive regression for NDVI-based land surface temperature downscaling over agricultural fields,
None,False,International Journal of Applied Earth Observation and Geoinformation,该论文的标题和摘要主要关注联邦学习在森林资源建模和监测中的应用，强调数据保密性和协作研究。虽然遥感技术可能间接用于森林资源监测，但论文的核心内容并未直接涉及大气环境遥感技术，如空气质量监测、卫星观测或大气成分分析等。因此，该论文与大气环境遥感技术的关系不强。,"['federated learning', 'forest resource', 'data confidentiality']",Johannes Schumacher;Alessandro Cescatti;Gherardo Chirici;Giovanni D’Amico;Saverio Francini;Johannes Hertzler;Lauri Mehtätalo;Gert-Jan Nabuurs;Mats Nilsson;Juho Pitkänen;Johannes Breidenbach,Federated learning in forest resource modelling and monitoring: Bridging data confidentiality and collaborative research,
None,True,International Journal of Applied Earth Observation and Geoinformation,该论文研究了SAR图像和LiDAR点云之间的跨模态匹配框架，利用深度学习技术，这与大气环境遥感技术中的空气质量监测和卫星观测密切相关。,"['SAR images', 'LiDAR point clouds', 'deep learning', 'cross-modal matching']",Yifan Zhang;Jordi J. Mallorqui;Wen Wang,SAR2LiDAR: A deep learning-based cross-modal matching framework between SAR images and LiDAR point clouds,
None,False,International Journal of Applied Earth Observation and Geoinformation,该论文主要关注从合成孔径雷达（SAR）图像中提取水，使用点标签进行弱监督网络，与大气环境遥感技术（如空气质量监测、卫星观测、大气成分分析、气溶胶反演）关系不大。,"['SAR imagery', 'water extraction', 'weakly supervised network']",Kai Wang;Weicheng Zang;Zhongle Ren;Biao Hou;Jiawei Ning;Xi Li;Shulin Gao;Weibin Li;Licheng Jiao,WaterPLNet: A noise-robust weakly supervised network for water extraction from SAR imagery using point labels,
None,True,International Journal of Applied Earth Observation and Geoinformation,该论文与大气环境遥感技术相关，因为它涉及城市垂直分析，这通常需要从遥感数据中获取建筑物楼层信息，例如通过卫星图像或航空传感器进行监测。,"['urban vertical analytics', 'POI floors', 'Shanghai']",Liu Liu;Jiali Yang;Xiang Chen;Yao Shen;Mila Koeva,Baseline framework for inferring POI floors to enhance 3D urban vertical analytics: A comparative study in Shanghai,
None,True,International Journal of Applied Earth Observation and Geoinformation,该论文使用Landsat时间序列数据量化新foundland woodland caribou林地的地衣体积变化，地衣是常用于指示大气环境的指示植物，其体积变化与空气污染程度密切相关，因此与大气环境遥感技术（如空气质量监测）密切相关。,"['Landsat', 'lichen volume', 'air quality']",Catherine Beaulieu;Nicholas C. Coops;Alexandre Morin-Bernard;Steeve D. Côté;Alexis Achim,Quantifying changes in annual lichen volume for woodland caribou in Newfoundland using Landsat time series,
None,True,International Journal of Applied Earth Observation and Geoinformation,该研究涉及人为热通量估算和地表能量平衡扰动，与大气环境遥感技术（如空气质量监测）密切相关。,"['anthropogenic heat flux', 'surface energy balance', 'air quality monitoring']",Yu Zhou;Deyong Hu;Tianhan Li,A double-temperature-difference framework for anthropogenic heat flux estimation accounting for surface energy balance perturbations,
None,False,International Journal of Applied Earth Observation and Geoinformation,该论文主要关注的是使用机载激光雷达和植被过滤技术来研究加州海岸悬崖的形态动力学，与大气环境遥感技术（如空气质量监测、卫星观测、大气成分分析、气溶胶反演）关系不大。,"['airborne lidar', 'vegetation filtering', 'coastal cliff morphodynamics']",Danghan Xie;Hironori Matsumoto;Zuzanna M. Swirad;Luc Lenain;Adam P. Young,Improved understanding of California coastal cliff morphodynamics using airborne lidar and vegetation filtering (2016–2023),
None,True,International Journal of Applied Earth Observation and Geoinformation,该论文标题和摘要明确涉及利用Unet框架进行水消光辐射斯托克斯向量的全球反演，这与大气环境遥感技术中的卫星观测、大气成分分析、气溶胶反演等密切相关，因此判定为高度相关。,"['stokes vector', 'water-leaving radiance', 'Unet-based framework', 'atmospheric remote sensing', 'satellite observations']",Jia Liu;Chunxia Li;Tieqiao Chen;Xinyin Jia;Siyuan Li;Bingliang Hu;Xianqiang He;Delu Pan,Global retrieval of stokes vector of water-leaving radiance via Unet-based framework,
None,True,International Journal of Applied Earth Observation and Geoinformation,该论文标题和摘要表明其研究内容涉及遥感图像的语义分割，这通常与大气环境遥感技术相关，例如通过卫星图像进行大气成分分析或空气质量监测。具体关键词如'remote sensing imagery'（遥感图像）、'semantic segmentation'（语义分割）和'knowledge-driven graph network'（知识驱动图网络）进一步确认了其与大气环境遥感技术的关联。,"['remote sensing imagery', 'semantic segmentation', 'knowledge-driven graph network']",Wenqi Cui;Peng Luo;Weisong Li;Xing Xu;Jiale Chen;Chuan Chen,Navigating Hierarchies in Hyperbolic Space: A Knowledge-Driven Graph Network for Semantic Segmentation of Remote Sensing Imagery,
None,False,International Journal of Applied Earth Observation and Geoinformation,该论文主要研究的是基于SAM模型的农田地块识别方法，与大气环境遥感技术（如空气质量监测、卫星观测、大气成分分析、气溶胶反演等）没有直接关系。,"['cropland', 'segment anything model', 'SAM']",Qing Geng;Kaiqi Ye;Fan Xu;Yu Meng;Miao Huang;Chunyan Yuan;Li Li;Bingbo Gao;Hu Zhou;Jianyu Yang;Ying Li;Jianxi Huang;Xiaochuang Yao,A data- and knowledge-driven cropland parcel recognition method based on segment anything model (SAM),
None,True,International Journal of Applied Earth Observation and Geoinformation,该论文研究基于MoE（可能指Mixture of Experts）的优化AI模型，用于反演地表温度和发射率。这些参数与大气环境遥感技术密切相关，特别是在地表能量平衡、大气辐射传输模型和卫星遥感应用中。因此，该研究属于大气环境遥感技术领域。,"['land surface temperature', 'emissivity', 'AI model', 'MoE']",Liu Ma;Kebiao Mao;Jiancheng Shi;Sayed M. Bateni;Zhonghua Guo;Zijin Yuan,An optimization AI model based on MoE for retrieving land surface temperature and emissivity,
None,True,International Journal of Applied Earth Observation and Geoinformation,该论文利用Sentinel-1 SAR观测技术对喜马拉雅地区干燥雪进行大规模监测，涉及卫星遥感技术和高山地区的冰雪观测，与大气环境遥感技术（如卫星观测、大气成分分析）密切相关。,"['Sentinel-1 SAR', 'dry snow', 'High Mountain Asia']",Ying Huang;Lei Huang;Tobias Bolch,Large-Scale monitoring of dry snow in High Mountain Asia (2015–2024) from Sentinel-1 SAR observations,
None,True,International Journal of Applied Earth Observation and Geoinformation,该论文研究了卫星监测到的卫星火灾检测技术在解释作物秸秆焚烧方面的局限性，特别是关注印度西北地区水稻秸秆焚烧是否在近年来减少。这直接涉及大气环境遥感技术，如卫星观测和大气成分分析。,"['satellite-based fire detection', 'crop residue burning', 'rice straw burning']",Prakhar Misra;Sachiko Hayashida;Masao Moriyama;Hikaru Araki,Limitations of interpreting orbiting satellite-based fire detection for crop residue burning: Has rice straw burning in northwest India decreased in recent years?,
None,True,International Journal of Applied Earth Observation and Geoinformation,该论文与大气环境遥感技术相关，因为它涉及了空间borne成像光谱技术用于建模，这可以应用于大气成分分析或环境监测。,"['spaceborne imaging spectroscopy', 'atmospheric modeling', 'resource selection']",Hamed Gholizadeh;Aisha Sams;M. Ny Aina Rakotoarivony;Nimalka Weerasuriya;Elizabeth Struble;Clara Freese;Andrew Shepard;Saiful Islam;Ehsan Foroutan;Tony Brown;Christian Rossi;Robert Hamilton;Samuel Fuhlendorf;Nicholas McMillan;Ran Wang;Benedicte Bachelot;John Gamon,Spaceborne imaging spectroscopy advances modeling of grazer resource selection,
None,True,International Journal of Applied Earth Observation and Geoinformation,该论文标题和摘要涉及P-band PolInSAR技术，这是一种用于森林高度反演的遥感技术。虽然主要关注森林高度，但P-band PolInSAR技术属于大气环境遥感技术的范畴，特别是与大气成分和地表参数反演相关。因此，该论文与大气环境遥感技术有较强的相关性。,"['P-band PolInSAR', 'backscatter', 'forest height inversion']",Lei Wang;Linping Yang;Gaoyun Shen;Junyi Liu;Junnan Xiong;Lin Fu;Li Zeng;Bing Yu;Chongchong Ye,PG-GVB: A prior constrained backscatter framework for P-band PolInSAR forest height inversion,
None,True,International Journal of Applied Earth Observation and Geoinformation,该论文标题和摘要明确涉及合成孔径雷达（SAR）技术，用于船舶检测网络的自动设计，这属于遥感技术领域。虽然不直接涉及空气质量监测或大气成分分析，但SAR技术可用于大气环境遥感，例如监测大气中的气溶胶或污染物分布。因此，该论文与大气环境遥感技术有一定相关性。,"['SAR', 'ship detection', 'neural architecture search']",Huiyao Wan;Zutong Wen;Pazlat Nurmamat;Jie Chen;Yice Cao;Hongcheng Zeng;Shuai Wang;Wei Yang;Jie Chen;Zhixiang Huang;Jin Tang,Automatic design of efficient SAR ship detection networks for large-scale scenes via neural architecture search,
None,False,International Journal of Applied Earth Observation and Geoinformation,该论文的标题和摘要主要关注的是城市村庄的语义嵌入双分支融合网络，涉及的是地理信息系统和遥感技术在城乡地图绘制中的应用，与大气环境遥感技术（如空气质量监测、卫星观测、大气成分分析、气溶胶反演等）没有直接关系。,"['semantic', 'dual branch fusion', 'urban villages mapping']",Shaobo Qiu;Shi Shen;Changqing Song;Cansong Li,UVSENet: A Semantic-Embedded dual branch fusion network for urban villages mapping,
None,True,International Journal of Applied Earth Observation and Geoinformation,该论文使用卫星数据来监测非洲次国家地区的NO2暴露情况，这与大气环境遥感技术（如空气质量监测和卫星观测）密切相关。,"['Satellite', 'NO2', 'population-weighted exposure', 'air quality monitoring']",Jingru Wang;Dong Liu;Tim Schwanen;Tomoki Nakaya;Ernest Agyemang;Jason Gilliland,Satellite-derived population-weighted NO<sub>2</sub> exposure and inequality across African subnational regions for SDGs 3 and 11,
None,False,International Journal of Applied Earth Observation and Geoinformation,该论文标题和摘要主要关注的是时空网络流L函数在识别多尺度人类流动集群方面的应用，与大气环境遥感技术（如空气质量监测、卫星观测、大气成分分析、气溶胶反演）没有直接关联。,[],Zilong Zhao;Mei-Po Kwan;Zihan Kan,Identifying multi-scale human flow clusters via spatiotemporal network flow L function,
None,True,International Journal of Applied Earth Observation and Geoinformation,该论文标题和摘要中提到的“hyperspectral anomaly detection”与大气环境遥感技术密切相关，特别是在大气成分分析和异常检测方面，这与空气质量和卫星观测等研究方向高度相关。,"['hyperspectral', 'anomaly detection', 'atmospheric composition']",Yufan Yang;Hongjun Su;Zhaoyue Wu;Hui Yang;Qian Du,Robust hyperspectral anomaly detection via low-rank discriminative dictionary and global-local saliency weight,
None,True,International Journal of Applied Earth Observation and Geoinformation,该论文标题和摘要中提到的“卫星视频”和“地理语义正则化稀疏追踪器”表明该研究涉及卫星观测技术，这与大气环境遥感技术（如卫星观测和图像处理）密切相关。虽然摘要未直接提及空气质量监测或大气成分分析等具体应用，但卫星视频分析是大气环境遥感数据处理的重要环节。,"['satellite videos', 'Geo-Semantic', 'regularized sparse tracker']",Xin Huang;Wei Qin;Yifan Liao;Pengjie Tao,GSR-Track: A Geo-Semantic Regularized Sparse tracker for satellite videos,
None,True,International Journal of Applied Earth Observation and Geoinformation,该论文研究利用多类别浮游植物密度反演技术，通过卫星观测数据评估东北部湖泊中蓝藻水华的严重程度。这与大气环境遥感技术密切相关，特别是卫星观测和大气成分分析领域，因为蓝藻水华是水体环境的一部分，而卫星遥感技术是实现其监测的重要手段。,"['Multi-Class phytoplankton density retrieval', 'cyanobacterial bloom', 'satellite observations']",Zhaojiang Yan;Chong Fang;Kaishan Song;Ge Liu;Yunfeng Lyu;Jinpeng Shen;Shizhuo Liu,From pixels to Algae: Assessing cyanobacterial bloom severity in Northeastern lakes through Multi-Class phytoplankton density retrieval,
None,True,International Journal of Applied Earth Observation and Geoinformation,该论文研究了利用多模态遥感数据融合的AI系统来估计住宅建筑损坏，虽然不直接涉及大气环境监测，但遥感技术在大气环境分析中具有重要应用，因此与大气环境遥感技术有一定关联。,"['remote sensing', 'multimodal data fusion', 'AI system']",Edmund Robbins;Nezamoddin N. Kachouie,An AI system for residential building damage estimation using multimodal remote sensing data fusion,
None,True,International Journal of Applied Earth Observation and Geoinformation,该论文标题和摘要明确涉及气溶胶特性反演算法、AMI/GK-2A卫星传感器以及深度学习辐射传输模拟器，与大气环境遥感技术（如空气质量监测、卫星观测、大气成分分析、气溶胶反演）密切相关。,"['aerosol property retrieval', 'AMI/GK-2A', 'deep learning', 'radiative transfer emulator']",Minseok Kim;Jhoon Kim;Hyunkwang Lim;Seoyoung Lee;Hyeji Cha;Yujin Chai;Sang Seo Park;Jun Wang,Hybrid physics–AI aerosol property retrieval algorithm for AMI/GK-2A with a deep learning radiative transfer emulator,
None,True,International Journal of Applied Earth Observation and Geoinformation,该论文与大气环境遥感技术密切相关，因为其研究重点是利用机器学习技术校正C2-Net模型，用于在光复杂的小型水库中 Retrieval 叶绿素-a 含量。这属于大气环境监测和遥感领域，特别是水质和光学特性分析。,"['chlorophyll-a', 'machine learning', 'optically complex small reservoirs']",Jesús A. Torrecilla-Pinero;Aurora Cuartero;José Cáceres-Merino;Victoria Amores-Chaparro;Fernando Broncano,Machine learning correction of C2-Net for chlorophyll-a retrieval in optically complex small reservoirs,
None,False,International Journal of Applied Earth Observation and Geoinformation,该论文主要关注的是通过Landsat和Sentinel卫星数据融合以及集成机器学习方法重建30米分辨率的多年海岸水质数据，虽然涉及遥感技术，但主要应用于水质监测而非大气环境遥感技术（如空气质量监测、大气成分分析等）。,"['Landsat', 'Sentinel', 'water quality', 'machine learning']",Zihan Chen;Peng Chen;Siqi Zhang;Yunzhou Li;Delu Pan,High-resolution (30-m) multi-decadal reconstruction of coastal water quality via Landsat-Sentinel fusion and ensemble machine learning (1985–2024),
None,False,International Journal of Applied Earth Observation and Geoinformation,该论文主要关注瑞士欧洲山毛榉林的早期叶片脱色现象，研究主题与大气环境遥感技术（如空气质量监测、卫星观测、大气成分分析、气溶胶反演）关系不大。,"['air quality', 'satellite observations', 'atmospheric composition', 'aerosol retrieval']",Colin K. Bloom;Tiziana L. Koch;Arun K. Bose;Romana Paganini;Daniel Scherrer;Katrin Meusburger;Lorenz Walthert;Brigitte Rohner;Esther R. Frei;Philipp Brun;Thomas Wohlgemuth;Marco Ferretti;Andri Baltensweiler,Spatial and temporal patterns of early leaf discoloration in Switzerland’s European beech forests,
None,False,International Journal of Applied Earth Observation and Geoinformation,该论文标题和摘要主要涉及古文物考古领域，使用GPR和SAR技术对古代遗址进行3D高分辨率分析，与大气环境遥感技术（如空气质量监测、卫星观测、大气成分分析、气溶胶反演等）无关，因此不相关。,[],Sonia Santos-Assunção;Diana Francis;Charfeddine Cherif;Moamen Ali;Mohammed Y. Ali,"Reconstructing history: 3D high-resolution GPR analysis based on SAR discoveries in the ancient Siniyah Island of Umm Al-Quwain, United Arab Emirates",
None,False,International Journal of Applied Earth Observation and Geoinformation,该论文标题和摘要内容主要关注于构建逼真的3D自然场景的参数化方法，与大气环境遥感技术（如空气质量监测、卫星观测、大气成分分析、气溶胶反演）无关。,[],Chen Zhang;Ding Ma;Renzhong Guo;Kai Chen,Infinite details: A cartography-informed parametric method for constructing realistic 3D natural scenes,
None,True,International Journal of Applied Earth Observation and Geoinformation,该研究使用多源遥感技术和深度学习模型对澳大利亚维多利亚州的草地枯萎进行时空预测，涉及遥感技术在植被监测中的应用，与大气环境遥感技术（如卫星观测、大气成分分析）密切相关。,"['Multi-Source remote sensing', 'deep learning models', 'grass curing']",Liangwei Liao;Xuan Zhu,"Spatiotemporal prediction of grass curing in Victoria, Australia using Multi-Source remote sensing and deep learning models",
10.1016/j.atmosenv.2026.122274,True,Atmospheric Environment,该论文研究的是Khulugaysha站点的大气吸收数据，使用了3毫米和2毫米波长的遥测方法，主要关注大气吸收的限制因素（如水汽和氧气含量），这与大气环境遥感技术（如空气质量和大气成分监测）密切相关。特别是对毫米波长的无线电天文测量环境的研究，对大气成分分析有重要意义。,"['atmospheric absorption', 'tipping-curve method', 'sub-mm wavelength']",E.A. Pankratova;I.T. Bubukin;I.V. Rakut;M.I. Agafonov;A.A. Yablokov;V.I. Bubukin;A.L. Pankratov;Y.O. Vodzyanovsky;A.V. Khudchenko;I.V. Tretyakov,Analysis of atmospheric absorption data at Khulugaysha site,"•Investigations of atmospheric transparency at the Khulugaysha mountain are presented. •Remote sensing with the tipping-curve method at 3- and 2-mm wavelengths is used. •Atmospheric absorption was mostly restricted not by water vapor but by oxygen content. •This high-altitude site is promising for placement of new sub-mm wavelength Event Horizon Telescope. 
 The results of the preliminary investigation of atmospheric absorption at the Khulugaysha site are presented. Using a new modification of the tipping-curve method with measurements at 3 and 2-mm wavelengths, it is shown that the water content in the atmosphere at the given site is low enough for radioastronomical measurements at mm wavelengths. The results are supported by the fact that for a significant part of the measurement time, atmospheric absorption at 2-mm wavelength was smaller than at 3-mm wavelength, meaning that the level of absorption was mostly restricted not by water vapor but by oxygen content."
10.1016/j.atmosenv.2026.122285,True,Atmospheric Environment,该论文研究了中国的冬季PM2.5污染，涉及污染物监测、化学成分分析、排放源分析等，与大气环境遥感技术中的空气质量监测和成分分析密切相关。,"['PM2.5', 'air quality', 'machine learning', 'atmospheric composition', 'sulfate nitrate']",Huang Zheng;Shaofei Kong;Xiaohui Bi;Weiwei Chen;Nan Chen;Haili Zhao;Bing Wang;Liquan Yao;Mingming Zheng,Unraveling spatially heterogeneous drivers of winter PM<sub>2.5</sub> in China through synchronous observations and explainable machine learning,"•Composition-resolved observations were conducted across five Chinese cities. •PM2.5variability showed heterogeneous associations with emission and chemistry. •Chemical and emission predictors showed city-specific SHAP importance patterns. •Explainable ML and kinetics revealed regional sulfate and nitrate differences. 
 Winter PM2.5 pollution in China is shaped by strong spatial contrasts in emission intensity, meteorology, transport, and atmospheric oxidation capacity. These drivers are rarely quantified under directly comparable observational conditions. Here, we conducted synchronous winter observations in five representative cities across Northeast, North, and Central China including Changchun (CC), Tianjin (TJ), Anyang (AY), Wuhan (WH), and Changsha (CS). We integrated composition-resolved observations, emission-related (ERP), meteorological-related (MRP), and chemical-related predictors (CRP) into a random forest model. The SHapley Additive exPlanations (SHAP) was then used to quantify the model-attributed importance of factors associated with PM2.5 variability and chemical component changes. The results reveal pronounced spatial heterogeneity in the factors associated with PM2.5 variations. CRP showed the largest SHAP importance in CC and WH, contributing 42.2% and 46.8%, respectively, whereas ERP had the highest importance in TJ, AY, and CS, contributing 38.0%, 39.1%, and 50.9%, respectively. The explainable framework also differentiated sulfate and nitrate formation pathways. The analysis suggested that sulfate variability was associated with different oxidation pathways across regions, with NO2-related predictors showing higher importance in CC and TJ and H2O2-related predictors in AY, WH, and CS. Theoretical calculations showed a broadly consistent pattern but indicated pathway uncertainty in AY. Nitrate variability was associated with OH-related daytime chemistry and nighttime heterogeneous processes, with additional regional signals related to NO3· chemistry. These findings show that winter haze formation mechanisms vary substantially across Chinese regions. This study also shows that synchronous, composition-resolved observations, when integrated with physically informed explainable machine learning, can help develop more targeted, and region-specific PM2.5 control strategies."
10.1016/j.atmosenv.2026.122289,True,Atmospheric Environment,该论文研究了北美和加拿大野火烟尘在北极的运输，涉及空气质量和大气成分分析，与大气环境遥感技术密切相关。,"[' wildfire aerosols', 'PM monitoring', 'atmospheric composition analysis']",Rebecca McCerery;Anil Namdeo;Lucie Malard;John Woodward;David A. Pearce,Arctic transport of North American and Canadian wildfire aerosols,"•Shipborne PM monitoring documented four pollution events. •Smoke and PM detected outside of wildfire smoke product ranges. •HYSPLIT back-trajectory analysis confirmed Canadian origins for air masses. 
 Wildfires are becoming increasingly frequent and intense under ongoing climate change, with the potential to emit and transport particles, from black carbon to nutrient-bearing aerosols, into remote and fragile ecosystems such as the Arctic. Yet, direct observations of long-range wildfire aerosol transport into the Arctic remain scarce, limiting our understanding of its impacts on the wider ecosystem and human health. Here, we present shipborne particulate matter (PM) measurements documenting the spatial extent and characteristics of PM in the Arctic during the 2023 North American and Canadian wildfires. Semi-continuous monitoring aboard an icebreaker from 12th September to 11th October 2023, spanning 11,000 km from Iceland to Alaska via the Northwest Passage, measured PM size fractions (PM0.3, PM0.5, PM1.0, PM2.5, PM5 and PM10) at 1-min intervals. This identified four high PM events along the cruise track, with the most intense event occurring on 28th September, when visible wildfire smoke was observed north of Victoria Island, coinciding with a peak PM2.5 count of 58 × 106 counts m−3. This smoke event was not detected by the National Oceanic and Atmospheric Administration Hazard Mapping System Fire and Smoke Product, highlighting limitations of satellite-derived smoke monitoring in remote regions. Daily mean PM2.5 concentrations were also compared to the WHO 24-hr guidelines, where they spiked at or above the 15 μg m−3 24-hr guideline during the latter part of the cruise. These findings demonstrate the potentially extensive reach of North American and Canadian wildfire aerosols into the Arctic, with implications for remote community health and the adequacy of current smoke monitoring frameworks."
10.1016/j.atmosenv.2026.122292,True,Atmospheric Environment,该论文研究了圣安纳风对加利福尼亚州火灾烟雾的运输及其相关的健康影响，涉及空气质量监测、大气成分分析和烟雾检索等，与大气环境遥感技术密切相关。,"['PM2.5', 'WRF–CMAQ', 'Santa Ana winds', 'wildfire smoke', 'air quality monitoring']",Fanglu Fan;Qi Ying;Guochao Chen;Yiheng Wang;Jianmin Chen;Hongliang Zhang,Santa Ana winds control wildfire smoke transport and related health impacts in California during January 2025,"•Santa Ana winds rapidly transported wildfire smoke offshore, sharply shortening land exposure. •Offshore winds reduced smoke-related health impacts in coastal Southern California. •The same winds increased overall fine particle risks by bringing inland pollution toward the coast. 
 Intense Santa Ana winds (SAW) triggered a severe wildfire event in California in January 2025. The combination of strong offshore winds and exceptionally low humidity facilitated the rapid spread of wildfires and unusually intense combustion and emissions. To quantify the impacts of this event, we applied the WRF–CMAQ model to separate the contribution of wildfire smoke fine particulate matter (PM2.5) and to evaluate how SAWs influenced its evolution. The results show that the event produced exceptionally high levels of emissions, resulting in hourly smoke PM2.5 concentrations peaking at 256 μg m−3 and declining to 60 μg m−3 within 24 h due to efficient offshore transport. Compared with the 2024 non-SAW meteorological scenario, the 2025 SAW conditions reduced smoke PM2.5-attributable acute deaths across the major affected counties from 42.8 cases (95% UI: 36.1–49.3) to 17.1 cases (95% UI: 14.4–19.7), corresponding to a 60.0% decrease. In contrast, total PM2.5-attributable deaths over the same counties increased from 56.5 cases (95% UI: 37.7–75.0) in 2024 to 115.8 cases (95% UI: 77.3–153.5) in 2025, corresponding to a 105% increase. This contrast indicates that reduced wildfire-smoke mortality did not translate into a lower overall PM2.5 health burden. This increase was mainly associated with the transport of upwind background pollutants toward the southern coastal zone. This study advances the understanding of how wildfire behavior and regional meteorology jointly reshape extreme pollution episodes and associated public health risks."
10.1016/j.atmosenv.2026.122284,True,Atmospheric Environment,该研究通过实地测量和直接数值模拟，评估了云凝结核（CCN）的活性，重点关注了气溶胶的吸湿性及其在不同大小和过饱和度下的影响。这与大气环境遥感技术密切相关，特别是在空气质量监测和大气成分分析方面，因为气溶胶的吸湿性和CCN活性是理解大气过程和污染物行为的关键参数。,"['hygroscopicity', 'CCN Counter', 'HTDMA', 'DNS', 'aerosol activation']",Avishek Ray;G. Pandithurai;Bipin Kumar;S. Mukherjee;Lois Thomas;V. Anil Kumar;Rohit D. Patil,Evaluating CCN activity through size-resolved hygroscopicity: Synergistic observations and simulations in a tropical montane region,"•Measurements combing HTDMA and CCN Counter has been conducted first time in India. •SS vs size regime is identified whereinκplays a decisive role in CCN activation. •Size dependentκdistribution instead of fixedκin DNS improves CCN prediction. •Modelled AF is within the standard deviation of observation for SS range 0.3 - 0.7%. 
 Aerosol hygroscopicity plays a crucial role in different atmospheric processes, influencing particle size distribution, local visibility, cloud formation, precipitation patterns etc. Hygroscopicity determines the ability of water uptake by the particles. It depends on the particles’ chemical composition. This study presents the importance of hygroscopicity (κ) in aerosols activation process through in-situ ambient measurements and direct numerical simulations (DNS). In-situ measurements were carried out over a one-month period (15 November to 15 December, 2019) by combining two instruments: Humidified Tandem Differential Mobility Analyzer (HTDMA) and Cloud Condensation Nuclei Counter (CCNC) at High Altitude Cloud Physics Laboratory (HACPL). The results from these observations indicate that for particles with diameters 50 nm & 75 nm, activation fraction (AF) increases sharply as κ increases in all supersaturation levels (except at 0.1%). For 110 nm & 150 nm sized particles, a similar trend was found only at lower supersaturation up to 0.3%. Thus, hygroscopicity influences the activation of Aitken mode particles. In the accumulation mode, where particle size primarily governs activation process, hygroscopicity still exerts a significant effect under lower supersaturation conditions. We identified a supersaturation vs size regime wherein hygroscopicity is a decisive factor in aerosol activation. Therefore, the inclusion of κ is essential in numerical models. Implementation of size-dependent κ distribution instead of fixed κ in DNS improves CCN prediction. Modelled activation fraction is within the standard deviation of observation for SS range of 0.3% to 0.7%."
10.1016/j.atmosenv.2026.122288,True,Atmospheric Environment,该论文研究了使用源标记的PM示踪剂来增强O3设计值预测的方法，涉及大气环境中的臭氧监测和化学传输模型（CTM），与遥感技术和空气质量监测密切相关。,"['O3', 'PM tracers', 'Random Forest', 'CTM', 'air quality monitoring']",Mohammad Astaneh;Sunny Kant;Yu Yu;Michael Jerrett;Ninez A. Ponce;Michael J. Kleeman,Enhancing O<sub>3</sub> design value predictions via source-tagged PM tracers in random forest bias correction,"•Source tracers in CTM used as inputs to Random Forest correction for O3. •O3 performance statistics improve when using tracers vs. total PM. •Wood smoke tracer was most consequential in the UCD/CIT test CTM. •RF bias removal using tracers improves O3 performance during wildfires. 
 We present an ensemble bias-correction framework for daily 8-h maximum ozone (O3) that uses source-tagged PM tracers along with traditional support variables such as O3, NO2, HCHO, meteorological variables and satellite aerosol optical depth. Using the UCD/CIT model as a test chemical transport model (CTM), month-specific Random Forest models are trained with station-wise (site-holdout) splits statewide (2009–2018). Including source-tagged tracers yields consistent, statistically significant gains across seasons in the test CTM; the most influential tracer signal in the UCD/CIT framework is associated with wood combustion, including during summer and fall wildfire periods. Daily evaluation at EPA sites shows substantial improvement over the raw CTM (correlation increases from 0.66 to 0.88 with a corresponding RMSE reduction). Improvements carry through to ozone design values: regressions tighten, R2 rises from 0.45 to 0.78, station level DV errors decline by about 22%, and attainment classification accuracy improves. Under the current predictor set and data volume, neither debiasing near-surface temperature prior to use nor stacking the base RF with secondary learners (RF and XGBoost) provided statistically significant incremental skill, suggesting that the base RF captured most of the learnable signal represented by the available predictors. Overall, this study provides a methodological validation of CTM-native source-tagged PM tracers as physically interpretable predictors in RF bias correction, demonstrating their incremental value over bulk PM information for improving O3 fields and design value estimates."
None,True,Atmospheric Environment,该论文研究地热发电厂附近冷气候下硫化氢缓解措施对空气质量的影响，涉及空气质量和特定污染物（硫化氢）的监测，与大气环境遥感技术中的空气质量监测相关。,"['hydrogen sulfide', 'air quality', 'geothermal power plants']",Hrund Ólöf Andradóttir;Larry Gene Anderson,Effects of hydrogen sulfide mitigation efforts on air quality near geothermal power plants in cold climate,
None,True,Atmospheric Environment,该论文研究了如何通过PMF（正则化因子分析）调整排放清单和本地道路运输排放来改进圣保罗大都会区PM2.5的模拟，涉及空气质量和排放源分析，与大气环境遥感技术（如空气质量监测和排放源解析）密切相关。,"['PM2.5', 'PMF', 'emission inventory', 'road transport emissions']",Alejandro Herman Delgado Peralta;Mario Eduardo Gavidia-Calderón;Guilherme Martins Pereira;Maria de Fatima Andrade;Saravanan Arunachalam,Improving PM<sub>2.5</sub> simulations in the Metropolitan Area of São Paulo through PMF-based emission inventory adjustments and local road transport emissions,
None,True,Atmospheric Environment,该论文标题和摘要都涉及大气相关生物颗粒的碳源特征，这与大气环境遥感技术（如大气成分分析）密切相关。,"['atmospheric', 'biological particles', 'carbon source profiles']",Ting Liu;Yulun Xiao;L.-W. Antony Chen;Junji Cao;Changlin Zhan;Mi Zhang;Jiaquan Zhang;Hongxia Liu;Zhen Wang;Dong Xiang;Xude Zhao;Xianli Liu,"Corrigendum to “Carbon source profiles for atmospheric relevant biological particles” [Atmosph. Environ. 373, (15 May 2026), 121921]",
None,True,Atmospheric Research,该论文研究中国南部沿海山区和城市站的硝酸盐气溶胶形成机制，并结合同位素观测数据进行分析。这与大气环境遥感技术中的空气质量监测和大气成分分析密切相关，因此具有较强的相关性。,"['nitrate aerosols', 'isotope observations', 'coastal mountain', 'urban sites', 'China']",Mei-Yi Fan;Peiwen Guo;Hai Guo;Yu Wang;Changliu Wu;Yihang Hong;Xiaopu Lyu;Yan-Lin Zhang,Formation mechanisms of nitrate aerosols at coastal mountain and urban sites of southern China based on isotope observations,
None,True,Atmospheric Research,该论文研究中国近地表风速在1980-2024年间的趋势反转，涉及大气环境变化分析，与大气环境遥感技术（如气象观测、大气成分分析）密切相关。,"['near-surface wind speed', 'China', 'atmospheric trends']",Xi Chen;Jiayi Nie;Wentian Qiu;Qinghong Zhao;Hairong Li;Xiuhua Zhou;Chengyang Zhang;Kaiqiang Deng,Divergent trend reversals in near-surface wind speed over China during 1980–2024,
None,False,Atmospheric Research,该论文主要关注ERA5-Land数据集在模拟亚热带浅水湖泊热力学方面的性能评估，与大气环境遥感技术（如空气质量监测、卫星观测、大气成分分析、气溶胶反演）关系较弱。,"['ERA5-Land', 'subtropical shallow lake', 'thermodynamics']",Wei Wang;Zihan Zhu;Mi Zhang;Heng Lyu;Zhiwen Wen;Bo Wang;Qiuxiang Jin;Zhen Zhang;Taikan Oki;Xuhui Lee,Performance evaluation of ERA5-Land in simulating thermodynamics of a subtropical shallow lake against long-term observations,
None,True,Atmospheric Research,该论文研究了北太平洋夏季内季节性波动对北美气温和极端高温的影响，这与大气环境遥感技术中的空气质量监测和大气成分分析相关，因为气温和极端高温是大气环境的重要指标。,"['North Pacific intraseasonal waves', 'North American air temperatures', 'heat extremes']",Lei Du;Riyu Lu;Shanjun Luo;Chuandong Zhu;Yuhan Yan,Summer North Pacific intraseasonal waves drive North American air temperatures and heat extremes,
None,True,Atmospheric Research,该论文研究超级台风利奇马的快速增强过程中不同水汽物种对云-辐射强迫的影响，涉及大气成分分析和遥感技术，因此与大气环境遥感技术（如空气质量监测、卫星观测、大气成分分析、气溶胶反演）密切相关。,"['cloud-radiation forcing', 'hydrometeor species', 'super Typhoon Lekima', 'atmospheric composition', 'remote sensing technology']",Lyu Leyang;Xinyan Lyu;Melinda Peng;Xuyang Ge,Distinct cloud-radiation forcing of hydrometeor species during the rapid intensification of super Typhoon Lekima (2019),
None,True,Atmospheric Research,该论文研究了沿海青岛和西北太平洋降雨水中的细菌环境驱动因素，这与大气环境遥感技术中的空气质量监测和大气成分分析相关，因为降雨水中的细菌含量可以反映大气环境中的污染物和微生物分布。,"['rainwater bacteria', 'coastal Qingdao', 'Northwest Pacific Ocean']",Xiaoyu Wang;Yuanzhe Ni;Yangfei Ai;Zhongyu Diao;Jianhua Qi,Environmental drivers of rainwater bacteria over coastal Qingdao and the Northwest Pacific Ocean,
None,True,Atmospheric Research,该研究探讨了西风对青藏高原夏季降水年际变化的影响，涉及大气环流和降水模式，与大气环境遥感技术中的大气成分分析和气象观测相关。,"['westerlies', 'precipitation', 'Tibetan Plateau']",Xin Mao;Xingwen Jiang;Huimei Wang;Jiaxin Ye;Yiwei Zhang;Chao Chen,Impacts of westerlies on interannual variability of summer precipitation over the southwestern Tibetan Plateau,
None,True,Atmospheric Research,该论文研究了WRF模型在复杂地形中对湍流山地形态阻力（turbulent orographic form drag）的表示，并考虑了大气稳定性的影响。虽然论文主要关注大气动力学模型的改进，但山地形态阻力是影响大气污染物扩散和空气质量的重要因素，这与大气环境遥感技术中的空气质量监测和大气成分分析密切相关。因此，该论文与大气环境遥感技术有较强的关联性。,"['WRF model', 'turbulent orographic form drag', 'atmospheric stability']",Yulong Ma;Xingwen Jiang;Lin Mu;Qilin Wan;Zhiwei Heng,Improving the representation of turbulent orographic form drag with stability dependence in the WRF model over complex terrain,
None,True,Atmospheric Research,该论文研究了平流层臭氧入侵对中国东部近地面臭氧的影响，涉及大气成分分析和气象模型模拟，与大气环境遥感技术相关。,"['stratospheric ozone', 'near-surface ozone', 'CESM-MUSICA', 'eastern China', 'Typhoon Lekima']",Yichao Zhou;Xuewei Hou;Man Yue;Chenchao Zhan,Impact of stratospheric ozone intrusion on near-surface ozone in eastern China under Typhoon Lekima: A high-resolution CESM-MUSICA simulation analysis,
None,True,Atmospheric Research,该论文研究了东亚急流对central china地区气溶胶变异性调制的影响，涉及气溶胶传输和区域空气质量，与大气环境遥感技术中的空气质量监测和大气成分分析密切相关。,"['jet stream', 'aerosol variability', 'Central China', 'enhanced regional transport']",Yujie Jiang;Xiefei Zhi;Yongqing Bai;Ling Zhang;Yi Fan;Shoupeng Zhu;Tianliang Zhao,East Asian jet stream modulates interdecadal aerosol variability over Central China via enhanced regional transport,
None,True,Atmospheric Research,该论文使用FY-4卫星观测数据研究了中国东北冷涡下不同强对流事件的积云特征，涉及卫星观测和大气现象分析，与大气环境遥感技术密切相关。,"['FY-4 observations', 'convective clouds', 'severe convective events']",Yang Gao;Xiaoyong Zhuge;Xi Wang;Xiaowen Zhang,Characteristics of convective clouds associated with different severe convective events under Northeast China Cold Vortex revealed by FY-4 observations,
None,True,Atmospheric Research,该论文研究印度地表相对湿度，特别是东北地区的分析，涉及大气环境监测，与空气质量监测和大气成分分析相关。,"['surface relative humidity', 'India', 'North Eastern Region']",Rohit Gautam,"Analysis of surface relative humidity over India with special emphasis on the North Eastern Region: Data validation, trends and attribution",
None,True,Atmospheric Research,该论文研究大气河流如何调节季风亚洲的水文气象气候学，涉及大气环境中的水汽输送和降水分布，与大气环境遥感技术（如卫星观测、大气成分分析）密切相关。,"['atmospheric rivers', 'hydrometeor climatology', 'Monsoon Asia']",Mingzhu Li;Ju Liang,How atmospheric rivers modulate hydrometeor climatology over Monsoon Asia,
None,True,Atmospheric Research,该论文关注泰国地表湍流中的惯性行为临界粒径，这对PM2.5和粗颗粒空气质量的建模有影响，与大气环境遥感技术中的空气质量监测和粒子成分分析密切相关。,"['PM2.5', 'air-quality modelling', 'particle-size']",Chalermpol Wangsomcholk,Critical particle-size threshold for inertial behaviour in Thai surface-layer turbulence: Implications for PM<sub>2.5</sub> and coarse-particle air-quality modelling,
None,True,Atmospheric Research,该论文研究的是台风“海神”（Hinnamnor）的快速路径和强度变化，涉及到大气环境中的台风动态分析，属于大气环境遥感技术的范畴，特别是与气象观测和大气动力学相关。,"['typhoon', 'atmospheric', 'track', 'intensity']",Pin-Hong Chen;Ching-Yuang Huang,Can a cutoff low cause rapid track and intensity changes of typhoon hinnamnor (2022)?,
None,False,Atmospheric Research,该论文主要研究台风对长江中下游地区夏季复合高温干旱事件的影响，虽然涉及大气环境现象，但并未明确涉及遥感技术、空气质量监测、卫星观测或大气成分分析等具体技术内容，因此与大气环境遥感技术相关性不强。,"['tropical cyclones', 'Yangtze River', 'hot and dry events']",Jianqian Li;Chao Wang;Yuqin Wu;Liguang Wu;Haikun Zhao;Jian Cao,Track-dependent impacts of tropical cyclones on summer compound hot and dry events over the middle and lower reaches of the Yangtze River,
None,True,Atmospheric Research,该论文研究了六盘山山顶的气溶胶数量大小分布和光谱拟合，涉及气溶胶分布特征和数据分析，与大气环境遥感技术（如空气质量监测、卫星观测、大气成分分析、气溶胶反演）密切相关。,"['aerosol number size distribution', 'Mount Liupan', 'spectrum fitting']",Hejue Zhao;Zhuolin Chang;Jianren Sang;Liren Xu;Zezhong Sun;Run Luo;Le Jia;Ning Cao;Haoran Zhu;Yanbo Dai;Longyan Li;Jun Zhang;Wei Deng;Tianxue Wen;Kai Bi;Jiming Sun,Characteristics of aerosol number size distribution and spectrum fitting at the summit of Mount Liupan,
None,False,Atmospheric Research,该论文主要研究北极平流层臭氧变化对北大西洋海表温度偶极和欧亚气候遥相关的影响，虽然涉及大气环境，但重点在于气候动力学和遥相关，而非大气环境遥感技术，如空气质量监测、卫星观测或气溶胶反演。,"['ozone', 'North Atlantic SST', 'Eurasian climate']",Dingzhu Hu;Cuiting Zhao;Huimin Zhang,Arctic stratospheric ozone variability drives North Atlantic SST dipole and Eurasian climate teleconnections,
None,True,Atmospheric Research,该论文研究了GPM IMERG卫星数据在西班牙瓦伦西亚地区的亚日降水极端事件的性能极限，涉及卫星观测技术和降水分析，与大气环境遥感技术（特别是卫星观测和降水监测）密切相关。,"['GPM IMERG', 'sub-daily precipitation extremes', 'satellite observations']",Marc Semper;Manuel Curado;Jose F. Vicent;Leandro Tortosa,"Performance limits of GPM IMERG for sub-daily precipitation extremes over the Comunitat Valenciana, eastern Spain: Representativeness, attenuation, and pixel-scale displacement",
None,True,Atmospheric Research,该论文研究的是比利牛斯山脉冬季暖化现象及其对积雪消融的影响，涉及大气驱动因素和气候变化，与大气环境遥感技术中的空气质量监测和气候变化研究相关。,"['Pyrenees', 'snowmelt', 'atmospheric drivers']",Josep Bonsoms;Roberto Serrano-Notivoli,Winter warm spells in the pyrenees: synoptic drivers and snowmelt impacts (1960–2024),
None,True,Atmospheric Research,该论文标题和摘要明确涉及使用卫星数据（satellite）来分析地面NO2（二氧化氮）的气象动力学（meteorological dynamics）和排放足迹（emission footprints），这与大气环境遥感技术（如空气质量监测、卫星观测、大气成分分析、气溶胶反演）高度相关。,"['satellite', 'NO2', 'meteorological dynamics', 'emission footprints']",Mingbin Guo;Jianzhou Gong;Yuangong Chen;Yuqing Jian;Weifeng Xiao;Shikuan Wang,A satellite-constrained two-stage spatiotemporal framework for disentangling meteorological dynamics and emission footprints of ground-level NO<sub>2</sub>,
None,True,Atmospheric Research,该文章的标题和摘要明确涉及热带气旋中的非对称降雨估计改进，这属于大气环境遥感技术的范畴，特别是与卫星观测和大气组成分析相关。,"['asymmetric rainfall', 'tropical cyclones', 'TCRM']",Bingyao Guo;Qingqing Li;Qi Gao;Changyu Zhao;Ruyan Chen,Improving asymmetric rainfall estimation in tropical cyclones: A revised TCRM,
None,True,Atmospheric Research,该论文研究基于U-Net的空间协同校正技术，用于改进中国中部地区的夏季降水预测，这属于大气环境遥感技术范畴，特别是与大气成分分析和预测相关。,"['U-Net', 'spatial synergistic correction', 'gridded precipitation forecasts', 'atmospheric environmental remote sensing']",Guangxin He;Wei Wu;Zhigang Zhang;Zhanshan Ma;Juanzhen Sun;Haonan Chen;Jingjia Luo,U-Net-based spatial synergistic correction of gridded summer precipitation forecasts for CMA-MESO in Central China,
None,True,Atmospheric Research,该论文研究了中国东北地区的冷涡结构及其能量转换，并探讨了干燥入侵对不同分布类型的暴雨的影响。虽然主要关注气象学，但冷涡和干燥入侵是影响大气成分和空气质量的重要因素，因此与大气环境遥感技术（如空气质量和大气成分分析）具有一定相关性。,"['cold vortices', 'heavy rainfall', 'dry intrusion']",Yining Shen;Lijuan Wang;Zhaoyong Guan;Weijie Zeng;Xiaowen Zhao,Structure and energy conversion of Northeast China cold vortices with different distribution types of heavy rainfall influenced by dry intrusion,
None,True,Atmospheric Research,该论文研究了地表放射性对大气电性的影响，特别是在稳定边界层条件下的影响。大气电性是大气环境的一个重要参数，与空气质量和大气成分密切相关。因此，该研究涉及大气环境遥感技术，特别是与大气电性相关的监测和分析。,"['atmospheric electricity', 'stable boundary layer', 'radioactivity']",K.A. Nicoll;O. O'Neill;C. Miller;J. Paatero;T. Ulich,Surface radioactivity influences on atmospheric electricity during stable boundary layer conditions,
None,True,Atmospheric Research,该论文研究了使用ICON百米级集合预报对流风暴的技巧提升，涉及大气现象的数值模拟和集合预报技术，与大气环境遥感技术的应用（如风暴监测和大气现象分析）密切相关。,"['convective storm', 'ICON', 'hectometric-scale ensembles']",Matteo Siena;Thomas Gastaldo;Chiara Marsigli;Paolo Ruggieri;Silvana Di Sabatino,Improving forecast skill of a convective storm using ICON hectometric-scale ensembles,
None,True,Atmospheric Research,该研究利用卫星技术评估伊朗东部产生的沙尘暴，并关注其对邻国的跨界影响，这与大气环境遥感技术中的空气质量监测、卫星观测和大气成分分析密切相关。,"['satellite-based', 'dust storms', 'transboundary impacts']",Ali Darvishi Boloorani;Masoud Soleimani;Nastaran Nasiri;Fatemeh Amiri;Najmeh Neysani Samany;Ali Al-Hemoud;Iraj Gholami;Kan Huang,Satellite-based assessment of dust storms originating from Eastern Iran with measurable transboundary impacts,
None,False,Atmospheric Research,该论文研究的是土壤湿度对夏季中国北方亚季节性降水预报的影响，使用的是CWRF模型。虽然涉及大气和环境科学，但主要关注点在降水预报和模型，而非大气环境遥感技术（如空气质量监测、卫星观测、大气成分分析或气溶胶反演）。因此，与大气环境遥感技术的关联性不强。,[],Chenyi Zhang;Minghao Wang;Yong Luo;Qingquan Li;Lili Dong;Kailu Yu,Effects of soil moisture on subseasonal precipitation forecasts in North China during summer: A study using CWRF model,
None,True,Atmospheric Research,该研究关注大气氮沉降的长期变化，涉及大气成分分析，与大气环境遥感技术中的空气质量和大气成分监测相关。,"['atmospheric nitrogen', 'deposition efficiency', 'China']",Shangyi Wang;Yiheng Wang;Guochao Chen;Yuhao Wang;Zimeng Wang;Chenliang Tao;Hongliang Zhang,Sector-specific deposition efficiency shapes long-term changes in atmospheric nitrogen deposition in China,
None,True,Atmospheric Research,该论文研究广州地区闪电发生区域的垂直反射率核心特征，涉及雷电监测和大气电学特性，与大气环境遥感技术（如闪电监测和大气电离层分析）密切相关，但主要关注点在雷电而非空气质量或成分分析。,"['vertical reflectivity cores', 'lightning initiation regions', 'Guangzhou']",Fei Wang;Wen Yao;Yang Zhang;Dong Zheng,"Characteristics of vertical reflectivity cores at lightning initiation regions over Guangzhou, China",
None,True,Atmospheric Research,该论文的标题和摘要明确涉及云种子和气溶胶-云相互作用，这些内容与大气环境遥感技术密切相关，例如空气质量和大气成分分析。,"['cloud seeding', 'aerosol–cloud interactions', 'atmospheric impacts']",Sanhita Shende;Swapnaja Gajbhiye;Nandu B. Chaure,Cloud seeding and aerosol–cloud interactions: Environmental impacts and future perspectives,
None,False,Atmospheric Research,该论文主要关注青藏高原的温度数据集及其构建方法，涉及人工智能降尺度和站点校准技术，但与大气环境遥感技术（如空气质量监测、卫星观测、大气成分分析、气溶胶反演等）关系不大，因此相关性较低。,"['Tibetan Plateau', 'temperature dataset', 'AI downscaling']",Jianyu Wang;Yong Feng;Xingwen Jiang,Corrigendum to ‘A 3-km high-resolution daily temperature dataset over the Tibetan Plateau (1993–2023) based on artificial intelligence downscaling and station calibration’ [Atmospheric Research 341 (2026) 109100],
None,True,Atmospheric Research,该论文研究北京北部山前地区的冬季山地平原风环流结构，涉及行星边界层方案及其模拟不确定性，与大气环境遥感技术（如大气成分分析、风场监测）密切相关。,"['planetary boundary layer', 'wind circulation', 'atmospheric simulation']",Lei Zhang;Jinyuan Xin;Yongjing Ma;Xinbing Ren;Kecheng Peng;Luoqi Yang,Winter mountain-plain wind circulation structures at a Northern Beijing piedmont site: Characteristics and simulation uncertainties associated with planetary boundary layer schemes,
None,False,Atmospheric Research,该论文研究的是太平洋年代际振荡和大西洋海表温度对华中九月降水变化的协同效应，主要关注气候和气象学领域，与大气环境遥感技术（如空气质量监测、卫星观测、大气成分分析、气溶胶反演等）相关性较弱。,"['Pacific Decadal Oscillation', 'North Atlantic Sea surface temperatures', 'precipitation']",Yuanyuan Zhou;Jianqi Sun;Mengqi Zhang;Yixi Liu,Interdecadal changes of September precipitation over Central China: The synergistic effect of Pacific Decadal Oscillation and North Atlantic Sea surface temperatures,
None,True,Atmospheric Research,该论文研究了巴塔哥尼亚地区月度网格化降水产品的时空性能，涉及降水监测和数据处理，与大气环境遥感技术（如卫星观测和大气成分分析）密切相关。,"['precipitation', 'Patagonia', 'gridded precipitation products']",Santino Adduca;Santiago I. Hurtado;Natalia L. Pessacg;Leandro B. Díaz;Lorenzo Ricetti;Martín Jacques-Coper,Spatio-temporal performance of monthly gridded precipitation products in Patagonia,
None,True,Atmospheric Research,该论文研究了华南沿海地区锋面和暖区暴雨的微物理机制，涉及雨滴大小分布，这与大气环境遥感技术中的空气质量监测和大气成分分析相关，因为雨滴大小分布可以反映大气中的污染物和气溶胶特征。,"['raindrop size distribution', 'frontal rainfall', 'warm-sector rainfall', 'Coastal Southeast China']",Mingrui Guo;Wen Lin;Jingjing Lv;Chenglong Gong;Qing Duan;Jingxi Sun;Pengcheng Lin;Chunsong Lu;Yiqi Chen,Distinct raindrop size distribution microphysical mechanisms of frontal and warm-sector heavy rainfall in Coastal Southeast China,
None,True,Atmospheric Research,该论文研究了南极Belgrano II站平流层臭氧的长期变化驱动因素，涉及大气成分分析和空气质量监测，与大气环境遥感技术相关。,"['tropospheric ozone', 'Antarctica', 'air quality monitoring']",J.A. Adame;M. Navarro-Comas;H. Ochoa;C. Prados-Roman;M. Yela,"Synoptic-scale drivers of long-term tropospheric ozone variability at Belgrano II station, Antarctica",
None,True,Atmospheric Research,该论文研究中国南方的夏季气温异常及其对应的可预测信号，涉及大气环境温度分析，与大气环境遥感技术中的气温监测和异常分析相关。,"['air temperature anomalies', 'Southern China', 'atmospheric temperature', 'intraseasonal modes', 'predictable signals']",Zikang Jia;Zhihai Zheng;Guolin Feng,The main intraseasonal modes of summer air temperature anomalies in Southern China and their corresponding predictable signals,
None,False,Atmospheric Research,这篇论文研究的是中欧地区风力涡轮机相关的季节性闪电现象，主要关注的是雷电活动与风力涡轮机的关系，而不是大气环境遥感技术，如空气质量监测、卫星观测、大气成分分析或气溶胶反演等。因此，它与大气环境遥感技术没有强关联。,"['lightning', 'wind turbine', 'Central Europe']",M. Kákona;R. Duspara;Z. Sokol;J. Popová;J. Chum;J. Šlegl;M. Sommer;M. Lužová;R. Dvořák;V. Hanousek;J. Kákona;A. Kostinsky;I. Ambrožová;O. Ploc,Seasonal wind turbine-associated lightning in Central Europe,
None,False,Atmospheric Research,该研究关注的是北印度洋热带风暴活动对东亚和西太平洋环流异常的影响，主要涉及气象学和海洋学领域，与大气环境遥感技术（如空气质量监测、卫星观测、大气成分分析、气溶胶反演等）没有直接关联。,"['tropical storm', 'East Asia', 'Western Pacific']",Hua Chen;Xueying Meng;Boqing Wang;Tianhao Chen,Circulation anomalies over East Asia and the Western Pacific induced by tropical storm activity in the North Indian Ocean: Observational analysis,
None,True,Atmospheric Research,该论文标题和摘要涉及使用空间borne双频降水雷达来揭示各种极端降水类型的全球微物理特征，这直接与大气环境遥感技术相关，特别是降水监测和大气成分分析。,"['dual-frequency precipitation radar', 'spaceborne', 'microphysical characteristics', 'extreme precipitation', 'atmospheric remote sensing']",Yanghua Liu;Zinian Wang;Xiang Ni,Global distinct microphysical characteristics of various extreme precipitation types revealed by the spaceborne dual-frequency precipitation radar,
None,True,Atmospheric Research,该标题和摘要与大气环境遥感技术密切相关，因为云水路径是大气成分分析中的一个重要参数，而中央亚区的云水路径研究涉及遥感观测和时空分析技术。,"['cloud water path', 'Central Asia', 'atmospheric composition']",Zepeng Tong;Ping Chen;Yong Zeng;Ali Mamtimin;Zhanshan Ma;Zhigang Zhang,The temporal and spatial characteristics and long-term trends of cloud water path in Central Asia,
None,False,Atmospheric Research,该论文研究的是巴西马拉尼昂州雨季期间干旱期的时空变化，与大气环境遥感技术（如空气质量监测、卫星观测、大气成分分析、气溶胶反演等）没有直接关联。,[],Wellington Cruz Corrêa;Andreza Maciel de Sousa;João Valério de Souza Neto;Andressa Carvalho de Sousa;Edvaldo Sagrilo;José Oscar Lustosa de Oliveira Júnior;José Francisco de Oliveira-Júnior;Nítalo Andre Farias Machado,"Spatiotemporal variability of dry spells during the rainy season in Maranhão state, Brazil",
None,True,Atmospheric Research,该论文研究的是利用深度学习技术对海面风场进行偏差校正，这与大气环境遥感技术中的卫星观测和大气成分分析密切相关。虽然主要关注点是风场，但海面风场是大气科学研究的重要参数，且偏差校正技术在大气遥感数据中同样具有应用价值。因此，该论文与大气环境遥感技术有较强的相关性。,"['sea surface wind field', 'bias correction', 'deep learning']",Chen Zhang;Shuqin Liang;Jianxin Wang;Bo Liu;Yahui Liu;Tao Song;Yuhang Zhu,WindFormer: Spatio-temporal deep learning for refined sea surface wind field bias correction,
None,True,Atmospheric Research,该论文的标题和摘要明确涉及微波卫星观测技术，特别是水滴吸收对观测模拟的影响，这与大气环境遥感技术中的大气成分分析和卫星观测密切相关。,"['microwave satellite observation', 'water droplet absorption', 'atmospheric composition analysis']",Yuxuan Feng;Jieying He;Gang Ma;Zongru Yang;Chao Zhang,The impact of minute water droplet absorption on microwave satellite observation simulation,
None,True,Atmospheric Research,该论文研究了使用合成孔径雷达解释性人工智能模型对复杂地形卫星降水数据进行偏差校正和区域化的方法，这与大气环境遥感技术密切相关，特别是卫星降水监测和空气质量监测领域。,"['satellite precipitation', 'bias correction', 'artificial intelligence']",Moein Tosan;Vahid Nourani;Vijay P. Singh;Ozgur Kisi;Jan Franklin Adamowski;Yongqiang Zhang;Mohammad Reza Alizadeh,Synoptic-aware explainable artificial intelligence (SA-XAI) model for bias correction and regionalization of satellite precipitation over complex terrain,
None,True,Atmospheric Research,该论文与大气环境遥感技术密切相关，因为它是关于卫星遥感降水估计的研究，这属于大气成分分析的一部分。,"['satellite', 'precipitation estimates', 'global hourly', 'daily precipitation']",Pengsheng Li;Xiao-Feng Li;Jingjing Yu;Song Yang,Declining uncertainties in satellite-based global hourly and daily precipitation estimates,
None,True,Atmospheric Research,该论文研究城市扬尘事件，涉及风致再悬浮现象，并使用计算流体动力学（CFD）进行分析，与大气环境遥感技术中的空气质量监测和大气成分分析相关。,"['urban dust', 'wind induced resuspension', 'CFD analysis']",Jakub Linda;Miroslav Šinger;Amra Hasečić;Dávid Frnda;Jiří Pospíšil,Short duration urban dust events driven by wind induced resuspension: observational evidence from a European city and inverse CFD analysis,
None,False,Atmospheric Research,该论文研究的是干旱地区极端降水行为的变化，虽然涉及大气环境，但主要关注降水行为而非遥感技术，如空气质量监测、卫星观测或大气成分分析。,"['extreme precipitation', 'arid environment', 'characterizing']",Mohammad Reza Nikoo,From stationary to non-stationary: Characterizing extreme precipitation behavior in an arid environment,
None,True,Atmospheric Research,该论文研究的是利用低层变形动力学定义东亚夏季季风锋，这与大气环境遥感技术中的大气动力学和季节性天气系统监测相关，属于大气环境遥感技术领域。,"['East Asian summer monsoon', 'low-level deformation', 'atmospheric dynamics']",Minwoo Kim;Eun-Chul Chang;Joowan Kim;Seok-Woo Son;Hee Choon Lee;Hyun-Suk Kang,Dynamical definition of the East Asian summer monsoon front using low-level deformation,
None,True,Atmospheric Research,该论文研究热带气旋增强的西南季风高降水事件，涉及大气环境条件和降水现象，与大气环境遥感技术中的大气成分分析和气象观测相关，因此具有较强的相关性。,"['tropical cyclone', 'southwest monsoon', 'precipitation events', 'atmospheric conditions']",Alwin Andriel L. Bathan;Lyndon Mark P. Olaguera;Faye Abigail T. Cruz;Jose Ramon T. Villarin;John A. Manalo;Jun Matsumoto,Synoptic conditions favoring tropical cyclone-enhanced southwest monsoon high precipitation events in the Philippines,
None,True,Atmospheric Research,该研究关注硝酸盐光解对环境亚硝酸根（HONO）的贡献，这与大气环境遥感技术中的空气质量监测密切相关。亚硝酸根是大气氧化剂的重要成分，其来源解析对于理解空气质量变化具有重要意义，因此该研究主题与大气环境遥感技术高度相关。,"['HONO', 'nitrate photolysis', 'air quality monitoring']",Ziying Chen;Feng Zhang;Lingling Xu;Ziyi Lin;Xiuwen Yong;Yuping Chen;Gaojie Chen;Xiaoting Ji;Xiaolong Fan;Lingjian Wang;Mengren Li;Jinsheng Chen,Nitrate photolysis as major summer daytime sources of ambient HONO in Southeastern Coastal China,
None,True,Atmospheric Research,该论文研究台风“梅花”(2022)在增强和减弱过程中眼壁的微物理演化，涉及大气成分和台风结构，与大气环境遥感技术（如卫星观测、大气成分分析）相关。,"['Typhoon', 'eyewall', 'atmospheric composition']",Dongdong Wang;Sheng Chen;Haiyang Zhang;Wenjuan Li;Xiaoping Tu;Xiaolin Lan;Haohao Xu,Microphysical evolution of the eyewall during intensification and weakening of Typhoon Muifa (2022),
None,True,Atmospheric Research,该论文研究了半干旱城市中的降水化学成分，探讨了酸度的主要驱动因素。虽然未直接提及遥感技术，但研究内容与大气环境监测（如空气质量、降水成分分析）相关，是大气环境科学的一部分。,"['precipitation chemistry', 'semi-arid city', 'acidity']",Dongqi Chen;Bing Sun;Haijun Zhou;Wenjing Sun;Huifang Ren;Ying Sun;Xiaoqin Zhao;Xiaotao Fu;Zhonghua Li,Precipitation chemistry in a semi-arid city: Insights from the driving factors of acidity,
None,True,Atmospheric Research,该论文研究了波河平原的一次强烈冰雹事件，使用了观测数据和WRF模型进行分析。虽然主要关注冰雹事件，但涉及大气现象的观测和模型模拟，与大气环境遥感技术（如大气成分分析、气象观测）有一定关联，因此认为其相关。,"['hail event', 'Po Valley', 'WRF model']",Antonio Ricchi;Olivia Vashti Ayim;Pier Paolo Alberoni;Rossella Ferretti,Analysis of an intense hail event in the Po Valley using observation and WRF model,
None,True,Atmospheric Research,该论文研究了高海拔青藏高原城市站点中有机气溶胶的季节性变化、分子驱动因素和光吸收特性，这与大气环境遥感技术（如空气质量监测、大气成分分析等）密切相关。,"['organic aerosols', 'Tibetan Plateau', 'light absorption properties']",Lijuan Qi;Yanhui Ha;Xiaotong Wang;Junchao Zhao;YanLin Zhang;Huan Liu;Rong Chen,Distinct seasonality of organic aerosols at a high-altitude Tibetan Plateau urban site: Molecular drivers and light absorption properties,
None,True,Atmospheric Research,该论文研究海风动力学对北部尤卡坦半岛均匀和局部海表温度异常的敏感性，涉及大气动力学和海洋-大气相互作用，与大气环境遥感技术相关，例如通过卫星观测海表温度异常来监测和分析大气环境变化。,"['sea breeze', 'SST anomalies', 'atmospheric dynamics']",E. Salcedo;J.C. Cajas;C. Treviño;I. Mariño-Tapia;L. Martínez-Suástegui,Sensitivity of sea breeze dynamics to uniform and localized SST anomalies over the Northern Yucatán Peninsula,
None,True,Atmospheric Research,该论文研究的是使用WRF模型结合尺度感知积云方案对东亚夏季降雨预报的影响，涉及大气环境的数值模拟和预报技术，与大气环境遥感技术中的空气质量监测和大气成分分析有一定关联，但主要关注点在气象预报而非遥感技术本身。,"['WRF', 'scale-aware cumulus schemes', 'summer rainfall forecast']",Weiguang Liu;Xin Li;Hao Miao;Shiwei Sun;Wenru Shi;Kefeng Zhu,Sensitivity of summer rainfall forecast over eastern China to horizontal resolutions: A study using scale-aware cumulus schemes in WRF,
None,False,Atmospheric Research,该论文主要研究热带南大西洋对热带北大西洋海表面温度的调制作用，以及其对西太平洋热带气旋生成的关系，虽然涉及大气环境，但与大气环境遥感技术（如空气质量监测、卫星观测、大气成分分析、气溶胶反演等）的直接相关性较弱。,"['sea surface temperature', 'tropical cyclone', 'atmospheric composition']",Lingling Zhang;Jinjie Song;Philip J. Klotzbach;Qingyuan Liu,Tropical South Atlantic modulation of the tropical North Atlantic sea surface temperature – western North Pacific tropical cyclone genesis relationship,
None,True,Atmospheric Research,该论文研究的是华北地区层云降水事件的微物理特征，涉及冰相和液相过程的区别，这与大气环境遥感技术中的云和降水观测密切相关，属于空气质量和大气成分分析领域。,"['stratocumulus cloud', 'riming', 'melting processes', 'atmospheric cloud precipitation']",Zhuoxuan Shen;Xiaoli Liu;Yan Li;Jingyuan Xiong;Kerui Min;Hengjia Cai;Nan Wang,Distinct microphysical characteristics of riming and melting processes in a stratocumulus cloud precipitation event over North China,
None,True,Atmospheric Research,该论文使用雷达技术对印度核心季风区的大雨事件进行分类，研究其垂直结构和时间演变，这与大气环境遥感技术（如空气质量和大气成分监测）密切相关。,"['radar', 'rain-type classification', 'heavy-rain', 'Indian Core Monsoon Zone', 'vertical structure']",Harshad S. Hanmante;Sachin M. Deshpande;Subrata Kumar Das;Medha Deshpande,Radar-derived rain-type classification for heavy-rain episodes over the Indian Core Monsoon Zone: Insights into vertical structure and temporal evolution,
None,False,Atmospheric Research,该论文的主题是北太平洋冷海表温度异常对南亚高压中心长期东移的影响，主要涉及气候学和气象学，而非大气环境遥感技术，如空气质量监测、卫星观测、大气成分分析或气溶胶反演。因此，它与大气环境遥感技术的相关性不强。,[],Ran Duan;Kai Qie;Tao Wang;Jiakang Duan;Mingzhen Gu;Jiali Luo,North Atlantic cold SST anomaly contributes to the long-term eastward shift of the South Asian High center,
None,True,Atmospheric Research,该论文研究了春季亚洲急流作为西太平洋台风活动的前兆现象的可观测性，涉及大气环境的遥感和观测技术，因此与大气环境遥感技术（如台风活动监测、大气成分分析等）密切相关。,"['Asian-jet', 'western North Pacific typhoon activity', 'observability']",Zi-Liang Li;Xiao-Ran Wu,Pathway-dependent observability of a spring Asian-jet precursor for western North Pacific typhoon activity,
None,True,Atmospheric Research,该论文研究的是长江三角洲地区过去十年PM2.5污染事件与主要天气模式的关系，涉及空气质量和气象学，与大气环境遥感技术中的空气质量监测和气象模式分析相关。,"['PM2.5', 'synoptic weather patterns', 'Yangtze River Delta']",Zhongrui Xie;Lili Shi;Xianman Ye;Qifan Shuai;Yaofu Zhu;Xiyao Chen;Ben Ye;Liang Xu;Min Gao;Shupeng Zhu;Shoujuan Shu;Renguang Wu;Weijun Li,Evolution of dominant synoptic weather patterns associated with PM<sub>2.5</sub> pollution events in the Yangtze River Delta over the past decade,
None,True,Atmospheric Research,该论文研究了利用耦合三维变分同化和深度学习代理框架进行中国区域二氧化硫排放的近实时反演。这涉及大气成分分析和空气质量监测技术，与大气环境遥感技术密切相关。,"['SO₂', 'emission', 'variational assimilation', 'deep learning']",Hancheng Ye;Zengliang Zang;Yiwen Hu;Ning Liu,Near-real-time inversion of SO₂ emission via coupled three-dimensional variational assimilation and deep learning surrogate framework over China,
None,True,Atmospheric Research,该论文研究了堪察加半岛下游环流异常在极端寒事件中对东亚的影响，涉及大气环流和区域气候现象，与大气环境遥感技术（如卫星观测和大气成分分析）密切相关。,"['atmospheric circulation', 'Kamchatka Peninsula', 'Eastern China']",Wencai Liu;Ning Shi;Huijun Wang,Contrasting downstream Kamchatka Peninsula circulation anomalies during extreme cold events over Eastern China and the upstream influence of these anomalies,
None,True,Atmospheric Research,该论文研究气溶胶到云凝结核（CCN）的活化过程，涉及气溶胶的尺寸和成分效应，使用来自印度西高止山脉高海拔站点的长期数据集进行分析。这与大气环境遥感技术密切相关，特别是空气质量和大气成分分析领域。,"['Aerosol-to-CCN', 'size', 'composition', 'Western Ghats', 'high-altitude site']",Sachin S. Patil;Subrata Mukherjee;V. Anil Kumar;P.P. Leena;Vinayak Waghamare;M.Y. Aslam;V.S. Arun;Lalit Chaudhari;Ajit Waware;Sunil M. Sonbawne;G. Pandithurai;B. Padma Kumari,"Decoding Aerosol-to-CCN activation: Insights into size and composition effects using a long-term dataset from a high-altitude site in the Western Ghats, India",
None,True,Atmospheric Research,该论文研究青藏高原夏季水分的年际变化机制，涉及大气环流和水分输送的Lagrangian路径分析，与大气环境遥感技术中的空气质量监测、大气成分分析等领域密切相关，因此具有相关性。,"['Tibetan Plateau', 'Lagrangian pathways', 'moisture', 'interannual variations']",Hongwen Liu;Wenshou Tian;Hao Wu;Li He;Hua Qin;Hongying Tian;Tao Wang,A mechanism of interannual variations in summer moisture over the Tibetan Plateau from the perspective of Lagrangian pathways,
None,False,Atmospheric Research,该论文的标题和摘要主要关注热带东亚洲季风区域的支配环流模式对夜间气候的影响，未提及与大气环境遥感技术直接相关的主题，如空气质量监测、卫星观测、大气成分分析或气溶胶反演。因此，该论文与大气环境遥感技术的关系不强。,[],Ruidan Chen;Wenting Lin;Siao Tang;Lan Wei,Dominant circulation patterns influencing the tropical night in the East Asian monsoon region,
None,False,Atmospheric Research,该论文的标题和摘要主要关注雨滴碰撞的观测和理论模型验证，与大气环境遥感技术（如空气质量监测、卫星观测、大气成分分析、气溶胶反演）的主题无关。,[],Kalimur Rahman;Firat Y. Testik,Raindrop collision outcomes: Field observations and validation of the T09 theoretical regime diagram,
None,True,Atmospheric Research,该研究探讨了乌兰巴托市水溶性棕碳的光学特性及其季节性变化，以及居民固体燃料燃烧的影响，这与大气环境遥感技术中的空气质量监测和大气成分分析密切相关。,"['brown carbon', 'optical properties', 'residential solid-fuel combustion', 'Ulaanbaatar']",Hyeyeon Lee;Sumin Ok;Tsatsral Batmunkh;Jinsang Jung,"Seasonal variability and residential solid-fuel combustion influence on the optical properties of water-soluble brown carbon in Ulaanbaatar, Mongolia",
None,True,Atmospheric Research,该论文研究的是印度洋偶极子对黎凡特地区冬季持续干旱变化的影响，涉及大气环境变化和气候模式，与大气环境遥感技术（如大气成分分析、气候变化监测）密切相关。,"['Indian Ocean dipole', 'winter persistent dry spells', 'atmospheric variability']",Sigalit Berkovic;Victor Murphy;Assaf Hochman,Unraveling the variability of winter persistent dry spells in the levant via the Indian Ocean dipole,
None,True,Atmospheric Research,该论文研究帕米尔高原复杂地形中的降水变化及其机制，涉及大气过程和地形影响，与大气环境遥感技术（如大气成分分析、气象观测）相关。,"['precipitation', 'Eastern Pamir Plateau', 'atmospheric processes']",Mengying Yao;Junqiang Yao;Weiyi Mao;Jing Chen;Jiangang Li,Elevation-dependent precipitation in the complex Terrain of Eastern Pamir Plateau: Characteristics and mechanisms,
None,False,Atmospheric Research,该论文研究的是全球河流域的多变量干旱热事件的驱动因素和复合效应，主要涉及水资源和环境科学领域，与大气环境遥感技术（如空气质量监测、卫星观测、大气成分分析、气溶胶反演等）没有直接关系。,[],Xin Feng;Weizhi Gao;Zhaoli Wang;Xushu Wu;Yuxiang Zhao;Jiajin Feng;Josep Peñuelas;Jordi Sardans,Quantifying drivers and compound effects of multivariate drought heat events in global river basins,
None,True,Atmospheric Research,该论文研究了中国西北背景区域的垂直气溶胶剖面以及区域传输的影响，使用了地面激光雷达技术，这与大气环境遥感技术（如空气质量监测、卫星观测、大气成分分析、气溶胶反演）密切相关。,"['aerosol profiles', 'ground-based lidar', 'regional transport']",Kai Cheng;Xia Li;Yaqiong Kuang;Yuting Zhong;Haiyang Cai;Shuting Li,Vertical aerosol profiles and the impact of regional transport in a background region of Northwest China: Insights from ground-based lidar,
None,True,Atmospheric Research,该论文的标题和摘要明确涉及大气现象（雷暴）及其在特定地理区域（拉普拉塔盆地）的短期可预测性，这与大气环境遥感技术中的气象观测、大气成分分析等领域相关。虽然摘要未直接提及遥感技术，但雷暴的研究通常需要依赖卫星或地面观测数据，因此可以认为其与大气环境遥感技术有一定关联。,"['thunderstorms', 'La Plata Basin', 'atmospheric predictability']",Gabriel Elias Mandanda;Maria Assunção Faus da Silva Dias;Marlon Sproesser Mathias,Short-term predictability of thunderstorms in the La Plata Basin,
None,True,Atmospheric Research,该论文研究沙特阿拉伯雷暴环境的改变，包括频率、变异和驱动因素，这与大气环境遥感技术相关，因为雷暴是大气现象，可以通过遥感技术进行监测和分析。,"['thunderstorms', 'frequency', 'variability', 'drivers of change']",Moutassem El Rafei;Andrew Dowdy;Mazen E. Assiri;Md. Arfan Ali;Muhammad Haroon Siddiqui;Sajjad Saeed;Saeed Ahmad Alghamdi;Shamsuddin Shahid,"Changing thunderstorms environments in Saudi Arabia: Frequency, variability and drivers of change",
None,True,Atmospheric Research,该论文研究的是印度恒河和亚穆纳河流域极端降雨事件在近几十年来空间连接和同步性的变化，这属于大气环境遥感技术中关于空气质量监测和卫星观测的范畴。,"['extreme rainfall', 'Ganga River Basin', 'Yamuna River Basin', 'spatial connection', 'synchronization']",Ripunjay Pandey;Pragati Prajapati;Ashish Kumar Meena;Akshay Singhal;Sanjeev Kumar Jha;Kundan Kandhway,Changes in the spatial connection and synchronization of extreme rainfall events in recent decades over the Ganga and Yamuna River Basins of India,
None,True,Atmospheric Research,该论文研究了气溶胶散射辐射效应对臭氧垂直结构的影响，涉及大气成分分析和空气质量监测，与大气环境遥感技术密切相关。,"['aerosol', 'radiative effect', 'ozone vertical structure', 'Pearl River Delta']",Boru Mai;Xuejiao Deng;Ying Li;Tao Deng;Tushi Yang;Haoxiang Xu;Xia Liu;Tingyuan Li;Naixiu Sun;Jun Zhou;Qibin Sun;Guowen He;Jieyi Li,The aerosol scattering radiative effect significantly impacts the ozone vertical structure: A case study in the Pearl River Delta region of China,
None,True,Atmospheric Research,该论文研究非洲地区的复合气候极端事件及其时空变化与相关的大气环流，这与大气环境遥感技术中的大气成分分析和天气监测密切相关，因此具有相关性。,"['climate extremes', 'atmospheric circulations', 'spatiotemporal variability']",Mhenzi Fredy;Huixin Li;Jiani Zeng;Anqin Tan;King’uza Henry;Mtupili Msafiri;Semgomba Daniel;Madundo Albert;Bakar Mohammed,Compound climate extremes in Africa: Spatiotemporal variability and associated atmospheric circulations,
None,True,Atmospheric Research,该论文研究的是东亚夏季降水的模拟，使用了改进的简化阿拉瓦-舒伯特对流方案。虽然论文主要关注降水模拟，但降水过程与大气成分和空气质量密切相关，因此与大气环境遥感技术有较强的关联性。,"['precipitation', 'Arakawa–Schubert convection scheme', 'atmospheric simulation']",Shu Gui;Ruowen Yang;Lei Cai;Yali Yang;Ying Ming;Yu Lian;Meng Li;Kexu Zhu;Hao Zeng,Enhanced simulation of East Asian summer precipitation with a revised simplified Arakawa–Schubert convection scheme,
None,True,Atmospheric Research,该论文与大气环境遥感技术相关，因为研究关注的是比利牛斯山脉冬季雨雪事件的频率变化，这涉及到大气成分和降水监测，这些都可以通过遥感技术进行观测和分析。,"['rain-on-snow', 'Pyrenees', 'winter']",Josep Bonsoms,Toward more frequent winter rain-on-snow events in the Pyrenees,
None,False,Atmospheric Research,该论文研究的是北大西洋和北太平洋上层海洋热含量变化对欧亚冬季变暖的影响，属于海洋和气候领域的研究，与大气环境遥感技术（如空气质量监测、卫星观测、大气成分分析、气溶胶反演）关系不大。,"['upper ocean heat content', 'Eurasian winter warming', 'North Atlantic', 'North Pacific']",Jianghan Zhao;Bingyi Wu,Synchronized subpolar North Atlantic and North Pacific upper ocean heat content transition has driven Eurasian winter warming since 2013,
None,True,Atmospheric Research,该论文研究了北美夏季气溶胶的时空分布及其对云宏观物理性质的影响，涉及气溶胶和云的遥感监测与分析，与大气环境遥感技术密切相关。,"['Aerosol', 'Cloud macrophysical properties', 'North America']",Cheng-Hsiang Chang;W. Patrick Arnott;Xiyue Zhang,Aerosol spatiotemporal patterns and their impacts on cloud macrophysical properties during summer in North America,
None,True,Atmospheric Research,该论文研究西北中国在夏季降水昼夜循环的相位分类及其与地形耦合关系，涉及大气环境监测中的降水分析和地形影响，与大气环境遥感技术（如卫星观测和大气成分分析）相关。,"['precipitation', 'diurnal cycle', 'topography']",Zixing Kang;Ya Huang;Yanping Li;Dingjia Ye;Guiping Li,Phase-based classification of the diurnal cycle of summer precipitation over Northwest China and its coupling with topography,
None,True,Atmospheric Research,该论文研究了利用SODAR（声波测风雷达）观测到的勒旺西部高斯大气边界层动力学，涉及大气环境监测技术，特别是地面观测设备对大气动力学的分析，与遥感技术在空气质量和大气成分分析中的应用相关。,"['atmospheric boundary layer', 'SODAR', 'Leeward Western Ghats']",Rani P. Pawar;Dada P. Nade;Omkar M. Patil;Ravi T. Waghmare;Thiyagesan Dharmaraj;Sambhaji M. Pawar;Hamza Varikoden;Sachin S. Panhalkar,Initial results on atmospheric boundary layer dynamics over the Leeward Western Ghats from SODAR observations at Atigre,
None,True,Atmospheric Research,该研究利用GPM DPR观测数据分析了天山山脉的降雪云微物理特性，涉及卫星观测和大气成分分析，与大气环境遥感技术密切相关。,"['GPM DPR', 'snowfall clouds', 'Tianshan mountains']",Jiangeng Wang;Ziyan Luo;Li Guan;Chang He;Hanyu Hu;Chao Lv;Xingyu Yang;Hanshan Bao,Microphysical characteristics of snowfall clouds over the Tianshan mountains based on GPM DPR observations,
None,True,Atmospheric Research,该论文研究高海拔气溶胶的吸湿性对华北平原云微物理过程的影响，涉及气溶胶和云的相互作用，与大气环境遥感技术中的空气质量监测和大气成分分析密切相关。,"['aerosol hygroscopicity', 'cloud microphysics', 'WRF fast-SBM modeling']",Qian Gao;Hui He;Xiang'e Liu;Yan Yang;Rong Yuan;Ping Tian;Kai Bi;Fei Wang;Jiujiang Sheng;Yongqing Wang,Impacts of high-altitude aerosol hygroscopicity on cloud microphysics in the North China Plain: A WRF fast-SBM modeling study,
None,True,Atmospheric Research,该论文研究的是ENSO（厄尔尼诺-南方涛动）与季风 teleconnections（远距离联系），涉及印度降雨和温度变异性，这些都与大气环境变化有关，但并非直接涉及大气环境遥感技术，如空气质量监测、卫星观测或成分分析。因此，它属于大气科学领域，但与大气环境遥感技术的直接相关性不强。,"['ENSO', 'monsoon', 'spectral coherence', 'wavelet', 'Indian rainfall']",Guhan Velusamy;Dharma Raju Akasapu;Nagaratna Kopparthi;Sheshakumar Goroshi,"Multi-scale diagnostics of ENSO–monsoon teleconnections: Spectral, coherence, and wavelet insights from Indian rainfall and temperature variability",
None,True,Atmospheric Research,该论文研究的是东藏高原云底高度的白天和月度特征，使用了地面激光雷达和ERA5再分析数据，这与大气环境遥感技术（如空气质量监测、卫星观测、大气成分分析、气溶胶反演）密切相关。,"['cloud base height', 'ground-based lidar', 'ERA5 reanalysis', 'Eastern Tibetan Plateau']",Hongmei Ji;Jian Li;Dan Li;Hao Wu;Jian Li,Diurnal and monthly characteristics of cloud base height over the Eastern Tibetan Plateau: An intercomparison of ground-based lidar and ERA5 reanalysis,
None,False,Atmospheric Research,该论文主要研究意大利南部三个地区的降雨格局和季节性变化，虽然涉及大气环境，但未明确涉及遥感技术，如空气质量监测、卫星观测或大气成分分析等。,"['rainfall regime', 'seasonality changes', 'semi-arid Mediterranean areas']",Matteo Ippolito;Paolo Nasta;Andreas Langousis;Marcella Cannarozzo;Nunzio Romano;Roberto Deidda;Dario Pumo,Rainfall regime and seasonality changes in semi-arid Mediterranean areas: Evidence from three regions of southern Italy (1922–2022),
None,True,Atmospheric Research,该论文研究了秘鲁伊卡地区极端沙尘暴入侵的电学提前时间，涉及大气成分分析和空气质量监测，与大气环境遥感技术密切相关。,"['dust-front', 'air quality', 'atmospheric composition']",Rubén M. Romero;Rene Loayza;Gustavo Huaman;Dante Calderón;Yovanny Buleje;Joseph Arroyo;Miguel Tasayco;Cesar Torres;José Tacza;Sergio Szpigel;Jean-Pierre Raulin,"Electrical lead time during an extreme haboob-like dust-front intrusion in Ica, Peru",
None,False,Atmospheric Research,该论文研究的是西欧地区低对流有效位能区域秋季和冬季龙卷风现象，与大气环境遥感技术（如空气质量监测、卫星观测、大气成分分析、气溶胶反演）关系不大，主要关注气象学和自然灾害领域。,[],Matthieu Lacroix;Flavio Tiago Couto;Yanni Gunnell,Intense autumn and winter tornadoes in a region of low convective available potential energy: Insights from western continental Europe (1940–2022),
None,True,Atmospheric Research,该论文研究了大气湿度对喜马拉雅前沿地区雷暴顶高度的影响，涉及大气成分和气象现象，与大气环境遥感技术（如大气成分分析）密切相关。,"['atmospheric moisture', 'thunderstorm top height', 'Southern Himalayan Front']",Xiaoteng Huang;Xueke Wu;Zihao Zhang;Yuhang Hu;Jianwei Li;Xiaotong Li;Jiankai Zhang;Yifan Cheng,Atmospheric moisture controls thunderstorm top height along the Southern Himalayan Front: A dual-regime mechanism,
None,True,Atmospheric Research,该论文研究青藏高原夏季强降水的大尺度环流模式，涉及大气环流和降水分布，与大气环境遥感技术中的大气成分分析和卫星观测有密切关系。,"['large-scale circulation patterns', 'summer heavy precipitation', 'Tibetan Plateau']",Yu Geng;Hong-Li Ren,Distinct large-scale circulation patterns shaping summer heavy precipitation in the Tibetan Plateau,
None,True,Atmospheric Research,该论文评估了GPM IMERG卫星降水估算在不同降雨类型（季风、对流和气旋）下的表现，涉及卫星观测技术和降水分析，与大气环境遥感技术密切相关。,"['GPM IMERG', 'precipitation estimates', 'Oman']",Badriya Al Mawali;Issam Ali;Alaa Ibrahim;Sultan Al Yahyai,"Evaluation of GPM IMERG precipitation estimates across contrasting rainfall regimes in Oman: Monsoonal, convective, and cyclonic (Shaheen) events",
None,True,Atmospheric Research,该研究对比了城市和高海拔山区在雨季期间冰核粒子的能力，这与大气环境遥感技术中的大气成分分析、气溶胶反演等密切相关，因此相关性强。,"['ice nucleating particles', 'urban', 'high-altitude mountain', 'rainy season', 'atmospheric composition']",Emma Negrete-Harper;Graciela B. Raga;Rocío García;Sebastián Mendoza-Téllez;Luis A. Ladino,Contrasting ice nucleating particles abilities in urban and high-altitude mountain sites during the rainy season,
None,True,Atmospheric Research,该论文研究了华北地区春季尘埃气溶胶的趋势，涉及CMIP6历史模拟和多源观测数据，与大气环境遥感技术中的气溶胶监测密切相关。,"['dust aerosol', 'North China', 'CMIP6', 'multi-source observations']",Tong Sha;Haoxuan Li;Jingda Liu;Guiqian Tang;Yuesi Wang,Insights into spring dust aerosol trends over North China from CMIP6 historical simulations and multi-source observations,
None,True,Atmospheric Research,该标题和摘要明确涉及气溶胶与雾的相互作用以及雾对大气成分的影响，这与大气环境遥感技术（如空气质量监测、大气成分分析）密切相关。,"['aerosols', 'fog interactions', 'atmospheric composition']",Jayaraju Pakki;Abhishek Chakraborty,Dense vs light fog: New insights into aerosols-fog interactions and fog driven changes,
None,True,Atmospheric Research,该论文研究了中国南部和内陆高原八个地区的雷暴细胞的特征，包括环境参数和云地闪电，这与大气环境遥感技术中的大气成分分析和雷电监测相关，因此是强相关的。,"['thunderstorm cells', 'environmental parameters', 'cloud-to-ground lightning']",Jie Deng;Fengxia Guo;Ke Chen;Qingyuan Wang;Miao He;Hanghang Fu;Yutan Chen,The characteristics of environmental parameters and cloud-to-ground lightning of thunderstorm cells in eight regions of South and Inland Plateau in China,
10.1126/sciadv.adz0583,False,Science Advances,该论文主要关注肺大细胞神经内分泌癌的蛋白质组学和基因组学分析，涉及肿瘤生物学和免疫疗法研究，与大气环境遥感技术（如空气质量监测、卫星观测、大气成分分析、气溶胶反演）没有直接关联。,[],Lele Zhang;Liangdong Sun;Shengnan Duan;Yilv Yan;Jinyi Song;Linghui Xia;Huansha Yu;Jijun Sun;Junjie Hu;Di Wang;Lu Han;Jue Wang;Yan Chen;Hu Zhou;Chen Wang;Haiyang Hu;Ming Ding;Peng Zhang,Proteogenomic characterization of pulmonary large-cell neuroendocrine carcinoma identifies molecular features and therapeutic strategy,"Pulmonary large-cell neuroendocrine carcinoma (LCNEC) is a rare yet highly aggressive subtype of non-small cell lung carcinoma (NSCLC) with limited therapeutic options. We conduct a comprehensive proteogenomic analysis of LCNEC using tumors and paired normal adjacent tissues from 107 patients (81 pure LCNEC and 26 combined LCNEC). APOBEC mutational signatures strongly correlate processes of tumor initiation and immune suppression, andKEAP1mutations correlate with metabolic reprogramming in LCNEC combined with NSCLC. A conflicting relationship is observed between neuroendocrine and immune phenotypes. We identify three LCNEC subtypes with unique prognosis features, microenvironment dysregulation, genetic alterations, and potential therapeutic targets. Interleukin-33 (IL-33) emerges as a critical therapeutic biomarker associated with enhanced T cell infiltration and antitumor activity. We further optimize recombinant IL-33 (rIL33) with site-directed mutagenesis and develop PEGylated rIL33, demonstrating its prolonged circulation time in cynomolgus monkeys and superior immune agonist activity in mouse models. Overall, this study offers insights into LCNEC biology and provides promising innovative immunoagonist therapy strategies for lung cancer."
10.1126/sciadv.adz1892,True,Science Advances,该论文与大气环境遥感技术密切相关，因为它涉及使用可穿戴辐射防护技术（如AstroRad背心）来监测和减少宇航员在深空探索中受到的太阳粒子事件（SPEs）的辐射暴露。这属于大气成分分析和空间环境监测的范畴，与空气质量监测和卫星观测技术有直接关联。,"['radiation shielding', 'AstroRad vest', 'deep space exploration', 'dosimeters', 'solar particle events']",Jordan M. Houri;Thomas Berger;Ramona Gaza;Hesham Hussein;Shirit Schwarz;Gideon Waterman;Daniel Matthiä;Karel Marsalek;Bartos Przybyla;Joachim Aeckerlein;Maximilian Radenhaeuser;Moritz Kasemann;Kathleen Coderre;W. Paul Segars;Ehsan Samei;Anuj J. Kapadia;Kerry Lee;Diego Laramore;Stuart P. George;Edward Semones;Oren Milstein,"First evaluation of wearable radiation protection for human deep space exploration, as flown on Artemis I","With preparations underway for extended-duration crewed deep space missions, the health risks of solar particle events (SPEs) to astronauts are becoming increasingly pertinent. To address this hazard, the AstroRad vest, a personal radiation shielding garment providing targeted organ protection, was tested during Artemis I. Two anthropomorphic female phantoms, equipped with internal and external passive and active dosimeters, were flown aboard the Orion spacecraft: one unshielded and the other wearing AstroRad. Inner Van Allen belt transit active dosimeter measurements were extrapolated to simulate SPE scenarios, predicting effective dose reductions of ∼60% for an August 1972–like SPE and nearly 40% for an October 1989–like SPE, varying slightly with anatomical model. Such reductions could spare astronauts the equivalent of up to 193 and 131 days of deep space radiation exposure, respectively. These findings demonstrate that wearable shielding such as AstroRad could serve as a vital element for safe and sustainable human deep space exploration."
10.1126/sciadv.adz7757,False,Science Advances,该论文研究的是孕酮受体异构体PGR-A和PGR-B在雌性生育中的作用，属于生物医学和生殖生物学领域，与大气环境遥感技术（如空气质量监测、卫星观测、大气成分分析、气溶胶反演等）无关。,[],Doan T. Dinh;Kirsten M. Smith;Tim McPhee;Natalie J. Foot;David C. Bersten;Melissa A. White;Paul Q. Thomas;Rebecca L. Robker;Darryl L. Russell,Reassessing the role of progesterone receptor isoforms PGR-A and PGR-B in female fertility,"Progesterone is a critical reproductive hormone that acts via progesterone receptor transcriptional regulators. The short PGR-A isoform lacks a 164–amino acid amino-terminal region present in PGR-B that markedly enhances transcriptional activity. Isoform-specific mutants inactivating either PGR-A (PRAKO) or PGR-B (PRBKO) indicated that PGR-A is specifically essential for female fertility. This study revises that interpretation by showing that an inadvertent frameshift mutation in the PRAKO caused ablation of both isoforms, not the intended PGR-A isoform–specific mutation. A true PGR-A–specific mutant generated through CRISPR-Cas9 editing with a complete lack of PGR-A but retained PGR-B expression showed a phenotype indistinguishable from wild type. Thus, while the short PGR-A isoform has distinct function, it is not independently essential for female reproduction in mice, and the physiological role of these highly conserved isoforms must be reconsidered in light of this new information."
10.1126/sciadv.aea7469,False,Science Advances,该论文与大气环境遥感技术无关，而是关于旧石器时代人类基因组的冷适应研究，属于人类学和古生物学范畴。,[],Yusuke Watanabe;Yoshiki Wakiyama;Daisuke Waku;Guido Valverde;Akio Tanino;Mizuki Hayashi;Izumi Naka;Yuka Nakamura;Tsubasa Suzuki;Kae Koganebuchi;Takashi Gakuhari;Takafumi Katsumura;Motoyuki Ogawa;Atsushi Toyoda;Pornlada Nuchnoi;Suwanna Chaorattanakawee;Hathairad Hananantachai;Jintana Patarapotikul;Soichiro Mizushima;Tomohito Nagaoka;Kazuaki Hirata;Minoru Yoneda;Midori Motoi;Hideo Toyoshima;Takafumi Maeda;Takayuki Nishimura;Tadayuki Masuyama;Yasuhiro Yamada;Ryuzaburo Takahashi;Masami Izuho;Jun Ohashi;NCBN Controls WGS Consortium;Hiroki Oota,Jomon genomics reveal cold adaptation in Upper Paleolithic hunter-gatherers of eastern Eurasia,"How didHomo sapiensthrive in extreme environments during their dispersal across Eurasia? Unraveling adaptations that enabled human survival during the Last Glacial Maximum (LGM) remains critical. Here, we analyze 42 genomes from Holocene hunter-gatherers (Jomon) in the Japanese archipelago, revealing their deep ancestry from an isolated Upper Paleolithic (UP) East Eurasian lineage. We detect gene flow from northern UP Siberians into Jomon, reconciling long-standing debates between bioanthropology and archaeology regarding East Asian peopling. We find no Jomon-specific Denisovan ancestry, suggesting shared introgression before their LGM divergence from mainlanders. Furthermore, we find evidence consistent with cold adaptation in Jomon UP ancestry, highlighting diverse physiological pathways. Our study provides one of the first paleogenomic frameworks for investigating ancient adaptations in UP East Eurasians, revealing an evolutionary legacy from a colder past in present-day humans."
10.1126/sciadv.aec3399,False,Science Advances,该论文研究的是RNA终端尿苷转移酶在急性髓系白血病（AML）中的治疗作用，与大气环境遥感技术（如空气质量监测、卫星观测、大气成分分析、气溶胶检索）无关。,[],Christopher Mapperley;Elise Georges;Ali A. Azar;Yuka Kabayama;Hannah Lawson;Iwo Kucinski;Derek George;Joana Campos;Corey Fyfe;Jozef Durko;Wei Y. Chan;Lewis Allen;Babak Jazayeri;Edward Blacker;Louie N. van de Lagemaat;Aurelien Tripp;Theodoros I. Roumeliotis;Giulia Guiducci;Eleanor Herbert;Jasmin Paris;Jyoti Choudhary;George Poulogiannis;Robert M. Campbell;Marcos Morgan;Lovorka Stojic;Folkert J. Van Werven;Douglas Vernimmen;Berthold Göttgens;Dónal O’Carroll;Kamil R. Kranc,RNA terminal uridylyl transferases are druggable vulnerabilities in AML but are dispensable for normal hematopoiesis,"Acute myeloid leukemia (AML) is an aggressive hematological malignancy arising from hematopoietic stem and progenitor cells (HSPCs). Current treatments often fail to eradicate AML; therefore, new therapeutic strategies are essential. Here, we reveal that RNA terminal uridylyl transferase enzymes 4 and 7 (TUT4/7) are druggable therapeutic targets, whose genetic deletion suppresses AML growth, induces apoptosis, and improves the survival in leukemic mouse models. Notably, a preclinical TUT4/7 inhibitor promotes cell death in samples from patients with AML and synergizes with venetoclax. Mechanistically, TUT4/7 inactivation suppresses mevalonate pathway gene expression, compromising the cholesterol synthesis pathway. Current AML therapies often cause severe hematopoietic toxicity. AlthoughTut4/7deletion results in inflammatory activation throughout the hematopoietic system, this is permissive to a normal life span andTut4/7deficiency does not compromise HSPC function. Together, these findings identify TUT4/7 as druggable targets, whose inactivation suppresses AML while sparing normal hematopoiesis. In combination with venetoclax, this represents a promising therapeutic strategy."
10.1126/sciadv.aec3536,False,Science Advances,该论文研究的是一种单曝光全息3D打印技术，主要涉及逆向设计的相位掩模和光聚合物树脂，用于快速制造复杂的三维结构。虽然这项技术具有高精度和效率的特点，但其应用领域主要集中在微光学元件、生物医学支架等精密工程领域，与大气环境遥感技术（如空气质量监测、卫星观测、大气成分分析、气溶胶反演等）没有直接相关性。,"['holographic 3D printing', 'phase masks', 'photopolymer resins']",Dajun Lin;Xiaofeng Chen;Connor J. O’Dea;Ji-Won Kim;Keldy S. Mason;Barbara Groh;Kwong Sang Lee;Apratim Majumder;Chih-Hao Chang;Michael Cullinan;Zachariah A. Page;Rajesh Menon,Single-exposure holographic 3D printing via inverse-designed phase masks,"Additive manufacturing using light is commonly constrained by serial voxel-by-voxel or layer-by-layer processing, which fundamentally limits fabrication speed and scalability. Here, we introduce a single-exposure holographic three-dimensional (3D) printing approach that synthesizes an entire volumetric dose distribution optically in one step. The method combines inverse-designed microstructured phase masks with photopolymer resins engineered for controlled optical absorption. By precisely tailoring the phase-mask topography, we generate arbitrary 3D light-intensity distributions within the resin, including intentionally encoded dark regions that define hollow internal features. Simultaneously, the resin formulation is designed to balance optical penetration with sufficient local energy deposition to achieve high-fidelity polymerization throughout the volume. Using this approach, millimeter-scale architectures comprising more than 106addressable voxels are fabricated in a single 7.5-second exposure, corresponding to a volumetric throughput of ∼1 cubic millimeters per second (>105voxels per second). The demonstrated performance is presently limited by resin kinetics and illumination geometry rather than by the phase-mask framework itself. Because the volumetric information capacity scales with the space-bandwidth product of the phase mask, this approach provides a clear pathway toward substantially higher throughput, enabling scalable fabrication of micro-optical components, biomedical scaffolds, and other precision-engineered mesoscale systems."
10.1126/sciadv.aec3842,False,Science Advances,该论文研究的是自身免疫性疾病重症肌无力中B细胞的重编程机制，与大气环境遥感技术（如空气质量监测、卫星观测、大气成分分析、气溶胶反演等）无关。,[],Yuanqing Yan;Diego Avella Patino;Yimeng Zhao;Xin Wu;G. R. Scott Budinger;Ankit Bharat,Myasthenia thymus reprograms class-switched B cells into BAFF-dependent survivors,"Myasthenia gravis (MG) presents a clinical challenge where autoantibody titers poorly predict disease severity, and thymectomy provides inconsistent benefits. We hypothesized that thymic B cells acquire survival mechanisms that bypass canonical tolerance checkpoints, enabling persistence independent of antigen-specific selection. Using single-cell RNA sequencing, V(D)J repertoire analysis, and spatial transcriptomics to generate the largest MG atlas to date (237,661 cells), we identified a tolerance checkpoint swap in MG pathogenesis. Pathological class-switched B cells within thymic germinal centers exhibited reduced antigen presentation (CD74andCD1C) and diminishedCD40costimulation while up-regulatingTNFRSF17to engage BAFF-driven survival. This shift allows polyclonal autoreactive B cells to evade stringent selection and seed peripheral sites. T follicular helper cells supported this reprogramming via increasedTNFSF13BandCHGBexpression, with the latter facilitating dopamine-mediated synaptic acceleration. These findings offer insight into clinical paradoxes in MG and point to the BAFF-BCMA axis as a potential therapeutic target and biomarkers for disease activity."
10.1126/sciadv.aec5080,False,Science Advances,该论文主要关注的是使用拉曼显微光谱和深度学习技术对神经类器官进行非侵入式的生化成像和分析，虽然涉及光谱分析技术，但其应用领域是生物学和药物研究，而非大气环境遥感技术，如空气质量监测或卫星观测。因此，它与大气环境遥感技术相关性较低。,"['Raman microspectroscopy', 'deep learning', 'hyperspectral unmixing']",Dimitar Georgiev;Ruoxiao Xie;Daniel Reumann;Xiaoyu Zhao;Álvaro Fernández-Galiana;Mauricio Barahona;Molly M. Stevens,Label-free biochemical imaging and time point analysis of neural organoids via deep learning–enhanced Raman microspectroscopy,"Three-dimensional (3D) organoids have emerged as powerful models for studying human development, disease, and drug response in vitro. Yet, their analysis remains constrained by standard imaging and characterization techniques, which are invasive, require exogenous labeling, and offer limited multiplexing. Here, we present a noninvasive, label-free imaging platform that integrates Raman microspectroscopy with deep learning–based hyperspectral unmixing for unsupervised, spatially resolved biochemical analysis of neural organoids. Our approach enables 2D and 3D mapping of cellular and subcellular structures in both cryosectioned and intact organoids, achieving improved imaging accuracy and robustness compared to conventional methods for hyperspectral analysis. Using our platform, we demonstrate volumetric imaging of a neural rosette within a neural organoid and interrogate changes in biochemical composition during early developmental stages in intact neural organoids, revealing spatiotemporal variations in lipids, proteins, and nucleic acids. This work establishes a versatile framework for high-content, label-free (bio)chemical phenotyping with broad applications in organoid research and beyond."
10.1126/sciadv.aed4055,False,Science Advances,该论文主要研究光子时间晶体（PTCs）和连续介质中的准束缚态，这些技术虽然与光学和纳米Photonics相关，但与大气环境遥感技术（如空气质量监测、卫星观测、大气成分分析、气溶胶检索）没有直接关系。论文内容偏向基础物理和材料科学，而非环境科学或遥感技术。,"['photonic time crystals', 'quasi-bound states', 'momentum bandgap']",Puneet Garg;Evangelos Almpanis;Leander Zimmer;Jan David Fischbach;Xuchen Wang;Mohammad S. Mirmoosa;Markus Nyman;Nikolaos Stefanou;Nikolaos Papanikolaou;Viktar Asadchy;Carsten Rockstuhl,Photonic time crystals assisted by quasi-bound states in the continuum,"Photonic time crystals (PTCs) are characterized by the rapid modulation of the material properties in time, causing a momentum bandgap for light. However, the observation of these bandgaps at optical frequencies remains elusive as the necessary temporal modulation amplitudes to show notable momentum bandgaps are relatively high, inaccessible with available materials. While it has been known that structuring PTCs at the subwavelength scale can improve the bandgap size, we push this concept to the extreme by leveraging the nanophotonic toolbox. Specifically, we demonstrate that structures composed of scatterers supporting quasi-bound states in the continuum can substantially reduce the required modulation amplitudes by enhancing the interaction time between light and time-varying matter. This allows us to observe noticeable momentum bandgaps despite the weak temporal modulation. Our approach bridges the concepts of bound states in the continuum and time-varying metamaterials, paving the way toward realizable PTCs at optical frequencies."
10.1126/sciadv.aed5692,False,Science Advances,该论文研究的是基于基因治疗的血管生成疗法，用于治疗外周动脉疾病，与大气环境遥感技术（如空气质量监测、卫星观测、大气成分分析、气溶胶反演）无关。,"['air quality monitoring', 'satellite observations', 'atmospheric composition analysis', 'aerosol retrieval']",Peng Zhang;Jinman Zhuang;Yizhou Hao;Xiangrui Zhu;Hongbiao Liang;Guizimeng Hu;Peiyi Li;Yuwei Song;Qijia Liu;Guangxin Yang;Tianqi Chen;Xinmei Huo;Kai Sun;Li Yan;Chun-Shui Pan;Qihua He;Kuangda Lu;Yang Zhao;Jing-Yan Han;Tianrun Li;Jian-Hao Chen;Juan Feng,GNPs-pIL-4 reprograms macrophage polarization and activates the OSM/GSNOR/ENG axis to improve angiogenesis in ischemic limbs,"Therapeutic angiogenesis based on gene therapies is a potential peripheral artery disease (PAD) treatment yet needs a more stable, efficient, and high-affinity delivery vector and an optimized delivery strategy. Here, we engineered three-dimensional graphene nanoparticles modified with folic acid and polyethyleneimine for macrophage-specific delivery of interleukin-4 plasmids (pIL-4), forming GNPs-pIL-4 for local intramuscular injection. GNPs-pIL-4 had uniform size, positive surface charge, and strong nucleic acid loading capacity (Kd: 25 nanomolar). In vivo, GNPs-pIL-4 reshaped the ischemic microenvironment by inducing reparative M2 macrophage polarization. Mediated by macrophages, GNPs-pIL-4 improved muscle contractility, delayed strength loss, and enhanced blood perfusion and oxygen saturation. Mechanistically, GNPs-pIL-4 specifically turned on the oncostatin M–mediated macrophage-endothelium communication and then activated the angiogenesis, with increased endothelial sprouting, migration, and tube formation. These effects attributed to the down-regulatedS-nitrosoglutathione reductase expression, thereby increasing S-nitrosylation at the C209 site of endoglin. GNPs-pIL-4 represents a promising gene therapy strategy for PAD."
10.1126/sciadv.aed8901,False,Science Advances,该论文研究的是心理性瘙痒的中枢神经机制，涉及的是神经科学和心理学领域，与大气环境遥感技术（如空气质量监测、卫星观测、大气成分分析、气溶胶反演）无关。,[],Sipin Zhang;Zhenhua Qi;Huoqing Luo;Chao Tian;Fang Cai;Ji Hu;Jingdun Xie,A prefrontal peptidergic circuit for psychogenic itch,"Psychological stress can evoke itch without a peripheral stimulus, yet the underlying mechanism remains undefined. Here, we demonstrate that a peptidergic circuit within the medial prefrontal cortex (mPFC) mediates this phenomenon. In mice under chronic restraint stress, stress-elicited scratching coincided with elevated gastrin-releasing peptide (GRP) release and heightened activity of GRP receptor (GRPR)–expressing neurons in the mPFC. Microinjection of GRP into the mPFC reproduced stress-induced itch, whereas ablation of GRPR neurons abolished it. Optogenetic activation of GRPR neurons or their GRP-expressing inputs from the ventromedial thalamus and basolateral amygdala evoked robust scratching; conversely, silencing these inputs or GRPR neurons attenuated scratching. Collectively, our findings establish a central peptidergic mechanism that transduces psychological stress into pruriceptive output, thereby identifying a critical neural substrate for psychogenic itch."
10.1126/sciadv.aee0180,False,Science Advances,该论文主要研究的是二维材料MoS2的催化性能及其边界处的电子动力学，虽然涉及纳米尺度的测量技术，但与大气环境遥感技术（如空气质量监测、卫星观测等）没有直接关联。,"['MoS2', 'ultrafast spectroscopy', 'electron dynamics']",Feng Li;Qi Sun;Tao Yang;Fengke Sun;Boning Wu;Shengye Jin;Wenming Tian,Internal electric fields enhance reductive reactivity at MoS2 boundaries revealed by ultrafast near-field nanospectroscopy,"Monolayer MoS2is a promising low-cost and efficient catalyst for electrochemical or photochemical reduction reactions. Many previous works have demonstrated that 2D MoS2edges or boundaries are active reaction sites; however, their structural and electron dynamic origins remain unclear. Here we report an aperture-type near-field ultrafast transient absorption spectroscopy to directly probe the electron dynamics at nanoscale MoS2boundaries. Near-field transient absorption imaging reveals a Stark effect signature at boundaries, where a built-in electric field of 1.93 MV/cm is intrinsically formed due to the oxidation of crystal boundaries. This field drives ultrafast electron injection and accumulation at the boundaries, enhancing boundary reactivity over the interior. These findings uncover the nanoscale structure-activity correlation for 2D MoS2and promote the rational design of catalysts based on transition metal dichalcogenides."
10.1126/sciadv.aee0509,False,Science Advances,该论文主要研究的是尼曼-匹克病C型（NPC）的发病机制和潜在治疗方法，涉及的是生物医学领域，而非大气环境遥感技术。,[],Wenhao Zhao;Xudong Hu;Ruyi Wang;Han Zhang;Man Zhou;Hong Cao,Mito-TEMPO improves survival rates in npc1-knockout zebrafish by reducing oxidative stress and enhancing mitophagy via Sod2,"Niemann-Pick type C (NPC) disease is a lysosomal storage disorder primarily caused by mutations in theNPC1gene. Most patients present with early-life symptoms including hepatosplenomegaly and digestive system impairment, followed by progressive neurodegeneration. However, effective therapeutic approaches to improve survival in NPC disease remain limited. In this study, using annpc1-knockout (NPC1-KO) zebrafish model established in our laboratory, our team suggests thatnpc1deficiency appears to correlate with marked down-regulation of superoxide dismutase 2 (Sod2) expression, concurrent with excessive oxidative stress (OS), mitochondrial dysfunction, and defective mitophagy. Treatment with Mito-TEMPO, a mitochondria-targeted antioxidant acting on SOD, increased survival rates and ameliorated cholesterol accumulation and liver function impairment in early-stage NPC1-KO zebrafish. The underlying mechanism may involve attenuation of OS and promotion of PINK1/Parkin-dependent mitophagic flux through SOD2 enhancement. Our findings support Mito-TEMPO as a potential therapeutic agent and SOD2 as a possible target for NPC disease."
10.1126/sciadv.aee2305,False,Science Advances,该论文主要关注的是使用多模态生物标记物预测轻度认知障碍的进展，与大气环境遥感技术（如空气质量监测、卫星观测、大气成分分析、气溶胶反演）没有直接关系。,[],Jonathan Gallego-Rudolf;Alex I. Wiesman;Yara Yakoub;Henrik Zetterberg;Kaj Blennow;Sylvain Baillet;Sylvia Villeneuve;The PREVENT-AD Research Group,Prediction of mild cognitive impairment progression using time-sensitive multimodal biomarkers,"Alzheimer’s disease (AD) develops silently for years before symptoms emerge, making early identification of at-risk individuals essential for prevention trials and early intervention. We tested whether combining neurophysiological, imaging, and blood biomarkers improves prediction of progression to mild cognitive impairment (MCI) in cognitively unimpaired older adults with a family history of AD (n= 102; 31 progressors; mean follow-up of 5.9 years). Magnetoencephalography, magnetic resonance imaging, plasma biomarkers, and amyloid and tau positron emission tomography each captured complementary aspects of disease biology. Multimodal models predicted progression more accurately than demographic and genetic factors alone. Higher MEG alpha power was associated with increased near-term risk, whereas higher gamma activity predicted lower near-term risk; both effects weakened over time. Higher neocortical amyloid burden predicted increasing risk over follow-up, whereas plasma biomarkers and entorhinal tau predicted higher risk without significant time-varying effects. These findings support a time-sensitive multimodal framework for identifying cognitively unimpaired individuals at risk of MCI due to AD."
10.1126/sciadv.aee3254,False,Science Advances,该论文主要研究的是惰性气体（如氦、氖、氩等）在地壳深处的滞留机制，探讨它们在高压二氧化硅固体和熔体中的化学行为。虽然大气中的惰性气体是地球环境的一部分，但论文的研究对象和内容主要集中在地球内部地质过程，而非大气环境遥感技术，如空气质量监测、卫星观测或大气成分分析等。因此，该论文与大气环境遥感技术的关系较弱。,"['noble gases', 'silicates', 'diffusion']",Sarah Figowy;Razvan Caracas;Guillaume Avice,Retention of noble gases in the deep Earth: Kinetic trapping or stable bonding?,"The bonding potential of noble gases in high-pressure silica-bearing solids and melts remains debated, yet it is a central question for understanding their retention behavior and evaluating the role of silicate-bearing phases in the transport and storage of noble gases originally present in the atmosphere. Here, we assess the chemical behavior of noble gases in three silicates: quartz, seifertite, and perovskite. Using the electron localization function and Bader charge analysis, we find no evidence of stable covalent or ionicbonding. The very slow intracrystalline diffusion of heavy noble gases governs their trapping in silicates during crystal growth. Noble gases are more likely to reside in melts or grain boundaries than in silicate crystal lattices."
10.1126/sciadv.aee3993,False,Science Advances,该论文主要研究的是金属有机笼状材料的溶解性问题以及其在分离n-烷烃中的应用，与大气环境遥感技术（如空气质量监测、卫星观测、大气成分分析、气溶胶反演等）没有直接关系。,"['polyoxovanadate', 'organic cages', 'n-alkanes']",Shuaibo Yang;Yu Han;Mifen Cui;Jihai Tang;Xu Qiao;Zhuxiu Zhang,Breaking solubility of metal-organic cages via polymer carrier for concentrated type II porous liquid to extract n-alkanes,"Type II porous liquids that exhibit host-guest properties derived from molecular cages are of potential utility in liquid-liquid separations; however, those with metal-organic cages (MOCs) as pore hosts are extremely rare due to the limited solubility of MOCs in cavity-excluded solvents. Here, we report the use of polyvinylpyrrolidone (PVP) to deliver polyoxovanadate-organic hybrid cages (HD) in polyethylene glycol (PEG) for a concentrated type II porous liquid (HDPVP/PEG). Structural characterizations and modeling studies collectively confirm that the PVP-PEG compatibility and the HD-PVP interaction enable the high HD concentration in PEG. The minimal loading of PVP coupled with the steric hindrance of PVP and PEG ensure the permanent porosity and room-temperature fluidity. HDPVP/PEG exhibits high uptake and selectivity toward C5–C7n-alkanes over their branched isomers due to the host-guest interactions between HD andn-alkanes. The design strategy of HDPVP/PEG was successfully extended to other typical MOCs and commonly-used cavity-excluded solvents."
10.1126/sciadv.aee5305,False,Science Advances,该论文主要研究的是免疫细胞微机器人技术，与大气环境遥感技术（如空气质量监测、卫星观测、大气成分分析、气溶胶反演等）无关。,[],Chuanhua Li;Weiwei Zhang;Xuyang Chen;Shixiao Ding;Lin Wang;Qian Wang;Songlin Yu;Qiran Zhu;Jiawen Niu;Ying Cui;Mengmeng Sun;Jie Zhao;Tianlong Li,CD5+ dendritic cell robots mediated in situ immunocyte activation,"Immune cell microbots with self-propelling and navigating capabilities have become an exciting field of research. Isolation, activation, and adoptive transfer of cytotoxic immune cells in vitro are some of the most common technical methods. However, the ex situ activation and adoptive transfer of cytotoxic immune cells carry the risk of systemic inflammatory responses and functional exhaustion. To address this bottleneck, we report a CD5+dendritic cell microbot (CD5+DC robot) constructed by engineering natural CD5+dendritic cells to phagocytose magnetic nanoparticles coated with tumor cell membranes. The PD-L1 on the surface of CD5+cells is preblocked to enhance immune activation capacity. Under switched exogenous rotating/conical magnetic fields, CD5+DC robots form chain-like clusters for upstream motion or ribbon-like clusters for downstream motion within the vasculature, enabling precise aggregation at intestinal targets. Then, they navigate along tumor chemokine gradients, penetrating the extracellular matrix barrier via positive chemotaxis to infiltrate deep into tumor tissues and trigger cascading activation of resident immune cells. Distinct from traditional cellular microbot therapies that rely on self-mediated cytotoxicity, this CD5+DC robot system activates durable antitumor immunity by reprogramming innate immune cells within the tumor microenvironment. This strategy offers a novel pathway toward precision-targeted therapy with excellent biocompatibility and functional stability."
10.1126/sciadv.aee5871,False,Science Advances,该论文研究的是皮肤对金黄色葡萄球菌的免疫反应机制，主要涉及细胞因子、免疫细胞和信号通路等生物学过程，与大气环境遥感技术（如空气质量监测、卫星观测、大气成分分析、气溶胶反演等）无关。,[],Jared S. Simmons;Teruaki Nakatsuji;Fengwu Li;Carlos Aguilera;Tomofumi Numata;Kellen J. Cavagnero;Samia Almoughrabie;Andrea Roso Mares;Consuelo Sauceda;Jacquelyn Castaneda;David J. Gonzalez;Hal M. Hoffman;Richard L. Gallo,Fibroblasts resist Staphylococcus aureus on the skin surface by responding to interleukin-1 and recruiting neutrophils,"Staphylococcus aureuscan cause serious infections, yet it can also reside on the skin without causing disease. This apparent paradox implies a strong host defense system, which preventsS. aureusfrom invading the dermis. In this study, we investigate how the skin detects and responds to superficialS. aureusexposure. Using unbiased transcriptomic, biochemical, and phosphoproteomic analyses, followed by targeted validation in human and mouse models, we found that fibroblast recognition of interleukin-1 is essential for immune response. Deletion or blockade of the interleukin-1 receptor type 1 (IL-1R1) in fibroblasts in vitro abolished keratinocyte-driven changes in gene expression and reduced chemokine production. Furthermore, the skin of mice lacking fibroblast IL-1R1 had fewer neutrophils and higher bacterial load after topicalS. aureusapplication. These findings show that fibroblasts actively participate in innate immunity and highlight an IL-1R1–dependent keratinocyte-fibroblast-neutrophil axis of communication. Understanding this pathway provides insights into mechanisms that initiate neutrophil recruitment to the skin and may help develop new approaches to therapy."
10.1126/sciadv.aee6914,False,Science Advances,该论文研究的是CDT1蛋白在DNA复制过程中的作用，与大气环境遥感技术（如空气质量监测、卫星观测、大气成分分析、气溶胶反演等）无关。,[],Caitlin Hathaway;Thanh Le;Yuki Hatoyama;Masato Kanemaki;Huzefa Dungrawala,CDT1 acts with the replisome to remodel replication forks,"Replication forks encounter problems during genome duplication that trigger replication stress. Fork reversal is a key stress tolerance pathway that helps mitigate replication challenges to facilitate DNA synthesis. Here, we report the function of origin licensing factor CDT1 in fork remodeling by replication fork reversal. Characterization of replication dynamics during early stages of origin reactivation revealed that CDT1 blocks fork progression without inducing DNA breaks. Notably, CDT1 mediates replication fork reversal under conditions of re-replication and genotoxic stress exposure, and this function is dependent on the interaction with the CMG helicase. Although proliferating cell nuclear antigen (PCNA) sequesters CDT1 for proteolytic degradation under unperturbed conditions, ATAD5-mediated PCNA unloading at stressed forks releases CDT1 to interact with the CMG helicase and promote fork remodeling. Thus, contrary to the notion that CDT1 function must be inactivated in the S phase, our findings uncover a regulatory mechanism that facilitates fork remodeling function of CDT1 in response to replication stress."
10.1126/sciadv.aee9000,False,Science Advances,该论文研究的是噬菌体如何通过NAD+代谢系统绕过细菌的免疫机制，与大气环境遥感技术（如空气质量监测、卫星观测、大气成分分析、气溶胶反演等）无关。,[],Jia Yan;Siyu Liu;Zhaorong Luo;Zhi Su;Gaoqin Teng;Mengyuan Li;Jiangang Ma;Rongsui Gao;Jiuxin Qu;Man Huang;Jianhua Gan;Youjun Feng,Phage-encoded NARP3 system rebuilds NAD+ to subvert bacterial immunity,"Phages deploy diverse countermeasures to evade bacterial nicotinamide adenine dinucleotide (NAD+)–directed immunity in a perpetual arms race. Known pathways include NAD+reconstitution pathway 1 (NARP1), which recycles adenosine 5′-diphosphate–ribose, and NARP2, which converts nicotinamide into NAD+via nicotinamide mononucleotide ligation. Whether additional NAD+-restoring strategies exist has remained unclear. Here, we identify NARP3, a conserved two-gene NAD+-restoring phage pathway widespread in Enterobacteriaceae-infecting phages. NARP3 encodes a pyridine nucleoside uptake system C (PnuC)-like nicotinamide riboside transporter (Bas30_87) and a bifunctional NAD+biosynthesis regulator (NadR)-like enzyme (Bas30_86). Bas30_87 imports nicotinamide riboside, and Bas30_86 converts it to NAD+through sequential phosphorylation and adenylation. NARP3 fully restores NAD+pools depleted by Sir2-HerA defenses, enabling robust phage replication. We solve x-ray crystal structures of Bas30_86 alone and bound to NAD+, revealing coordinated substrate capture, intermediate handling, and product formation. Mutational analyses confirm that both transport and enzymatic activities are essential. NARP3 functions as a metabolite-centered countermeasure, expands the phage arsenal, and underscores NAD+metabolism as a central battlefield in host-phage conflicts. Its discovery provides a blueprint for engineering phages to bypass NAD+-dependent bacterial immunity and offers a mechanistic framework to harness metabolite-guided viral strategies for biotechnological applications."
10.1126/sciadv.aee9298,False,Science Advances,该论文研究的是听觉皮层中锌的突触可塑性对耳损伤后适应性及病理性可塑性的影响，与大气环境遥感技术（如空气质量监测、卫星观测、大气成分分析、气溶胶反演）无关。,[],Manoj Kumar;Cassandra Linnertz;Brandon Bizup;Wenyuan Huang;Huiwang Ai;Thanos Tzounopoulos,Synaptic zinc plasticity shapes adaptive and maladaptive cortical plasticity following cochlear injury,"Cochlear damage triggers compensatory primary auditory cortex (A1) plasticity that amplifies responses to residual sensory inputs, thereby contributing to the restoration of both cortical responsiveness to sound and perceptual sound detection threshold. However, this adaptation can become maladaptive, producing neuronal hyperactivity that contributes to tinnitus and hyperacusis. The neuromodulatory mechanisms governing these adaptive and maladaptive changes remain unknown. Here, we demonstrate that noise-induced cochlear injury triggers bidirectional synaptic zinc signaling plasticity that potentiates activity in excitatory principal neurons and parvalbumin-expressing interneurons, while suppressing activity in somatostatin-expressing interneurons. These cell-type-specific effects of synaptic zinc plasticity contribute to restoring A1 responsiveness to sound and perceptual detection thresholds, while being necessary for neural hyperactivity. Together, our findings establish synaptic zinc as a pivotal neuromodulator that shapes both adaptive and maladaptive cortical plasticity and identify a promising therapeutic target for improving perceptual recovery after cochlear damage and mitigating tinnitus and hyperacusis."
10.1126/sciadv.aef0259,False,Science Advances,该论文主要研究准二维钙钛矿光子结构的温度力学调节，虽然涉及纳米压印技术，但并未明确与大气环境遥感技术（如空气质量监测、卫星观测、大气成分分析、气溶胶反演等）直接相关。,"['perovskite', 'photonic structures', 'nanoimprint lithography']",Xuezhou Wang;Long Jin;Zhibo Zhang;Zhiwen Zhou;Pok Fung Chan;Xinhui Lu;Yong Yang;Xiankai Sun;Ni Zhao,Thermomechanical regulation of quasi-2D perovskite photonic structures via nanoimprint,"Nanoimprint lithography (NIL) offers a scalable route to high-resolution patterning of perovskite photonic devices; however, the performance potential of NIL-patterned perovskite photonic structures remains largely unrealized because of limited understanding of perovskite thermomechanical behavior during imprinting. Here, we provide a mechanistic framework elucidating the coupled thermomechanical processes governing NIL in quasi–two-dimensional Dion-Jacobson perovskites. We show that imprinting in the cubic phase uniquely enables the simultaneous enhancement of viscoelastic deformability and mechanical hardness, facilitating high-fidelity pattern transfer while preserving structural integrity. We further uncover a spacer-dependent mechanical-optical trade-off: Flexible spacers promote plastic flow and surface planarization, yielding higher-Qresonances, whereas rigid spacers enhance crystallinity during Ostwald ripening–driven recrystallization, reducing lasing thresholds. Leveraging these insights, we demonstrate bound-state-in-the-continuum perovskite lasers achieving a record-highQfactor (up to 36,000) and low lasing thresholds (down to 5 microjoules per square centimeter) in separately optimized devices, while sustaining stable single-mode emission for over 151 hours under ambient conditions."
10.1126/sciadv.aef1581,False,Science Advances,该论文研究的是细菌中的核酸酶的进化和结构变化，与大气环境遥感技术（如空气质量监测、卫星观测、大气成分分析、气溶胶反演）没有直接相关性。,"['air quality monitoring', 'satellite observations', 'atmospheric composition', 'aerosol retrieval']",Sofia Mortensen;Andrew A. Burnim;Keith Dufault-Thompson;Alexandra E. Lipka;Xiaofang Jiang;Holger Sondermann,Ancestral proteins trace the emergence of substrate specificity and oligomerization within bacterial DEDDy dinucleases,"Nucleases are crucial for various bacterial processes, including genome maintenance and host defense. Deoxydinucleases (diDNases), a class of Gram-positive bacteria–specific nucleases associated with mobile genetic elements, are homologous to nanoRNase C (NrnC) in Gram-negative bacteria but exhibit notable differences: diDNases form dimers and cleave DNA dinucleotides, whereas NrnC forms octamers that process both RNA and DNA dinucleotides. The mechanism by which substrate specificity emerged, and whether it is linked to oligomerization, remained unknown. Here, we reconstructed a common ancestor of diDNases and NrnC orthologs that forms a dimer with intermediate preference for DNA. Structures of ancestral and extant dinucleases reveal gradual changes in conformation that gave rise to substrate preference, oligomeric state, and catalytic efficiency. These findings highlight how subtle, concerted structural modifications enable large-scale changes in molecular assembly and functional specialization, harnessing a conserved protein fold. DNA dinucleotide preference in the early ancestor and preservation of DNase activity in all extant enzymes strongly argue for a biological function of DNA dinucleotides."
10.1126/sciadv.aef3487,False,Science Advances,该论文主要研究的是生物医学样品的成像技术，特别是宽场双光子随机照明显微镜（2P-RIM），其应用领域与大气环境遥感技术（如空气质量监测、卫星观测、大气成分分析、气溶胶反演等）无关。尽管该技术涉及成像和传感，但其研究对象和方法与大气环境遥感技术没有直接关联。,"['two-photon microscopy', 'wide-field imaging', 'random illumination']",Assia Benachir;Xiangyi Li;Eric M. Fantuzzi;Guillaume Giroussens;Thomas Mangeat;Federico Vernuccio;Hervé Rigneault;Anne Sentenac;Sandro Heuke,Wide-field two-photon random illumination microscopy (2P-RIM),"Biological and biomedical samples are routinely examined using focused two-photon (2P) fluorescence microscopy due to its intrinsic axial sectioning and reduced out-of-focus bleaching. However, 2P imaging often requires excitation intensities that can damage samples through ionization and radical formation. In addition, the lateral resolution of 2P microscopy is lower compared to linear one-photon (1P) fluorescence microscopy. Wide-field 2P microscopy, using cameras, holds promise for reducing phototoxicity while maintaining high image acquisition rates. Wide-field imaging trades the high power and short integration times of sequential single point scanning for the low power and extended integration times of parallel detection across millions of pixels. However, generating effective axial sectioning over arbitrarily large fields of view (FOVs) has remained a challenge. In this work, we introduce 2P random illumination microscopy (2P-RIM), an easy-to-implement 2P wide-field technique that achieves low photo-damage imaging, micrometric axial sectioning, and enhanced lateral resolution for arbitrarily large FOVs. By using wide-field speckled illuminations in conjunction with an image standard deviation matching algorithm, 2P-RIM demonstrated multicolor imaging over FOVs greater than 200 μm, lateral resolution of 220 nm, axial sectioning of 2 μm, and peak excitation powers about 10 times lower than those used in focused laser scanning microscopy."
10.1126/sciadv.aef5617,False,Science Advances,该论文研究的是一种富含硫醇的免疫调节性注射水凝胶，用于抑制子宫内膜纤维化以恢复受孕能力。这与大气环境遥感技术（如空气质量监测、卫星观测、大气成分分析、气溶胶检索）无关。,[],Mingwei Li;Runqi Zhu;Yufeng Tian;Hanqing Yu;Liu Yang;Lucy Boyi Wang;Ping Zhou;Qiang Li;Rijian Song;Wenxin Wang,A thiol-rich immunomodulatory injectable hydrogel suppresses endometrial fibrosis to restore fertilization,"Endometrial fibrosis disrupts the uterine microenvironment and is a major cause of intrauterine adhesion (IUA) and infertility. Postoperative barriers are commonly used after adhesiolysis, but most act as passive spacers and do not actively remodel the fibrotic inflammatory niche. Here, we report a thiol-rich immunomodulatory injectable hydrogel (TR-gel) that forms in situ through Michael addition between acrylated hyaluronic acid and thiolated hyaluronic acid. The hydrogel conformally adheres to injured endometrium, provides tissue-matched mechanics and controlled biodegradation, and retains abundant thiol groups that create a reductive microenvironment. TR-gel scavenged reactive oxygen species, suppressed nuclear factor κB activation, promoted macrophage polarization toward a proregenerative M2 phenotype, and reduced inflammatory and fibrotic signaling. In a rat IUA model, TR-gel decreased collagen deposition, promoted angiogenesis, restored glandular architecture and embryo receptivity, and improved the fertility rate from 25.0 to 62.5%. These findings provide preclinical evidence that a thiol-rich immunomodulatory hydrogel can combine physical barrier function with microenvironmental regulation to support endometrial regeneration."
10.1126/sciadv.aef5620,False,Science Advances,该论文主要研究声学谐振器在空气中的无线驱动应用，涉及小型机器人的导航和推进技术，但未涉及大气环境遥感技术，如空气质量监测、卫星观测或大气成分分析。,"['acoustic resonators', 'air-borne sound', 'microflier']",Junsun Hwang;Quentin Angéloz;Ashwin Subramanian Murugan;Hervé Lissek;Mahmut Selman Sakar,Acoustic resonators as wireless actuators in air for small-scale robots,"While acoustic resonators have been extensively studied in liquids for the realization of untethered microrobots, their implementation in air remains largely unexplored. Here, we revisit the classical principle of Helmholtz resonance and show that 3D printed cavities with sizes ranging from centimeter to micrometer generate spatiotemporally controlled thrust ranging from millinewton to micronewton upon resonance excitation. We provide a comprehensive design framework to efficiently harness acoustic and aerodynamic forces that are validated through analytical modeling, numerical simulations, and experiments. We show robotic navigation of small-scale boats powered by either air-borne or structure-borne sound, highlighting the versatility of the actuation scheme. We present one type of microflier propelled by vertical thrust that weighs only 150 micrograms with a thrust-to-weight ratio of 4.9 and another type of microflier propelled by a rotor that weighs only 184 micrograms and rotates as fast as 13,000 revolutions per minute. The actuation scheme is compatible with even further miniaturization, pushing the boundaries of robotics and aeronautics."
10.1126/sciadv.aef6559,False,Science Advances,该论文主要研究的是基于液滴动力学和滑液浸润多孔表面（SLIPS）的高通量蛋白质检测技术，与大气环境遥感技术（如空气质量监测、卫星观测、大气成分分析、气溶胶检索）没有直接关系。,"['interfacial', 'droplet dynamics', 'protein detection']",Tianxin Ge;Xuexue He;Shouzi Zhang;Haofeng Chen;Wenxu Hu;Zhaofan Luo;Liqiu Wang;Zong Dai;Xing Han,Interfacial amplifier: High-throughput visual protein detection via droplet dynamics,"Rapid, visual protein detection at ultralow cost remains a critical unmet need for scalable point-of-care testing. We introduce a high-throughput platform leveraging interfacial droplet dynamics on a slippery liquid-infused porous surface (SLIPS) to directly translate protein-specific adsorption into macroscopic behavior. Protein concentration and identity modulate the critical sliding angle of droplets via interfacial film formation, enabling pretreatment-free, instrument-free identification of clinically relevant targets like proteinuria within minutes. This approach achieves parallel analysis of 170 samples on a single A4-sized substrate (5 minutes, ∼$0.008 per sample), requiring only visual readout. By amplifying nanoscale interfacial interactions into intuitive visual outputs, our SLIPS-based technology establishes a scalable, user-friendly paradigm for decentralized diagnostics and continuous health monitoring across diverse settings."
10.1126/sciadv.aef9769,False,Science Advances,这篇论文主要研究的是细胞分化过程中的转录因子TAL1和ETV2的作用，与大气环境遥感技术（如空气质量监测、卫星观测、大气成分分析、气溶胶反演等）没有直接关系。,"['endothelial cells', 'ETV2', 'TAL1']",Yun Zhao;Mengze Sun;Zixuan Hong;Jingkun Yi;Donglin Yu;Xiaojing Ma;Liangliang Tian;Yi Hong;Lijun Sun;Xiaoxia Li;Yuan Zhou;Kailong Li;Xi Wang;Kai Wang,TAL1 is indispensable in ETV2-primed human endothelial cell fate determination,"ETS variant transcription factor 2 (ETV2) serves as a foundational transcription factor for endothelial lineage specification. However, the lineage-specific cofactors that orchestrate with ETV2 during endothelial fate commitment remain elusive. Here, we demonstrate that ETV2 drives the rapid forward programming of human pluripotent stem cells (hPSCs) into endothelial cells (ECs) by direct remodeling of endothelial-specific enhancers. Crucially, we identify T cell acute lymphocytic leukemia protein 1 (TAL1), which is traditionally characterized as a hematopoietic regulator, as an indispensable cofactor for ETV2-mediated endothelial commitment. Distinct from its role in murine development, TAL1 deficiency in hPSCs not only aborts the endothelial program by impairing H3K27ac deposition at key enhancers but also triggers a profound lineage redirection toward a mesenchymal fate. Mechanistically, TAL1 physically interacts with ETV2 to recruit the p300, thereby facilitating a permissive chromatin environment for endothelial identity. By leveraging an hPSC-based differentiation model, our findings establish TAL1 as a master gatekeeper of human EC specification and provide a molecular blueprint for how ETV2-centric complexes synergistically govern human cell fate."
10.1126/sciadv.aeg1542,False,Science Advances,该论文研究的是艰难梭菌的毒力和鞭毛调控机制，与大气环境遥感技术（如空气质量监测、卫星观测、大气成分分析、气溶胶反演）无关。,[],Nicole C. Gadda;Jilarie A. Santos-Santiago;Rani S. Sellers;Rita Tamayo,A programmed reset mechanism primes Clostridioides difficile virulence at the onset of infection,"Clostridioides difficileis a major cause of antibiotic-associated diarrhea. This pathogen produces toxins essential for disease and flagella that promote intestinal colonization. Flagella and toxins are coregulated in an ON/OFF manner leading to a heterogeneous population of toxigenic, flagellated cells (flg-ON) and aflagellate cells with attenuated toxin production (flg-OFF). How selective pressures affect ON/OFF switching dynamics and overall population composition is unknown. Here, we use a mouse model of disease to evaluate the ON/OFF makeup of theC. difficilepopulation in vivo. Two key results emerged: (i) Directional inversion of theflgswitch to the “ON” orientation occurs during spore germination, and (ii) toxin-induced inflammation enriches for aflg-OFF population during infection. These findings reveal a cycle in which predominantlyflg-OFF spores are disseminated into the environment, and spore germination in the next host resetsC. difficileto a virulent population of motile, toxigenic cells at infection onset."
10.1126/sciadv.aeg5802,True,Science Advances,该论文研究了极端野火蔓延对北美西部和北方森林生态系统的影响，涉及野火蔓延速度、火灾严重程度和火灾后景观恢复能力等指标，这些都与大气环境遥感技术中的空气质量监测、卫星观测和大气成分分析等领域密切相关，因为野火会产生大量的烟雾和污染物，影响大气质量和空气质量。,"['wildfire spread', 'fire severity', 'postfire landscape resilience']",Jonathan D. Coop;Jared A. Balik;Jessika R. McFarland;Sean A. Parks;Kyle C. Rodman;Camille S. Stevens-Rumann;Meg A. Krawchuk;Cameron E. Naficy;Marc-André Parisien;Ellen Whitman,"Faster, bigger, more severe: Extreme wildfire spread sets the stage for forest ecosystem change in western and boreal North America","A relatively small number of rapidly spreading wildfire events burn disproportionately large areas. But beyond area burned, do fast fires produce distinct postfire ecological outcomes? Here, we measure daily linear fire growth rates and assess relationships between fire spread, burn severity, and metrics of postfire landscape resilience from 3499 fires occurring between 2012 and 2023 in conifer-dominated forests of Canada and the western US. We find that as linear spread rate increases, so too does fire severity, proportion of area burned at high severity, and distance to surviving live tree seed sources. Thus, not only do the fastest fires burn outsized areas, but these areas have less remaining tree cover and reduced capacity for recovery, setting the stage for long-term vegetation shifts. Given anticipated increases in extreme fire spread as fire seasons lengthen and weather becomes more fire-conducive, our findings highlight growing needs to effectively reduce undesired impacts, manage postfire landscapes to sustain forest ecosystem functions, and foster social-ecological adaptation."
10.1126/sciadv.aeh0657,False,Science Advances,该论文研究的是线粒体应激如何通过ELT-2依赖的溶酶体蛋白稳态机制延长秀丽隐杆线虫的寿命，与大气环境遥感技术（如空气质量监测、卫星观测、大气成分分析、气溶胶反演）无关。,[],Rendan Yang;Yu Sun;Wenzheng Wang;Yuxuan Lei;Lin Chen;Xiaoxu Li;Raya B. Liu;Ang Zhou;Arwen W. Gao;Liangshan Mu;Johan Auwerx;Terytty Yang Li,Mitochondrial stress activates ELT-2–dependent lysosomal proteostasis to extend lifespan in C. elegans,"Mild mitochondrial stress could extend lifespan across species, yet the underlying mechanism remains unclear. Here, we show that inhibition of mitochondrial respiration induces a sustained transcriptional program that enhances lysosomal proteolysis during aging inCaenorhabditis elegans. Mechanistically, this response is primarily regulated by the intestinal GATA transcription factor ELT-2, which retains high expression and directly binds to GATA motifs in the promoters of lysosomal protease genes to promote their transcriptional activation. Moreover, we identified R249 within the conserved zinc-finger DNA binding domain of ELT-2 as a key residue required for its transcriptional activity. Notably, this mitochondrion–ELT-2–lysosome axis operates largely independently of the mitochondrial unfolded protein response (UPRmt) to counteract aging. Furthermore, increased lysosomal activity, as well as the lysosomal proteases CPR-5 and CPR-8, is essential for mitochondrial stress–induced clearance of toxic polyglutamine (polyQ) aggregates and lifespan extension. Together, our findings reveal a previously unrecognized ELT-2–dependent lysosomal proteostasis pathway that acts downstream of mitochondrial stress to maintain protein homeostasis and promote longevity."
10.1126/sciadv.aeh1116,False,Science Advances,该论文主要研究的是水系锌离子电池的锌粉负极材料及其干法处理技术，与大气环境遥感技术（如空气质量监测、卫星观测、大气成分分析、气溶胶反演等）没有直接关系。,"['aqueous zinc-ion batteries', 'dry-processed zinc powder anode', 'solid-electrolyte interphase']",Han Wu;Yunling Jiang;Shao-Jian Zhang;Yiyang Hu;Junnan Hao;Shi-Zhang Qiao,Fully dry-processed electrodes for highly reversible aqueous zinc powder-based batteries,"Aqueous zinc-ion batteries have advanced rapidly, but practical deployment is limited by excessive negative-to-positive (N/P) ratios (>50), decreasing the energy density. Zinc powder anodes can lower N/P, yet their high specific surface area accelerates parasitic reactions and shortens lifespan. Here we report a high-loading and highly reversible dry-processed zinc powder anode with a non-electrochemically driven solid-electrolyte interphase (SEI). The dry process retains a homogeneous distribution of a sodium phosphate SEI precursor throughout the anodes, triggering spontaneous formation of a zinc phosphate-based SEI upon electrolyte contact that suppresses hydrogen evolution and zinc corrosion. Coupling this anode with dry-processed cathodes (90 mg cm−2; 12.5 mAh cm−2) yields the fully dry-processed aqueous zinc battery. A pouch cell delivers 88.8% capacity retention after 530 cycles at N/P ∼ 3, outperforming prior zinc powder systems despite ∼20-fold higher cathode loadings and providing a scalable path to high-energy-density aqueous zinc batteries for practical grid-scale storage."
10.1126/sciadv.aeh2835,False,Science Advances,该论文研究的是MALT1基因的替代剪接与免疫激活和稳态平衡的关系，属于生物医学领域，与大气环境遥感技术（如空气质量监测、卫星观测、大气成分分析、气溶胶反演等）无关。,[],Thomas J. O’Neill;Carina Graß;Andreas Gewies;Sofia Coelho;Torben Gehring;Thomas Seeholzer;Lesca-Miriam Holdt;Andrew Flatley;Regina Feederle;Jens Staal;Rudi Beyaert;Florian Giesert;Wolfgang Wurst;Necil Kutukculer;Ronald Naumann;Daniel Krappmann,MALT1 alternative splicing—A molecular rheostat for balancing immune activation and homeostasis,"MALT1 (mucosa-associated lymphoid tissue lymphoma/leukemia protein 1)–TRAF6 [tumor necrosis factor receptor (TNFR)-associated factor 6] interaction drives lymphocyte activation and adaptive immunity, but it also contributes to maintaining immune homeostasis. MALT1 exists in two isoforms that differ only by either encoding two (MALT1A) or one (MALT1B) TRAF6 binding motif (T6BM). The human mutation MALT1 E806D in T6BM2, expressed in both MALT1A and MALT1B, has been associated with an immune disorder combining symptoms of immune deficiency and autoimmunity. Here, we report that the orthologous germline mutation MALT1 E814D is sufficient to induce a fatal autoimmune syndrome in mice. We demonstrate that species-specific differences in the effects of T6BM2 disruptions can be attributed to alterations in MALT1 splicing and that immune homeostasis is restored by genetically enforcing expression of MALT1A in MALT1 E814D mice. Thus, alternative MALT1 splicing allows tuning of TRAF6 association, thereby functioning as a molecular rheostat to balance between optimal immune activation and maintenance of peripheral tolerance."
10.1126/sciadv.aeh3040,False,Science Advances,该论文研究的是蛋白质淀粉样蛋白的聚集动力学，与大气环境遥感技术（如空气质量监测、卫星观测、大气成分分析、气溶胶反演）无关。,[],Da Yeon Cheong;Seokbeom Roh;Jung Bae Seong;Sang Won Lee;Dain Kang;Taeha Lee;Jiyeon Cho;Seung Pil Pack;Minho Moon;Wonseok Lee;Kyung Rok Nam;Bo Hyun Kim;Jae Yong Choi;Jinyoung Won;Kyung Seob Lim;Chang-Yeop Jeon;Yangzhi Zhu;Yeongjeon Lee;Gyudo Lee;Insu Park,Long-term amyloid aggregation kinetic assay and rapid amyloid clustering enabled by programmable microdroplet water extraction,"Amyloids are misfolded protein aggregates linked to neurodegenerative diseases. Their aggregation kinetics are influenced by numerous variables and exhibit autocatalytic and stochastic behavior, prompting the use of microdroplet-based assays to enhance statistical robustness. However, uncontrolled water extraction from microdroplets during incubation alters solute concentration, limits accessible temperature and reaction time ranges, and limits experimental versatility. Here, we introduce a microdroplet handling strategy that enables programmable microdroplet water extraction. Suppressing water extraction enables long-term aggregation kinetic measurements for up to 30 days at 60°C, while promoting water extraction induces amyloid clustering within 1 hour. Using this technique, we investigated aggregation kinetics as a function of droplet size, protein concentration, and incubation time and conducted preliminary studies using microdroplet-derived amyloid clusters (MDACs). These advancements expand the experimental flexibility of droplet-based assays and provide a reproducible in vitro platform for amyloid aggregation and clustering, with potential applications in downstream screening and biological studies."
10.1126/sciadv.aeh5593,False,Science Advances,该论文研究的是肿瘤细胞中长链脂肪酸的分子机制，与大气环境遥感技术（如空气质量监测、卫星观测、大气成分分析、气溶胶反演等）无关。,[],Rui Lv;Leiye Yu;Jingyi Liu;Youli Zhou;Ruiping He;Chen Wang;Bing Gan;Rujuan Ti;Haizhan Jiao;Baohui Song;Yiqi Chen;Feifei Lin;Mei Gao;Hongli Hu;Shankai Yin;Pinghong Zhou;Lizhe Zhu;Mingyan Cai;Tian Xie;Jia Liu;Li Chen;Yunshi Zhong;Ruobing Ren,Molecular basis of HACD-TECR complex mediated very-long-chain fatty acid elongation reveal a potential target in colorectal cancer,"Remodeling of fatty acid metabolism is increasingly recognized as a critical feature of tumor progression, yet the contribution of very long-chain fatty acid (VLCFA) remains incompletely understood. The elongation of VLCFAs, which is mediated by four consecutive enzymes in the endoplasmic reticulum (ER), has been implicated in tumor progression. However, the molecular mechanisms underlying VLCFA elongation enzymes and their specific contributions to tumorigenesis remain largely elusive. Here, we demonstrate that trans-2-enoyl-CoA reductase (TECR) is upregulated in colorectal cancer (CRC). Structural and biochemical analyses revealed a conserved catalytic mechanism for TECR-mediated trans-2-enoyl-CoA reduction. Moreover, we show that TECR forms a stable complex with 3-hydroxyacyl-CoA dehydratase (HACD), to cooperatively drive VLCFA elongation. A unique U-shaped loop in HACD is critical for recognizing TECR. Disruption of the HACD–TECR interaction interface significantly suppresses CRC cell growth. Collectively, these findings elucidate the molecular mechanism of HACD–TECR-mediated VLCFA elongation and suggest a potential therapeutic strategy for CRC treatment by modulating VLCFA metabolism."
10.1126/sciadv.aeh8194,False,Science Advances,该论文研究的是有机化学中的不对称 Heck 反应，涉及 palladium 催化和 BINOL 配体，与大气环境遥感技术（如空气质量监测、卫星观测、大气成分分析、气溶胶反演等）没有直接关联。,"['palladium catalysis', 'alkenylation', ' BINOL ligands']",Jun Chen;Hong-Mei Guo;Jasmine X. Yan;Chong Liu;Debabrata Maiti;Haibo Ge,Palladium-catalyzed enantioselective alkenylation of acyclic alkenols: Broad scope with alkenyl bromides,"Palladium-catalyzed enantioselective Heck alkenylation of acyclic alkenols offers a promising strategy for constructing highly valuable stereodefined alkenylated carbonyl compounds from simple precursors. However, precise control of site-selective β-hydride elimination in this transformation remains an unresolved challenge. We have developed a highly enantioselective intermolecular Heck reaction to encompass various alkenyl bromides and acyclic primary or racemic secondary alkenols. The success of this reaction is attributed to the use of chiral BINOL ligands substituted with halogens at the 3,3′-positions, which offer selective β-hydride elimination followed by migration of the catalyst along the alkyl chain to provide the alkenylated carbonyl products. Successive applications enable alkenylation of trisubstituted alkenols and stereodivergent access to four stereoisomers with excellent enantio- and diastereoselectivity. Mechanistic studies indicated that 3,3′-di-Cl-BINOL controlled both pathway and stereochemistry, enabling selective β-hydride elimination, ligand acceleration, and nonlinear amplification."
10.1126/sciadv.aef2986,False,Science Advances,该论文研究的是植物转录因子TOE3在烟草生长和抗病毒免疫中的作用机制，主要涉及植物生物学和分子生物学领域，与大气环境遥感技术（如空气质量监测、卫星观测、大气成分分析、气溶胶反演等）无明显关联。,[],Bolei Jiao;Baijun Wu;Haonan Fang;Jiale Jiang;Zhongyue Mai;Ning Jiang;Honghui Lin;Dehui Xi,A transcription factor TOE3 simultaneously promotes growth and antiviral immunity by disrupting ABA core module in tobacco,"Plant immune activation often reduces growth, which is defined as “growth-defense trade-off” (GDT). Uncoupling GDT is promising for breeding of elite cultivars with strong growth and immunity. We previously identified that AP2 transcription factor TARGET OF EARLY3 (TOE3) promotes both growth and antiviral defense. However, the mechanism underlying this GDT uncoupling remains unknown. Here, we find that the amino-terminal domain of TOE3 (T3N) inhibits abscisic acid (ABA) signaling. Mechanistically, T3N binds to an ABA receptor PYL4 to interfere with PYL4-PP2C4 interaction. The PYL4-PP2C4 module regulates tobacco growth and antiviral immunity. Thus, under normal conditions, T3N enhances tobacco growth via down-regulating ABA response. Upon TMV infection, the phosphorylation of T3N is induced. Phosphorylated T3N exhibits stronger binding affinity to PYL4 to further amplify its disruptive effect on PYL4-PP2C4 module and strongly block ABA response, thereby boosting antiviral immunity. These findings reveal how TOE3 uncouples GDT to provide strategies for breeding crops with strong growth and antiviral immunity."
10.1126/sciadv.aef9926,False,Science Advances,该论文研究的是一种名为aDISCO的组织透明化方法，用于对大型石蜡包埋的人体组织块进行3D显微镜分析，与大气环境遥感技术（如空气质量监测、卫星观测、大气成分分析、气溶胶检索）无关。,"['tissue clearing', '3D microscopy', 'FFPE', 'deep learning', 'human tissue']",Anna Maria Reuss;Dominik Groos;Martina Cerisoli;Lena Nordberg;Lukas Frick;Fabian F. Voigt;Nikita Vladimirov;Philipp Bethge;Regina Reimann;Fritjof Helmchen;Peter Rupprecht;Adriano Aguzzi,aDISCO: A clearing method to enable 3D microscopy of large archival paraffin-embedded human tissue blocks,"Human surgery and autopsy specimens are routinely stored as formalin-fixed paraffin-embedded (FFPE) tissue blocks for decades, creating vast archives of healthy and diseased tissues. While tissue clearing and whole-mount microscopy enable 3D analysis, FFPE human tissue blocks are often unsuitable for clearing and immunolabeling due to their large size and extensive cross-linking. Here, we introduce “archival” DISCO (aDISCO), a clearing method designed to overcome these challenges. aDISCO achieves effective clearing and immunolabeling of large samples stored for 15 years or more. We applied aDISCO to human brain, spinal cord, peripheral nerve, skin, muscle, heart, kidney, liver, spleen, colon, and lung, using a broad range of antibodies. Combining aDISCO with deep learning–based analysis to study focal cortical dysplasia (FCD), we found disrupted cortical layering with both focal and global neuronal density variations, features likely to be overlooked by conventional histology. In summary, aDISCO delivers datasets suitable for deep learning–based processing, enabling the detection of subtle and sparse pathologies in large archival human tissue specimens."
10.1126/sciadv.aeb8377,False,Science Advances,该论文主要研究的是结核分枝杆菌在肺部的转录可视化及其时空环境适应性，与大气环境遥感技术（如空气质量监测、卫星观测、大气成分分析、气溶胶反演）无关。,[],Anna-Lisa E. Lawrence and Shumin Tan,Direct bacterial transcript visualization illuminates spatiotemporal environmental adaptation of Mycobacterium tuberculosis in the lung,"Spatiotemporal environmental variation results in marked heterogeneity in bacterial infection progression and disease outcome, with vital consequences for treatment success. For the globally important pathogenMycobacterium tuberculosis(Mtb), while the pronounced intra-host spatial heterogeneity in lesion immune cell composition and phenotype has been well-described, the highly complex Mtb cell envelope has presented a particular challenge for the required equivalent insight into bacterial heterogeneity. Here, we develop hybridization chain reaction-fluorescence in situ hybridization (HCR-FISH)-based methodology for Mtb mRNA visualization in the context of intact lung and lesion architecture. In combination with an Mtb transcriptional/translational activity reporter, we reveal spatiotemporal differences in gene expression relating to Mtb lipid metabolism, response to key environmental signals, and the ESX-1 type VII secretion system. Our results establish a framework for in situ analysis of Mtb mRNA, opening the path to elucidating critical bacterial drivers that underlie the marked heterogeneity in Mtb-host interactions."
10.1126/sciadv.aeg3567,False,Science Advances,该论文研究的是光合系统I（PSI）在铁胁迫下的结构重塑，涉及的是生物学和生物化学领域，与大气环境遥感技术（如空气质量监测、卫星观测、大气成分分析、气溶胶反演等）没有直接关系。,"['photosystem I', 'cryo-EM', 'atomic force microscopy']",Ranel Maqdisi;Dariusz M. Niedzwiedzki;Christopher Gorski;Sandeep Biswas;Himadri B. Pakrasi;Yuval Mazor,Antenna photosystem I remodeling in the iron stress–induced complex from Anabaena sp. PCC 7120,"The structure and oligomeric states of the photosystem I–iron stress–induced protein A (PSI-IsiA) supercomplex from several species have been investigated using cryo–electron microscopy (cryo-EM) and atomic force microscopy. The cryo-EM structure of the PSI-IsiA complex from cyanobacteriumAnabaena sp. PCC 7120(7120) has been published previously. However, not all IsiA and PSI subunits were identified. In this work, we have structurally and spectroscopically characterized the PSI-IsiA supercomplex from 7120 using single-particle cryo-EM at a resolution of 2.2 angstroms. The data resolved all individual IsiA and PSI subunits, highlighting features that distinguish the 7120 PSI-IsiA from other complexes, including additional IsiA and a unique PsaK subunit specific for PSI-IsiA. Time-resolved fluorescence spectroscopy showed tight energetic coupling of IsiA to PSI, which may play a role in lowering antenna fluorescence yield and increasing the efficiency of energy transfer. This work extends the scope of PSI cellular remodeling in response to different stress conditions."
10.1126/sciadv.aee4522,True,Science Advances,该论文与大气环境遥感技术密切相关，因为它讨论了格陵兰冰盖边缘的彼得曼冰川，涉及了表面温度、表面质量平衡、海底地质和热通量等与大气和海洋相互作用相关的参数，这些参数是大气环境遥感技术的重要研究领域。,"['Petermann Glacier', 'Greenland Ice Sheet', 'surface mass balance', 'basal melting', 'atmospheric parameters']",Dominik Fahrner;William T. Colgan;Joseph A. MacGregor;Peter Washam;Anja Løkkegaard;Shfaqat Abbas Khan,"Petermann Glacier on the brink: Progress, challenges and insights","Petermann Glacier (PG), the largest marine-terminating glacier in northern Greenland based on catchment area and ice discharge, plays a key role in modulating ice export from the Greenland Ice Sheet (GrIS). With an upstream catchment connected to the GrIS interior via a deep subglacial canyon, its future stability has major implications for sea level rise. This review synthesizes recent advances in understanding PG’s dynamics across three critical interfaces. At the surface, reanalysis data and regional climate models diverge from observations in estimates of air temperature and surface mass balance, underscoring the need for improved in situ data and models. At the ocean boundary, enhanced basal melting driven by subglacial runoff and Atlantic water intrusions is identified as dominant driver of recent mass loss of PG, with continued warming posing a serious threat to the stability of the floating tongue. At the bed, geophysical synthesis reveals complex geology, likely spatial variability in geothermal heat flux, and the megacanyon’s influence on seasonal hydrology and velocity fluctuations. An ongoing rifting event, initiated in September 2025, highlights PG’s vulnerability. The anticipated retreat reduces buttressing and brings the terminus closer to the grounding zone, where additional calving could trigger retreat and accelerate ice discharge. As one of Greenland’s largest floating ice tongues, PG may provide important insights into the stability of other marine-terminating glaciers across the GrIS. Improved observations, sustained monitoring of oceanographic and atmospheric parameters, and high-resolution modeling are critical for constraining projections of PG’s future and its role in GrIS stability."
